DATE,XUDLGPD
03 Jan 1995,381
04 Jan 1995,376
05 Jan 1995,375
06 Jan 1995,375
09 Jan 1995,372
10 Jan 1995,374
11 Jan 1995,376
12 Jan 1995,381
13 Jan 1995,379
16 Jan 1995,378
17 Jan 1995,380
18 Jan 1995,383
19 Jan 1995,382
20 Jan 1995,384
23 Jan 1995,382
24 Jan 1995,381
25 Jan 1995,381
26 Jan 1995,381
27 Jan 1995,378
30 Jan 1995,376
31 Jan 1995,375
01 Feb 1995,376
02 Feb 1995,376
03 Feb 1995,376
06 Feb 1995,375
07 Feb 1995,375
08 Feb 1995,375
09 Feb 1995,377
10 Feb 1995,376
13 Feb 1995,375
14 Feb 1995,376
15 Feb 1995,377
16 Feb 1995,377
17 Feb 1995,378
20 Feb 1995,379
21 Feb 1995,379
22 Feb 1995,379
23 Feb 1995,380
24 Feb 1995,378
27 Feb 1995,376
28 Feb 1995,376
01 Mar 1995,376
02 Mar 1995,375
03 Mar 1995,377
06 Mar 1995,379
07 Mar 1995,379
08 Mar 1995,380
09 Mar 1995,381
10 Mar 1995,381
13 Mar 1995,386
14 Mar 1995,385
15 Mar 1995,386
16 Mar 1995,384
17 Mar 1995,383
20 Mar 1995,382
21 Mar 1995,383
22 Mar 1995,382
23 Mar 1995,383
24 Mar 1995,382
27 Mar 1995,382
28 Mar 1995,382
29 Mar 1995,383
30 Mar 1995,383
31 Mar 1995,392
03 Apr 1995,392
04 Apr 1995,392
05 Apr 1995,392
06 Apr 1995,393
07 Apr 1995,393
10 Apr 1995,389
11 Apr 1995,390
12 Apr 1995,390
13 Apr 1995,389
18 Apr 1995,393
19 Apr 1995,396
20 Apr 1995,393
21 Apr 1995,390
24 Apr 1995,391
25 Apr 1995,390
26 Apr 1995,389
27 Apr 1995,386
28 Apr 1995,390
01 May 1995,387
02 May 1995,389
03 May 1995,389
04 May 1995,390
05 May 1995,391
09 May 1995,388
10 May 1995,383
11 May 1995,384
12 May 1995,385
15 May 1995,384
16 May 1995,384
17 May 1995,383
18 May 1995,383
19 May 1995,383
22 May 1995,382
23 May 1995,382
24 May 1995,383
25 May 1995,386
26 May 1995,386
30 May 1995,386
31 May 1995,384
01 Jun 1995,384
02 Jun 1995,384
05 Jun 1995,383
06 Jun 1995,384
07 Jun 1995,386
08 Jun 1995,385
09 Jun 1995,386
12 Jun 1995,388
13 Jun 1995,387
14 Jun 1995,388
15 Jun 1995,389
16 Jun 1995,391
19 Jun 1995,391
20 Jun 1995,391
21 Jun 1995,391
22 Jun 1995,390
23 Jun 1995,389
26 Jun 1995,389
27 Jun 1995,389
28 Jun 1995,388
29 Jun 1995,387
30 Jun 1995,387
03 Jul 1995,385
04 Jul 1995,385
05 Jul 1995,384
06 Jul 1995,384
07 Jul 1995,386
10 Jul 1995,386
11 Jul 1995,385
12 Jul 1995,387
13 Jul 1995,389
14 Jul 1995,388
17 Jul 1995,388
18 Jul 1995,390
19 Jul 1995,390
20 Jul 1995,387
21 Jul 1995,386
24 Jul 1995,387
25 Jul 1995,387
26 Jul 1995,386
27 Jul 1995,386
28 Jul 1995,383
31 Jul 1995,383
01 Aug 1995,383
02 Aug 1995,383
03 Aug 1995,384
04 Aug 1995,384
07 Aug 1995,384
08 Aug 1995,385
09 Aug 1995,384
10 Aug 1995,384
11 Aug 1995,384
14 Aug 1995,384
15 Aug 1995,386
16 Aug 1995,382
17 Aug 1995,384
18 Aug 1995,385
21 Aug 1995,385
22 Aug 1995,384
23 Aug 1995,383
24 Aug 1995,384
25 Aug 1995,383
29 Aug 1995,383
30 Aug 1995,382
31 Aug 1995,382
01 Sep 1995,382
04 Sep 1995,380
05 Sep 1995,379
06 Sep 1995,380
07 Sep 1995,381
08 Sep 1995,382
11 Sep 1995,382
12 Sep 1995,383
13 Sep 1995,385
14 Sep 1995,385.1
15 Sep 1995,385
18 Sep 1995,385.4
19 Sep 1995,384.85
20 Sep 1995,384.5
21 Sep 1995,383.4
22 Sep 1995,383.5
25 Sep 1995,382.75
26 Sep 1995,383.8
27 Sep 1995,383.75
28 Sep 1995,383.5
29 Sep 1995,384
02 Oct 1995,383.25
03 Oct 1995,382.2
04 Oct 1995,382.5
05 Oct 1995,383.25
06 Oct 1995,383.05
09 Oct 1995,384.5
10 Oct 1995,385.1
11 Oct 1995,384.5
12 Oct 1995,384.45
13 Oct 1995,383.8
16 Oct 1995,383.85
17 Oct 1995,383.4
18 Oct 1995,383.65
19 Oct 1995,381.75
20 Oct 1995,381.75
23 Oct 1995,382.55
24 Oct 1995,382.5
25 Oct 1995,382.65
26 Oct 1995,382.9
27 Oct 1995,382.6
30 Oct 1995,382.15
31 Oct 1995,382.65
01 Nov 1995,381.95
02 Nov 1995,382.05
03 Nov 1995,382.55
06 Nov 1995,382.2
07 Nov 1995,384.8
08 Nov 1995,384.8
09 Nov 1995,385
10 Nov 1995,389.4
13 Nov 1995,388.3
14 Nov 1995,385.85
15 Nov 1995,385.3
16 Nov 1995,385.2
17 Nov 1995,386.35
20 Nov 1995,386
21 Nov 1995,386.3
22 Nov 1995,384.35
23 Nov 1995,382.8
24 Nov 1995,383.45
27 Nov 1995,385
28 Nov 1995,388.9
29 Nov 1995,388.5
30 Nov 1995,388
01 Dec 1995,386.2
04 Dec 1995,386
05 Dec 1995,386.55
06 Dec 1995,388.4
07 Dec 1995,387.8
08 Dec 1995,388.8
11 Dec 1995,389.6
12 Dec 1995,388.8
13 Dec 1995,387.6
14 Dec 1995,385.7
15 Dec 1995,386.2
18 Dec 1995,387.2
19 Dec 1995,388.1
20 Dec 1995,387.6
21 Dec 1995,388.05
22 Dec 1995,387.2
27 Dec 1995,387.05
28 Dec 1995,387
29 Dec 1995,386.7
02 Jan 1996,389.15
03 Jan 1996,393.4
04 Jan 1996,394.25
05 Jan 1996,395.9
08 Jan 1996,396.6
09 Jan 1996,394.55
10 Jan 1996,400
11 Jan 1996,399
12 Jan 1996,399.6
15 Jan 1996,395.55
16 Jan 1996,397.6
17 Jan 1996,397.7
18 Jan 1996,397.5
19 Jan 1996,399.1
22 Jan 1996,402.2
23 Jan 1996,403.65
24 Jan 1996,402.5
25 Jan 1996,406.6
26 Jan 1996,406.5
29 Jan 1996,404.5
30 Jan 1996,406.55
31 Jan 1996,405.55
01 Feb 1996,409.1
02 Feb 1996,414.5
05 Feb 1996,414.8
06 Feb 1996,412.3
07 Feb 1996,414.2
08 Feb 1996,407.9
09 Feb 1996,408
12 Feb 1996,404.5
13 Feb 1996,403.2
14 Feb 1996,403.1
15 Feb 1996,404.6
16 Feb 1996,404.85
19 Feb 1996,405.35
20 Feb 1996,402.2
21 Feb 1996,396.8
22 Feb 1996,399.65
23 Feb 1996,398.25
26 Feb 1996,399
27 Feb 1996,399.5
28 Feb 1996,397.55
29 Feb 1996,400.65
01 Mar 1996,398.35
04 Mar 1996,393.7
05 Mar 1996,393.6
06 Mar 1996,393.6
07 Mar 1996,393.9
08 Mar 1996,396.8
11 Mar 1996,395.75
12 Mar 1996,396.25
13 Mar 1996,396.5
14 Mar 1996,395.5
15 Mar 1996,395.7
18 Mar 1996,394
19 Mar 1996,395.1
20 Mar 1996,394.9
21 Mar 1996,396
22 Mar 1996,397.7
25 Mar 1996,397.9
26 Mar 1996,399.9
27 Mar 1996,400.35
28 Mar 1996,398.7
29 Mar 1996,396.35
01 Apr 1996,394.2
02 Apr 1996,394.35
03 Apr 1996,394.65
04 Apr 1996,393.75
09 Apr 1996,396.3
10 Apr 1996,394.55
11 Apr 1996,394.3
12 Apr 1996,394.75
15 Apr 1996,393.2
16 Apr 1996,393.5
17 Apr 1996,391.1
18 Apr 1996,390.5
19 Apr 1996,390.9
22 Apr 1996,391
23 Apr 1996,391.75
24 Apr 1996,390.8
25 Apr 1996,393.3
26 Apr 1996,391.9
29 Apr 1996,390.85
30 Apr 1996,391.3
01 May 1996,392.3
02 May 1996,392.4
03 May 1996,394
07 May 1996,393.7
08 May 1996,394.8
09 May 1996,393
10 May 1996,393.2
13 May 1996,391
14 May 1996,390.7
15 May 1996,392.2
16 May 1996,391.9
17 May 1996,391.95
20 May 1996,390.85
21 May 1996,391
22 May 1996,390.8
23 May 1996,391.4
24 May 1996,390.85
28 May 1996,392
29 May 1996,391
30 May 1996,391.3
31 May 1996,390.55
03 Jun 1996,390.7
04 Jun 1996,389.7
05 Jun 1996,387.65
06 Jun 1996,384.85
07 Jun 1996,386.6
10 Jun 1996,385.65
11 Jun 1996,384.9
12 Jun 1996,384.8
13 Jun 1996,384.7
14 Jun 1996,384.1
17 Jun 1996,385
18 Jun 1996,384.85
19 Jun 1996,386.3
20 Jun 1996,384.4
21 Jun 1996,383.2
24 Jun 1996,384.2
25 Jun 1996,385.1
26 Jun 1996,383.8
27 Jun 1996,382.95
28 Jun 1996,382
01 Jul 1996,381.55
02 Jul 1996,382
03 Jul 1996,381.95
04 Jul 1996,381
05 Jul 1996,381.5
08 Jul 1996,381.9
09 Jul 1996,382.9
10 Jul 1996,383
11 Jul 1996,382.7
12 Jul 1996,383.6
15 Jul 1996,382.75
16 Jul 1996,384.25
17 Jul 1996,383.4
18 Jul 1996,384
19 Jul 1996,384.5
22 Jul 1996,384.85
23 Jul 1996,385.1
24 Jul 1996,384.4
25 Jul 1996,384.8
26 Jul 1996,385.2
29 Jul 1996,384.5
30 Jul 1996,384.8
31 Jul 1996,385.3
01 Aug 1996,386.25
02 Aug 1996,386.35
05 Aug 1996,389.75
06 Aug 1996,388.5
07 Aug 1996,388
08 Aug 1996,387.6
09 Aug 1996,388
12 Aug 1996,387.15
13 Aug 1996,387.6
14 Aug 1996,386.7
15 Aug 1996,386.2
16 Aug 1996,386.2
19 Aug 1996,386.4
20 Aug 1996,387.1
21 Aug 1996,386.8
22 Aug 1996,387
23 Aug 1996,387.5
27 Aug 1996,388.8
28 Aug 1996,388.5
29 Aug 1996,388
30 Aug 1996,386
02 Sep 1996,387
03 Sep 1996,386.6
04 Sep 1996,385.6
05 Sep 1996,386
06 Sep 1996,385.4
09 Sep 1996,384.6
10 Sep 1996,383.1
11 Sep 1996,383.5
12 Sep 1996,382.1
13 Sep 1996,382.8
16 Sep 1996,382.8
17 Sep 1996,383.45
18 Sep 1996,383
19 Sep 1996,382.75
20 Sep 1996,381.75
23 Sep 1996,381
24 Sep 1996,382.3
25 Sep 1996,382.4
26 Sep 1996,380.45
27 Sep 1996,380.7
30 Sep 1996,379
01 Oct 1996,378.65
02 Oct 1996,380.3
03 Oct 1996,378.85
04 Oct 1996,380.7
07 Oct 1996,380.1
08 Oct 1996,380.85
09 Oct 1996,381.35
10 Oct 1996,381.75
11 Oct 1996,380.75
14 Oct 1996,380.9
15 Oct 1996,381
16 Oct 1996,381.5
17 Oct 1996,380.6
18 Oct 1996,380
21 Oct 1996,381
22 Oct 1996,383.35
23 Oct 1996,383.5
24 Oct 1996,383
25 Oct 1996,382.55
28 Oct 1996,382.9
29 Oct 1996,381.7
30 Oct 1996,379.7
31 Oct 1996,379.5
01 Nov 1996,377.6
04 Nov 1996,378.7
05 Nov 1996,379.3
06 Nov 1996,378
07 Nov 1996,378.6
08 Nov 1996,378.15
11 Nov 1996,380.5
12 Nov 1996,381.9
13 Nov 1996,383.6
14 Nov 1996,383
15 Nov 1996,379.85
18 Nov 1996,379.1
19 Nov 1996,378.2
20 Nov 1996,379.1
21 Nov 1996,377
22 Nov 1996,377
25 Nov 1996,375.4
26 Nov 1996,373.5
27 Nov 1996,373
28 Nov 1996,372.65
29 Nov 1996,371.3
02 Dec 1996,370.75
03 Dec 1996,367.4
04 Dec 1996,370.9
05 Dec 1996,369
06 Dec 1996,370.25
09 Dec 1996,369
10 Dec 1996,368.25
11 Dec 1996,368.25
12 Dec 1996,368.6
13 Dec 1996,369
16 Dec 1996,368.25
17 Dec 1996,368.2
18 Dec 1996,368.7
19 Dec 1996,369
20 Dec 1996,369
23 Dec 1996,368.75
24 Dec 1996,368.9
27 Dec 1996,369.4
30 Dec 1996,369.25
31 Dec 1996,370
02 Jan 1997,366.55
03 Jan 1997,364
06 Jan 1997,358.5
07 Jan 1997,359
08 Jan 1997,356.6
09 Jan 1997,356.5
10 Jan 1997,358.25
13 Jan 1997,359.6
14 Jan 1997,357.4
15 Jan 1997,357.4
16 Jan 1997,353.05
17 Jan 1997,355.75
20 Jan 1997,353.1
21 Jan 1997,354.7
22 Jan 1997,351.2
23 Jan 1997,348
24 Jan 1997,352.5
27 Jan 1997,353.6
28 Jan 1997,353.7
29 Jan 1997,351.1
30 Jan 1997,349.25
31 Jan 1997,345.5
03 Feb 1997,344.3
04 Feb 1997,345.7
05 Feb 1997,343.4
06 Feb 1997,342.8
07 Feb 1997,339.75
10 Feb 1997,340.4
11 Feb 1997,339.4
12 Feb 1997,337.7
13 Feb 1997,342.65
14 Feb 1997,342.4
17 Feb 1997,344.1
18 Feb 1997,345
19 Feb 1997,346.25
20 Feb 1997,345
21 Feb 1997,353.3
24 Feb 1997,353.05
25 Feb 1997,353.1
26 Feb 1997,354.75
27 Feb 1997,360
28 Feb 1997,358.6
03 Mar 1997,362.15
04 Mar 1997,359.4
05 Mar 1997,354.5
06 Mar 1997,353.1
07 Mar 1997,350.3
10 Mar 1997,350.25
11 Mar 1997,352.6
12 Mar 1997,351.4
13 Mar 1997,352.9
14 Mar 1997,352.8
17 Mar 1997,351.4
18 Mar 1997,346.3
19 Mar 1997,349.1
20 Mar 1997,352
21 Mar 1997,352.8
24 Mar 1997,350.2
25 Mar 1997,349.6
26 Mar 1997,346.05
27 Mar 1997,348.15
01 Apr 1997,350
02 Apr 1997,351.05
03 Apr 1997,348.75
04 Apr 1997,347.4
07 Apr 1997,349
08 Apr 1997,349.1
09 Apr 1997,347.8
10 Apr 1997,347.6
11 Apr 1997,347.95
14 Apr 1997,346.75
15 Apr 1997,343
16 Apr 1997,339.9
17 Apr 1997,340.4
18 Apr 1997,342.1
21 Apr 1997,342.25
22 Apr 1997,341.6
23 Apr 1997,341
24 Apr 1997,340.9
25 Apr 1997,342.25
28 Apr 1997,340
29 Apr 1997,339.25
30 Apr 1997,340
01 May 1997,339.25
02 May 1997,339.65
06 May 1997,342.45
07 May 1997,341.1
08 May 1997,343.75
09 May 1997,345.85
12 May 1997,348.2
13 May 1997,348.9
14 May 1997,349.1
15 May 1997,346.4
16 May 1997,344.5
19 May 1997,340.7
20 May 1997,343
21 May 1997,342.7
22 May 1997,342.75
23 May 1997,342.55
27 May 1997,343.65
28 May 1997,342.8
29 May 1997,343.9
30 May 1997,345.6
02 Jun 1997,343.9
03 Jun 1997,343.8
04 Jun 1997,341.75
05 Jun 1997,340.8
06 Jun 1997,344
09 Jun 1997,344.25
10 Jun 1997,343.75
11 Jun 1997,343.8
12 Jun 1997,342.2
13 Jun 1997,341.4
16 Jun 1997,341.5
17 Jun 1997,342.15
18 Jun 1997,341.6
19 Jun 1997,340.2
20 Jun 1997,338.2
23 Jun 1997,338
24 Jun 1997,338.35
25 Jun 1997,338.45
26 Jun 1997,336.95
27 Jun 1997,336.55
30 Jun 1997,334.55
01 Jul 1997,333.7
02 Jul 1997,332.15
03 Jul 1997,332.55
04 Jul 1997,324.45
07 Jul 1997,318
08 Jul 1997,320.8
09 Jul 1997,317.3
10 Jul 1997,319.8
11 Jul 1997,319.52
14 Jul 1997,321.7
15 Jul 1997,319.75
16 Jul 1997,319.5
17 Jul 1997,319.4
18 Jul 1997,324.2
21 Jul 1997,326.2
22 Jul 1997,328.25
23 Jul 1997,324.9
24 Jul 1997,321.95
25 Jul 1997,324.1
28 Jul 1997,325.75
29 Jul 1997,326.55
30 Jul 1997,327.55
31 Jul 1997,326.35
01 Aug 1997,324.1
04 Aug 1997,323.55
05 Aug 1997,321.1
06 Aug 1997,319.35
07 Aug 1997,321
08 Aug 1997,323.7
11 Aug 1997,327.7
12 Aug 1997,326.15
13 Aug 1997,326.2
14 Aug 1997,326.15
15 Aug 1997,324.65
18 Aug 1997,322.6
19 Aug 1997,323.45
20 Aug 1997,322.05
21 Aug 1997,323
22 Aug 1997,324
26 Aug 1997,325.5
27 Aug 1997,324.75
28 Aug 1997,325.85
29 Aug 1997,325.35
01 Sep 1997,324.5
02 Sep 1997,322.4
03 Sep 1997,327.7
04 Sep 1997,322
05 Sep 1997,321
08 Sep 1997,322
09 Sep 1997,322
10 Sep 1997,321
11 Sep 1997,322
12 Sep 1997,323
15 Sep 1997,322
16 Sep 1997,321
17 Sep 1997,320
18 Sep 1997,321
19 Sep 1997,322
22 Sep 1997,321
23 Sep 1997,323
24 Sep 1997,325
25 Sep 1997,327
26 Sep 1997,327
29 Sep 1997,327
30 Sep 1997,322
01 Oct 1997,337
02 Oct 1997,333
03 Oct 1997,332
06 Oct 1997,333
07 Oct 1997,331.95
08 Oct 1997,333
09 Oct 1997,333
10 Oct 1997,329
13 Oct 1997,328
14 Oct 1997,328
15 Oct 1997,327
16 Oct 1997,327
17 Oct 1997,324
20 Oct 1997,324
21 Oct 1997,323
22 Oct 1997,323
23 Oct 1997,324
24 Oct 1997,317
27 Oct 1997,312
28 Oct 1997,312
29 Oct 1997,314
30 Oct 1997,317
31 Oct 1997,311
03 Nov 1997,314
04 Nov 1997,315
05 Nov 1997,314
06 Nov 1997,312.05
07 Nov 1997,309
10 Nov 1997,311
11 Nov 1997,313
12 Nov 1997,308.15
13 Nov 1997,308
14 Nov 1997,302
17 Nov 1997,304
18 Nov 1997,304
19 Nov 1997,306
20 Nov 1997,303
21 Nov 1997,304
24 Nov 1997,305
25 Nov 1997,301
26 Nov 1997,297
27 Nov 1997,296
28 Nov 1997,297
01 Dec 1997,294
02 Dec 1997,295
03 Dec 1997,293
04 Dec 1997,289
05 Dec 1997,287.4
08 Dec 1997,287.5
09 Dec 1997,283.25
10 Dec 1997,286.3
11 Dec 1997,284.8
12 Dec 1997,283
15 Dec 1997,283.6
16 Dec 1997,285.5
17 Dec 1997,287.85
18 Dec 1997,290
19 Dec 1997,288.9
22 Dec 1997,290.45
23 Dec 1997,292.5
24 Dec 1997,296.1
29 Dec 1997,293.05
30 Dec 1997,290.2
31 Dec 1997,289.2
02 Jan 1998,288
05 Jan 1998,284.4
06 Jan 1998,282.8
07 Jan 1998,281.6
08 Jan 1998,281.65
09 Jan 1998,278.7
12 Jan 1998,278.9
13 Jan 1998,279.5
14 Jan 1998,282.5
15 Jan 1998,282.5
16 Jan 1998,290
19 Jan 1998,287.25
20 Jan 1998,288.4
21 Jan 1998,291
22 Jan 1998,293.8
23 Jan 1998,291
26 Jan 1998,302.75
27 Jan 1998,298.9
28 Jan 1998,300
29 Jan 1998,302.59
30 Jan 1998,304.85
02 Feb 1998,301.5
03 Feb 1998,298.35
04 Feb 1998,298.15
05 Feb 1998,298.5
06 Feb 1998,299.1
09 Feb 1998,300.6
10 Feb 1998,299.5
11 Feb 1998,299.5
12 Feb 1998,299.45
13 Feb 1998,299.15
16 Feb 1998,298.2
17 Feb 1998,299.3
18 Feb 1998,298.15
19 Feb 1998,298
20 Feb 1998,296.7
23 Feb 1998,292.7
24 Feb 1998,291.4
25 Feb 1998,292.25
26 Feb 1998,293
27 Feb 1998,297.4
02 Mar 1998,298.35
03 Mar 1998,297
04 Mar 1998,297
05 Mar 1998,293.7
06 Mar 1998,294.9
09 Mar 1998,293.85
10 Mar 1998,294.4
11 Mar 1998,294.1
12 Mar 1998,293.85
13 Mar 1998,294.55
16 Mar 1998,294.2
17 Mar 1998,293.8
18 Mar 1998,290.4
19 Mar 1998,291.5
20 Mar 1998,292.4
23 Mar 1998,293
24 Mar 1998,300.3
25 Mar 1998,299.25
26 Mar 1998,299.6
27 Mar 1998,301.95
30 Mar 1998,301.85
31 Mar 1998,301
01 Apr 1998,301
02 Apr 1998,300.3
03 Apr 1998,306
06 Apr 1998,310.6
07 Apr 1998,309.2
08 Apr 1998,308.8
09 Apr 1998,307.65
14 Apr 1998,309.5
15 Apr 1998,307.2
16 Apr 1998,306.3
17 Apr 1998,306.3
20 Apr 1998,307.45
21 Apr 1998,307.5
22 Apr 1998,312.8
23 Apr 1998,312.75
24 Apr 1998,313.15
27 Apr 1998,309.65
28 Apr 1998,308.45
29 Apr 1998,308.25
30 Apr 1998,310.7
01 May 1998,306.9
05 May 1998,303.8
06 May 1998,301
07 May 1998,298.1
08 May 1998,300.4
11 May 1998,298.9
12 May 1998,299.35
13 May 1998,299.1
14 May 1998,296.15
15 May 1998,300.9
18 May 1998,300.3
19 May 1998,299.7
20 May 1998,299.6
21 May 1998,300.6
22 May 1998,299.8
26 May 1998,297.95
27 May 1998,292.75
28 May 1998,294
29 May 1998,293.6
01 Jun 1998,288.75
02 Jun 1998,291.45
03 Jun 1998,292.4
04 Jun 1998,292.8
05 Jun 1998,290.7
08 Jun 1998,291.7
09 Jun 1998,297.6
10 Jun 1998,293
11 Jun 1998,290.3
12 Jun 1998,288.15
15 Jun 1998,285.85
16 Jun 1998,287
17 Jun 1998,290.9
18 Jun 1998,292.45
19 Jun 1998,297.75
22 Jun 1998,295.15
23 Jun 1998,294.45
24 Jun 1998,293.85
25 Jun 1998,293.15
26 Jun 1998,293.65
29 Jun 1998,293.65
30 Jun 1998,296.3
01 Jul 1998,296.8
02 Jul 1998,294.05
03 Jul 1998,294.6
06 Jul 1998,293.25
07 Jul 1998,293.75
08 Jul 1998,292
09 Jul 1998,291.8
10 Jul 1998,290.6
13 Jul 1998,291.5
14 Jul 1998,293.35
15 Jul 1998,293.15
16 Jul 1998,294.95
17 Jul 1998,293.8
20 Jul 1998,294.85
21 Jul 1998,294.9
22 Jul 1998,293.95
23 Jul 1998,293.3
24 Jul 1998,294.6
27 Jul 1998,290.65
28 Jul 1998,290.6
29 Jul 1998,290.75
30 Jul 1998,290
31 Jul 1998,288.85
03 Aug 1998,286.15
04 Aug 1998,286.1
05 Aug 1998,287.9
06 Aug 1998,287.8
07 Aug 1998,285.7
10 Aug 1998,285.6
11 Aug 1998,284.8
12 Aug 1998,285.05
13 Aug 1998,283.4
14 Aug 1998,284.4
17 Aug 1998,284.15
18 Aug 1998,284.25
19 Aug 1998,285.5
20 Aug 1998,285.3
21 Aug 1998,283.5
24 Aug 1998,284.5
25 Aug 1998,283.05
26 Aug 1998,283.15
27 Aug 1998,278.5
28 Aug 1998,273.4
01 Sep 1998,279
02 Sep 1998,280.15
03 Sep 1998,279.15
04 Sep 1998,285
07 Sep 1998,288.25
08 Sep 1998,285.4
09 Sep 1998,283.45
10 Sep 1998,290.5
11 Sep 1998,293.35
14 Sep 1998,290.2
15 Sep 1998,290.65
16 Sep 1998,288.25
17 Sep 1998,290.5
18 Sep 1998,290.1
21 Sep 1998,292.95
22 Sep 1998,288.9
23 Sep 1998,288.9
24 Sep 1998,292.7
25 Sep 1998,298.1
28 Sep 1998,292.25
29 Sep 1998,296
30 Sep 1998,293.85
01 Oct 1998,297.6
02 Oct 1998,300.8
05 Oct 1998,298.75
06 Oct 1998,294.65
07 Oct 1998,298
08 Oct 1998,300.25
09 Oct 1998,298.7
12 Oct 1998,296.45
13 Oct 1998,296.45
14 Oct 1998,295.3
15 Oct 1998,298.15
16 Oct 1998,297.95
19 Oct 1998,298.55
20 Oct 1998,295.4
21 Oct 1998,295.25
22 Oct 1998,292.9
23 Oct 1998,292.25
26 Oct 1998,291.45
27 Oct 1998,293
28 Oct 1998,293.15
29 Oct 1998,294
30 Oct 1998,292.3
02 Nov 1998,292.7
03 Nov 1998,288.3
04 Nov 1998,289.4
05 Nov 1998,290.6
06 Nov 1998,290.6
09 Nov 1998,292.05
10 Nov 1998,292.25
11 Nov 1998,293.5
12 Nov 1998,294.45
13 Nov 1998,297.1
16 Nov 1998,294.85
17 Nov 1998,293.8
18 Nov 1998,296.5
19 Nov 1998,297.85
20 Nov 1998,296.05
23 Nov 1998,295.5
24 Nov 1998,296.45
25 Nov 1998,296.3
26 Nov 1998,296.4
27 Nov 1998,296.15
30 Nov 1998,294.7
01 Dec 1998,293.3
02 Dec 1998,294.15
03 Dec 1998,292.85
04 Dec 1998,292.3
07 Dec 1998,295.55
08 Dec 1998,294.4
09 Dec 1998,294.2
10 Dec 1998,293.95
11 Dec 1998,290.8
14 Dec 1998,291.4
15 Dec 1998,292.55
16 Dec 1998,294.1
17 Dec 1998,293.3
18 Dec 1998,291.6
21 Dec 1998,289.65
22 Dec 1998,287.25
23 Dec 1998,285.8
24 Dec 1998,286.65
29 Dec 1998,286.65
30 Dec 1998,287.8
31 Dec 1998,287.45
04 Jan 1999,287.15
05 Jan 1999,286.4
06 Jan 1999,287.65
07 Jan 1999,289.95
08 Jan 1999,290.9
11 Jan 1999,291.15
12 Jan 1999,289.8
13 Jan 1999,285.45
14 Jan 1999,285.65
15 Jan 1999,285.95
18 Jan 1999,286.75
19 Jan 1999,286.5
20 Jan 1999,286
21 Jan 1999,287.75
22 Jan 1999,287
25 Jan 1999,287.7
26 Jan 1999,287.1
27 Jan 1999,283.8
28 Jan 1999,283.55
29 Jan 1999,285.4
01 Feb 1999,286.9
02 Feb 1999,288.55
03 Feb 1999,286.85
04 Feb 1999,287.25
05 Feb 1999,289.4
08 Feb 1999,288.85
09 Feb 1999,287
10 Feb 1999,288.2
11 Feb 1999,287.3
12 Feb 1999,289.15
15 Feb 1999,289.2
16 Feb 1999,285.3
17 Feb 1999,285.75
18 Feb 1999,285.7
19 Feb 1999,286.35
22 Feb 1999,287.2
23 Feb 1999,286.7
24 Feb 1999,287.4
25 Feb 1999,286.45
26 Feb 1999,287.05
01 Mar 1999,286.7
02 Mar 1999,288.25
03 Mar 1999,286.65
04 Mar 1999,287.7
05 Mar 1999,287.9
08 Mar 1999,289.5
09 Mar 1999,292.95
10 Mar 1999,291.8
11 Mar 1999,294
12 Mar 1999,292.5
15 Mar 1999,289.7
16 Mar 1999,283
17 Mar 1999,284.7
18 Mar 1999,283.7
19 Mar 1999,283.7
22 Mar 1999,284.3
23 Mar 1999,284.1
24 Mar 1999,284.25
25 Mar 1999,283.75
26 Mar 1999,279.8
29 Mar 1999,280.15
30 Mar 1999,279.6
31 Mar 1999,279.45
01 Apr 1999,280.55
06 Apr 1999,278.5
07 Apr 1999,280.15
08 Apr 1999,281
09 Apr 1999,280.6
12 Apr 1999,283.2
13 Apr 1999,283.45
14 Apr 1999,283.4
15 Apr 1999,283.65
16 Apr 1999,284.2
19 Apr 1999,284.2
20 Apr 1999,284.35
21 Apr 1999,283.25
22 Apr 1999,283.4
23 Apr 1999,283.3
26 Apr 1999,281.5
27 Apr 1999,281.05
28 Apr 1999,283
29 Apr 1999,283
30 Apr 1999,286.6
04 May 1999,285.3
05 May 1999,286
06 May 1999,287.95
07 May 1999,282.4
10 May 1999,278
11 May 1999,279.45
12 May 1999,277.55
13 May 1999,277.85
14 May 1999,276
17 May 1999,276.1
18 May 1999,275.05
19 May 1999,272.5
20 May 1999,274
21 May 1999,273.3
24 May 1999,272.2
25 May 1999,271.7
26 May 1999,269.5
27 May 1999,268.95
28 May 1999,268.6
01 Jun 1999,266.85
02 Jun 1999,267.15
03 Jun 1999,264.75
04 Jun 1999,265.3
07 Jun 1999,265.6
08 Jun 1999,262.35
09 Jun 1999,261.3
10 Jun 1999,255.6
11 Jun 1999,259.7
14 Jun 1999,260.35
15 Jun 1999,260
16 Jun 1999,258.7
17 Jun 1999,258.15
18 Jun 1999,258.95
21 Jun 1999,259.3
22 Jun 1999,258.55
23 Jun 1999,259.15
24 Jun 1999,260.15
25 Jun 1999,260.7
28 Jun 1999,260.3
29 Jun 1999,262
30 Jun 1999,261
01 Jul 1999,262.6
02 Jul 1999,263.1
05 Jul 1999,261.8
06 Jul 1999,257.6
07 Jul 1999,257.1
08 Jul 1999,257.2
09 Jul 1999,257.3
12 Jul 1999,256
13 Jul 1999,254.65
14 Jul 1999,255.25
15 Jul 1999,253.3
16 Jul 1999,255.65
19 Jul 1999,253.95
20 Jul 1999,252.8
21 Jul 1999,254.5
22 Jul 1999,253.95
23 Jul 1999,255.3
26 Jul 1999,253.5
27 Jul 1999,254.6
28 Jul 1999,254.1
29 Jul 1999,253.9
30 Jul 1999,255.6
02 Aug 1999,255.35
03 Aug 1999,256
04 Aug 1999,255.85
05 Aug 1999,256
06 Aug 1999,255.75
09 Aug 1999,256.5
10 Aug 1999,256.5
11 Aug 1999,257.75
12 Aug 1999,260.3
13 Aug 1999,260.45
16 Aug 1999,259
17 Aug 1999,259.65
18 Aug 1999,261.3
19 Aug 1999,258
20 Aug 1999,258.25
23 Aug 1999,255.9
24 Aug 1999,253.4
25 Aug 1999,252.85
26 Aug 1999,253.15
27 Aug 1999,253.8
31 Aug 1999,254.8
01 Sep 1999,254.7
02 Sep 1999,254.2
03 Sep 1999,254.4
06 Sep 1999,254.6
07 Sep 1999,255.6
08 Sep 1999,256.15
09 Sep 1999,256.9
10 Sep 1999,256
13 Sep 1999,256.3
14 Sep 1999,256.75
15 Sep 1999,257.15
16 Sep 1999,255.9
17 Sep 1999,255.1
20 Sep 1999,255.4
21 Sep 1999,258.85
22 Sep 1999,263.4
23 Sep 1999,264.35
24 Sep 1999,270
27 Sep 1999,281.1
28 Sep 1999,301.5
29 Sep 1999,307
30 Sep 1999,299
01 Oct 1999,307.5
04 Oct 1999,312.75
05 Oct 1999,325.5
06 Oct 1999,318.25
07 Oct 1999,323.5
08 Oct 1999,323.25
11 Oct 1999,317.75
12 Oct 1999,320.25
13 Oct 1999,321.75
14 Oct 1999,321
15 Oct 1999,315.75
18 Oct 1999,311.75
19 Oct 1999,309.5
20 Oct 1999,307
21 Oct 1999,302.85
22 Oct 1999,302.4
25 Oct 1999,302
26 Oct 1999,296.4
27 Oct 1999,290.6
28 Oct 1999,296.25
29 Oct 1999,299.1
01 Nov 1999,291.35
02 Nov 1999,290.75
03 Nov 1999,291
04 Nov 1999,290.6
05 Nov 1999,289.7
08 Nov 1999,288.25
09 Nov 1999,290.75
10 Nov 1999,295.75
11 Nov 1999,296
12 Nov 1999,291.25
15 Nov 1999,290.9
16 Nov 1999,294.25
17 Nov 1999,293.65
18 Nov 1999,293.6
19 Nov 1999,293.75
22 Nov 1999,294.9
23 Nov 1999,297.25
24 Nov 1999,297.5
25 Nov 1999,298.4
26 Nov 1999,296.85
29 Nov 1999,292.25
30 Nov 1999,291.35
01 Dec 1999,289.15
02 Dec 1999,286
03 Dec 1999,282.75
06 Dec 1999,276.1
07 Dec 1999,279.25
08 Dec 1999,280.95
09 Dec 1999,279
10 Dec 1999,280.65
13 Dec 1999,279.5
14 Dec 1999,279.25
15 Dec 1999,280.05
16 Dec 1999,280.3
17 Dec 1999,284.15
20 Dec 1999,284.25
21 Dec 1999,282.75
22 Dec 1999,285.75
23 Dec 1999,287.3
24 Dec 1999,287.8
29 Dec 1999,290.9
30 Dec 1999,290.25
04 Jan 2000,281.5
05 Jan 2000,280.45
06 Jan 2000,279.4
07 Jan 2000,282.1
10 Jan 2000,281.6
11 Jan 2000,282.25
12 Jan 2000,282.25
13 Jan 2000,282.1
14 Jan 2000,283.3
17 Jan 2000,285.35
18 Jan 2000,285.8
19 Jan 2000,287.65
20 Jan 2000,288.1
21 Jan 2000,287.75
24 Jan 2000,287.2
25 Jan 2000,288
26 Jan 2000,285.9
27 Jan 2000,285.55
28 Jan 2000,286.75
31 Jan 2000,283.3
01 Feb 2000,283
02 Feb 2000,285.6
03 Feb 2000,285.05
04 Feb 2000,293.65
07 Feb 2000,312.7
08 Feb 2000,296.25
09 Feb 2000,308.6
10 Feb 2000,309
11 Feb 2000,311.5
14 Feb 2000,308.35
15 Feb 2000,304.25
16 Feb 2000,302.5
17 Feb 2000,304.75
18 Feb 2000,303.55
21 Feb 2000,305.25
22 Feb 2000,302.25
23 Feb 2000,302
24 Feb 2000,298.75
25 Feb 2000,294
28 Feb 2000,292.5
29 Feb 2000,293.65
01 Mar 2000,292.9
02 Mar 2000,289.9
03 Mar 2000,288.5
06 Mar 2000,288.8
07 Mar 2000,289.75
08 Mar 2000,291.2
09 Mar 2000,290.5
10 Mar 2000,290.25
13 Mar 2000,290.65
14 Mar 2000,288.75
15 Mar 2000,289.15
16 Mar 2000,287.35
17 Mar 2000,283.9
20 Mar 2000,285.75
21 Mar 2000,285.15
22 Mar 2000,287.8
23 Mar 2000,284.75
24 Mar 2000,284.85
27 Mar 2000,284.15
28 Mar 2000,280.65
29 Mar 2000,279.75
30 Mar 2000,275.75
31 Mar 2000,276.75
03 Apr 2000,277.5
04 Apr 2000,276.85
05 Apr 2000,281.3
06 Apr 2000,279.35
07 Apr 2000,280.15
10 Apr 2000,282.25
11 Apr 2000,282.5
12 Apr 2000,280.4
13 Apr 2000,281.4
14 Apr 2000,282
17 Apr 2000,281.75
18 Apr 2000,281.1
19 Apr 2000,281.35
20 Apr 2000,279.85
25 Apr 2000,279.5
26 Apr 2000,276.2
27 Apr 2000,276
28 Apr 2000,275.05
02 May 2000,275.45
03 May 2000,275.6
04 May 2000,280
05 May 2000,280.75
08 May 2000,277.9
09 May 2000,276.3
10 May 2000,277.6
11 May 2000,276.75
12 May 2000,276.65
15 May 2000,275.05
16 May 2000,276
17 May 2000,273.1
18 May 2000,272.8
19 May 2000,273.15
22 May 2000,274
23 May 2000,274.05
24 May 2000,273.7
25 May 2000,273.35
26 May 2000,271.3
30 May 2000,273.15
31 May 2000,272.25
01 Jun 2000,272.8
02 Jun 2000,281.6
05 Jun 2000,283.25
06 Jun 2000,288.4
07 Jun 2000,284.1
08 Jun 2000,285.75
09 Jun 2000,284.4
12 Jun 2000,284.6
13 Jun 2000,291.5
14 Jun 2000,287.15
15 Jun 2000,287.4
16 Jun 2000,290.1
19 Jun 2000,285.9
20 Jun 2000,286.2
21 Jun 2000,286.05
22 Jun 2000,287.65
23 Jun 2000,285.8
26 Jun 2000,284.05
27 Jun 2000,283.8
28 Jun 2000,288
29 Jun 2000,289.75
30 Jun 2000,288.15
03 Jul 2000,287.65
04 Jul 2000,286.5
05 Jul 2000,286.85
06 Jul 2000,284.9
07 Jul 2000,282.85
10 Jul 2000,284.1
11 Jul 2000,282.85
12 Jul 2000,279.95
13 Jul 2000,280.8
14 Jul 2000,280.25
17 Jul 2000,282.45
18 Jul 2000,282.75
19 Jul 2000,279.2
20 Jul 2000,279.35
21 Jul 2000,279.3
24 Jul 2000,279.75
25 Jul 2000,279.7
26 Jul 2000,279.4
27 Jul 2000,279.85
28 Jul 2000,278.1
31 Jul 2000,276.75
01 Aug 2000,277.6
02 Aug 2000,277.6
03 Aug 2000,275.5
04 Aug 2000,273.95
07 Aug 2000,273.2
08 Aug 2000,273.1
09 Aug 2000,272
10 Aug 2000,272.2
11 Aug 2000,272.7
14 Aug 2000,275.45
15 Aug 2000,274.5
16 Aug 2000,276.35
17 Aug 2000,277.2
18 Aug 2000,275.6
21 Aug 2000,274.6
22 Aug 2000,273.4
23 Aug 2000,273.15
24 Aug 2000,272.6
25 Aug 2000,273.65
29 Aug 2000,274
30 Aug 2000,273.3
31 Aug 2000,277
01 Sep 2000,277
04 Sep 2000,276.65
05 Sep 2000,275
06 Sep 2000,274.15
07 Sep 2000,272.7
08 Sep 2000,272.75
11 Sep 2000,272.55
12 Sep 2000,274.65
13 Sep 2000,272.5
14 Sep 2000,273.1
15 Sep 2000,272.6
18 Sep 2000,273
19 Sep 2000,271.85
20 Sep 2000,271.4
21 Sep 2000,269.5
22 Sep 2000,273.95
25 Sep 2000,272.85
26 Sep 2000,274.85
27 Sep 2000,276.15
28 Sep 2000,276.4
29 Sep 2000,273.65
02 Oct 2000,273.1
03 Oct 2000,272.1
04 Oct 2000,271.35
05 Oct 2000,270.4
06 Oct 2000,270
09 Oct 2000,270
10 Oct 2000,270.5
11 Oct 2000,272.75
12 Oct 2000,274
13 Oct 2000,273.25
16 Oct 2000,271.6
17 Oct 2000,270.25
18 Oct 2000,272
19 Oct 2000,270.3
20 Oct 2000,270.45
23 Oct 2000,271.45
24 Oct 2000,270.2
25 Oct 2000,266.8
26 Oct 2000,266.4
27 Oct 2000,263.8
30 Oct 2000,264.75
31 Oct 2000,264.5
01 Nov 2000,265.5
02 Nov 2000,264.85
03 Nov 2000,264.65
06 Nov 2000,265.7
07 Nov 2000,265.5
08 Nov 2000,264.1
09 Nov 2000,264.65
10 Nov 2000,264.85
13 Nov 2000,264.85
14 Nov 2000,264.95
15 Nov 2000,264.6
16 Nov 2000,266.7
17 Nov 2000,265.25
20 Nov 2000,266.15
21 Nov 2000,266.15
22 Nov 2000,266.15
23 Nov 2000,265.7
24 Nov 2000,265.55
27 Nov 2000,268.15
28 Nov 2000,269.95
29 Nov 2000,269.1
30 Nov 2000,269.1
01 Dec 2000,269.2
04 Dec 2000,270.7
05 Dec 2000,270.8
06 Dec 2000,271.6
07 Dec 2000,273.9
08 Dec 2000,272.95
11 Dec 2000,270.7
12 Dec 2000,270.75
13 Dec 2000,269.6
14 Dec 2000,269.3
15 Dec 2000,270.35
18 Dec 2000,270.2
19 Dec 2000,269.55
20 Dec 2000,272.45
21 Dec 2000,273.1
22 Dec 2000,273.95
27 Dec 2000,275.05
28 Dec 2000,274.45
29 Dec 2000,272.65
02 Jan 2001,267.4
03 Jan 2001,267.4
04 Jan 2001,267.4
05 Jan 2001,268.3
08 Jan 2001,264.15
09 Jan 2001,263.7
10 Jan 2001,263.7
11 Jan 2001,263.7
12 Jan 2001,263.5
15 Jan 2001,264.9
16 Jan 2001,264.9
17 Jan 2001,264.9
18 Jan 2001,264.9
19 Jan 2001,266.15
22 Jan 2001,264.9
23 Jan 2001,263.55
24 Jan 2001,263.55
25 Jan 2001,263.55
26 Jan 2001,262.85
29 Jan 2001,267.65
30 Jan 2001,266.7
31 Jan 2001,266.7
01 Feb 2001,266.7
02 Feb 2001,265.45
05 Feb 2001,262.95
06 Feb 2001,259.9
07 Feb 2001,259.9
08 Feb 2001,259.9
09 Feb 2001,261.1
12 Feb 2001,258.55
13 Feb 2001,257.45
14 Feb 2001,257.45
15 Feb 2001,257.45
16 Feb 2001,259.45
19 Feb 2001,258.85
20 Feb 2001,260.45
21 Feb 2001,260.45
22 Feb 2001,260.45
23 Feb 2001,263.2
26 Feb 2001,266.35
27 Feb 2001,263.1
28 Feb 2001,263.1
01 Mar 2001,263.1
02 Mar 2001,263.1
05 Mar 2001,263.65
06 Mar 2001,269.8
07 Mar 2001,269.8
08 Mar 2001,269.8
09 Mar 2001,272.5
12 Mar 2001,262.05
13 Mar 2001,260.7
14 Mar 2001,260.7
15 Mar 2001,260.7
16 Mar 2001,260.55
19 Mar 2001,261.15
20 Mar 2001,262.85
21 Mar 2001,262.85
22 Mar 2001,262.85
23 Mar 2001,262.2
26 Mar 2001,260.15
27 Mar 2001,257.7
28 Mar 2001,257.7
29 Mar 2001,257.7
30 Mar 2001,255.95
02 Apr 2001,258.1
03 Apr 2001,258.8
04 Apr 2001,258.8
05 Apr 2001,258.8
06 Apr 2001,259
09 Apr 2001,259.25
10 Apr 2001,259.25
11 Apr 2001,259.25
12 Apr 2001,259.25
17 Apr 2001,263.85
18 Apr 2001,263.85
19 Apr 2001,263.85
20 Apr 2001,262.6
23 Apr 2001,263.5
24 Apr 2001,264.6
25 Apr 2001,264.6
26 Apr 2001,264.6
27 Apr 2001,263.15
30 Apr 2001,266.4
01 May 2001,266.6
02 May 2001,266.6
03 May 2001,266.6
04 May 2001,266.6
08 May 2001,269.05
09 May 2001,269.05
10 May 2001,269.05
11 May 2001,268.35
14 May 2001,274
15 May 2001,273
16 May 2001,273
17 May 2001,273
18 May 2001,291.25
21 May 2001,286.05
22 May 2001,276.25
23 May 2001,276.25
24 May 2001,276.25
25 May 2001,276.25
29 May 2001,265.4
30 May 2001,265.4
31 May 2001,265.4
01 Jun 2001,266.5
04 Jun 2001,266.1
05 Jun 2001,267
06 Jun 2001,267
07 Jun 2001,267
08 Jun 2001,268.5
11 Jun 2001,272.4
12 Jun 2001,272.2
13 Jun 2001,272.2
14 Jun 2001,272.2
15 Jun 2001,272
18 Jun 2001,271.7
19 Jun 2001,273.3
20 Jun 2001,273.3
21 Jun 2001,273.3
22 Jun 2001,272.9
25 Jun 2001,269.5
26 Jun 2001,270.6
27 Jun 2001,270.6
28 Jun 2001,270.6
29 Jun 2001,268.35
02 Jul 2001,266.3
03 Jul 2001,265.1
04 Jul 2001,265.1
05 Jul 2001,265.1
06 Jul 2001,266.1
09 Jul 2001,266.3
10 Jul 2001,266.35
11 Jul 2001,266.35
12 Jul 2001,266.35
13 Jul 2001,268.25
16 Jul 2001,270.3
17 Jul 2001,269.7
18 Jul 2001,269.7
19 Jul 2001,269.7
20 Jul 2001,268.7
23 Jul 2001,267.5
24 Jul 2001,266.15
25 Jul 2001,266.15
26 Jul 2001,266.15
27 Jul 2001,266.3
30 Jul 2001,267
31 Jul 2001,267.85
01 Aug 2001,267.85
02 Aug 2001,267.85
03 Aug 2001,267.2
06 Aug 2001,270
07 Aug 2001,275.8
08 Aug 2001,275.8
09 Aug 2001,275.8
10 Aug 2001,275.6
13 Aug 2001,275.9
14 Aug 2001,277.45
15 Aug 2001,277.45
16 Aug 2001,277.45
17 Aug 2001,276.65
20 Aug 2001,274.85
21 Aug 2001,272.8
22 Aug 2001,272.8
23 Aug 2001,272.8
24 Aug 2001,272.8
28 Aug 2001,273
29 Aug 2001,273
30 Aug 2001,273
31 Aug 2001,273.35
03 Sep 2001,273.35
04 Sep 2001,272.3
05 Sep 2001,271.3
06 Sep 2001,272.05
07 Sep 2001,273.6
10 Sep 2001,271.5
11 Sep 2001,287
12 Sep 2001,279
13 Sep 2001,280.25
14 Sep 2001,285.75
17 Sep 2001,293.25
18 Sep 2001,289.4
19 Sep 2001,288.1
20 Sep 2001,288.5
21 Sep 2001,292.5
24 Sep 2001,288.2
25 Sep 2001,288
26 Sep 2001,291.45
27 Sep 2001,289.8
28 Sep 2001,293.1
01 Oct 2001,290.6
02 Oct 2001,291.65
03 Oct 2001,290.1
04 Oct 2001,290.35
05 Oct 2001,291.2
08 Oct 2001,291.85
09 Oct 2001,290
10 Oct 2001,287.15
11 Oct 2001,281.85
12 Oct 2001,281.8
15 Oct 2001,281.85
16 Oct 2001,281.1
17 Oct 2001,281.6
18 Oct 2001,281
19 Oct 2001,279.15
22 Oct 2001,275.9
23 Oct 2001,276.05
24 Oct 2001,275.5
25 Oct 2001,276.7
26 Oct 2001,277.25
29 Oct 2001,278.6
30 Oct 2001,280.4
31 Oct 2001,278.75
01 Nov 2001,280.6
02 Nov 2001,279.9
05 Nov 2001,278.25
06 Nov 2001,278.95
07 Nov 2001,280.3
08 Nov 2001,279.95
09 Nov 2001,277.15
12 Nov 2001,280
13 Nov 2001,276.5
14 Nov 2001,278.25
15 Nov 2001,275.45
16 Nov 2001,274.5
19 Nov 2001,273.6
20 Nov 2001,272.95
21 Nov 2001,272.8
22 Nov 2001,272.75
23 Nov 2001,273.1
26 Nov 2001,272.6
27 Nov 2001,273.3
28 Nov 2001,274.4
29 Nov 2001,274.8
30 Nov 2001,275.5
03 Dec 2001,276.35
04 Dec 2001,276.6
05 Dec 2001,275
06 Dec 2001,274.55
07 Dec 2001,274.1
10 Dec 2001,272.65
11 Dec 2001,272.2
12 Dec 2001,273.5
13 Dec 2001,274.35
14 Dec 2001,277.05
17 Dec 2001,277.75
18 Dec 2001,278.85
19 Dec 2001,278.65
20 Dec 2001,276.1
21 Dec 2001,277.5
24 Dec 2001,277.7
27 Dec 2001,277.7
28 Dec 2001,276.5
31 Dec 2001,276.5
02 Jan 2002,278.35
03 Jan 2002,278.8
04 Jan 2002,277.75
07 Jan 2002,278.6
08 Jan 2002,278.6
09 Jan 2002,281.1
10 Jan 2002,286.85
11 Jan 2002,285.75
14 Jan 2002,286.35
15 Jan 2002,284.2
16 Jan 2002,284.6
17 Jan 2002,285
18 Jan 2002,283.2
21 Jan 2002,282.3
22 Jan 2002,282.05
23 Jan 2002,280.75
24 Jan 2002,279.2
25 Jan 2002,279
28 Jan 2002,279.1
29 Jan 2002,277.9
30 Jan 2002,281.5
31 Jan 2002,282.3
01 Feb 2002,283.9
04 Feb 2002,287.4
05 Feb 2002,291.95
06 Feb 2002,299.5
07 Feb 2002,299.5
08 Feb 2002,304.3
11 Feb 2002,297.75
12 Feb 2002,298.9
13 Feb 2002,297.4
14 Feb 2002,299
15 Feb 2002,299.85
18 Feb 2002,297.35
19 Feb 2002,296.5
20 Feb 2002,291.3
21 Feb 2002,292.15
22 Feb 2002,292.75
25 Feb 2002,291.95
26 Feb 2002,294.2
27 Feb 2002,297.4
28 Feb 2002,296.85
01 Mar 2002,295.4
04 Mar 2002,297.4
05 Mar 2002,297.8
06 Mar 2002,292.7
07 Mar 2002,291
08 Mar 2002,289.15
11 Mar 2002,291.2
12 Mar 2002,293.6
13 Mar 2002,293.15
14 Mar 2002,291.2
15 Mar 2002,290.3
18 Mar 2002,292.05
19 Mar 2002,293.1
20 Mar 2002,291.85
21 Mar 2002,292.75
22 Mar 2002,294.25
25 Mar 2002,297.7
26 Mar 2002,296.1
27 Mar 2002,299
28 Mar 2002,301.4
02 Apr 2002,304
03 Apr 2002,303.75
04 Apr 2002,301.7
05 Apr 2002,301
08 Apr 2002,300.45
09 Apr 2002,298.7
10 Apr 2002,298
11 Apr 2002,301.3
12 Apr 2002,300.35
15 Apr 2002,300.1
16 Apr 2002,297.75
17 Apr 2002,300.85
18 Apr 2002,304.25
19 Apr 2002,301.8
22 Apr 2002,303.7
23 Apr 2002,302.7
24 Apr 2002,304.2
25 Apr 2002,307.25
26 Apr 2002,306.6
29 Apr 2002,309.7
30 Apr 2002,308.2
01 May 2002,308.35
02 May 2002,307.6
03 May 2002,310.45
07 May 2002,312
08 May 2002,310.5
09 May 2002,308.85
10 May 2002,311.15
13 May 2002,310.75
14 May 2002,308.4
15 May 2002,308.3
16 May 2002,310.1
17 May 2002,310.6
20 May 2002,311.5
21 May 2002,315.2
22 May 2002,317.1
23 May 2002,317.15
24 May 2002,320.95
27 May 2002,320.05
28 May 2002,320.2
29 May 2002,327.05
30 May 2002,326
31 May 2002,326.6
05 Jun 2002,322
06 Jun 2002,324.1
07 Jun 2002,326.4
10 Jun 2002,322.5
11 Jun 2002,316.8
12 Jun 2002,319.75
13 Jun 2002,318.75
14 Jun 2002,322.1
17 Jun 2002,317.8
18 Jun 2002,318.35
19 Jun 2002,320.65
20 Jun 2002,322.35
21 Jun 2002,322.7
24 Jun 2002,326.4
25 Jun 2002,321.7
26 Jun 2002,321.55
27 Jun 2002,318.8
28 Jun 2002,318.5
01 Jul 2002,312.1
02 Jul 2002,314.45
03 Jul 2002,310.85
04 Jul 2002,310.6
05 Jul 2002,311.3
08 Jul 2002,311.7
09 Jul 2002,313.8
10 Jul 2002,314.8
11 Jul 2002,314.15
12 Jul 2002,316.7
15 Jul 2002,319
16 Jul 2002,318.25
17 Jul 2002,316.15
18 Jul 2002,317.65
19 Jul 2002,322.9
22 Jul 2002,322.9
23 Jul 2002,319.7
24 Jul 2002,311.25
25 Jul 2002,309.45
26 Jul 2002,304.95
29 Jul 2002,303
30 Jul 2002,305.4
31 Jul 2002,304.65
01 Aug 2002,302.25
02 Aug 2002,305.05
05 Aug 2002,309.5
06 Aug 2002,305.75
07 Aug 2002,312.2
08 Aug 2002,312.15
09 Aug 2002,312.95
12 Aug 2002,316.7
13 Aug 2002,313.8
14 Aug 2002,315.65
15 Aug 2002,312.65
16 Aug 2002,314.2
19 Aug 2002,310.1
20 Aug 2002,308
21 Aug 2002,306.55
22 Aug 2002,305.4
23 Aug 2002,305.95
27 Aug 2002,310.5
28 Aug 2002,311.1
29 Aug 2002,312.1
30 Aug 2002,312.8
02 Sep 2002,312
03 Sep 2002,313.5
04 Sep 2002,313
05 Sep 2002,317.55
06 Sep 2002,319.25
09 Sep 2002,322.5
10 Sep 2002,319.1
11 Sep 2002,315.5
12 Sep 2002,318.85
13 Sep 2002,318.8
16 Sep 2002,315.35
17 Sep 2002,315.9
18 Sep 2002,318.7
19 Sep 2002,322.25
20 Sep 2002,322.3
23 Sep 2002,322.5
24 Sep 2002,326.3
25 Sep 2002,325.15
26 Sep 2002,319.6
27 Sep 2002,320.05
30 Sep 2002,323.7
01 Oct 2002,321.75
02 Oct 2002,322.2
03 Oct 2002,322.1
04 Oct 2002,320.3
07 Oct 2002,321.75
08 Oct 2002,319
09 Oct 2002,319.35
10 Oct 2002,318.95
11 Oct 2002,316.85
14 Oct 2002,317.75
15 Oct 2002,316.2
16 Oct 2002,314.05
17 Oct 2002,310.75
18 Oct 2002,312.75
21 Oct 2002,312.6
22 Oct 2002,312.55
23 Oct 2002,312.1
24 Oct 2002,311.75
25 Oct 2002,313
28 Oct 2002,314.45
29 Oct 2002,317.15
30 Oct 2002,316.55
31 Oct 2002,316.9
01 Nov 2002,319.85
04 Nov 2002,317.55
05 Nov 2002,318.5
06 Nov 2002,317.3
07 Nov 2002,319.25
08 Nov 2002,321.7
11 Nov 2002,320.7
12 Nov 2002,321.75
13 Nov 2002,324
14 Nov 2002,318.6
15 Nov 2002,319.1
18 Nov 2002,318.75
19 Nov 2002,319.7
20 Nov 2002,318.85
21 Nov 2002,317.65
22 Nov 2002,317.7
25 Nov 2002,317.45
26 Nov 2002,317.5
27 Nov 2002,317.85
28 Nov 2002,317.6
29 Nov 2002,319.05
02 Dec 2002,316.45
03 Dec 2002,319.7
04 Dec 2002,322.1
05 Dec 2002,322.45
06 Dec 2002,325.75
09 Dec 2002,325.1
10 Dec 2002,323.1
11 Dec 2002,324.25
12 Dec 2002,326.4
13 Dec 2002,332.2
16 Dec 2002,333
17 Dec 2002,339
18 Dec 2002,338
19 Dec 2002,345
20 Dec 2002,341.6
23 Dec 2002,343.95
24 Dec 2002,345
27 Dec 2002,349.3
30 Dec 2002,347.2
31 Dec 2002,342.75
02 Jan 2003,343.8
03 Jan 2003,344.5
06 Jan 2003,351.75
07 Jan 2003,349
08 Jan 2003,349.75
09 Jan 2003,352.4
10 Jan 2003,353
13 Jan 2003,352.55
14 Jan 2003,353.1
15 Jan 2003,351
16 Jan 2003,352.3
17 Jan 2003,357
20 Jan 2003,355.85
21 Jan 2003,353.8
22 Jan 2003,358.5
23 Jan 2003,364.7
24 Jan 2003,366
27 Jan 2003,368.5
28 Jan 2003,368.4
29 Jan 2003,369.9
30 Jan 2003,367.6
31 Jan 2003,367.5
03 Feb 2003,369.5
04 Feb 2003,376.55
05 Feb 2003,382.1
06 Feb 2003,375.8
07 Feb 2003,373.25
10 Feb 2003,370.5
11 Feb 2003,364
12 Feb 2003,356.3
13 Feb 2003,352.8
14 Feb 2003,354.25
17 Feb 2003,347
18 Feb 2003,344.1
19 Feb 2003,346
20 Feb 2003,351.55
21 Feb 2003,352.3
24 Feb 2003,355.2
25 Feb 2003,357.6
26 Feb 2003,351.9
27 Feb 2003,351.25
28 Feb 2003,347.45
03 Mar 2003,345.5
04 Mar 2003,353.4
05 Mar 2003,353.95
06 Mar 2003,354.7
07 Mar 2003,350.75
10 Mar 2003,354.45
11 Mar 2003,348.7
12 Mar 2003,346.1
13 Mar 2003,334.5
14 Mar 2003,335.2
17 Mar 2003,340.75
18 Mar 2003,338.8
19 Mar 2003,335.8
20 Mar 2003,335.8
21 Mar 2003,333.5
24 Mar 2003,329.45
25 Mar 2003,331.9
26 Mar 2003,329.95
27 Mar 2003,332.75
28 Mar 2003,330.75
31 Mar 2003,334.85
01 Apr 2003,334.35
02 Apr 2003,329.3
03 Apr 2003,323.7
04 Apr 2003,323.8
07 Apr 2003,319.9
08 Apr 2003,323.4
09 Apr 2003,321.35
10 Apr 2003,324.6
11 Apr 2003,324.8
14 Apr 2003,325.95
15 Apr 2003,325.45
16 Apr 2003,324.1
17 Apr 2003,327
22 Apr 2003,334.9
23 Apr 2003,333.3
24 Apr 2003,333.7
25 Apr 2003,333.25
28 Apr 2003,332.6
29 Apr 2003,331.4
30 Apr 2003,336.75
01 May 2003,341.2
02 May 2003,340.5
06 May 2003,342.85
07 May 2003,341.85
08 May 2003,346.45
09 May 2003,347.9
12 May 2003,351.1
13 May 2003,350.4
14 May 2003,353.55
15 May 2003,354.25
16 May 2003,355
19 May 2003,359
20 May 2003,366.3
21 May 2003,367.8
22 May 2003,369.6
23 May 2003,370.5
27 May 2003,371.4
28 May 2003,359.5
29 May 2003,363.1
30 May 2003,361.4
02 Jun 2003,364.75
03 Jun 2003,365
04 Jun 2003,364.2
05 Jun 2003,366.75
06 Jun 2003,363
09 Jun 2003,362.75
10 Jun 2003,354.25
11 Jun 2003,354.25
12 Jun 2003,352.25
13 Jun 2003,353.05
16 Jun 2003,358.3
17 Jun 2003,362.75
18 Jun 2003,359.75
19 Jun 2003,357.65
20 Jun 2003,358
23 Jun 2003,355
24 Jun 2003,348.25
25 Jun 2003,348.1
26 Jun 2003,343.85
27 Jun 2003,345.5
30 Jun 2003,346
01 Jul 2003,350.2
02 Jul 2003,351.5
03 Jul 2003,349.4
04 Jul 2003,351.3
07 Jul 2003,348.15
08 Jul 2003,347.2
09 Jul 2003,344.15
10 Jul 2003,343.4
11 Jul 2003,343.7
14 Jul 2003,347.5
15 Jul 2003,348.25
16 Jul 2003,343.2
17 Jul 2003,342.5
18 Jul 2003,344.35
21 Jul 2003,350
22 Jul 2003,352
23 Jul 2003,354.75
24 Jul 2003,357.3
25 Jul 2003,363
28 Jul 2003,365.6
29 Jul 2003,363.5
30 Jul 2003,357.75
31 Jul 2003,354.75
01 Aug 2003,352.35
04 Aug 2003,347.5
05 Aug 2003,348.4
06 Aug 2003,352
07 Aug 2003,351.6
08 Aug 2003,353.95
11 Aug 2003,359.15
12 Aug 2003,360.1
13 Aug 2003,358.65
14 Aug 2003,363.6
15 Aug 2003,364.5
18 Aug 2003,360.25
19 Aug 2003,360.4
20 Aug 2003,363.7
21 Aug 2003,363.3
22 Aug 2003,358.75
26 Aug 2003,360.5
27 Aug 2003,371.25
28 Aug 2003,369.8
29 Aug 2003,375.6
01 Sep 2003,376.25
02 Sep 2003,373.7
03 Sep 2003,370
04 Sep 2003,370.75
05 Sep 2003,375.8
08 Sep 2003,374.65
09 Sep 2003,382.25
10 Sep 2003,380
11 Sep 2003,376.3
12 Sep 2003,378.25
15 Sep 2003,373.5
16 Sep 2003,374.6
17 Sep 2003,374.25
18 Sep 2003,378.3
19 Sep 2003,379.75
22 Sep 2003,385.5
23 Sep 2003,384.6
24 Sep 2003,385
25 Sep 2003,390.7
26 Sep 2003,382.7
29 Sep 2003,381.95
30 Sep 2003,388
01 Oct 2003,383.5
02 Oct 2003,382.2
03 Oct 2003,384.25
06 Oct 2003,371.3
07 Oct 2003,376.1
08 Oct 2003,375.25
09 Oct 2003,370.6
10 Oct 2003,372.3
13 Oct 2003,370.25
14 Oct 2003,373.95
15 Oct 2003,373.5
16 Oct 2003,373.4
17 Oct 2003,370.5
20 Oct 2003,373.8
21 Oct 2003,378.2
22 Oct 2003,384.75
23 Oct 2003,384.5
24 Oct 2003,388.25
27 Oct 2003,386
28 Oct 2003,384.4
29 Oct 2003,385.4
30 Oct 2003,386.5
31 Oct 2003,386.25
03 Nov 2003,383.25
04 Nov 2003,377.9
05 Nov 2003,378.75
06 Nov 2003,380.25
07 Nov 2003,378.95
10 Nov 2003,383.5
11 Nov 2003,387.8
12 Nov 2003,389.7
13 Nov 2003,395.4
14 Nov 2003,396.7
17 Nov 2003,393.7
18 Nov 2003,393.9
19 Nov 2003,395.15
20 Nov 2003,394.3
21 Nov 2003,395.5
24 Nov 2003,391.9
25 Nov 2003,391.75
26 Nov 2003,396
27 Nov 2003,395.45
28 Nov 2003,398.35
01 Dec 2003,400.25
02 Dec 2003,401.35
03 Dec 2003,401.8
04 Dec 2003,402.25
05 Dec 2003,402.4
08 Dec 2003,406.15
09 Dec 2003,407.75
10 Dec 2003,410
11 Dec 2003,404.1
12 Dec 2003,407.1
15 Dec 2003,407.5
16 Dec 2003,408
17 Dec 2003,408.25
18 Dec 2003,407.5
19 Dec 2003,409.75
22 Dec 2003,410.45
23 Dec 2003,409.25
24 Dec 2003,412
29 Dec 2003,412
30 Dec 2003,416.25
31 Dec 2003,417.25
02 Jan 2004,415.25
05 Jan 2004,420.6
06 Jan 2004,424.4
07 Jan 2004,421.75
08 Jan 2004,421
09 Jan 2004,423.35
12 Jan 2004,425.25
13 Jan 2004,425.5
14 Jan 2004,419.5
15 Jan 2004,412.5
16 Jan 2004,408.4
19 Jan 2004,406.6
20 Jan 2004,409.25
21 Jan 2004,407.6
22 Jan 2004,409.25
23 Jan 2004,409
26 Jan 2004,408.2
27 Jan 2004,405.7
28 Jan 2004,411
29 Jan 2004,405.7
30 Jan 2004,399.75
02 Feb 2004,398.35
03 Feb 2004,401.45
04 Feb 2004,399.25
05 Feb 2004,399.55
06 Feb 2004,404.25
09 Feb 2004,405.95
10 Feb 2004,408.55
11 Feb 2004,405.75
12 Feb 2004,411.6
13 Feb 2004,416
16 Feb 2004,411.7
17 Feb 2004,414.5
18 Feb 2004,414.5
19 Feb 2004,409.8
20 Feb 2004,405.25
23 Feb 2004,399.5
24 Feb 2004,402.25
25 Feb 2004,400.25
26 Feb 2004,393.25
27 Feb 2004,395.85
01 Mar 2004,400
02 Mar 2004,395.75
03 Mar 2004,390.5
04 Mar 2004,392
05 Mar 2004,399.25
08 Mar 2004,399.85
09 Mar 2004,401.5
10 Mar 2004,400.25
11 Mar 2004,398.45
12 Mar 2004,398
15 Mar 2004,398.1
16 Mar 2004,402.5
17 Mar 2004,402.75
18 Mar 2004,410.75
19 Mar 2004,412
22 Mar 2004,417.65
23 Mar 2004,416.25
24 Mar 2004,415.25
25 Mar 2004,416.1
26 Mar 2004,421.5
29 Mar 2004,421.25
30 Mar 2004,420
31 Mar 2004,423.7
01 Apr 2004,427.25
02 Apr 2004,419
05 Apr 2004,417.7
06 Apr 2004,418.5
07 Apr 2004,419
08 Apr 2004,419.5
13 Apr 2004,407.9
14 Apr 2004,397.75
15 Apr 2004,389.25
16 Apr 2004,400.85
19 Apr 2004,403.1
20 Apr 2004,396.85
21 Apr 2004,392.75
22 Apr 2004,392.3
23 Apr 2004,394.5
26 Apr 2004,397
27 Apr 2004,396.25
28 Apr 2004,392.25
29 Apr 2004,386
30 Apr 2004,388.5
04 May 2004,391.25
05 May 2004,392.55
06 May 2004,387.5
07 May 2004,380.8
10 May 2004,375
11 May 2004,375.25
12 May 2004,382.2
13 May 2004,375.15
14 May 2004,376.5
17 May 2004,382.95
18 May 2004,377.7
19 May 2004,380.75
20 May 2004,379.5
21 May 2004,385.3
24 May 2004,384
25 May 2004,388.9
26 May 2004,389.65
27 May 2004,393.6
28 May 2004,393.25
01 Jun 2004,397.2
02 Jun 2004,394.85
03 Jun 2004,390.35
04 Jun 2004,388.3
07 Jun 2004,393.6
08 Jun 2004,392.35
09 Jun 2004,386.85
10 Jun 2004,384.95
11 Jun 2004,384.85
14 Jun 2004,385.1
15 Jun 2004,386.5
16 Jun 2004,385.25
17 Jun 2004,386.1
18 Jun 2004,395.1
21 Jun 2004,395.25
22 Jun 2004,395.75
23 Jun 2004,393.9
24 Jun 2004,400
25 Jun 2004,401.5
28 Jun 2004,404.25
29 Jun 2004,394.4
30 Jun 2004,395.8
01 Jul 2004,394.8
02 Jul 2004,397.75
05 Jul 2004,398.25
06 Jul 2004,394.5
07 Jul 2004,399.65
08 Jul 2004,405.35
09 Jul 2004,406.5
12 Jul 2004,406.35
13 Jul 2004,400.9
14 Jul 2004,403.8
15 Jul 2004,403.15
16 Jul 2004,406.3
19 Jul 2004,406.35
20 Jul 2004,400
21 Jul 2004,398.5
22 Jul 2004,397.75
23 Jul 2004,391.5
26 Jul 2004,390.75
27 Jul 2004,389.85
28 Jul 2004,387.3
29 Jul 2004,387.3
30 Jul 2004,391.4
02 Aug 2004,391.5
03 Aug 2004,390.95
04 Aug 2004,391.5
05 Aug 2004,390.85
06 Aug 2004,399
09 Aug 2004,399
10 Aug 2004,399.5
11 Aug 2004,393.85
12 Aug 2004,394.15
13 Aug 2004,396.75
16 Aug 2004,401.65
17 Aug 2004,401.3
18 Aug 2004,402.45
19 Aug 2004,406.5
20 Aug 2004,410.55
23 Aug 2004,410.6
24 Aug 2004,406.2
25 Aug 2004,406
26 Aug 2004,406.05
27 Aug 2004,405.1
31 Aug 2004,407.25
01 Sep 2004,407.65
02 Sep 2004,406.1
03 Sep 2004,401.15
06 Sep 2004,401.6
07 Sep 2004,398.1
08 Sep 2004,396.3
09 Sep 2004,398.7
10 Sep 2004,401.35
13 Sep 2004,399.3
14 Sep 2004,405.25
15 Sep 2004,404.45
16 Sep 2004,403.4
17 Sep 2004,405.7
20 Sep 2004,404.3
21 Sep 2004,408.5
22 Sep 2004,405.35
23 Sep 2004,411.5
24 Sep 2004,407.85
27 Sep 2004,409.2
28 Sep 2004,411.7
29 Sep 2004,412.95
30 Sep 2004,415.65
01 Oct 2004,418.1
04 Oct 2004,412.55
05 Oct 2004,415.4
06 Oct 2004,418.45
07 Oct 2004,418.1
08 Oct 2004,421.75
11 Oct 2004,421.7
12 Oct 2004,414.7
13 Oct 2004,411.25
14 Oct 2004,415.35
15 Oct 2004,420.4
18 Oct 2004,419.1
19 Oct 2004,419.35
20 Oct 2004,423.6
21 Oct 2004,422.5
22 Oct 2004,422.8
25 Oct 2004,429.15
26 Oct 2004,427.5
27 Oct 2004,428.25
28 Oct 2004,424.2
29 Oct 2004,425.55
01 Nov 2004,428.85
02 Nov 2004,424.2
03 Nov 2004,423.5
04 Nov 2004,430.5
05 Nov 2004,431
08 Nov 2004,431.9
09 Nov 2004,433.65
10 Nov 2004,433.4
11 Nov 2004,433.8
12 Nov 2004,436.05
15 Nov 2004,437.6
16 Nov 2004,439.4
17 Nov 2004,443.45
18 Nov 2004,442
19 Nov 2004,445.6
22 Nov 2004,447.8
23 Nov 2004,448.15
24 Nov 2004,448.6
25 Nov 2004,451.15
26 Nov 2004,451
29 Nov 2004,451.25
30 Nov 2004,453.4
01 Dec 2004,452.85
02 Dec 2004,454.2
03 Dec 2004,448.65
06 Dec 2004,453.05
07 Dec 2004,451.8
08 Dec 2004,436.9
09 Dec 2004,437.1
10 Dec 2004,434
13 Dec 2004,435.1
14 Dec 2004,437.1
15 Dec 2004,439
16 Dec 2004,439.5
17 Dec 2004,438.9
20 Dec 2004,442.45
21 Dec 2004,440.95
22 Dec 2004,441
23 Dec 2004,441.1
24 Dec 2004,442.2
29 Dec 2004,440.25
30 Dec 2004,435.6
31 Dec 2004,438
04 Jan 2005,427.75
05 Jan 2005,426
06 Jan 2005,424.35
07 Jan 2005,422.2
10 Jan 2005,420
11 Jan 2005,421.35
12 Jan 2005,426.6
13 Jan 2005,423.6
14 Jan 2005,422.5
17 Jan 2005,422.25
18 Jan 2005,421.75
19 Jan 2005,424.95
20 Jan 2005,422.9
21 Jan 2005,423.3
24 Jan 2005,427.35
25 Jan 2005,424.5
26 Jan 2005,425.8
27 Jan 2005,424.5
28 Jan 2005,426.8
31 Jan 2005,422.15
01 Feb 2005,420.9
02 Feb 2005,421.6
03 Feb 2005,416.5
04 Feb 2005,415.9
07 Feb 2005,414.4
08 Feb 2005,411.1
09 Feb 2005,411.15
10 Feb 2005,415.5
11 Feb 2005,418.85
14 Feb 2005,424.2
15 Feb 2005,424.4
16 Feb 2005,423.1
17 Feb 2005,426.25
18 Feb 2005,427.1
21 Feb 2005,427.15
22 Feb 2005,432.85
23 Feb 2005,432.6
24 Feb 2005,433.75
25 Feb 2005,434.25
28 Feb 2005,435.45
01 Mar 2005,433.45
02 Mar 2005,431.75
03 Mar 2005,430.2
04 Mar 2005,433.45
07 Mar 2005,433
08 Mar 2005,437.25
09 Mar 2005,439.5
10 Mar 2005,440.9
11 Mar 2005,443.7
14 Mar 2005,441.95
15 Mar 2005,440.65
16 Mar 2005,443
17 Mar 2005,438.6
18 Mar 2005,437.15
21 Mar 2005,432.7
22 Mar 2005,432.15
23 Mar 2005,426.15
24 Mar 2005,425.15
29 Mar 2005,426.1
30 Mar 2005,426.45
31 Mar 2005,427.5
01 Apr 2005,427.15
04 Apr 2005,423.9
05 Apr 2005,424.6
06 Apr 2005,425.75
07 Apr 2005,428
08 Apr 2005,425.2
11 Apr 2005,429
12 Apr 2005,427.3
13 Apr 2005,427.5
14 Apr 2005,423.45
15 Apr 2005,424.6
18 Apr 2005,425.75
19 Apr 2005,427.45
20 Apr 2005,433.2
21 Apr 2005,434
22 Apr 2005,434.6
25 Apr 2005,432.9
26 Apr 2005,437
27 Apr 2005,434.35
28 Apr 2005,432.5
29 Apr 2005,435.7
03 May 2005,427.9
04 May 2005,428.8
05 May 2005,429.15
06 May 2005,425.15
09 May 2005,425.5
10 May 2005,427.4
11 May 2005,426.1
12 May 2005,424.25
13 May 2005,420
16 May 2005,419.25
17 May 2005,420
18 May 2005,419.75
19 May 2005,420.8
20 May 2005,418
23 May 2005,418
24 May 2005,418.3
25 May 2005,418.4
26 May 2005,418
27 May 2005,418.25
31 May 2005,414.45
01 Jun 2005,415.35
02 Jun 2005,420.4
03 Jun 2005,423.55
06 Jun 2005,425.85
07 Jun 2005,424.1
08 Jun 2005,424.55
09 Jun 2005,422.5
10 Jun 2005,422.55
13 Jun 2005,429.1
14 Jun 2005,426.85
15 Jun 2005,428.7
16 Jun 2005,433
17 Jun 2005,437.5
20 Jun 2005,439.35
21 Jun 2005,435.2
22 Jun 2005,437
23 Jun 2005,439.15
24 Jun 2005,440.55
27 Jun 2005,439.3
28 Jun 2005,437
29 Jun 2005,435.8
30 Jun 2005,437.1
01 Jul 2005,432.6
04 Jul 2005,427.4
05 Jul 2005,423.75
06 Jul 2005,423.5
07 Jul 2005,425.2
08 Jul 2005,424.4
11 Jul 2005,424.2
12 Jul 2005,426.25
13 Jul 2005,424.5
14 Jul 2005,424.3
15 Jul 2005,418.35
18 Jul 2005,420.9
19 Jul 2005,419.25
20 Jul 2005,422.15
21 Jul 2005,424.25
22 Jul 2005,425
25 Jul 2005,425.4
26 Jul 2005,423.25
27 Jul 2005,424
28 Jul 2005,426.4
29 Jul 2005,429
01 Aug 2005,431.65
02 Aug 2005,431
03 Aug 2005,434.6
04 Aug 2005,438.6
05 Aug 2005,438.25
08 Aug 2005,436.2
09 Aug 2005,433.3
10 Aug 2005,436.55
11 Aug 2005,440.75
12 Aug 2005,447.25
15 Aug 2005,443.5
16 Aug 2005,443
17 Aug 2005,442
18 Aug 2005,439.65
19 Aug 2005,439.65
22 Aug 2005,439.65
23 Aug 2005,439.35
24 Aug 2005,440
25 Aug 2005,438.85
26 Aug 2005,436.75
30 Aug 2005,430.65
31 Aug 2005,433.25
01 Sep 2005,439.6
02 Sep 2005,443.6
05 Sep 2005,446.05
06 Sep 2005,444.15
07 Sep 2005,445.05
08 Sep 2005,448.55
09 Sep 2005,448.25
12 Sep 2005,448.35
13 Sep 2005,445.4
14 Sep 2005,449.3
15 Sep 2005,454.8
16 Sep 2005,457.2
19 Sep 2005,464.5
20 Sep 2005,464.8
21 Sep 2005,469.1
22 Sep 2005,466.25
23 Sep 2005,462.65
26 Sep 2005,461.7
27 Sep 2005,464.1
28 Sep 2005,464
29 Sep 2005,472.4
30 Sep 2005,473.25
03 Oct 2005,466.1
04 Oct 2005,467.45
05 Oct 2005,463.5
06 Oct 2005,471.8
07 Oct 2005,472.7
10 Oct 2005,473.2
11 Oct 2005,475.5
12 Oct 2005,475.1
13 Oct 2005,469.5
14 Oct 2005,466
17 Oct 2005,474.5
18 Oct 2005,472
19 Oct 2005,465.9
20 Oct 2005,464.3
21 Oct 2005,462.85
24 Oct 2005,466.1
25 Oct 2005,472.25
26 Oct 2005,473.2
27 Oct 2005,474.4
28 Oct 2005,470.75
31 Oct 2005,470.75
01 Nov 2005,459.5
02 Nov 2005,460.8
03 Nov 2005,461.85
04 Nov 2005,460.5
07 Nov 2005,456.5
08 Nov 2005,461.6
09 Nov 2005,462.55
10 Nov 2005,467
11 Nov 2005,466.75
14 Nov 2005,467.5
15 Nov 2005,468.25
16 Nov 2005,475.75
17 Nov 2005,486.15
18 Nov 2005,485.85
21 Nov 2005,488.95
22 Nov 2005,492.6
23 Nov 2005,487.6
24 Nov 2005,493.4
25 Nov 2005,495.9
28 Nov 2005,496
29 Nov 2005,496
30 Nov 2005,495.65
01 Dec 2005,499.75
02 Dec 2005,502.5
05 Dec 2005,505.65
06 Dec 2005,504.25
07 Dec 2005,515.4
08 Dec 2005,515.7
09 Dec 2005,525.5
12 Dec 2005,536.5
13 Dec 2005,522.5
14 Dec 2005,509.5
15 Dec 2005,506.25
16 Dec 2005,507
19 Dec 2005,508.75
20 Dec 2005,502.5
21 Dec 2005,489
22 Dec 2005,500
23 Dec 2005,513
28 Dec 2005,518
29 Dec 2005,513
30 Dec 2005,513
03 Jan 2006,530
04 Jan 2006,529.5
05 Jan 2006,524.75
06 Jan 2006,535.25
09 Jan 2006,541.5
10 Jan 2006,543.5
11 Jan 2006,544.4
12 Jan 2006,542.5
13 Jan 2006,548.25
16 Jan 2006,561.75
17 Jan 2006,553.25
18 Jan 2006,545
19 Jan 2006,554.75
20 Jan 2006,567.25
23 Jan 2006,554.5
24 Jan 2006,557.25
25 Jan 2006,561.75
26 Jan 2006,556.5
27 Jan 2006,561.75
30 Jan 2006,565
31 Jan 2006,568.75
01 Feb 2006,568.25
02 Feb 2006,572.15
03 Feb 2006,569
06 Feb 2006,569.75
07 Feb 2006,558.7
08 Feb 2006,548.75
09 Feb 2006,560.25
10 Feb 2006,557
13 Feb 2006,549.3
14 Feb 2006,539.7
15 Feb 2006,540.5
16 Feb 2006,538.75
17 Feb 2006,551.7
20 Feb 2006,554.5
21 Feb 2006,554
22 Feb 2006,553
23 Feb 2006,551.2
24 Feb 2006,554.15
27 Feb 2006,553.25
28 Feb 2006,556
01 Mar 2006,564.25
02 Mar 2006,563.75
03 Mar 2006,565
06 Mar 2006,565.25
07 Mar 2006,553
08 Mar 2006,544.75
09 Mar 2006,550.1
10 Mar 2006,535
13 Mar 2006,543.5
14 Mar 2006,545.8
15 Mar 2006,556.5
16 Mar 2006,552.75
17 Mar 2006,552.75
20 Mar 2006,555.75
21 Mar 2006,547.5
22 Mar 2006,550.75
23 Mar 2006,546.5
24 Mar 2006,556.75
27 Mar 2006,565
28 Mar 2006,567.5
29 Mar 2006,565
30 Mar 2006,584
31 Mar 2006,582
03 Apr 2006,587
04 Apr 2006,588
05 Apr 2006,586.5
06 Apr 2006,592.5
07 Apr 2006,589.75
10 Apr 2006,597.25
11 Apr 2006,597.75
12 Apr 2006,597.25
13 Apr 2006,593
18 Apr 2006,614.75
19 Apr 2006,624.75
20 Apr 2006,625
21 Apr 2006,623.5
24 Apr 2006,622.5
25 Apr 2006,634.75
26 Apr 2006,635.5
27 Apr 2006,638
28 Apr 2006,644
02 May 2006,661
03 May 2006,673.6
04 May 2006,673.5
05 May 2006,678
08 May 2006,675.5
09 May 2006,691.25
10 May 2006,699.9
11 May 2006,715.5
12 May 2006,725
15 May 2006,687.5
16 May 2006,692
17 May 2006,699.5
18 May 2006,693.5
19 May 2006,651.5
22 May 2006,652.5
23 May 2006,666.75
24 May 2006,648.5
25 May 2006,642.5
26 May 2006,642.25
30 May 2006,660.5
31 May 2006,653
01 Jun 2006,625
02 Jun 2006,632.25
05 Jun 2006,641.8
06 Jun 2006,627
07 Jun 2006,617.75
08 Jun 2006,614
09 Jun 2006,616
12 Jun 2006,609.2
13 Jun 2006,586.5
14 Jun 2006,567.75
15 Jun 2006,569.6
16 Jun 2006,574
19 Jun 2006,571
20 Jun 2006,567
21 Jun 2006,574.6
22 Jun 2006,585
23 Jun 2006,579.6
26 Jun 2006,583.5
27 Jun 2006,588.75
28 Jun 2006,582.75
29 Jun 2006,589.25
30 Jun 2006,613.5
03 Jul 2006,622.95
04 Jul 2006,622
05 Jul 2006,623
06 Jul 2006,626
07 Jul 2006,631.5
10 Jul 2006,626
11 Jul 2006,630.75
12 Jul 2006,650
13 Jul 2006,649.5
14 Jul 2006,663.25
17 Jul 2006,652.5
18 Jul 2006,645.1
19 Jul 2006,641.6
20 Jul 2006,642.5
21 Jul 2006,634
24 Jul 2006,605.7
25 Jul 2006,618.75
26 Jul 2006,614.3
27 Jul 2006,639
28 Jul 2006,637.1
31 Jul 2006,632.5
01 Aug 2006,637.25
02 Aug 2006,654.4
03 Aug 2006,644.4
04 Aug 2006,652.25
07 Aug 2006,649.75
08 Aug 2006,646
09 Aug 2006,649
10 Aug 2006,644.75
11 Aug 2006,644.5
14 Aug 2006,624.6
15 Aug 2006,625.5
16 Aug 2006,629.75
17 Aug 2006,625.5
18 Aug 2006,613.9
21 Aug 2006,625
22 Aug 2006,622.75
23 Aug 2006,628.1
24 Aug 2006,623.75
25 Aug 2006,621.25
29 Aug 2006,613.4
30 Aug 2006,617.75
31 Aug 2006,623.5
01 Sep 2006,621.05
04 Sep 2006,626.75
05 Sep 2006,637.75
06 Sep 2006,635.4
07 Sep 2006,621.5
08 Sep 2006,610
11 Sep 2006,588
12 Sep 2006,590.7
13 Sep 2006,589
14 Sep 2006,584.4
15 Sep 2006,573.6
18 Sep 2006,580.5
19 Sep 2006,583.5
20 Sep 2006,580.25
21 Sep 2006,578.75
22 Sep 2006,589
25 Sep 2006,548.75
26 Sep 2006,591
27 Sep 2006,593.75
28 Sep 2006,603
29 Sep 2006,599.25
02 Oct 2006,600.6
03 Oct 2006,582.25
04 Oct 2006,573.6
05 Oct 2006,573.3
06 Oct 2006,560.75
09 Oct 2006,575.25
10 Oct 2006,571.4
11 Oct 2006,574.1
12 Oct 2006,573
13 Oct 2006,586.1
16 Oct 2006,595.1
17 Oct 2006,590
18 Oct 2006,594
19 Oct 2006,597.25
20 Oct 2006,596.6
23 Oct 2006,582.75
24 Oct 2006,575.6
25 Oct 2006,580.75
26 Oct 2006,596.25
27 Oct 2006,596.25
30 Oct 2006,608.5
31 Oct 2006,603.75
01 Nov 2006,614.1
02 Nov 2006,620.75
03 Nov 2006,622.75
06 Nov 2006,626.1
07 Nov 2006,625.75
08 Nov 2006,623.2
09 Nov 2006,625.25
10 Nov 2006,629.3
13 Nov 2006,623.5
14 Nov 2006,627
15 Nov 2006,617.75
16 Nov 2006,624.75
17 Nov 2006,620.5
20 Nov 2006,625.5
21 Nov 2006,624.5
22 Nov 2006,631.8
23 Nov 2006,630.25
24 Nov 2006,639.5
27 Nov 2006,638.75
28 Nov 2006,637
29 Nov 2006,637.5
30 Nov 2006,646.7
01 Dec 2006,648.75
04 Dec 2006,646
05 Dec 2006,645.9
06 Dec 2006,636
07 Dec 2006,627.75
08 Dec 2006,637.4
11 Dec 2006,626.75
12 Dec 2006,628
13 Dec 2006,624
14 Dec 2006,627.4
15 Dec 2006,623.75
18 Dec 2006,614
19 Dec 2006,620.5
20 Dec 2006,619.25
21 Dec 2006,620.5
22 Dec 2006,619.75
27 Dec 2006,628.5
28 Dec 2006,632
29 Dec 2006,635.7
02 Jan 2007,639.75
03 Jan 2007,642.6
04 Jan 2007,628.7
05 Jan 2007,609.5
08 Jan 2007,609.5
09 Jan 2007,609.6
10 Jan 2007,608.4
11 Jan 2007,612
12 Jan 2007,619.75
15 Jan 2007,627
16 Jan 2007,627.05
17 Jan 2007,626.5
18 Jan 2007,635
19 Jan 2007,629
22 Jan 2007,639
23 Jan 2007,642.5
24 Jan 2007,642.1
25 Jan 2007,651.75
26 Jan 2007,645.5
29 Jan 2007,644.75
30 Jan 2007,645.2
31 Jan 2007,650.5
01 Feb 2007,660.2
02 Feb 2007,645.7
05 Feb 2007,649.4
06 Feb 2007,653.25
07 Feb 2007,653.75
08 Feb 2007,656
09 Feb 2007,664.5
12 Feb 2007,664.55
13 Feb 2007,667.8
14 Feb 2007,668.25
15 Feb 2007,664.95
16 Feb 2007,665.1
19 Feb 2007,670.75
20 Feb 2007,663.9
21 Feb 2007,661.25
22 Feb 2007,676.6
23 Feb 2007,683
26 Feb 2007,685.75
27 Feb 2007,676.2
28 Feb 2007,664.2
01 Mar 2007,670.4
02 Mar 2007,651.9
05 Mar 2007,636.75
06 Mar 2007,643.75
07 Mar 2007,646.4
08 Mar 2007,654.25
09 Mar 2007,652.25
12 Mar 2007,647.75
13 Mar 2007,650.8
14 Mar 2007,643.25
15 Mar 2007,648.5
16 Mar 2007,653.2
19 Mar 2007,655
20 Mar 2007,659
21 Mar 2007,658.75
22 Mar 2007,663
23 Mar 2007,656.25
26 Mar 2007,663
27 Mar 2007,664
28 Mar 2007,666.75
29 Mar 2007,661
30 Mar 2007,661.75
02 Apr 2007,658.25
03 Apr 2007,663.75
04 Apr 2007,672.25
05 Apr 2007,673.5
10 Apr 2007,677.4
11 Apr 2007,678.2
12 Apr 2007,677.25
13 Apr 2007,681.75
16 Apr 2007,686.5
17 Apr 2007,688
18 Apr 2007,688.75
19 Apr 2007,681.9
20 Apr 2007,691.4
23 Apr 2007,688.7
24 Apr 2007,688.7
25 Apr 2007,684
26 Apr 2007,673
27 Apr 2007,677.5
30 Apr 2007,677
01 May 2007,673.6
02 May 2007,669.5
03 May 2007,674.2
04 May 2007,688.8
08 May 2007,684.25
09 May 2007,683
10 May 2007,673.5
11 May 2007,669
14 May 2007,670.2
15 May 2007,668.25
16 May 2007,667.75
17 May 2007,656.75
18 May 2007,657
21 May 2007,658
22 May 2007,662
23 May 2007,662.05
24 May 2007,659
25 May 2007,655.3
29 May 2007,660.15
30 May 2007,652.65
31 May 2007,659.1
01 Jun 2007,666.5
04 Jun 2007,671.1
05 Jun 2007,671.5
06 Jun 2007,669.7
07 Jun 2007,668.75
08 Jun 2007,655.25
11 Jun 2007,650.3
12 Jun 2007,647.25
13 Jun 2007,647.65
14 Jun 2007,653.25
15 Jun 2007,653.1
18 Jun 2007,656
19 Jun 2007,656.3
20 Jun 2007,657.7
21 Jun 2007,650.5
22 Jun 2007,652.85
25 Jun 2007,650.75
26 Jun 2007,647
27 Jun 2007,642.1
28 Jun 2007,647.25
29 Jun 2007,650.5
02 Jul 2007,654.75
03 Jul 2007,654.25
04 Jul 2007,654.15
05 Jul 2007,651
06 Jul 2007,648.75
09 Jul 2007,661.25
10 Jul 2007,661.7
11 Jul 2007,663
12 Jul 2007,667.25
13 Jul 2007,666.5
16 Jul 2007,666
17 Jul 2007,666.5
18 Jul 2007,666.75
19 Jul 2007,674.5
20 Jul 2007,681.6
23 Jul 2007,682
24 Jul 2007,684.3
25 Jul 2007,674.75
26 Jul 2007,670
27 Jul 2007,660.5
30 Jul 2007,661.5
31 Jul 2007,665.5
01 Aug 2007,665.5
02 Aug 2007,666.25
03 Aug 2007,670.5
06 Aug 2007,671.5
07 Aug 2007,668
08 Aug 2007,675.5
09 Aug 2007,662.6
10 Aug 2007,668.5
13 Aug 2007,668.75
14 Aug 2007,668.35
15 Aug 2007,667.25
16 Aug 2007,662.25
17 Aug 2007,657.5
20 Aug 2007,659.5
21 Aug 2007,657.5
22 Aug 2007,659.5
23 Aug 2007,660.75
24 Aug 2007,660.85
28 Aug 2007,666
29 Aug 2007,664.25
30 Aug 2007,666
31 Aug 2007,672
03 Sep 2007,672
04 Sep 2007,678.75
05 Sep 2007,680.25
06 Sep 2007,688.15
07 Sep 2007,701
10 Sep 2007,703.5
11 Sep 2007,704.15
12 Sep 2007,706
13 Sep 2007,704.5
14 Sep 2007,716.35
17 Sep 2007,719
18 Sep 2007,714.75
19 Sep 2007,725.15
20 Sep 2007,734.5
21 Sep 2007,737
24 Sep 2007,730
25 Sep 2007,728.5
26 Sep 2007,734.75
27 Sep 2007,731.75
28 Sep 2007,743
01 Oct 2007,742.5
02 Oct 2007,731
03 Oct 2007,730.25
04 Oct 2007,725.5
05 Oct 2007,737
08 Oct 2007,733.75
09 Oct 2007,736
10 Oct 2007,741.25
11 Oct 2007,749
12 Oct 2007,749.5
15 Oct 2007,758.85
16 Oct 2007,756.75
17 Oct 2007,762.5
18 Oct 2007,764.15
19 Oct 2007,763
22 Oct 2007,751.25
23 Oct 2007,758.25
24 Oct 2007,757.5
25 Oct 2007,767.5
26 Oct 2007,779.15
29 Oct 2007,788.5
30 Oct 2007,783.25
31 Oct 2007,789.5
01 Nov 2007,790.25
02 Nov 2007,796.5
05 Nov 2007,804.75
06 Nov 2007,822.5
07 Nov 2007,834.5
08 Nov 2007,841.1
09 Nov 2007,831.5
12 Nov 2007,803.5
13 Nov 2007,804.25
14 Nov 2007,813.5
15 Nov 2007,794
16 Nov 2007,789.75
19 Nov 2007,778.85
20 Nov 2007,795.5
21 Nov 2007,798
22 Nov 2007,803.25
23 Nov 2007,815.25
26 Nov 2007,830
27 Nov 2007,801.75
28 Nov 2007,801.75
29 Nov 2007,794.5
30 Nov 2007,783.5
03 Dec 2007,784.25
04 Dec 2007,797.5
05 Dec 2007,793
06 Dec 2007,801.5
07 Dec 2007,792.5
10 Dec 2007,809.5
11 Dec 2007,808.75
12 Dec 2007,814
13 Dec 2007,800.7
14 Dec 2007,789.5
17 Dec 2007,790.75
18 Dec 2007,804.25
19 Dec 2007,799.75
20 Dec 2007,795.25
21 Dec 2007,810.5
24 Dec 2007,810.5
27 Dec 2007,829
28 Dec 2007,833.75
31 Dec 2007,833.75
02 Jan 2008,846.75
03 Jan 2008,858.85
04 Jan 2008,855
07 Jan 2008,859.25
08 Jan 2008,873.5
09 Jan 2008,877
10 Jan 2008,884.25
11 Jan 2008,891
14 Jan 2008,902
15 Jan 2008,913
16 Jan 2008,889.75
17 Jan 2008,888.25
18 Jan 2008,882
21 Jan 2008,871.25
22 Jan 2008,875
23 Jan 2008,888.25
24 Jan 2008,909.25
25 Jan 2008,918.25
28 Jan 2008,921.75
29 Jan 2008,924.5
30 Jan 2008,919
31 Jan 2008,923.25
01 Feb 2008,914.75
04 Feb 2008,893.75
05 Feb 2008,887.5
06 Feb 2008,903
07 Feb 2008,899.75
08 Feb 2008,916.25
11 Feb 2008,918
12 Feb 2008,917
13 Feb 2008,899
14 Feb 2008,906
15 Feb 2008,912.5
18 Feb 2008,903.25
19 Feb 2008,924
20 Feb 2008,920
21 Feb 2008,945
22 Feb 2008,943
25 Feb 2008,937.75
26 Feb 2008,937
27 Feb 2008,959.5
28 Feb 2008,959.75
29 Feb 2008,971.5
03 Mar 2008,988.5
04 Mar 2008,984.75
05 Mar 2008,974.5
06 Mar 2008,976.5
07 Mar 2008,972.5
10 Mar 2008,969.25
11 Mar 2008,970
12 Mar 2008,975.5
13 Mar 2008,995
14 Mar 2008,1003.5
17 Mar 2008,1011.25
18 Mar 2008,1006.75
19 Mar 2008,958.5
20 Mar 2008,925.75
25 Mar 2008,926.75
26 Mar 2008,946.75
27 Mar 2008,946.75
28 Mar 2008,934.25
31 Mar 2008,933.5
01 Apr 2008,887.75
02 Apr 2008,890
03 Apr 2008,896.5
04 Apr 2008,905.5
07 Apr 2008,926.5
08 Apr 2008,915
09 Apr 2008,917
10 Apr 2008,928
11 Apr 2008,927.75
14 Apr 2008,926.5
15 Apr 2008,929.75
16 Apr 2008,945
17 Apr 2008,946
18 Apr 2008,908.75
21 Apr 2008,918.5
22 Apr 2008,918
23 Apr 2008,898.5
24 Apr 2008,895.5
25 Apr 2008,891.5
28 Apr 2008,890.5
29 Apr 2008,880
30 Apr 2008,871
01 May 2008,853
02 May 2008,853.5
06 May 2008,880
07 May 2008,868.25
08 May 2008,877
09 May 2008,876
12 May 2008,883.5
13 May 2008,865
14 May 2008,866.5
15 May 2008,881.25
16 May 2008,897
19 May 2008,906.5
20 May 2008,914.5
21 May 2008,923
22 May 2008,922.75
23 May 2008,927.5
27 May 2008,906.75
28 May 2008,902.5
29 May 2008,883
30 May 2008,885.75
02 Jun 2008,888.25
03 Jun 2008,879.25
04 Jun 2008,883.5
05 Jun 2008,878.75
06 Jun 2008,890.5
09 Jun 2008,896.25
10 Jun 2008,878
11 Jun 2008,876.25
12 Jun 2008,862.25
13 Jun 2008,866
16 Jun 2008,888.25
17 Jun 2008,881.5
18 Jun 2008,887.5
19 Jun 2008,903
20 Jun 2008,907.5
23 Jun 2008,881
24 Jun 2008,889.5
25 Jun 2008,882.75
26 Jun 2008,909.5
27 Jun 2008,919.5
30 Jun 2008,930.25
01 Jul 2008,937.5
02 Jul 2008,935.25
03 Jul 2008,934
04 Jul 2008,931.25
07 Jul 2008,916.75
08 Jul 2008,921
09 Jul 2008,927.25
10 Jul 2008,939.5
11 Jul 2008,962.75
14 Jul 2008,968
15 Jul 2008,986
16 Jul 2008,977.5
17 Jul 2008,965.5
18 Jul 2008,959.75
21 Jul 2008,960.5
22 Jul 2008,961.5
23 Jul 2008,926.5
24 Jul 2008,928
25 Jul 2008,920.5
28 Jul 2008,923.5
29 Jul 2008,916.75
30 Jul 2008,897.5
31 Jul 2008,918
01 Aug 2008,912.5
04 Aug 2008,905.75
05 Aug 2008,882
06 Aug 2008,879.5
07 Aug 2008,871.5
08 Aug 2008,852.5
11 Aug 2008,852.5
12 Aug 2008,817.75
13 Aug 2008,818.5
14 Aug 2008,818
15 Aug 2008,787
18 Aug 2008,796.25
19 Aug 2008,788.75
20 Aug 2008,813
21 Aug 2008,833.5
22 Aug 2008,824
26 Aug 2008,827
27 Aug 2008,827
28 Aug 2008,838.25
29 Aug 2008,832.5
01 Sep 2008,822.75
02 Sep 2008,794.75
03 Sep 2008,805.25
04 Sep 2008,805.75
05 Sep 2008,808.5
08 Sep 2008,808
09 Sep 2008,781.75
10 Sep 2008,775.75
11 Sep 2008,740.75
12 Sep 2008,750.25
15 Sep 2008,775
16 Sep 2008,779.5
17 Sep 2008,813
18 Sep 2008,863
19 Sep 2008,869
22 Sep 2008,889
23 Sep 2008,899
24 Sep 2008,896
25 Sep 2008,888.5
26 Sep 2008,902
29 Sep 2008,905
30 Sep 2008,884.5
01 Oct 2008,880
02 Oct 2008,852
03 Oct 2008,828
06 Oct 2008,875.5
07 Oct 2008,876.75
08 Oct 2008,903.5
09 Oct 2008,883.5
10 Oct 2008,900.5
13 Oct 2008,831.5
14 Oct 2008,832.5
15 Oct 2008,847
16 Oct 2008,802.5
17 Oct 2008,784.5
20 Oct 2008,795
21 Oct 2008,772
22 Oct 2008,744
23 Oct 2008,720
24 Oct 2008,712.5
27 Oct 2008,730.5
28 Oct 2008,730.5
29 Oct 2008,764
30 Oct 2008,755.25
31 Oct 2008,730.75
03 Nov 2008,729.5
04 Nov 2008,741.25
05 Nov 2008,753.75
06 Nov 2008,754.5
07 Nov 2008,735.25
10 Nov 2008,753
11 Nov 2008,733.75
12 Nov 2008,724.75
13 Nov 2008,713.5
14 Nov 2008,747.5
17 Nov 2008,734
18 Nov 2008,738
19 Nov 2008,762
20 Nov 2008,738
21 Nov 2008,774.5
24 Nov 2008,822.5
25 Nov 2008,820.5
26 Nov 2008,812.5
27 Nov 2008,814
28 Nov 2008,814.5
01 Dec 2008,778
02 Dec 2008,780
03 Dec 2008,766.25
04 Dec 2008,773.25
05 Dec 2008,749
08 Dec 2008,767.25
09 Dec 2008,767.75
10 Dec 2008,802.25
11 Dec 2008,827.75
12 Dec 2008,826.5
15 Dec 2008,826
16 Dec 2008,838.25
17 Dec 2008,870
18 Dec 2008,855.25
19 Dec 2008,835.75
22 Dec 2008,849
23 Dec 2008,843.5
24 Dec 2008,843.5
29 Dec 2008,880.25
30 Dec 2008,869.75
31 Dec 2008,869.75
02 Jan 2009,874.5
05 Jan 2009,853.5
06 Jan 2009,848.25
07 Jan 2009,848.5
08 Jan 2009,855.75
09 Jan 2009,847.25
12 Jan 2009,827
13 Jan 2009,826.5
14 Jan 2009,821.5
15 Jan 2009,810
16 Jan 2009,833.75
19 Jan 2009,833
20 Jan 2009,853.25
21 Jan 2009,849.25
22 Jan 2009,860
23 Jan 2009,875.75
26 Jan 2009,910.25
27 Jan 2009,897.5
28 Jan 2009,895.25
29 Jan 2009,892.25
30 Jan 2009,919.5
02 Feb 2009,918.25
03 Feb 2009,904.5
04 Feb 2009,905
05 Feb 2009,920
06 Feb 2009,913
09 Feb 2009,895
10 Feb 2009,909.75
11 Feb 2009,938
12 Feb 2009,943.25
13 Feb 2009,935.5
16 Feb 2009,942.5
17 Feb 2009,968
18 Feb 2009,964
19 Feb 2009,980.5
20 Feb 2009,989
23 Feb 2009,985.75
24 Feb 2009,984.25
25 Feb 2009,978.5
26 Feb 2009,936.5
27 Feb 2009,952
02 Mar 2009,937.25
03 Mar 2009,913.75
04 Mar 2009,908.5
05 Mar 2009,913
06 Mar 2009,936
09 Mar 2009,923.75
10 Mar 2009,901.5
11 Mar 2009,899.5
12 Mar 2009,925.25
13 Mar 2009,928
16 Mar 2009,919.5
17 Mar 2009,915.5
18 Mar 2009,893.25
19 Mar 2009,956.5
20 Mar 2009,954
23 Mar 2009,949.25
24 Mar 2009,923.75
25 Mar 2009,929
26 Mar 2009,938.25
27 Mar 2009,924
30 Mar 2009,928
31 Mar 2009,916.5
01 Apr 2009,924.5
02 Apr 2009,897.75
03 Apr 2009,905
06 Apr 2009,870.25
07 Apr 2009,879.75
08 Apr 2009,880
09 Apr 2009,880.5
14 Apr 2009,887.5
15 Apr 2009,891
16 Apr 2009,880.5
17 Apr 2009,870.5
20 Apr 2009,877
21 Apr 2009,888.75
22 Apr 2009,886
23 Apr 2009,897.5
24 Apr 2009,907.5
27 Apr 2009,907.5
28 Apr 2009,891
29 Apr 2009,898.25
30 Apr 2009,883.25
01 May 2009,884.5
05 May 2009,910
06 May 2009,910
07 May 2009,912.25
08 May 2009,907
11 May 2009,913
12 May 2009,917
13 May 2009,924
14 May 2009,925.25
15 May 2009,929.5
18 May 2009,921
19 May 2009,924.75
20 May 2009,939.5
21 May 2009,937.5
22 May 2009,959.75
26 May 2009,945
27 May 2009,951
28 May 2009,957.75
29 May 2009,975.5
01 Jun 2009,981.75
02 Jun 2009,980
03 Jun 2009,976.75
04 Jun 2009,970.75
05 Jun 2009,962
08 Jun 2009,943.75
09 Jun 2009,956
10 Jun 2009,953.75
11 Jun 2009,947.5
12 Jun 2009,937.25
15 Jun 2009,932.25
16 Jun 2009,934
17 Jun 2009,930.5
18 Jun 2009,940.5
19 Jun 2009,935.25
22 Jun 2009,919.25
23 Jun 2009,920.75
24 Jun 2009,933.5
25 Jun 2009,937.25
26 Jun 2009,942
29 Jun 2009,935.5
30 Jun 2009,934.5
01 Jul 2009,938.25
02 Jul 2009,929.5
03 Jul 2009,932.75
06 Jul 2009,924.5
07 Jul 2009,924
08 Jul 2009,918
09 Jul 2009,911.75
10 Jul 2009,913
13 Jul 2009,908.5
14 Jul 2009,924.75
15 Jul 2009,938
16 Jul 2009,935
17 Jul 2009,937.5
20 Jul 2009,952.75
21 Jul 2009,947.75
22 Jul 2009,948.25
23 Jul 2009,950
24 Jul 2009,951.5
27 Jul 2009,955
28 Jul 2009,944.25
29 Jul 2009,931
30 Jul 2009,932.5
31 Jul 2009,939
03 Aug 2009,959.75
04 Aug 2009,960.5
05 Aug 2009,960.75
06 Aug 2009,964
07 Aug 2009,956
10 Aug 2009,945
11 Aug 2009,942.75
12 Aug 2009,947.25
13 Aug 2009,953.5
14 Aug 2009,953.5
17 Aug 2009,932.75
18 Aug 2009,935
19 Aug 2009,943
20 Aug 2009,940.5
21 Aug 2009,952.5
24 Aug 2009,951.5
25 Aug 2009,950.5
26 Aug 2009,940.5
27 Aug 2009,943
28 Aug 2009,955.5
01 Sep 2009,955
02 Sep 2009,964.75
03 Sep 2009,983
04 Sep 2009,983
07 Sep 2009,993
08 Sep 2009,1000.75
09 Sep 2009,999.5
10 Sep 2009,990.75
11 Sep 2009,1008.25
14 Sep 2009,999.25
15 Sep 2009,996
16 Sep 2009,1015.75
17 Sep 2009,1018.5
18 Sep 2009,1012
21 Sep 2009,997
22 Sep 2009,1014
23 Sep 2009,1010.25
24 Sep 2009,1009.75
25 Sep 2009,991.5
28 Sep 2009,991.75
29 Sep 2009,989.5
30 Sep 2009,995.75
01 Oct 2009,1004.75
02 Oct 2009,1003.5
05 Oct 2009,1005.5
06 Oct 2009,1038.8
07 Oct 2009,1040.25
08 Oct 2009,1045
09 Oct 2009,1051.5
12 Oct 2009,1058.75
13 Oct 2009,1057.5
14 Oct 2009,1059.5
15 Oct 2009,1053.5
16 Oct 2009,1047.5
19 Oct 2009,1050.5
20 Oct 2009,1061.75
21 Oct 2009,1053.75
22 Oct 2009,1053
23 Oct 2009,1061.75
26 Oct 2009,1054
27 Oct 2009,1036.5
28 Oct 2009,1031.75
29 Oct 2009,1040.5
30 Oct 2009,1040
02 Nov 2009,1062
03 Nov 2009,1061
04 Nov 2009,1090
05 Nov 2009,1089
06 Nov 2009,1096.75
09 Nov 2009,1106.75
10 Nov 2009,1101.5
11 Nov 2009,1115.25
12 Nov 2009,1114.75
13 Nov 2009,1104
16 Nov 2009,1130
17 Nov 2009,1134.75
18 Nov 2009,1149
19 Nov 2009,1135.5
20 Nov 2009,1140
23 Nov 2009,1169.5
24 Nov 2009,1163.25
25 Nov 2009,1179.75
26 Nov 2009,1182.75
27 Nov 2009,1166.5
30 Nov 2009,1175.75
01 Dec 2009,1192.5
02 Dec 2009,1212.5
03 Dec 2009,1208.75
04 Dec 2009,1190.25
07 Dec 2009,1142.5
08 Dec 2009,1146.75
09 Dec 2009,1141
10 Dec 2009,1128.5
11 Dec 2009,1124
14 Dec 2009,1123.75
15 Dec 2009,1122
16 Dec 2009,1137.5
17 Dec 2009,1117
18 Dec 2009,1104.5
21 Dec 2009,1105.5
22 Dec 2009,1084
23 Dec 2009,1085.25
24 Dec 2009,1085.25
29 Dec 2009,1106
30 Dec 2009,1087.5
31 Dec 2009,1087.5
04 Jan 2010,1121.5
05 Jan 2010,1123.25
06 Jan 2010,1130
07 Jan 2010,1130.25
08 Jan 2010,1126.75
11 Jan 2010,1153
12 Jan 2010,1151.25
13 Jan 2010,1127.25
14 Jan 2010,1138.25
15 Jan 2010,1128
18 Jan 2010,1134.5
19 Jan 2010,1133
20 Jan 2010,1120.25
21 Jan 2010,1108.25
22 Jan 2010,1084
25 Jan 2010,1095.25
26 Jan 2010,1093.25
27 Jan 2010,1094.75
28 Jan 2010,1088
29 Jan 2010,1078.5
01 Feb 2010,1086.5
02 Feb 2010,1111
03 Feb 2010,1115.25
04 Feb 2010,1083.25
05 Feb 2010,1058
08 Feb 2010,1064
09 Feb 2010,1071.25
10 Feb 2010,1069.5
11 Feb 2010,1076.25
12 Feb 2010,1082
15 Feb 2010,1098.25
16 Feb 2010,1115.25
17 Feb 2010,1119
18 Feb 2010,1118
19 Feb 2010,1112.75
22 Feb 2010,1115.25
23 Feb 2010,1107
24 Feb 2010,1103
25 Feb 2010,1094.5
26 Feb 2010,1108.25
01 Mar 2010,1114
02 Mar 2010,1126.5
03 Mar 2010,1136.5
04 Mar 2010,1134.5
05 Mar 2010,1135
08 Mar 2010,1125.75
09 Mar 2010,1115.75
10 Mar 2010,1120.5
11 Mar 2010,1104
12 Mar 2010,1106.25
15 Mar 2010,1104.25
16 Mar 2010,1124.75
17 Mar 2010,1121.75
18 Mar 2010,1122.75
19 Mar 2010,1105.5
22 Mar 2010,1097.25
23 Mar 2010,1101.5
24 Mar 2010,1090.75
25 Mar 2010,1093
26 Mar 2010,1096.5
29 Mar 2010,1107.5
30 Mar 2010,1107
31 Mar 2010,1115.5
01 Apr 2010,1123.5
06 Apr 2010,1132.75
07 Apr 2010,1142
08 Apr 2010,1148
09 Apr 2010,1152.5
12 Apr 2010,1158.75
13 Apr 2010,1148.25
14 Apr 2010,1153.75
15 Apr 2010,1154.5
16 Apr 2010,1151.5
19 Apr 2010,1136.25
20 Apr 2010,1144.75
21 Apr 2010,1143
22 Apr 2010,1133.75
23 Apr 2010,1139.5
26 Apr 2010,1154.5
27 Apr 2010,1149.5
28 Apr 2010,1161
29 Apr 2010,1166.75
30 Apr 2010,1179.25
04 May 2010,1185
05 May 2010,1165
06 May 2010,1185.25
07 May 2010,1202.25
10 May 2010,1196.5
11 May 2010,1222.5
12 May 2010,1237.5
13 May 2010,1237.5
14 May 2010,1236.5
17 May 2010,1236
18 May 2010,1216.75
19 May 2010,1195
20 May 2010,1192
21 May 2010,1179.75
24 May 2010,1187
25 May 2010,1198.25
26 May 2010,1212
27 May 2010,1211
28 May 2010,1207.5
01 Jun 2010,1227.75
02 Jun 2010,1215
03 Jun 2010,1215
04 Jun 2010,1203.5
07 Jun 2010,1215
08 Jun 2010,1246
09 Jun 2010,1233.5
10 Jun 2010,1217.5
11 Jun 2010,1220
14 Jun 2010,1223.75
15 Jun 2010,1225
16 Jun 2010,1234.5
17 Jun 2010,1245
18 Jun 2010,1256
21 Jun 2010,1254.5
22 Jun 2010,1236
23 Jun 2010,1226.5
24 Jun 2010,1236.25
25 Jun 2010,1254
28 Jun 2010,1261
29 Jun 2010,1234.5
30 Jun 2010,1244
01 Jul 2010,1234
02 Jul 2010,1201.5
05 Jul 2010,1208
06 Jul 2010,1195
07 Jul 2010,1193.25
08 Jul 2010,1193.5
09 Jul 2010,1208.75
12 Jul 2010,1205.5
13 Jul 2010,1216
14 Jul 2010,1207
15 Jul 2010,1208
16 Jul 2010,1189.25
19 Jul 2010,1181
20 Jul 2010,1183
21 Jul 2010,1191.5
22 Jul 2010,1199.5
23 Jul 2010,1190.5
26 Jul 2010,1183.5
27 Jul 2010,1168
28 Jul 2010,1157
29 Jul 2010,1162.5
30 Jul 2010,1169
02 Aug 2010,1188.5
03 Aug 2010,1187.5
04 Aug 2010,1199.5
05 Aug 2010,1192.5
06 Aug 2010,1207.75
09 Aug 2010,1203
10 Aug 2010,1192.5
11 Aug 2010,1205.5
12 Aug 2010,1213
13 Aug 2010,1214.25
16 Aug 2010,1223.5
17 Aug 2010,1226
18 Aug 2010,1218
19 Aug 2010,1233.5
20 Aug 2010,1223.5
23 Aug 2010,1226
24 Aug 2010,1222
25 Aug 2010,1237.5
26 Aug 2010,1237
27 Aug 2010,1235
31 Aug 2010,1246
01 Sep 2010,1246.5
02 Sep 2010,1248.5
03 Sep 2010,1240.5
06 Sep 2010,1249
07 Sep 2010,1256.75
08 Sep 2010,1256.75
09 Sep 2010,1256.75
10 Sep 2010,1256.75
13 Sep 2010,1256.75
14 Sep 2010,1256.75
15 Sep 2010,1256.75
16 Sep 2010,1256.75
17 Sep 2010,1256.75
20 Sep 2010,1279.25
21 Sep 2010,1275
22 Sep 2010,1293.5
23 Sep 2010,1290.75
24 Sep 2010,1297
27 Sep 2010,1297
28 Sep 2010,1294
29 Sep 2010,1307.5
30 Sep 2010,1307
01 Oct 2010,1316.25
04 Oct 2010,1313.5
05 Oct 2010,1330.5
06 Oct 2010,1346.5
07 Oct 2010,1345
08 Oct 2010,1341.5
11 Oct 2010,1351.5
12 Oct 2010,1348.5
13 Oct 2010,1365.5
14 Oct 2010,1373.25
15 Oct 2010,1367.5
18 Oct 2010,1367.25
19 Oct 2010,1339
20 Oct 2010,1339
21 Oct 2010,1343.5
22 Oct 2010,1322.5
25 Oct 2010,1337.5
26 Oct 2010,1329.5
27 Oct 2010,1324.5
28 Oct 2010,1333.5
29 Oct 2010,1346.75
01 Nov 2010,1354.5
02 Nov 2010,1351
03 Nov 2010,1345.5
04 Nov 2010,1381
05 Nov 2010,1395.5
08 Nov 2010,1388.5
09 Nov 2010,1421
10 Nov 2010,1390.5
11 Nov 2010,1398.5
12 Nov 2010,1388.5
15 Nov 2010,1368.5
16 Nov 2010,1349
17 Nov 2010,1337.5
18 Nov 2010,1350.25
19 Nov 2010,1342.5
22 Nov 2010,1356.5
23 Nov 2010,1377.5
24 Nov 2010,1372.5
25 Nov 2010,1373.25
26 Nov 2010,1355
29 Nov 2010,1357
30 Nov 2010,1383.5
01 Dec 2010,1385.5
02 Dec 2010,1389
03 Dec 2010,1403.5
06 Dec 2010,1415.25
07 Dec 2010,1420
08 Dec 2010,1385.5
09 Dec 2010,1391.25
10 Dec 2010,1375.25
13 Dec 2010,1399
14 Dec 2010,1394.5
15 Dec 2010,1388.75
16 Dec 2010,1363
17 Dec 2010,1368.5
20 Dec 2010,1380
21 Dec 2010,1383
22 Dec 2010,1387
23 Dec 2010,1373.5
24 Dec 2010,1380.5
29 Dec 2010,1412.5
30 Dec 2010,1405.5
31 Dec 2010,1405.5
04 Jan 2011,1388.5
05 Jan 2011,1368
06 Jan 2011,1368.5
07 Jan 2011,1367
10 Jan 2011,1368.25
11 Jan 2011,1374
12 Jan 2011,1378.75
13 Jan 2011,1381.5
14 Jan 2011,1367
17 Jan 2011,1360.5
18 Jan 2011,1369.5
19 Jan 2011,1372
20 Jan 2011,1345.5
21 Jan 2011,1343.5
24 Jan 2011,1343
25 Jan 2011,1324
26 Jan 2011,1328
27 Jan 2011,1334.5
28 Jan 2011,1319
31 Jan 2011,1327
01 Feb 2011,1331.5
02 Feb 2011,1337
03 Feb 2011,1328
04 Feb 2011,1355
07 Feb 2011,1347.5
08 Feb 2011,1363.5
09 Feb 2011,1365
10 Feb 2011,1353.25
11 Feb 2011,1364
14 Feb 2011,1365
15 Feb 2011,1372.75
16 Feb 2011,1371.25
17 Feb 2011,1379
18 Feb 2011,1383.5
21 Feb 2011,1403
22 Feb 2011,1401
23 Feb 2011,1409.25
24 Feb 2011,1411.5
25 Feb 2011,1402.5
28 Feb 2011,1402.5
01 Mar 2011,1420.75
02 Mar 2011,1435.5
03 Mar 2011,1421.5
04 Mar 2011,1427
07 Mar 2011,1437.5
08 Mar 2011,1426.25
09 Mar 2011,1431
10 Mar 2011,1413.25
11 Mar 2011,1411.5
14 Mar 2011,1422.25
15 Mar 2011,1400.5
16 Mar 2011,1402
17 Mar 2011,1403.75
18 Mar 2011,1420
21 Mar 2011,1432
22 Mar 2011,1426
23 Mar 2011,1439.5
24 Mar 2011,1447
25 Mar 2011,1436
28 Mar 2011,1417
29 Mar 2011,1417.5
30 Mar 2011,1425.5
31 Mar 2011,1439
01 Apr 2011,1418
04 Apr 2011,1435.5
05 Apr 2011,1433.5
06 Apr 2011,1461.5
07 Apr 2011,1459.5
08 Apr 2011,1469.5
11 Apr 2011,1468
12 Apr 2011,1450.5
13 Apr 2011,1457.5
14 Apr 2011,1465.75
15 Apr 2011,1476.75
18 Apr 2011,1493
19 Apr 2011,1490.5
20 Apr 2011,1501
21 Apr 2011,1504
26 Apr 2011,1497.5
27 Apr 2011,1511
28 Apr 2011,1535.5
03 May 2011,1540.25
04 May 2011,1541
05 May 2011,1511
06 May 2011,1486.5
09 May 2011,1502
10 May 2011,1513.5
11 May 2011,1508
12 May 2011,1489.5
13 May 2011,1505.75
16 May 2011,1500.75
17 May 2011,1478.5
18 May 2011,1496.5
19 May 2011,1493
20 May 2011,1490.75
23 May 2011,1510.5
24 May 2011,1527
25 May 2011,1526.25
26 May 2011,1518.5
27 May 2011,1533
31 May 2011,1536.5
01 Jun 2011,1533.75
02 Jun 2011,1539.5
03 Jun 2011,1540
06 Jun 2011,1549
07 Jun 2011,1545
08 Jun 2011,1537.75
09 Jun 2011,1537.75
10 Jun 2011,1529.25
13 Jun 2011,1526.25
14 Jun 2011,1516
15 Jun 2011,1529.75
16 Jun 2011,1523.25
17 Jun 2011,1537.5
20 Jun 2011,1544
21 Jun 2011,1544.75
22 Jun 2011,1552.5
23 Jun 2011,1523
24 Jun 2011,1514.75
27 Jun 2011,1498
28 Jun 2011,1499
29 Jun 2011,1504.25
30 Jun 2011,1505.5
01 Jul 2011,1483
04 Jul 2011,1495
05 Jul 2011,1510
06 Jul 2011,1527.25
07 Jul 2011,1527.5
08 Jul 2011,1541.5
11 Jul 2011,1555.5
12 Jul 2011,1550.5
13 Jul 2011,1579
14 Jul 2011,1590.5
15 Jul 2011,1587
18 Jul 2011,1599
19 Jul 2011,1601
20 Jul 2011,1586
21 Jul 2011,1601
22 Jul 2011,1602
25 Jul 2011,1613.5
26 Jul 2011,1612.75
27 Jul 2011,1625
28 Jul 2011,1613.5
29 Jul 2011,1628.5
01 Aug 2011,1623
02 Aug 2011,1637.75
03 Aug 2011,1669.25
04 Aug 2011,1679.5
05 Aug 2011,1658.75
08 Aug 2011,1693
09 Aug 2011,1736
10 Aug 2011,1772
11 Aug 2011,1760
12 Aug 2011,1736
15 Aug 2011,1739
16 Aug 2011,1782.5
17 Aug 2011,1790
18 Aug 2011,1824
19 Aug 2011,1848
22 Aug 2011,1877.5
23 Aug 2011,1876
24 Aug 2011,1770
25 Aug 2011,1729
26 Aug 2011,1788
30 Aug 2011,1825
31 Aug 2011,1813.5
01 Sep 2011,1821
02 Sep 2011,1875.25
05 Sep 2011,1895
06 Sep 2011,1895
07 Sep 2011,1810
08 Sep 2011,1855
09 Sep 2011,1851
12 Sep 2011,1834
13 Sep 2011,1820
14 Sep 2011,1818.5
15 Sep 2011,1782
16 Sep 2011,1794
19 Sep 2011,1794
20 Sep 2011,1799
21 Sep 2011,1793
22 Sep 2011,1722
23 Sep 2011,1689
26 Sep 2011,1598
27 Sep 2011,1659
28 Sep 2011,1643
29 Sep 2011,1613
30 Sep 2011,1620
03 Oct 2011,1655.5
04 Oct 2011,1638
05 Oct 2011,1617
06 Oct 2011,1635
07 Oct 2011,1652
10 Oct 2011,1661
11 Oct 2011,1663
12 Oct 2011,1682
13 Oct 2011,1656
14 Oct 2011,1678
17 Oct 2011,1682
18 Oct 2011,1631
19 Oct 2011,1652.5
20 Oct 2011,1620
21 Oct 2011,1642.5
24 Oct 2011,1652
25 Oct 2011,1656
26 Oct 2011,1715
27 Oct 2011,1718
28 Oct 2011,1741
31 Oct 2011,1722
01 Nov 2011,1699
02 Nov 2011,1743
03 Nov 2011,1758
04 Nov 2011,1749
07 Nov 2011,1782
08 Nov 2011,1795
09 Nov 2011,1784
10 Nov 2011,1756
11 Nov 2011,1773
14 Nov 2011,1776
15 Nov 2011,1785
16 Nov 2011,1756
17 Nov 2011,1742.5
18 Nov 2011,1719
21 Nov 2011,1702
22 Nov 2011,1699
23 Nov 2011,1681
24 Nov 2011,1692.5
25 Nov 2011,1688.5
28 Nov 2011,1714
29 Nov 2011,1717
30 Nov 2011,1746
01 Dec 2011,1752
02 Dec 2011,1747
05 Dec 2011,1744
06 Dec 2011,1708
07 Dec 2011,1735.5
08 Dec 2011,1715
09 Dec 2011,1709
12 Dec 2011,1659.5
13 Dec 2011,1672.5
14 Dec 2011,1603
15 Dec 2011,1574
16 Dec 2011,1594
19 Dec 2011,1598
20 Dec 2011,1613.5
21 Dec 2011,1608
22 Dec 2011,1606.5
23 Dec 2011,1606.5
28 Dec 2011,1571
29 Dec 2011,1531
30 Dec 2011,1531
03 Jan 2012,1598
04 Jan 2012,1613
05 Jan 2012,1599
06 Jan 2012,1616.5
09 Jan 2012,1615
10 Jan 2012,1637
11 Jan 2012,1634.5
12 Jan 2012,1661
13 Jan 2012,1635.5
16 Jan 2012,1641
17 Jan 2012,1656
18 Jan 2012,1647
19 Jan 2012,1655
20 Jan 2012,1653
23 Jan 2012,1675.5
24 Jan 2012,1665.5
25 Jan 2012,1650
26 Jan 2012,1727
27 Jan 2012,1726
30 Jan 2012,1729
31 Jan 2012,1744
01 Feb 2012,1740
02 Feb 2012,1751
03 Feb 2012,1734
06 Feb 2012,1719
07 Feb 2012,1724
08 Feb 2012,1746
09 Feb 2012,1748
10 Feb 2012,1711
13 Feb 2012,1720
14 Feb 2012,1722
15 Feb 2012,1733
16 Feb 2012,1713
17 Feb 2012,1723
20 Feb 2012,1733
21 Feb 2012,1748
22 Feb 2012,1752
23 Feb 2012,1777
24 Feb 2012,1777.5
27 Feb 2012,1772
28 Feb 2012,1781
29 Feb 2012,1770
01 Mar 2012,1714
02 Mar 2012,1707
05 Mar 2012,1705
06 Mar 2012,1669
07 Mar 2012,1677.5
08 Mar 2012,1690
09 Mar 2012,1687.5
12 Mar 2012,1697.5
13 Mar 2012,1690
14 Mar 2012,1644.25
15 Mar 2012,1648
16 Mar 2012,1658
19 Mar 2012,1661.5
20 Mar 2012,1656.75
21 Mar 2012,1649.25
22 Mar 2012,1635.5
23 Mar 2012,1664
26 Mar 2012,1680.25
27 Mar 2012,1692
28 Mar 2012,1676
29 Mar 2012,1657.5
30 Mar 2012,1662.5
02 Apr 2012,1677.5
03 Apr 2012,1676.25
04 Apr 2012,1621
05 Apr 2012,1631
10 Apr 2012,1644
11 Apr 2012,1658
12 Apr 2012,1668.5
13 Apr 2012,1666.5
16 Apr 2012,1653
17 Apr 2012,1635.5
18 Apr 2012,1644
19 Apr 2012,1650
20 Apr 2012,1641.5
23 Apr 2012,1629
24 Apr 2012,1649.5
25 Apr 2012,1637.75
26 Apr 2012,1653.5
27 Apr 2012,1663.5
30 Apr 2012,1651.25
01 May 2012,1664
02 May 2012,1648
03 May 2012,1637.75
04 May 2012,1643.75
08 May 2012,1602.5
09 May 2012,1582.5
10 May 2012,1598.5
11 May 2012,1583
14 May 2012,1558.5
15 May 2012,1556.5
16 May 2012,1548.5
17 May 2012,1554
18 May 2012,1589.5
21 May 2012,1592.5
22 May 2012,1582.5
23 May 2012,1549
24 May 2012,1568.5
25 May 2012,1569.5
28 May 2012,1574.6
29 May 2012,1579.5
30 May 2012,1540
31 May 2012,1558
01 Jun 2012,1606
06 Jun 2012,1635
07 Jun 2012,1606
08 Jun 2012,1576.5
11 Jun 2012,1584
12 Jun 2012,1603.5
13 Jun 2012,1619.5
14 Jun 2012,1613.5
15 Jun 2012,1627.25
18 Jun 2012,1615.5
19 Jun 2012,1625.5
20 Jun 2012,1601
21 Jun 2012,1582
22 Jun 2012,1565.5
25 Jun 2012,1570
26 Jun 2012,1576
27 Jun 2012,1573.5
28 Jun 2012,1558.5
29 Jun 2012,1598.5
02 Jul 2012,1592
03 Jul 2012,1617.5
04 Jul 2012,1613.5
05 Jul 2012,1604
06 Jul 2012,1587
09 Jul 2012,1585
10 Jul 2012,1595.25
11 Jul 2012,1577
12 Jul 2012,1556.25
13 Jul 2012,1595.5
16 Jul 2012,1589.75
17 Jul 2012,1585.25
18 Jul 2012,1575.25
19 Jul 2012,1584
20 Jul 2012,1576.25
23 Jul 2012,1572.25
24 Jul 2012,1583.25
25 Jul 2012,1601
26 Jul 2012,1618
27 Jul 2012,1618.25
30 Jul 2012,1617.75
31 Jul 2012,1622
01 Aug 2012,1599
02 Aug 2012,1597
03 Aug 2012,1602
06 Aug 2012,1610
07 Aug 2012,1611
08 Aug 2012,1613.25
09 Aug 2012,1615
10 Aug 2012,1618.5
13 Aug 2012,1622.5
14 Aug 2012,1597.75
15 Aug 2012,1601.75
16 Aug 2012,1604.5
17 Aug 2012,1614.75
20 Aug 2012,1614.75
21 Aug 2012,1639.5
22 Aug 2012,1642
23 Aug 2012,1665.25
24 Aug 2012,1667
28 Aug 2012,1668
29 Aug 2012,1660
30 Aug 2012,1660.5
31 Aug 2012,1648.5
03 Sep 2012,1691.5
04 Sep 2012,1697
05 Sep 2012,1690
06 Sep 2012,1701
07 Sep 2012,1728
10 Sep 2012,1732
11 Sep 2012,1736.75
12 Sep 2012,1737
13 Sep 2012,1733.25
14 Sep 2012,1775.5
17 Sep 2012,1770
18 Sep 2012,1769.5
19 Sep 2012,1766.75
20 Sep 2012,1758.5
21 Sep 2012,1784.5
24 Sep 2012,1762.5
25 Sep 2012,1771.5
26 Sep 2012,1744.75
27 Sep 2012,1763
28 Sep 2012,1776
01 Oct 2012,1787
02 Oct 2012,1775.5
03 Oct 2012,1775.25
04 Oct 2012,1791.75
05 Oct 2012,1784
08 Oct 2012,1773.5
09 Oct 2012,1774
10 Oct 2012,1761.25
11 Oct 2012,1769
12 Oct 2012,1766.75
15 Oct 2012,1736
16 Oct 2012,1746.5
17 Oct 2012,1749
18 Oct 2012,1743
19 Oct 2012,1737
22 Oct 2012,1726.75
23 Oct 2012,1711
24 Oct 2012,1706.5
25 Oct 2012,1715.5
26 Oct 2012,1716
29 Oct 2012,1707
30 Oct 2012,1710
31 Oct 2012,1719
01 Nov 2012,1716.25
02 Nov 2012,1685
05 Nov 2012,1683.5
06 Nov 2012,1691
07 Nov 2012,1715.25
08 Nov 2012,1717
09 Nov 2012,1738.25
12 Nov 2012,1735.25
13 Nov 2012,1726.25
14 Nov 2012,1725.75
15 Nov 2012,1710
16 Nov 2012,1713.5
19 Nov 2012,1730.5
20 Nov 2012,1732.25
21 Nov 2012,1724
22 Nov 2012,1731
23 Nov 2012,1734.5
26 Nov 2012,1750.5
27 Nov 2012,1746.25
28 Nov 2012,1708
29 Nov 2012,1725
30 Nov 2012,1726
03 Dec 2012,1720
04 Dec 2012,1697.75
05 Dec 2012,1694
06 Dec 2012,1694.25
07 Dec 2012,1701.5
10 Dec 2012,1712.5
11 Dec 2012,1710
12 Dec 2012,1716.25
13 Dec 2012,1692.75
14 Dec 2012,1696.25
17 Dec 2012,1695.75
18 Dec 2012,1694
19 Dec 2012,1665
20 Dec 2012,1650.5
21 Dec 2012,1651.5
24 Dec 2012,1662.5
27 Dec 2012,1655.5
28 Dec 2012,1657.5
31 Dec 2012,1664
02 Jan 2013,1693.75
03 Jan 2013,1679.5
04 Jan 2013,1648
07 Jan 2013,1645.25
08 Jan 2013,1656
09 Jan 2013,1657.75
10 Jan 2013,1675
11 Jan 2013,1657.5
14 Jan 2013,1666.5
15 Jan 2013,1680.5
16 Jan 2013,1676.25
17 Jan 2013,1675
18 Jan 2013,1688.5
21 Jan 2013,1687.5
22 Jan 2013,1690.5
23 Jan 2013,1690.25
24 Jan 2013,1671
25 Jan 2013,1660
28 Jan 2013,1656.5
29 Jan 2013,1663.5
30 Jan 2013,1677.5
31 Jan 2013,1664.75
01 Feb 2013,1669
04 Feb 2013,1666
05 Feb 2013,1673.5
06 Feb 2013,1674.25
07 Feb 2013,1668
08 Feb 2013,1668.25
11 Feb 2013,1652
12 Feb 2013,1647.5
13 Feb 2013,1645
14 Feb 2013,1646
15 Feb 2013,1612.25
18 Feb 2013,1610.75
19 Feb 2013,1607.75
20 Feb 2013,1588.5
21 Feb 2013,1577
22 Feb 2013,1576.5
25 Feb 2013,1586.25
26 Feb 2013,1590.5
27 Feb 2013,1604.25
28 Feb 2013,1588.5
01 Mar 2013,1582.25
04 Mar 2013,1574.25
05 Mar 2013,1579.75
06 Mar 2013,1574
07 Mar 2013,1579.5
08 Mar 2013,1581.75
11 Mar 2013,1579
12 Mar 2013,1594
13 Mar 2013,1589.25
14 Mar 2013,1586
15 Mar 2013,1595.5
18 Mar 2013,1603.75
19 Mar 2013,1610.75
20 Mar 2013,1607.5
21 Mar 2013,1613.75
22 Mar 2013,1607.75
25 Mar 2013,1599.25
26 Mar 2013,1598
27 Mar 2013,1603
28 Mar 2013,1598.25
02 Apr 2013,1583.5
03 Apr 2013,1574.75
04 Apr 2013,1546.5
05 Apr 2013,1568
08 Apr 2013,1575
09 Apr 2013,1577.25
10 Apr 2013,1575
11 Apr 2013,1565
12 Apr 2013,1535.5
15 Apr 2013,1395
16 Apr 2013,1380
17 Apr 2013,1392
18 Apr 2013,1393.75
19 Apr 2013,1405.5
22 Apr 2013,1424.5
23 Apr 2013,1408
24 Apr 2013,1428.5
25 Apr 2013,1451
26 Apr 2013,1471.5
29 Apr 2013,1467.5
30 Apr 2013,1469
01 May 2013,1454.75
02 May 2013,1469.25
03 May 2013,1469.25
07 May 2013,1444.25
08 May 2013,1468
09 May 2013,1465.5
10 May 2013,1426.5
13 May 2013,1430.75
14 May 2013,1433.75
15 May 2013,1410
16 May 2013,1381
17 May 2013,1368.75
20 May 2013,1354.75
21 May 2013,1360.75
22 May 2013,1408.5
23 May 2013,1380.5
24 May 2013,1390.25
28 May 2013,1376.5
29 May 2013,1382.5
30 May 2013,1413.5
31 May 2013,1394.5
03 Jun 2013,1402.5
04 Jun 2013,1399.5
05 Jun 2013,1404
06 Jun 2013,1400
07 Jun 2013,1386
10 Jun 2013,1383.25
11 Jun 2013,1374.25
12 Jun 2013,1382.75
13 Jun 2013,1385
14 Jun 2013,1391.25
17 Jun 2013,1384.75
18 Jun 2013,1366.75
19 Jun 2013,1372.75
20 Jun 2013,1292.5
21 Jun 2013,1295.25
24 Jun 2013,1286.75
25 Jun 2013,1279
26 Jun 2013,1236.25
27 Jun 2013,1232.75
28 Jun 2013,1192
01 Jul 2013,1242.75
02 Jul 2013,1252.5
03 Jul 2013,1250
04 Jul 2013,1251.75
05 Jul 2013,1212.75
08 Jul 2013,1235.25
09 Jul 2013,1255.5
10 Jul 2013,1256
11 Jul 2013,1285
12 Jul 2013,1279.75
15 Jul 2013,1284.75
16 Jul 2013,1291.5
17 Jul 2013,1297.25
18 Jul 2013,1283.25
19 Jul 2013,1295.75
22 Jul 2013,1327
23 Jul 2013,1333.5
24 Jul 2013,1335
25 Jul 2013,1326
26 Jul 2013,1331
29 Jul 2013,1329.75
30 Jul 2013,1324.15
31 Jul 2013,1314.5
01 Aug 2013,1315
02 Aug 2013,1309.25
05 Aug 2013,1304.75
06 Aug 2013,1280.5
07 Aug 2013,1282.5
08 Aug 2013,1298.25
09 Aug 2013,1309
12 Aug 2013,1341
13 Aug 2013,1328.5
14 Aug 2013,1326.5
15 Aug 2013,1329.75
16 Aug 2013,1369.25
19 Aug 2013,1365
20 Aug 2013,1372.5
21 Aug 2013,1363
22 Aug 2013,1375.5
23 Aug 2013,1377.5
27 Aug 2013,1419.25
28 Aug 2013,1419.5
29 Aug 2013,1407.75
30 Aug 2013,1394.75
02 Sep 2013,1392.25
03 Sep 2013,1399.5
04 Sep 2013,1390
05 Sep 2013,1385
06 Sep 2013,1387
09 Sep 2013,1390
10 Sep 2013,1358.25
11 Sep 2013,1363.75
12 Sep 2013,1328
13 Sep 2013,1318.5
16 Sep 2013,1324
17 Sep 2013,1312.25
18 Sep 2013,1301
19 Sep 2013,1365.5
20 Sep 2013,1349.25
23 Sep 2013,1323
24 Sep 2013,1314.25
25 Sep 2013,1322.75
26 Sep 2013,1333
27 Sep 2013,1341
30 Sep 2013,1326.5
01 Oct 2013,1290.75
02 Oct 2013,1306.25
03 Oct 2013,1316
04 Oct 2013,1309.75
07 Oct 2013,1323.5
08 Oct 2013,1329.5
09 Oct 2013,1304
10 Oct 2013,1298.5
11 Oct 2013,1265.5
14 Oct 2013,1285.5
15 Oct 2013,1270.5
16 Oct 2013,1273.5
17 Oct 2013,1319.25
18 Oct 2013,1316.5
21 Oct 2013,1317.5
22 Oct 2013,1333
23 Oct 2013,1331.25
24 Oct 2013,1344.75
25 Oct 2013,1347.75
28 Oct 2013,1361
29 Oct 2013,1349.25
30 Oct 2013,1354.75
31 Oct 2013,1324
01 Nov 2013,1306.75
04 Nov 2013,1320.5
05 Nov 2013,1307.25
06 Nov 2013,1319
07 Nov 2013,1307.25
08 Nov 2013,1285.5
11 Nov 2013,1282.5
12 Nov 2013,1281.25
13 Nov 2013,1272.5
14 Nov 2013,1286
15 Nov 2013,1287.25
18 Nov 2013,1283.5
19 Nov 2013,1275.75
20 Nov 2013,1257
21 Nov 2013,1240
22 Nov 2013,1246.25
25 Nov 2013,1243
26 Nov 2013,1247.5
27 Nov 2013,1245
28 Nov 2013,1245.5
29 Nov 2013,1253
02 Dec 2013,1229.5
03 Dec 2013,1217.25
04 Dec 2013,1227.5
05 Dec 2013,1222.5
06 Dec 2013,1233
09 Dec 2013,1237
10 Dec 2013,1266.25
11 Dec 2013,1260.75
12 Dec 2013,1225.25
13 Dec 2013,1232
16 Dec 2013,1234.75
17 Dec 2013,1231.75
18 Dec 2013,1230.5
19 Dec 2013,1196
20 Dec 2013,1195.25
23 Dec 2013,1199
24 Dec 2013,1199
27 Dec 2013,1214.5
30 Dec 2013,1204.5
31 Dec 2013,1204.5
02 Jan 2014,1225
03 Jan 2014,1234.5
06 Jan 2014,1246.25
07 Jan 2014,1227.5
08 Jan 2014,1221
09 Jan 2014,1226
10 Jan 2014,1244.25
13 Jan 2014,1248
14 Jan 2014,1251.5
15 Jan 2014,1236
16 Jan 2014,1241.5
17 Jan 2014,1250
20 Jan 2014,1255.75
21 Jan 2014,1238
22 Jan 2014,1241
23 Jan 2014,1263
24 Jan 2014,1267
27 Jan 2014,1260.5
28 Jan 2014,1251.25
29 Jan 2014,1264
30 Jan 2014,1242.5
31 Jan 2014,1251
03 Feb 2014,1262
04 Feb 2014,1250.25
05 Feb 2014,1254.5
06 Feb 2014,1256.5
07 Feb 2014,1259.25
10 Feb 2014,1277
11 Feb 2014,1282
12 Feb 2014,1289.5
13 Feb 2014,1296
14 Feb 2014,1320
17 Feb 2014,1327.5
18 Feb 2014,1320.75
19 Feb 2014,1320.5
20 Feb 2014,1316.25
21 Feb 2014,1323.25
24 Feb 2014,1334.75
25 Feb 2014,1339
26 Feb 2014,1331.75
27 Feb 2014,1332.25
28 Feb 2014,1326.5
03 Mar 2014,1349.5
04 Mar 2014,1334.75
05 Mar 2014,1337
06 Mar 2014,1345.25
07 Mar 2014,1335.25
10 Mar 2014,1344
11 Mar 2014,1346.25
12 Mar 2014,1366
13 Mar 2014,1368.75
14 Mar 2014,1385
17 Mar 2014,1378.5
18 Mar 2014,1355.75
19 Mar 2014,1338
20 Mar 2014,1327
21 Mar 2014,1336
24 Mar 2014,1310.75
25 Mar 2014,1313.5
26 Mar 2014,1304
27 Mar 2014,1296
28 Mar 2014,1294.75
31 Mar 2014,1291.75
01 Apr 2014,1283.75
02 Apr 2014,1292
03 Apr 2014,1284
04 Apr 2014,1297.25
07 Apr 2014,1299
08 Apr 2014,1309.5
09 Apr 2014,1301.75
10 Apr 2014,1320.5
11 Apr 2014,1318
14 Apr 2014,1325.75
15 Apr 2014,1298
16 Apr 2014,1301.5
17 Apr 2014,1299
22 Apr 2014,1286.75
23 Apr 2014,1285.25
24 Apr 2014,1291.5
25 Apr 2014,1301.25
28 Apr 2014,1299
29 Apr 2014,1297.75
30 Apr 2014,1288.5
01 May 2014,1278.5
02 May 2014,1281.25
06 May 2014,1306.25
07 May 2014,1296
08 May 2014,1287
09 May 2014,1291.25
12 May 2014,1298.75
13 May 2014,1296.5
14 May 2014,1305.25
15 May 2014,1299
16 May 2014,1291.5
19 May 2014,1302
20 May 2014,1295.5
21 May 2014,1287.25
22 May 2014,1298.5
23 May 2014,1291.5
27 May 2014,1275.5
28 May 2014,1263.5
29 May 2014,1255
30 May 2014,1250.5
02 Jun 2014,1247.25
03 Jun 2014,1242.75
04 Jun 2014,1245.25
05 Jun 2014,1252.5
06 Jun 2014,1247.5
09 Jun 2014,1253.5
10 Jun 2014,1259.5
11 Jun 2014,1262
12 Jun 2014,1265.75
13 Jun 2014,1273
16 Jun 2014,1276.25
17 Jun 2014,1267.5
18 Jun 2014,1269.75
19 Jun 2014,1293
20 Jun 2014,1312.5
23 Jun 2014,1313.5
24 Jun 2014,1318.5
25 Jun 2014,1316.75
26 Jun 2014,1311.75
27 Jun 2014,1317.5
30 Jun 2014,1315
01 Jul 2014,1327.5
02 Jul 2014,1326.5
03 Jul 2014,1317.5
04 Jul 2014,1319.25
07 Jul 2014,1313
08 Jul 2014,1323
09 Jul 2014,1322.75
10 Jul 2014,1340.25
11 Jul 2014,1335
14 Jul 2014,1306
15 Jul 2014,1310
16 Jul 2014,1301
17 Jul 2014,1302.5
18 Jul 2014,1307.25
21 Jul 2014,1311.5
22 Jul 2014,1310.25
23 Jul 2014,1308
24 Jul 2014,1292.75
25 Jul 2014,1294.75
28 Jul 2014,1304.5
29 Jul 2014,1299.25
30 Jul 2014,1294.5
31 Jul 2014,1285.25
01 Aug 2014,1291.25
04 Aug 2014,1290.5
05 Aug 2014,1284.75
06 Aug 2014,1306.5
07 Aug 2014,1305.25
08 Aug 2014,1309.75
11 Aug 2014,1307.25
12 Aug 2014,1315.75
13 Aug 2014,1312
14 Aug 2014,1313.5
15 Aug 2014,1296
18 Aug 2014,1296.75
19 Aug 2014,1296.5
20 Aug 2014,1295
21 Aug 2014,1275.25
22 Aug 2014,1277.25
26 Aug 2014,1286
27 Aug 2014,1282.75
28 Aug 2014,1292
29 Aug 2014,1285.75
01 Sep 2014,1286.5
02 Sep 2014,1267
03 Sep 2014,1265.5
04 Sep 2014,1271.5
05 Sep 2014,1266
08 Sep 2014,1259
09 Sep 2014,1255.75
10 Sep 2014,1251
11 Sep 2014,1241.25
12 Sep 2014,1231.5
15 Sep 2014,1234.25
16 Sep 2014,1232.25
17 Sep 2014,1236
18 Sep 2014,1220.5
19 Sep 2014,1219.75
22 Sep 2014,1213.5
23 Sep 2014,1222
24 Sep 2014,1217.25
25 Sep 2014,1213.75
26 Sep 2014,1213.75
29 Sep 2014,1219.5
30 Sep 2014,1216.5
01 Oct 2014,1216.5
02 Oct 2014,1211.75
03 Oct 2014,1195
06 Oct 2014,1195.75
07 Oct 2014,1210.5
08 Oct 2014,1217
09 Oct 2014,1226.75
10 Oct 2014,1219
13 Oct 2014,1229
14 Oct 2014,1234.75
15 Oct 2014,1237.5
16 Oct 2014,1237.75
17 Oct 2014,1234.25
20 Oct 2014,1244.5
21 Oct 2014,1250.25
22 Oct 2014,1243.75
23 Oct 2014,1232.75
24 Oct 2014,1232.75
27 Oct 2014,1228.75
28 Oct 2014,1229.25
29 Oct 2014,1223.5
30 Oct 2014,1202
31 Oct 2014,1164.25
03 Nov 2014,1167.75
04 Nov 2014,1166.5
05 Nov 2014,1142
06 Nov 2014,1145
07 Nov 2014,1154.5
10 Nov 2014,1162
11 Nov 2014,1156.5
12 Nov 2014,1164.5
13 Nov 2014,1161.75
14 Nov 2014,1169
17 Nov 2014,1182.5
18 Nov 2014,1192.75
19 Nov 2014,1196
20 Nov 2014,1190
21 Nov 2014,1203.75
24 Nov 2014,1197.5
25 Nov 2014,1199
26 Nov 2014,1197.5
27 Nov 2014,1194.75
28 Nov 2014,1182.75
01 Dec 2014,1194
02 Dec 2014,1195
03 Dec 2014,1204.75
04 Dec 2014,1209
05 Dec 2014,1194
08 Dec 2014,1193
09 Dec 2014,1227
10 Dec 2014,1229
11 Dec 2014,1216.25
12 Dec 2014,1217
15 Dec 2014,1209.25
16 Dec 2014,1202.5
17 Dec 2014,1195.75
18 Dec 2014,1199
19 Dec 2014,1195.5
22 Dec 2014,1195.25
23 Dec 2014,1175.75
24 Dec 2014,1175.75
29 Dec 2014,1185.5
30 Dec 2014,1206
31 Dec 2014,1206
02 Jan 2015,1172
05 Jan 2015,1200
06 Jan 2015,1210.25
07 Jan 2015,1210.5
08 Jan 2015,1215.5
09 Jan 2015,1217.75
12 Jan 2015,1226.5
13 Jan 2015,1231.5
14 Jan 2015,1235
15 Jan 2015,1259
16 Jan 2015,1277.5
19 Jan 2015,1273.75
20 Jan 2015,1288.75
21 Jan 2015,1293.5
22 Jan 2015,1295.75
23 Jan 2015,1294.75
26 Jan 2015,1281.25
27 Jan 2015,1288.5
28 Jan 2015,1288
29 Jan 2015,1268.75
30 Jan 2015,1260.25
02 Feb 2015,1272.5
03 Feb 2015,1264.25
04 Feb 2015,1268.5
05 Feb 2015,1259.25
06 Feb 2015,1241
09 Feb 2015,1238.5
10 Feb 2015,1234.5
11 Feb 2015,1223.75
12 Feb 2015,1222.5
13 Feb 2015,1232.5
16 Feb 2015,1229.25
17 Feb 2015,1209.5
18 Feb 2015,1206
19 Feb 2015,1209.5
20 Feb 2015,1208.25
23 Feb 2015,1204.5
24 Feb 2015,1192.5
25 Feb 2015,1204.75
26 Feb 2015,1208.25
27 Feb 2015,1214
02 Mar 2015,1212.5
03 Mar 2015,1212.75
04 Mar 2015,1199.5
05 Mar 2015,1202
06 Mar 2015,1175.75
09 Mar 2015,1168.5
10 Mar 2015,1162
11 Mar 2015,1150
12 Mar 2015,1152.25
13 Mar 2015,1152
16 Mar 2015,1150.75
17 Mar 2015,1150.75
18 Mar 2015,1147.25
19 Mar 2015,1166
20 Mar 2015,1183.1
23 Mar 2015,1186.25
24 Mar 2015,1191.5
25 Mar 2015,1195.6
26 Mar 2015,1203.15
27 Mar 2015,1195.75
30 Mar 2015,1185.5
31 Mar 2015,1187
01 Apr 2015,1197
02 Apr 2015,1198.5
07 Apr 2015,1211
08 Apr 2015,1207.25
09 Apr 2015,1194.8
10 Apr 2015,1207.35
13 Apr 2015,1198.9
14 Apr 2015,1194.75
15 Apr 2015,1192.9
16 Apr 2015,1204.35
17 Apr 2015,1203.35
20 Apr 2015,1196.5
21 Apr 2015,1195.3
22 Apr 2015,1189.25
23 Apr 2015,1185.75
24 Apr 2015,1183
27 Apr 2015,1200
28 Apr 2015,1209
29 Apr 2015,1209
30 Apr 2015,1180.25
01 May 2015,1175.95
05 May 2015,1197
06 May 2015,1194.25
07 May 2015,1187
08 May 2015,1186
11 May 2015,1189.25
12 May 2015,1191.5
13 May 2015,1210.5
14 May 2015,1225
15 May 2015,1220.5
18 May 2015,1223.5
19 May 2015,1214.3
20 May 2015,1210.5
21 May 2015,1205
22 May 2015,1204.1
26 May 2015,1185.4
27 May 2015,1185.85
28 May 2015,1185
29 May 2015,1191.4
01 Jun 2015,1199.9
02 Jun 2015,1192.8
03 Jun 2015,1190
04 Jun 2015,1176
05 Jun 2015,1164.6
08 Jun 2015,1172.8
09 Jun 2015,1177.4
10 Jun 2015,1188.5
11 Jun 2015,1178.5
12 Jun 2015,1182.8
15 Jun 2015,1181.4
16 Jun 2015,1177.75
17 Jun 2015,1178
18 Jun 2015,1201.85
19 Jun 2015,1203.4
22 Jun 2015,1185.5
23 Jun 2015,1178
24 Jun 2015,1173.75
25 Jun 2015,1172.65
26 Jun 2015,1170.5
29 Jun 2015,1176
30 Jun 2015,1176
01 Jul 2015,1168
02 Jul 2015,1165.25
03 Jul 2015,1167.95
06 Jul 2015,1166
07 Jul 2015,1156.25
08 Jul 2015,1158.5
09 Jul 2015,1164.25
10 Jul 2015,1159.3
13 Jul 2015,1154
14 Jul 2015,1157.4
15 Jul 2015,1147.4
16 Jul 2015,1144.4
17 Jul 2015,1132.8
20 Jul 2015,1104.6
21 Jul 2015,1105.6
22 Jul 2015,1088.6
23 Jul 2015,1097.4
24 Jul 2015,1080.8
27 Jul 2015,1100
28 Jul 2015,1096.2
29 Jul 2015,1090.25
30 Jul 2015,1087.5
31 Jul 2015,1098.4
03 Aug 2015,1091.9
04 Aug 2015,1090.65
05 Aug 2015,1085.1
06 Aug 2015,1089.75
07 Aug 2015,1093.5
10 Aug 2015,1097
11 Aug 2015,1108.25
12 Aug 2015,1119
13 Aug 2015,1116.75
14 Aug 2015,1118.25
17 Aug 2015,1118.8
18 Aug 2015,1111.45
19 Aug 2015,1126.15
20 Aug 2015,1147.7
21 Aug 2015,1156.5
24 Aug 2015,1166.5
25 Aug 2015,1137.5
26 Aug 2015,1120.75
27 Aug 2015,1119
28 Aug 2015,1135
01 Sep 2015,1142.3
02 Sep 2015,1137.75
03 Sep 2015,1128
04 Sep 2015,1118.25
07 Sep 2015,1119.5
08 Sep 2015,1121.15
09 Sep 2015,1109.85
10 Sep 2015,1109.5
11 Sep 2015,1101.25
14 Sep 2015,1104.8
15 Sep 2015,1105.95
16 Sep 2015,1117.6
17 Sep 2015,1117.5
18 Sep 2015,1141.5
21 Sep 2015,1133.25
22 Sep 2015,1122.9
23 Sep 2015,1131.35
24 Sep 2015,1154.5
25 Sep 2015,1146.65
28 Sep 2015,1131.05
29 Sep 2015,1132.1
30 Sep 2015,1114
01 Oct 2015,1119
02 Oct 2015,1140.75
05 Oct 2015,1139.75
06 Oct 2015,1147.5
07 Oct 2015,1144.6
08 Oct 2015,1140
09 Oct 2015,1151.55
12 Oct 2015,1164.9
13 Oct 2015,1165.2
14 Oct 2015,1173.9
15 Oct 2015,1184.25
16 Oct 2015,1180.85
19 Oct 2015,1175.4
20 Oct 2015,1177.75
21 Oct 2015,1167.1
22 Oct 2015,1167
23 Oct 2015,1161.25
26 Oct 2015,1166.4
27 Oct 2015,1165.7
28 Oct 2015,1179.6
29 Oct 2015,1148.6
30 Oct 2015,1142.35
02 Nov 2015,1134
03 Nov 2015,1123.1
04 Nov 2015,1114.7
05 Nov 2015,1106.3
06 Nov 2015,1088.9
09 Nov 2015,1089.6
10 Nov 2015,1087.1
11 Nov 2015,1085.9
12 Nov 2015,1087.4
13 Nov 2015,1081.5
16 Nov 2015,1084.75
17 Nov 2015,1079.2
18 Nov 2015,1067.75
19 Nov 2015,1082.6
20 Nov 2015,1081.75
23 Nov 2015,1070.5
24 Nov 2015,1076.4
25 Nov 2015,1068
26 Nov 2015,1071
27 Nov 2015,1057.4
30 Nov 2015,1061.9
01 Dec 2015,1065.4
02 Dec 2015,1055.4
03 Dec 2015,1055.45
04 Dec 2015,1079.25
07 Dec 2015,1075.8
08 Dec 2015,1072.1
09 Dec 2015,1081
10 Dec 2015,1071
11 Dec 2015,1072.5
14 Dec 2015,1068.25
15 Dec 2015,1061.5
16 Dec 2015,1075.25
17 Dec 2015,1049.4
18 Dec 2015,1062.5
21 Dec 2015,1078.75
22 Dec 2015,1074.9
23 Dec 2015,1068.25
24 Dec 2015,1068.25
29 Dec 2015,1070.1
30 Dec 2015,1060
31 Dec 2015,1060
04 Jan 2016,1082.25
05 Jan 2016,1077
06 Jan 2016,1091.4
07 Jan 2016,1106.35
08 Jan 2016,1101.85
11 Jan 2016,1100.75
12 Jan 2016,1085.4
13 Jan 2016,1088.15
14 Jan 2016,1088.4
15 Jan 2016,1093.75
18 Jan 2016,1089.2
19 Jan 2016,1086.25
20 Jan 2016,1101.75
21 Jan 2016,1096.5
22 Jan 2016,1096.25
25 Jan 2016,1106.6
26 Jan 2016,1113.6
27 Jan 2016,1116.25
28 Jan 2016,1114
29 Jan 2016,1111.8
01 Feb 2016,1126.5
02 Feb 2016,1128.5
03 Feb 2016,1132
04 Feb 2016,1156.35
05 Feb 2016,1150.35
08 Feb 2016,1193.25
09 Feb 2016,1191
10 Feb 2016,1190
11 Feb 2016,1241
12 Feb 2016,1239.75
15 Feb 2016,1208.2
16 Feb 2016,1209.5
17 Feb 2016,1210
18 Feb 2016,1210.1
19 Feb 2016,1231.15
22 Feb 2016,1211
23 Feb 2016,1221.35
24 Feb 2016,1250.75
25 Feb 2016,1236
26 Feb 2016,1226.5
29 Feb 2016,1234.9
01 Mar 2016,1236.5
02 Mar 2016,1239.2
03 Mar 2016,1250.25
04 Mar 2016,1277.5
07 Mar 2016,1267.9
08 Mar 2016,1267
09 Mar 2016,1246.4
10 Mar 2016,1266.5
11 Mar 2016,1264.75
14 Mar 2016,1242.75
15 Mar 2016,1232
16 Mar 2016,1228.5
17 Mar 2016,1266.5
18 Mar 2016,1252.1
21 Mar 2016,1244.9
22 Mar 2016,1252.5
23 Mar 2016,1217.6
24 Mar 2016,1221
29 Mar 2016,1226
30 Mar 2016,1236.25
31 Mar 2016,1237
01 Apr 2016,1213.6
04 Apr 2016,1219.75
05 Apr 2016,1231.25
06 Apr 2016,1221.4
07 Apr 2016,1242.1
08 Apr 2016,1239.5
11 Apr 2016,1254.75
12 Apr 2016,1254.6
13 Apr 2016,1245.75
14 Apr 2016,1233.85
15 Apr 2016,1227.1
18 Apr 2016,1234.3
19 Apr 2016,1255.4
20 Apr 2016,1252
21 Apr 2016,1249.25
22 Apr 2016,1243.25
25 Apr 2016,1238.9
26 Apr 2016,1241.7
27 Apr 2016,1247.4
28 Apr 2016,1256
29 Apr 2016,1285.65
03 May 2016,1294
04 May 2016,1283
05 May 2016,1280.25
06 May 2016,1289
09 May 2016,1265.25
10 May 2016,1262.8
11 May 2016,1276.85
12 May 2016,1279.25
13 May 2016,1265.9
16 May 2016,1285.75
17 May 2016,1277
18 May 2016,1272.9
19 May 2016,1246.25
20 May 2016,1254.2
23 May 2016,1245.9
24 May 2016,1236.85
25 May 2016,1220.6
26 May 2016,1223.85
27 May 2016,1216.25
31 May 2016,1212.1
01 Jun 2016,1214.5
02 Jun 2016,1212.4
03 Jun 2016,1240.5
06 Jun 2016,1244
07 Jun 2016,1241
08 Jun 2016,1263
09 Jun 2016,1263.9
10 Jun 2016,1275.5
13 Jun 2016,1280.8
14 Jun 2016,1287.15
15 Jun 2016,1283.3
16 Jun 2016,1310.75
17 Jun 2016,1290.7
20 Jun 2016,1281.8
21 Jun 2016,1272.6
22 Jun 2016,1264.85
23 Jun 2016,1262.15
24 Jun 2016,1315.5
27 Jun 2016,1324.55
28 Jun 2016,1309.7
29 Jun 2016,1321.5
30 Jun 2016,1320.75
01 Jul 2016,1340
04 Jul 2016,1350.75
05 Jul 2016,1350.75
06 Jul 2016,1366.25
07 Jul 2016,1356.7
08 Jul 2016,1354.25
11 Jul 2016,1357.1
12 Jul 2016,1342.4
13 Jul 2016,1342.75
14 Jul 2016,1323.6
15 Jul 2016,1327
18 Jul 2016,1334.7
19 Jul 2016,1330.9
20 Jul 2016,1315.9
21 Jul 2016,1321.15
22 Jul 2016,1320.75
25 Jul 2016,1313.15
26 Jul 2016,1323
27 Jul 2016,1329
28 Jul 2016,1341.75
29 Jul 2016,1342
01 Aug 2016,1349.65
02 Aug 2016,1363.75
03 Aug 2016,1358.9
04 Aug 2016,1362.75
05 Aug 2016,1340.4
08 Aug 2016,1336.8
09 Aug 2016,1341
10 Aug 2016,1347.7
11 Aug 2016,1355
12 Aug 2016,1352.2
15 Aug 2016,1339.4
16 Aug 2016,1344
17 Aug 2016,1343.35
18 Aug 2016,1350.05
19 Aug 2016,1346.4
22 Aug 2016,1335.9
23 Aug 2016,1342
24 Aug 2016,1327.25
25 Aug 2016,1321.3
26 Aug 2016,1318.75
30 Aug 2016,1318.15
31 Aug 2016,1309.25
01 Sep 2016,1309.5
02 Sep 2016,1324.7
05 Sep 2016,1326.35
06 Sep 2016,1337.25
07 Sep 2016,1348.35
08 Sep 2016,1343.4
09 Sep 2016,1330.85
12 Sep 2016,1324.6
13 Sep 2016,1323.65
14 Sep 2016,1321.75
15 Sep 2016,1310.8
16 Sep 2016,1308.35
19 Sep 2016,1314.85
20 Sep 2016,1313.8
21 Sep 2016,1326.1
22 Sep 2016,1339.1
23 Sep 2016,1338.65
26 Sep 2016,1340.5
27 Sep 2016,1327
28 Sep 2016,1322.5
29 Sep 2016,1318.1
30 Sep 2016,1322.5
03 Oct 2016,1313.3
04 Oct 2016,1283.3
05 Oct 2016,1269.4
06 Oct 2016,1254.5
07 Oct 2016,1258.75
10 Oct 2016,1259.5
11 Oct 2016,1253.45
12 Oct 2016,1256.5
13 Oct 2016,1261.05
14 Oct 2016,1251.75
17 Oct 2016,1254.8
18 Oct 2016,1258.2
19 Oct 2016,1269.05
20 Oct 2016,1271.65
21 Oct 2016,1266.05
24 Oct 2016,1265.55
25 Oct 2016,1269.4
26 Oct 2016,1270.5
27 Oct 2016,1266.25
28 Oct 2016,1273
31 Oct 2016,1272
01 Nov 2016,1288.45
02 Nov 2016,1303.75
03 Nov 2016,1301
04 Nov 2016,1302.8
07 Nov 2016,1283.05
08 Nov 2016,1282.35
09 Nov 2016,1281.4
10 Nov 2016,1267.5
11 Nov 2016,1236.45
14 Nov 2016,1213.6
15 Nov 2016,1226.95
16 Nov 2016,1229.2
17 Nov 2016,1226.75
18 Nov 2016,1211
21 Nov 2016,1214.25
22 Nov 2016,1212.25
23 Nov 2016,1185.35
24 Nov 2016,1186.1
25 Nov 2016,1187.7
28 Nov 2016,1187
29 Nov 2016,1186.55
30 Nov 2016,1178.1
01 Dec 2016,1161.85
02 Dec 2016,1173.5
05 Dec 2016,1162.2
06 Dec 2016,1172.5
07 Dec 2016,1177.65
08 Dec 2016,1171.05
09 Dec 2016,1163.6
12 Dec 2016,1156.1
13 Dec 2016,1158.55
14 Dec 2016,1162.25
15 Dec 2016,1126.95
16 Dec 2016,1131.6
19 Dec 2016,1136.25
20 Dec 2016,1125.7
21 Dec 2016,1133.65
22 Dec 2016,1131.35
23 Dec 2016,1131.35
28 Dec 2016,1134.6
29 Dec 2016,1145.9
30 Dec 2016,1145.9
03 Jan 2017,1151
04 Jan 2017,1164.25
05 Jan 2017,1176.7
06 Jan 2017,1175.85
09 Jan 2017,1178.5
10 Jan 2017,1189.5
11 Jan 2017,1178.55
12 Jan 2017,1205.05
13 Jan 2017,1190.35
16 Jan 2017,1203
17 Jan 2017,1216.05
18 Jan 2017,1214.75
19 Jan 2017,1196.05
20 Jan 2017,1200.55
23 Jan 2017,1212.85
24 Jan 2017,1216.8
25 Jan 2017,1195
26 Jan 2017,1189.7
27 Jan 2017,1184.85
30 Jan 2017,1192.8
31 Jan 2017,1212.8
01 Feb 2017,1203.65
02 Feb 2017,1221.95
03 Feb 2017,1215.2
06 Feb 2017,1226.75
07 Feb 2017,1231
08 Feb 2017,1242.1
09 Feb 2017,1236.8
10 Feb 2017,1228.3
13 Feb 2017,1222.25
14 Feb 2017,1230.75
15 Feb 2017,1224.4
16 Feb 2017,1240.55
17 Feb 2017,1241.95
20 Feb 2017,1237.3
21 Feb 2017,1233.2
22 Feb 2017,1236.65
23 Feb 2017,1247.9
24 Feb 2017,1253.65
27 Feb 2017,1257.2
28 Feb 2017,1255.6
01 Mar 2017,1240.4
02 Mar 2017,1238.1
03 Mar 2017,1226.5
06 Mar 2017,1230.95
07 Mar 2017,1216.65
08 Mar 2017,1209.2
09 Mar 2017,1206.55
10 Mar 2017,1202.65
13 Mar 2017,1204.2
14 Mar 2017,1204.6
15 Mar 2017,1198.8
16 Mar 2017,1229.35
17 Mar 2017,1229.6
20 Mar 2017,1232.4
21 Mar 2017,1241.6
22 Mar 2017,1249.05
23 Mar 2017,1247.5
24 Mar 2017,1247.5
27 Mar 2017,1257.55
28 Mar 2017,1257.25
29 Mar 2017,1251.1
30 Mar 2017,1248.8
31 Mar 2017,1244.85
03 Apr 2017,1247.25
04 Apr 2017,1257.65
05 Apr 2017,1245.8
06 Apr 2017,1252.5
07 Apr 2017,1266.45
10 Apr 2017,1250.05
11 Apr 2017,1252.9
12 Apr 2017,1274.3
13 Apr 2017,1284.15
18 Apr 2017,1278.95
19 Apr 2017,1279.05
20 Apr 2017,1282.1
21 Apr 2017,1281.85
24 Apr 2017,1269.4
25 Apr 2017,1267.8
26 Apr 2017,1261.85
27 Apr 2017,1262.8
28 Apr 2017,1266.45
02 May 2017,1255.45
03 May 2017,1250.3
04 May 2017,1228.45
05 May 2017,1228.05
08 May 2017,1229.8
09 May 2017,1220.4
10 May 2017,1222.95
11 May 2017,1223.15
12 May 2017,1231.25
15 May 2017,1233.3
16 May 2017,1234.2
17 May 2017,1257.4
18 May 2017,1255.9
19 May 2017,1252
22 May 2017,1258.85
23 May 2017,1260.2
24 May 2017,1252.55
25 May 2017,1256.95
26 May 2017,1265.05
