Date,tecl_stitched_return
1992-08-18,-0.0094719883723716
1992-08-19,-0.0095059916939757
1992-08-20,0.0123292909831933
1992-08-21,-0.0276239608713782
1992-08-24,-0.0508416899139536
1992-08-25,0.0163932810294696
1992-08-26,0.0283600424392672
1992-08-27,0.0206865212296255
1992-08-28,0.009582218869841
1992-08-31,-0.0040660624914819
1992-09-01,0.0204594980249345
1992-09-02,0.0302017757308298
1992-09-03,0.0075771465151792
1992-09-04,-0.0057311734724815
1992-09-08,-0.0004036990247545
1992-09-09,0.0253857625348317
1992-09-10,0.0277666744044867
1992-09-11,0.0091700498356906
1992-09-14,0.0559747485800896
1992-09-15,-0.0233128364473407
1992-09-16,-0.02437666375917
1992-09-17,0.0151583133141082
1992-09-18,0.0159207795965914
1992-09-21,-0.0029664832921049
1992-09-22,-0.0251838296694711
1992-09-23,-0.0038579795979598
1992-09-24,0.0237922527856009
1992-09-25,-0.0474639417350562
1992-09-28,-0.0134642477364409
1992-09-29,0.0250408210621779
1992-09-30,0.0048294370660626
1992-10-01,-0.0150920455574071
1992-10-02,-0.0291196939048449
1992-10-05,-0.0268160898832355
1992-10-06,0.0209918776550822
1992-10-07,-0.0048107592757376
1992-10-08,0.0473816901109455
1992-10-09,-0.0151549271684359
1992-10-12,0.0301716521462333
1992-10-13,0.0056377906803248
1992-10-14,-0.0029899377886702
1992-10-15,0.0107963043167426
1992-10-16,0.0236164576108012
1992-10-19,0.0514256796706759
1992-10-20,-0.0087475809905814
1992-10-21,0.0112905549011291
1992-10-22,-0.0087235201730654
1992-10-23,-0.0137591235725887
1992-10-26,0.0054607084709721
1992-10-27,-0.0129620855156522
1992-10-28,0.0483724383232925
1992-10-29,0.0292923874197044
1992-10-30,-0.0077514056656547
1992-11-02,0.0208458041219726
1992-11-03,-0.0133978710048146
1992-11-04,-0.0126490376049407
1992-11-05,0.0462768156835674
1992-11-06,0.0196833790458339
1992-11-09,0.0203174922702006
1992-11-10,0.0296496535301451
1992-11-11,0.0183439107866151
1992-11-12,-0.0027542697864198
1992-11-13,-0.0027589152461397
1992-11-16,-0.0058809056723317
1992-11-17,-0.0409727660253315
1992-11-18,0.0463049591718431
1992-11-19,0.0275661867349636
1992-11-20,0.0172509213493
1992-11-23,-0.0287180222616653
1992-11-24,0.0374126038414696
1992-11-25,0.0003140177550806
1992-11-27,0.0079199872302021
1992-11-30,0.0056117619939109
1992-12-01,0.001054651617833
1992-12-02,-0.0163402561763316
1992-12-03,0.0162852178001106
1992-12-04,0.0131587996338303
1992-12-07,0.0266154246289752
1992-12-08,0.002525593948758
1992-12-09,-0.0101053255326616
1992-12-10,-0.0355012658257456
1992-12-11,-0.0238967968375757
1992-12-14,-0.0073205645904939
1992-12-15,-0.0234128552182489
1992-12-16,-0.0174407691771648
1992-12-17,0.0407823933588832
1992-12-18,0.0179315037752311
1992-12-21,0.0094371672302433
1992-12-22,-0.0102809099061101
1992-12-23,0.0033589470674576
1992-12-24,0.0010795614094579
1992-12-28,0.0177506140823967
1992-12-29,0.0025693274639861
1992-12-30,0.0070862478364877
1992-12-31,0.0078183732190587
1993-01-04,-0.0101457315233569
1993-01-05,0.0243218204368131
1993-01-06,0.0389401399744808
1993-01-07,-0.0245699620040595
1993-01-08,-0.0129792294771942
1993-01-11,0.0359428461785534
1993-01-12,-0.0209041623966623
1993-01-13,0.0335126967928549
1993-01-14,0.0803736605234002
1993-01-15,-0.0370808252513289
1993-01-18,0.0396669222922122
1993-01-19,-0.0123971549179704
1993-01-20,-0.0074964039777132
1993-01-21,0.0222999580312791
1993-01-22,-0.0011166322304069
1993-01-25,0.0164770737046493
1993-01-26,0.0072784561597266
1993-01-27,-0.0477929128399016
1993-01-28,-0.0394652751327593
1993-01-29,-0.0133881277136444
1993-02-01,0.0380201578873686
1993-02-02,0.0124446884582015
1993-02-03,-0.0060927363065341
1993-02-04,-0.0061007409035585
1993-02-05,-0.0282427581150518
1993-02-08,-0.0141228790281502
1993-02-09,-0.0163731738356983
1993-02-10,0.0039732283852251
1993-02-11,0.0010519763841216
1993-02-12,-0.0069661572296917
1993-02-16,-0.0566615809281565
1993-02-17,-0.0063826237034662
1993-02-18,0.018322502152057
1993-02-19,0.00702706181998
1993-02-22,-0.0070817003798226
1993-02-23,-0.0123005051349718
1993-02-24,0.0302072378452427
1993-02-25,0.0187730127746455
1993-02-26,0.0098407278635153
1993-03-01,-0.0098923477937019
1993-03-02,0.0156918013779321
1993-03-03,0.02577861690072
1993-03-04,-0.0061646286402516
1993-03-05,0.0010255655932237
1993-03-08,0.0248260747484126
1993-03-09,-0.007555979774743
1993-03-10,0.0210686190425372
1993-03-11,0.0102385493751479
1993-03-12,-0.0018279253232667
1993-03-15,0.028587595082947
1993-03-16,-0.0039104818953592
1993-03-17,-0.0655477634189977
1993-03-18,0.0039029937031624
1993-03-19,-0.0420371673030682
1993-03-22,-0.0573251829965161
1993-03-23,-0.0153373158613327
1993-03-24,-0.0041607512103963
1993-03-25,0.0454735332812392
1993-03-26,0.0143644216735209
1993-03-29,0.0025286720824099
1993-03-30,0.0149994371361258
1993-03-31,0.0316776546748063
1993-04-01,-0.0133629387477908
1993-04-02,-0.0554024812991765
1993-04-05,-0.0018844780939937
1993-04-06,-0.0115091886733411
1993-04-07,0.0122327815595137
1993-04-08,-0.0077679374058778
1993-04-12,0.0488320613569393
1993-04-13,0.0237481488886472
1993-04-14,-0.0027853185699396
1993-04-15,-0.0275273550317721
1993-04-16,-0.0020095228999638
1993-04-19,-0.0157291547111038
1993-04-20,-0.0117592262511018
1993-04-21,0.013477803964625
1993-04-22,0.0198882333094891
1993-04-23,0.0004085456321272
1993-04-26,-0.0390227515068961
1993-04-27,0.0355468933830897
1993-04-28,0.0430976982729622
1993-04-29,-0.0122827332030216
1993-04-30,-0.0091588905803717
1993-05-03,0.0435171012519796
1993-05-04,0.0600328934577336
1993-05-05,0.0241249504418704
1993-05-06,-0.0269680961448354
1993-05-07,0.0364252211927448
1993-05-10,0.0048907716232181
1993-05-11,0.0094071802429681
1993-05-12,-0.0071688978561483
1993-05-13,-0.0245243191567907
1993-05-14,0.0338304923044858
1993-05-17,0.0416223192547059
1993-05-18,0.0342903279589545
1993-05-19,0.0513078080381961
1993-05-20,0.0031563237155999
1993-05-21,-0.0303554140007311
1993-05-24,0.0039002141444323
1993-05-25,-0.000426148868924
1993-05-26,0.0514272373678184
1993-05-27,-0.0187720354086026
1993-05-28,-0.0508929033517846
1993-06-01,0.027135868660261
1993-06-02,0.0010083249338946
1993-06-03,0.0132033753347387
1993-06-04,-0.0417976911487782
1993-06-07,-0.028712756032609
1993-06-08,0.0002991002468835
1993-06-09,-0.0077615512955554
1993-06-10,0.0010388427193056
1993-06-11,0.0274993344965897
1993-06-14,0.0410021816910379
1993-06-15,0.0117313779562495
1993-06-16,-0.0110969439374949
1993-06-17,-0.0218598931879967
1993-06-18,-0.0508776728955869
1993-06-21,-0.0055786831312337
1993-06-22,-0.0011655190098811
1993-06-23,-0.026233270978856
1993-06-24,0.0323407078315785
1993-06-25,0.0539799344571381
1993-06-28,0.0830667098678854
1993-06-29,-0.0136583014820443
1993-06-30,0.0317952746922655
1993-07-01,0.0147979495584959
1993-07-02,0.0140235406664944
1993-07-06,-0.0024737441206331
1993-07-07,-0.038728857957761
1993-07-08,0.0197236863005138
1993-07-09,0.0278322198143072
1993-07-12,0.0336522201285866
1993-07-13,0.0251279617422105
1993-07-14,-0.0070753593703579
1993-07-15,-0.0765038320947486
1993-07-16,-0.0788671026909909
1993-07-19,-0.056529836672969
1993-07-20,0.0823785595064331
1993-07-21,0.0122334696578948
1993-07-22,-0.0116252102283229
1993-07-23,0.0206584325128071
1993-07-26,0.0156030425200766
1993-07-27,-0.0461467398730407
1993-07-28,-0.0004273960824889
1993-07-29,-0.0018313097234687
1993-07-30,-0.0166556335334879
1993-08-02,0.0535627043963383
1993-08-03,0.0072228709578433
1993-08-04,0.0162158717527757
1993-08-05,0.0037089660035297
1993-08-06,0.032590844098815
1993-08-09,0.0104404461970354
1993-08-10,0.0063371958976714
1993-08-11,-0.0085085986160321
1993-08-12,-0.0044777142534021
1993-08-13,-0.0580019379372102
1993-08-16,0.0363205113184102
1993-08-17,0.0357967865622025
1993-08-18,0.052803520279125
1993-08-19,0.0028830957959862
1993-08-20,-0.0313823762712897
1993-08-23,0.0202596857606909
1993-08-24,0.0366367245985093
1993-08-25,-0.0264968900375818
1993-08-26,-0.0590557712613241
1993-08-27,0.0177938374262248
1993-08-30,-0.0104650796337031
1993-08-31,-0.0084876579550755
1993-09-01,0.0002556482855247
1993-09-02,0.0130731692331531
1993-09-03,0.0002615558521952
1993-09-07,-0.0869178376411396
1993-09-08,-0.0677677339509644
1993-09-09,0.0495273587299141
1993-09-10,-0.0130043087366348
1993-09-13,-0.0580680555415604
1993-09-14,-0.0176836134004554
1993-09-15,0.0560987274281801
1993-09-16,0.0102198260216302
1993-09-17,0.0207593238894259
1993-09-20,-0.00250796388215
1993-09-21,-0.0158149270452365
1993-09-22,0.0926096966201092
1993-09-23,0.022700456698472
1993-09-24,0.0002656394609423
1993-09-27,0.034607226084244
1993-09-28,0.0367845410867602
1993-09-29,-0.0102236525048925
1993-09-30,-0.0273431519258951
1993-10-01,-0.0170080781945812
1993-10-04,-0.0077640124894005
1993-10-05,-0.0399706365955438
1993-10-06,-0.0017764952345324
1993-10-07,-0.0474360509223249
1993-10-08,0.0211114508960367
1993-10-11,-0.0052345290739786
1993-10-12,0.0623516755662674
1993-10-13,-0.0017672204709323
1993-10-14,-0.0098465785129153
1993-10-15,0.0252683613910133
1993-10-18,-0.0064470074335254
1993-10-19,-0.0554296834174526
1993-10-20,-0.0168792485277081
1993-10-21,0.0264942232151281
1993-10-22,0.0064080822534954
1993-10-25,-0.0174544245866168
1993-10-26,-0.0175711273041766
1993-10-27,0.0354733958801154
1993-10-28,-0.0051869675477146
1993-10-29,0.0166283944323437
1993-11-01,0.023956618500294
1993-11-02,0.0136587976832169
1993-11-03,-0.0538085332660995
1993-11-04,-0.0774528279798772
1993-11-05,0.0241834562475933
1993-11-08,0.0190671534514026
1993-11-09,0.0147703290210335
1993-11-10,0.0600094145068715
1993-11-11,0.0297518275252055
1993-11-12,0.0101756557793467
1993-11-15,-0.046637391837368
1993-11-16,0.0089845124715038
1993-11-17,-0.0526804342277303
1993-11-18,-0.0312131238789224
1993-11-19,-0.0239777268070429
1993-11-22,-0.031891068601027
1993-11-23,0.0540706980488708
1993-11-24,0.0300535103857144
1993-11-26,-0.0004311377231838
1993-11-29,-0.0154948033416934
1993-11-30,0.0167828962059083
1993-12-01,0.0337696125935341
1993-12-02,0.0285910190977057
1993-12-03,0.0469756974286669
1993-12-06,-0.0037540082839859
1993-12-07,0.0135494767883346
1993-12-08,-0.0024138318996269
1993-12-09,-0.034874129943364
1993-12-10,-0.0138580423178547
1993-12-13,0.0171343990852638
1993-12-14,-0.0346238697318173
1993-12-15,0.0220125886174019
1993-12-16,0.0177718652891943
1993-12-17,0.0203196103042816
1993-12-20,-0.0077264206588491
1993-12-21,0.0175414997658739
1993-12-22,-0.0024068018130142
1993-12-23,0.0002362507136093
1993-12-27,0.018747084986039
1993-12-28,0.0081054461906356
1993-12-29,0.0041587454133623
1993-12-30,0.0048077614061731
1993-12-31,-0.0023711958039462
1994-01-03,-0.0108592175022025
1994-01-04,0.0172479555727845
1994-01-05,0.0320758942097387
1994-01-06,0.0181876005788119
1994-01-07,0.0129616661864944
1994-01-10,0.0185959785457469
1994-01-11,-0.0205406179111474
1994-01-12,0.0027587171160027
1994-01-13,-0.00990885435549
1994-01-14,0.0262842386082827
1994-01-17,-0.002298752511833
1994-01-18,-0.0004136767332743
1994-01-19,-0.0281093373532621
1994-01-20,0.0186839718420708
1994-01-21,0.0090652187431774
1994-01-24,0.0046243780176666
1994-01-25,-0.0205060407333818
1994-01-26,-0.0067373155783377
1994-01-27,0.02625165178878
1994-01-28,0.017178585891468
1994-01-31,0.0120585068410042
1994-02-01,-0.010971706855805
1994-02-02,0.0182728006805954
1994-02-03,-0.015280939486379
1994-02-04,-0.0794833898157784
1994-02-07,0.0220381616266978
1994-02-08,0.0377576140317546
1994-02-09,0.0202527549436911
1994-02-10,-0.0023174031038613
1994-02-11,-0.0016948671507093
1994-02-14,0.023221051092488
1994-02-15,0.0236184794652406
1994-02-16,0.0166662637438466
1994-02-17,-0.0083458829398402
1994-02-18,-0.008981706004532
1994-02-22,0.0301009516776115
1994-02-23,-0.0101282493296088
1994-02-24,-0.033804798654727
1994-02-25,0.0069082634879883
1994-02-28,0.0368966460288593
1994-03-01,0.0001224354454994
1994-03-02,-0.0004772846250877
1994-03-03,0.0236590802849489
1994-03-04,0.0174467096911722
1994-03-07,0.0090118832458473
1994-03-08,-0.0093566264693148
1994-03-09,0.030963931227281
1994-03-10,0.0159300478241256
1994-03-11,0.0041771070068068
1994-03-14,0.0239202774528474
1994-03-15,-0.0056720871225439
1994-03-16,0.0191271852199385
1994-03-17,0.016695201838847
1994-03-18,-0.0061648430104645
1994-03-21,-0.0170210184047304
1994-03-22,-0.0085129703793688
1994-03-23,-0.007956095109011
1994-03-24,-0.0691495643263435
1994-03-25,-0.0574307633132319
1994-03-28,-0.0326472140840543
1994-03-29,-0.0736389432983893
1994-03-30,0.0026859251519117
1994-03-31,0.0305046893276324
1994-04-04,-0.0517308901090826
1994-04-05,0.0817456732327238
1994-04-06,0.0106211599159759
1994-04-07,0.0179582652328502
1994-04-08,-0.0316154106274701
1994-04-11,-0.0035829955835125
1994-04-12,-0.0858658421282402
1994-04-13,-0.0683628474654033
1994-04-14,-0.0037815865736214
1994-04-15,0.0015625595390208
1994-04-18,-0.0333992423386412
1994-04-19,-0.0456355275886868
1994-04-20,-0.0443366543628854
1994-04-21,0.1275264226921809
1994-04-22,0.009071625543671
1994-04-25,0.0485795421047347
1994-04-26,0.0141879923305033
1994-04-28,-0.0151632798146711
1994-04-29,0.0208781284243779
1994-05-02,0.0405833001790329
1994-05-03,-0.0240471169512818
1994-05-04,-0.0163653089318358
1994-05-05,-0.0085057625886648
1994-05-06,-0.021189302645675
1994-05-09,-0.0428366623920671
1994-05-10,0.0164732751751829
1994-05-11,-0.0432521680766124
1994-05-12,0.0111503788469658
1994-05-13,-0.0341722385339449
1994-05-16,-0.0325491174965926
1994-05-17,-0.0040908045063831
1994-05-18,0.0650009691486544
1994-05-19,0.0372330302883361
1994-05-20,0.000111367994243
1994-05-23,0.0007761023668375
1994-05-24,0.0406956241870305
1994-05-25,0.0014287141263579
1994-05-26,-0.0105441299891088
1994-05-27,9.73557194720371e-05
1994-05-31,0.019455011843659
1994-06-01,0.0338726732509645
1994-06-02,-0.0018695803205343
1994-06-03,-0.0247503738875255
1994-06-06,-0.0051857591674519
1994-06-07,-0.011802666377894
1994-06-08,-0.072299019533324
1994-06-09,-0.0279092959965615
1994-06-10,0.0381441038319772
1994-06-13,-0.0216654580897222
1994-06-14,0.0200343718679934
1994-06-15,0.0021614732276089
1994-06-16,-0.0209664863475484
1994-06-17,-0.0321046040818297
1994-06-20,-0.0463988950105638
1994-06-21,-0.0741229116152249
1994-06-22,0.0416818807042355
1994-06-23,-0.0707792053780634
1994-06-24,-0.0101486799409461
1994-06-27,-0.0005683312153304
1994-06-28,0.0882035831879514
1994-06-29,-0.0027087562605859
1994-06-30,-0.0298907294033806
1994-07-01,-0.0005733200695903
1994-07-05,0.0008606834449511
1994-07-06,-0.0135991622166786
1994-07-07,0.058307394691429
1994-07-08,0.0143236412179603
1994-07-11,0.0128093673313196
1994-07-12,0.0274972517267896
1994-07-13,0.0633206130002967
1994-07-14,-0.0195571326220142
1994-07-15,-0.0422284237663668
1994-07-18,0.004969420619043
1994-07-19,-0.0490671608140354
1994-07-20,-0.0443710039098849
1994-07-21,0.0245660735413138
1994-07-22,0.0008272705931431
1994-07-25,0.0008225728415809
1994-07-26,-0.0020195482097682
1994-07-27,-0.0176732213342735
1994-07-28,0.0144355596861168
1994-07-29,0.0542276586384122
1994-08-01,-0.0012849976897381
1994-08-02,0.0098656209549663
1994-08-03,-0.0005882866323699
1994-08-04,-0.0151621020288122
1994-08-05,0.0126560421312227
1994-08-08,0.0153634805529634
1994-08-09,0.0214782809078076
1994-08-10,0.0486563919521213
1994-08-11,0.0121578126157295
1994-08-12,-0.0032670050288467
1994-08-15,0.0120730227202779
1994-08-16,0.0312927918189914
1994-08-17,0.0374660136825795
1994-08-18,-0.0006219613986241
1994-08-19,0.0110242601737967
1994-08-22,-0.0012679403932887
1994-08-23,-0.0109251207626212
1994-08-24,-0.003201995645531
1994-08-25,0.0446991708955686
1994-08-26,0.0375394503694015
1994-08-29,-0.0037575784539299
1994-08-30,0.0131784536349332
1994-08-31,-0.026196758169705
1994-09-01,-0.0365414371173956
1994-09-02,-0.0031740491739284
1994-09-06,0.0057804007183429
1994-09-07,0.0083211582962815
1994-09-08,0.021647538219384
1994-09-09,-0.0308874319314132
1994-09-12,-0.0184973077124327
1994-09-13,0.0353711608833436
1994-09-14,0.0133219984032114
1994-09-15,0.0428669252747191
1994-09-16,0.0012351970881424
1994-09-19,-0.0012427263457908
1994-09-20,-0.0235392242541201
1994-09-21,-0.0187720245278841
1994-09-22,0.0018696715159641
1994-09-23,-0.0251716470055265
1994-09-26,-0.0254131752418138
1994-09-27,0.0128299636738628
1994-09-28,0.0044870761822771
1994-09-29,0.0025626918817315
1994-09-30,0.0089039006795817
1994-10-03,-0.0279019776289148
1994-10-04,-0.0634207329714827
1994-10-05,-1.2010788442976287e-05
1994-10-06,-0.0131461691520794
1994-10-07,0.0270490488411405
1994-10-10,0.0352302200351698
1994-10-11,0.0405135927538957
1994-10-12,0.0031265221691258
1994-10-13,0.0081858007778957
1994-10-14,-0.0038084505199499
1994-10-17,-0.000663119446268
1994-10-18,0.0069057238244278
1994-10-19,0.0226032631017379
1994-10-20,-0.0062832384437162
1994-10-21,-0.016289906718454
1994-10-24,-0.0277048934605421
1994-10-25,-0.0108458576407308
1994-10-26,0.0286612188266564
1994-10-27,0.016348088843271
1994-10-28,0.0550532231799129
1994-10-31,0.007894884093628
1994-11-01,-0.0086240364421043
1994-11-02,-0.0012991891550837
1994-11-03,-0.0129426633624476
1994-11-04,-0.0314827322540247
1994-11-07,-0.003826311803279
1994-11-08,0.0404815303797405
1994-11-09,0.0257024596858414
1994-11-10,-0.0213663713416596
1994-11-11,-0.0092832174665801
1994-11-14,0.0232609361936515
1994-11-15,0.0157175531887549
1994-11-16,0.0095630116694594
1994-11-17,-0.0194021755978727
1994-11-18,0.0071713768186853
1994-11-21,-0.0116169409821521
1994-11-22,-0.0870271398200825
1994-11-23,-0.0296624044307442
1994-11-25,0.0260242535876025
1994-11-28,0.0250941859459986
1994-11-29,0.0341756204428778
1994-11-30,-0.0173539369499521
1994-12-01,-0.0570878259070028
1994-12-02,0.0283726116237553
1994-12-05,0.0392802073187631
1994-12-06,-0.0155649386131031
1994-12-07,-0.0323754707473924
1994-12-08,-0.0748362387314345
1994-12-09,0.0205822288697122
1994-12-12,-0.0174487029049845
1994-12-13,-0.0169163620641883
1994-12-14,0.0284753257495102
1994-12-15,0.0403609913449981
1994-12-16,-0.0127549310361258
1994-12-19,-0.0210718526683086
1994-12-20,-0.0007367050466012
1994-12-21,0.0600874385731518
1994-12-22,0.0142685511010331
1994-12-23,0.0154139990789907
1994-12-27,0.0307404033460171
1994-12-28,-0.0208689370166315
1994-12-29,0.0343013624749337
1994-12-30,-0.0177201145299366
1995-01-03,-0.0392350405294219
1995-01-04,-0.0094431914010074
1995-01-05,-0.0063653215487836
1995-01-06,0.015438147247338
1995-01-09,0.0215161961710601
1995-01-10,0.0262454971360551
1995-01-11,-0.0086552788834644
1995-01-12,0.0156988138359666
1995-01-13,0.0028855913919114
1995-01-16,0.0216226450549887
1995-01-17,0.0172088732959833
1995-01-18,0.005184005989802
1995-01-19,-0.0227316842286531
1995-01-20,-0.0379010591201074
1995-01-23,-0.0390711566747562
1995-01-24,0.0109461061566211
1995-01-25,-0.0431631186097833
1995-01-26,-0.027641990883682
1995-01-27,0.0036480576530544
1995-01-30,-0.0341899729652061
1995-01-31,0.0139117460869265
1995-02-01,0.0271553112629497
1995-02-02,0.0306259041313332
1995-02-03,0.0190781557549393
1995-02-06,0.0293875777183301
1995-02-07,-0.0147743890878894
1995-02-08,0.0304263077528185
1995-02-09,0.0276251562826033
1995-02-10,0.0159537319479238
1995-02-13,-0.0090913096331951
1995-02-14,0.0075605365532199
1995-02-15,0.0110979359358234
1995-02-16,-0.0013556463988764
1995-02-17,-0.041544470290282
1995-02-21,-0.0181938671470602
1995-02-22,0.0161728810385273
1995-02-23,-0.005575423593989
1995-02-24,-0.014011940899218
1995-02-27,-0.0280062220805279
1995-02-28,0.0481670563077131
1995-03-01,0.0016251531335088
1995-03-02,0.0202114045375722
1995-03-03,0.0408531915455398
1995-03-06,0.0068294215032245
1995-03-07,-0.023523976146026
1995-03-08,-0.0019536546827605
1995-03-09,0.0133599379803793
1995-03-10,0.0220579248437813
1995-03-13,0.0131510744210499
1995-03-14,0.008459495098506
1995-03-15,0.0038269863257133
1995-03-16,0.0043924335240891
1995-03-17,-0.0173826908206621
1995-03-20,0.0228648868982361
1995-03-21,0.001511717889898
1995-03-22,-0.0127563184059312
1995-03-23,0.0164338321410625
1995-03-24,0.0408132719635678
1995-03-27,0.0362209081491434
1995-03-28,0.0202164157348035
1995-03-29,-0.0423873035332862
1995-03-30,-0.0364078445395668
1995-03-31,-0.005850659276749
1995-04-03,0.011676246969257
1995-04-04,-0.0227363653351757
1995-04-05,0.0060501101772351
1995-04-06,-0.0103968763687214
1995-04-07,0.0140227485096519
1995-04-10,0.0286406494557161
1995-04-11,0.0037091375397897
1995-04-12,0.0260216936041044
1995-04-13,0.0208820161223908
1995-04-17,0.0014995129490049
1995-04-18,-0.0176753992014715
1995-04-19,-0.0376624714205768
1995-04-20,0.0222929690246505
1995-04-21,0.0369277153744503
1995-04-24,0.0425556370745032
1995-04-25,0.0020019885373396
1995-04-26,0.0290696622466932
1995-04-27,0.0177979450848781
1995-04-28,-0.003476628643193
1995-05-01,-0.0213908280461509
1995-05-02,0.0068895393226659
1995-05-03,0.0521441919226079
1995-05-04,-0.0167818506086924
1995-05-05,-0.0141923126800901
1995-05-08,0.0165369681844118
1995-05-09,0.0067571209078271
1995-05-10,-0.007183705369027
1995-05-11,0.0147996220393793
1995-05-12,0.0237668146395653
1995-05-15,0.0208879807095631
1995-05-16,0.0097081472161113
1995-05-17,0.0341779408332667
1995-05-18,-0.0136274803468309
1995-05-19,0.0007850872634093
1995-05-22,0.0235157498999896
1995-05-23,0.0606460348108487
1995-05-24,-0.0117586981411758
1995-05-25,-0.0072866928562963
1995-05-26,-0.037492989358484
1995-05-30,-0.0773453074111009
1995-05-31,0.0192485317864366
1995-06-01,0.0337379886293144
1995-06-02,0.0100920038127196
1995-06-05,0.0172181037728915
1995-06-06,-0.0190887344360338
1995-06-07,0.0048962984121471
1995-06-08,0.0079537723442336
1995-06-09,0.000266073790092
1995-06-12,0.0069036152635207
1995-06-13,0.0150332814705999
1995-06-14,0.0093752589323255
1995-06-15,0.0123502317743051
1995-06-16,0.0082751356808903
1995-06-19,0.0616479463934896
1995-06-20,0.0538087003927801
1995-06-21,-0.0207559635443842
1995-06-22,0.0314724894050223
1995-06-23,0.0073394196814684
1995-06-26,-0.0357229727534926
1995-06-27,-0.0391029377677466
1995-06-28,-0.0041394788151783
1995-06-29,0.0392503180739888
1995-06-30,0.0103093921625974
1995-07-03,0.002603237952691
1995-07-05,0.0083262305789272
1995-07-06,0.0439891105051532
1995-07-07,0.0586315657796985
1995-07-10,0.0120621591554297
1995-07-11,-0.0252623164969479
1995-07-12,0.0726825380935696
1995-07-13,0.0251316191083124
1995-07-14,0.0164808771292547
1995-07-17,0.0224946604738268
1995-07-18,-0.0385213083294735
1995-07-19,-0.104351698100962
1995-07-20,0.0171998310070114
1995-07-21,0.0152459807708304
1995-07-24,0.0568853992756864
1995-07-25,0.0241038725901214
1995-07-26,0.02605746739663
1995-07-27,0.0340404084890596
1995-07-28,-0.0114489291595629
1995-07-31,-0.0213991280998251
1995-08-01,-0.0354641464058266
1995-08-02,-0.0284620361777808
1995-08-03,-0.0011765537207039
1995-08-04,0.0233071825479915
1995-08-07,0.0005933098985716
1995-08-08,0.0072063510093583
1995-08-09,0.028267142356726
1995-08-10,-0.0068102533664229
1995-08-11,0.0075405918073865
1995-08-14,0.0378908130809447
1995-08-15,-0.0007354578330362
1995-08-16,0.065091028905753
1995-08-17,0.0075966918232371
1995-08-18,-0.0077922153994002
1995-08-21,-0.0594429413284087
1995-08-22,0.0367763034509379
1995-08-23,0.0131279568877617
1995-08-24,-0.0094962599947877
1995-08-25,-0.0195834204376487
1995-08-28,-0.0374631816477038
1995-08-29,-0.0122931453588442
1995-08-30,0.0190910537489357
1995-08-31,0.035597928873737
1995-09-01,0.0047610438770594
1995-09-05,0.0652591925258901
1995-09-06,0.0529317421134909
1995-09-07,0.0173255388661694
1995-09-08,0.0263519388282909
1995-09-11,0.0327657934921216
1995-09-12,-0.0259884795350779
1995-09-13,0.001639743408278
1995-09-14,-0.0179760795971407
1995-09-15,-0.0643204106779734
1995-09-18,0.0086118709233317
1995-09-19,0.0380600447193788
1995-09-20,-0.0034843626468549
1995-09-21,-0.0198177324007934
1995-09-22,-0.0219623115653732
1995-09-25,-0.0265901157427974
1995-09-26,-0.0019409140145699
1995-09-27,-0.0158421790388336
1995-09-28,0.0700499298982052
1995-09-29,-0.0155145493949093
1995-10-02,-0.0486284161235052
1995-10-03,-0.0191868217286726
1995-10-04,-0.0590009712251003
1995-10-05,0.0445620625708112
1995-10-06,-0.0202538080233381
1995-10-09,-0.0803114766865394
1995-10-10,-0.0136931200166697
1995-10-11,0.0292830505735986
1995-10-12,0.0534244718061244
1995-10-13,0.0072786216087469
1995-10-16,-0.0200080968598557
1995-10-17,0.055489406229151
1995-10-18,0.0575742585239697
1995-10-19,0.0110073895386765
1995-10-20,-0.0377103983160846
1995-10-23,0.0066407967567799
1995-10-24,-0.0023332662219018
1995-10-25,-0.0328783229728024
1995-10-26,-0.0122545683962473
1995-10-27,0.0142086854665113
1995-10-30,0.0272945076981226
1995-10-31,-0.0084583329729413
1995-11-01,0.0152197894369126
1995-11-02,0.037458278545708
1995-11-03,0.0380896123315687
1995-11-06,-0.0156952437438023
1995-11-07,-0.0506657590363342
1995-11-08,-0.0031489569931647
1995-11-09,0.0417720129882361
1995-11-10,-0.005507186103093
1995-11-13,-0.0322372460331997
1995-11-14,-0.0637255223582979
1995-11-15,-0.0102548762010335
1995-11-16,0.006761607990784
1995-11-17,-0.0003081270853229
1995-11-20,-0.0384353929557286
1995-11-21,-0.0331196326970898
1995-11-22,-0.022032355540386
1995-11-24,0.0259310414811664
1995-11-27,0.0009810985990637
1995-11-28,0.0804609464476377
1995-11-29,0.0124582252033992
1995-11-30,-0.0076838176264875
1995-12-01,-0.0311128738926724
1995-12-04,0.0346282241231756
1995-12-05,-0.024091031321531
1995-12-06,-0.0243112184222656
1995-12-07,-0.0124189587601571
1995-12-08,0.0257177494610168
1995-12-11,-0.0095912886263064
1995-12-12,-0.0405623567831558
1995-12-13,-0.0126198494538644
1995-12-14,-0.0859085770573995
1995-12-15,-0.0596479256359986
1995-12-18,-0.0661264441338893
1995-12-19,0.1091765831247394
1995-12-20,-0.0191387681258614
1995-12-21,0.0435689228104398
1995-12-22,0.017121360143076
1995-12-26,0.0130703355851552
1995-12-27,-0.0109090527420808
1995-12-28,-0.0339666257756766
1995-12-29,0.0216681044940605
1996-01-02,0.0086660849872902
1996-01-03,-0.051669189595071
1996-01-04,-0.0707329057145197
1996-01-05,0.0188750048795104
1996-01-08,0.0023827599326969
1996-01-09,-0.1118742053685742
1996-01-10,-0.010819704522915
1996-01-11,0.0625327803883795
1996-01-12,-0.0215858266023469
1996-01-15,-0.0765677658756627
1996-01-16,0.029750245600321
1996-01-17,-0.0103383583938689
1996-01-18,0.0429804789838885
1996-01-19,0.0697870804345485
1996-01-22,0.0441615667054878
1996-01-23,0.0099612210670047
1996-01-24,0.0356337153164054
1996-01-25,-0.0270205291112476
1996-01-26,0.0294698627344552
1996-01-29,0.0057730584986687
1996-01-30,0.0275490276916724
1996-01-31,0.012557076583071
1996-02-01,0.0183366879887682
1996-02-02,0.0109463288447378
1996-02-05,0.0720166772144054
1996-02-06,0.0119754090731808
1996-02-07,-0.0164780969900174
1996-02-08,0.0199631230211698
1996-02-09,-0.0015787849946936
1996-02-12,0.0128301631070495
1996-02-13,-0.0371741817696807
1996-02-14,-0.0076872386590984
1996-02-15,-0.0072338281781474
1996-02-16,0.0069017580546807
1996-02-20,-0.0044190770116548
1996-02-21,0.0464430465394952
1996-02-22,0.0640750799143945
1996-02-23,-0.0002029607276722
1996-02-26,-0.013726140399239
1996-02-27,-0.002924803729374
1996-02-28,0.0016080826264744
1996-02-29,-0.0486835131192934
1996-03-01,-0.1156513270381273
1996-03-04,-0.0263052993940502
1996-03-05,0.0193813814331419
1996-03-06,-0.0200614485143863
1996-03-07,-0.0079928596736415
1996-03-08,-0.0006593778055731
1996-03-11,-0.015373291887813
1996-03-12,-0.0282797031182399
1996-03-13,0.0277441584880446
1996-03-14,0.0082008310505322
1996-03-15,0.0450069185384571
1996-03-18,0.0398488950531327
1996-03-19,-0.0154027722052904
1996-03-20,-0.073279489139147
1996-03-21,-0.02771426182661
1996-03-22,0.0013169690643202
1996-03-25,-0.0443851382254174
1996-03-26,-0.0077508631041114
1996-03-27,0.0145266322961074
1996-03-28,-0.0082388228998459
1996-03-29,0.0235831747501835
1996-04-01,0.0038220565060838
1996-04-02,-0.0036760949467974
1996-04-03,0.0153318631903658
1996-04-04,-0.0056435730471873
1996-04-08,-0.0061569319577394
1996-04-09,0.0108096880779958
1996-04-10,-0.0125927600221151
1996-04-11,-0.028628447318562
1996-04-12,-0.0067895365585439
1996-04-15,0.0392437264819515
1996-04-16,0.0466818373637547
1996-04-17,-0.0135054213662311
1996-04-18,0.0331285691323211
1996-04-19,0.0101259745572569
1996-04-22,0.0330151674056766
1996-04-23,0.0369051016214763
1996-04-24,0.0287558297049174
1996-04-25,0.0223223030783204
1996-04-26,-0.0025320960475822
1996-04-29,-0.0020713305390441
1996-04-30,-0.0020727928578705
1996-05-01,0.0137689406501014
1996-05-02,-0.0571825529362498
1996-05-03,0.0121157636273989
1996-05-06,0.0294946956801206
1996-05-07,0.0058456435905319
1996-05-08,0.0044369229770153
1996-05-09,-0.0178305704001446
1996-05-10,0.0287377101826355
1996-05-13,0.0394724389162232
1996-05-14,0.0247625205416477
1996-05-15,0.0150675355538335
1996-05-16,0.0221171967665819
1996-05-17,0.0117252751360328
1996-05-20,0.0068143804280436
1996-05-21,-0.0252914980877064
1996-05-22,-0.0095565503772828
1996-05-23,-0.0073607953464594
1996-05-24,0.0002124446508236
1996-05-28,-0.0314818593519485
1996-05-29,-0.0314094066058895
1996-05-30,0.0121291176113737
1996-05-31,0.008421932029954
1996-06-03,-0.0138394755486928
1996-06-04,0.0202892709562727
1996-06-05,0.0232783564141665
1996-06-06,-0.0562240128722943
1996-06-07,-0.0130558417352555
1996-06-10,0.0135732685803649
1996-06-11,-0.0093876565990042
1996-06-12,-0.0121717248171492
1996-06-13,-0.0274446727572997
1996-06-14,-0.0267950791459391
1996-06-17,-0.0313055259701549
1996-06-18,-0.0707915820973549
1996-06-19,-0.000196229622596
1996-06-20,-0.0271743762776896
1996-06-21,0.0275603423978206
1996-06-24,0.0105875586424376
1996-06-25,-0.0167909576722803
1996-06-26,-0.0640419719635061
1996-06-27,0.0496917887517194
1996-06-28,0.028459474148663
1996-07-01,0.0198159465529066
1996-07-02,-0.01910359790164
1996-07-03,-0.0153235099649908
1996-07-05,-0.0586032594906839
1996-07-08,-0.0217966070916229
1996-07-09,0.0241167889929251
1996-07-10,-0.002198539828389
1996-07-11,-0.0689427720167497
1996-07-12,-0.0156503911693394
1996-07-15,-0.1293782889798918
1996-07-16,-0.0406030162693667
1996-07-17,0.0831917604732528
1996-07-18,0.0600658834849581
1996-07-19,-0.0510948751654681
1996-07-22,-0.0655174882498546
1996-07-23,-0.1123112835319986
1996-07-24,0.0269152706418447
1996-07-25,0.0436919650105898
1996-07-26,0.056345049898811
1996-07-29,-0.0417187403124828
1996-07-30,0.0059700494674731
1996-07-31,0.0353393423077114
1996-08-01,0.0741966379741341
1996-08-02,0.095934471653098
1996-08-05,-0.03084973993827
1996-08-06,0.0370945341256699
1996-08-07,0.0452063451759503
1996-08-08,-0.0162008146398991
1996-08-09,-0.0324198392157768
1996-08-12,-0.0139471338776732
1996-08-13,-0.0514624997123222
1996-08-14,0.0281138944265959
1996-08-15,-0.0011990844461121
1996-08-16,-0.0353665314441349
1996-08-19,-0.0285043170322332
1996-08-20,-0.0293408403754879
1996-08-21,0.0191885917408726
1996-08-22,0.0621781796038109
1996-08-23,0.0091980502741836
1996-08-26,-0.0244997056339431
1996-08-27,0.0275397257568216
1996-08-28,0.0003511058509615
1996-08-29,-0.0296212026178976
1996-08-30,-0.0168947603872353
1996-09-03,0.0208683419153889
1996-09-04,0.0003449588408656
1996-09-05,-0.0611755622984052
1996-09-06,0.0505772634728195
1996-09-09,0.0317620968830849
1996-09-10,0.0127441103370539
1996-09-11,0.0013598543079065
1996-09-12,0.0224221745288855
1996-09-13,0.0909426732999956
1996-09-16,0.0106143331781969
1996-09-17,0.0389147030520282
1996-09-18,0.0084542526619111
1996-09-19,0.0228181955301635
1996-09-20,0.011188174349606
1996-09-23,-0.0040082951088126
1996-09-24,0.0116357023958591
1996-09-25,0.0478878006284882
1996-09-26,0.0021173303977883
1996-09-27,-0.0080554225449447
1996-09-30,-0.0173558264743654
1996-10-01,-0.0244589522168337
1996-10-02,0.0318283496801421
1996-10-03,0.0104937185093509
1996-10-04,0.0488652882163985
1996-10-07,0.0147628820309074
1996-10-08,-0.0385730763752073
1996-10-09,0.0094044371320149
1996-10-10,-0.0011331182180987
1996-10-11,0.023510975452155
1996-10-14,0.0246377647372963
1996-10-15,0.0046902125092269
1996-10-16,-0.0078211165041905
1996-10-17,-0.0575460301773424
1996-10-18,0.0034500462398903
1996-10-21,-0.0487027084196885
1996-10-22,-0.0556972676788344
1996-10-23,0.0336441289638301
1996-10-24,-0.0044376588274924
1996-10-25,-0.0199839540369138
1996-10-28,-0.0248867298832195
1996-10-29,-0.0543434187127196
1996-10-30,0.044855793865607
1996-10-31,0.0589547952782005
1996-11-01,-0.0091368901770864
1996-11-04,-0.0020945855120938
1996-11-05,0.0681826106343443
1996-11-06,0.0420213433486748
1996-11-07,0.0489872226697452
1996-11-08,0.0112748418541195
1996-11-11,0.0244403129777072
1996-11-12,-0.0382081759191334
1996-11-13,0.0143805641999063
1996-11-14,0.0279417554386606
1996-11-15,-0.0193987740034428
1996-11-18,-0.0296320840877426
1996-11-19,0.0339320892072775
1996-11-20,0.0093888619450235
1996-11-21,-0.0076575457035519
1996-11-22,0.0815132458827248
1996-11-25,0.0094813506099506
1996-11-26,-0.0036295931986735
1996-11-27,0.0174773706184518
1996-11-29,0.0051944756338097
1996-12-02,0.0486826803508173
1996-12-03,0.0005660605048415
1996-12-04,0.0038487629796239
1996-12-05,-0.0023003701877197
1996-12-06,-0.0196517005606919
1996-12-09,0.0741423666079664
1996-12-10,-0.0420430892970209
1996-12-11,0.0113694342914932
1996-12-12,-0.03655193673876
1996-12-13,-0.0622085162044813
1996-12-16,-0.0939686649736471
1996-12-17,0.0136455687280978
1996-12-18,0.0686183553383516
1996-12-19,0.012290471185927
1996-12-20,-0.0224300140660133
1996-12-23,-0.0463805926832058
1996-12-24,0.0148482425767087
1996-12-26,0.0233708350024676
1996-12-27,-0.0069626764088029
1996-12-30,-0.0092421902903077
1996-12-31,-0.0088208978289377
1997-01-02,-0.0278892537489077
1997-01-03,0.0708304358605386
1997-01-06,0.0354273517212128
1997-01-07,0.0375568634016877
1997-01-08,-0.0179943808148088
1997-01-09,0.0141462129127916
1997-01-10,0.0331238609579904
1997-01-13,-0.0062279183037392
1997-01-14,0.0348910238125044
1997-01-15,-0.0264587973966648
1997-01-16,0.0125585206863653
1997-01-17,0.0460491872984193
1997-01-20,0.0360245730279234
1997-01-21,0.0268611042066649
1997-01-22,0.0041987695020304
1997-01-23,-0.0035205451665515
1997-01-24,-0.0449667702881148
1997-01-27,-0.0395595803226311
1997-01-28,0.0094004542779467
1997-01-29,-0.0048641842543651
1997-01-30,0.0517020005837026
1997-01-31,0.0309352557903695
1997-02-03,-0.0241903892677655
1997-02-04,-0.0321853334628926
1997-02-05,-0.0897805206931707
1997-02-06,0.0165085669577166
1997-02-07,0.041568810850298
1997-02-10,-0.0711865777042083
1997-02-11,-0.0347827546335766
1997-02-12,0.1297421579819336
1997-02-13,0.0471843592727744
1997-02-14,-0.0125152734412049
1997-02-18,-0.0232414969644822
1997-02-19,0.0150618890066724
1997-02-20,-0.0459338942681645
1997-02-21,-0.0471768640754753
1997-02-24,0.018529916341275
1997-02-25,0.0310979799507829
1997-02-26,-0.021185080845008
1997-02-27,-0.0917918579622324
1997-02-28,0.0001903492881301
1997-03-03,0.0133096182931299
1997-03-04,0.0141015233990105
1997-03-05,0.0339123573633336
1997-03-06,-0.0403621981456218
1997-03-07,0.0092826983841789
1997-03-10,0.0079519921256124
1997-03-11,-0.0286483647305108
1997-03-12,-0.0298352460050623
1997-03-13,-0.0337034831919528
1997-03-14,0.0207208687301694
1997-03-17,-0.0422617259930022
1997-03-18,-0.0335138641081742
1997-03-19,-0.0590084019113678
1997-03-20,0.0291458581503001
1997-03-21,0.0020561274255246
1997-03-24,-0.0016288085330249
1997-03-25,0.0227753638904285
1997-03-26,0.041736872105394
1997-03-27,-0.0491723730865136
1997-03-31,-0.0601846272668789
1997-04-01,-0.0288147261885152
1997-04-02,-0.0153859993153006
1997-04-03,0.0536467536706579
1997-04-04,0.1178247623426846
1997-04-07,0.0300624762891997
1997-04-08,0.0204458134509446
1997-04-09,-0.0334389528251802
1997-04-10,-0.0683817866280746
1997-04-11,-0.0732369202647646
1997-04-14,0.0417511444084948
1997-04-15,-0.0117935543854357
1997-04-16,-0.0261704080353931
1997-04-17,0.0164623455613405
1997-04-18,-0.0081493858353534
1997-04-21,-0.04556912390831
1997-04-22,0.012890524384198
1997-04-23,0.055547563092962
1997-04-24,0.0061796474538336
1997-04-25,-0.0919799521791688
1997-04-28,0.0452833759263511
1997-04-29,0.0831736897326434
1997-04-30,0.0544650886481825
1997-05-01,0.0161173159779405
1997-05-02,0.1055453273244215
1997-05-05,0.0779567548423037
1997-05-06,-0.0331684739003276
1997-05-07,-0.0140388403755559
1997-05-08,0.0175348539390884
1997-05-09,0.0135986683471056
1997-05-12,-0.0101547530896251
1997-05-13,-0.0230199810357417
1997-05-14,-0.0073919566449507
1997-05-15,0.040661548862603
1997-05-16,-0.0446645359723033
1997-05-19,-0.0040741673366075
1997-05-20,0.0547161962001083
1997-05-21,0.0082860391647394
1997-05-22,-0.0138383800109403
1997-05-23,0.0361646049266934
1997-05-27,0.0454118705730439
1997-05-28,0.0002336623395235
1997-05-29,-0.0189440303195544
1997-05-30,-0.0001932760616669
1997-06-02,0.0020954974790716
1997-06-03,-0.0434275092854927
1997-06-04,-0.024523106928586
1997-06-05,0.0309653362776215
1997-06-06,0.0049285922592386
1997-06-09,0.0081754987759949
1997-06-10,-0.0257039686658149
1997-06-11,-0.0090854881303978
1997-06-12,0.0162629464760361
1997-06-13,0.0334164406797824
1997-06-16,0.0232872466389961
1997-06-17,0.0221477369274152
1997-06-18,-0.0205566038254533
1997-06-19,0.0321460764610173
1997-06-20,-0.0105659790282659
1997-06-23,-0.030476090006641
1997-06-24,0.0336128155133347
1997-06-25,-0.0029214500770656
1997-06-26,-0.0047414418143467
1997-06-27,0.0015839557614469
1997-06-30,-0.0024958303239394
1997-07-01,0.0160425889770547
1997-07-02,0.0276058604678692
1997-07-03,0.0188617001347915
1997-07-07,0.0015296765909725
1997-07-08,0.0257417324548675
1997-07-09,0.0089134582766175
1997-07-10,0.0088719510781563
1997-07-11,0.0339174903717796
1997-07-14,0.026613435837713
1997-07-15,0.0153510077129532
1997-07-16,0.0446079931331553
1997-07-17,-0.0196296916013832
1997-07-18,-0.0480048687214321
1997-07-21,-0.025225327964554
1997-07-22,0.0390435530224493
1997-07-23,0.0308563098028773
1997-07-24,0.0449999143025151
1997-07-25,-0.0247584749449094
1997-07-28,-0.0138671160628879
1997-07-29,-0.0048287621901531
1997-07-30,0.0403693944229876
1997-07-31,0.0152258644070017
1997-08-01,0.0236386310826811
1997-08-04,0.0113545573978585
1997-08-05,0.0312864860136053
1997-08-06,0.0150965669314689
1997-08-07,-0.0065816092641597
1997-08-08,-0.0364760778257806
1997-08-11,-0.0445712132888935
1997-08-12,-0.0096269078001844
1997-08-13,0.0551092702135372
1997-08-14,0.0176333696046267
1997-08-15,-0.0327445203740787
1997-08-18,0.0129394217419494
1997-08-19,0.0535220852359689
1997-08-20,0.0773589284442517
1997-08-21,-0.0256749380207115
1997-08-22,-0.0263042322731522
1997-08-25,-0.0010793150315343
1997-08-26,-0.0203947420630144
1997-08-27,0.0016433449165668
1997-08-28,-0.0267498617831713
1997-08-29,-0.0101202294388412
1997-09-02,0.0537575661844686
1997-09-03,0.0062746493190088
1997-09-04,-0.0087621820969
1997-09-05,0.0298418995864453
1997-09-08,-0.0323613651349501
1997-09-09,0.0147847096066326
1997-09-10,-0.0352537186189604
1997-09-11,-0.0002847441875328
1997-09-12,0.0036150541261461
1997-09-15,-0.0442198068779682
1997-09-16,0.0594740288333508
1997-09-17,0.0163334560101345
1997-09-18,-0.0052766222404437
1997-09-19,0.0381772042860698
1997-09-22,0.0349437851223661
1997-09-23,0.0019535593828352
1997-09-24,-0.034231103772608
1997-09-25,-0.0206899853006299
1997-09-26,-0.0044692431527681
1997-09-29,0.0481961089936312
1997-09-30,-0.0321225719628444
1997-10-01,-0.0033255337916296
1997-10-02,0.0243878743252707
1997-10-03,0.0218914394327002
1997-10-06,-0.0312185777476137
1997-10-07,0.0125338346235022
1997-10-08,0.0162135314415995
1997-10-09,0.0105038392374221
1997-10-10,0.0052603057677045
1997-10-13,-0.0006755915819177
1997-10-14,-0.0543396896797051
1997-10-15,-0.0104988749777635
1997-10-16,-0.0644523325967703
1997-10-17,-0.0840202672194591
1997-10-20,0.0315553330500228
1997-10-21,0.0462657309587436
1997-10-22,0.0043982249627076
1997-10-23,-0.0984869775766298
1997-10-24,-0.106080583590092
1997-10-27,-0.2435043534461651
1997-10-28,0.1888830057916313
1997-10-29,-0.0124373545471903
1997-10-30,-0.0864143390763747
1997-10-31,0.0613490999402075
1997-11-03,0.0859298594556009
1997-11-04,0.0270842634734014
1997-11-05,0.0183262865651445
1997-11-06,-0.0531307626434279
1997-11-07,-0.0640952203451928
1997-11-10,-0.0384870896396178
1997-11-11,-0.039953772300255
1997-11-12,-0.1144302483910074
1997-11-13,0.0742794265758
1997-11-14,0.0596756224991048
1997-11-17,0.0672624761868798
1997-11-18,-0.0497824898694675
1997-11-19,0.0028827986787822
1997-11-20,0.0537569065211876
1997-11-21,-0.0220963018641166
1997-11-24,-0.0667896627856266
1997-11-25,0.0110688459819305
1997-11-26,-0.005644515737152
1997-11-28,0.0074380253273398
1997-12-01,0.0618318384324269
1997-12-02,-0.0691664590502245
1997-12-03,-0.018286278298214
1997-12-04,0.0093034734895572
1997-12-05,0.0383037133748836
1997-12-08,0.0208767958521777
1997-12-09,-0.0695499544068425
1997-12-10,-0.048413812331571
1997-12-11,-0.0750231957049746
1997-12-12,-0.0677007670143598
1997-12-15,-0.012836820275455
1997-12-16,0.0557038347243795
1997-12-17,0.0032921546480281
1997-12-18,-0.0597351230952379
1997-12-19,0.02894955360798
1997-12-22,0.0056055616959578
1997-12-23,-0.0626175849523715
1997-12-24,-0.0242092217770365
1997-12-26,0.0218359087134001
1997-12-29,0.0663010722509515
1997-12-30,0.0508245816950478
1997-12-31,0.0155709660169667
1998-01-02,0.0266250645077005
1998-01-05,0.0362720986129274
1998-01-06,-0.0316751761325429
1998-01-07,-0.0425185113536721
1998-01-08,-0.008510196842947
1998-01-09,-0.1151989779782727
1998-01-12,0.0081475883206009
1998-01-13,0.1012979368477251
1998-01-14,0.0241063661725598
1998-01-15,-0.0006743443683528
1998-01-16,0.0026700889766531
1998-01-20,0.0700770112937351
1998-01-21,0.0193771690029291
1998-01-22,-0.0313205131067761
1998-01-23,-0.0050335778480545
1998-01-26,-0.0432116638389375
1998-01-27,0.0309212198429988
1998-01-28,0.0787267839861959
1998-01-29,0.0094063913734089
1998-01-30,-0.0006818276497426
1998-02-02,0.0786392642662716
1998-02-03,0.0362278457874763
1998-02-04,0.0266183100235963
1998-02-05,-0.0271733003759809
1998-02-06,0.0104359235824085
1998-02-09,-0.0102435438858431
1998-02-10,0.0447618410495101
1998-02-11,0.0092355248509967
1998-02-12,0.0146305269210648
1998-02-13,-0.0178741050910186
1998-02-17,-0.0209559176783855
1998-02-18,0.0242400034218968
1998-02-19,0.0185668724204282
1998-02-20,0.0012750031666106
1998-02-23,0.0369992218666954
1998-02-24,-0.0373467190564529
1998-02-25,0.0580313187768513
1998-02-26,0.025604307224365
1998-02-27,-0.0106375579853646
1998-03-02,-0.033480829020408
1998-03-03,-0.0199457961806741
1998-03-04,0.0099915514310373
1998-03-05,-0.0741151847250053
1998-03-06,0.0490824572072006
1998-03-09,-0.0504456953901449
1998-03-10,0.0336776879400413
1998-03-11,0.0106273592330314
1998-03-12,0.0174220099916488
1998-03-13,0.0066120313014391
1998-03-16,0.0186892707101787
1998-03-17,-0.0333412108249202
1998-03-18,0.005161384646476
1998-03-19,0.0104864432983463
1998-03-20,-0.0306533004137116
1998-03-23,0.000789247165304
1998-03-24,0.0330560458409618
1998-03-25,0.0282686206384686
1998-03-26,0.0117164588775277
1998-03-27,-0.0092283917463801
1998-03-30,-0.0087769810746735
1998-03-31,0.022256349169062
1998-04-01,0.0386289307372656
1998-04-02,0.0081891247519251
1998-04-03,-0.0006681083005279
1998-04-06,-0.043881898148235
1998-04-07,-0.0559749301065458
1998-04-08,0.0167332762081955
1998-04-09,0.0161338009092061
1998-04-13,0.0012253225062505
1998-04-14,0.0426801085901071
1998-04-15,0.0475799016089195
1998-04-16,-0.0378938785423029
1998-04-17,0.0161303707062884
1998-04-20,0.0493834102826339
1998-04-21,0.0270541678619103
1998-04-22,0.0254010276521245
1998-04-23,-0.0491638403745244
1998-04-24,-0.0070187263317853
1998-04-27,-0.0697910342425101
1998-04-28,0.0213099137006674
1998-04-29,0.0294625749023801
1998-04-30,0.0167473449548715
1998-05-01,0.0043435983214744
1998-05-04,0.0088634169003118
1998-05-05,-0.0101700033915778
1998-05-06,-0.0165629039405671
1998-05-07,-0.0358545631597967
1998-05-08,0.0484402385534685
1998-05-11,-0.0324915601433213
1998-05-12,0.0306287252546875
1998-05-13,0.0161497664998943
1998-05-14,-0.0146819868218743
1998-05-15,-0.0447379694018738
1998-05-18,-0.028879506329885
1998-05-19,0.0152069006586387
1998-05-20,-0.032273388729389
1998-05-21,-0.0326773619735383
1998-05-22,-0.0259396363264479
1998-05-26,-0.0396625559238226
1998-05-27,0.0003078400413305
1998-05-28,0.0222998911815885
1998-05-29,-0.0398850878163599
1998-06-01,-0.0641198985921785
1998-06-02,0.0250640207627693
1998-06-03,-0.0276457221592127
1998-06-04,0.0624344728160145
1998-06-05,0.0333133943761802
1998-06-08,0.022163104649855
1998-06-09,0.030148103779362
1998-06-10,-0.0534945284228848
1998-06-11,-0.0453849495895287
1998-06-12,-0.011559486712804
1998-06-15,-0.0453997596201139
1998-06-16,0.0711504727952045
1998-06-17,0.0130850812085707
1998-06-18,0.0076352182234473
1998-06-19,-0.0016543285733648
1998-06-22,0.0256692712740049
1998-06-23,0.0587084481933113
1998-06-24,0.059710070476904
1998-06-25,-0.0048062723309516
1998-06-26,0.0039541533844041
1998-06-29,0.0384699457598846
1998-06-30,-0.0038451060607451
1998-07-01,0.0247607637828328
1998-07-02,-0.0334861413854218
1998-07-06,0.0312161972975833
1998-07-07,-0.0024683773702731
1998-07-08,0.0488464978888934
1998-07-09,0.0147840188435793
1998-07-10,0.0085493016594056
1998-07-13,0.0259945349561113
1998-07-14,-0.0106281420363705
1998-07-15,0.0505758363847855
1998-07-16,-0.0019559271027498
1998-07-17,0.0142312126229926
1998-07-20,0.0171145190747395
1998-07-21,-0.0439760452795844
1998-07-22,-0.0374569400863617
1998-07-23,-0.0558023342400658
1998-07-24,0.012202228055361
1998-07-27,0.0147888900619773
1998-07-28,-0.0458700767028984
1998-07-29,-0.0462478201292565
1998-07-30,0.0935353248611009
1998-07-31,-0.0796387553196763
1998-08-03,-0.006109614301121
1998-08-04,-0.0769188856205934
1998-08-05,0.017583460850772
1998-08-06,0.0694977832961381
1998-08-07,0.0061245718615129
1998-08-10,0.0042929158234252
1998-08-11,-0.0551098856145005
1998-08-12,0.0526872876344406
1998-08-13,-0.0407463468246459
1998-08-14,-0.0116459823968552
1998-08-17,0.0540317353665321
1998-08-18,0.0681683074675083
1998-08-19,-0.0199372427121024
1998-08-20,-0.0205227096208664
1998-08-21,-0.0362450456891433
1998-08-24,-0.0187158912429418
1998-08-25,0.0102371821487683
1998-08-26,-0.0350540020566081
1998-08-27,-0.1327696887243043
1998-08-28,-0.080999048800169
1998-08-31,-0.2241371622969442
1998-09-01,0.1606155886388753
1998-09-02,0.0184292752447594
1998-09-03,-0.0226410229885964
1998-09-04,-0.005802778206476
1998-09-08,0.1876381258747623
1998-09-09,-0.0560012337537379
1998-09-10,-0.0380361094832823
1998-09-11,0.0992718084838676
1998-09-14,0.0320406274390799
1998-09-15,0.0055357778674884
1998-09-16,0.0088390432523588
1998-09-17,-0.0770023415662767
1998-09-18,-0.0064450589187273
1998-09-21,0.0524819080657825
1998-09-22,0.0093884983776301
1998-09-23,0.1225108946800208
1998-09-24,-0.0427593914382492
1998-09-25,0.0491887273877109
1998-09-28,-0.005123206457548
1998-09-29,-0.0051299936523065
1998-09-30,-0.0740788512355807
1998-10-01,-0.1318727112150221
1998-10-02,0.0117626545832901
1998-10-05,-0.1344802967352344
1998-10-06,-0.0383711667892752
1998-10-07,-0.0773321633796463
1998-10-08,-0.0623524343467492
1998-10-09,0.1612791709674857
1998-10-12,0.1186165526706625
1998-10-13,-0.0594120831885364
1998-10-14,0.0551518510261296
1998-10-15,0.121914830127429
1998-10-16,-0.0090714251115771
1998-10-19,0.0329598068705622
1998-10-20,-0.0293258639283033
1998-10-21,0.0782634568833993
1998-10-22,0.0443889715033417
1998-10-23,-0.0014392395759275
1998-10-26,0.0381476867649905
1998-10-27,-0.0157829543764236
1998-10-28,0.0494957486541771
1998-10-29,0.0414403478712437
1998-10-30,0.0129108182608848
1998-11-02,0.0431010966363813
1998-11-03,-0.0261152010090634
1998-11-04,0.0853332051919949
1998-11-05,-0.0097475478890907
1998-11-06,0.0231581289339592
1998-11-09,0.0122023867945943
1998-11-10,0.0146096995760523
1998-11-11,0.0157433347136554
1998-11-12,0.0176762271959149
1998-11-13,-0.0078469117558365
1998-11-16,0.0204216636037194
1998-11-17,0.0306827299923254
1998-11-18,0.0528714725756766
1998-11-19,0.0191849275089872
1998-11-20,0.0382703747591033
1998-11-23,0.0971579616948433
1998-11-24,-0.0214053670507639
1998-11-25,0.0247758658261107
1998-11-27,0.0336313284587395
1998-11-30,-0.0983348729155221
1998-12-01,0.0879887340485809
1998-12-02,0.0163786726565038
1998-12-03,-0.0192413983541172
1998-12-04,0.075652717048931
1998-12-07,0.0516743382163315
1998-12-08,0.0049105537969352
1998-12-09,-0.0047013649050459
1998-12-10,-0.0682559752540896
1998-12-11,0.0085798828150459
1998-12-14,-0.0797144426398233
1998-12-15,0.0694680034549751
1998-12-16,0.0018826837786126
1998-12-17,0.0622204477829078
1998-12-18,0.0617251052745493
1998-12-21,0.0703024697888005
1998-12-22,-0.0005957699137597
1998-12-23,0.0710674721369143
1998-12-24,-0.0120336704422552
1998-12-28,0.0079998177663452
1998-12-29,0.007972179458801
1998-12-30,-0.0120080523112359
1998-12-31,-0.0120435576894626
1999-01-04,0.0338876994995048
1999-01-05,0.0761118962139022
1999-01-06,0.0880500828019444
1999-01-07,-0.0100045290381009
1999-01-08,0.0115524215157695
1999-01-11,0.0289733862746276
1999-01-12,-0.0817842177495678
1999-01-13,-0.0019562211313522
1999-01-14,-0.0416466580544346
1999-01-15,0.0882180508435496
1999-01-19,0.1031888598454502
1999-01-20,0.0267750303098547
1999-01-21,-0.0780249246843755
1999-01-22,-0.0535818202173553
1999-01-25,0.052019117698877
1999-01-26,0.1200479466233028
1999-01-27,-0.0643151695499069
1999-01-28,0.1048748672752185
1999-01-29,0.043432267190011
1999-02-01,0.0018795000567694
1999-02-02,-0.0513854178753343
1999-02-03,0.0208274090310897
1999-02-04,-0.1031800393629666
1999-02-05,-0.0731337855365018
1999-02-08,0.0498409384415586
1999-02-09,-0.1180929203942764
1999-02-10,0.0211454414704354
1999-02-11,0.1262033565933415
1999-02-12,-0.1196693580597572
1999-02-16,-0.0140803359860496
1999-02-17,-0.0682875418731682
1999-02-18,0.0160206144574918
1999-02-19,0.0269451705120813
1999-02-22,0.1058475896772886
1999-02-23,0.0389249136532609
1999-02-24,-0.0838760482535632
1999-02-25,0.0074160900012975
1999-02-26,-0.0913629382594795
1999-03-01,-0.014382746851149
1999-03-02,-0.0808008250904435
1999-03-03,0.0505258893093071
1999-03-04,0.0301160572448174
1999-03-05,0.0685126252612527
1999-03-08,0.0858718236143364
1999-03-09,-0.0321301115570734
1999-03-10,-0.0006082420494094
1999-03-11,-0.0059210764833292
1999-03-12,-0.0272041890199631
1999-03-15,0.047689965419182
1999-03-16,0.0508959369282055
1999-03-17,-0.0200715888422274
1999-03-18,0.0412140304273776
1999-03-19,-0.0727626135872853
1999-03-22,-0.0005982643408897
1999-03-23,-0.0877423857873623
1999-03-24,0.0578814326087013
1999-03-25,0.0700998387089061
1999-03-26,-0.0162365280468048
1999-03-29,0.1120680707683999
1999-03-30,-0.0056439440795176
1999-03-31,-0.0385369654684642
1999-04-01,0.0468075850072692
1999-04-05,0.102821927889641
1999-04-06,0.0250127786305441
1999-04-07,-0.0078386391231369
1999-04-08,0.0284954167825149
1999-04-09,-0.0053849647766272
1999-04-12,-0.0462462995124775
1999-04-13,-0.0469515887271513
1999-04-14,-0.0749515455618035
1999-04-15,0.0248501860713392
1999-04-16,-0.0812480031240931
1999-04-19,-0.1456560401412852
1999-04-20,0.0756451412793369
1999-04-21,0.0790680807047635
1999-04-22,0.1377780924627348
1999-04-23,0.0055930203965981
1999-04-26,0.0758872606898853
1999-04-27,-0.0751738331277628
1999-04-28,-0.0400695457502705
1999-04-29,-0.0318482175770329
1999-04-30,-0.0246009151880081
1999-05-03,0.0248546709350253
1999-05-04,-0.0460673796347804
1999-05-05,0.0609297207887256
1999-05-06,-0.0759875919011195
1999-05-07,0.0509358463362067
1999-05-10,0.0247293763731027
1999-05-11,0.0446172728024384
1999-05-12,0.0587951214869287
1999-05-13,-0.0091006260558072
1999-05-14,-0.0797198847207432
1999-05-17,0.0418761113883073
1999-05-18,0.0265010142225738
1999-05-19,0.0091603178891715
1999-05-20,-0.0395709795684072
1999-05-21,-0.0351488624323664
1999-05-24,-0.0655045065909892
1999-05-25,-0.0631143948230676
1999-05-26,0.0619125849398662
1999-05-27,-0.0223091162004646
1999-05-28,0.0379442566760046
1999-06-01,-0.0678865754665697
1999-06-02,0.031828823888036
1999-06-03,-0.0211626556446901
1999-06-04,0.088618452428627
1999-06-07,0.053384352265697
1999-06-08,-0.0696900898982001
1999-06-09,0.0448465325039532
1999-06-10,-0.045393314258415
1999-06-11,-0.0410293947389189
1999-06-14,-0.0147077798569243
1999-06-15,0.0263807232852105
1999-06-16,0.1230015186004314
1999-06-17,0.0324329539200924
1999-06-18,0.0260145914802011
1999-06-21,0.0749753894373251
1999-06-22,-0.0638309897086255
1999-06-23,0.0220931148781905
1999-06-24,-0.0623351952649177
1999-06-25,0.003002820743397
1999-06-28,0.0489746170802287
1999-06-29,0.0374578850162984
1999-06-30,0.0452138717393358
1999-07-01,0.0329591098842667
1999-07-02,0.0383123371905987
1999-07-06,-0.0175789215366414
1999-07-07,0.0346236647323741
1999-07-08,0.0398297558741074
1999-07-09,0.0315330871263951
1999-07-12,0.0037611066013816
1999-07-13,-0.0137651507943767
1999-07-14,0.0367802940469768
1999-07-15,0.0211108885136583
1999-07-16,0.0263513651334401
1999-07-19,-0.036968459229704
1999-07-20,-0.1250720287614439
1999-07-21,0.0253605707279598
1999-07-22,-0.0935185667500089
1999-07-23,0.0074710882362581
1999-07-26,-0.0685893733854067
1999-07-27,0.0736406719349192
1999-07-28,0.026986490537232
1999-07-29,-0.0507753076259483
1999-07-30,-0.0319260717377682
1999-08-02,-0.0064949709199959
1999-08-03,-0.0123771813771872
1999-08-04,-0.0371568749096121
1999-08-05,0.0232303575158443
1999-08-06,0.0005493133060591
1999-08-09,-0.0349577355167567
1999-08-10,-0.0509108268400528
1999-08-11,0.0955000332979045
1999-08-12,-0.038368603338466
1999-08-13,0.0949156333450845
1999-08-16,0.0086208121723795
1999-08-17,0.0132096723069142
1999-08-18,-0.0350856585738394
1999-08-19,-0.0308362217947554
1999-08-20,0.0087510273320019
1999-08-23,0.0683727304195685
1999-08-24,0.0462350703538334
1999-08-25,0.0624159136632444
1999-08-26,-0.0370485292232866
1999-08-27,-0.0174016544600359
1999-08-30,-0.0500595921721622
1999-08-31,0.02559866352071
1999-09-01,0.0151884602813463
1999-09-02,-0.0119031537108041
1999-09-03,0.1089559619520331
1999-09-07,0.0004482250930314
1999-09-08,-0.0213396108420444
1999-09-09,0.0256991119884508
1999-09-10,0.0320048515895353
1999-09-13,-0.041522094404675
1999-09-14,0.0320905022512472
1999-09-15,-0.0632174712953089
1999-09-16,-0.0138463492445571
1999-09-17,0.0591621047785729
1999-09-20,0.0123895191479404
1999-09-21,-0.062231407442586
1999-09-22,0.004879803868667
1999-09-23,-0.1107692395880074
1999-09-24,0.0062307902170656
1999-09-27,0.0301569960061108
1999-09-28,0.01291031421897
1999-09-29,-0.0557147585107487
1999-09-30,0.0222574000179658
1999-10-01,-0.0188265029250499
1999-10-04,0.0725312210745444
1999-10-05,0.0172141170809256
1999-10-06,0.0359790143960294
1999-10-07,-0.0159810661684825
1999-10-08,-0.0028413716013366
1999-10-11,0.0291321262698053
1999-10-12,-0.054141555314034
1999-10-13,-0.0795728365322616
1999-10-14,-0.0177846472276882
1999-10-15,-0.0718455123329069
1999-10-18,-0.0277255390343706
1999-10-19,-0.0481463378736899
1999-10-20,0.1199031134567134
1999-10-21,-0.0493630293748401
1999-10-22,0.0064065700184278
1999-10-25,0.0075511941200857
1999-10-26,0.0004959165853997
1999-10-27,-0.0041928673925917
1999-10-28,0.0767632475822654
1999-10-29,0.1102699222627735
1999-11-01,-0.0050905348068558
1999-11-02,-0.0139322551572958
1999-11-03,0.0437081523742733
1999-11-04,0.0222875231353237
1999-11-05,0.0318734116927393
1999-11-08,0.0293712209938247
1999-11-09,-0.0336248294889554
1999-11-10,0.0519665824353509
1999-11-11,0.040499904358405
1999-11-12,0.0159786805661584
1999-11-15,-0.0141605719075705
1999-11-16,0.0627816054565885
1999-11-17,-0.0292195917280333
1999-11-18,0.101163238229048
1999-11-19,0.0271764218723039
1999-11-22,0.0180380411748425
1999-11-23,-0.0271466027721652
1999-11-24,0.0457655414145765
1999-11-26,0.0226669795123507
1999-11-29,-0.0267824198429717
1999-11-30,-0.0903353675965604
1999-12-01,0.0284346897677702
1999-12-02,0.0709280951376593
1999-12-03,0.0848040937613646
1999-12-06,0.0200940931482591
1999-12-07,0.0068199800023429
1999-12-08,-0.0325010168324609
1999-12-09,-0.0082566895208948
1999-12-10,0.014475305916533
1999-12-13,0.019104883177193
1999-12-14,-0.0578761056419526
1999-12-15,0.0604441802570501
1999-12-16,0.0554732910047242
1999-12-17,0.0324357051143113
1999-12-20,0.0283527760025844
1999-12-21,0.0568920763085976
1999-12-22,-0.0007279745516464
1999-12-23,0.0151833523617958
1999-12-27,0.022131223560612
1999-12-28,-0.0286157387167119
1999-12-29,0.0477275495187016
1999-12-30,-0.0032828001235674
1999-12-31,-0.0111046101137727
2000-01-03,0.0862877728641403
2000-01-04,-0.1529096560541231
2000-01-05,-0.0452501011919184
2000-01-06,-0.1001680493525304
2000-01-07,0.0516645556803054
2000-01-10,0.113262155601979
2000-01-11,-0.0857175473455201
2000-01-12,-0.0134741082325568
2000-01-13,0.026746851105399
2000-01-14,0.0682142395217096
2000-01-18,0.0152290947598915
2000-01-19,0.0045704924602025
2000-01-20,0.0168861244362551
2000-01-21,0.0027856021162732
2000-01-24,-0.0986294683456293
2000-01-25,0.063427623339239
2000-01-26,-0.09893224423445
2000-01-27,-0.0299988832068347
2000-01-28,-0.1078830847778607
2000-01-31,0.0988648982509221
2000-02-01,0.0622936778578844
2000-02-02,0.0210498082810691
2000-02-03,0.08580289115834
2000-02-04,0.0343060566302461
2000-02-07,0.0338928273388738
2000-02-08,0.0266531424909983
2000-02-09,-0.0380715197750645
2000-02-10,0.0705653611150891
2000-02-11,-0.0804611854004674
2000-02-14,0.0009812189232248
2000-02-15,0.0078633288617394
2000-02-16,-0.0162118873473596
2000-02-17,0.0666073743273036
2000-02-18,-0.1021026335208635
2000-02-22,-0.0077543563742889
2000-02-23,0.0903599547988687
2000-02-24,0.0366568596678683
2000-02-25,-0.0293105273162364
2000-02-28,-0.0363730754694609
2000-02-29,0.0678956365054954
2000-03-01,0.0294482498165306
2000-03-02,0.0291461532109222
2000-03-03,0.0823022767031443
2000-03-06,-0.0055644365303353
2000-03-07,-0.0833157477070079
2000-03-08,0.0519849217777667
2000-03-09,0.0899540454523013
2000-03-10,0.0055219740772855
2000-03-13,-0.044702226301311
2000-03-14,-0.0692377953680831
2000-03-15,-0.0529098373212489
2000-03-16,0.1037112025037843
2000-03-17,0.0697432570642169
2000-03-20,-0.0133018432221353
2000-03-21,0.077843377121108
2000-03-22,0.0513222601526284
2000-03-23,0.0564587769510488
2000-03-24,0.0250905297153636
2000-03-27,0.0234080064071912
2000-03-28,-0.0734420359807349
2000-03-29,-0.0886545597927629
2000-03-30,-0.0820975941415772
2000-03-31,0.0560151738105584
2000-04-03,-0.1277021971323685
2000-04-04,-0.0298565820527559
2000-04-05,0.0188210983417226
2000-04-06,0.0381512644650919
2000-04-07,0.1016847752722617
2000-04-10,-0.1091236186009208
2000-04-11,-0.0746383865340552
2000-04-12,-0.1950523736762378
2000-04-13,-0.0579781808426546
2000-04-14,-0.157802785024006
2000-04-17,0.1621176137582252
2000-04-18,0.1698987433745959
2000-04-19,-0.0993428825883226
2000-04-20,-0.0271181762313369
2000-04-24,-0.0929565057400891
2000-04-25,0.1730242518455881
2000-04-26,-0.0578120623311615
2000-04-27,0.0926678577884817
2000-04-28,0.0077861534610342
2000-05-01,0.0418310489425804
2000-05-02,-0.0562354868031697
2000-05-03,-0.130908597294832
2000-05-04,-0.0222509561009464
2000-05-05,0.0812541025194558
2000-05-08,-0.1069781170983827
2000-05-09,-0.0562900784399804
2000-05-10,-0.1463036639086469
2000-05-11,0.0839403637943774
2000-05-12,0.0380347642410061
2000-05-15,0.0552970530282284
2000-05-16,0.0891569413256939
2000-05-17,-0.0435712434963409
2000-05-18,-0.0767214377614418
2000-05-19,-0.1176518937499242
2000-05-22,-0.0142974643175539
2000-05-23,-0.1462271055260664
2000-05-24,0.1174327826048415
2000-05-25,-0.0497830904082934
2000-05-26,0.0092032910349195
2000-05-30,0.1939359524978119
2000-05-31,-0.0585714389610195
2000-06-01,0.1343159853621113
2000-06-02,0.1357624222644415
2000-06-05,0.0079254985092436
2000-06-06,-0.0424479430919648
2000-06-07,0.0555655701950032
2000-06-08,-0.014597249928327
2000-06-09,0.0061722274829995
2000-06-12,-0.0631297009064105
2000-06-13,0.0629112777730817
2000-06-14,-0.0561883415493574
2000-06-15,0.0592369934625121
2000-06-16,0.0096185374879988
2000-06-19,0.0940656227046846
2000-06-20,0.0075997159559456
2000-06-21,0.0259073003413322
2000-06-22,-0.0932742667005213
2000-06-23,-0.0646855432437064
2000-06-26,0.0192685934592842
2000-06-27,-0.0301732192499651
2000-06-28,0.028943616756453
2000-06-29,-0.0595875674224371
2000-06-30,0.0592320046082522
2000-07-03,0.0199772378500156
2000-07-05,-0.0970005377020522
2000-07-06,0.0453693778657802
2000-07-07,0.048162095749668
2000-07-10,-0.033478664051993
2000-07-11,-0.0251417486743725
2000-07-12,0.0763427455368618
2000-07-13,0.0573142484742124
2000-07-14,0.0545331728982078
2000-07-17,0.0238974341909293
2000-07-18,-0.0612271073206267
2000-07-19,-0.0674725334999849
2000-07-20,0.0622631261234166
2000-07-21,-0.065907584487174
2000-07-24,-0.0741876944871708
2000-07-25,0.0499205594330869
2000-07-26,-0.040368899354889
2000-07-27,-0.0879688721624383
2000-07-28,-0.1121180203171399
2000-07-31,0.0607113033711004
2000-08-01,-0.0355285396198606
2000-08-02,-0.0137516867233553
2000-08-03,0.0567368642732106
2000-08-04,-0.0008115378604993
2000-08-07,0.0611135124026668
2000-08-08,0.0045387449219555
2000-08-09,0.0098749402187179
2000-08-10,-0.0647192967339674
2000-08-11,0.0100638256000802
2000-08-14,0.0606303301218067
2000-08-15,0.0062649763983352
2000-08-16,0.0027170869104436
2000-08-17,0.0556547753676641
2000-08-18,0.0026468670777651
2000-08-21,0.013020453741207
2000-08-22,-0.0008177739283242
2000-08-23,0.0284571969772223
2000-08-24,0.0273226100067574
2000-08-25,-0.0109604647316181
2000-08-28,0.0237613281172359
2000-08-29,0.0025414799493775
2000-08-30,-0.0209800705931309
2000-08-31,0.0583678031799846
2000-09-01,0.0008410528418499
2000-09-05,-0.0687704834314047
2000-09-06,-0.0771242794397389
2000-09-07,0.0479152863773285
2000-09-08,-0.0966894258690127
2000-09-11,-0.0786274333955025
2000-09-12,-0.0443769700140543
2000-09-13,0.0286894111608971
2000-09-14,0.0156226525111528
2000-09-15,-0.0525251079081267
2000-09-18,-0.0682056662938237
2000-09-19,0.1163246333257511
2000-09-20,0.0101058225933696
2000-09-21,-0.0623960020730632
2000-09-22,-0.0858827828621038
2000-09-25,-0.0636251992880786
2000-09-26,-0.0639931270170922
2000-09-27,-0.0216607820830151
2000-09-28,0.1031836553475842
2000-09-29,-0.1322527683523772
2000-10-02,-0.0230553277517741
2000-10-03,-0.0802415506636862
2000-10-04,0.0797321707249795
2000-10-05,-0.0435999443094549
2000-10-06,-0.0628177284356179
2000-10-09,-0.0176951921592005
2000-10-10,-0.0888951258075788
2000-10-11,-0.097022635246807
2000-10-12,-0.1047222367715528
2000-10-13,0.2519254343756595
2000-10-16,-0.0483017817047172
2000-10-17,-0.079768110126286
2000-10-18,-0.0481178107170478
2000-10-19,0.2657682967617474
2000-10-20,0.0443629538956787
2000-10-23,-0.0194593734865089
2000-10-24,-0.059159563400439
2000-10-25,-0.2122340214618704
2000-10-26,0.0711737376961643
2000-10-27,0.024842357939327
2000-10-30,-0.041775041362571
2000-10-31,0.1382866964694523
2000-11-01,-0.0587268171114084
2000-11-02,0.0767929942389382
2000-11-03,0.0215511989904542
2000-11-06,-0.0473798981651951
2000-11-07,0.0206543015738723
2000-11-08,-0.1587295074928069
2000-11-09,-0.0447513063759725
2000-11-10,-0.1665422307542816
2000-11-13,-0.0105100258188834
2000-11-14,0.161791666805006
2000-11-15,0.0198912485279827
2000-11-16,-0.0968605935953968
2000-11-17,0.0227940873867535
2000-11-20,-0.1227027600473067
2000-11-21,0.0138296133210169
2000-11-22,-0.1102280906524754
2000-11-24,0.1177593774125463
2000-11-27,-0.017813922743531
2000-11-28,-0.1216470548232549
2000-11-29,-0.0148019385567075
2000-11-30,-0.1592414389768484
2000-12-01,0.0383065484005544
2000-12-04,-0.0181115955863732
2000-12-05,0.2831340453592696
2000-12-06,-0.08399115276362
2000-12-07,-0.1002091708363455
2000-12-08,0.1384693458170891
2000-12-11,0.1123904373581609
2000-12-12,-0.0619175758525913
2000-12-13,-0.1280318593257856
2000-12-14,-0.0467875065178812
2000-12-15,-0.1201621179028033
2000-12-18,-0.0602370483407448
2000-12-19,-0.0890089765474067
2000-12-20,-0.2251920673686272
2000-12-21,0.0085064659247157
2000-12-22,0.2059409655605387
2000-12-26,-0.0508829367126371
2000-12-27,0.0283729949372524
2000-12-28,-0.015188719773862
2000-12-29,-0.0964218061214672
2001-01-02,-0.174419599925409
2001-01-03,0.4823076995739201
2001-01-04,0.0294051433429625
2001-01-05,-0.182245879709034
2001-01-08,-0.009334603406544
2001-01-09,0.0658499198406925
2001-01-10,0.0898712622868742
2001-01-11,0.1256791313240743
2001-01-12,-0.0455148645724108
2001-01-16,-0.0354976300503501
2001-01-17,0.0913543490236263
2001-01-18,0.1569250327878471
2001-01-19,0.0404948553600321
2001-01-22,-0.0560842890547315
2001-01-23,0.0494804243965043
2001-01-24,0.0363127740270099
2001-01-25,-0.1054860382014459
2001-01-26,0.0195223236365049
2001-01-29,0.0623389876685504
2001-01-30,0.0064145410893831
2001-01-31,-0.0751658668693628
2001-02-01,-0.002266548294086
2001-02-02,-0.132641259737631
2001-02-05,-0.0191833612616096
2001-02-06,0.0171203068473316
2001-02-07,-0.0781292373284331
2001-02-08,-0.0447487325515468
2001-02-09,-0.1392619428477119
2001-02-12,0.0250879666675129
2001-02-13,-0.0517289234822149
2001-02-14,0.0698339158351412
2001-02-15,0.0899672683566397
2001-02-16,-0.1862901129008567
2001-02-20,-0.1619646129536877
2001-02-21,-0.0769747989349061
2001-02-22,0.004425381653008
2001-02-23,-0.0229779873924164
2001-02-26,0.0474380586334955
2001-02-27,-0.1154001486168875
2001-02-28,-0.068679198495002
2001-03-01,0.0839750674074999
2001-03-02,-0.1048045581553965
2001-03-05,0.0641107337158459
2001-03-06,0.1261308856869165
2001-03-07,0.0034339204243235
2001-03-08,-0.0603345463870196
2001-03-09,-0.1968365544676459
2001-03-12,-0.1608376492853937
2001-03-13,0.1488003462837068
2001-03-14,-0.0739873959253914
2001-03-15,-0.0359331601933451
2001-03-16,-0.0663446314556802
2001-03-19,0.0925606130866462
2001-03-20,-0.1447045723359641
2001-03-21,0.0138459435824654
2001-03-22,0.1369382508795932
2001-03-23,0.0634563324459632
2001-03-26,-0.0397487690907804
2001-03-27,0.0958320521921761
2001-03-28,-0.2225548938166701
2001-03-29,-0.0397344395827143
2001-03-30,-0.0186072467495296
2001-04-02,-0.0731413555672299
2001-04-03,-0.2013784597288621
2001-04-04,-0.0576761479824772
2001-04-05,0.3163816834000251
2001-04-06,-0.1401749479911652
2001-04-09,0.0071846487663414
2001-04-10,0.2006707252793955
2001-04-11,0.1087435643740612
2001-04-12,0.0747841902960845
2001-04-16,-0.0728951752440116
2001-04-17,0.0307244015686178
2001-04-18,0.2723102800624522
2001-04-19,0.1886245807452848
2001-04-20,-0.0351009303109298
2001-04-23,-0.1665017545356208
2001-04-24,-0.0470875810586366
2001-04-25,0.0521758053599755
2001-04-26,-0.0427801745902358
2001-04-27,0.040213347053708
2001-04-30,0.0460018920145653
2001-05-01,0.0713252882312129
2001-05-02,0.0594803153269698
2001-05-03,-0.0962244262366293
2001-05-04,0.0427514245503081
2001-05-07,-0.0035458424404887
2001-05-08,0.0127156295647806
2001-05-09,-0.0419834974876984
2001-05-10,-0.0446173795813223
2001-05-11,-0.0327877294269234
2001-05-14,-0.0426004583287294
2001-05-15,-0.0058258986375384
2001-05-16,0.1214454575492308
2001-05-17,0.0169907311143924
2001-05-18,0.0127991163655382
2001-05-21,0.1327764938680002
2001-05-22,-0.0063335768167097
2001-05-23,-0.0736832250090376
2001-05-24,0.0225119397240992
2001-05-25,-0.0570757271999642
2001-05-29,-0.1128069070921626
2001-05-30,-0.1224275071805753
2001-05-31,0.0269050517166215
2001-06-01,0.0505393970837757
2001-06-04,-0.0068996430462129
2001-06-05,0.1182723484786577
2001-06-06,-0.0293038036230522
2001-06-07,0.0847217547275328
2001-06-08,-0.0671774382887054
2001-06-11,-0.0500871844194905
2001-06-12,-0.0235962490834807
2001-06-13,-0.0682497023953973
2001-06-14,-0.1077372898630812
2001-06-15,-0.0285629220428348
2001-06-18,-0.0753321073276837
2001-06-19,0.0111595508568798
2001-06-20,0.0308168452537309
2001-06-21,0.05571973486829
2001-06-22,-0.0286060319942203
2001-06-25,0.0427157924604733
2001-06-26,0.0163366993514966
2001-06-27,0.0062109254537897
2001-06-28,0.0584222731749069
2001-06-29,0.0703668407802599
2001-07-02,-0.0026222366221846
2001-07-03,-0.0111471320947799
2001-07-05,-0.0967466523534519
2001-07-06,-0.1386088390257579
2001-07-09,0.037733318406095
2001-07-10,-0.0919846083629511
2001-07-11,0.0148542574961831
2001-07-12,0.1990472031281886
2001-07-13,0.0083180589021421
2001-07-16,-0.0729085320083568
2001-07-17,0.0354962191590316
2001-07-18,-0.1149204117110959
2001-07-19,0.0549716770319022
2001-07-20,-0.0174883513530108
2001-07-23,-0.0734829142086722
2001-07-24,-0.0402296368018396
2001-07-25,0.0635025021794865
2001-07-26,0.0563671811081202
2001-07-27,-0.0050309080348288
2001-07-30,-0.0096029164177611
2001-07-31,-0.0016178926756758
2001-08-01,0.0796157249235281
2001-08-02,0.0407577872392255
2001-08-03,-0.0433452011412224
2001-08-06,-0.0372773945123576
2001-08-07,-0.0174108461569295
2001-08-08,-0.0969866870084743
2001-08-09,0.0007086206475276
2001-08-10,-0.0051548166178843
2001-08-13,0.0112830057886525
2001-08-14,-0.0390735898725257
2001-08-15,-0.0680268803222562
2001-08-16,0.0153084652591291
2001-08-17,-0.0897193314655579
2001-08-20,0.0194327028306215
2001-08-21,-0.0881484524291436
2001-08-22,0.0300794582324228
2001-08-23,-0.0029785067700412
2001-08-24,0.1457570190627601
2001-08-27,-0.0076771714986173
2001-08-28,-0.0835896372727287
2001-08-29,-0.0574635705125961
2001-08-30,-0.116664143329283
2001-08-31,0.0245125106648576
2001-09-04,-0.065624787282195
2001-09-05,-0.0257701778037179
2001-09-06,-0.1428607889495304
2001-09-07,-0.0357024802374398
2001-09-10,0.0637826652979001
2001-09-17,-0.1917871173435639
2001-09-18,-0.0272093017128266
2001-09-19,-0.027416469966297
2001-09-20,-0.1310100773813728
2001-09-21,-0.0861191693840308
2001-09-24,0.1681518172561008
2001-09-25,0.0275448869400554
2001-09-26,-0.1016115647909799
2001-09-27,-0.0241533469521307
2001-09-28,0.081310552388922
2001-10-01,-0.0392910408485117
2001-10-02,-0.0034745791410338
2001-10-03,0.2004253108435605
2001-10-04,0.0633928513969867
2001-10-05,-0.0017580094526971
2001-10-08,0.0200097898480277
2001-10-09,-0.0695084819526445
2001-10-10,0.0926555958245013
2001-10-11,0.1442447419094275
2001-10-12,-0.0071430030776579
2001-10-15,-0.0208461430788344
2001-10-16,0.031383606060855
2001-10-17,-0.1366731509674502
2001-10-18,-0.0074507190650316
2001-10-19,0.039787816705528
2001-10-22,0.0703416728866258
2001-10-23,0.0024533888294662
2001-10-24,0.0369363686421232
2001-10-25,0.0719054043274007
2001-10-26,0.0036899856353777
2001-10-29,-0.1437849258072519
2001-10-30,-0.061685833558473
2001-10-31,0.0410207648745679
2001-11-01,0.1036900097618599
2001-11-02,0.0037879228703493
2001-11-05,0.0919384859119427
2001-11-06,0.1049981835855957
2001-11-07,-0.0129699423057837
2001-11-08,0.0150545839313825
2001-11-09,-0.0116935875284636
2001-11-12,0.0226856721163885
2001-11-13,0.106020678707514
2001-11-14,0.0156191127835998
2001-11-15,-0.0185064834993806
2001-11-16,-0.0100628793269893
2001-11-19,0.0622992854533758
2001-11-20,-0.0844119577824814
2001-11-21,-0.0299573470996608
2001-11-23,0.0459349017557565
2001-11-26,0.0513785888536289
2001-11-27,-0.0099487077078575
2001-11-28,-0.0948898642089466
2001-11-29,0.0799083438611894
2001-11-30,-0.0063550212129047
2001-12-03,-0.0430460993883692
2001-12-04,0.0940043407113441
2001-12-05,0.1440326980571758
2001-12-06,-0.0082828692954006
2001-12-07,-0.0554609782922902
2001-12-10,-0.0658728480171994
2001-12-11,0.021323007766686
2001-12-12,0.0116531573161955
2001-12-13,-0.1068797522080492
2001-12-14,0.0120353809942157
2001-12-17,0.0572524194939773
2001-12-18,0.0117567247136714
2001-12-19,-0.0432912413922189
2001-12-20,-0.103358588203952
2001-12-21,0.0399540205386777
2001-12-24,-0.0114059046834873
2001-12-26,0.0233890376499839
2001-12-27,0.0256730520355334
2001-12-28,0.0058712364857481
2001-12-31,-0.0686548705310547
2002-01-02,0.0747492780464966
2002-01-03,0.1314566120962703
2002-01-04,0.0184421664469106
2002-01-07,-0.0327524073777324
2002-01-08,0.0220568917789228
2002-01-09,-0.0235450822280413
2002-01-10,-0.0249024318026104
2002-01-11,-0.0286438394820861
2002-01-14,-0.0468450502781126
2002-01-15,0.0191908633447526
2002-01-16,-0.0738186224803687
2002-01-17,0.0739570152267519
2002-01-18,-0.100396436638445
2002-01-22,-0.1076127776624715
2002-01-23,0.04506953250313
2002-01-24,0.0443939186601799
2002-01-25,-0.0115614356850407
2002-01-28,0.0211923599433194
2002-01-29,-0.1067198728232306
2002-01-30,0.0387080150050383
2002-01-31,0.0433356228432621
2002-02-01,-0.0558566635268454
2002-02-04,-0.0852339137332204
2002-02-05,-0.0466325888314745
2002-02-06,-0.0177481547314785
2002-02-07,-0.0449250916921373
2002-02-08,0.0574700805977832
2002-02-11,0.0671634373109378
2002-02-12,-0.0490455135356026
2002-02-13,0.0480033245187087
2002-02-14,-0.0319152712300487
2002-02-15,-0.086917407440403
2002-02-19,-0.105974471769051
2002-02-20,0.0367472529392424
2002-02-21,-0.1394290505954857
2002-02-22,0.0189114995154202
2002-02-25,0.1008174159217015
2002-02-26,-0.0186751890694463
2002-02-27,-0.0216453428890198
2002-02-28,-0.0347251793194545
2002-03-01,0.1508348880610167
2002-03-04,0.1090074619791562
2002-03-05,0.0090827057529634
2002-03-06,0.0290122439232314
2002-03-07,-0.0107949796989642
2002-03-08,0.079067590465255
2002-03-11,0.0087493368215015
2002-03-12,-0.0644755242583916
2002-03-13,-0.0790015267180641
2002-03-14,-0.0353082627053903
2002-03-15,0.0215515974833805
2002-03-18,0.00920971249549
2002-03-19,0.0118796167927141
2002-03-20,-0.0916606319226114
2002-03-21,0.0593467989600787
2002-03-22,-0.0437621418478272
2002-03-25,-0.0678521194737741
2002-03-26,0.022319243951269
2002-03-27,-0.0016624837739387
2002-03-28,0.0361753626963955
2002-04-01,0.032966671123994
2002-04-02,-0.0878907658734003
2002-04-03,-0.0468008048897672
2002-04-04,0.0126368944227295
2002-04-05,-0.0473289425442436
2002-04-08,-0.0147466838464533
2002-04-09,-0.0759787054927397
2002-04-10,0.008716406933789
2002-04-11,-0.1000513328314452
2002-04-12,0.0506026859742925
2002-04-15,0.007323814050412
2002-04-16,0.1357695708654271
2002-04-17,0.0113155571811247
2002-04-18,-0.0319331631680266
2002-04-19,-0.0089837869564102
2002-04-22,-0.0747027393317179
2002-04-23,-0.0616265862211687
2002-04-24,-0.0460979296373663
2002-04-25,0.0199243252312792
2002-04-26,-0.1019994690862245
2002-04-29,-0.0194041599184539
2002-04-30,0.0591644949843371
2002-05-01,-0.0254520356533961
2002-05-02,-0.076486003179498
2002-05-03,-0.0719539205804422
2002-05-06,-0.0853988978408559
2002-05-07,-0.0002540333969583
2002-05-08,0.3107420702178356
2002-05-09,-0.0983333939114816
2002-05-10,-0.1032609897541461
2002-05-13,0.1180748447560199
2002-05-14,0.1440513311336197
2002-05-15,-0.0094307364460628
2002-05-16,0.0442471699605283
2002-05-17,0.014868135370946
2002-05-20,-0.0784906144259005
2002-05-21,-0.074403637612041
2002-05-22,0.0361807267335267
2002-05-23,0.0232210829565774
2002-05-24,-0.0654683808463402
2002-05-28,-0.0272387392971116
2002-05-29,-0.0563141406646923
2002-05-30,0.0144364640683934
2002-05-31,-0.0343600047820522
2002-06-03,-0.0889727147038575
2002-06-04,0.0420702488109214
2002-06-05,0.036473986095114
2002-06-06,-0.0728179900857212
2002-06-07,-0.0661662887502425
2002-06-10,-0.0279041316205182
2002-06-11,-0.0665321481044255
2002-06-12,0.0603904301077828
2002-06-13,-0.050947980303971
2002-06-14,-0.005581949302667
2002-06-17,0.1012920283378659
2002-06-18,-0.0329914515540468
2002-06-19,-0.1187144831229687
2002-06-20,-0.0691728077388099
2002-06-21,-0.0856474612823468
2002-06-24,0.0513422959537032
2002-06-25,-0.1035692763674997
2002-06-26,0.0016997781657998
2002-06-27,0.0794687781503039
2002-06-28,-0.0040367188652569
2002-07-01,-0.1273026648744661
2002-07-02,-0.0893579428703653
2002-07-03,0.1099563288263744
2002-07-05,0.1611679915774017
2002-07-08,-0.0899148883210001
2002-07-09,-0.0445361184515537
2002-07-10,-0.08037833613073
2002-07-11,0.1101927039220906
2002-07-12,-0.0138063006887877
2002-07-15,0.0581181141886925
2002-07-16,-0.0346023674542485
2002-07-17,0.0209885671185287
2002-07-18,-0.0635083634307333
2002-07-19,-0.0942429508615362
2002-07-22,-0.1579282666507107
2002-07-23,-0.1496062542732757
2002-07-24,0.1546959912549625
2002-07-25,-0.1796079278225136
2002-07-26,0.0406345598693786
2002-07-29,0.176747885087457
2002-07-30,0.046295332602481
2002-07-31,-0.0169135962496571
2002-08-01,-0.1322271987903936
2002-08-02,-0.0637882128939403
2002-08-05,-0.1300899839725246
2002-08-06,0.1261243662580037
2002-08-07,0.0536594554558556
2002-08-08,0.110056956964971
2002-08-09,-0.0108732612759005
2002-08-12,-0.0280039245991804
2002-08-13,-0.0692025241186886
2002-08-14,0.1872605267779412
2002-08-15,0.0412862881329523
2002-08-16,0.0714356893881016
2002-08-19,0.1097566857225797
2002-08-20,-0.0851237051405957
2002-08-21,0.0930771772725166
2002-08-22,0.0344197466758224
2002-08-23,-0.1087422544518084
2002-08-26,0.0195050673813131
2002-08-27,-0.1003090155181182
2002-08-28,-0.0834631135082098
2002-08-29,0.0415094292535421
2002-08-30,-0.0764305885453673
2002-09-03,-0.1481249225749658
2002-09-04,0.0930947099474272
2002-09-05,-0.1015268724050074
2002-09-06,0.1001295387864869
2002-09-09,0.0321297022497284
2002-09-10,0.0510004494211527
2002-09-11,0.0165495904516881
2002-09-12,-0.1108923724435201
2002-09-13,0.0127605633547507
2002-09-16,-0.0498886420859427
2002-09-17,-0.0375541668083968
2002-09-18,-0.0313551836765111
2002-09-19,-0.1349720368442744
2002-09-20,0.0162181353129406
2002-09-23,-0.0937713385731467
2002-09-24,-0.0485098262736713
2002-09-25,0.11505004805847
2002-09-26,-0.0356743610672967
2002-09-27,-0.0743404076033253
2002-09-30,-0.1007220432031526
2002-10-01,0.1620677123133075
2002-10-02,-0.0675938805635407
2002-10-03,-0.0076149045587186
2002-10-04,-0.0643796673269953
2002-10-07,-0.0531785513658612
2002-10-08,-0.0002353251934837
2002-10-09,-0.0284593977023777
2002-10-10,0.1577999452154052
2002-10-11,0.1892682394000879
2002-10-14,0.0043969880622578
2002-10-15,0.1892785839537654
2002-10-16,-0.1632854332066333
2002-10-17,0.126194590593422
2002-10-18,0.0394633370428021
2002-10-21,0.0607095813886289
2002-10-22,-0.0130476648275306
2002-10-23,0.0811854310339229
2002-10-24,-0.0482246910780854
2002-10-25,0.0803266715354196
2002-10-28,-0.0064270857133035
2002-10-29,-0.0498772998545198
2002-10-30,0.1028612590581008
2002-10-31,0.0018206153431894
2002-11-01,0.0892171407878336
2002-11-04,0.1162345037221096
2002-11-05,-0.0192100720411864
2002-11-06,0.0476130851143446
2002-11-07,-0.1187560290123571
2002-11-08,-0.0217423282824123
2002-11-11,-0.1047911162933823
2002-11-12,0.0836584135786513
2002-11-13,0.0137388962657883
2002-11-14,0.1206057730836968
2002-11-15,0.0055236492598655
2002-11-18,-0.0343865423780601
2002-11-19,-0.0482307011589501
2002-11-20,0.1248130553945434
2002-11-21,0.1554393148779857
2002-11-22,-0.0108843284893933
2002-11-25,0.0445341108008896
2002-11-26,-0.0865564930597752
2002-11-27,0.1214098056244722
2002-11-29,-0.0176285859172659
2002-12-02,0.0085818732063263
2002-12-03,-0.1051440332845548
2002-12-04,-0.0455030944703228
2002-12-05,-0.0664445560374535
2002-12-06,0.0280454976434459
2002-12-09,-0.1418914797560971
2002-12-10,0.0487381200357655
2002-12-11,0.0229200366137179
2002-12-12,-0.0135586773861158
2002-12-13,-0.0673655608744875
2002-12-16,0.1019081975833574
2002-12-17,-0.0153767353212574
2002-12-18,-0.0822478083742907
2002-12-19,-0.011956660703624
2002-12-20,0.0316131590316831
2002-12-23,0.036949854633159
2002-12-24,-0.031070366884987
2002-12-26,-0.0157854436794823
2002-12-27,-0.0531206733707497
2002-12-30,-0.0301271442922432
2002-12-31,-0.0163144927860167
2003-01-02,0.1619734756547883
2003-01-03,0.011352011181175
2003-01-06,0.1319994222027177
2003-01-07,0.031009634128345
2003-01-08,-0.098245525013948
2003-01-09,0.0880506882931825
2003-01-10,0.0162283454183282
2003-01-13,-0.0165086696297922
2003-01-14,0.0417622484737803
2003-01-15,-0.0595365106174546
2003-01-16,-0.0644015120112405
2003-01-17,-0.146432903155673
2003-01-21,-0.0198927345899581
2003-01-22,-0.020023631713923
2003-01-23,0.0517508612005606
2003-01-24,-0.1179798719435061
2003-01-27,-0.0328770859026869
2003-01-28,0.0411395889117895
2003-01-29,0.0426170382376093
2003-01-30,-0.0926131109613641
2003-01-31,-0.0043285538972998
2003-02-03,0.0268090041658712
2003-02-04,-0.0516192429985106
2003-02-05,-0.0106510592891772
2003-02-06,-0.0169867094172929
2003-02-07,-0.0339834122640249
2003-02-10,0.0318723071695674
2003-02-11,-0.0107521895186292
2003-02-12,-0.040494209331684
2003-02-13,0.0084224266632899
2003-02-14,0.0941713835951291
2003-02-18,0.0975297199778806
2003-02-19,-0.0203142703209873
2003-02-20,-0.0468057368969706
2003-02-21,0.0368784139600238
2003-02-24,-0.0510318500253905
2003-02-25,0.0080923671153149
2003-02-26,-0.0785908616069171
2003-02-27,0.0294761773439292
2003-02-28,0.0459700403660147
2003-03-03,-0.0518373127959021
2003-03-04,-0.0338216865936964
2003-03-05,0.0295850376803687
2003-03-06,-0.0380758545983281
2003-03-07,-0.0150998845055175
2003-03-10,-0.062312238285584
2003-03-11,-0.0154890341454795
2003-03-12,0.0394182457033561
2003-03-13,0.1604624409908027
2003-03-14,0.0101264192538181
2003-03-17,0.1373989419782955
2003-03-18,0.013567278492952
2003-03-19,-0.0060427602239773
2003-03-20,-0.0040957245090508
2003-03-21,0.0449154827728614
2003-03-24,-0.1218806051902578
2003-03-25,0.0421005218411569
2003-03-26,-0.0101083332531621
2003-03-27,-0.0340441603418931
2003-03-28,-0.0384581971089612
2003-03-31,-0.0818084045569539
2003-04-01,0.0354892259407158
2003-04-02,0.128366566880393
2003-04-03,-0.0081249028986815
2003-04-04,-0.0340599225523589
2003-04-07,0.0078842297352408
2003-04-08,-0.0303391562984327
2003-04-09,-0.0651728593855706
2003-04-10,0.0185101218783362
2003-04-11,-0.0270035367715265
2003-04-14,0.0726809351364949
2003-04-15,0.0059162493073922
2003-04-16,0.0221318561877543
2003-04-17,0.0622348985634887
2003-04-21,-0.0120162512218952
2003-04-22,0.0651643800576277
2003-04-23,0.0502081683948394
2003-04-24,-0.0268625800982479
2003-04-25,-0.0559455907610324
2003-04-28,0.0625276685789551
2003-04-29,0.0305328346501636
2003-04-30,-0.0343752400470589
2003-05-01,0.0286558010070721
2003-05-02,0.062643099180235
2003-05-05,-0.0076319897200664
2003-05-06,0.054033522960288
2003-05-07,-0.0368936321099772
2003-05-08,-0.0484973918461922
2003-05-09,0.0829509197747219
2003-05-12,0.0457831996134852
2003-05-13,-0.0056018511644403
2003-05-14,-0.0110487292147606
2003-05-15,0.0307790942977377
2003-05-16,-0.0271916721401053
2003-05-19,-0.1092569353845333
2003-05-20,0.0054960159332963
2003-05-21,0.003600066453588
2003-05-22,0.0318058585220107
2003-05-23,0.0035524601273158
2003-05-27,0.0778968268235526
2003-05-28,0.0197527966690543
2003-05-29,0.0070279082257945
2003-05-30,0.0429151719608586
2003-06-02,-0.0161071292826277
2003-06-03,0.0265214793755852
2003-06-04,0.0633262781170643
2003-06-05,-0.0001642340202805
2003-06-06,-0.0295263781394704
2003-06-09,-0.0437665096995069
2003-06-10,0.0423220806968136
2003-06-11,0.0190442654743422
2003-06-12,0.0137245106770079
2003-06-13,-0.0657361678727581
2003-06-16,0.0739763625260684
2003-06-17,0.0136314297845399
2003-06-18,0.0289957127891814
2003-06-19,-0.0222068668299768
2003-06-20,-0.0035582083167213
2003-06-23,-0.0600728040765825
2003-06-24,-0.0123678083989981
2003-06-25,-0.0299741998335866
2003-06-26,0.056555382186697
2003-06-27,-0.0227512969023129
2003-06-30,-0.0089081839404978
2003-07-01,0.0420332346752835
2003-07-02,0.0622488044348453
2003-07-03,-0.0357965331689876
2003-07-07,0.102944712973128
2003-07-08,0.0231057317940842
2003-07-09,-0.0034429102609203
2003-07-10,-0.0694512996106367
2003-07-11,0.0420832972678463
2003-07-14,0.0131760436487777
2003-07-15,0.0048263820858434
2003-07-16,-0.0100805141872103
2003-07-17,-0.0915094293614824
2003-07-18,0.0067040291407482
2003-07-21,-0.0668159141174652
2003-07-22,0.0645331815516387
2003-07-23,0.0169640105940562
2003-07-24,-0.0426911870996523
2003-07-25,0.0637152857894633
2003-07-28,0.0049145891923476
2003-07-29,-0.0288420626245556
2003-07-30,-0.0223019665442771
2003-07-31,0.0204398028045938
2003-08-01,-0.0154931385771296
2003-08-04,0.0255426379685084
2003-08-05,-0.0748992317049423
2003-08-06,-0.028027472437045
2003-08-07,-0.0089447856389686
2003-08-08,-0.0036807622508486
2003-08-11,0.0139708511813448
2003-08-12,0.0455416589362173
2003-08-13,-0.005348551172294
2003-08-14,0.0258571660148082
2003-08-15,-0.0139062105939105
2003-08-18,0.0879290966560873
2003-08-19,0.0401137193423089
2003-08-20,-0.0167094004126659
2003-08-21,0.0281441771018355
2003-08-22,-0.0051037825619566
2003-08-25,-0.018332647222153
2003-08-26,0.0164594883908953
2003-08-27,0.0196743862132046
2003-08-28,0.0179047696612995
2003-08-29,0.0096367023371718
2003-09-02,0.0649200769090675
2003-09-03,0.0316906393930396
2003-09-04,0.0282060151118554
2003-09-05,-0.0157621167809383
2003-09-08,0.0547591044791588
2003-09-09,-0.0325094401017065
2003-09-10,-0.0889402625076395
2003-09-11,0.0351594552839008
2003-09-12,0.003018122800216
2003-09-15,-0.0175860371353433
2003-09-16,0.0763635102413297
2003-09-17,-0.0048173075560787
2003-09-18,0.0418806451905268
2003-09-19,0.0029184616637651
2003-09-22,-0.0569025952370525
2003-09-23,0.0170466873451382
2003-09-24,-0.1027425420921919
2003-09-25,-0.0226858294830623
2003-09-26,-0.0163676823257441
2003-09-29,0.0487587237425212
2003-09-30,-0.0675328073250201
2003-10-01,0.0654934029208349
2003-10-02,-0.0065748454368555
2003-10-03,0.0915853421000224
2003-10-06,0.0154640167325862
2003-10-07,0.0200479295075979
2003-10-08,-0.021752405541043
2003-10-09,0.0122876586492045
2003-10-10,0.0246176378245901
2003-10-13,0.0090612201276896
2003-10-14,-0.0078015806242494
2003-10-15,0.0182631916867747
2003-10-16,0.0105256606432719
2003-10-17,-0.0487827352872983
2003-10-20,0.0353770956069543
2003-10-21,0.0166444965463578
2003-10-22,-0.0441850174043641
2003-10-23,-0.0232662272511973
2003-10-24,-0.0451808146984804
2003-10-27,0.0156055159605074
2003-10-28,0.0719835892381724
2003-10-29,0.0044402124486703
2003-10-30,-0.0032137894920773
2003-10-31,0.0029084003017317
2003-11-03,0.070180805730022
2003-11-04,-0.0255496429309284
2003-11-05,0.008886413510143
2003-11-06,0.0238811226108833
2003-11-07,-0.0120760468362989
2003-11-10,-0.0390576792323164
2003-11-11,-0.0077362067717462
2003-11-12,0.0636778609586352
2003-11-13,-0.0254504487314285
2003-11-14,-0.0406740801587287
2003-11-17,-0.0412291680909451
2003-11-18,-0.0371710289844667
2003-11-19,0.0326418625704296
2003-11-20,-0.0464969243947516
2003-11-21,0.0249531418638276
2003-11-24,0.0760882945879385
2003-11-25,-0.003186227484683
2003-11-26,0.0120003806410729
2003-11-28,0.0104395186921703
2003-12-01,0.029997190822174
2003-12-02,-0.0135839146428506
2003-12-03,-0.0106463404075178
2003-12-04,0.0374630712433514
2003-12-05,-0.0536421448609208
2003-12-08,0.0074133528964419
2003-12-09,-0.0650401921061412
2003-12-10,0.0168175925684756
2003-12-11,0.0565998725935348
2003-12-12,0.0028629626287343
2003-12-15,-0.0377403634725417
2003-12-16,0.0150816846585128
2003-12-17,-0.0046952216479616
2003-12-18,0.0499317673656641
2003-12-19,-0.0105153709709197
2003-12-22,0.0043786225939826
2003-12-23,0.0239484948343607
2003-12-24,-0.0061216455721118
2003-12-26,0.0058437645997216
2003-12-29,0.0536380777065297
2003-12-30,-0.0045538987241753
2003-12-31,-0.0045623612428084
2004-01-02,0.014568275228171
2004-01-05,0.0730940574138047
2004-01-06,0.0270230495490317
2004-01-07,0.0140222253398415
2004-01-08,0.0590937527710528
2004-01-09,-0.0402536236727922
2004-01-12,0.0461163710967548
2004-01-13,-0.0429430487645137
2004-01-14,0.0362697478141438
2004-01-15,0.0123099405414195
2004-01-16,0.0384366654896345
2004-01-20,0.0066600372054493
2004-01-21,-0.0232222819082572
2004-01-22,-0.0288724929307485
2004-01-23,-0.0098163671820544
2004-01-26,0.0552789856540636
2004-01-27,-0.0464038151547174
2004-01-28,-0.0498997970264209
2004-01-29,-0.0156082167544245
2004-01-30,0.0012627832247869
2004-02-02,-0.0001517618846308
2004-02-03,0.0040843681729117
2004-02-04,-0.0734587955537595
2004-02-05,0.0041834338264289
2004-02-06,0.0633404238025658
2004-02-09,-0.0227604115824104
2004-02-10,0.0240505802837911
2004-02-11,0.023860800377692
2004-02-12,-0.028174224181546
2004-02-13,-0.0185360156810853
2004-02-17,0.0439639871864483
2004-02-18,-0.014177337456031
2004-02-19,-0.0452434190314669
2004-02-20,-0.0144577074554619
2004-02-23,-0.0404042648906891
2004-02-24,0.0027586747654053
2004-02-25,0.0231350675612188
2004-02-26,0.0070701598647669
2004-02-27,-0.0160063514598101
2004-03-01,0.0360572499172808
2004-03-02,-0.0116057229612219
2004-03-03,-0.0145229329026516
2004-03-04,0.0258317129761987
2004-03-05,-0.0230516557846895
2004-03-08,-0.0650595435801884
2004-03-09,-0.0001542563117608
2004-03-10,-0.0532238324478051
2004-03-11,-0.0331728650442763
2004-03-12,0.0590275953985003
2004-03-15,-0.0567029345441055
2004-03-16,0.0180449155140179
2004-03-17,0.037540079801475
2004-03-18,-0.0195046914129481
2004-03-19,-0.040612601445039
2004-03-22,-0.048760286791183
2004-03-23,-0.0047853459013561
2004-03-24,0.0153129830101647
2004-03-25,0.0952340260506242
2004-03-26,-0.0180459579757459
2004-03-29,0.0388463167221398
2004-03-30,0.0042879287539126
2004-03-31,-0.0193745795922689
2004-04-01,0.0310986492044266
2004-04-02,0.0749569271662477
2004-04-05,0.0257101215836253
2004-04-06,-0.0314885414457204
2004-04-07,-0.0188676549029271
2004-04-08,0.0056435185257505
2004-04-12,0.0070766811109864
2004-04-13,-0.0376519518037311
2004-04-14,-0.0030739111737968
2004-04-15,-0.0352398494641495
2004-04-16,-0.0282593576262011
2004-04-19,0.0341912630497155
2004-04-20,-0.065116507835098
2004-04-21,0.0451143250961059
2004-04-22,0.0459288711619787
2004-04-23,0.0393765805586362
2004-04-26,-0.036286096135459
2004-04-27,-0.008933015486357
2004-04-28,-0.0514993149536266
2004-04-29,-0.0449324739474851
2004-04-30,-0.0622776358534633
2004-05-03,0.0168588018380745
2004-05-04,0.0290720818023288
2004-05-05,0.0150785216863522
2004-05-06,-0.0138017226502955
2004-05-07,-0.0153971418028447
2004-05-10,-0.0124149129467061
2004-05-11,0.0397933510934539
2004-05-12,-0.0092632424505642
2004-05-13,-0.0001592451660206
2004-05-14,-0.0412334113234644
2004-05-17,-0.0325562195741913
2004-05-18,0.0294590631831813
2004-05-19,0.0137312086962179
2004-05-20,-0.0016988746779282
2004-05-21,0.0090615493757518
2004-05-24,0.0044321967709094
2004-05-25,0.0564632658295422
2004-05-26,-0.0061773885803303
2004-05-27,0.0178971869362904
2004-05-28,0.0147933408067009
2004-06-01,-0.0210232474759987
2004-06-02,-0.0001804477966251
2004-06-03,-0.0391624671463508
2004-06-04,0.0286770261975367
2004-06-07,0.0690172140350005
2004-06-08,0.0159833141489504
2004-06-09,-0.0338343708572215
2004-06-10,0.0160747241990207
2004-06-14,-0.0414075688864163
2004-06-15,0.0445530768994751
2004-06-16,-0.0134260238734939
2004-06-17,-0.0341509322627244
2004-06-18,0.0057793262755722
2004-06-21,-0.0136139652183827
2004-06-22,0.0312376978369596
2004-06-23,0.0412862134576689
2004-06-24,-0.0148090748443357
2004-06-25,0.0115500983611198
2004-06-28,-0.0236115589649758
2004-06-29,0.0307528431030876
2004-06-30,0.0202276889131272
2004-07-01,-0.0552590898739786
2004-07-02,-0.0326757583877257
2004-07-06,-0.0643815074395157
2004-07-07,0.0196303908128561
2004-07-08,-0.0501931538969303
2004-07-09,0.0244591799939624
2004-07-12,-0.0047860152507302
2004-07-13,-0.0139769590349892
2004-07-14,-0.0478693977274617
2004-07-15,-0.0158288571673729
2004-07-16,-0.0316158578915257
2004-07-19,0.0093197651779573
2004-07-20,0.0488475960589148
2004-07-21,-0.0453517165049824
2004-07-22,0.0314073819923688
2004-07-23,-0.0518227537685102
2004-07-26,0.017290400944269
2004-07-27,0.0282659977747541
2004-07-28,-0.0017855833772864
2004-07-29,0.0421270918672302
2004-07-30,0.005969322743209
2004-08-02,0.0074959011102614
2004-08-03,-0.0494755906066573
2004-08-04,0.0044752034563415
2004-08-05,-0.0455333231753717
2004-08-06,-0.0906411867399601
2004-08-09,0.0194060860567044
2004-08-10,0.0517838297585163
2004-08-11,-0.0752938922077975
2004-08-12,-0.0591988612986649
2004-08-13,0.0164997912462563
2004-08-16,0.0263726849231297
2004-08-17,0.0195507930892374
2004-08-18,0.0488791656111109
2004-08-19,-0.0098814181204219
2004-08-20,0.0143202398964749
2004-08-23,0.0142422350523022
2004-08-24,-0.0162267658175621
2004-08-25,0.0335522552832671
2004-08-26,-0.0161328836667906
2004-08-27,0.01256389916719
2004-08-30,-0.0304902642426271
2004-08-31,-0.011493536266012
2004-09-01,0.0223734520521709
2004-09-02,0.0350226367155179
2004-09-03,-0.0651802864112889
2004-09-07,0.0127089787006873
2004-09-08,0.0029837115376824
2004-09-09,0.0448478146280775
2004-09-10,0.0505265233595482
2004-09-13,0.0137991915652358
2004-09-14,0.0121802228521697
2004-09-15,-0.04818025970719
2004-09-16,0.0060419160742854
2004-09-17,0.0201387388432494
2004-09-20,0.0106555505444052
2004-09-21,0.0106133560545304
2004-09-22,-0.0497324030147511
2004-09-23,0.0076120780854002
2004-09-24,-0.0253418112687714
2004-09-27,-0.0271359111205327
2004-09-28,0.0077303747838645
2004-09-29,0.031580933256447
2004-09-30,0.0107764648285948
2004-10-01,0.0750659010508525
2004-10-04,0.0242418344577151
2004-10-05,0.0210054119861453
2004-10-06,0.0193518322237027
2004-10-07,-0.0316998649517229
2004-10-08,-0.0426280459933265
2004-10-11,0.0089637450707933
2004-10-12,-0.0079031593408867
2004-10-13,-0.0109890210353058
2004-10-14,-0.0233518118300129
2004-10-15,0.0183686035969096
2004-10-18,0.030588589495138
2004-10-19,-0.0002615166783481
2004-10-20,0.0043197311502436
2004-10-21,0.0256482108652899
2004-10-22,-0.0652532426886532
2004-10-25,-0.0049054325513564
2004-10-26,0.0059157283855369
2004-10-27,0.0722923637915082
2004-10-28,0.0072667548952623
2004-10-29,0.0012313775982304
2004-11-01,0.0237654051722248
2004-11-02,0.0041928704066315
2004-11-03,0.0160985200771408
2004-11-04,0.0337741524735395
2004-11-05,0.0260679079765015
2004-11-08,0.0040606386917063
2004-11-09,-0.0017443023447195
2004-11-10,-0.0263920384385766
2004-11-11,0.0377362888175444
2004-11-12,0.0415922341379263
2004-11-15,0.0167968306604162
2004-11-16,-0.0229657806559613
2004-11-17,0.0339533295955981
2004-11-18,0.0109886416487295
2004-11-19,-0.0466948301333698
2004-11-22,0.0039768772763282
2004-11-23,-0.0131410760562195
2004-11-24,0.0240379911447137
2004-11-26,-0.0045718184414371
2004-11-29,0.0011098015281571
2004-11-30,-0.0173763561947125
2004-12-01,0.0611761253712187
2004-12-02,0.008097539375056
2004-12-03,0.0206484773197174
2004-12-06,0.012173636292408
2004-12-07,-0.0403884329744613
2004-12-08,-0.0031156896272367
2004-12-09,-0.0017159262763818
2004-12-10,-0.0157432265885767
2004-12-13,0.0349312050394495
2004-12-14,0.0052633783881383
2004-12-15,-0.0003101580073819
2004-12-16,-0.0128255830973519
2004-12-17,-0.0148385138319022
2004-12-20,-0.0174859416402739
2004-12-21,0.0328004560288355
2004-12-22,0.0053885395396356
2004-12-23,0.0067973664994893
2004-12-27,-0.0187478717493183
2004-12-28,0.0153766651689486
2004-12-29,-0.0003114052209468
2004-12-30,0.0011085031184359
2004-12-31,-0.0059848212246166
2005-01-03,-0.0259050983167712
2005-01-04,-0.056225054337008
2005-01-05,-0.010549186678308
2005-01-06,-0.0091169139740524
2005-01-07,0.0055570692361768
2005-01-10,-0.0003288662108564
2005-01-11,-0.0296655421424002
2005-01-12,0.0159670893530268
2005-01-13,-0.0297961353515747
2005-01-14,0.00859829045085
2005-01-18,0.0323078540758489
2005-01-19,-0.0634409758018196
2005-01-20,-0.0213173519434367
2005-01-21,-0.0214651749311238
2005-01-24,-0.024659155626034
2005-01-25,0.0042654181246943
2005-01-26,0.030279304003252
2005-01-27,-0.0033704712327331
2005-01-28,-0.0003413383465061
2005-01-31,0.0208864124219899
2005-02-01,0.0177251211989027
2005-02-02,0.0011487819430345
2005-02-03,-0.0197949606510537
2005-02-04,0.0508617610230573
2005-02-07,-0.0092320928128558
2005-02-08,0.0145060638778296
2005-02-09,-0.052070437635786
2005-02-10,0.0056652270702114
2005-02-11,0.0281633479348901
2005-02-14,0.0055882001491882
2005-02-15,0.0144790886226853
2005-02-16,-0.010687611963204
2005-02-17,-0.0492462754197341
2005-02-18,-0.006385278003233
2005-02-22,-0.0169672566466654
2005-02-23,-0.0094720648574488
2005-02-24,0.025505126021489
2005-02-25,0.0192419571622535
2005-02-28,-0.0093731551528829
2005-03-01,0.035711465453779
2005-03-02,-0.0078056032568461
2005-03-03,-0.0227234133293533
2005-03-04,0.0191318861154226
2005-03-07,0.0219877455227486
2005-03-08,-0.0255379806730921
2005-03-09,-0.0063483578665123
2005-03-10,0.0130812986305947
2005-03-11,-0.0390899897402548
2005-03-14,0.0116841528569961
2005-03-15,-0.0304306782584875
2005-03-16,-0.0307318789550544
2005-03-17,-0.0019145993986819
2005-03-18,-0.0172572330916843
2005-03-21,-0.0003899796755399
2005-03-22,-0.0266152356137756
2005-03-23,0.0120606684226305
2005-03-24,0.0011592177398093
2005-03-28,0.0027094262017579
2005-03-29,-0.0235959445677952
2005-03-30,0.0448300186587007
2005-03-31,0.0042272418132212
2005-04-01,-0.0264586453743099
2005-04-04,0.0104472771041183
2005-04-05,0.005784393726784
2005-04-06,-0.0049944342147983
2005-04-07,0.0396818934863207
2005-04-08,-0.0216710469600476
2005-04-11,-0.0172224988613909
2005-04-12,0.0180998498451142
2005-04-13,-0.0432362849354306
2005-04-14,-0.0423074696840106
2005-04-15,-0.0917197051457535
2005-04-18,0.002850683635837
2005-04-19,0.036921400033591
2005-04-20,-0.0276362106532137
2005-04-21,0.0804677485546736
2005-04-22,-0.036619820791734
2005-04-25,0.0203220235318854
2005-04-26,-0.0209772922628314
2005-04-27,0.0107628991165104
2005-04-28,-0.0305683807213034
2005-04-29,0.0268768672679895
2005-05-02,-0.0035788224063813
2005-05-03,0.0202909396539822
2005-05-04,0.0201565960876549
2005-05-05,-0.0050948681355013
2005-05-06,0.007468881965598
2005-05-09,0.0121481056338256
2005-05-10,-0.0316286494469431
2005-05-11,0.0138091258227527
2005-05-12,0.0027484281576886
2005-05-13,0.037269679958043
2005-05-16,0.0274980257565212
2005-05-17,0.0103522384402012
2005-05-18,0.0424424306796151
2005-05-19,0.0162009773885484
2005-05-20,0.0041036987608729
2005-05-23,0.0100790663275094
2005-05-24,0.0145240105163058
2005-05-25,-0.0137694608556636
2005-05-26,0.0339100637474752
2005-05-27,-0.0048283578372675
2005-05-31,-0.0196101121240883
2005-06-01,0.0293273302532832
2005-06-02,0.012843452257093
2005-06-03,-0.0326510220299242
2005-06-06,-0.0048575687529345
2005-06-07,-0.0122804579743786
2005-06-08,0.0055476775548308
2005-06-09,0.014458605076894
2005-06-10,-0.0166824305399185
2005-06-13,0.0114881191867842
2005-06-14,-0.0181899498604009
2005-06-15,0.0174773314514182
2005-06-16,0.0055201094027664
2005-06-17,0.0010688220132571
2005-06-20,-0.0048440451156335
2005-06-21,0.01290745384459
2005-06-22,0.0054825940251773
2005-06-23,-0.0239466930592682
2005-06-24,-0.037476518379825
2005-06-27,-0.0244383375503797
2005-06-28,0.0373947495477996
2005-06-29,0.0040572727443046
2005-06-30,-0.0287678628476242
2005-07-01,0.0070995871687118
2005-07-05,0.019093486128143
2005-07-06,-0.0078949924937141
2005-07-07,0.0055572798698388
2005-07-08,0.053329232167248
2005-07-11,0.0303731414778337
2005-07-12,0.0155379574768788
2005-07-13,0.012563508706572
2005-07-14,0.0254491855787189
2005-07-15,-0.0018667078137807
2005-07-18,-0.0175634763415073
2005-07-19,0.0440296759757987
2005-07-20,-0.0103434106858368
2005-07-21,-0.0203117676741638
2005-07-22,-0.0075945779134643
2005-07-25,-0.016206712204786
2005-07-26,0.0225571509693115
2005-07-27,0.0195331925933483
2005-07-28,0.000958353843773
2005-07-29,-0.0160561222411787
2005-08-01,0.0009563604618983
2005-08-02,0.029443808350056
2005-08-03,0.0192809813944521
2005-08-04,-0.0284926922141742
2005-08-05,-0.0075447262053474
2005-08-08,-0.0245778975091543
2005-08-09,0.0223945307647063
2005-08-10,-0.0345145570125116
2005-08-11,0.0224836239354104
2005-08-12,-0.0403408922109964
2005-08-15,0.0153960169083688
2005-08-16,-0.0291824414583577
2005-08-17,0.0256114656566227
2005-08-18,-0.0205860318479711
2005-08-19,0.0024212234964641
2005-08-22,0.0053035867203297
2005-08-23,-0.0019157547180057
2005-08-24,-0.0192350070977762
2005-08-25,0.0009761372332596
2005-08-26,-0.0106366858537335
2005-08-29,0.019911989047331
2005-08-30,-0.0004760374115227
2005-08-31,0.0154393021210886
2005-09-01,-0.007664510771392
2005-09-02,-0.0091197444863301
2005-09-06,0.0342415133595369
2005-09-07,-0.0004698013436979
2005-09-08,0.0066815727914411
2005-09-09,0.0023841591745028
2005-09-12,0.0066547602369115
2005-09-13,0.0023739986141927
2005-09-14,-0.031710606820233
2005-09-15,-0.0076405203336283
2005-09-16,0.0182319566727745
2005-09-19,-0.0247902121324243
2005-09-20,-0.0120173525142572
2005-09-21,-0.0366390828361832
2005-09-22,0.0112518326006698
2005-09-23,0.0009906835471076
2005-09-26,-0.0048482201803573
2005-09-27,-0.0106938634518444
2005-09-28,0.0185857901187363
2005-09-29,0.0228264283867222
2005-09-30,0.0197523398118842
2005-10-03,-0.0047903712464953
2005-10-04,-0.0277993308242429
2005-10-05,-0.0425501028424566
2005-10-06,-0.0343259474021891
2005-10-07,0.0069533211497715
2005-10-10,-0.0212690938363052
2005-10-11,-0.0229206518538251
2005-10-12,-0.0200738717751627
2005-10-13,0.0207198903423684
2005-10-14,0.0115358245062535
2005-10-17,-0.0035155743418451
2005-10-18,-0.0065154753616469
2005-10-19,0.0370770672482626
2005-10-20,-0.0227916940652283
2005-10-21,0.0174375772236985
2005-10-24,0.0381490482250649
2005-10-25,-0.0210817998956675
2005-10-26,-0.0079156827725362
2005-10-27,-0.0331260937284091
2005-10-28,0.0279456818216002
2005-10-31,0.0306424790087756
2005-11-01,-0.0064053876511293
2005-11-02,0.0333296676014264
2005-11-03,0.027130884158281
2005-11-04,0.0124508688130022
2005-11-07,0.005215250137206
2005-11-08,0.0009050209219789
2005-11-09,-0.0033983886157366
2005-11-10,0.0252856871998957
2005-11-11,0.0065780197367734
2005-11-14,0.0023004512952605
2005-11-15,-0.0104525219394143
2005-11-16,0.0108399521361575
2005-11-17,0.0348751992664821
2005-11-18,0.0162659994378259
2005-11-21,-0.0019273416506363
2005-11-22,0.0189741412565405
2005-11-23,0.0160790585317694
2005-11-25,0.0077292069881838
2005-11-28,-0.0115095496060412
2005-11-29,-0.0005309148083813
2005-11-30,-0.0101696623784818
2005-12-01,0.0450716088254466
2005-12-02,-0.0032546593836376
2005-12-05,-0.0155257345737524
2005-12-06,0.003570943055862
2005-12-07,-0.006007983369582
2005-12-08,-0.0224430983495267
2005-12-09,0.0105139967805014
2005-12-12,0.0077278767374763
2005-12-13,-0.010120606303639
2005-12-14,0.0036071231691401
2005-12-15,-0.0128864012652374
2005-12-16,-0.0049687590276418
2005-12-19,-0.0366907858955066
2005-12-20,-0.011788397328886
2005-12-21,0.0022936890303926
2005-12-22,0.0135875443746544
2005-12-23,0.0050887686909878
2005-12-27,-0.0257774526462909
2005-12-28,-0.0075984919490589
2005-12-29,-0.0175471104958353
2005-12-30,-0.0205057966825806
2006-01-03,0.0582975914883108
2006-01-04,0.0346380908109479
2006-01-05,0.0133570993820462
2006-01-06,0.0465298228151783
2006-01-09,0.0089830626018785
2006-01-10,-0.0032886927745084
2006-01-11,0.0280014037143141
2006-01-12,-0.0167470849017327
2006-01-13,-0.0019281515683131
2006-01-17,-0.0304059409152383
2006-01-18,-0.0361755715002253
2006-01-19,0.0257498153603909
2006-01-20,-0.0788729949248845
2006-01-23,-0.0118652944424558
2006-01-24,0.0093284816337887
2006-01-25,0.0092912542921669
2006-01-26,0.0191004305722213
2006-01-27,0.0329475563040793
2006-01-30,0.0090793813467535
2006-01-31,-0.0253858050405441
2006-02-01,0.0174640413336153
2006-02-02,-0.0420113178629935
2006-02-03,-0.0215918621767853
2006-02-06,-0.0090520560658662
2006-02-07,-0.0090775705256937
2006-02-08,0.0575334734740437
2006-02-09,-0.014507606984403
2006-02-10,0.0231547183472512
2006-02-13,-0.028328314989165
2006-02-14,0.0399778127789326
2006-02-15,0.015961798144111
2006-02-16,0.0268591979275871
2006-02-17,-0.0169262094640262
2006-02-21,-0.0334348360285078
2006-02-22,0.0146098971840431
2006-02-23,-0.0157446224668058
2006-02-24,0.0007744498438239
2006-02-27,0.0270378802781082
2006-02-28,-0.0348557276636022
2006-03-01,0.0589755126126098
2006-03-02,0.0061829625050827
2006-03-03,-0.0182340416379638
2006-03-06,-0.0128821768852913
2006-03-07,-0.0197759674030635
2006-03-08,-0.0033599473083994
2006-03-09,-0.0185414817755164
2006-03-10,0.0132654114794505
2006-03-13,0.0104405243718519
2006-03-14,0.0337954054307711
2006-03-15,0.0170756028797965
2006-03-16,-0.0195461278236755
2006-03-17,0.0089149390037523
2006-03-20,0.0048106511926928
2006-03-21,-0.0128086113140518
2006-03-22,0.0007403702828244
2006-03-23,-0.0074124062333575
2006-03-24,0.0089213338850775
2006-03-27,0.0034623233990423
2006-03-28,-0.0345198711299003
2006-03-29,0.0446555441645226
2006-03-30,0.0088490062458492
2006-03-31,-0.0181251696684553
2006-04-03,0.0169990509994942
2006-04-04,0.0101588949160147
2006-04-05,0.0248860179408324
2006-04-06,-0.003279319727506
2006-04-07,-0.0352556766702124
2006-04-10,-0.0046629914687383
2006-04-11,-0.0276101458652872
2006-04-12,0.0048253670411537
2006-04-13,0.0034589654083776
2006-04-17,-0.033204241734159
2006-04-18,0.0597604459033369
2006-04-19,-0.0033145284633686
2006-04-20,0.0020680311403652
2006-04-21,-0.0329131428539705
2006-04-24,-0.0047057896612029
2006-04-25,-0.0019936277312033
2006-04-26,0.0102678638045892
2006-04-27,0.0292332417228847
2006-04-28,-0.0638045785231024
2006-05-01,-0.0253473362400457
2006-05-02,0.0132096964309627
2006-05-03,-0.0075261194678326
2006-05-04,0.0104168273141175
2006-05-05,0.0158760744844251
2006-05-08,0.003465003633433
2006-05-09,-0.0129450544680403
2006-05-10,-0.0322072699684644
2006-05-11,-0.0630496513505279
2006-05-12,-0.0289675601524161
2006-05-15,0.0022204211542873
2006-05-16,-0.029210334151137
2006-05-17,-0.0410226184572776
2006-05-18,-0.0108694507446657
2006-05-19,0.0213721046175964
2006-05-22,-0.0268532602381075
2006-05-23,-0.022675568596164
2006-05-24,0.0289654995309679
2006-05-25,0.0272100900930295
2006-05-26,0.0138840060615705
2006-05-30,-0.0598890166271174
2006-05-31,0.0111543486796454
2006-06-01,0.0507581044335346
2006-06-02,-0.0107415941931785
2006-06-05,-0.0455440832404724
2006-06-06,-0.0006406696020986
2006-06-07,-0.041817488397764
2006-06-08,-0.0155533054601554
2006-06-09,-0.0126298269520502
2006-06-12,-0.0563162249327039
2006-06-13,0.0024197856914179
2006-06-14,0.0192632236573524
2006-06-15,0.0754253263328178
2006-06-16,-0.0050931738555848
2006-06-19,-0.0140233020348732
2006-06-20,-0.0051265746057153
2006-06-21,0.0382151025905153
2006-06-22,-0.0360612805041254
2006-06-23,-0.0096145354907874
2006-06-26,0.0053265186417946
2006-06-27,-0.0410222916693002
2006-06-28,0.0190370339457038
2006-06-29,0.0761094420918285
2006-06-30,-0.0168052997971248
2006-07-03,0.0214688583057929
2006-07-05,-0.0475339732576899
2006-07-06,0.0023180452865411
2006-07-07,-0.0303930714049959
2006-07-10,-0.0352011859506237
2006-07-11,0.0114880401839808
2006-07-12,-0.0551288534944368
2006-07-13,-0.0499707653034322
2006-07-14,-0.0084987658389472
2006-07-17,0.0087529670804857
2006-07-18,0.0055882862861664
2006-07-19,0.0430785238396722
2006-07-20,-0.0437896213106921
2006-07-21,-0.0319200696171244
2006-07-24,0.0451171838521844
2006-07-25,0.0319863650911198
2006-07-26,0.0070189950153742
2006-07-27,-0.0098763968750291
2006-07-28,0.0516676124338798
2006-07-31,-0.0052096267595779
2006-08-01,-0.043096209878513
2006-08-02,0.0362131312730538
2006-08-03,0.0084381719585841
2006-08-04,-0.0097517970002853
2006-08-07,-0.0112997358794085
2006-08-08,-0.0113357703613514
2006-08-09,0.017682241894288
2006-08-10,0.0114928765362495
2006-08-11,-0.0173159770516825
2006-08-14,0.0252011191443342
2006-08-15,0.0687444577660452
2006-08-16,0.0465324070283822
2006-08-17,0.012399046131825
2006-08-18,0.0108966818298057
2006-08-21,-0.0208347993364317
2006-08-22,0.0007787386079079
2006-08-23,-0.0151604277183703
2006-08-24,0.0109790876911137
2006-08-25,0.0080323506818995
2006-08-28,0.0268121240977777
2006-08-29,0.0265670931105582
2006-08-30,0.0206424395513132
2006-08-31,-0.0119488577513087
2006-09-01,0.0120824914021264
2006-09-05,0.0148490529707094
2006-09-06,-0.0497422596248386
2006-09-07,-0.0177645726881968
2006-09-08,0.0237275602692789
2006-09-11,0.0249562722672253
2006-09-12,0.0515398393077209
2006-09-13,-0.0006469056699235
2006-09-14,0.0062806251583373
2006-09-15,0.0068306268475878
2006-09-18,-0.002032627027258
2006-09-19,-0.0144805670390087
2006-09-20,0.0479830962515698
2006-09-21,-0.0293627122689538
2006-09-22,-0.0185974805308291
2006-09-25,0.0535224085686103
2006-09-26,0.0184574803101231
2006-09-27,-0.0236893500427947
2006-09-28,0.0143849321295718
2006-09-29,-0.0101594443512455
2006-10-02,-0.0224617311901942
2006-10-03,0.0158385748780252
2006-10-04,0.0457981124309374
2006-10-05,-0.0019961078581573
2006-10-06,0.0006941697154651
2006-10-09,0.0074205368763564
2006-10-10,0.0020255691756449
2006-10-11,-0.0020025983946246
2006-10-12,0.0435916843459769
2006-10-13,0.0138722916215397
2006-10-16,-0.0019857066808067
2006-10-17,-0.0256669858858455
2006-10-18,-0.0086317583517742
2006-10-19,0.0086438618678584
2006-10-20,0.0178973325507586
2006-10-23,0.0177806910908916
2006-10-24,-0.0216373437678679
2006-10-25,0.0257147995236988
2006-10-26,0.0150197196898658
2006-10-27,-0.0397008628576052
2006-10-30,0.009873582957882
2006-10-31,0.0032738137242685
2006-11-01,-0.0137851515831358
2006-11-02,-0.0191135189892667
2006-11-03,-0.0006693555140929
2006-11-06,0.0351253949554621
2006-11-07,0.0150511517521003
2006-11-08,0.0019364753387214
2006-11-09,-0.0019728870094119
2006-11-10,0.0071472374505839
2006-11-13,0.0253159680828373
2006-11-14,0.0212289719622584
2006-11-15,0.0057234129767681
2006-11-16,0.0108149852756373
2006-11-17,0.0044147736735501
2006-11-20,-0.0006681083005279
2006-11-21,-0.0019360560696252
2006-11-22,0.0221895594351152
2006-11-24,-0.0069634711270562
2006-11-27,-0.0713712653651416
2006-11-28,0.0148538326242222
2006-11-29,0.0186331842827131
2006-11-30,0.0057291214916122
2006-12-01,-0.02617150316623
2006-12-04,0.0379348164933726
2006-12-05,0.0006115055983542
2006-12-06,-0.0197006733733879
2006-12-07,-0.0121533937391395
2006-12-08,-0.0006543889513133
2006-12-11,0.0173079758157874
2006-12-12,-0.0108497907503123
2006-12-13,0.0044660016819582
2006-12-14,0.0248900098078029
2006-12-15,-1.083608840997906e-05
2006-12-18,-0.0121133980544346
2006-12-19,-0.0198250372552133
2006-12-20,0.0006318167377708
2006-12-21,-0.014800544442527
2006-12-22,-0.0239104862702642
2006-12-26,0.0162710267209398
2006-12-27,0.0213548232126052
2006-12-28,-0.0019432498817244
2006-12-29,-0.0096615769701118
2007-01-03,0.0083636722726884
2007-01-04,0.0456310954381069
2007-01-05,-0.0247264630337136
2007-01-08,0.008267102496629
2007-01-09,0.003150565224272
2007-01-10,0.0145840493844295
2007-01-11,0.0296834257609165
2007-01-12,0.0068439831728698
2007-01-16,-0.006917987847051
2007-01-17,-0.0394714765492621
2007-01-18,-0.0349070035517958
2007-01-19,-0.0019582778758204
2007-01-22,-0.022488709129804
2007-01-23,-0.0006755915819177
2007-01-24,0.0536124910851469
2007-01-25,-0.0374932121364631
2007-01-26,0.0006117207893389
2007-01-29,0.0121726157525824
2007-01-30,0.0172354345554599
2007-01-31,0.0171297723296216
2007-02-01,-0.0133155738667464
2007-02-02,0.0145596939564157
2007-02-05,-0.0082541323017116
2007-02-06,-0.0044767827895702
2007-02-07,0.0132701469828964
2007-02-08,0.0031081482997249
2007-02-09,-0.0334478587605496
2007-02-12,-0.0134253947763263
2007-02-13,0.010839277386188
2007-02-14,0.0413955900701511
2007-02-15,0.0106362121409871
2007-02-16,-0.0069418860327523
2007-02-20,0.0005750272694185
2007-02-21,-0.0057003548387138
2007-02-22,0.0156562375718037
2007-02-23,-0.0031801368609861
2007-02-26,-0.0081876705398292
2007-02-27,-0.1160612363913195
2007-02-28,0.0110612020359216
2007-03-01,-0.0032761801002144
2007-03-02,-0.0565888985191263
2007-03-05,0.0059546382606208
2007-03-06,0.0456008480399886
2007-03-07,-0.0384347930630885
2007-03-08,0.0243863731254921
2007-03-09,0.0071745582094544
2007-03-12,0.0175914748224636
2007-03-13,-0.0486367297873903
2007-03-14,0.0270000348067329
2007-03-15,0.0006408851855646
2007-03-16,-0.0058812160605442
2007-03-19,0.0189416340758232
2007-03-20,0.0188152738186302
2007-03-21,0.0599792115373737
2007-03-22,-0.0120476400879218
2007-03-23,-0.0082857510696947
2007-03-26,0.0031530596514019
2007-03-27,0.0006053473927865
2007-03-28,-0.0349754204021073
2007-03-29,0.0031925676559417
2007-03-30,-0.0070807803519829
2007-04-02,0.014773422475502
2007-04-03,0.0236521769407297
2007-04-04,0.0171064968347035
2007-04-05,0.0106968218232419
2007-04-09,-0.0006606250191381
2007-04-10,-0.0031751699286875
2007-04-11,-0.0283483171309472
2007-04-12,0.0310908488074808
2007-04-13,0.0018528523329499
2007-04-16,0.0244562029660496
2007-04-17,0.0055670823028351
2007-04-18,-0.0081160534576063
2007-04-19,0.0005905767017644
2007-04-20,0.0167783046285976
2007-04-23,-0.0068470299877586
2007-04-24,0.0154729657683264
2007-04-25,0.0215586847386008
2007-04-26,0.0164969768131658
2007-04-27,-0.0030887106448555
2007-04-30,-0.0238077035118052
2007-05-01,0.0140961504527925
2007-05-02,0.0152447942716715
2007-05-03,0.028541276293555
2007-05-04,0.0113979203449184
2007-05-07,-0.0042443915878128
2007-05-08,0.011364176127574
2007-05-09,-0.0042316309371868
2007-05-10,-0.0162106605290602
2007-05-11,0.0318607568705878
2007-05-14,-0.0149303227472935
2007-05-15,-0.0054220902597728
2007-05-16,0.0257399567401396
2007-05-17,-0.0089512487121433
2007-05-18,0.01485165467421
2007-05-21,0.0123942982618772
2007-05-22,-0.0041904493847617
2007-05-23,-0.0112794192210527
2007-05-24,-0.0385926795818438
2007-05-25,0.0245760745662693
2007-05-29,0.0172192085613494
2007-05-30,0.0218556080628085
2007-05-31,0.0134761157029614
2007-06-01,-0.0006319391071438
2007-06-04,0.0098920231859736
2007-06-05,-0.0111265783978744
2007-06-06,-0.0357218535461828
2007-06-07,-0.0432361594717788
2007-06-08,0.0413872754332986
2007-06-11,0.0052948610651934
2007-06-12,-0.0360691713292665
2007-06-13,0.0376464832041764
2007-06-14,0.02772042632052
2007-06-15,0.0167188804031473
2007-06-18,0.0075338364841955
2007-06-19,-0.0017748529798565
2007-06-20,-0.0180409067868154
2007-06-21,0.0145601138247144
2007-06-22,-0.034318701512606
2007-06-25,-0.0112108179705706
2007-06-26,-0.0112505401635328
2007-06-27,0.0289570430201311
2007-06-28,0.009916104560565
2007-06-29,-0.0111455287926186
2007-07-02,0.025129099640742
2007-07-03,0.0202619716303389
2007-07-05,0.0108874568540959
2007-07-06,0.0050949690534778
2007-07-09,0.0165532384858786
2007-07-10,-0.0348722716239574
2007-07-11,0.016656425457806
2007-07-12,0.0498245240115919
2007-07-13,0.0061152047191157
2007-07-16,0.0083484192610231
2007-07-17,0.0094491698092023
2007-07-18,-0.0163138588289794
2007-07-19,0.0240817479070577
2007-07-20,-0.0118062971831239
2007-07-23,0.0038168919080598
2007-07-24,-0.0308395081026454
2007-07-25,0.0027299086400898
2007-07-26,-0.0457597105401795
2007-07-27,-0.064762712060377
2007-07-30,0.0098777750124264
2007-07-31,-0.0216407287835232
2007-08-01,0.0287098975767766
2007-08-02,0.0051695621311577
2007-08-03,-0.0586672687301335
2007-08-06,0.0466942880146616
2007-08-07,0.0051751876400503
2007-08-08,0.0458607475473444
2007-08-09,-0.0693377777487529
2007-08-10,-0.0427916862252898
2007-08-13,0.0409750698552946
2007-08-14,-0.0615755494155138
2007-08-15,-0.03885187489828
2007-08-16,-0.0199004518628438
2007-08-17,0.0287754978310654
2007-08-20,0.0104505055702893
2007-08-21,0.009149228635428
2007-08-22,0.0391085279499392
2007-08-23,0.0077699711658345
2007-08-24,0.0419557335564829
2007-08-27,-0.0169159901942363
2007-08-28,-0.0544471937074526
2007-08-29,0.0710105798898615
2007-08-30,0.0122978361486532
2007-08-31,0.0191798753491516
2007-09-04,0.0454899363243813
2007-09-05,-0.0323476857099493
2007-09-06,0.0143385019020652
2007-09-07,-0.0621634583535675
2007-09-10,-0.0063528274311972
2007-09-11,0.0426436198479423
2007-09-12,-0.0085932032488207
2007-09-13,-0.000543386944031
2007-09-14,-0.0155339182518876
2007-09-17,-0.001712447895339
2007-09-18,0.0586301169761839
2007-09-19,0.0108530413967161
2007-09-20,0.0108258477101178
2007-09-21,0.0224659352146138
2007-09-24,-0.0083729585227302
2007-09-25,0.0298859525478772
2007-09-26,0.0184451315568357
2007-09-27,-0.002711407935275
2007-09-28,-0.0115929580298142
2007-10-01,0.0317345013192324
2007-10-02,0.0104760674754922
2007-10-03,-0.0356154228068471
2007-10-04,0.0072383443470622
2007-10-05,0.0315563099426739
2007-10-08,0.004942196334109
2007-10-09,0.0213160117028153
2007-10-10,0.0092241181678093
2007-10-11,-0.0329924519297297
2007-10-12,0.028960071471104
2007-10-15,-0.0222231885900189
2007-10-16,-0.0005645895746355
2007-10-17,0.0245471305368753
2007-10-18,0.0070673021744864
2007-10-19,-0.0717136649953743
2007-10-22,0.0182515068586382
2007-10-23,0.0324116608647246
2007-10-24,-0.0309259279068412
2007-10-25,0.0247101940277751
2007-10-26,0.0397337008908311
2007-10-29,0.0080546727497047
2007-10-30,0.0048241912476087
2007-10-31,0.0347442486380357
2007-11-01,-0.0332572334505898
2007-11-02,0.0059233536981265
2007-11-05,-0.0047598676091871
2007-11-06,0.015506080192279
2007-11-07,-0.0811498973655233
2007-11-08,-0.1073655583657811
2007-11-09,-0.0626593662555568
2007-11-12,-0.0489598592477581
2007-11-13,0.1016811939939922
2007-11-14,-0.0174917930924131
2007-11-15,-0.0369897760522277
2007-11-16,0.042314465691436
2007-11-19,-0.0597275908874608
2007-11-20,0.0251420144580806
2007-11-21,-0.0569153940313235
2007-11-23,0.0289391086374618
2007-11-26,-0.0632637643369272
2007-11-27,0.0328522352460986
2007-11-28,0.0877510636178587
2007-11-29,0.0144382164630081
2007-11-30,-0.0163369423106135
2007-12-03,-0.0186952484151825
2007-12-04,-0.0119107177922181
2007-12-05,0.0688132314349107
2007-12-06,0.030030667050316
2007-12-07,0.0029251999937925
2007-12-10,0.0140841442157505
2007-12-11,-0.0470163276825358
2007-12-12,0.0514670276167668
2007-12-13,-0.0159079770892916
2007-12-14,-0.0193315503184661
2007-12-17,-0.0575929221064195
2007-12-18,-0.0004136767332743
2007-12-19,0.0190312286118929
2007-12-20,0.0427515013888216
2007-12-21,0.03816359586782
2007-12-24,0.0217551809113889
2007-12-26,0.0160844886637757
2007-12-27,-0.042081502696492
2007-12-28,-0.0148821116865292
2007-12-31,-0.0227911648499854
2008-01-02,-0.0612058355737695
2008-01-03,0.004156300240264
2008-01-04,-0.1174069232837451
2008-01-07,-0.0266962368846353
2008-01-08,-0.0798944968566627
2008-01-09,0.0416096170041875
2008-01-10,0.004438432581544
2008-01-11,-0.0442498624909238
2008-01-14,0.0601101234046113
2008-01-15,-0.0634076780964441
2008-01-16,-0.0659936984482875
2008-01-17,-0.0269780995153137
2008-01-18,-0.0527096794876939
2008-01-22,-0.0561707555907588
2008-01-23,0.0261566153945828
2008-01-24,0.0429579068171372
2008-01-25,-0.0468727400633571
2008-01-28,0.0128072369318399
2008-01-29,0.0258370202541954
2008-01-30,-0.0236468209403509
2008-01-31,0.037612681903069
2008-02-01,0.0513182031855052
2008-02-04,-0.0624753679062234
2008-02-05,-0.0754374941654273
2008-02-06,-0.0335104859992089
2008-02-07,0.0185022217205209
2008-02-08,-0.0230092658184187
2008-02-11,0.0521437726797769
2008-02-12,0.0062885544590748
2008-02-13,0.0682828389921538
2008-02-14,-0.0596519400631387
2008-02-15,-0.0108372101764469
2008-02-19,-0.0280476585723193
2008-02-20,0.0050157044096845
2008-02-21,-0.0056303062093049
2008-02-22,-0.0029736873546875
2008-02-25,0.0170319212542884
2008-02-26,0.0341815649752206
2008-02-27,0.0023398915607622
2008-02-28,-0.0382630774045848
2008-02-29,-0.061300535574562
2008-03-03,-0.0016007587989288
2008-03-04,0.0038252092257829
2008-03-05,0.0214257261937984
2008-03-06,-0.0418564688524166
2008-03-07,-0.0002153697764442
2008-03-10,-0.0329007427327393
2008-03-11,0.1058410863859607
2008-03-12,-0.0308179449605258
2008-03-13,-0.0122985988708209
2008-03-14,-0.0379696321705081
2008-03-17,-0.0138401031536822
2008-03-18,0.1344066817281126
2008-03-19,-0.0894695649588402
2008-03-20,0.0332167280666999
2008-03-24,0.1056615075300189
2008-03-25,0.0023925819252738
2008-03-26,-0.0583861591190899
2008-03-27,-0.0239311313694902
2008-03-28,-0.0188105267558658
2008-03-31,-0.004219415652345
2008-04-01,0.0868462404162137
2008-04-02,0.0362316110693688
2008-04-03,-0.0014948121729679
2008-04-04,-0.0104955537818341
2008-04-07,0.0023665743180973
2008-04-08,-0.0182659360416458
2008-04-09,-0.0131749446042402
2008-04-10,0.0245683779036009
2008-04-11,-0.0803219356947876
2008-04-14,-0.0121197035793184
2008-04-15,-0.0001717173016703
2008-04-16,0.1224919606900965
2008-04-17,-0.0014686690225661
2008-04-18,0.0523385202771036
2008-04-21,0.0186895742319089
2008-04-22,-0.0152118760590154
2008-04-23,0.0186770183236482
2008-04-24,0.036057924328787
2008-04-25,-0.0360184657668644
2008-04-28,-0.0002128753493143
2008-04-29,0.0285330424403167
2008-04-30,-0.0534523243653756
2008-05-01,0.1258341040137151
2008-05-02,-0.0014304882587356
2008-05-05,-0.0135378421451767
2008-05-06,0.0362298450203345
2008-05-07,-0.0530848360399239
2008-05-08,0.0046478770380907
2008-05-09,-0.0100097533259429
2008-05-12,0.0487252055148371
2008-05-13,-0.0002627638919131
2008-05-14,0.0057615513642826
2008-05-15,0.0574536650326606
2008-05-16,-0.0073436417044777
2008-05-19,0.0151120960217996
2008-05-20,-0.0473256064828365
2008-05-21,-0.0791514837796627
2008-05-22,0.0107805700463864
2008-05-23,-0.0063798305545954
2008-05-27,0.048748449076458
2008-05-28,0.0166090785538675
2008-05-29,0.0213125351301529
2008-05-30,0.0175864626852542
2008-06-02,-0.0428684731222073
2008-06-03,-0.0170711648331376
2008-06-04,0.0057726461577707
2008-06-05,0.0611805947832106
2008-06-06,-0.0817305739944106
2008-06-09,-0.006338061453318
2008-06-10,-0.0136634177260258
2008-06-11,-0.0772324700029526
2008-06-12,0.0335638707571955
2008-06-13,0.0319492353595231
2008-06-16,0.007067689724058
2008-06-17,-0.0125197089689882
2008-06-18,-0.0322165148690262
2008-06-19,0.0109029702957404
2008-06-20,-0.0537385799682763
2008-06-23,-0.0280568362618347
2008-06-24,-0.0040872764267319
2008-06-25,0.0252702660585285
2008-06-26,-0.0572117419888304
2008-06-27,-0.0402446445588505
2008-06-30,-0.0041937352864278
2008-07-01,-0.0212209611889974
2008-07-02,-0.0398207890567169
2008-07-03,-0.0136279380937638
2008-07-07,0.0332884639554604
2008-07-08,0.0302645715766725
2008-07-09,-0.0896183850660522
2008-07-10,0.0376811798138189
2008-07-11,-0.0283236832412919
2008-07-14,-0.0231763426953237
2008-07-15,-0.0070118934863278
2008-07-16,0.0434324858634654
2008-07-17,0.0307002232703131
2008-07-18,0.0330420851023377
2008-07-21,-0.0594302681496228
2008-07-22,-0.0163361814328105
2008-07-23,0.0537486610689473
2008-07-24,-0.0771292625312106
2008-07-25,0.0419240644937373
2008-07-28,-0.0633093907100608
2008-07-29,0.0600522857834161
2008-07-30,0.0199065872901015
2008-07-31,-0.0175929760067682
2008-08-01,-0.0337977779629417
2008-08-04,0.0146781364681004
2008-08-05,0.0564781864061181
2008-08-06,0.0421833097380004
2008-08-07,-0.0054691488600518
2008-08-08,0.0573684155536696
2008-08-11,0.0190050313468095
2008-08-12,0.0061155085546794
2008-08-13,-0.0117299818383222
2008-08-14,0.0227471626116935
2008-08-15,0.0111570509499871
2008-08-18,-0.0381886007053877
2008-08-19,-0.0527557314159807
2008-08-20,0.0062685575151446
2008-08-21,-0.011953250158583
2008-08-22,0.0415290717397666
2008-08-25,-0.0388770095242583
2008-08-26,-0.0119863554830665
2008-08-27,0.0285632439113261
2008-08-28,0.0179070467891064
2008-08-29,-0.0672878691988883
2008-09-02,-0.0173927083708856
2008-09-03,-0.0400335073470042
2008-09-04,-0.1077732523424817
2008-09-05,-0.0002440556884385
2008-09-08,0.0359989358884489
2008-09-09,-0.0525841508063885
2008-09-10,-0.0142572341299617
2008-09-11,0.0490605160696678
2008-09-12,0.0136343583519091
2008-09-15,-0.1449882797412509
2008-09-16,0.0563822918294096
2008-09-17,-0.16646757025025
2008-09-18,0.1279479739546922
2008-09-19,0.0217283029132369
2008-09-22,-0.0778924140594115
2008-09-23,-0.0016112085343325
2008-09-24,0.0072928956626109
2008-09-25,0.0514690600989805
2008-09-26,0.0143481334677327
2008-09-29,-0.2597655159371275
2008-09-30,0.1340606703028162
2008-10-01,-0.0273467801024851
2008-10-02,-0.117548489987232
2008-10-03,-0.0429564539998838
2008-10-06,-0.1659638623338338
2008-10-07,-0.1535450404072108
2008-10-08,-0.0270653217579006
2008-10-09,-0.0998077426190364
2008-10-10,-0.0188161520837013
2008-10-13,0.3508781864304457
2008-10-14,-0.1014286587024667
2008-10-15,-0.2255862095550787
2008-10-16,0.1568084932492916
2008-10-17,-0.0288791108617014
2008-10-20,0.1195181802210088
2008-10-21,-0.1571475954918688
2008-10-22,-0.1566072406826892
2008-10-23,0.0678047373597258
2008-10-24,-0.1406523767836354
2008-10-27,-0.0618924728358844
2008-10-28,0.4168190886704899
2008-10-29,-0.1161833374797685
2008-10-30,0.1113689534883119
2008-10-31,-0.0180023388677494
2008-11-03,-9.563727420728168e-05
2008-11-04,0.126031268098166
2008-11-05,-0.1816396481327103
2008-11-06,-0.1657198684380808
2008-11-07,0.0856417109458903
2008-11-10,-0.0322672668482633
2008-11-11,-0.0651621859532613
2008-11-12,-0.14095915571539
2008-11-13,0.1867978207070254
2008-11-14,-0.137296116083784
2008-11-17,-0.0851270714519518
2008-11-18,0.0416471294340909
2008-11-19,-0.1665973056136384
2008-11-20,-0.1284847875203195
2008-11-21,0.1591750252247049
2008-11-24,0.1468172515103663
2008-11-25,0.0411342478531694
2008-11-26,0.0933916782192325
2008-11-28,0.0039037724482988
2008-12-01,-0.2164361266114129
2008-12-02,0.1059644791715558
2008-12-03,0.0859694714015003
2008-12-04,-0.1214702634589611
2008-12-05,0.1182197730199313
2008-12-08,0.1396837117105351
2008-12-09,-0.019111243421801
2008-12-10,-0.0249857658536825
2008-12-11,-0.0639080383504487
2008-12-12,0.0355605549445877
2008-12-15,-0.0332630776725001
2008-12-16,0.1560874068705421
2008-12-17,-0.0582760302028294
2008-12-18,-0.0843249080519173
2008-12-19,0.0259213500790394
2008-12-22,-0.0412912473666868
2008-12-23,-0.0418706195282219
2008-12-24,0.0201671657574576
2008-12-26,-0.0040512401152729
2008-12-29,0.0019668051858331
2008-12-30,0.0561773308600299
2008-12-31,0.0346900143714112
2009-01-02,0.1201907541783804
2009-01-05,0.0076887783677506
2009-01-06,0.0884583722207454
2009-01-07,-0.1052789712877222
2009-01-08,0.0155012770432281
2009-01-09,-0.0663053994599721
2009-01-12,-0.0379679457574093
2009-01-13,-0.0224753975359607
2009-01-14,-0.0975702837413018
2009-01-15,0.0198841676812262
2009-01-16,0.0359479154824387
2009-01-20,-0.1536949615029221
2009-01-21,0.1480171861089081
2009-01-22,-0.052461463374093
2009-01-23,0.0470628615403632
2009-01-26,0.0250137123929619
2009-01-27,0.0406760196072752
2009-01-28,0.0995232815257491
2009-01-29,-0.0929425929963299
2009-01-30,-0.0835416244285551
2009-02-02,0.0325405054723961
2009-02-03,0.0492932450176688
2009-02-04,0.0204076311044008
2009-02-05,0.0573589405958427
2009-02-06,0.1081368390881747
2009-02-09,0.0115940951396813
2009-02-10,-0.1212984613559929
2009-02-11,0.0048924448702876
2009-02-12,0.0203696920265736
2009-02-13,-0.0102471779702939
2009-02-17,-0.1310246505698279
2009-02-18,0.0041083799606771
2009-02-19,-0.0912439081989737
2009-02-20,0.0009006099844195
2009-02-23,-0.1264056556894162
2009-02-24,0.0857385806810915
2009-02-25,0.0073489871482543
2009-02-26,-0.0336612219113798
2009-02-27,-0.0087696158992117
2009-03-02,-0.0906873915658577
2009-03-03,0.0029752790991539
2009-03-04,0.0735625396776022
2009-03-05,-0.0981408068398013
2009-03-06,-0.0269988859457021
2009-03-09,-0.0766590485610148
2009-03-10,0.2060125126240191
2009-03-11,0.0770611033940151
2009-03-12,0.0806106086212909
2009-03-13,-0.0101525807494764
2009-03-16,-0.04392593114172
2009-03-17,0.1075115902371275
2009-03-18,0.0465343064866801
2009-03-19,0.0169011837354371
2009-03-20,-0.051840018915779
2009-03-23,0.184056489559208
2009-03-24,-0.0391558260587718
2009-03-25,-0.0022015571264675
2009-03-26,0.1195291390515684
2009-03-27,-0.0760501489816295
2009-03-30,-0.0883567606794977
2009-03-31,0.0503122480002076
2009-04-01,0.0768659091577239
2009-04-02,0.0922428346535735
2009-04-03,0.0457772728500578
2009-04-06,-0.0307922854309017
2009-04-07,-0.0837874884767875
2009-04-08,0.0601730444785875
2009-04-09,0.0872218621164813
2009-04-13,-0.0159271376287086
2009-04-14,-0.0245767577973011
2009-04-15,-0.0193576604602311
2009-04-16,0.0950949933017082
2009-04-17,-0.0007144667462957
2009-04-20,-0.0967783206259061
2009-04-21,0.052780293594514
2009-04-22,0.0075278882792675
2009-04-23,0.0143454361990207
2009-04-24,0.0614329611806576
2009-04-27,-0.0138789383043537
2009-04-28,-0.0161870395715078
2009-04-29,0.0583688471862842
2009-04-30,0.0131128330940728
2009-05-01,0.0188114577383857
2009-05-04,0.0561824795037011
2009-05-05,-0.0136392315457348
2009-05-06,-0.0041492893590916
2009-05-07,-0.0954307102341901
2009-05-08,-0.0057202830972862
2009-05-11,0.0068760410523263
2009-05-12,-0.0189572381189045
2009-05-13,-0.0764420168383498
2009-05-14,0.0393843744761066
2009-05-15,0.0041447172856974
2009-05-18,0.0795987477999469
2009-05-19,0.025942235403755
2009-05-20,-0.0287466346861137
2009-05-21,-0.0420649702228571
2009-05-22,-0.0131598815077025
2009-05-26,0.0988548622617742
2009-05-27,-0.0200500808778588
2009-05-28,0.0432079556121491
2009-05-29,0.0309676374673515
2009-06-01,0.1022538610608907
2009-06-02,-0.0164650605927481
2009-06-03,-0.0183549313923969
2009-06-04,0.0403375751529042
2009-06-05,0.0196697948258259
2009-06-08,-0.0070952479117171
2009-06-09,0.0303705994857106
2009-06-10,-0.0027083068669838
2009-06-11,0.0105394148539101
2009-06-12,-0.0041928067898766
2009-06-15,-0.0457833766530563
2009-06-16,-0.033156728833261
2009-06-17,0.0231739891681901
2009-06-18,-0.0167010494228182
2009-06-19,0.0397860349924164
2009-06-22,-0.0842462961881642
2009-06-23,-0.0082126213741553
2009-06-24,0.0469488065280974
2009-06-25,0.0552032907308561
2009-06-26,-0.0013384957685095
2009-06-29,0.0175351158035079
2009-06-30,-0.0125133298482552
2009-07-01,0.0146730876892449
2009-07-02,-0.0624451908111921
2009-07-06,-0.021733975805288
2009-07-07,-0.0735788739091882
2009-07-08,0.0047716463223463
2009-07-09,0.0142423317524686
2009-07-10,0.0140447409361463
2009-07-13,0.0605103635603572
2009-07-14,0.0105882111633861
2009-07-15,0.1268916688438051
2009-07-16,0.0471076550235642
2009-07-17,0.030683407216913
2009-07-20,0.0278539894811222
2009-07-21,0.0177881236555523
2009-07-22,0.0172926436922093
2009-07-23,0.049740097414981
2009-07-24,-0.0189365421755829
2009-07-27,-0.0116150300003995
2009-07-28,0.0113978920832134
2009-07-29,-0.0084737571212084
2009-07-30,0.0118073283886641
2009-07-31,-0.0025263992799916
2009-08-03,0.0389383237158875
2009-08-04,-0.0037806781470942
2009-08-05,-0.0229441997063142
2009-08-06,-0.0231371475003904
2009-08-07,0.0266903436342353
2009-08-10,-0.0186804060427978
2009-08-11,-0.0289471529701588
2009-08-12,0.0522130046178543
2009-08-13,0.0268724310725889
2009-08-14,-0.0282584015440554
2009-08-17,-0.0788093831548114
2009-08-18,0.0423080836134639
2009-08-19,0.0144269892669137
2009-08-20,0.032505889087842
2009-08-21,0.0429466360092689
2009-08-24,-0.0047576344086021
2009-08-25,0.0015654046120932
2009-08-26,0.0067478274301979
2009-08-27,0.0135687082875584
2009-08-28,0.0083070535637925
2009-08-31,-0.0261542998849551
2009-09-01,-0.0608565318745625
2009-09-02,-0.0004383671191645
2009-09-03,0.0173229803962586
2009-09-04,0.0522874402302913
2009-09-08,0.0273789598622116
2009-09-09,0.0206825212189718
2009-09-10,0.0396688757147871
2009-09-11,-0.0031483269912807
2009-09-14,-0.0017289210670988
2009-09-15,0.0167977724362486
2009-09-16,0.0301530108434961
2009-09-17,-0.0056817158746117
2009-09-18,0.0011571719154517
2009-09-21,-0.0013721331305327
2009-09-22,0.0121535532256005
2009-09-23,-0.0096493618888759
2009-09-24,-0.0184031412225671
2009-09-25,-0.017645871652299
2009-09-28,0.0519424940257782
2009-09-29,-0.0212025461372898
2009-09-30,0.0032702426783057
2009-10-01,-0.0854944375291221
2009-10-02,-0.0065753869101061
2009-10-05,0.0264772033252089
2009-10-06,0.0603676173961611
2009-10-07,0.0050562480340201
2009-10-08,0.0103522341777873
2009-10-09,0.0333357137350915
2009-10-12,0.0155711478885132
2009-10-13,0.0007567374054506
2009-10-14,0.0430773689558345
2009-10-15,-0.0038204239291661
2009-10-16,-0.0298862348463074
2009-10-19,0.0295126949930761
2009-10-20,0.0027802737593776
2009-10-21,-0.012346080740957
2009-10-22,0.0187839588431613
2009-10-23,-0.0073484225507243
2009-10-26,-0.0111712960656427
2009-10-27,-0.0336896609495823
2009-10-28,-0.0548557626652337
2009-10-29,0.0611134648971825
2009-10-30,-0.0765622308690716
2009-11-02,0.0115780327566445
2009-11-03,-0.0065722088293705
2009-11-04,0.022075938750611
2009-11-05,0.0646492135696485
2009-11-06,0.0032785851869838
2009-11-09,0.0688999083253962
2009-11-10,-0.0007003504507566
2009-11-11,0.0214795989429896
2009-11-12,-0.0168478295988458
2009-11-13,0.0292594323410881
2009-11-16,0.0293519748145358
2009-11-17,0.0193490317238744
2009-11-18,-0.01569096530548
2009-11-19,-0.0513463108728654
2009-11-20,-0.0185610249414159
2009-11-23,0.0430446538414173
2009-11-24,-0.012797499574271
2009-11-25,0.0048068735818616
2009-11-27,-0.0447924414710012
2009-11-30,0.0006821526082556
2009-12-01,0.0433728406143008
2009-12-02,0.0009455651957712
2009-12-03,-0.0007261448358625
2009-12-04,0.023977423469502
2009-12-07,-0.0151850003281028
2009-12-08,-0.0188056001902859
2009-12-09,0.0257749787916656
2009-12-10,0.0128856089247864
2009-12-11,-0.0102485852341464
2009-12-14,0.0264209905329999
2009-12-15,-0.0136354022913927
2009-12-16,0.0146006142583652
2009-12-17,-0.0337168099664858
2009-12-18,0.0474824856081665
2009-12-21,0.0329669043700859
2009-12-22,0.0189499531865284
2009-12-23,0.0153998904715275
2009-12-24,0.033094897603118
2009-12-28,0.0061587917458174
2009-12-29,-0.0074812129390589
2009-12-30,0.0147005993229416
2009-12-31,-0.0303254194582265
2010-01-04,0.0475438283623825
2010-01-05,-0.0013901734834349
2010-01-06,-0.0242071980997691
2010-01-07,-0.0115971729635808
2010-01-08,0.022714167689013
2010-01-11,-0.0145411750077096
2010-01-12,-0.0346776519115772
2010-01-13,0.0254111743232512
2010-01-14,0.0234601849825486
2010-01-15,-0.0400689246732791
2010-01-19,0.0384770423261244
2010-01-20,-0.0323660673408635
2010-01-21,-0.0344036558017541
2010-01-22,-0.116125654845239
2010-01-25,0.0209015924636313
2010-01-26,-0.0020473332496738
2010-01-27,0.0157539664581103
2010-01-28,-0.0848299664949528
2010-01-29,-0.0675499682275796
2010-02-01,0.0440411876216544
2010-02-02,0.0275280582241335
2010-02-03,0.0135529026035281
2010-02-04,-0.0851287145969499
2010-02-05,0.0279580741288845
2010-02-08,-0.0129791016318533
2010-02-09,0.0348408078042807
2010-02-10,-0.010359167898972
2010-02-11,0.0406449494404095
2010-02-12,0.006836394644416
2010-02-16,0.0446457131618052
2010-02-17,0.011581458744529
2010-02-18,0.0259991386029569
2010-02-19,-0.0048240516336531
2010-02-22,-0.0082463172096218
2010-02-23,-0.0420857624529693
2010-02-24,0.0295438756837631
2010-02-25,-0.0065083761019631
2010-02-26,0.0046157668078525
2010-03-01,0.0397182311465491
2010-03-02,-0.0054884714855775
2010-03-03,0.0026520161645016
2010-03-04,0.0127226554844783
2010-03-05,0.0392405961579493
2010-03-08,0.0076735238382052
2010-03-09,0.0109178320535878
2010-03-10,0.0239998893986763
2010-03-11,0.0090499963255006
2010-03-12,0.0011614606819991
2010-03-15,-0.0135985876655955
2010-03-16,0.0288128185151512
2010-03-17,0.0113036957045571
2010-03-18,0.0033908918447478
2010-03-19,-0.0250958977913342
2010-03-22,0.024458042239835
2010-03-23,0.0306177924182748
2010-03-24,-0.0145058676855663
2010-03-25,0.0043328555318096
2010-03-26,-0.0060264558104894
2010-03-29,0.0010211905525914
2010-03-30,0.0133260179186598
2010-03-31,-0.0169262413870064
2010-04-01,-0.0043526826884942
2010-04-05,0.0391508713838399
2010-04-06,0.0029081402748118
2010-04-07,-0.0061075227696434
2010-04-08,0.0004967292259876
2010-04-09,0.0267373457530739
2010-04-12,0.0067667348651767
2010-04-13,0.0128432030920764
2010-04-14,0.0512527066774217
2010-04-15,0.018092980909524
2010-04-16,-0.0420200746128395
2010-04-19,0.0002897753701471
2010-04-20,0.0157714407395432
2010-04-21,0.0095552172603559
2010-04-22,0.0116621806951644
2010-04-23,0.0103580262464095
2010-04-26,-0.0062285472880613
2010-04-27,-0.0581254888320996
2010-04-28,0.0052416161080857
2010-04-29,0.0298752313841277
2010-04-30,-0.0656963614294408
2010-05-03,0.0409722893979975
2010-05-04,-0.0867890197325008
2010-05-05,-0.0137691865899938
2010-05-06,-0.1031169213939406
2010-05-07,-0.0729801073569218
2010-05-10,0.1543269646854908
2010-05-11,-0.0097428756731606
2010-05-12,0.070510933825014
2010-05-13,-0.0421240669954599
2010-05-14,-0.0530382771261532
2010-05-17,0.0047846005692462
2010-05-18,-0.0420168118322172
2010-05-19,-0.0216372297161137
2010-05-20,-0.1060970349630546
2010-05-21,0.0234037652533019
2010-05-24,-0.0166611782111121
2010-05-25,0.0009962773913181
2010-05-26,-0.0315298115657037
2010-05-27,0.107607890104638
2010-05-28,-0.0207302709069493
2010-06-01,-0.0353869873330645
2010-06-02,0.0681297314226767
2010-06-03,0.0358785553656328
2010-06-04,-0.0950265672253214
2010-06-07,-0.0628070160489777
2010-06-08,-0.0020939689149319
2010-06-09,-0.0258832247328549
2010-06-10,0.0739677086844776
2010-06-11,0.0357743242952703
2010-06-14,-0.0032281686750976
2010-06-15,0.0825779576603005
2010-06-16,0.0119650395789607
2010-06-17,0.0115282535410516
2010-06-18,0.0008766455241482
2010-06-21,-0.0271533174937
2010-06-22,-0.0265161685036755
2010-06-23,-0.0122104852122206
2010-06-24,-0.0529317659444791
2010-06-25,-0.0093709527023474
2010-06-28,0.0023651026317521
2010-06-29,-0.111897558450222
2010-06-30,-0.051233640553743
2010-07-01,-0.0131998620058146
2010-07-02,-0.0048641855453989
2010-07-06,0.0248473824815451
2010-07-07,0.1081080277457222
2010-07-08,0.0139884339330713
2010-07-09,0.0162715453894704
2010-07-12,0.0226244512212814
2010-07-13,0.0422057596372871
2010-07-14,0.028739167109425
2010-07-15,0.0025399259049032
2010-07-16,-0.0858138123950953
2010-07-19,0.0353305842678763
2010-07-20,0.0184008783665585
2010-07-21,-0.0420498338363037
2010-07-22,0.0751027885609088
2010-07-23,0.0204145812691001
2010-07-26,0.0196937136633672
2010-07-27,0.0018393131898397
2010-07-28,-0.0305996201076887
2010-07-29,-0.0271466361971229
2010-07-30,-0.0139518964810858
2010-08-02,0.0644950514617732
2010-08-03,-0.0120558130376883
2010-08-04,0.0247185183736138
2010-08-05,-0.0140459415991532
2010-08-06,-0.0111488306586305
2010-08-09,0.0103349983745659
2010-08-10,-0.0412275300196742
2010-08-11,-0.078241232122969
2010-08-12,-0.0554190489462333
2010-08-13,-0.0167102362859377
2010-08-16,0.0105745787139823
2010-08-17,0.0328846453953499
2010-08-18,0.0173659604709828
2010-08-19,-0.0348505353000035
2010-08-20,-0.0003683843530567
2010-08-23,-0.0298561363276232
2010-08-24,-0.0501522490590768
2010-08-25,0.0132001826242749
2010-08-26,-0.0296091031323582
2010-08-27,0.035394656490707
2010-08-30,-0.0357565076659182
2010-08-31,-0.0191523993576308
2010-09-01,0.0781055052592787
2010-09-02,0.0277457456797851
2010-09-03,0.0524933980901547
2010-09-07,-0.0224440500223349
2010-09-08,0.0127552165493964
2010-09-09,0.0061174010679012
2010-09-10,-0.001788666877469
2010-09-13,0.06520975996785
2010-09-14,0.016145237760581
2010-09-15,0.0139029314499752
2010-09-16,0.0179560619481955
2010-09-17,0.0105839401985186
2010-09-20,0.0425261155357388
2010-09-21,-0.0006090286050682
2010-09-22,-0.0201033554341114
2010-09-23,0.0009324378320101
2010-09-24,0.064285908686138
2010-09-27,-0.0040852259894251
2010-09-28,0.00322293672554
2010-09-29,0.0023362819594241
2010-09-30,-0.0189393308335099
2010-10-01,-0.0026729313329463
2010-10-04,-0.0336509309081459
2010-10-05,0.0656394142942291
2010-10-06,-0.0219781544321308
2010-10-07,0.0082790884778649
2010-10-08,0.0196485372800849
2010-10-11,0.0023005156757498
2010-10-12,0.0266859262614402
2010-10-13,0.0251537136542319
2010-10-14,-0.001090507536528
2010-10-15,0.0603164808631262
2010-10-18,0.0123552256849057
2010-10-19,-0.0528858714991037
2010-10-20,0.0193287727572739
2010-10-21,0.0002635933530004
2010-10-22,0.0194837436150328
2010-10-25,0.0100723213206299
2010-10-26,0.0056252373964678
2010-10-27,0.0162724243021643
2010-10-28,0.0047536614202414
2010-10-29,0.0019921560518691
2010-11-01,0.0104372283320479
2010-11-02,0.0238565433544251
2010-11-03,0.0177756569801696
2010-11-04,0.0441350337887156
2010-11-05,0.0009040945336222
2010-11-08,0.0072266454546205
2010-11-09,-0.0121075988723241
2010-11-10,0.0065818585110539
2010-11-11,-0.0507325968708074
2010-11-12,-0.0399051827654807
2010-11-15,-0.0141019494438985
2010-11-16,-0.0544542463337898
2010-11-17,0.0015923142333151
2010-11-18,0.049549599297709
2010-11-19,0.0106034374949832
2010-11-22,0.0224832043421918
2010-11-23,-0.0412900328314668
2010-11-24,0.0522427322779643
2010-11-26,-0.0155001790488166
2010-11-29,-0.0135302544676906
2010-11-30,-0.0408977076580767
2010-12-01,0.0652624396469778
2010-12-02,0.0397853465668343
2010-12-03,0.0093898804241245
2010-12-06,0.0013952491316586
2010-12-07,0.0030186726465133
2010-12-08,0.0217647319007943
2010-12-09,-0.0004531135268555
2010-12-10,0.0149621293342414
2010-12-13,-0.0129550189381788
2010-12-14,-0.0009051782410894
2010-12-15,-0.009512831183965
2010-12-16,0.014635134342511
2010-12-17,0.0092403918790389
2010-12-20,0.000446894521616
2010-12-21,0.0227675438525867
2010-12-22,-0.0030555086798021
2010-12-23,-0.005034931953376
2010-12-27,0.0066009549657419
2010-12-28,-0.0010933729521886
2010-12-29,0.0026259851390615
2010-12-30,-0.0043647125133693
2010-12-31,-0.0026304720336792
2011-01-03,0.027472772682463
2011-01-04,0.0085557668499811
2011-01-05,0.0169673933603526
2011-01-06,0.0271114789189776
2011-01-07,-0.0077156744873333
2011-01-10,0.0087989099717444
2011-01-11,0.0030426230616975
2011-01-12,0.026491161868305
2011-01-13,-0.0009849311637757
2011-01-14,0.0252415623747008
2011-01-18,0.009617422467876
2011-01-19,-0.0224808516187644
2011-01-20,-0.0267002955405638
2011-01-21,-0.0186221709947945
2011-01-24,0.0416242397361172
2011-01-25,0.0103820477161358
2011-01-26,0.018417943024251
2011-01-27,0.0175134651471728
2011-01-28,-0.0677266771060119
2011-01-31,0.0174595371804968
2011-02-01,0.051478849517639
2011-02-02,0.0080664828785457
2011-02-03,0.0027908432658165
2011-02-04,0.0252366809573614
2011-02-07,0.0144796701315057
2011-02-08,0.0146298482692135
2011-02-09,-0.0065059546774375
2011-02-10,-0.0224780906050494
2011-02-11,0.013942035575895
2011-02-14,0.005357188864238
2011-02-15,-0.0140322243242432
2011-02-16,0.0205369631451524
2011-02-17,0.0019416323653438
2011-02-18,0.0017616312901567
2011-02-22,-0.0809006187101676
2011-02-23,-0.0396094131124955
2011-02-24,0.0105598387134038
2011-02-25,0.0412068241832614
2011-02-28,0.0066273882330847
2011-03-01,-0.0545519755487233
2011-03-02,0.0121364178015253
2011-03-03,0.0518970819118114
2011-03-04,-0.019061648297964
2011-03-07,-0.0413411812589223
2011-03-08,0.0151031087726907
2011-03-09,-0.0209474270704985
2011-03-10,-0.0607877792735791
2011-03-11,0.0172448138992427
2011-03-14,-0.0104644997371237
2011-03-15,-0.0478003766090963
2011-03-16,-0.0750777332329333
2011-03-17,0.0218540006818146
2011-03-18,0.0047005825195898
2011-03-21,0.051461682170095
2011-03-22,-0.0033780249523649
2011-03-23,0.0170611690112159
2011-03-24,0.0496530574619034
2011-03-25,0.00617965664229
2011-03-28,-0.014824505558315
2011-03-29,0.0182721159286987
2011-03-30,0.0059104931233535
2011-03-31,-0.0052466348664785
2011-04-01,-0.0075946838098337
2011-04-04,-0.0189202135053516
2011-04-05,-0.0017335335053042
2011-04-06,0.0212722923995218
2011-04-07,0.0012750847372435
2011-04-08,-0.01698163148593
2011-04-11,-0.0069098370716467
2011-04-12,-0.0269622774393549
2011-04-13,0.0194412728588515
2011-04-14,-0.0078911258426124
2011-04-15,-0.012152064335535
2011-04-18,-0.0243793924905036
2011-04-19,0.0126087718824776
2011-04-20,0.0740321631112763
2011-04-21,0.0309864662874148
2011-04-25,0.0067471824289793
2011-04-26,0.022948797722095
2011-04-27,0.0129042822829057
2011-04-28,0.0015681658831319
2011-04-29,0.0035225922864177
2011-05-02,-0.0157955110648643
2011-05-03,-0.0093126688514738
2011-05-04,-0.0037997679993716
2011-05-05,-0.0112428699726615
2011-05-06,0.0085277392414415
2011-05-09,0.0066439444764967
2011-05-10,0.0274001320773851
2011-05-11,-0.0227758889115271
2011-05-12,0.0177291140864193
2011-05-13,-0.0366021768432949
2011-05-16,-0.0481512467441511
2011-05-17,-0.008324608818263
2011-05-18,0.0271204418582524
2011-05-19,0.0048197298832701
2011-05-20,-0.017935622041623
2011-05-23,-0.0431087299153419
2011-05-24,-0.012871527935363
2011-05-25,0.0139388505110802
2011-05-26,0.0168509893196726
2011-05-27,0.0174446159427739
2011-05-31,0.0415773243608934
2011-06-01,-0.0637860326509738
2011-06-02,0.0035162507462136
2011-06-03,-0.0442397725862003
2011-06-06,-0.0201652126335991
2011-06-07,-0.0126282665140167
2011-06-08,-0.0270014454846969
2011-06-09,0.0021909012244871
2011-06-10,-0.0420211318184324
2011-06-13,-0.0043101345098072
2011-06-14,0.039470076306838
2011-06-15,-0.0524250756313704
2011-06-16,-0.0131852084521929
2011-06-17,-0.0107414040914172
2011-06-20,0.0103285302065401
2011-06-21,0.0600262567969167
2011-06-22,-0.0207715924219747
2011-06-23,0.0300502908279538
2011-06-24,-0.0549153882371089
2011-06-27,0.0422829019643742
2011-06-28,0.0383274804331645
2011-06-29,0.0076701137800681
2011-06-30,0.0437678738567217
2011-07-01,0.049225065952088
2011-07-05,0.0093398485055047
2011-07-06,0.0142025739647575
2011-07-07,0.0388290330953824
2011-07-08,-0.0138891715163758
2011-07-11,-0.0519882966814494
2011-07-12,-0.0314615201398706
2011-07-13,0.0085721399831915
2011-07-14,-0.0288526900419915
2011-07-15,0.0426067499533842
2011-07-18,-0.0101612643914082
2011-07-19,0.0812324448125112
2011-07-20,-0.0154801110465709
2011-07-21,0.0127882709049824
2011-07-22,0.0397431853551699
2011-07-25,-0.0063705863789399
2011-07-26,0.0116209484274054
2011-07-27,-0.0915034179873101
2011-07-28,0.0063226898130148
2011-07-29,-0.0227472194169948
2011-08-01,-0.0050987089501214
2011-08-02,-0.0690731043452648
2011-08-03,0.0320728796330891
2011-08-04,-0.1377552735925123
2011-08-05,-0.0263582223050878
2011-08-08,-0.1657458871647731
2011-08-09,0.1261588039933447
2011-08-10,-0.1155541007810299
2011-08-11,0.1253325228434041
2011-08-12,0.0280649808304243
2011-08-15,0.0528736740634203
2011-08-16,-0.0346616943468771
2011-08-17,-0.0254454037153359
2011-08-18,-0.1578183713351877
2011-08-19,-0.0812950240652172
2011-08-22,0.0138730943308678
2011-08-23,0.1190829290939041
2011-08-24,0.0221413915686028
2011-08-25,-0.0475266923718606
2011-08-26,0.0699251184985965
2011-08-29,0.0885156105474838
2011-08-30,0.0052461839023085
2011-08-31,0.0043490169120665
2011-09-01,-0.0323323144217839
2011-09-02,-0.0748808032939331
2011-09-06,-0.0148341875633211
2011-09-07,0.0808512895207909
2011-09-08,-0.0105995990233638
2011-09-09,-0.0633609228846147
2011-09-12,0.0366012805333044
2011-09-13,0.0394072346513547
2011-09-14,0.0503487902914774
2011-09-15,0.0493793193882372
2011-09-16,0.0250412303531297
2011-09-19,0.0005368947634178
2011-09-20,-0.0169035319382967
2011-09-21,-0.0357534322444863
2011-09-22,-0.0953863557751868
2011-09-23,0.0309763319822753
2011-09-26,0.0391501861301231
2011-09-27,0.036507086678325
2011-09-28,-0.0453649180380428
2011-09-29,-0.0132821906003173
2011-09-30,-0.0819621461841493
2011-10-03,-0.0716849880155252
2011-10-04,0.0663391570088036
2011-10-05,0.0743912375244006
2011-10-06,0.0533085598130145
2011-10-07,-0.0171608733308222
2011-10-10,0.1023970551071045
2011-10-11,0.0171811955072578
2011-10-12,0.01504359685657
2011-10-13,0.0332812375589128
2011-10-14,0.062657089702331
2011-10-17,-0.0525690663062118
2011-10-18,0.0272432598912539
2011-10-19,-0.0622871835318886
2011-10-20,-0.016865573923947
2011-10-21,0.034573922983615
2011-10-24,0.0637755049148296
2011-10-25,-0.0458033884494195
2011-10-26,0.0113093895159437
2011-10-27,0.0889662088713276
2011-10-28,0.0079870715367389
2011-10-31,-0.0543354241900131
2011-11-01,-0.0799617716046705
2011-11-02,0.0260214209698619
2011-11-03,0.0765910502531832
2011-11-04,-0.0127204871259086
2011-11-07,0.018611310308138
2011-11-08,0.0339658257911417
2011-11-09,-0.1103307985798157
2011-11-10,0.0020370433301837
2011-11-11,0.060991197575362
2011-11-14,-0.012455048937502
2011-11-15,0.0402618651693251
2011-11-16,-0.0412683233250568
2011-11-17,-0.0673638493584483
2011-11-18,-0.0250325763407573
2011-11-21,-0.0607112785168862
2011-11-22,-0.0037017685190514
2011-11-23,-0.0763075082313442
2011-11-25,-0.0201111990733383
2011-11-28,0.1041994412776521
2011-11-29,-0.0197313601448372
2011-11-30,0.1178530900863024
2011-12-01,0.016440497222925
2011-12-02,-0.0028242407728364
2011-12-05,0.0383627835994575
2011-12-06,-0.0022316442579106
2011-12-07,0.0007455017744271
2011-12-08,-0.0456916744783388
2011-12-09,0.0434556106475965
2011-12-12,-0.0423939688199509
2011-12-13,-0.0325521527659193
2011-12-14,-0.0530282542398862
2011-12-15,-0.0079590994284511
2011-12-16,0.0068768614346979
2011-12-19,-0.0358564916627776
2011-12-20,0.090318834173511
2011-12-21,-0.0592853203722801
2011-12-22,0.0348198775684136
2011-12-23,0.027530763870226
2011-12-27,0.0075779083009022
2011-12-28,-0.0335752816901407
2011-12-29,0.0230684741807523
2011-12-30,-0.0097799791378868
2012-01-03,0.0480107313104063
2012-01-04,0.0130892558767299
2012-01-05,0.018346179968057
2012-01-06,0.003552345521335
2012-01-09,-0.0012641139727119
2012-01-10,0.0121518896600614
2012-01-11,0.0082543095123754
2012-01-12,0.0099228917643678
2012-01-13,-0.0211250316699977
2012-01-17,0.0158091501456745
2012-01-18,0.0538538368934351
2012-01-19,0.0234413008414691
2012-01-20,0.0112228909046177
2012-01-23,0.0113251254262927
2012-01-24,0.0038073808226384
2012-01-25,0.029005107950198
2012-01-26,-0.0162617192207726
2012-01-27,0.0061711543866915
2012-01-30,0.0092002443902861
2012-01-31,0.0036901414798946
2012-02-01,0.031142074125029
2012-02-02,0.0050334976303443
2012-02-03,0.0413188992554809
2012-02-06,0.001202364376724
2012-02-07,0.0116093173456908
2012-02-08,0.022556151488094
2012-02-09,0.0280574550476095
2012-02-10,-0.0257857326782225
2012-02-13,0.0212517237424834
2012-02-14,0.0071887586812831
2012-02-15,-0.0189706562665372
2012-02-16,0.050928589198596
2012-02-17,-0.006558447929202
2012-02-21,0.0115533665024876
2012-02-22,-0.0168602366340329
2012-02-23,0.0140144944786828
2012-02-24,0.0143659569111882
2012-02-27,0.0041235805068813
2012-02-28,0.0246384742167857
2012-02-29,-0.0141140320741477
2012-03-01,0.0176740545350224
2012-03-02,-0.0043418223669465
2012-03-05,-0.0341878989455599
2012-03-06,-0.0337729947677962
2012-03-07,0.0250467764209594
2012-03-08,0.0320933433298238
2012-03-09,0.0130743247625064
2012-03-12,0.005057565067511
2012-03-13,0.06142655837467
2012-03-14,0.0174920740727024
2012-03-15,0.0104434315458543
2012-03-16,-0.0001590024617449
2012-03-19,0.0225826072845216
2012-03-20,-0.0003110315908279
2012-03-21,-0.0018668517448068
2012-03-22,-0.0101309109614382
2012-03-23,-0.0004722681968156
2012-03-26,0.0488342102232917
2012-03-27,0.0048061660058007
2012-03-28,-0.0083705014227649
2012-03-29,-0.0051251780130092
2012-03-30,-0.0075757419266265
2012-04-02,0.0303817010105218
2012-04-03,-0.0044451091717476
2012-04-04,-0.0424170857083232
2012-04-05,0.0097918109373482
2012-04-09,-0.0184701693556881
2012-04-10,-0.0413988714736016
2012-04-11,0.0117782135345363
2012-04-12,0.0402587868664079
2012-04-13,-0.0514454343254864
2012-04-16,-0.0342455084114692
2012-04-17,0.0680356832428934
2012-04-18,-0.0228755238142599
2012-04-19,-0.0456835434847602
2012-04-20,-0.0199319896159415
2012-04-23,-0.0224232429605902
2012-04-24,-0.0208035634534559
2012-04-25,0.0944255399415798
2012-04-26,0.0225648838942682
2012-04-27,0.0003243362359384
2012-04-30,-0.0287103555850376
2012-05-01,0.0080161141934609
2012-05-02,0.0066267698881716
2012-05-03,-0.028637081623454
2012-05-04,-0.0694682204918274
2012-05-07,-0.0105604638255467
2012-05-08,-0.0154585738648519
2012-05-09,0.0024301196045395
2012-05-10,-0.0298341230930002
2012-05-11,-0.0021140941660292
2012-05-14,-0.0281200499804271
2012-05-15,-0.0108998751538753
2012-05-16,-0.0260467468698768
2012-05-17,-0.0526643379960322
2012-05-18,-0.0406079324730005
2012-05-21,0.0869170964777017
2012-05-22,-0.0104120894720519
2012-05-23,0.0058920575845013
2012-05-24,-0.0290796219516409
2012-05-25,-0.0060329814131837
2012-05-29,0.0422719006748217
2012-05-30,-0.0191346779270171
2012-05-31,-0.0156915134624567
2012-06-01,-0.0838001082169173
2012-06-04,0.006348740965993
2012-06-05,0.0231306743802401
2012-06-06,0.0765016735055412
2012-06-07,-0.0154861549643315
2012-06-08,0.029950573300453
2012-06-11,-0.0543933504209466
2012-06-12,0.0342922817916808
2012-06-13,-0.0198933882188654
2012-06-14,0.0032737994762057
2012-06-15,0.0404613009212513
2012-06-18,0.0194439788161733
2012-06-19,0.0270714266126599
2012-06-20,0.0073880345252401
2012-06-21,-0.0796828815884358
2012-06-22,0.0323065181109081
2012-06-25,-0.0678069255305694
2012-06-26,0.0087285610455307
2012-06-27,0.0215219373466648
2012-06-28,-0.0314940989993189
2012-06-29,0.084547730907819
2012-07-02,0.0134411718049187
2012-07-03,0.0220364347333088
2012-07-05,0.0031940379911614
2012-07-06,-0.0461692773324751
2012-07-09,-0.005841876577311
2012-07-10,-0.0314794790626508
2012-07-11,-0.0151679920882608
2012-07-12,-0.031462904858136
2012-07-13,0.0445252686870689
2012-07-16,-0.0054368496242479
2012-07-17,0.0089650197505861
2012-07-18,0.053099654275035
2012-07-19,0.0267542229068924
2012-07-20,-0.0324711926974238
2012-07-23,-0.0285893093824612
2012-07-24,-0.0326294703229834
2012-07-25,-0.0147705730215204
2012-07-26,0.0472138370705614
2012-07-27,0.0675214584015635
2012-07-30,0.0028022526336912
2012-07-31,0.010578800888513
2012-08-01,-0.0104680613517836
2012-08-02,-0.0169661258368011
2012-08-03,0.0548223063810848
2012-08-06,0.0198266977026901
2012-08-07,0.0200075735201548
2012-08-08,0.003330851552814
2012-08-09,0.0105131478418971
2012-08-10,0.0054749791052701
2012-08-13,0.008531684804532
2012-08-14,-0.0068394118037896
2012-08-15,0.0028994087338618
2012-08-16,0.0401157282319522
2012-08-17,0.0163309665793938
2012-08-20,0.0034187778306227
2012-08-21,-0.0199319896159415
2012-08-22,0.0059099440824861
2012-08-23,-0.0247105451986597
2012-08-24,0.0168320269236619
2012-08-27,0.0024394589497689
2012-08-28,-0.005040861466408
2012-08-29,0.0075121605520833
2012-08-30,-0.0345065214819698
2012-08-31,0.0204740146308346
2012-09-04,0.0019359654822652
2012-09-05,-0.0022834295009217
2012-09-06,0.0654928802513707
2012-09-07,-0.0039658447985023
2012-09-10,-0.0306898732134638
2012-09-11,0.0075304844532093
2012-09-12,0.0130795829689922
2012-09-13,0.0419179987567843
2012-09-14,0.0148053743582334
2012-09-17,0.0020612933120849
2012-09-18,0.0011079823021569
2012-09-19,0.0036358328347461
2012-09-20,-0.0048828253240907
2012-09-21,0.0031656190958988
2012-09-24,-0.0201954666885083
2012-09-25,-0.040579697417889
2012-09-26,-0.0219872969247039
2012-09-27,0.0408443241470701
2012-09-28,-0.0239077295217684
2012-10-01,-0.0057431395262527
2012-10-02,0.0045870909869853
2012-10-03,0.0167430070530056
2012-10-04,0.0071520333012624
2012-10-05,-0.0168454520552951
2012-10-08,-0.0292288601036999
2012-10-09,-0.0397993852421085
2012-10-10,-0.0111730930276202
2012-10-11,-0.0103885097764625
2012-10-12,-0.0036832151094772
2012-10-15,0.0138635294373072
2012-10-16,0.0404739008553047
2012-10-17,-0.0150692591633624
2012-10-18,-0.0352250819666319
2012-10-19,-0.068781040275838
2012-10-22,0.0233661759671417
2012-10-23,-0.0356033383710246
2012-10-24,-0.014446476515204
2012-10-25,-0.0105863913715273
2012-10-26,0.0065845734884277
2012-10-31,-0.0104253690339678
2012-11-01,0.0477174414130876
2012-11-02,-0.0376573977620146
2012-11-05,0.0135213617146352
2012-11-06,0.015767241127111
2012-11-07,-0.078606836525863
2012-11-08,-0.0440604654265425
2012-11-09,0.0178489469906759
2012-11-12,-0.0055493199359399
2012-11-13,-0.0174107146514831
2012-11-14,-0.027260492565959
2012-11-15,-0.0179823848674884
2012-11-16,0.0059456664141892
2012-11-19,0.0775413026706788
2012-11-20,-0.0118473636388946
2012-11-21,0.0135435284540881
2012-11-23,0.0470973943993549
2012-11-26,0.0121341434317361
2012-11-27,-0.0134353928958246
2012-11-28,0.0165513181828518
2012-11-29,0.0154576738497931
2012-11-30,-0.0038563851723666
2012-12-03,-0.0034638301600342
2012-12-04,-0.0069515255457306
2012-12-05,-0.029648018177168
2012-12-06,0.0190961472925372
2012-12-07,-0.0151988721811489
2012-12-10,0.0084568208699138
2012-12-11,0.0402517617662239
2012-12-12,-0.006650953998757
2012-12-13,-0.0204909277912695
2012-12-14,-0.0294116529020496
2012-12-17,0.0364916872946134
2012-12-18,0.0428247592012143
2012-12-19,-0.0138201840758698
2012-12-20,0.0052050303465802
2012-12-21,-0.0252937563646385
2012-12-24,-0.0112379823789773
2012-12-26,-0.0152927673227222
2012-12-27,-0.003987495320319
2012-12-28,-0.0324482928426195
2012-12-31,0.061193394810874
2013-01-02,0.0896778380481648
2013-01-03,-0.0184557203727089
2013-01-04,-0.01266306464958
2013-01-07,-0.0025261495350911
2013-01-08,-0.0132476803713245
2013-01-09,0.0037513155745181
2013-01-10,0.0159321121017526
2013-01-11,0.0058085379436696
2013-01-14,-0.0217518638218257
2013-01-15,-0.0194802829679879
2013-01-16,0.0138470361679066
2013-01-17,0.0106888929322339
2013-01-18,-0.0048962415182014
2013-01-22,0.0070853946090896
2013-01-23,0.0326361323030055
2013-01-24,-0.0518546032788174
2013-01-25,0.005389145158493
2013-01-28,0.0059558306000251
2013-01-29,0.0041444291330352
2013-01-30,-0.005699598274373
2013-01-31,0.0015812872441032
2013-02-01,0.0361160796150963
2013-02-04,-0.0413332487688627
2013-02-05,0.0381479838049694
2013-02-06,-0.0036362424778514
2013-02-07,0.0003844614326864
2013-02-08,0.0251533655235893
2013-02-11,0.0031842066649421
2013-02-12,-0.0080284034976677
2013-02-13,-0.0009412537080925
2013-02-14,-0.0069704764364111
2013-02-15,-0.0026562518963635
2013-02-19,0.0192127362479006
2013-02-20,-0.0412467194079809
2013-02-21,-0.0235547315044789
2013-02-22,0.0362841413062657
2013-02-25,-0.042901385262869
2013-02-26,0.0184924768451424
2013-02-27,0.0256564875921703
2013-02-28,-0.00711945388428
2013-03-01,0.0042633204247122
2013-03-04,0.0082977777170638
2013-03-05,0.0428709907172599
2013-03-06,-0.0023856789590737
2013-03-07,0.009381969363738
2013-03-08,0.0032802752201082
2013-03-11,0.0079928476624882
2013-03-12,-0.0118940139466872
2013-03-13,-0.002553547902382
2013-03-14,0.0210276755939342
2013-03-15,-0.0100285058452195
2013-03-18,-0.0005427683843581
2013-03-19,-0.0043438407794293
2013-03-20,0.0143608293737373
2013-03-21,-0.0315411061404897
2013-03-22,0.0177647033366639
2013-03-25,-0.0065453302229834
2013-03-26,0.0183014738969955
2013-03-27,-0.009166137022821
2013-03-28,0.0077998653749229
2013-04-01,-0.02177837542357
2013-04-02,0.01471930435937
2013-04-03,-0.0237534628145817
2013-04-04,0.0001859241129646
2013-04-05,-0.0239555056950463
2013-04-08,0.0110350378664116
2013-04-09,0.0214528380660337
2013-04-10,0.0517684175199775
2013-04-11,-0.0061304664665459
2013-04-12,-0.0146280072391007
2013-04-15,-0.0470398960984004
2013-04-16,0.0360358072828244
2013-04-17,-0.0614128898359569
2013-04-18,-0.0333911273104728
2013-04-19,0.00439282313594
2013-04-22,0.0216701909360323
2013-04-23,0.0371663249800722
2013-04-24,0.0005629313909412
2013-04-25,0.0116259279037116
2013-04-26,-0.0009270444766548
2013-04-29,0.0423007016294174
2013-04-30,0.0304378850435673
2013-05-01,-0.021938057388261
2013-05-02,0.0351467063142603
2013-05-03,0.0279813450542276
2013-05-06,0.0141076721966639
2013-05-07,-0.0024548242480062
2013-05-08,0.0226416120233106
2013-05-09,-0.0080219707186081
2013-05-10,0.012130137494567
2013-05-13,-0.0084693783670506
2013-05-14,0.0091864258992544
2013-05-15,0.0076651927414381
2013-05-16,0.0160063848035825
2013-05-17,0.0310405034701333
2013-05-20,-0.0010589658927148
2013-05-21,-0.0075724577114111
2013-05-22,-0.0323516302725696
2013-05-23,-0.0003153971009929
2013-05-24,-0.006310180316155
2013-05-28,0.0157167539569926
2013-05-29,-0.0092215692731502
2013-05-30,0.0157754094300563
2013-05-31,-0.026557086416194
2013-06-03,0.0149968942085878
2013-06-04,-0.0124174753600587
2013-06-05,-0.0291262403311878
2013-06-06,0.010655639271736
2013-06-07,0.0244933953228221
2013-06-10,0.0045914422536721
2013-06-11,-0.0291568298064158
2013-06-12,-0.0228896088142563
2013-06-13,0.0345574702459825
2013-06-14,-0.0197527807741958
2013-06-17,0.0267035887814499
2013-06-18,0.0224988869662217
2013-06-19,-0.0344881283577892
2013-06-20,-0.0669147101810703
2013-06-21,-0.0159359054080493
2013-06-24,-0.0392538068929462
2013-06-25,0.0271163073777795
2013-06-26,0.0171242134273288
2013-06-27,0.0121009810763708
2013-06-28,-0.0135156770186696
2013-07-01,0.0177410433811078
2013-07-02,0.0088020049363195
2013-07-03,0.0145423981405941
2013-07-05,0.0200674920529315
2013-07-08,-0.0034717057154458
2013-07-09,0.0119443841082886
2013-07-10,0.0085246489560941
2013-07-11,0.0521781103158582
2013-07-12,0.0003091274246573
2013-07-15,0.0064865114380672
2013-07-16,0.0039895924933479
2013-07-17,0.0029036888436784
2013-07-18,-0.0083814701642213
2013-07-19,-0.0497927113497285
2013-07-22,0.0098656857236751
2013-07-23,-0.0128122085657983
2013-07-24,0.0188191702677151
2013-07-25,0.0004775239361065
2013-07-26,0.0050930213964484
2013-07-29,-0.0014250475396423
2013-07-30,0.014113568621842
2013-07-31,-0.008131489903715
2013-08-01,0.0313733594951599
2013-08-02,0.0116174133515249
2013-08-05,0.0080081122248147
2013-08-06,-0.014840329626847
2013-08-07,-0.0089774194554744
2013-08-08,0.01090139232815
2013-08-09,-0.0162516097740462
2013-08-12,0.0194536082382419
2013-08-13,0.0196878341563861
2013-08-14,-0.0005939910411478
2013-08-15,-0.0499333184442103
2013-08-16,-0.002502653820279
2013-08-19,-0.0083110866182082
2013-08-20,0.0042693896124399
2013-08-21,-0.0096047957349227
2013-08-22,0.0151035006578754
2013-08-23,0.0220826759250774
2013-08-26,-0.0134843159324465
2013-08-27,-0.0537433099111501
2013-08-28,0.0026263931813796
2013-08-29,0.0153896514243609
2013-08-30,-0.013544070734149
2013-09-03,0.0016345520178115
2013-09-04,0.0282311503678436
2013-09-05,0.0004757660169911
2013-09-06,0.004124477796277
2013-09-09,0.0339652707117872
2013-09-10,0.0200153312056372
2013-09-11,-0.0125824349227329
2013-09-12,0.0031857322721702
2013-09-13,0.0009073527288336
2013-09-16,-0.0067987783430311
2013-09-17,0.0177973485918043
2013-09-18,0.0361682712178732
2013-09-19,0.0046156027886028
2013-09-20,-0.0222542839743211
2013-09-23,0.0061675027781404
2013-09-24,-0.0070052487135348
2013-09-25,-0.0097001594446465
2013-09-26,0.0115760583610775
2013-09-27,-0.0203931254777938
2013-09-30,-0.0146771507459163
2013-10-01,0.0253835807780211
2013-10-02,0.0008894639524192
2013-10-03,-0.0271031829702104
2013-10-04,0.0144621820425319
2013-10-07,-0.0169572345695177
2013-10-08,-0.0485418755140808
2013-10-09,0.0150809347903082
2013-10-10,0.0482061443264554
2013-10-11,0.0235223181416812
2013-10-14,0.0142899078033085
2013-10-15,-0.0175745336967213
2013-10-16,0.0267593501981762
2013-10-17,0.0005760101620604
2013-10-18,0.0505109081240704
2013-10-21,0.0175343048666862
2013-10-22,-0.0020194594368696
2013-10-23,-0.0142991490808028
2013-10-24,0.0069794459486196
2013-10-25,0.0159010987248946
2013-10-28,0.0093646560416609
2013-10-29,0.0184228731267197
2013-10-30,-0.007288035162835
2013-10-31,-0.0072100365413464
2013-11-01,0.0022448106583221
2013-11-04,0.0090908098576418
2013-11-05,-0.0074422485130291
2013-11-06,0.0282819777008465
2013-11-07,-0.0387617818900649
2013-11-08,0.0282141041978825
2013-11-11,0.001423716178172
2013-11-12,0.0094352723454964
2013-11-13,0.0254800368197758
2013-11-14,-0.0086152159591725
2013-11-15,0.0098235461318147
2013-11-18,-0.0163380853513774
2013-11-19,-0.0076075323113189
2013-11-20,-0.0122652938323685
2013-11-21,0.0262580620218659
2013-11-22,-0.0049157187340184
2013-11-25,-0.0026597560564145
2013-11-26,0.0129539240962206
2013-11-27,0.0229437211507315
2013-11-29,0.0142174042586338
2013-12-02,-0.0154680792051125
2013-12-03,0.0119061457116467
2013-12-04,0.0020619731769206
2013-12-05,-0.0100470019141498
2013-12-06,0.0229883760348588
2013-12-09,0.0092040518988536
2013-12-10,-0.0076986134260493
2013-12-11,-0.0251850381254552
2013-12-12,-0.0236316012232943
2013-12-13,-0.0063958340046281
2013-12-16,0.0266312915259758
2013-12-17,-0.0030736087324061
2013-12-18,0.0272537905008936
2013-12-19,0.0042016653317256
2013-12-20,0.0212789884727815
2013-12-23,0.0401495306359924
2013-12-24,0.0127169783084832
2013-12-26,0.0060005822277882
2013-12-27,-0.0047497058729492
2013-12-30,-0.0048838810972419
2013-12-31,0.0182917700076872
2014-01-02,-0.0306681322119745
2014-01-03,-0.0123163266442762
2014-01-06,-0.0045762816693118
2014-01-07,0.0252845686124367
2014-01-08,0.0013450955327005
2014-01-09,-0.0195902722983044
2014-01-10,0.0047956941374798
2014-01-13,-0.033295348561723
2014-01-14,0.0524271243825891
2014-01-15,0.0366360621349188
2014-01-16,-0.0001080258701618
2014-01-17,-0.0173491791407083
2014-01-21,0.009869518520269
2014-01-22,0.0005428720287663
2014-01-23,-0.0084654379170487
2014-01-24,-0.0558230382808129
2014-01-27,-0.0274749486803639
2014-01-28,-0.0169267985547767
2014-01-29,-0.0261914786771093
2014-01-30,0.0389739762582408
2014-01-31,0.005752506780658
2014-02-03,-0.0685174741087865
2014-02-04,0.0165024106291595
2014-02-05,-0.0010066961959818
2014-02-06,0.0342656633114184
2014-02-07,0.0420215319706582
2014-02-10,0.0090006526538148
2014-02-11,0.0344069256695496
2014-02-12,0.0095196360478388
2014-02-13,0.0268471578754359
2014-02-14,0.0024850745964259
2014-02-18,0.0030171256777795
2014-02-19,-0.0133230867697633
2014-02-20,0.0138298392331723
2014-02-21,-0.011815195065392
2014-02-24,0.0108697708998148
2014-02-25,-0.0093550307408256
2014-02-26,0.0009771323260734
2014-02-27,0.0235305182002016
2014-02-28,-0.0046614651877824
2014-03-03,-0.024055432009657
2014-03-04,0.0427525767948635
2014-03-05,0.0043931379691681
2014-03-06,0.0003121188270667
2014-03-07,-0.0065582364871408
2014-03-10,-0.0061826093492913
2014-03-11,-0.0063265643050316
2014-03-12,0.0059421879430461
2014-03-13,-0.042193794090612
2014-03-14,-0.0172906874984046
2014-03-17,0.0336207876317511
2014-03-18,0.0407676454117238
2014-03-19,-0.0145848012111501
2014-03-20,0.025478135662017
2014-03-21,-0.0140203679041064
2014-03-24,-0.0049142614023891
2014-03-25,0.0183882467907705
2014-03-26,-0.0335331428980137
2014-03-27,-0.0147325289204826
2014-03-28,0.0099686993793852
2014-03-31,0.0252117745633346
2014-04-01,0.0348473158873787
2014-04-02,0.0025279238710693
2014-04-03,-0.0141211854382494
2014-04-04,-0.0580109791796452
2014-04-07,-0.0198763664446639
2014-04-08,0.023493167432762
2014-04-09,0.0367037012098461
2014-04-10,-0.0653782787550495
2014-04-11,-0.0315120146609262
2014-04-14,0.0274604105557654
2014-04-15,0.0120158502902003
2014-04-16,0.0322904193184634
2014-04-17,-0.0081695837390224
2014-04-21,0.0127884682377916
2014-04-22,0.0140183407578819
2014-04-23,-0.0342971837503122
2014-04-24,0.0250246081406444
2014-04-25,-0.0378467218164315
2014-04-28,0.0265929582793764
2014-04-29,0.0216948990618908
2014-04-30,0.0073947478743949
2014-05-01,0.00366990355753
2014-05-02,-0.0050149831497091
2014-05-05,0.0121811788887025
2014-05-06,-0.0321612386772196
2014-05-07,0.0035375197656162
2014-05-08,0.0044865187119564
2014-05-09,0.0051039269803994
2014-05-12,0.0408379919012815
2014-05-13,-0.0011183423929265
2014-05-14,-0.0111934902800394
2014-05-15,-0.0220229518847937
2014-05-16,0.0234661973949548
2014-05-19,0.0199459696913562
2014-05-20,-0.0190517340354204
2014-05-21,0.0206552059458402
2014-05-22,0.0064438134544198
2014-05-23,0.0246100694486337
2014-05-27,0.0252877409514322
2014-05-28,-0.005903902491931
2014-05-29,0.0143689090591627
2014-05-30,0.0033052558748192
2014-06-02,-0.0037648359055121
2014-06-03,-0.0052909266508543
2014-06-04,0.0066487123044558
2014-06-05,0.0198150893802611
2014-06-06,0.0126759050485587
2014-06-09,0.0083143549006516
2014-06-10,0.0018121898513567
2014-06-11,-0.005698404040883
2014-06-12,-0.025834616781859
2014-06-13,0.0158745547733885
2014-06-16,0.0028493829550255
2014-06-17,0.0053162385735234
2014-06-18,0.0156820343425536
2014-06-19,-0.0057449649771307
2014-06-20,-0.0062295243397605
2014-06-23,0.0053599971340174
2014-06-24,-0.0143681864602231
2014-06-25,0.0154028192220629
2014-06-26,-0.0065913435197226
2014-06-27,0.0165424637054383
2014-06-30,0.0046494369720586
2014-07-01,0.0302599850567744
2014-07-02,0.0020732759218151
2014-07-03,0.0129309612211294
2014-07-07,0.0007661548762802
2014-07-08,-0.0253425949502278
2014-07-09,0.0127390679849774
2014-07-10,-0.0043939782322295
2014-07-11,0.0111629749879662
2014-07-14,0.023962439130208
2014-07-15,-0.002841964128179
2014-07-16,0.0241389618872513
2014-07-17,-0.0387920357772405
2014-07-18,0.0389955311221341
2014-07-21,-0.005572384623106
2014-07-22,0.0258753869118197
2014-07-23,0.0043378052804599
2014-07-24,-0.0047187508885875
2014-07-25,-0.0035362270277977
2014-07-28,0.0072584146848295
2014-07-29,-0.0050442432400843
2014-07-30,0.0029774149057757
2014-07-31,-0.0584081107819705
2014-08-01,-0.0159339241359663
2014-08-04,0.02104057620446
2014-08-05,-0.0251863941870751
2014-08-06,-0.0121792561708261
2014-08-07,-0.0117127405539025
2014-08-08,0.0177326614542803
2014-08-11,0.016198380832239
2014-08-12,-0.0033600829733115
2014-08-13,0.0293073869310194
2014-08-14,0.0057953349108657
2014-08-15,0.0006679484995679
2014-08-18,0.0269549591936826
2014-08-19,0.019258892239788
2014-08-20,0.0026309868495808
2014-08-21,0.0134383867131191
2014-08-22,-0.0013338527212652
2014-08-25,0.0028283971169416
2014-08-26,0.0014886348015998
2014-08-27,0.0003910082540807
2014-08-28,-0.004926615376528
2014-08-29,0.0127309138281312
2014-09-02,0.0030261635462931
2014-09-03,-0.0161689499821181
2014-09-04,-0.0047965275459539
2014-09-05,0.0184102438361071
2014-09-08,0.0023274066535319
2014-09-09,-0.0204347414552112
2014-09-10,0.0211771840587045
2014-09-11,0.0044880528639781
2014-09-12,-0.015329868473364
2014-09-15,-0.0165858402088537
2014-09-16,0.0221955835098879
2014-09-17,0.0063040669830685
2014-09-18,0.0201854642433727
2014-09-19,-0.0065193787362243
2014-09-22,-0.0221291740630109
2014-09-23,-0.0066326713073869
2014-09-24,0.0183029762499584
2014-09-25,-0.062022309051648
2014-09-26,0.0301832034126623
2014-09-29,-0.0019958234894308
2014-09-30,0.0093590626390507
2014-10-01,-0.0465209096164163
2014-10-02,0.0
2014-10-03,0.02277496022687
2014-10-06,0.00113745475025
2014-10-07,-0.0461887565380843
2014-10-08,0.054638160064427
2014-10-09,-0.0482568501274567
2014-10-10,-0.0765644112425835
2014-10-13,-0.0354418851341695
2014-10-14,0.0031412054981327
2014-10-15,-0.0179351374160058
2014-10-16,-0.0200019213421183
2014-10-17,0.0390455892585464
2014-10-20,0.020212533040349
2014-10-21,0.059436242113533
2014-10-22,-0.0174713886582925
2014-10-23,0.0351175000299879
2014-10-24,0.0265882314171812
2014-10-27,0.0040364569553945
2014-10-28,0.0412896740857031
2014-10-29,-0.0065147448040157
2014-10-30,0.0095529582331574
2014-10-31,0.0469929797985659
2014-11-03,0.0124079929223408
2014-11-04,0.0009833553968112
2014-11-05,0.0074071555262493
2014-11-06,-0.0006000961947827
2014-11-07,0.002026530935832
2014-11-10,0.0076416533551941
2014-11-11,0.0013383231693337
2014-11-12,0.0116572996086019
2014-11-13,0.0154127122394129
2014-11-14,0.0216119282786617
2014-11-17,-0.0064383455935274
2014-11-18,0.0120344732278954
2014-11-19,-0.0209682313433783
2014-11-20,0.0150209803049465
2014-11-21,0.0040357226953262
2014-11-24,0.016079039834167
2014-11-25,0.0031927824366686
2014-11-26,0.0239379333758078
2014-11-28,0.0147974755588611
2014-12-01,-0.0321593358274624
2014-12-02,-0.0019262595882801
2014-12-03,0.0104769882437576
2014-12-04,0.0013642822452519
2014-12-05,-0.0036104830384666
2014-12-08,-0.0298078963034523
2014-12-09,0.001409222920236
2014-12-10,-0.0469352739058819
2014-12-11,0.0115918860127466
2014-12-12,-0.0448143503897862
2014-12-15,-0.0180330401658098
2014-12-16,-0.0416311947928159
2014-12-17,0.0588668066907034
2014-12-18,0.0864962575026062
2014-12-19,0.0038817686328225
2014-12-22,0.033394285749676
2014-12-23,0.0068710920908989
2014-12-24,-0.003445936983074
2014-12-26,0.0134923087490423
2014-12-29,-0.0161224769428584
2014-12-30,-0.0184945470108837
2014-12-31,-0.0356771060181849
2015-01-02,-0.0028016678765011
2015-01-05,-0.0450976119785028
2015-01-06,-0.0372690484194758
2015-01-07,0.0227255524953482
2015-01-08,0.0638263541313599
2015-01-09,-0.0094352705932757
2015-01-12,-0.0317748524392851
2015-01-13,-0.0011263873201959
2015-01-14,-0.0191715178725671
2015-01-15,-0.0360263663869242
2015-01-16,0.0314091059271568
2015-01-20,0.0199675556731324
2015-01-21,0.0028723222441957
2015-01-22,0.0501204485204596
2015-01-23,0.000789503792087
2015-01-26,-0.0119047395207403
2015-01-27,-0.0883291166083601
2015-01-28,-0.0048563467808647
2015-01-29,0.0280001510174803
2015-01-30,-0.0342416416439944
2015-02-02,0.0277197566297699
2015-02-03,0.0348128406181356
2015-02-04,0.0048488972775471
2015-02-05,0.0269944682552756
2015-02-06,-0.0082965378578626
2015-02-09,-0.0042200867807365
2015-02-10,0.0425279399522995
2015-02-11,0.0108400443516194
2015-02-12,0.0438127401850383
2015-02-13,0.0189252444762384
2015-02-17,0.0001990330929213
2015-02-18,0.003316187156817
2015-02-19,0.0089237924100415
2015-02-20,0.016903605453409
2015-02-23,0.0026415275372522
2015-02-24,0.0074541420421401
2015-02-25,-0.0167751710344342
2015-02-26,0.020564410650061
2015-02-27,-0.0129672991037577
2015-03-02,0.0258887971945727
2015-03-03,-0.021406060028319
2015-03-04,-0.0139842206432445
2015-03-05,-0.0026023520508413
2015-03-06,-0.0364621808150015
2015-03-09,0.0136069011888972
2015-03-10,-0.0597075736098462
2015-03-11,-0.0213792782374379
2015-03-12,0.020032025239
2015-03-13,-0.0170770869115962
2015-03-16,0.0353265123454211
2015-03-17,0.0015382681789963
2015-03-18,0.0367215994386453
2015-03-19,-0.0047812315721453
2015-03-20,0.0171867540224952
2015-03-23,0.0
2015-03-24,-0.0084481104539219
2015-03-25,-0.0770832405508371
2015-03-26,0.0011631578554167
2015-03-27,0.0032671905176853
2015-03-30,0.034664870053698
2015-03-31,-0.0272784921781502
2015-04-01,-0.0095633985575646
2015-04-02,0.0058807141705818
2015-04-06,0.0216525601864965
2015-04-07,-0.0048743291407237
2015-04-08,0.0081641955017224
2015-04-09,0.0116892198415949
2015-04-10,0.0095358232634232
2015-04-13,-0.0081359193100751
2015-04-14,-0.0109133516879778
2015-04-15,0.0255113483721205
2015-04-16,-0.0091146733584697
2015-04-17,-0.0430180580900271
2015-04-20,0.0517453283009532
2015-04-21,-0.0031609704605927
2015-04-22,0.0308816951949364
2015-04-23,0.0139752469658283
2015-04-24,0.0233448815638979
2015-04-27,0.0110838681859928
2015-04-28,0.0088591494759311
2015-04-29,-0.0133932860183531
2015-04-30,-0.0413010758558667
2015-05-01,0.0345311944007822
2015-05-04,0.0021951002680771
2015-05-05,-0.045094417342035
2015-05-06,-0.0223302988976245
2015-05-07,0.0184238861538841
2015-05-08,0.040246781554269
2015-05-11,-0.014980762761214
2015-05-12,-0.0143488367722558
2015-05-13,0.0143565038753357
2015-05-14,0.0472885442683401
2015-05-15,-0.0104833500571984
2015-05-18,0.0128280167494696
2015-05-19,-0.0084437173291248
2015-05-20,0.0055923519828151
2015-05-21,0.0101110832020538
2015-05-22,-0.0007505944557183
2015-05-26,-0.0398197929285145
2015-05-27,0.0487741364590161
2015-05-28,-0.0017407370482923
2015-05-29,-0.0209266416327724
2015-06-01,0.0063610421277524
2015-06-02,-0.0060681978517023
2015-06-03,0.0061052456904853
2015-06-04,-0.0265485147572329
2015-06-05,-0.0101298705366983
2015-06-08,-0.0322749418291947
2015-06-09,-0.0065075866393251
2015-06-10,0.0423032871779438
2015-06-11,0.0031422160676193
2015-06-12,-0.0258414994385064
2015-06-15,-0.0179530766782192
2015-06-16,0.0163710292579917
2015-06-17,0.0061745713182483
2015-06-18,0.0224119000357598
2015-06-19,-0.0203549078397546
2015-06-22,0.0189132236680551
2015-06-23,0.0049672219693688
2015-06-24,-0.0135275998572316
2015-06-25,-0.0068565871995437
2015-06-26,-0.0246945768046291
2015-06-29,-0.0642527876678412
2015-06-30,0.0029095696862231
2015-07-01,0.0203077484292018
2015-07-02,0.0008528219423333
2015-07-06,-0.0102272286294472
2015-07-07,0.0037314440895572
2015-07-08,-0.0486131885080873
2015-07-09,-0.0117222737385873
2015-07-10,0.0471412149668937
2015-07-13,0.0455997593063013
2015-07-14,0.0113888706614975
2015-07-15,0.0005491371935675
2015-07-16,0.0378808978798355
2015-07-17,0.0444327302219174
2015-07-20,0.0144341484757326
2015-07-21,-0.0162257712133535
2015-07-22,-0.048464831499925
2015-07-23,-0.008266669481931
2015-07-24,-0.0155954909575014
2015-07-27,-0.0262224654909796
2015-07-28,0.0258064705919125
2015-07-29,0.0207821546263997
2015-07-30,0.0037502089458314
2015-07-31,-0.0085401597141132
2015-08-03,-0.0156123539855085
2015-08-04,-0.0185944990290907
2015-08-05,0.0261912129707388
2015-08-06,-0.0263373386440071
2015-08-07,0.0
2015-08-10,0.0479642383919061
2015-08-11,-0.0444383049766665
2015-08-12,0.0119743432900616
2015-08-13,-0.0060538041047604
2015-08-14,0.0124582699167692
2015-08-17,0.0175006712304361
2015-08-18,-0.0142433585259796
2015-08-19,-0.0207198284630508
2015-08-20,-0.0707127345022721
2015-08-21,-0.1129418724715388
2015-08-24,-0.1111109340201629
2015-08-25,-0.032295040456087
2015-08-26,0.147232258965722
2015-08-27,0.0701573089641227
2015-08-28,0.0035176306626987
2015-08-31,-0.0232632830278094
2015-09-01,-0.0952691547693387
2015-09-02,0.07140288798595
2015-09-03,0.0
2015-09-04,-0.0454391382531224
2015-09-08,0.0800423079991645
2015-09-09,-0.0359124974299548
2015-09-10,0.0250592198254124
2015-09-11,0.015857185978962
2015-09-14,-0.0068291253007006
2015-09-15,0.038965357058817
2015-09-16,0.0116607444793848
2015-09-17,-0.0211837446450522
2015-09-18,-0.038828887540794
2015-09-21,0.0304636865470087
2015-09-22,-0.0472366891931853
2015-09-23,0.0037101794367562
2015-09-24,0.001680139231925
2015-09-25,-0.0046963407645227
2015-09-28,-0.069430449416468
2015-09-29,-0.0108658328971528
2015-09-30,0.0552913670024775
2015-10-01,0.0017348479183372
2015-10-02,0.0398336703783392
2015-10-05,0.0592939116570359
2015-10-06,0.0059746417820272
2015-10-07,0.0125039811024871
2015-10-08,0.0169805471282082
2015-10-09,0.0106253418071391
2015-10-12,0.0039052609186995
2015-10-13,-0.0071814791096475
2015-10-14,-0.0039178916366581
2015-10-15,0.0347955455685342
2015-10-16,0.0084796320481657
2015-10-19,0.0098579794475484
2015-10-20,-0.0080393038319234
2015-10-21,-0.0231546837566093
2015-10-22,0.0672591824500272
2015-10-23,0.0813438190100555
2015-10-26,-0.0074455298549518
2015-10-27,-0.0178479184413706
2015-10-28,0.0426654933676704
2015-10-29,-0.0070726524678522
2015-10-30,-0.0180615574812703
2015-11-02,0.0256478284001808
2015-11-03,0.0149026492082784
2015-11-04,0.0014933606591929
2015-11-05,-0.0057158393781829
2015-11-06,0.0082479894759777
2015-11-09,-0.0275159701633777
2015-11-10,-0.0175887897112484
2015-11-11,-0.0023352940152036
2015-11-12,-0.0262676163902322
2015-11-13,-0.0600963704938418
2015-11-16,0.046035904712554
2015-11-17,0.0
2015-11-18,0.0442813842499949
2015-11-19,0.0124869837732233
2015-11-20,0.0210688274545902
2015-11-23,-0.0143432130552169
2015-11-24,0.0002553558120521
2015-11-25,-0.0096987015243091
2015-11-27,0.0048967424290238
2015-11-30,0.0041036133799878
2015-12-01,0.0265645435970725
2015-12-02,-0.0184126406323186
2015-12-03,-0.0380225395107363
2015-12-04,0.0719364752838382
2015-12-07,-0.0130285950431013
2015-12-08,-0.0072227383534021
2015-12-09,-0.0436527016767749
2015-12-10,0.0070827266795452
2015-12-11,-0.062516100463065
2015-12-14,0.020561084947033
2015-12-15,0.0138851423673047
2015-12-16,0.0424274131479633
2015-12-17,-0.0468830359864282
2015-12-18,-0.05918912277201
2015-12-21,0.0313129214108118
2015-12-22,0.0211697894939792
2015-12-23,0.0245499546865131
2015-12-24,-0.0021298540876836
2015-12-28,-0.000266939911658
2015-12-29,0.0376301049796186
2015-12-30,-0.0226337295931413
2015-12-31,-0.0413158558365246
2016-01-04,-0.0419983179398779
2016-01-05,-0.0094555717865378
2016-01-06,-0.0338442277120997
2016-01-07,-0.0886228384415082
2016-01-08,-0.0239816609611974
2016-01-11,0.0188489479978111
2016-01-12,0.033036027877854
2016-01-13,-0.0764309522655657
2016-01-14,0.0557478604797387
2016-01-15,-0.0875697603556954
2016-01-19,0.0043132988480529
2016-01-20,-0.0229061192837688
2016-01-21,0.0168499243558433
2016-01-22,0.0803313556264533
2016-01-25,-0.0363454522724431
2016-01-26,0.0301037029510571
2016-01-27,-0.0621431310392616
2016-01-28,0.0401145868117363
2016-01-29,0.0936643040689129
2016-02-01,0.0122792649265008
2016-02-02,-0.0553654988167099
2016-02-03,-0.0049388332806002
2016-02-04,0.0049633464210878
2016-02-05,-0.0842937435603472
2016-02-08,-0.0438689676186339
2016-02-09,-0.0154195038615562
2016-02-10,0.0072578072853475
2016-02-11,-0.0094808466654476
2016-02-12,0.0413478544542031
2016-02-16,0.0540440398256174
2016-02-17,0.0610393828901856
2016-02-18,-0.012163074820626
2016-02-19,0.0033278503170584
2016-02-22,0.0384743984462061
2016-02-23,-0.0466305784566868
2016-02-24,0.0237855891668206
2016-02-25,0.0366493610915741
2016-02-26,-0.0082071259847797
2016-02-29,-0.0181411199441922
2016-03-01,0.0842783893069418
2016-03-02,0.0095668248074032
2016-03-03,-0.0011847539096878
2016-03-04,0.0071154006995075
2016-03-07,-0.016779412363992
2016-03-08,-0.0182636444332244
2016-03-09,0.0237877447002861
2016-03-10,-0.0008935470765211
2016-03-11,0.0456171289852675
2016-03-14,0.0039919570255886
2016-03-15,0.0099404722856168
2016-03-16,0.0340271085263412
2016-03-17,0.014957984391656
2016-03-18,0.0018753957422228
2016-03-21,0.0101630149419844
2016-03-22,0.0023830416288148
2016-03-23,-0.0174328228472435
2016-03-24,0.0051076381708805
2016-03-28,-0.0050816827739719
2016-03-29,0.0446237861870912
2016-03-30,0.0180133845636205
2016-03-31,-0.0032861036975376
2016-04-01,0.0213035920284363
2016-04-04,-0.0116712829211691
2016-04-05,-0.0293969873577005
2016-04-06,0.0266633392099999
2016-04-07,-0.0408473472272749
2016-04-08,-0.0005258825901984
2016-04-11,-0.0057863040254564
2016-04-12,0.0164022605180698
2016-04-13,0.0333158840309948
2016-04-14,-0.0012596017141096
2016-04-15,-0.0118535887189161
2016-04-18,0.0117406249956084
2016-04-19,-0.0158929684251853
2016-04-20,0.0053832561558764
2016-04-21,-0.0096890770177973
2016-04-22,-0.0491760840082378
2016-04-25,-0.0032492820845839
2016-04-26,-0.0124966123104985
2016-04-27,-0.0151307435506375
2016-04-28,-0.0396649416528978
2016-04-29,-0.0241419010446832
2016-05-02,0.0190760727414129
2016-05-03,-0.0239836625921302
2016-05-04,-0.010188609245174
2016-05-05,-0.0003028242829354
2016-05-06,0.0211993568493558
2016-05-09,-0.0008897275845874
2016-05-10,0.0400711388670187
2016-05-11,-0.0191211132787612
2016-05-12,-0.0078556550746405
2016-05-13,-0.0117302751754666
2016-05-16,0.0370922312241046
2016-05-17,-0.0268957884686982
2016-05-18,0.0079389625809618
2016-05-19,-0.0175027910498867
2016-05-20,0.0308786801290332
2016-05-23,-0.0037439636326566
2016-05-24,0.0592656599260066
2016-05-25,0.0215609826886162
2016-05-26,0.0069463473678017
2016-05-27,0.0164499221172098
2016-05-31,0.0041764523396408
2016-06-01,-0.0080582301485543
2016-06-02,-0.0036688464649006
2016-06-03,-0.0097315332571287
2016-06-06,0.0098271666562674
2016-06-07,0.0102578304638918
2016-06-08,0.0072900022825839
2016-06-09,0.0012920767781066
2016-06-10,-0.026071184690236
2016-06-13,-0.0302147136095635
2016-06-14,0.0035529077214908
2016-06-15,-0.004357366764445
2016-06-16,0.0062910333501859
2016-06-17,-0.0236476526269092
2016-06-20,0.0155901890660141
2016-06-21,0.0189144151713196
2016-06-22,-0.010492263868692
2016-06-23,0.043229851068856
2016-06-24,-0.1157153022732245
2016-06-27,-0.0589447688356726
2016-06-28,0.0544941003050372
2016-06-29,0.0481139944595023
2016-06-30,0.0328705913259201
2016-07-01,0.0071331076088783
2016-07-05,-0.0220648060116283
2016-07-06,0.0178274294661688
2016-07-07,0.0002733764488414
2016-07-08,0.0484269153860699
2016-07-11,0.0167013803887288
2016-07-12,0.0243841101664545
2016-07-13,0.0010021557351982
2016-07-14,0.0207763246319592
2016-07-15,-0.0034332607818764
2016-07-18,0.0187006104337652
2016-07-19,-0.0043478073635215
2016-07-20,0.0373602723448167
2016-07-21,-0.0154345343360062
2016-07-22,0.0168644135403304
2016-07-25,-0.0042043005016878
2016-07-26,0.0072715667857674
2016-07-27,0.0221237627737191
2016-07-28,0.0068352209545821
2016-07-29,0.007015283873367
2016-08-01,0.0065169893502972
2016-08-02,-0.0227728776572454
2016-08-03,0.0098238695038588
2016-08-04,0.0153846938661716
2016-08-05,0.0294118299973722
2016-08-08,0.0012987711670304
2016-08-09,0.0051881194897482
2016-08-10,-0.0088174708432676
2016-08-11,0.0114996523755135
2016-08-12,-0.0045050268622335
2016-08-15,0.0127129186202825
2016-08-16,-0.0193617234916101
2016-08-17,-0.0013017572813136
2016-08-18,-0.0013035679805062
2016-08-19,0.002827950812454
2016-08-22,-0.0013015886593101
2016-08-23,0.0108603286902311
2016-08-24,-0.0143964109643246
2016-08-25,0.0043601170181741
2016-08-26,0.0015193762874405
2016-08-29,0.0104036837022858
2016-08-30,-0.0087949983887721
2016-08-31,-0.0028131500324367
2016-09-01,0.0071613325367698
2016-09-02,0.0124974549983831
2016-09-06,0.0151096499132434
2016-09-07,0.00607946072722
2016-09-08,-0.0227128546138231
2016-09-09,-0.0729211784712431
2016-09-12,0.0512881013532038
2016-09-13,-0.0238462164986652
2016-09-14,0.0161364283248082
2016-09-15,0.0496248942362271
2016-09-16,-0.0128176113047169
2016-09-19,-0.0076625778080576
2016-09-20,-0.0008581967632597
2016-09-21,0.0330611875014423
2016-09-22,0.0182877652983488
2016-09-23,-0.02387760478924
2016-09-26,-0.0200709599213373
2016-09-27,0.0326431658426946
2016-09-28,0.006611674648447
2016-09-29,-0.0168309526794935
2016-09-30,0.0129437477524223
2016-10-03,-0.0090683377221451
2016-10-04,-0.0095675025553038
2016-10-05,0.0102900003281418
2016-10-06,0.0068591587949975
2016-10-07,-0.0080512519298387
2016-10-10,0.020187501596016
2016-10-11,-0.0320277342856216
2016-10-12,0.003161115789334
2016-10-13,-0.0176471268641301
2016-10-14,0.0113343181461118
2016-10-17,-0.0069778757097629
2016-10-18,0.0181004589990547
2016-10-19,0.0016732337655416
2016-10-20,-0.0121115567512287
2016-10-21,0.006130244163472
2016-10-24,0.0302517453629116
2016-10-25,-0.0097874958071537
2016-10-26,-0.015650969947857
2016-10-27,-0.0073219307430588
2016-10-28,-0.0033722988787736
2016-10-31,0.0004226865120866
2016-11-01,-0.0259984243513528
2016-11-02,-0.0190972660806235
2016-11-03,-0.0254423238801995
2016-11-04,-0.0104429234186013
2016-11-07,0.0651527928313739
2016-11-08,0.0150762922979936
2016-11-09,-0.005092127929367
2016-11-10,-0.0486245981564091
2016-11-11,0.0127775653486119
2016-11-14,-0.0480301156611767
2016-11-15,0.0432458918140097
2016-11-16,0.0271894450821941
2016-11-17,0.0197440013870848
2016-11-18,-0.0042552882898965
2016-11-21,0.0303419842938852
2016-11-22,0.0095393983142202
2016-11-23,-0.0131471825650131
2016-11-25,0.0116571102238021
2016-11-28,0.0041151965888137
2016-11-29,0.002254130486196
2016-11-30,-0.0365978950943607
2016-12-01,-0.0623938080258319
2016-12-02,0.0104120773735822
2016-12-05,0.0288978183592552
2016-12-06,0.0091442715013851
2016-12-07,0.0560948615384511
2016-12-08,0.0108274414876277
2016-12-09,0.0185933842523944
2016-12-12,-0.0071429299715073
2016-12-13,0.0355716111595296
2016-12-14,-0.0086838173501287
2016-12-15,0.0110959040024956
2016-12-16,-0.0188678978606381
2016-12-19,0.0202118703103124
2016-12-20,0.0101941284894084
2016-12-21,-0.0053313242606903
2016-12-22,-0.007082860727729
2016-12-23,0.0013498872869894
2016-12-27,0.0130919942778051
2016-12-28,-0.0248956399471049
2016-12-29,-0.0009742320577226
2016-12-30,-0.0257512318924343
2017-01-03,0.0288345837346055
2017-01-04,0.0089530094066505
2017-01-05,0.005401154880344
2017-01-06,0.0199540907817767
2017-01-09,0.0030097794899799
2017-01-10,-0.0020628482273381
2017-01-11,0.0137191575176873
2017-01-12,-0.0033372205518891
2017-01-13,0.0048365378753703
2017-01-17,-0.0090706031599226
2017-01-18,0.0074721928241088
2017-01-19,-0.0066751931686345
2017-01-20,0.0177334048671793
2017-01-23,0.0027515770906128
2017-01-24,0.0210349802257239
2017-01-25,0.0272306051124504
2017-01-26,-0.0052318661075376
2017-01-27,0.0101682375437963
2017-01-30,-0.0241234883517335
2017-01-31,-0.015294372943112
2017-02-01,0.0186020757025036
2017-02-02,-0.0033687745448054
2017-02-03,0.0185021725611929
2017-02-06,0.0017467577680849
2017-02-07,0.0122055263169202
2017-02-08,0.0058570950467029
2017-02-09,0.0106183498923158
2017-02-10,0.0061006337091691
2017-02-13,0.0138116674625927
2017-02-14,0.0107990352148663
2017-02-15,0.0103551142435955
2017-02-16,0.0079712715186797
2017-02-17,0.0069398985305471
2017-02-21,0.0174709219989293
2017-02-22,0.0042533306922278
2017-02-23,-0.0021962514927987
2017-02-24,0.0075461435786101
2017-02-27,-0.0026525945493562
2017-02-28,-0.0126720761492744
2017-03-01,0.0411980245075394
2017-03-02,-0.018414264165988
2017-03-03,0.0026356517177303
2017-03-06,-0.0030926824434931
2017-03-07,0.0009307155741176
2017-03-08,0.0024794649627783
2017-03-09,-0.0010822906464295
2017-03-10,0.015939374095474
2017-03-13,0.0045699345352785
2017-03-14,-0.0090979724400434
2017-03-15,0.0200459580786191
2017-03-16,0.0063006549150725
2017-03-17,0.001788848774505
2017-03-20,0.0025297552512515
2017-03-21,-0.0412644442989816
2017-03-22,0.0182688723115171
2017-03-23,-0.0088184744680177
2017-03-24,0.0012269799490047
2017-03-27,0.0
2017-03-28,0.0191512206761168
2017-03-29,0.0064643205451644
2017-03-30,0.0046304008844755
2017-03-31,-0.0046090590931738
2017-04-03,-0.002987282140304
2017-04-04,0.0011985402271799
2017-04-05,-0.0094270582865676
2017-04-06,-0.0021146537257494
2017-04-07,-0.0009083140942676
2017-04-10,-0.0054544420258271
2017-04-11,-0.0114260548176784
2017-04-12,-0.0104794060382362
2017-04-13,-0.0116801968043788
2017-04-17,0.0256852683914674
2017-04-18,-0.00107547862021
2017-04-19,-0.0026143315401757
2017-04-20,0.0259057122441572
2017-04-21,-0.0042085658584951
2017-04-24,0.034867865234776
2017-04-25,0.0161904220697648
2017-04-26,-0.0031579384693474
2017-04-27,0.013822884840702
2017-04-28,0.0049710909649323
2017-05-01,0.0219048869655871
2017-05-02,0.0060849258726209
2017-05-03,-0.0061855038493169
2017-05-04,-0.0008297751252114
2017-05-05,0.0116279508663657
2017-05-08,0.0123149991253388
2017-05-09,0.0033792495253557
2017-05-10,0.0117203609403528
2017-05-11,-0.0033288532946647
2017-05-12,0.0081496399176341
2017-05-15,0.0140471932436383
2017-05-16,0.0147672973886601
2017-05-17,-0.0826786914139657
2017-05-18,0.0209182631202924
2017-05-19,0.0152640193525186
2017-05-22,0.0249219931486499
2017-05-23,0.003039827934111
2017-05-24,0.0111988447639861
2017-05-25,0.0243646850588148
2017-05-26,-0.000890262180478
2017-05-30,0.0112031464911721
2017-05-31,-0.0060433154334973
2017-06-01,0.0067131509614466
2017-06-02,0.0275542355939295
2017-06-05,0.0035508204434391
2017-06-06,-0.0050025924013211
2017-06-07,0.0074802740516652
2017-06-08,0.0082763833893333
2017-06-09,-0.0759293070135704
2017-06-12,-0.0178968825452564
2017-06-13,0.021282169657105
2017-06-14,-0.0135450822527071
2017-06-15,-0.0138633738626759
2017-06-16,-0.0073636645799428
2017-06-19,0.0457242577466028
2017-06-20,-0.0224430531983232
2017-06-21,0.0150416140991522
2017-06-22,0.001299907757057
2017-06-23,0.0170064053970453
2017-06-26,-0.0155732239317191
2017-06-27,-0.0483659277466423
2017-06-28,0.036517222418152
2017-06-29,-0.0528460773898901
2017-06-30,-0.00222082375058
2017-07-03,-0.0219778696855305
2017-07-05,0.028587467356693
2017-07-06,-0.0261337010858196
2017-07-07,0.0326564097463177
2017-07-10,0.0219991600622202
2017-07-11,0.008879377758558
2017-07-12,0.0370715565937993
2017-07-13,0.0054006291451791
2017-07-14,0.0251949305940655
2017-07-17,0.0023703110801887
2017-07-18,0.0128188796403481
2017-07-19,0.0140085317453286
2017-07-20,0.0082403401949775
2017-07-21,-0.0057691003563925
2017-07-24,0.0091873750216715
2017-07-25,-0.0061092948265369
2017-07-26,0.010726916362461
2017-07-27,-0.0119246118120099
2017-07-28,-0.0041032324401851
2017-07-31,-0.0115125455508205
2017-08-01,0.0122595135652223
2017-08-02,0.0105364787011212
2017-08-03,-0.0101870593766262
2017-08-04,0.008233484793662
2017-08-07,0.0163325591998044
2017-08-08,-0.0048446409342851
2017-08-09,0.0009497989981255
2017-08-10,-0.0593120488303832
2017-08-11,0.0201767306320863
2017-08-14,0.0462299817191278
2017-08-15,0.007325329025237
2017-08-16,0.0062160078407678
2017-08-17,-0.0581653525625001
2017-08-18,-0.0037126820582882
2017-08-21,-0.0001244799736735
2017-08-22,0.0427383635497065
2017-08-23,-0.0050042521586296
2017-08-24,-0.0050292322752448
2017-08-25,-0.0015643897955261
2017-08-28,0.0087992508188163
2017-08-29,0.0111121908790849
2017-08-30,0.0197354347977503
2017-08-31,0.0187739417967394
2017-09-01,-0.001251297420298
2017-09-05,-0.0273350111063525
2017-09-06,0.0021078422674043
2017-09-07,0.0091142804834023
2017-09-08,-0.0244323974584871
2017-09-11,0.0414241200730738
2017-09-12,0.0084342054165234
2017-09-13,-0.0055382031117767
2017-09-14,-0.0097739283326701
2017-09-15,0.0117070372999434
2017-09-18,0.0013609131097607
2017-09-19,0.0165403225087845
2017-09-20,-0.0132619732348204
2017-09-21,-0.0169416973879523
2017-09-22,0.0025277905445488
2017-09-25,-0.0358698735175205
2017-09-26,0.0082016299047227
2017-09-27,0.0301812296902344
2017-09-28,0.0056079245224367
2017-09-29,0.0194607518638516
2017-10-02,0.0034607702880209
2017-10-03,0.0080095192083442
2017-10-04,-0.0035315006921912
2017-10-05,0.0283529441690812
2017-10-06,0.0058159760656297
2017-10-09,0.0067458458337505
2017-10-10,0.0023397375692517
2017-10-11,0.0112478360985719
2017-10-12,-0.0068205042764745
2017-10-13,0.0134181272194158
2017-10-16,0.0106339407934155
2017-10-17,-0.0012381618689201
2017-10-18,0.0078495717548865
2017-10-19,-0.0091205778153602
2017-10-20,0.0186163303994348
2017-10-23,-0.0121840998588274
2017-10-24,0.007503358067495
2017-10-25,-0.0134668289944461
2017-10-26,0.0099277133626003
2017-10-27,0.0788451227331736
2017-10-30,0.0105353014518414
2017-10-31,0.01183421694646
2017-11-01,-0.0009283127604065
2017-11-02,0.0021370252982013
2017-11-03,0.0228074528653752
2017-11-06,0.0056201105655986
2017-11-07,0.0022531579660831
2017-11-08,0.0163683970707924
2017-11-09,-0.0226529399405931
2017-11-10,-0.0019012018790023
2017-11-13,-0.0007256651042225
2017-11-14,-0.0067175623099077
2017-11-15,-0.0226650651657643
2017-11-16,0.0403966080841464
2017-11-17,-0.0168075282524378
2017-11-20,0.0100559071623771
2017-11-21,0.0305004710231762
2017-11-22,-0.0036887089933005
2017-11-24,0.0150740505545645
2017-11-27,0.0003472702581375
2017-11-28,0.0081604306877789
2017-11-29,-0.0650995370332742
2017-11-30,0.0253294495674714
2017-12-01,-0.0144628430072282
2017-12-04,-0.0489471617928308
2017-12-05,0.0006707103609724
2017-12-06,0.0188678468265717
2017-12-07,0.0183307404193215
2017-12-08,0.0148620296677164
2017-12-11,0.0243769728719407
2017-12-12,-0.0015982414222681
2017-12-13,0.0021343065788743
2017-12-14,-0.0043484055598089
2017-12-15,0.0349405763512957
2017-12-18,0.0257516172212155
2017-12-19,-0.0188090275160593
2017-12-20,0.0
2017-12-21,-0.0061668522247495
2017-12-22,-0.0030165487579514
2017-12-26,-0.0200552693504542
2017-12-27,0.0034404827175451
2017-12-28,0.0036043393183671
2017-12-29,-0.0174316319355948
2018-01-02,0.0371757049145904
2018-01-03,0.0245829525714229
2018-01-04,0.0171982485757415
2018-01-05,0.0319997677243877
2018-01-08,0.0107089851395509
2018-01-09,-0.0086185770963832
2018-01-10,-0.0110864889537061
2018-01-11,0.0145979751511959
2018-01-12,0.0154211948939935
2018-01-16,-0.011507577174316
2018-01-17,0.0450621374905084
2018-01-18,0.0050773141709126
2018-01-19,0.0038453705536742
2018-01-22,0.0291420465835514
2018-01-23,0.0161292702914475
2018-01-24,-0.0232709082867975
2018-01-25,-0.0066182371959261
2018-01-26,0.0448589652974815
2018-01-29,-0.0257174799066878
2018-01-30,-0.0282865678382783
2018-01-31,0.0240216414546574
2018-02-01,0.0013151956745016
2018-02-02,-0.0894758063621962
2018-02-05,-0.1225552411962145
2018-02-06,0.0851372507319723
2018-02-07,-0.0399863569815553
2018-02-08,-0.1098737954570406
2018-02-09,0.0543787662253079
2018-02-12,0.055031404982625
2018-02-13,0.0067303689993281
2018-02-14,0.0557704668609655
2018-02-15,0.0554909310391276
2018-02-16,-0.0062364394887216
2018-02-20,0.0061166128880569
2018-02-21,-0.0210011694292644
2018-02-22,0.002661276067341
2018-02-23,0.0612885773468325
2018-02-26,0.0475179010196846
2018-02-27,-0.0281433115915695
2018-02-28,-0.0235242556422927
2018-03-01,-0.0487917368219552
2018-03-02,0.0282121508193995
2018-03-05,0.0296202085251049
2018-03-06,0.0068893948136035
2018-03-07,0.01669162219719
2018-03-08,0.0121285050630355
2018-03-09,0.0564079605136085
2018-03-12,0.0095447963358881
2018-03-13,-0.0334337770582876
2018-03-14,-0.0029770314957395
2018-03-15,0.001706368079565
2018-03-16,-0.0046133552470186
2018-03-19,-0.0595364232127407
2018-03-20,-0.0006067237189256
2018-03-21,-0.0183582157883993
2018-03-22,-0.0793662155095925
2018-03-23,-0.0788215076006233
2018-03-26,0.1142699335778139
2018-03-27,-0.0965817744735284
2018-03-28,-0.0199147727811616
2018-03-29,0.0566178876359435
2018-04-02,-0.0693182157467106
2018-04-03,0.0285526861304545
2018-04-04,0.0410922049246658
2018-04-05,0.0127179718294947
2018-04-06,-0.0730988702015872
2018-04-09,0.0212110389508672
2018-04-10,0.0726505518188163
2018-04-11,-0.0162074042958232
2018-04-12,0.0356371884673576
2018-04-13,-0.0111354606626766
2018-04-16,0.023537433178562
2018-04-17,0.055835801027535
2018-04-18,-0.0072862040110855
2018-04-19,-0.0341723601168388
2018-04-20,-0.0446151724239487
2018-04-23,-0.0083818807637472
2018-04-24,-0.0521821799071089
2018-04-25,9.095914704349006e-05
2018-04-26,0.0541405576165685
2018-04-27,-0.0070783676940063
2018-04-30,-0.0197341185555474
2018-05-01,0.0381342159825743
2018-05-02,-0.0035879895658574
2018-05-03,0.0079730769420789
2018-05-04,0.0569874501224243
2018-05-07,0.0210027339041036
2018-05-08,0.0039408574922081
2018-05-09,0.036897233351133
2018-05-10,0.0393702954830688
2018-05-11,-0.0041522898575369
2018-05-14,-0.0008776821343708
2018-05-15,-0.0286990762588144
2018-05-16,0.0137181572393576
2018-05-17,-0.0151684465399201
2018-05-18,-0.0129102625845078
2018-05-21,0.025164502734847
2018-05-22,-0.0050733961736117
2018-05-23,0.0228719007615114
2018-05-24,-0.0040322871795943
2018-05-25,-0.0021347495172731
2018-05-29,-0.0191057597069772
2018-05-30,0.0220348198139634
2018-05-31,0.0003682146561923
2018-06-01,0.0525925417273869
2018-06-04,0.0228513435902661
2018-06-05,0.0127073150042751
2018-06-06,0.0171356704142766
2018-06-07,-0.0270609321113587
2018-06-08,-0.001363591430266
2018-06-11,0.0084646520954891
2018-06-12,0.0100862530882563
2018-06-13,-0.0160838376691362
2018-06-14,0.0196160932190283
2018-06-15,-0.0094857771084894
2018-06-18,0.0019557271368482
2018-06-19,-0.0165824880029624
2018-06-20,0.0076116436067299
2018-06-21,-0.0238193638400442
2018-06-22,-0.0102481154144002
2018-06-25,-0.0618441227981265
2018-06-26,0.011187068226512
2018-06-27,-0.0403920794582398
2018-06-28,0.0351284387486425
2018-06-29,-0.0036626780958169
2018-07-02,0.0298597244230738
2018-07-03,-0.036715962176641
2018-07-05,0.0411402386016948
2018-07-06,0.0361737265607795
2018-07-09,0.0225729005698152
2018-07-10,0.0069922905789865
2018-07-11,-0.0155218703219045
2018-07-12,0.0499274740713839
2018-07-13,-0.0027663206062473
2018-07-16,-0.0068026163111946
2018-07-17,0.0208804520251135
2018-07-18,-0.0044295133407192
2018-07-19,-0.0100759198918491
2018-07-20,-0.0015199876194723
2018-07-23,0.0149600336150974
2018-07-24,0.0174783782922944
2018-07-25,0.0358312348436671
2018-07-26,-0.0445545531559989
2018-07-27,-0.0538213216243813
2018-07-30,-0.0451090472287806
2018-07-31,0.0083870321590233
2018-08-01,0.0247388357539857
2018-08-02,0.0393340246092384
2018-08-03,0.0105459446782016
2018-08-06,0.0167767862354164
2018-08-07,0.0101987523377533
2018-08-08,0.0073950642680229
2018-08-09,0.0012126490119406
2018-08-10,-0.0235256067019086
2018-08-13,-0.0038521776499954
2018-08-14,0.0180901459176587
2018-08-15,-0.0263955079990253
2018-08-16,0.0113734777530034
2018-08-17,0.0047727754135162
2018-08-20,-0.0052706048742785
2018-08-21,0.0040554759391717
2018-08-22,0.0087304909569174
2018-08-23,0.0056189496884793
2018-08-24,0.0303788925600727
2018-08-27,0.0278002756939004
2018-08-28,0.0031535935929611
2018-08-29,0.0279307887213189
2018-08-30,-0.0084691367531345
2018-08-31,0.00237264936355
2018-09-04,-0.0115389930201295
2018-09-05,-0.0403497651193373
2018-09-06,-0.020274458723875
2018-09-07,-0.0101244389877798
2018-09-10,0.0086838976366696
2018-09-11,0.0255088325147032
2018-09-12,-0.0110069631363598
2018-09-13,0.0321932344990063
2018-09-14,-0.0014011055445148
2018-09-17,-0.0382478257624424
2018-09-18,0.0178231674976976
2018-09-19,-0.005857962541598
2018-09-20,0.0339751263629586
2018-09-21,-0.0099429714492068
2018-09-24,0.0106546868916621
2018-09-25,-0.0018430932032128
2018-09-26,-0.0142742448115728
2018-09-27,0.0185481803522202
2018-09-28,0.0116159569044944
2018-10-01,0.0146520384607884
2018-10-02,-0.0004125052725775
2018-10-03,0.0091397425735508
2018-10-04,-0.0519459845343673
2018-10-05,-0.0396301090206077
2018-10-08,-0.0338210854306136
2018-10-09,0.0099634964954191
2018-10-10,-0.1383753412841735
2018-10-11,-0.0433558425613297
2018-10-12,0.093194272839111
2018-10-15,-0.0487557694582709
2018-10-16,0.0900791201382618
2018-10-17,-0.0128810015102802
2018-10-18,-0.0618224100619737
2018-10-19,0.0
2018-10-22,0.0239414796132255
2018-10-23,-0.0109857666668554
2018-10-24,-0.132467484389652
2018-10-25,0.0966344427395449
2018-10-26,-0.0590880360012561
2018-10-29,-0.0496351858960334
2018-10-30,0.031583587199766
2018-10-31,0.0716667037561453
2018-11-01,0.0371080190078481
2018-11-02,-0.0587874198567369
2018-11-05,-0.0026160771572319
2018-11-06,0.0166391004384069
2018-11-07,0.0857860672049573
2018-11-08,-0.0033415029864862
2018-11-09,-0.0483536033940494
2018-11-12,-0.1067094627353976
2018-11-13,0.0031550557689628
2018-11-14,-0.0374800153787201
2018-11-15,0.0745210289305373
2018-11-16,-0.0037169263733427
2018-11-19,-0.1146344659746408
2018-11-20,-0.0634937076545069
2018-11-21,0.0183046387396463
2018-11-23,-0.0276162577149383
2018-11-26,0.0678509692078246
2018-11-27,0.0067700552248763
2018-11-28,0.1029779831028445
2018-11-29,-0.0275214478164643
2018-11-30,0.0291956921491933
2018-12-03,0.0652627997049328
2018-12-04,-0.1161575923989579
2018-12-06,0.0061924297920052
2018-12-07,-0.1063654372873729
2018-12-10,0.0437868422926721
2018-12-11,0.0028556936201951
2018-12-12,0.0239588210745025
2018-12-13,0.0036441759426264
2018-12-14,-0.0738584203376007
2018-12-17,-0.0628288022466473
2018-12-18,0.0226775176144602
2018-12-19,-0.0579117405536744
2018-12-20,-0.0548445936312893
2018-12-21,-0.0955029742033575
2018-12-24,-0.0783212900711701
2018-12-26,0.1782192381694067
2018-12-27,0.0275692988146405
2018-12-28,-0.009581941827559
2018-12-31,0.0279356798117254
2019-01-02,0.0003528511665173
2019-01-03,-0.1472421994857564
2019-01-04,0.126878875489772
2019-01-07,0.0261906543299166
2019-01-08,0.0268333271537217
2019-01-09,0.036004854958126
2019-01-10,0.0132284101820554
2019-01-11,-0.0047572097865574
2019-01-14,-0.0272377975545268
2019-01-15,0.043657164778029
2019-01-16,0.0016426146937915
2019-01-17,0.0203344940585712
2019-01-18,0.0447874703023656
2019-01-22,-0.0514822037382287
2019-01-23,0.0108120884961511
2019-01-24,0.0258853076114478
2019-01-25,0.0425400398573503
2019-01-28,-0.0414044468988835
2019-01-29,-0.0304640641117349
2019-01-30,0.0908208660914824
2019-01-31,-0.004439185905613
2019-02-01,0.0185297077054171
2019-02-04,0.0481563548911991
2019-02-05,0.0251529740522447
2019-02-06,0.0095066020908545
2019-02-07,-0.0422422609684079
2019-02-08,0.0165747678358201
2019-02-11,-0.0011054828348376
2019-02-12,0.0404835354312247
2019-02-13,0.0035448387414669
2019-02-14,0.003444546920069
2019-02-15,0.0229712449455821
2019-02-19,0.0022368832274846
2019-02-20,0.0021462178651554
2019-02-21,0.0023131373940055
2019-02-22,0.0366631046418111
2019-02-25,0.0154987475581152
2019-02-26,0.0058452270017097
2019-02-27,-0.0027440673481542
2019-02-28,-0.0085789517886658
2019-03-01,0.0187754725986817
2019-03-04,-0.0102563638793513
2019-03-05,-0.0097957995763027
2019-03-06,-0.016352220817951
2019-03-07,-0.0281771521438702
2019-03-08,-0.0012828696810692
2019-03-11,0.0652565880410906
2019-03-12,0.0166410821059408
2019-03-13,0.020006377937328
2019-03-14,0.0055042497117843
2019-03-15,0.0358521746206832
2019-03-18,0.0122811777385607
2019-03-19,0.0076198034360577
2019-03-20,-0.0101024559472675
2019-03-21,0.0769856847946173
2019-03-22,-0.0730619508628005
2019-03-25,-0.0113341008549308
2019-03-26,0.0162594106224152
2019-03-27,-0.0162942020870919
2019-03-28,0.0110179054627232
2019-03-29,0.0277263216180096
2019-04-01,0.0410444135841965
2019-04-02,0.010601445347826
2019-04-03,0.0239288033998428
2019-04-04,-0.0117181407446407
2019-04-05,0.0121279729082579
2019-04-08,0.011982926622104
2019-04-09,-0.0145531701362634
2019-04-10,0.0212124250767169
2019-04-11,-0.0049302316854878
2019-04-12,0.0198839414703215
2019-04-15,-0.0001296139898363
2019-04-16,0.0145107534174009
2019-04-17,0.015899247341617
2019-04-18,0.0080452692074124
2019-04-22,0.0066093351427267
2019-04-23,0.0339442451748348
2019-04-24,0.0007791551624005
2019-04-25,-0.0029932806614214
2019-04-26,-0.0108675433521492
2019-04-29,0.0005460812316699
2019-04-30,0.0060671928877802
2019-05-01,-0.0075982771676978
2019-05-02,-0.0168924553763386
2019-05-03,0.028246174001969
2019-05-06,-0.0224210296213395
2019-05-07,-0.0656705574700087
2019-05-08,-0.003882852719649
2019-05-09,-0.0202166405369282
2019-05-10,0.0082264991260727
2019-05-13,-0.1124932124218984
2019-05-14,0.0484550187486807
2019-05-15,0.0299721024676513
2019-05-16,0.0313327073911002
2019-05-17,-0.0259826517296992
2019-05-20,-0.0532130096508173
2019-05-21,0.0358794624329015
2019-05-22,-0.0155830357014391
2019-05-23,-0.0522378052861792
2019-05-24,0.0009111338804512
2019-05-28,-0.0114535123285376
2019-05-29,-0.0174170488361391
2019-05-30,0.0184287619847431
2019-05-31,-0.0493021942926171
2019-06-03,-0.0538753994810055
2019-06-04,0.0995653105145626
2019-06-05,0.0420187530678093
2019-06-06,0.0331077874179759
2019-06-07,0.0546592175619349
2019-06-10,0.029634569757295
2019-06-11,0.0016580612268866
2019-06-12,-0.0175449353180947
2019-06-13,0.0085585411982112
2019-06-14,-0.0272618240288574
2019-06-17,0.005357848188219
2019-06-18,0.0519949463622155
2019-06-19,0.0116258395289503
2019-06-20,0.0422443898313098
2019-06-21,-0.014044631632335
2019-06-24,0.0055606062805042
2019-06-25,-0.0554210234623466
2019-06-26,0.0319673074133541
2019-06-27,0.0073937704477853
2019-06-28,0.0033532866090848
2019-07-01,0.0452136206184841
2019-07-02,0.0075416759629072
2019-07-03,0.0201197034653572
2019-07-05,-0.00352189131501
2019-07-08,-0.0241515917625978
2019-07-09,0.0097788341385576
2019-07-10,0.0230156603486777
2019-07-11,0.0117451874613463
2019-07-12,0.0225252361955321
2019-07-15,0.0079078528846106
2019-07-16,-0.0275726526642043
2019-07-17,-0.0072612416481282
2019-07-18,0.0229305777784281
2019-07-19,-0.0169683806289823
2019-07-22,0.037524618803203
2019-07-23,0.0149117839528463
2019-07-24,0.0257677473798094
2019-07-25,-0.0242117024323389
2019-07-26,0.0179654159580575
2019-07-29,-0.0012909603294257
2019-07-30,-0.0206887997777521
2019-07-31,-0.046101916418739
2019-08-01,-0.0139572124049504
2019-08-02,-0.0531672856541836
2019-08-05,-0.1221892434104009
2019-08-06,0.0505279987801596
2019-08-07,0.0184216911348324
2019-08-08,0.0721569585112185
2019-08-09,-0.0358284872341941
2019-08-12,-0.0393865116883322
2019-08-13,0.0742532303678382
2019-08-14,-0.0901468878739495
2019-08-15,-0.005556970596823
2019-08-16,0.0544499308418608
2019-08-19,0.0464682290477278
2019-08-20,-0.0143280398785701
2019-08-21,0.0325813299654234
2019-08-22,-0.0066141786833284
2019-08-23,-0.0977337321383098
2019-08-26,0.0396723563140246
2019-08-27,-0.0050791560263034
2019-08-28,0.0025525427761756
2019-08-29,0.0520955983410558
2019-08-30,-0.0024820261720962
2019-09-03,-0.0348966452397091
2019-09-04,0.0515629598152638
2019-09-05,0.0634384340763569
2019-09-06,-0.0052448973685812
2019-09-09,-0.0212643355562838
2019-09-10,-0.0162797786671867
2019-09-11,0.0302096845416295
2019-09-12,0.0158890253972483
2019-09-13,-0.0214477155590803
2019-09-16,-0.0069338275981959
2019-09-17,0.0103547064359454
2019-09-18,0.0021086014871305
2019-09-19,0.0063113981033477
2019-09-20,-0.0359483950886608
2019-09-23,0.0083735309171022
2019-09-24,-0.0305345335657327
2019-09-25,0.0356944870252284
2019-09-26,0.002202266241791
2019-09-27,-0.0390211493373983
2019-09-30,0.0308406873710651
2019-10-01,-0.0266203481876891
2019-10-02,-0.0579611764686264
2019-10-03,0.0372039940724264
2019-10-04,0.0492342437521566
2019-10-07,-0.0129176615905736
2019-10-08,-0.0536247012452156
2019-10-09,0.0428351381940677
2019-10-10,0.0191807345594614
2019-10-11,0.0410288274558647
2019-10-14,-0.0004068077377361
2019-10-15,0.0328565692520381
2019-10-16,-0.0198185400777736
2019-10-17,-0.0080421499619508
2019-10-18,-0.0294169874492175
2019-10-21,0.0340076876001245
2019-10-22,-0.0410247456673767
2019-10-23,0.0028280690046331
2019-10-24,0.0421790789414415
2019-10-25,0.0352331533537073
2019-10-28,0.0377599706116904
2019-10-29,-0.0273300082481723
2019-10-30,0.0192279031078348
2019-10-31,-0.0025948214114247
2019-11-01,0.0350641708308823
2019-11-04,0.0157077208337717
2019-11-05,-0.0041756699192885
2019-11-06,0.0009318415675292
2019-11-07,0.0214623767043669
2019-11-08,0.0167082534854112
2019-11-11,0.0017926627762379
2019-11-12,0.0085500663825028
2019-11-13,0.0086253882209916
2019-11-14,-0.0042025935651277
2019-11-15,0.0236528351742326
2019-11-18,0.0091086857621713
2019-11-19,0.006128151507003
2019-11-20,-0.0198309027093226
2019-11-21,-0.0132954702886888
2019-11-22,-0.0039058834294545
2019-11-25,0.0419057046369504
2019-11-26,0.0009406514751093
2019-11-27,0.0174830811023642
2019-11-29,-0.0101618373819372
2019-12-02,-0.0399907292323629
2019-12-03,-0.0260531320880313
2019-12-04,0.0104304801126391
2019-12-05,0.0102240618317257
2019-12-06,0.0334427319815253
2019-12-09,-0.0154706776553474
2019-12-10,0.000961202254367
2019-12-11,0.0204031093251662
2019-12-12,0.0323691746836316
2019-12-13,0.0201429302339839
2019-12-16,0.0258654999213878
2019-12-17,-0.0067932236983743
2019-12-18,0.000262963051226
2019-12-19,0.019505724743311
2019-12-20,0.0157788650649128
2019-12-23,0.0110989049443612
2019-12-24,0.0009212942859615
2019-12-26,0.0210887412818678
2019-12-27,0.0012294094390632
2019-12-30,-0.0178039088329728
2019-12-31,0.0073755218061111
2020-01-02,0.0557603901298597
2020-01-03,-0.0317362877978439
2020-01-06,0.0070004974545254
2020-01-07,-0.0035360968185919
2020-01-08,0.0330266755273673
2020-01-09,0.0338448012409464
2020-01-10,-0.0069476723485988
2020-01-13,0.0405324729832716
2020-01-14,-0.0188555104560522
2020-01-15,0.0042456496530063
2020-01-16,0.0407951272559796
2020-01-17,0.0199544514087168
2020-01-21,-0.0014322970922754
2020-01-22,0.010810652565123
2020-01-23,0.0139484696387752
2020-01-24,-0.0158047335827584
2020-01-27,-0.0705466302569931
2020-01-28,0.0556385127850451
2020-01-29,0.0065042971509301
2020-01-30,0.0278158984167904
2020-01-31,-0.0827269724404172
2020-02-03,0.0384817173304201
2020-02-04,0.0802810833251819
2020-02-05,0.0173667674157043
2020-02-06,0.0259156805867399
2020-02-07,-0.0264063625595665
2020-02-10,0.039245815062354
2020-02-11,-0.0098102773891979
2020-02-12,0.0313422544012755
2020-02-13,-0.0074203115084944
2020-02-14,0.0128732540840033
2020-02-18,-0.010045427770737
2020-02-19,0.0326694877789828
2020-02-20,-0.0298682672803123
2020-02-21,-0.067782590837303
2020-02-24,-0.1257453266294791
2020-02-25,-0.0946500350381002
2020-02-26,0.0100447931706835
2020-02-27,-0.1624265608076254
2020-02-28,0.02701093783113
2020-03-02,0.1716762567039771
2020-03-03,-0.1175381209735569
2020-03-04,0.133379615698624
2020-03-05,-0.0973771767092347
2020-03-06,-0.0615239481190756
2020-03-09,-0.2235539094181335
2020-03-10,0.1899257280375341
2020-03-11,-0.1378677109655537
2020-03-12,-0.2943040352321573
2020-03-13,0.3551449411758363
2020-03-16,-0.3616383460072806
2020-03-17,0.0854207355608673
2020-03-18,-0.0949712192334002
2020-03-19,-0.0127996711483419
2020-03-20,-0.1232764832332758
2020-03-23,-0.0242954819029116
2020-03-24,0.2901670523705277
2020-03-25,-0.0056075636995985
2020-03-26,0.1856201250211764
2020-03-27,-0.1304004382140062
2020-03-30,0.120054833683056
2020-03-31,-0.0539594502790951
2020-04-01,-0.1426358685894234
2020-04-02,0.0684326821213856
2020-04-03,-0.048741541627596
2020-04-06,0.2557012561753677
2020-04-07,-0.0230363342102416
2020-04-08,0.0769355339537132
2020-04-09,0.0011209650650272
2020-04-13,0.0085840292800227
2020-04-14,0.1248519580573699
2020-04-15,-0.0640831817180682
2020-04-16,0.0322671368799281
2020-04-17,0.0418823048239707
2020-04-20,-0.0509184867135289
2020-04-21,-0.1249310729676528
2020-04-22,0.1153786121319713
2020-04-23,-0.0203923571814422
2020-04-24,0.0602897107791051
2020-04-27,0.0300270635908681
2020-04-28,-0.0411555226292199
2020-04-29,0.1229194116443812
2020-04-30,-0.0144565419332959
2020-05-01,-0.0852756282771709
2020-05-04,0.0393421769302624
2020-05-05,0.0478557117493345
2020-05-06,0.0195907393496015
2020-05-07,0.0482193198143714
2020-05-08,0.0420316985867801
2020-05-11,0.0210643108386285
2020-05-12,-0.0649074190861989
2020-05-13,-0.0523382259888506
2020-05-14,0.0411740260969264
2020-05-15,0.0114177410824851
2020-05-18,0.0754352158478666
2020-05-19,-0.0117545692534446
2020-05-20,0.0636201784369927
2020-05-21,-0.0371893515475149
2020-05-22,0.0083736171769037
2020-05-26,0.000107137242808
2020-05-27,0.0144632020213952
2020-05-28,-0.0076037480330501
2020-05-29,0.0357028888495032
2020-06-01,0.0013871429283183
2020-06-02,0.028627163742612
2020-06-03,0.0229927189498915
2020-06-04,-0.0249136395671565
2020-06-05,0.0774000298416057
2020-06-08,0.0175883893616177
2020-06-09,0.0126330894888508
2020-06-10,0.0528732757591092
2020-06-11,-0.1732397222509191
2020-06-12,0.0349749813398216
2020-06-15,0.0292443277502409
2020-06-16,0.0681430731905401
2020-06-17,-0.0016826122481972
2020-06-18,0.0145300031346178
2020-06-19,-0.0215050946416782
2020-06-22,0.0562059894717745
2020-06-23,0.0217635188103682
2020-06-24,-0.068577100800513
2020-06-25,0.038159435324379
2020-06-26,-0.0574216139223169
2020-06-29,0.0285008476450423
2020-06-30,0.0562383153143903
2020-07-01,0.0029199327093989
2020-07-02,0.018067394847586
2020-07-06,0.0530719833958031
2020-07-07,-0.0298312242060554
2020-07-08,0.0450317478404023
2020-07-09,0.0126437591116657
2020-07-10,-0.001361230645557
2020-07-13,-0.0605673065427971
2020-07-14,0.0306397593109404
2020-07-15,0.0197119826341807
2020-07-16,-0.0373993836051488
2020-07-17,0.0118442828224025
2020-07-20,0.0758232894974018
2020-07-21,-0.0277097029150878
2020-07-22,0.0243947430952564
2020-07-23,-0.0781325897599253
2020-07-24,-0.0363293762858317
2020-07-27,0.0447195907825339
2020-07-28,-0.0330305106581396
2020-07-29,0.0417823974761695
2020-07-30,0.0161720738140476
2020-07-31,0.0779423464443409
2020-08-03,0.0706823245899452
2020-08-04,0.0089975489280158
2020-08-05,0.0082340583208844
2020-08-06,0.0442560820947146
2020-08-07,-0.0434190200543681
2020-08-10,-0.0099735771428443
2020-08-11,-0.0555783457205489
2020-08-12,0.0709309604263686
2020-08-13,-6.775159745675552e-05
2020-08-14,-0.0020327560008904
2020-08-17,0.0215583474509324
2020-08-18,0.0119640876536868
2020-08-19,-0.0067652742609818
2020-08-20,0.0407684302051207
2020-08-21,0.035899363688405
2020-08-24,0.0290733665289826
2020-08-25,0.0146923943549004
2020-08-26,0.0614132193610001
2020-08-27,0.0026284786600885
2020-08-28,0.0246458603991561
2020-08-31,0.0098039906635052
2020-09-01,0.0599341690268728
2020-09-02,0.0255927063425993
2020-09-03,-0.1750950560654992
2020-09-04,-0.0407210487829555
2020-09-08,-0.1337053120393113
2020-09-09,0.0928483670180466
2020-09-10,-0.0624917488258591
2020-09-11,-0.0270402565470403
2020-09-14,0.0634110600757276
2020-09-15,0.0307942580511255
2020-09-16,-0.0458594412391174
2020-09-17,-0.027911426833885
2020-09-18,-0.0515274288563282
2020-09-21,0.0262511614326419
2020-09-22,0.0491273522068458
2020-09-23,-0.0944837616168
2020-09-24,0.0145894422744767
2020-09-25,0.0741576060488233
2020-09-28,0.0565973143797697
2020-09-29,-0.0103150434783088
2020-09-30,0.0249337711818256
2020-10-01,0.0317169565693298
2020-10-02,-0.0769815510064823
2020-10-05,0.0676073957167064
2020-10-06,-0.0472131155862195
2020-10-07,0.0534682677570212
2020-10-08,0.0151239079301355
2020-10-09,0.0477890101211699
2020-10-12,0.080614381046798
2020-10-13,-0.0182041667747325
2020-10-14,-0.0165539632147254
2020-10-15,-0.014349611127613
2020-10-16,-0.0074404023238543
2020-10-19,-0.0548635670309423
2020-10-20,0.0091802961054503
2020-10-21,-0.0030323258971567
2020-10-22,-0.0136246462391608
2020-10-23,-0.0057579587336489
2020-10-26,-0.0651603613502923
2020-10-27,0.016079916410558
2020-10-28,-0.1293020041656357
2020-10-29,0.0511595493868313
2020-10-30,-0.0662518840070048
2020-11-02,0.0057697333332038
2020-11-03,0.055777557546651
2020-11-04,0.114986336800126
2020-11-05,0.0949292157705277
2020-11-06,0.0076985618505676
2020-11-09,-0.0195469064649579
2020-11-10,-0.0589578888837127
2020-11-11,0.0714494129709009
2020-11-12,-0.0274406742004676
2020-11-13,0.0268802323394303
2020-11-16,0.0301665257452983
2020-11-17,-0.0170477938907162
2020-11-18,-0.0334028033055474
2020-11-19,0.0252617437492252
2020-11-20,-0.0311455207628778
2020-11-23,0.0003729788478317
2020-11-24,0.0385056953100602
2020-11-25,0.0066437469226232
2020-11-27,0.0175097404780195
2020-11-30,0.0201887517783303
2020-12-01,0.040380271834461
2020-12-02,-0.0076247871205898
2020-12-03,-0.002385702192293
2020-12-04,0.0307244112019673
2020-12-07,0.0090640307105942
2020-12-08,0.0097044409745234
2020-12-09,-0.0603141299076612
2020-12-10,0.0054672721987469
2020-12-11,-0.0050713861645304
2020-12-14,0.0104774507572098
2020-12-15,0.0485092307491048
2020-12-16,0.0206068450035343
2020-12-17,0.0244588215146581
2020-12-18,-0.0101990947091681
2020-12-21,0.0010845952270555
2020-12-22,0.026855412965745
2020-12-23,-0.0244697614662179
2020-12-24,0.0224053129821084
2020-12-28,0.033047747335736
2020-12-29,-0.0141420089495445
2020-12-30,-0.0020531795470009
2020-12-31,0.0075346333899994
2021-01-04,-0.0503288568479901
2021-01-05,0.0201260887346419
2021-01-06,-0.0548698965864833
2021-01-07,0.0801386032950135
2021-01-08,0.0201711781598861
2021-01-11,-0.0261353082884482
2021-01-12,-0.0124675095272465
2021-01-13,0.0190889554939772
2021-01-14,-0.0267165151061591
2021-01-15,-0.0301844048790026
2021-01-19,0.038819470724541
2021-01-20,0.0591099039783051
2021-01-21,0.037678695349421
2021-01-22,-0.0117035173775729
2021-01-25,0.0269070571286125
2021-01-26,0.0014783811885719
2021-01-27,-0.0566643048486572
2021-01-28,0.0130486820729658
2021-01-29,-0.0713197914723583
2021-02-01,0.0750823161816709
2021-02-02,0.0394421308226053
2021-02-03,-0.0087936459914667
2021-02-04,0.0445197880093719
2021-02-05,-0.0046668089047107
2021-02-08,0.0308222117629259
2021-02-09,-0.0043332447513386
2021-02-10,-0.0047199889160313
2021-02-11,0.0334580381782134
2021-02-12,0.0161454619448957
2021-02-16,-0.0082450550935461
2021-02-17,-0.0291798376058043
2021-02-18,-0.0130385429583343
2021-02-19,-0.0062566062292469
2021-02-22,-0.0645168043257277
2021-02-23,-0.0088640482973947
2021-02-24,0.0459469648210686
2021-02-25,-0.1042116183619525
2021-02-26,0.0161104065030812
2021-03-01,0.0913295548972756
2021-03-02,-0.0467734329294157
2021-03-03,-0.0747731480206759
2021-03-04,-0.0653238556208266
2021-03-05,0.0571822116827553
2021-03-08,-0.0723803604267226
2021-03-09,0.1002816934843937
2021-03-10,-0.0120329234611177
2021-03-11,0.0634880176556562
2021-03-12,-0.0204678998320387
2021-03-15,0.0320897017057788
2021-03-16,0.0236200715596814
2021-03-17,-0.0016483489760801
2021-03-18,-0.0846696358525296
2021-03-19,-0.0123678167037002
2021-03-22,0.0607876286019817
2021-03-23,-0.0191834389168222
2021-03-24,-0.036108156553655
2021-03-25,-0.0010406164989138
2021-03-26,0.075260414369378
2021-03-29,-0.0162267912842403
2021-03-30,-0.0241260699176609
2021-03-31,0.0423813563384656
2021-04-01,0.0595354307627153
2021-04-05,0.0619002353152542
2021-04-06,-0.0107549536161357
2021-04-07,0.0163080448392185
2021-04-08,0.0432176614607975
2021-04-09,0.0276868348567773
2021-04-12,-0.0125724815465544
2021-04-13,0.0276878775835984
2021-04-14,-0.0332349752959413
2021-04-15,0.0524817693553067
2021-04-16,-0.0009664217929711
2021-04-19,-0.0259237840588828
2021-04-20,-0.0258193293479086
2021-04-21,0.0297656355935416
2021-04-22,-0.0344484812022498
2021-04-23,0.0422389720687124
2021-04-26,0.0177060469490635
2021-04-27,-0.0081190653571664
2021-04-28,-0.027869653490373
2021-04-29,-0.0022053435935753
2021-04-30,-0.040586815006141
2021-05-03,-0.0087956227618598
2021-05-04,-0.0551447939685632
2021-05-05,-0.0064849358563993
2021-05-06,0.0303849143857284
2021-05-07,0.0235911354729074
2021-05-10,-0.0738371183252794
2021-05-11,-0.0082946313676437
2021-05-12,-0.0852695715438874
2021-05-13,0.0393699680268468
2021-05-14,0.0650049377177224
2021-05-17,-0.0220283175589625
2021-05-18,-0.0239324750782744
2021-05-19,0.0103364520710194
2021-05-20,0.0568643005692601
2021-05-21,-0.0162091612437262
2021-05-24,0.0524026850357881
2021-05-25,0.0028268164002061
2021-05-26,-0.0004337102695372
2021-05-27,-0.0162688621940475
2021-05-28,0.0094817295794109
2021-06-01,-0.0141981939448279
2021-06-02,0.0192775131836817
2021-06-03,-0.0273911645234563
2021-06-04,0.056772320510164
2021-06-07,0.0
2021-06-08,0.0010576732952478
2021-06-09,0.0016901401566442
2021-06-10,0.022569181525708
2021-06-11,0.0165015042075631
2021-06-14,0.0316558704884464
2021-06-15,-0.0188826534376581
2021-06-16,-0.0166402069054221
2021-06-17,0.0356781003571853
2021-06-18,-0.029133911414238
2021-06-21,0.0330496073709558
2021-06-22,0.0266928915577564
2021-06-23,-0.004396987553754
2021-06-24,0.0201610932971709
2021-06-25,-0.0028231033547562
2021-06-28,0.0309550714417379
2021-06-29,0.0212377283234099
2021-06-30,-0.0028686528907043
2021-07-01,0.0028769057346562
2021-07-02,0.0421297381485878
2021-07-06,0.0106657052814076
2021-07-07,0.0158297579225961
2021-07-08,-0.0278148473356815
2021-07-09,0.0268871554438616
2021-07-12,0.0021818899390868
2021-07-13,0.0137329027115102
2021-07-14,0.0223030892036208
2021-07-15,-0.0260180309754008
2021-07-16,-0.0301975031846783
2021-07-19,-0.0402052552502251
2021-07-20,0.0427807435438898
2021-07-21,0.0295727129708891
2021-07-22,0.0220818627100978
2021-07-23,0.0287525206940171
2021-07-26,-0.0007895572830201
2021-07-27,-0.0287611847129449
2021-07-28,-0.0047184186636385
2021-07-29,0.015040070927446
2021-07-30,-0.0020936868302786
2021-08-02,-0.0119430784910309
2021-08-03,0.02058146949765
2021-08-04,0.0054416869639524
2021-08-05,0.017192076943149
2021-08-06,-0.00344302367002
2021-08-09,-0.0095790852875279
2021-08-10,-0.02188047518686
2021-08-11,0.000324044807783
2021-08-12,0.0173392496257354
2021-08-13,0.0170437900392261
2021-08-16,0.013155938417646
2021-08-17,-0.025815609920326
2021-08-18,-0.0409395067305169
2021-08-19,0.0296163489316247
2021-08-20,0.0385664688219873
2021-08-23,0.0380628165429577
2021-08-24,-0.0029810444782328
2021-08-25,-0.0023917561580911
2021-08-26,-0.018732579626464
2021-08-27,0.0279476088875396
2021-08-30,0.0325360928407436
2021-08-31,-0.0148200178034939
2021-09-01,0.0
2021-09-02,-0.0017527699599688
2021-09-03,0.0117044214285566
2021-09-07,0.0002894448686383
2021-09-08,-0.0124332707588679
2021-09-09,-0.0122967990767074
2021-09-10,-0.0286053946331645
2021-09-13,0.0003049464994751
2021-09-14,-0.0033558463699492
2021-09-15,0.0250998646427162
2021-09-16,0.0026875494760434
2021-09-17,-0.0460095600542035
2021-09-20,-0.0554083171827481
2021-09-21,0.0
2021-09-22,0.0424653381616708
2021-09-23,0.0396259458641146
2021-09-24,0.0024395387040345
2021-09-27,-0.0295058122640137
2021-09-28,-0.0891709815610893
2021-09-29,-0.0041293797450711
2021-09-30,-0.0214236186325663
2021-10-01,0.0437852763268815
2021-10-04,-0.0698579722686201
2021-10-05,0.0429169418094592
2021-10-06,0.02040122458779
2021-10-07,0.0275117413313925
2021-10-08,-0.0106435404635844
2021-10-11,-0.0171457066326458
2021-10-12,-0.0150505187172368
2021-10-13,0.0175376390403743
2021-10-14,0.0670650133580015
2021-10-15,0.0247880332894283
2021-10-18,0.0251249705060581
2021-10-19,0.0286190075207262
2021-10-20,-0.007843561863463
2021-10-21,0.0113365769505007
2021-10-22,-0.0103246673760191
2021-10-25,0.0107303582082807
2021-10-26,0.0081098905396244
2021-10-27,-0.0040954962833829
2021-10-28,0.029372753278507
2021-10-29,0.0138392861879086
2021-11-01,-0.0004220614667996
2021-11-02,0.0237927987313733
2021-11-03,0.0174641768050209
2021-11-04,0.0460876006892922
2021-11-05,0.0136950270810234
2021-11-08,0.0174611274671994
2021-11-09,-0.011775274758826
2021-11-10,-0.0510835605282428
2021-11-11,0.016029780897963
2021-11-12,0.0354982265551371
2021-11-15,-0.0030471218666214
2021-11-16,0.0310750029857247
2021-11-17,-0.0092639177669117
2021-11-18,0.0289239853474962
2021-11-19,0.0236278292532541
2021-11-22,-0.0333808153906414
2021-11-23,-0.0069802508175412
2021-11-24,0.0208411766581837
2021-11-26,-0.0742931765616607
2021-11-29,0.0734698163906895
2021-11-30,-0.0247992712093545
2021-12-01,-0.0417602151666137
2021-12-02,0.027839335328923
2021-12-03,-0.0505000437630446
2021-12-06,0.0301253158336542
2021-12-07,0.1032608846723688
2021-12-08,0.0136051573930922
2021-12-09,-0.032516172998163
2021-12-10,0.0613149244516191
2021-12-13,-0.0464669247215875
2021-12-14,-0.0488497643596855
2021-12-15,0.079032642216829
2021-12-16,-0.084450190179474
2021-12-17,-0.021072379272275
2021-12-20,-0.0349318597052694
2021-12-21,0.0746626492718398
2021-12-22,0.0405173031453751
2021-12-23,0.0158861864594348
2021-12-27,0.064079916763861
2021-12-28,-0.0156904887008061
2021-12-29,0.0022450696342313
2021-12-30,-0.0193774026543059
2021-12-31,-0.0150768422378469
2022-01-03,0.0284122252478575
2022-01-04,-0.0316868868823504
2022-01-05,-0.091999435302097
2022-01-06,-0.0157753539906245
2022-01-07,-0.0293198288639253
2022-01-10,0.0020137112353124
2022-01-11,0.0365755822581526
2022-01-12,0.0127956228923615
2022-01-13,-0.0760592745615617
2022-01-14,0.0237569090310765
2022-01-18,-0.0719103855161902
2022-01-19,-0.0414305151585713
2022-01-20,-0.0400363990539792
2022-01-21,-0.0589256408661819
2022-01-24,0.0156118458166141
2022-01-25,-0.0690909249307843
2022-01-26,0.0165128896068953
2022-01-27,-0.0192139538232449
2022-01-28,0.1289400856975675
2022-01-31,0.0779303707364502
2022-02-01,0.0061468536432827
2022-02-02,0.0239996732155132
2022-02-03,-0.0876417918339648
2022-02-04,0.0119880774423879
2022-02-07,-0.0207693538143813
2022-02-08,0.0378633662912841
2022-02-09,0.0656977303012837
2022-02-10,-0.0779828619738595
2022-02-11,-0.091049196220603
2022-02-14,-0.0003389814893912
2022-02-15,0.0771448233616152
2022-02-16,-0.0039351629197504
2022-02-17,-0.0892857898155856
2022-02-18,-0.030712995147229
2022-02-22,-0.0273899583986483
2022-02-23,-0.0747284657947922
2022-02-24,0.1000596569809602
2022-02-25,0.0424953915465371
2022-02-28,-0.0055504973548193
2022-03-01,-0.0600036286174665
2022-03-02,0.0645759903075116
2022-03-03,-0.036953152981151
2022-03-04,-0.0517646138166315
2022-03-07,-0.1087994220218357
2022-03-08,-0.0149924330083113
2022-03-09,0.1191563047706878
2022-03-10,-0.0542063557653159
2022-03-11,-0.0525883366207088
2022-03-14,-0.0568084144212273
2022-03-15,0.100689661439618
2022-03-16,0.0992064474937115
2022-03-17,0.0203307092824054
2022-03-18,0.0597765159218066
2022-03-21,-0.0043929161125445
2022-03-22,0.0425343934827655
2022-03-23,-0.0460472611848771
2022-03-24,0.0779060641623541
2022-03-25,-0.0026341661436434
2022-03-28,0.0381313875916415
2022-03-29,0.0612179422543499
2022-03-30,-0.0404554351450195
2022-03-31,-0.0405996275636346
2022-04-01,-0.0118815552061843
2022-04-04,0.0571570154479006
2022-04-05,-0.0637270080056788
2022-04-06,-0.0755532561155492
2022-04-07,0.0115209487766914
2022-04-08,-0.0446697754122805
2022-04-11,-0.0750745095464193
2022-04-12,-0.012487353368953
2022-04-13,0.0458901794844575
2022-04-14,-0.07195782422897
2022-04-18,0.0094556801657412
2022-04-19,0.0559951307016768
2022-04-20,-0.0025627769973293
2022-04-21,-0.0507905671963806
2022-04-22,-0.0845301213000051
2022-04-25,0.0450303877060547
2022-04-26,-0.1096844710852011
2022-04-27,0.042776983562923
2022-04-28,0.1195497503385607
2022-04-29,-0.1231154463968787
2022-05-02,0.0458451541628885
2022-05-03,0.003196426320164
2022-05-04,0.1044606540848227
2022-05-05,-0.1419741741720338
2022-05-06,-0.0264169844308724
2022-05-09,-0.1151948115134071
2022-05-10,0.0443267066303803
2022-05-11,-0.0955683956451665
2022-05-12,-0.030991527865843
2022-05-13,0.1011267678063116
2022-05-16,-0.028492428980795
2022-05-17,0.085990836836312
2022-05-18,-0.1350287000847085
2022-05-19,-0.0345560720250235
2022-05-20,0.0050235244996692
2022-05-23,0.0706030598567766
2022-05-24,-0.0461045461170424
2022-05-25,0.0345669848107463
2022-05-26,0.0727384276868621
2022-05-27,0.1008819903114881
2022-05-31,-0.0202805801055644
2022-06-01,-0.0102223931666204
2022-06-02,0.0712627891567854
2022-06-03,-0.0715835168984988
2022-06-06,-0.000519422099887
2022-06-07,0.0374028532044858
2022-06-08,-0.0348022924124973
2022-06-09,-0.0801557416903726
2022-06-10,-0.11505915170886
2022-06-13,-0.1319312648272743
2022-06-14,0.0168870798741305
2022-06-15,0.0628158086462908
2022-06-16,-0.1202445612740684
2022-06-17,0.024710547295724
2022-06-21,0.075357820541265
2022-06-22,-0.0108620414901432
2022-06-23,0.0432164566439512
2022-06-24,0.1076398508913389
2022-06-27,-0.0205392030752599
2022-06-28,-0.0895148267623239
2022-06-29,0.0055000038572925
2022-06-30,-0.0403419040936127
2022-07-01,0.0060563332140697
2022-07-05,0.0375353085307976
2022-07-06,0.0262800947925578
2022-07-07,0.0611905359707647
2022-07-08,0.0025070391110617
2022-07-11,-0.0422008085281031
2022-07-12,-0.0411226591305408
2022-07-13,-0.007828347897639
2022-07-14,0.0260719159459488
2022-07-15,0.0524907665572982
2022-07-18,-0.0282718527980582
2022-07-19,0.0885910292709477
2022-07-20,0.0483485539591412
2022-07-21,0.0418215048829697
2022-07-22,-0.0398681233332144
2022-07-25,-0.0189000231122263
2022-07-26,-0.0504963833885752
2022-07-27,0.1288042818515111
2022-07-28,0.0457518670604095
2022-07-29,0.0442705077247449
2022-08-01,-0.0049873027510877
2022-08-02,-0.0210526326652811
2022-08-03,0.0788527696284338
2022-08-04,0.0128144669605831
2022-08-05,-0.0067946719336806
2022-08-08,-0.0254778783928443
2022-08-09,-0.0305008513105676
2022-08-10,0.0808986952649182
2022-08-11,-0.0127049065326106
2022-08-12,0.0605991179886271
2022-08-15,0.0180893866562794
2022-08-16,-0.0073671568706179
2022-08-17,-0.0207378652715161
2022-08-18,0.0138207097783125
2022-08-19,-0.0547493089551982
2022-08-22,-0.0832752643610914
2022-08-23,-0.0086272118534331
2022-08-24,0.0020475972561269
2022-08-25,0.0495528745253019
2022-08-26,-0.1275248648327966
2022-08-29,-0.0398885830153707
2022-08-30,-0.0325390155886494
2022-08-31,-0.0291290540813753
2022-09-01,-0.0145376391252592
2022-09-02,-0.0392340935637558
2022-09-06,-0.0205815455453117
2022-09-07,0.0473648228478738
2022-09-08,0.0101911009280606
2022-09-09,0.0595837750307077
2022-09-12,0.0467122571710216
2022-09-13,-0.1588970190444152
2022-09-14,0.0125041661071267
2022-09-15,-0.0717622255472389
2022-09-16,-0.0161811531043656
2022-09-19,0.0244881861559373
2022-09-20,-0.01819477921455
2022-09-21,-0.0476017442676022
2022-09-22,-0.0309042464735787
2022-09-23,-0.0389763568266033
2022-09-26,-0.0221221453150317
2022-09-27,0.0050272936720099
2022-09-28,0.0295956109844852
2022-09-29,-0.0777326807395877
2022-09-30,-0.0570676913196217
2022-10-03,0.0898509856094456
2022-10-04,0.099530091141035
2022-10-05,0.0120434561704485
2022-10-06,-0.0249519009735829
2022-10-07,-0.1263780070711798
2022-10-10,-0.0482199735324673
2022-10-11,-0.0464013025501677
2022-10-12,-0.0094339169365914
2022-10-13,0.0907266865790925
2022-10-14,-0.083180037396576
2022-10-17,0.0892228312728424
2022-10-18,0.0253107972003854
2022-10-19,-0.0080789557922378
2022-10-20,0.0
2022-10-21,0.0814477555570503
2022-10-24,0.0401675217456773
2022-10-25,0.0575221788620041
2022-10-26,-0.0673262007586273
2022-10-27,-0.0330341891573383
2022-10-28,0.1277940146062857
2022-10-31,-0.0381450816801187
2022-11-01,-0.0260495678084216
2022-11-02,-0.1037923313385403
2022-11-03,-0.0886416365050021
2022-11-04,0.052786081927509
2022-11-07,0.0506031908918616
2022-11-08,0.0269556127313619
2022-11-09,-0.0765920773555618
2022-11-10,0.2493010044639965
2022-11-11,0.0481163026761988
2022-11-14,-0.0263343247437232
2022-11-15,0.0347221302484737
2022-11-16,-0.0409750177306099
2022-11-17,0.003683451714197
2022-11-18,0.0044035728757196
2022-11-21,-0.0332480747230712
2022-11-22,0.0574450832626356
2022-11-23,0.0260900905514802
2022-11-25,-0.0174155969029249
2022-11-28,-0.0652248705631288
2022-11-29,-0.0288208022956953
2022-11-30,0.1491605926117678
2022-12-01,0.0040773826118096
2022-12-02,-0.0175972105769433
2022-12-05,-0.0502929161816172
2022-12-06,-0.0645627811489535
2022-12-07,-0.0151222275949339
2022-12-08,0.047637814486986
2022-12-09,-0.0199173076824873
2022-12-12,0.0651839771578628
2022-12-13,0.0349172659303189
2022-12-14,-0.0243478542339873
2022-12-15,-0.1115863689742232
2022-12-16,-0.0409311134725557
2022-12-19,-0.04058558525963
2022-12-20,0.0034524077289037
2022-12-21,0.0500872212287388
2022-12-22,-0.0750726863087285
2022-12-23,0.0017936579372979
2022-12-27,-0.0290955601267778
2022-12-28,-0.0488706357334218
2022-12-29,0.0761029109709261
2022-12-30,-0.0045044819938251
2023-01-03,-0.0280544552909136
2023-01-04,0.0079145108867086
2023-01-05,-0.059122559991133
2023-01-06,0.0859106387107457
2023-01-09,0.0339061745796616
2023-01-10,0.0183645951238793
2023-01-11,0.051524179420832
2023-01-12,0.0224581200455926
2023-01-13,0.0079873456159318
2023-01-17,0.0130745661163567
2023-01-18,-0.0379351446508336
2023-01-19,-0.0345529229328143
2023-01-20,0.0783158877424583
2023-01-23,0.0679422218521332
2023-01-24,-0.0014625455383496
2023-01-25,-0.0080557071816188
2023-01-26,0.0479881011860288
2023-01-27,0.0116238847653049
2023-01-30,-0.0560583327765553
2023-01-31,0.0413129720848384
2023-02-01,0.0697839519245617
2023-02-02,0.0814568620510691
2023-02-03,-0.0251071176547332
2023-02-06,-0.0361180414505779
2023-02-07,0.0739655746621479
2023-02-08,-0.0364078934705111
2023-02-09,-0.0151132623008604
2023-02-10,-0.016943766771422
2023-02-13,0.0517073519458715
2023-02-14,0.0095856422084876
2023-02-15,0.0159263625964556
2023-02-16,-0.0527585056776778
2023-02-17,-0.0375557608141422
2023-02-21,-0.0710978104691125
2023-02-22,-0.0053399523162904
2023-02-23,0.0486756836588297
2023-02-24,-0.053583719359576
2023-02-27,0.0155068044762811
2023-02-28,-0.0063919993381322
2023-03-01,-0.0228736168366479
2023-03-02,0.0369423009639049
2023-03-03,0.0627866345651655
2023-03-06,0.0155990750840626
2023-03-07,-0.0382353189988289
2023-03-08,0.024464864467143
2023-03-09,-0.0434493806048319
2023-03-10,-0.0530513222581667
2023-03-13,0.0146465009686347
2023-03-14,0.0689281905769811
2023-03-15,0.0013505294226543
2023-03-16,0.0842885324843905
2023-03-17,-0.0040423198828898
2023-03-20,0.0068686043001706
2023-03-21,0.023529056517616
2023-03-22,-0.0300636941247995
2023-03-23,0.0494678402729611
2023-03-24,0.0062647603226873
2023-03-27,-0.0228282431536902
2023-03-28,-0.01456313547299
2023-03-29,0.0621921268138263
2023-03-30,0.0336230374927433
2023-03-31,0.0426250723183139
2023-04-03,-0.0051103619667
2023-04-04,-0.0159502925969379
2023-04-05,-0.0348902027654772
2023-04-06,0.0153713635746266
2023-04-10,-0.0022427476715806
2023-04-11,-0.0278166755160781
2023-04-12,-0.0164739182804657
2023-04-13,0.0540698436376743
2023-04-14,-0.017842282682206
2023-04-17,0.0107863331458875
2023-04-18,0.0089862199399346
2023-04-19,-0.0089061869848623
2023-04-20,-0.0199382078669857
2023-04-21,-0.0111746758244642
2023-04-24,-0.0130396793288197
2023-04-25,-0.0642984052473786
2023-04-26,0.0448700086117932
2023-04-27,0.0618617792795093
2023-04-28,0.0319570499326296
2023-05-01,0.001918023750288
2023-05-02,-0.0281727267070264
2023-05-03,-0.0258935672938321
2023-05-04,-0.0144466512073508
2023-05-05,0.0735853059761799
2023-05-08,-0.001638536296131
2023-05-09,-0.023249386558612
2023-05-10,0.0355643663007363
2023-05-11,-0.0140617755079667
2023-05-12,-0.0041139799090453
2023-05-15,0.0239604884105344
2023-05-16,0.003496395172807
2023-05-17,0.0393994141011251
2023-05-18,0.0613720891933871
2023-05-19,-0.002915507352058
2023-05-22,0.0051169318305421
2023-05-23,-0.0436364023015199
2023-05-24,-0.0225601238241341
2023-05-25,0.1148859119106133
2023-05-26,0.0837403787283783
2023-05-30,0.0156684939610949
2023-05-31,-0.0251476820589113
2023-06-01,0.029264985335784
2023-06-02,0.0179023926693449
2023-06-05,-0.0180014338926385
2023-06-06,-0.0012641171334597
2023-06-07,-0.0451476014201699
2023-06-08,0.0315950638260102
2023-06-09,0.014135664203174
2023-06-12,0.0646252923396304
2023-06-13,0.0180519048066285
2023-06-14,0.0300078228699054
2023-06-15,0.0385926258459321
2023-06-16,-0.0255009722200859
2023-06-20,-0.0209345699298518
2023-06-21,-0.0448987947843428
2023-06-22,0.0256050933077167
2023-06-23,-0.0347181283660551
2023-06-26,-0.0228327860125566
2023-06-27,0.0601735450552856
2023-06-28,0.0009752287737148
2023-06-29,0.0060405753886698
2023-06-30,0.0462908472335559
2023-07-03,-0.0072194241505899
2023-07-05,-0.0182733297004139
2023-07-06,-0.009876631187637
2023-07-07,-0.0138116342045084
2023-07-10,0.0081697087690837
2023-07-11,0.0065597774199226
2023-07-12,0.0335441687853979
2023-07-13,0.0383902077433102
2023-07-14,-0.0057152455220432
2023-07-17,0.0388000982983207
2023-07-18,0.0337194356701782
2023-07-19,-0.0078621033190484
2023-07-20,-0.0608665775779612
2023-07-21,-0.0026932174292877
2023-07-24,0.006300775675766
2023-07-25,0.0329159361262982
2023-07-26,-0.0401802555926408
2023-07-27,-0.0093827583140968
2023-07-28,0.0400729164148627
2023-07-31,0.0063046249530411
2023-08-01,0.0050470869934966
2023-08-02,-0.0748052427773362
2023-08-03,-0.0119782380278565
2023-08-04,-0.0424322888059169
2023-08-07,0.0081108260786175
2023-08-08,-0.0237441486600241
2023-08-09,-0.0393970148619653
2023-08-10,0.0008370290832895
2023-08-11,-0.0232072319940479
2023-08-14,0.047303025558147
2023-08-15,-0.0306560269216522
2023-08-16,-0.0280413815199448
2023-08-17,-0.0297180115466583
2023-08-18,0.0026826890551303
2023-08-21,0.0577482524150017
2023-08-22,-0.004215849636423
2023-08-23,0.0537680027336782
2023-08-24,-0.0707112762423688
2023-08-25,0.031344741241305
2023-08-28,0.0228463009505985
2023-08-29,0.0590164358227189
2023-08-30,0.023026336907328
2023-08-31,0.0130508267630888
2023-09-01,0.0085884646115859
2023-09-05,0.0109219068081398
2023-09-06,-0.0316790763256469
2023-09-07,-0.044818526227079
2023-09-08,0.0063353113813977
2023-09-11,0.0145584388782882
2023-09-12,-0.0554586203067661
2023-09-13,0.0090329980537442
2023-09-14,0.0205494635353546
2023-09-15,-0.0578151241839319
2023-09-18,0.0129073680577698
2023-09-19,-0.0008355446959938
2023-09-20,-0.0482961615356802
2023-09-21,-0.0465729353689922
2023-09-22,0.0055300839587455
2023-09-25,0.0107698552928283
2023-09-26,-0.0550896924696955
2023-09-27,0.0043188920176757
2023-09-28,0.0203056721983978
2023-09-29,0.0088971906616757
2023-10-02,0.0331864163079134
2023-10-03,-0.052111404071609
2023-10-04,0.0367297429327595
2023-10-05,0.0038858251782185
2023-10-06,0.055327823368773
2023-10-09,0.0151023860774941
2023-10-10,0.0044633875553232
2023-10-11,0.0262379441398341
2023-10-12,0.0016493823557133
2023-10-13,-0.0428160237754003
2023-10-16,0.029032247835149
2023-10-17,-0.01421096869288
2023-10-18,-0.0328600273929803
2023-10-19,-0.016220807404062
2023-10-20,-0.052361922159772
2023-10-23,0.0032917350378174
2023-10-24,0.0206233632641823
2023-10-25,-0.0349023259313601
2023-10-26,-0.0590054309395151
2023-10-27,0.0159292797932339
2023-10-30,0.0321054482621527
2023-10-31,0.0214614266990238
2023-11-01,0.0576013249561777
2023-11-02,0.0508930031023611
2023-11-03,0.028674494961205
2023-11-06,0.0198224668156048
2023-11-07,0.0334075574220771
2023-11-08,0.0160659200599377
2023-11-09,-0.0146549586856821
2023-11-10,0.0763209889031826
2023-11-13,-0.0174545823389341
2023-11-14,0.0603256296685044
2023-11-15,0.0031414173206281
2023-11-16,0.0147878174095053
2023-11-17,-0.0070290118605885
2023-11-20,0.0441988473610905
2023-11-21,-0.0257936812967822
2023-11-22,0.0128989524589053
2023-11-24,-0.0067024097405938
2023-11-27,-0.0008434543945238
2023-11-28,0.0055716227863107
2023-11-29,0.0031900172938741
2023-11-30,0.0011714926327035
2023-12-01,0.0071882825947302
2023-12-04,-0.0360165235352555
2023-12-05,0.0170453311292373
2023-12-06,-0.0259016540537759
2023-12-07,0.035801284469761
2023-12-08,0.0253354638077074
2023-12-11,0.0252006112846361
2023-12-12,0.0199521711722325
2023-12-13,0.026134584707697
2023-12-14,-0.0086928829527341
2023-12-15,0.0155383635251127
2023-12-18,0.0080290077557958
2023-12-19,0.010820628001716
2023-12-20,-0.0450490275634078
2023-12-21,0.0324347985070709
2023-12-22,0.0019626633789866
2023-12-26,0.0135602665843068
2023-12-27,0.0004461885969131
2023-12-28,0.0023772534603405
2023-12-29,-0.0111177172956413
2024-01-02,-0.0767500772327628
2024-01-03,-0.034421186311588
2024-01-04,-0.0220278816510044
2024-01-05,-0.0001718618953545
2024-01-08,0.0751504014892847
2024-01-09,0.003678864301247
2024-01-10,0.0254979772110719
2024-01-11,0.0135196895281362
2024-01-12,0.0093531312849202
2024-01-16,0.0071397362135501
2024-01-17,-0.0150829974935827
2024-01-18,0.060183731898646
2024-01-19,0.0676006171439351
2024-01-22,0.012177013262133
2024-01-23,0.0125651828499742
2024-01-24,0.020330040704156
2024-01-25,0.011515011377164
2024-01-26,-0.0358147447801433
2024-01-29,0.0275935580184771
2024-01-30,-0.0240124377628548
2024-01-31,-0.0638889048242562
2024-02-01,0.0384342503600063
2024-02-02,0.0284392744343384
2024-02-05,0.0072771848011274
2024-02-06,-0.0149743998964688
2024-02-07,0.0402718676793649
2024-02-08,0.0087170948080301
2024-02-09,0.0401572367985936
2024-02-12,-0.0240682094226747
2024-02-13,-0.0507009657185337
2024-02-14,0.0301989345424646
2024-02-15,-0.0078084860000848
2024-02-16,-0.027480226179567
2024-02-20,-0.0307772923147467
2024-02-21,-0.0201206073848922
2024-02-22,0.0973599860824496
2024-02-23,-0.0077647515175351
2024-02-26,0.003720386890843
2024-02-27,0.0024283230023101
2024-02-28,-0.0146627660832032
2024-02-29,0.0335144604311747
2024-03-01,0.0529610910233917
2024-03-04,-0.0001189983665211
2024-03-05,-0.0740870994603175
2024-03-06,0.0220908422196655
2024-03-07,0.04661974676828
2024-03-08,-0.0451434430296274
2024-03-11,-0.007670047510154
2024-03-12,0.0598072669924505
2024-03-13,-0.0329984521442953
2024-03-14,0.0011128139837182
2024-03-15,-0.0461899204958164
2024-03-18,0.0150200722533309
2024-03-19,0.0134392006732597
2024-03-20,0.0344130678520313
2024-03-21,0.0014625838722843
2024-03-22,0.0006084205039798
2024-03-25,-0.0209170781615747
2024-03-26,-0.0115513204198638
2024-03-27,0.0133199507136256
2024-03-28,-0.0062002956208214
2024-04-01,0.0074867953554889
2024-04-02,-0.0284865004527393
2024-04-03,0.0066293125872247
2024-04-04,-0.0473657331349848
2024-04-05,0.0328369448273104
2024-04-08,-0.0036039202743207
2024-04-09,0.0136931295368301
2024-04-10,-0.0354275124912034
2024-04-11,0.0566786448625069
2024-04-12,-0.0465115637559763
2024-04-15,-0.0576975580485819
2024-04-16,0.0023658705154949
2024-04-17,-0.0420659845591031
2024-04-18,-0.0353622401313845
2024-04-19,-0.0632512288056914
2024-04-22,0.0256616550197121
2024-04-23,0.0428458839735907
2024-04-24,0.0145448982766265
2024-04-25,-0.0069463046316345
2024-04-26,0.0324450093296457
2024-04-29,0.0119648992243239
2024-04-30,-0.0656693719936096
2024-05-01,-0.0297302652597897
2024-05-02,0.0413262906842186
2024-05-03,0.0822392633403503
2024-05-06,0.0348580105053004
2024-05-07,-0.0099704449333896
2024-05-08,0.0089818351616566
2024-05-09,-0.0022930036551392
2024-05-10,0.0098690442484776
2024-05-13,0.014457787570175
2024-05-14,0.0267880287549346
2024-05-15,0.0665724885997596
2024-05-16,-0.0107242626164841
2024-05-17,-0.0080387985067177
2024-05-20,0.0347492652479854
2024-05-21,0.0051028021923091
2024-05-22,0.0067295761185137
2024-05-23,-0.024275773616236
2024-05-24,0.0224760008234126
2024-05-28,0.0125778189270884
2024-05-29,-0.0195031917185402
2024-05-30,-0.0685531472161857
2024-05-31,0.0048303664223214
2024-06-03,0.0074636099398612
2024-06-04,0.0037670539606495
2024-06-05,0.0669249839876242
2024-06-06,-0.0097314670760253
2024-06-07,0.0059200593176573
2024-06-10,0.0067089817122638
2024-06-11,0.0554191341854777
2024-06-12,0.0659134650983477
2024-06-13,0.0245270565663819
2024-06-14,0.0087239788399084
2024-06-17,0.0454544931627249
2024-06-18,0.0040400467670782
2024-06-20,-0.035160021997765
2024-06-21,-0.0094330253657436
2024-06-24,-0.0687650513419647
2024-06-25,0.0535333397483812
2024-06-26,-0.002454806120159
2024-06-27,0.0011278568334891
2024-06-28,-0.0026628933218334
2024-07-01,0.0215651400995209
2024-07-02,0.0140731039624379
2024-07-03,0.0400475582808623
2024-07-05,0.0088639289578662
2024-07-08,0.0197448996352602
2024-07-09,-0.0037057858324398
2024-07-10,0.0424958795844319
2024-07-11,-0.0737668835655586
2024-07-12,0.0247497947939205
2024-07-15,0.004980665774843
2024-07-16,-0.009444523063569
2024-07-17,-0.1163033068863387
2024-07-18,-0.0020296319639654
2024-07-19,-0.0466710115752874
2024-07-22,0.0692792341296668
2024-07-23,-0.0116560544222351
2024-07-24,-0.1222907559895786
2024-07-25,-0.0364362900718118
2024-07-26,0.0369347646275011
2024-07-29,-0.0122364593362758
2024-07-30,-0.0760456011096317
2024-07-31,0.1266427562687859
2024-08-01,-0.1106398269021969
2024-08-02,-0.089162784415308
2024-08-05,-0.0938181841064224
2024-08-06,0.0373997463027155
2024-08-07,-0.0519883025166866
2024-08-08,0.1104946084139117
2024-08-09,0.0136683603006311
2024-08-12,0.0246484361546848
2024-08-13,0.0915523208343251
2024-08-14,0.0164636021350292
2024-08-15,0.0848104648483976
2024-08-16,0.0039973575504139
2024-08-19,0.0487119023380064
2024-08-20,-0.0108308230632595
2024-08-21,0.0177221385389527
2024-08-22,-0.0675465658563648
2024-08-23,0.044843505187851
2024-08-26,-0.0371129268920502
2024-08-27,0.017734705163084
2024-08-28,-0.039962756009761
2024-08-29,-0.0284365235921231
2024-08-30,0.0371154016051007
2024-09-03,-0.1388254331978218
2024-09-04,-0.007391005127068
2024-09-05,-0.0044956501605982
2024-09-06,-0.074936435923771
2024-09-09,0.0442410015191494
2024-09-10,0.0438276472833638
2024-09-11,0.1016095100296632
2024-09-12,0.0251555010203572
2024-09-13,0.0143760377183463
2024-09-16,-0.0130727069284299
2024-09-17,-0.005199319543324
2024-09-18,-0.0292433366877128
2024-09-19,0.0835790098195605
2024-09-20,-0.01029210469012
2024-09-23,0.0
2024-09-24,0.0193639982659978
2024-09-25,0.0090291662562849
2024-09-26,0.0375362362833335
2024-09-27,-0.0281137841271559
2024-09-30,0.0087587861141062
2024-10-01,-0.071746645811016
2024-10-02,0.0198151936175221
2024-10-03,0.01399944735135
2024-10-04,0.0322542254735518
2024-10-07,-0.0199468717133048
2024-10-08,0.054117696769079
2024-10-09,0.0330355909740045
2024-10-10,-0.002052744338484
2024-10-11,0.0040057697931024
2024-10-14,0.037524247443583
2024-10-15,-0.0615256961008714
2024-10-16,0.0058693339639275
2024-10-17,0.0110096468986693
2024-10-18,0.0068603409201615
2024-10-21,0.0150335435852964
2024-10-22,-0.0027704305226244
2024-10-23,-0.0430600547479346
2024-10-24,0.0080392441546504
2024-10-25,0.0140673715225667
2024-10-28,-0.0004368867981725
2024-10-29,0.039558390911637
2024-10-30,-0.046988228038024
2024-10-31,-0.097837996154929
2024-11-01,0.0220075167432116
2024-11-04,-0.0028712333432969
2024-11-05,0.0418716061589181
2024-11-06,0.0825658132510727
2024-11-07,0.0543558123255745
2024-11-08,-0.0047417816598129
2024-11-11,-0.0157120888731859
2024-11-12,0.0020598292854376
2024-11-13,-0.0058582321412257
2024-11-14,-0.0142665369823831
2024-11-15,-0.0722601295836791
2024-11-18,0.0062175849294916
2024-11-19,0.0248287251180632
2024-11-20,-0.005042731318096
2024-11-21,0.031401377415597
2024-11-22,0.0001069053440376
2024-11-25,-0.0009614349244048
2024-11-26,0.0156100108497883
2024-11-27,-0.0411622190721578
2024-11-29,0.0266798922867168
2024-12-02,0.0281253079761334
2024-12-03,0.0104013928296036
2024-12-04,0.0553840134729952
2024-12-05,-0.0163870064490671
2024-12-06,0.0100159213769397
2024-12-09,-0.0183604719061394
2024-12-10,-0.0426084984314778
2024-12-11,0.0433556817019928
2024-12-12,-0.0167776093447346
2024-12-13,0.0116136506218804
2024-12-16,0.0293051475204431
2024-12-17,-0.0174152939883166
2024-12-18,-0.0954894549961918
2024-12-19,0.0009909600940944
2024-12-20,0.044979526493516
2024-12-23,0.0289985999888191
2024-12-24,0.029664530874077
2024-12-26,0.0024836175502922
2024-12-27,-0.0413240880565077
2024-12-30,-0.0384535818429562
2024-12-31,-0.0265533714864479
2025-01-02,-0.0061844233980234
2025-01-03,0.0464495152042407
2025-01-06,0.0383349967424904
2025-01-07,-0.0597259384279273
2025-01-08,-0.0006525736550141
2025-01-10,-0.0667174160743435
2025-01-13,-0.0225073780917746
2025-01-14,0.0081126577960073
2025-01-15,0.0591715365036467
2025-01-16,-0.0242457009023849
2025-01-17,0.0463757495675518
2025-01-21,0.0239658889275971
2025-01-22,0.0624131028480381
2025-01-23,0.0098581556500354
2025-01-24,-0.031576710357738
2025-01-27,-0.1464720274277351
2025-01-28,0.0768859653219427
2025-01-29,-0.024283686529095
2025-01-30,0.0043582808740179
2025-01-31,-0.0178143582728945
2025-02-03,-0.0406929101473035
2025-02-04,0.0424190653626379
2025-02-05,0.0433670698742798
2025-02-06,0.0063516125040898
2025-02-07,-0.0272395137818247
2025-02-10,0.0440524751883095
2025-02-11,0.0007631916746995
2025-02-12,-0.0059919965094165
2025-02-13,0.0420867451530506
2025-02-14,0.0079932384311101
2025-02-18,0.0276502917192391
2025-02-19,-0.0001013910705778
2025-02-20,-0.0094436636374669
2025-02-21,-0.082521804234091
2025-02-24,-0.0435754257165649
2025-02-25,-0.0387850045967822
2025-02-26,0.0319640145421229
2025-02-27,-0.1072899207382949
2025-02-28,0.0333772005214121
2025-03-03,-0.0864292865305673
2025-03-04,-0.0058690822642876
2025-03-05,0.0417484972887376
2025-03-06,-0.0824449086420568
2025-03-07,0.0405881847622229
2025-03-10,-0.1256359129041879
2025-03-11,-0.0139000452363654
2025-03-12,0.0473691843351165
2025-03-13,-0.0560250311513682
2025-03-14,0.0855438235767307
2025-03-17,0.0218387552230356
2025-03-18,-0.0448363949863078
2025-03-19,0.0405256418660437
2025-03-20,-0.0239096867306931
2025-03-21,0.0075489704903823
2025-03-24,0.0558101968413002
2025-03-25,0.0098634582149386
2025-03-26,-0.0663118811968068
2025-03-27,-0.0274225598186026
2025-03-28,-0.0744495893992771
2025-03-31,0.0022249297792644
2025-04-01,0.0201502018068968
2025-04-02,0.0209240640147285
2025-04-03,-0.2000327806171864
2025-04-04,-0.199631036234369
2025-04-07,0.0130601235172205
2025-04-08,-0.0563699985874809
2025-04-09,0.3884273994021554
2025-04-10,-0.1346710880807549
2025-04-11,0.0579711091131747
2025-04-14,0.0257112303021944
2025-04-15,0.011711546472126
2025-04-16,-0.1031681956236845
2025-04-17,-0.0185686948047421
2025-04-21,-0.078449569601709
2025-04-22,0.0696044360816432
2025-04-23,0.0884831420562195
2025-04-24,0.1129031044905612
2025-04-25,0.0423189070488052
2025-04-28,-0.0038931895646897
2025-04-29,0.0135864709032453
2025-04-30,0.013220722569142
2025-05-01,0.0425878065710489
2025-05-02,0.0474535511925153
2025-05-05,-0.0159310459373177
2025-05-06,-0.0249578290166541
2025-05-07,0.0309581990212843
2025-05-08,0.0263378585285107
2025-05-09,-0.0006537092549316
2025-05-12,0.1364082910285136
2025-05-13,0.063471435565338
2025-05-14,0.0196236212624694
2025-05-15,0.0037165694978522
2025-05-16,0.0055541578524425
2025-05-19,-0.005128983522302
2025-05-20,-0.0111038034072106
2025-05-21,-0.0561420851556753
2025-05-22,-0.0001418030902246
2025-05-23,-0.0318696664366695
2025-05-27,0.0680323134121081
2025-05-28,-0.0121916855331994
2025-05-29,0.0049922914390982
2025-05-30,-0.0106251291425651
2025-06-02,0.0256624458596992
2025-06-03,0.0447376011969991
2025-06-04,0.0049459223031367
2025-06-05,-0.0102318898993614
2025-06-06,0.0283957398939667
2025-06-09,0.0146328851959416
2025-06-10,0.0160521836735068
2025-06-11,-0.0064180986164494
2025-06-12,0.0272050095362577
2025-06-13,-0.0435361807855453
2025-06-16,0.0495638812445538
2025-06-17,-0.0234911327196086
2025-06-18,0.0051813133559701
2025-06-20,-0.0152185451605493
2025-06-23,0.0350199766893009
2025-06-24,0.0535908728981133
2025-06-25,0.0253179641888596
2025-06-26,0.0213407591282699
2025-06-27,-0.0052511187121568
2025-06-30,0.029143372008467
2025-07-01,-0.0262877117615685
2025-07-02,0.0314968321862381
2025-07-03,0.0372380468271404
2025-07-07,-0.0244127407153398
2025-07-08,0.0150352372643605
2025-07-09,0.0178164865075671
2025-07-10,-0.010380684557367
2025-07-11,-0.0135746292943031
2025-07-14,-0.0022935867126439
2025-07-15,0.0245559859963999
2025-07-16,0.0097908542447917
2025-07-17,0.0274720546636644
2025-07-18,-0.0030473985086523
2025-07-21,0.0056201893824687
2025-07-22,-0.031375593788417
2025-07-23,0.0190302640928405
2025-07-24,0.011423502704001
2025-07-25,0.0076605339573945
2025-07-28,0.0230994279000564
2025-07-29,-0.0008574156832706
2025-07-30,0.0063883234457395
2025-07-31,-0.0234960269538144
2025-08-01,-0.0628698909622691
2025-08-04,0.0580805581817023
2025-08-05,-0.0205479511873318
2025-08-06,0.0314685813523072
2025-08-07,0.0011622391190087
2025-08-08,0.0280544595433132
2025-08-11,-0.0184435678409341
2025-08-12,0.0439075674376381
2025-08-13,0.0016530981319857
2025-08-14,-0.0061428368968968
2025-08-15,-0.0239852285275595
2025-08-18,0.0051039053400383
2025-08-19,-0.0521910530233824
2025-08-20,-0.0205377749568406
2025-08-21,-0.0112439315959433
2025-08-22,0.0402622752618375
2025-08-25,-0.007189243520411
2025-08-26,0.0135898889468328
2025-08-27,0.0143864210938584
2025-08-28,0.0237336807508325
2025-08-29,-0.0458015623256725
2025-09-02,-0.0304197099332638
2025-09-03,0.0160945385524204
2025-09-04,0.0144360710940669
2025-09-05,0.0020752644198001
2025-09-08,0.0220907640330394
2025-09-09,0.0061752312893208
2025-09-10,0.053222138124904
2025-09-11,0.007101844350315
2025-09-12,0.0002712075779667
2025-09-15,0.026211115513077
2025-09-16,-0.0104808793773389
2025-09-17,-0.0079216019745107
2025-09-18,0.0477301152123048
2025-09-19,0.029457090071935
2025-09-22,0.0452503738197023
2025-09-23,-0.0270571703135023
2025-09-24,-0.0162767558199914
2025-09-25,-0.0073168980864286
2025-09-26,0.008040886587417
2025-09-29,0.0144578066310332
2025-09-30,0.0186748014893902
2025-10-01,0.0279809757862612
2025-10-02,0.0168166490969638
2025-10-03,-0.0168461802437736
2025-10-06,0.0300445148835075
2025-10-07,-0.0200531254909596
2025-10-08,0.0504612513458968
2025-10-09,-0.0030991144831211
2025-10-10,-0.1199852730831059
2025-10-13,0.0688871923503431
2025-10-14,-0.0379288690439133
2025-10-15,0.0277277875059334
2025-10-16,0.0031834993514112
2025-10-17,0.0035699990305422
2025-10-20,0.0331225004676098
2025-10-21,0.0025250999717936
2025-10-22,-0.0306823642315895
2025-10-23,0.0357479930404274
2025-10-24,0.0470578488853927
2025-10-27,0.0553983338187844
2025-10-28,0.0292377623821955
2025-10-29,0.0206536478301715
2025-10-30,-0.0350360017374102
2025-10-31,0.0014931045925439
2025-11-03,0.0113166886902174
2025-11-04,-0.0782632873875541
2025-11-05,0.0105408178421295
2025-11-06,-0.0583410753382102
2025-11-07,-0.0135981680831218
2025-11-10,0.0765953582665028
2025-11-11,-0.0256096142975587
2025-11-12,0.0084902476900832
2025-11-13,-0.0770131521640731
2025-11-14,0.0180837428896802
2025-11-17,-0.0489249006725585
2025-11-18,-0.0489023969316977
2025-11-19,0.0206701209347921
2025-11-20,-0.0942537345367838
2025-11-21,0.0102479259375953
2025-11-24,0.0735890245232895
2025-11-25,0.0057550183124039
2025-11-26,0.0350158136849305
2025-11-28,0.0240119034443353
2025-12-01,0.0019338780692395
2025-12-02,0.0301591989828053
2025-12-03,0.0064799101626791
2025-12-04,0.0100062574906418
2025-12-05,0.0214268724163229
2025-12-08,0.0211277801039218
2025-12-09,0.0075841456714242
2025-12-10,0.0158227281400826
2025-12-11,-0.016508727422588
2025-12-12,-0.0885918227224575
2025-12-15,-0.0270293679237277
2025-12-16,0.0041188500203941
2025-12-17,-0.0665037518707361
2025-12-18,0.0454375151157644
2025-12-19,0.0636738089489299
2025-12-22,0.0167310977213925
2025-12-23,0.0149673509318515
2025-12-24,0.0079028576307069
2025-12-26,0.0023442479061144
2025-12-29,-0.0130645887497081
2025-12-30,-0.0098054842361599
2025-12-31,-0.0304505856230922
2026-01-02,0.0057026770761676
2026-01-05,0.0071089819170258
2026-01-06,0.0415126071885887
2026-01-07,-0.0032273959346137
2026-01-08,-0.0463007675733949
2026-01-09,0.038957732926047
2026-01-12,0.0127440607777638
2026-01-13,-0.0062112321660724
2026-01-14,-0.0379870265128502
2026-01-15,0.0155248249047799
2026-01-16,0.0028248800883869
2026-01-20,-0.0786247099994077
2026-01-21,0.0419027645106815
2026-01-22,0.0219211393724534
2026-01-23,0.0037158504768961
2026-01-26,0.020025264129813
2026-01-27,0.0403365251647314
2026-01-28,0.0228353744647269
2026-01-29,-0.0486821132274404
2026-01-30,-0.0594035386582613
2026-02-02,0.0268560869924241
2026-02-03,-0.0643718674076367
2026-02-04,-0.083678981871504
2026-02-05,-0.0542216205547796
2026-02-06,0.1184059141370017
2026-02-09,0.0474462782364863
2026-02-10,-0.0162535693300344
2026-02-11,0.0077645371911476
2026-02-12,-0.0791077528163693
2026-02-13,0.0075883265773473
2026-02-17,-0.0036690219771127
2026-02-18,0.0306231129922058
2026-02-19,-0.0148566370290862
2026-02-20,0.0145079936627763
2026-02-23,-0.0505221965416358
2026-02-24,0.037356379903634
2026-02-25,0.0566434222002223
2026-02-26,-0.041493402067493
2026-02-27,-0.0487597723576321
2026-03-02,0.0168550216580096
2026-03-03,-0.0430967505170601
2026-03-04,0.0499286981917885
2026-03-05,0.0054347407133319
2026-03-06,-0.0611968500988131
2026-03-09,0.0533620587095489
2026-03-10,-0.0011712461638724
2026-03-11,0.0151470267626108
2026-03-12,-0.0558335876010483
2026-03-13,-0.0234503103899632
2026-03-16,0.0436416709048987
2026-03-17,0.015206183971927
2026-03-18,-0.0329129799571247
2026-03-19,0.0093743744943424
2026-03-20,-0.0680395412172695
2026-03-23,0.0398613155449425
2026-03-24,-0.0197815951757802
2026-03-25,0.0142552801903257
2026-03-26,-0.0935598753049277
2026-03-27,-0.0578569787773581
2026-03-30,-0.0579710307891335
2026-03-31,0.1284225097187747
2026-04-01,0.0437896378104845
2026-04-02,0.0226920869477387
2026-04-06,0.0152614316638619
2026-04-07,0.0141790422003107
2026-04-08,0.0940818336596256
2026-04-09,0.0069177671794418
2026-04-10,0.0109732238835567
2026-04-13,0.0634261577561527
2026-04-14,0.0467738027700925
2026-04-15,0.0479904690143344
2026-04-16,0.0351133011396747
2026-04-17,0.0436142076330676
