Date,GLD,SPY,VFITX
1995-01-03,,26.44381332397461,2.425164222717285
1995-01-04,,26.57018280029297,2.435267448425293
1995-01-05,,26.57018280029297,2.425164222717285
1995-01-06,,26.59724235534668,2.42768931388855
1995-01-09,,26.624332427978516,2.422635793685913
1995-01-10,,26.651390075683594,2.430217742919922
1995-01-11,,26.669448852539062,2.435267448425293
1995-01-12,,26.678483963012695,2.4327430725097656
1995-01-13,,26.994369506835938,2.4478964805603027
1995-01-16,,27.156810760498047,2.4504246711730957
1995-01-17,,27.165851593017578,2.4478964805603027
1995-01-18,,27.138761520385742,2.4478964805603027
1995-01-19,,26.985340118408203,2.44284725189209
1995-01-20,,26.88605308532715,2.430217742919922
1995-01-23,,26.96728515625,2.430217742919922
1995-01-24,,27.003393173217773,2.42768931388855
1995-01-25,,27.075592041015625,2.435267448425293
1995-01-26,,27.10266876220703,2.44284725189209
1995-01-27,,27.210969924926758,2.4580016136169434
1995-01-30,,27.093626022338867,2.4605276584625244
1995-01-31,,27.201932907104492,2.4800984859466553
1995-02-01,,27.192916870117188,2.4699318408966064
1995-02-02,,27.35536766052246,2.4699318408966064
1995-02-03,,27.743459701538086,2.492802143096924
1995-02-06,,27.860782623291016,2.492802143096924
1995-02-07,,27.896881103515625,2.4902608394622803
1995-02-08,,27.896881103515625,2.492802143096924
1995-02-09,,27.896881103515625,2.485177755355835
1995-02-10,,27.932992935180664,2.477555751800537
1995-02-13,,27.94200325012207,2.477555751800537
1995-02-14,,27.97811508178711,2.4902608394622803
1995-02-15,,28.13153839111328,2.5004236698150635
1995-02-16,,28.09543800354004,2.5055065155029297
1995-02-17,,27.987136840820312,2.502964496612549
1995-02-21,,27.97811508178711,2.5004236698150635
1995-02-22,,28.18567657470703,2.5131313800811768
1995-02-23,,28.23082160949707,2.515671968460083
1995-02-24,,28.303024291992188,2.515671968460083
1995-02-27,,28.077396392822266,2.5283756256103516
1995-02-28,,28.31205940246582,2.544212579727173
1995-03-01,,28.13153839111328,2.544212579727173
1995-03-02,,28.167627334594727,2.5365493297576904
1995-03-03,,28.176668167114258,2.526334524154663
1995-03-06,,28.194711685180664,2.5212225914001465
1995-03-07,,27.97811508178711,2.5161144733428955
1995-03-08,,28.05031394958496,2.528888702392578
1995-03-09,,28.04129409790039,2.5391085147857666
1995-03-10,,28.456445693969727,2.544212579727173
1995-03-13,,28.42937469482422,2.551875591278076
1995-03-14,,28.636938095092773,2.5646488666534424
1995-03-15,,28.58278465270996,2.5620932579040527
1995-03-16,,28.754276275634766,2.5646488666534424
1995-03-17,,28.782865524291992,2.5569849014282227
1995-03-20,,28.782865524291992,2.5569849014282227
1995-03-21,,28.71028709411621,2.5493204593658447
1995-03-22,,28.737499237060547,2.546766519546509
1995-03-23,,28.755653381347656,2.544212579727173
1995-03-24,,29.163972854614258,2.5620932579040527
1995-03-27,,29.28194808959961,2.567203998565674
1995-03-28,,29.28194808959961,2.551875591278076
1995-03-29,,29.272869110107422,2.554429769515991
1995-03-30,,29.218425750732422,2.546766519546509
1995-03-31,,29.100465774536133,2.558842658996582
1995-04-03,,29.17305564880371,2.569119453430176
1995-04-04,,29.36361312866211,2.5716874599456787
1995-04-05,,29.36361312866211,2.574258804321289
1995-04-06,,29.472503662109375,2.576826572418213
1995-04-07,,29.445280075073242,2.574258804321289
1995-04-10,,29.499727249145508,2.574258804321289
1995-04-11,,29.399932861328125,2.576826572418213
1995-04-12,,29.499727249145508,2.5793955326080322
1995-04-13,,29.663061141967773,2.587104558944702
1995-04-17,,29.49065399169922,2.587104558944702
1995-04-18,,29.390838623046875,2.587104558944702
1995-04-19,,29.36361312866211,2.5845327377319336
1995-04-20,,29.408998489379883,2.5896716117858887
1995-04-21,,29.554162979125977,2.592241048812866
1995-04-24,,29.898990631103516,2.5948097705841064
1995-04-25,,29.817306518554688,2.592241048812866
1995-04-26,,29.844533920288086,2.592241048812866
1995-04-27,,29.9171199798584,2.587104558944702
1995-04-28,,29.962493896484375,2.5987284183502197
1995-05-01,,29.88082504272461,2.5961458683013916
1995-05-02,,29.944358825683594,2.6013126373291016
1995-05-03,,30.361766815185547,2.6168129444122314
1995-05-04,,30.343624114990234,2.6297285556793213
1995-05-05,,30.307323455810547,2.6529767513275146
1995-05-08,,30.525102615356445,2.6529767513275146
1995-05-09,,30.497879028320312,2.6658921241760254
1995-05-10,,30.534160614013672,2.6555562019348145
1995-05-11,,30.615833282470703,2.6529767513275146
1995-05-12,,30.63400650024414,2.65039324760437
1995-05-15,,30.77915382385254,2.6607236862182617
1995-05-16,,30.79730224609375,2.671058177947998
1995-05-17,,30.67933464050293,2.671058177947998
1995-05-18,,30.23473358154297,2.663306474685669
1995-05-19,,30.252880096435547,2.6607236862182617
1995-05-22,,30.588611602783203,2.6581413745880127
1995-05-23,,30.869905471801758,2.6684775352478027
1995-05-24,,30.851774215698242,2.6865577697753906
1995-05-25,,30.878976821899414,2.691725015640259
1995-05-26,,30.525102615356445,2.6891438961029053
1995-05-30,,30.516021728515625,2.704643487930298
1995-05-31,,31.151182174682617,2.7220425605773926
1995-06-01,,31.06954002380371,2.7376251220703125
1995-06-02,,31.096759796142578,2.7532143592834473
1995-06-05,,31.287303924560547,2.7558093070983887
1995-06-06,,31.23287010192871,2.7506136894226074
1995-06-07,,31.06954002380371,2.7376251220703125
1995-06-08,,30.9969482421875,2.724642515182495
1995-06-09,,30.815467834472656,2.7012646198272705
1995-06-12,,30.987873077392578,2.7064595222473145
1995-06-13,,31.323619842529297,2.7454166412353516
1995-06-14,,31.2963809967041,2.742820978164673
1995-06-15,,31.432485580444336,2.7350270748138428
1995-06-16,,31.525819778442383,2.732431411743164
1995-06-19,,31.88178825378418,2.7454166412353516
1995-06-20,,31.799633026123047,2.7376251220703125
1995-06-21,,31.781360626220703,2.742820978164673
1995-06-22,,32.201236724853516,2.7558093070983887
1995-06-23,,32.13733673095703,2.7506136894226074
1995-06-26,,31.75401496887207,2.742820978164673
1995-06-27,,31.69011878967285,2.7402236461639404
1995-06-28,,31.854406356811523,2.742820978164673
1995-06-29,,31.799633026123047,2.7220425605773926
1995-06-30,,31.781360626220703,2.7442381381988525
1995-07-03,,31.9000186920166,2.7442381381988525
1995-07-05,,32.018707275390625,2.7468466758728027
1995-07-06,,32.4294319152832,2.7703490257263184
1995-07-07,,32.57548141479492,2.7703490257263184
1995-07-10,,32.59370803833008,2.7729556560516357
1995-07-11,,32.43855667114258,2.765122413635254
1995-07-12,,32.840145111083984,2.765122413635254
1995-07-13,,32.76713180541992,2.765122413635254
1995-07-14,,32.739742279052734,2.7546799182891846
1995-07-17,,32.92230224609375,2.7442381381988525
1995-07-18,,32.63935089111328,2.733793020248413
1995-07-19,,32.28339385986328,2.71551513671875
1995-07-20,,32.40205383300781,2.712904453277588
1995-07-21,,32.36553192138672,2.6998472213745117
1995-07-24,,32.602840423583984,2.710293769836426
1995-07-25,,32.849273681640625,2.712904453277588
1995-07-26,,32.8218879699707,2.7050697803497314
1995-07-27,,33.09571838378906,2.712904453277588
1995-07-28,,32.88579177856445,2.7076828479766846
1995-07-31,,32.803627014160156,2.7276346683502197
1995-08-01,,32.748878479003906,2.7223830223083496
1995-08-02,,32.67585754394531,2.7302589416503906
1995-08-03,,32.66669845581055,2.7171342372894287
1995-08-04,,32.7032356262207,2.7223830223083496
1995-08-07,,32.77626037597656,2.725008964538574
1995-08-08,,32.77626037597656,2.725008964538574
1995-08-09,,32.76713180541992,2.7197563648223877
1995-08-10,,32.694122314453125,2.7171342372894287
1995-08-11,,32.51155471801758,2.7013802528381348
1995-08-14,,32.803627014160156,2.7013802528381348
1995-08-15,,32.739742279052734,2.7066311836242676
1995-08-16,,32.83102798461914,2.709259271621704
1995-08-17,,32.77626037597656,2.7066311836242676
1995-08-18,,32.812782287597656,2.7066311836242676
1995-08-21,,32.72151565551758,2.7118847370147705
1995-08-22,,32.78538513183594,2.709259271621704
1995-08-23,,32.66669845581055,2.7040047645568848
1995-08-24,,32.7032356262207,2.7171342372894287
1995-08-25,,32.88579177856445,2.7355120182037354
1995-08-28,,32.76713180541992,2.74075984954834
1995-08-29,,32.849273681640625,2.738135814666748
1995-08-30,,32.92230224609375,2.74075984954834
1995-08-31,,32.94968032836914,2.763460636138916
1995-09-01,,33.09571838378906,2.774019718170166
1995-09-05,,33.40605926513672,2.7792935371398926
1995-09-06,,33.469932556152344,2.781932830810547
1995-09-07,,33.488189697265625,2.774019718170166
1995-09-08,,33.615966796875,2.7713780403137207
1995-09-11,,33.70726013183594,2.7713780403137207
1995-09-12,,33.862396240234375,2.781932830810547
1995-09-13,,34.0175895690918,2.7766549587249756
1995-09-14,,34.327911376953125,2.789850950241089
1995-09-15,,34.31843566894531,2.7872142791748047
1995-09-18,,34.189979553222656,2.7792935371398926
1995-09-19,,34.35513687133789,2.781932830810547
1995-09-20,,34.52030944824219,2.7872142791748047
1995-09-21,,34.23583984375,2.7713780403137207
1995-09-22,,34.24502182006836,2.7660977840423584
1995-09-25,,34.189979553222656,2.7660977840423584
1995-09-26,,34.1807861328125,2.763460636138916
1995-09-27,,34.15327072143555,2.760819673538208
1995-09-28,,34.41018295288086,2.763460636138916
1995-09-29,,34.34596633911133,2.7883992195129395
1995-10-02,,34.17162322998047,2.793703317642212
1995-10-03,,34.20833969116211,2.79901123046875
1995-10-04,,34.17162322998047,2.804316520690918
1995-10-05,,34.27256393432617,2.8069677352905273
1995-10-06,,34.30008316040039,2.8096210956573486
1995-10-09,,34.01561737060547,2.8069677352905273
1995-10-10,,33.997276306152344,2.8069677352905273
1995-10-11,,34.107383728027344,2.8069677352905273
1995-10-12,,34.31843566894531,2.8122775554656982
1995-10-13,,34.42856216430664,2.825543165206909
1995-10-16,,34.26339340209961,2.822889566421509
1995-10-17,,34.49278259277344,2.828195095062256
1995-10-18,,34.59372329711914,2.822889566421509
1995-10-19,,34.75888442993164,2.822889566421509
1995-10-20,,34.547828674316406,2.814931631088257
1995-10-23,,34.47445297241211,2.8096210956573486
1995-10-24,,34.51112365722656,2.820235013961792
1995-10-25,,34.2266845703125,2.820235013961792
1995-10-26,,33.9146842956543,2.814931631088257
1995-10-27,,34.17162322998047,2.820235013961792
1995-10-30,,34.39187240600586,2.820235013961792
1995-10-31,,34.24502182006836,2.8378403186798096
1995-11-01,,34.52030944824219,2.8458383083343506
1995-11-02,,34.74053955078125,2.853844165802002
1995-11-03,,34.786407470703125,2.8511745929718018
1995-11-06,,34.66713333129883,2.8485074043273926
1995-11-07,,34.53866958618164,2.843172788619995
1995-11-08,,34.85063934326172,2.853844165802002
1995-11-09,,34.97911071777344,2.8485074043273926
1995-11-10,,34.960784912109375,2.843172788619995
1995-11-13,,34.9240608215332,2.8485074043273926
1995-11-14,,34.694671630859375,2.8458383083343506
1995-11-15,,35.04336929321289,2.843172788619995
1995-11-16,,35.23604202270508,2.8511745929718018
1995-11-17,,35.34616470336914,2.85650634765625
1995-11-20,,35.162635803222656,2.853844165802002
1995-11-21,,35.447086334228516,2.8485074043273926
1995-11-22,,35.336978912353516,2.8458383083343506
1995-11-24,,35.428749084472656,2.8511745929718018
1995-11-27,,35.437904357910156,2.85650634765625
1995-11-28,,35.81412124633789,2.85650634765625
1995-11-29,,35.850826263427734,2.861841917037964
1995-11-30,,35.76824188232422,2.8897194862365723
1995-12-01,,35.81412124633789,2.895082473754883
1995-12-04,,36.25458526611328,2.9084835052490234
1995-12-05,,36.49315643310547,2.903123140335083
1995-12-06,,36.575740814208984,2.9004404544830322
1995-12-07,,36.383052825927734,2.8924031257629395
1995-12-08,,36.50233840942383,2.8924031257629395
1995-12-11,,36.65835189819336,2.897763252258301
1995-12-12,,36.548221588134766,2.8924031257629395
1995-12-13,,36.777626037597656,2.8897194862365723
1995-12-14,,36.511512756347656,2.8897194862365723
1995-12-15,,36.524879455566406,2.8897194862365723
1995-12-18,,35.82319259643555,2.876316785812378
1995-12-19,,36.20172882080078,2.8924031257629395
1995-12-20,,35.85087966918945,2.8897194862365723
1995-12-21,,36.03554916381836,2.8897194862365723
1995-12-22,,36.16481018066406,2.897763252258301
1995-12-26,,36.340240478515625,2.9004404544830322
1995-12-27,,36.321746826171875,2.903123140335083
1995-12-28,,36.28483581542969,2.911165714263916
1995-12-29,,36.33099365234375,2.931645393371582
1996-01-02,,36.718772888183594,2.931645393371582
1996-01-03,,36.82032775878906,2.9343385696411133
1996-01-04,,36.46949005126953,2.926254987716675
1996-01-05,,36.39562225341797,2.918170928955078
1996-01-08,,36.53412628173828,2.918170928955078
1996-01-09,,35.90629196166992,2.918170928955078
1996-01-10,,35.43541717529297,2.9020063877105713
1996-01-11,,35.64778137207031,2.9073939323425293
1996-01-12,,35.59238052368164,2.912783145904541
1996-01-15,,35.51852035522461,2.912783145904541
1996-01-16,,35.95242691040039,2.9235589504241943
1996-01-17,,35.8416748046875,2.9343385696411133
1996-01-18,,35.961692810058594,2.939727544784546
1996-01-19,,36.20172882080078,2.942422866821289
1996-01-22,,36.21096420288086,2.928948163986206
1996-01-23,,36.29405975341797,2.9235589504241943
1996-01-24,,36.589515686035156,2.928948163986206
1996-01-25,,36.46025085449219,2.9154744148254395
1996-01-26,,36.774169921875,2.926254987716675
1996-01-29,,36.92189407348633,2.9208667278289795
1996-01-30,,37.23582077026367,2.931645393371582
1996-01-31,,37.623592376708984,2.951953887939453
1996-02-01,,37.762088775634766,2.951953887939453
1996-02-02,,37.60511016845703,2.9438300132751465
1996-02-05,,37.909793853759766,2.9411232471466064
1996-02-06,,38.2698860168457,2.9438300132751465
1996-02-07,,38.49147033691406,2.9438300132751465
1996-02-08,,38.906944274902344,2.9438300132751465
1996-02-09,,38.89772415161133,2.9465413093566895
1996-02-12,,39.19316101074219,2.954665184020996
1996-02-13,,39.11006164550781,2.960078001022339
1996-02-14,,38.7684440612793,2.954665184020996
1996-02-15,,38.52839660644531,2.9411232471466064
1996-02-16,,38.37144088745117,2.9302873611450195
1996-02-20,,37.992897033691406,2.889667510986328
1996-02-21,,38.463775634765625,2.895085096359253
1996-02-22,,39.073143005371094,2.905917167663574
1996-02-23,,38.96234130859375,2.895085096359253
1996-02-26,,38.40837478637695,2.889667510986328
1996-02-27,,38.2883415222168,2.8815438747406006
1996-02-28,,38.11292266845703,2.8680005073547363
1996-02-29,,37.74361801147461,2.881880760192871
1996-03-01,,38.34375,2.9009289741516113
1996-03-04,,38.565345764160156,2.9145350456237793
1996-03-05,,38.9254150390625,2.9036498069763184
1996-03-06,,38.583805084228516,2.8900413513183594
1996-03-07,,38.7776985168457,2.887324094772339
1996-03-08,,37.52203369140625,2.8301737308502197
1996-03-11,,37.95597839355469,2.843782663345337
1996-03-12,,37.66049575805664,2.838338851928711
1996-03-13,,37.91902160644531,2.838338851928711
1996-03-14,,38.08522415161133,2.835618495941162
1996-03-15,,38.059635162353516,2.819289445877075
1996-03-18,,38.792266845703125,2.8247323036193848
1996-03-19,,38.70877456665039,2.8274552822113037
1996-03-20,,38.662437438964844,2.8410587310791016
1996-03-21,,38.56968688964844,2.84922456741333
1996-03-22,,38.67170333862305,2.838338851928711
1996-03-25,,38.5975227355957,2.8519444465637207
1996-03-26,,38.78297424316406,2.8519444465637207
1996-03-27,,38.430580139160156,2.835618495941162
1996-03-28,,38.57895278930664,2.8220107555389404
1996-03-29,,38.39348602294922,2.85046124458313
1996-04-01,,38.83861541748047,2.8559322357177734
1996-04-02,,38.91282272338867,2.8641388416290283
1996-04-03,,38.91282272338867,2.858668565750122
1996-04-04,,38.885005950927734,2.8477253913879395
1996-04-08,,38.21728515625,2.801220178604126
1996-04-09,,38.06890106201172,2.8121628761291504
1996-04-10,,37.39190673828125,2.801220178604126
1996-04-11,,37.345542907714844,2.7930126190185547
1996-04-12,,37.81852722167969,2.820366621017456
1996-04-15,,38.133811950683594,2.828578233718872
1996-04-16,,38.245113372802734,2.825839042663574
1996-04-17,,38.15236282348633,2.817633628845215
1996-04-18,,38.208011627197266,2.8094258308410645
1996-04-19,,38.300750732421875,2.820366621017456
1996-04-22,,38.5975227355957,2.828578233718872
1996-04-23,,38.71806716918945,2.825839042663574
1996-04-24,,38.57895278930664,2.817633628845215
1996-04-25,,38.755149841308594,2.820366621017456
1996-04-26,,38.83861541748047,2.8231048583984375
1996-04-29,,38.83861541748047,2.817633628845215
1996-04-30,,38.8108024597168,2.82120943069458
1996-05-01,,38.894287109375,2.818458080291748
1996-05-02,,38.226566314697266,2.7937095165252686
1996-05-03,,38.1709098815918,2.785461902618408
1996-05-06,,38.133811950683594,2.790958881378174
1996-05-07,,37.97617721557617,2.788212776184082
1996-05-08,,38.44911193847656,2.7992122173309326
1996-05-09,,38.42130661010742,2.7937095165252686
1996-05-10,,38.801513671875,2.8074584007263184
1996-05-13,,39.385799407958984,2.812959671020508
1996-05-14,,39.626888275146484,2.8239572048187256
1996-05-15,,39.580535888671875,2.8239572048187256
1996-05-16,,39.66399383544922,2.812959671020508
1996-05-17,,39.877281188964844,2.8239572048187256
1996-05-20,,40.1462287902832,2.8267080783843994
1996-05-21,,40.090579986572266,2.8239572048187256
1996-05-22,,40.47080993652344,2.8267080783843994
1996-05-23,,40.30386734008789,2.818458080291748
1996-05-24,,40.46153259277344,2.8239572048187256
1996-05-28,,40.05347442626953,2.82120943069458
1996-05-29,,39.78458023071289,2.8074584007263184
1996-05-30,,39.98859405517578,2.8047070503234863
1996-05-31,,39.69180679321289,2.8088557720184326
1996-06-03,,39.803096771240234,2.806093454360962
1996-06-04,,40.0813102722168,2.8088557720184326
1996-06-05,,40.4337272644043,2.8143861293792725
1996-06-06,,40.13694381713867,2.825446128845215
1996-06-07,,40.13694381713867,2.7950351238250732
1996-06-10,,40.00712585449219,2.792269229888916
1996-06-11,,39.97002029418945,2.789503574371338
1996-06-12,,39.89585876464844,2.7812092304229736
1996-06-13,,39.89585876464844,2.7867379188537598
1996-06-14,,39.72892761230469,2.7950351238250732
1996-06-17,,39.70110321044922,2.803326368331909
1996-06-18,,39.37652587890625,2.800563097000122
1996-06-19,,39.55272674560547,2.7950351238250732
1996-06-20,,39.52488708496094,2.792269229888916
1996-06-21,,39.864845275878906,2.7950351238250732
1996-06-24,,39.939422607421875,2.800563097000122
1996-06-25,,39.892822265625,2.806093454360962
1996-06-26,,39.62245559692383,2.806093454360962
1996-06-27,,39.902122497558594,2.8199164867401123
1996-06-28,,40.04196548461914,2.8513190746307373
1996-07-01,,40.38691329956055,2.848539352416992
1996-07-02,,40.237762451171875,2.840202808380127
1996-07-03,,40.15385437011719,2.845759630203247
1996-07-05,,39.12834167480469,2.7985143661499023
1996-07-08,,38.96984100341797,2.7985143661499023
1996-07-09,,39.12834167480469,2.806854248046875
1996-07-10,,39.286827087402344,2.817970037460327
1996-07-11,,38.494380950927734,2.820748805999756
1996-07-12,,38.522335052490234,2.829087972640991
1996-07-15,,37.384925842285156,2.8235280513763428
1996-07-16,,37.47817611694336,2.831864833831787
1996-07-17,,37.925655364990234,2.829087972640991
1996-07-18,,38.447750091552734,2.848539352416992
1996-07-19,,38.168067932128906,2.840202808380127
1996-07-22,,37.88837432861328,2.831864833831787
1996-07-23,,37.40358352661133,2.8374242782592773
1996-07-24,,37.47817611694336,2.829087972640991
1996-07-25,,37.81379318237305,2.829087972640991
1996-07-26,,38.0189094543457,2.831864833831787
1996-07-29,,37.59937286376953,2.820748805999756
1996-07-30,,37.96295928955078,2.8263094425201416
1996-07-31,,38.242637634277344,2.8556461334228516
1996-08-01,,38.876609802246094,2.8779988288879395
1996-08-02,,39.715675354003906,2.90035343170166
1996-08-05,,39.48262023925781,2.8975586891174316
1996-08-06,,39.60379409790039,2.894763231277466
1996-08-07,,39.706363677978516,2.894763231277466
1996-08-08,,39.64108657836914,2.8919708728790283
1996-08-09,,39.51056671142578,2.9031476974487305
1996-08-12,,39.79958724975586,2.9031476974487305
1996-08-13,,39.48262023925781,2.889174699783325
1996-08-14,,39.62245559692383,2.8919708728790283
1996-08-15,,39.5478630065918,2.883587598800659
1996-08-16,,39.883480072021484,2.8919708728790283
1996-08-19,,39.902122497558594,2.889174699783325
1996-08-20,,39.87416076660156,2.889174699783325
1996-08-21,,39.73432922363281,2.883587598800659
1996-08-22,,40.10725021362305,2.883587598800659
1996-08-23,,39.892822265625,2.8696177005767822
1996-08-26,,39.697017669677734,2.8556461334228516
1996-08-27,,39.84619903564453,2.858440637588501
1996-08-28,,39.780941009521484,2.8556461334228516
1996-08-29,,39.38937759399414,2.8444712162017822
1996-08-30,,38.97916030883789,2.845874786376953
1996-09-03,,39.23088836669922,2.8514931201934814
1996-09-04,,39.268165588378906,2.848681926727295
1996-09-05,,38.7927131652832,2.8374457359313965
1996-09-06,,39.34276580810547,2.845874786376953
1996-09-09,,39.80888366699219,2.854300022125244
1996-09-10,,39.79026412963867,2.848681926727295
1996-09-11,,40.01400375366211,2.848681926727295
1996-09-12,,40.29368591308594,2.857112169265747
1996-09-13,,40.90900421142578,2.8795855045318604
1996-09-16,,41.05815887451172,2.8795855045318604
1996-09-17,,40.964942932128906,2.8655378818511963
1996-09-18,,40.86241149902344,2.8627309799194336
1996-09-19,,41.020896911621094,2.859922409057617
1996-09-20,,41.166385650634766,2.8627309799194336
1996-09-23,,41.15701675415039,2.8655378818511963
1996-09-24,,41.147666931152344,2.873967409133911
1996-09-25,,41.17576217651367,2.8852040767669678
1996-09-26,,41.15701675415039,2.89363169670105
1996-09-27,,41.19450759887695,2.8880138397216797
1996-09-30,,41.15701675415039,2.9001541137695312
1996-10-01,,41.38194274902344,2.908629894256592
1996-10-02,,41.663063049316406,2.9171018600463867
1996-10-03,,41.62556076049805,2.9171018600463867
1996-10-04,,42.18782043457031,2.9368669986724854
1996-10-07,,42.234676361083984,2.9283976554870605
1996-10-08,,42.06599807739258,2.925572395324707
1996-10-09,,41.73801040649414,2.9227514266967773
1996-10-10,,41.6536865234375,2.9114513397216797
1996-10-11,,42.1690788269043,2.9227514266967773
1996-10-14,,42.225318908691406,2.9227514266967773
1996-10-15,,42.1690788269043,2.9227514266967773
1996-10-16,,42.37525177001953,2.9199228286743164
1996-10-17,,42.48768615722656,2.931220054626465
1996-10-18,,42.712608337402344,2.931220054626465
1996-10-21,,42.65635299682617,2.9283976554870605
1996-10-22,,42.35649490356445,2.9227514266967773
1996-10-23,,42.497074127197266,2.925572395324707
1996-10-24,,42.13160705566406,2.9227514266967773
1996-10-25,,42.1690788269043,2.9283976554870605
1996-10-28,,41.887943267822266,2.925572395324707
1996-10-29,,42.225318908691406,2.950986623764038
1996-10-30,,42.08475112915039,2.950986623764038
1996-10-31,,42.48768615722656,2.9722800254821777
1996-11-01,,42.337772369384766,2.9694414138793945
1996-11-04,,42.61888885498047,2.9722800254821777
1996-11-05,,42.862545013427734,2.9836337566375732
1996-11-06,,43.68716049194336,2.9807963371276855
1996-11-07,,43.790260314941406,2.9893126487731934
1996-11-08,,44.03388214111328,2.9836337566375732
1996-11-11,,43.98703384399414,2.9836337566375732
1996-11-12,,43.8558235168457,2.9949896335601807
1996-11-13,,44.05262756347656,2.9893126487731934
1996-11-14,,44.343135833740234,3.003507614135742
1996-11-15,,44.39934158325195,2.9978299140930176
1996-11-18,,44.40873336791992,2.9949896335601807
1996-11-19,,44.72732925415039,3.000666379928589
1996-11-20,,44.80230712890625,3.003507614135742
1996-11-21,,44.736724853515625,3.003507614135742
1996-11-22,,45.083438873291016,3.003507614135742
1996-11-25,,45.65504837036133,3.00634503364563
1996-11-26,,45.505096435546875,3.003507614135742
1996-11-27,,45.420772552490234,3.003507614135742
1996-11-29,,45.58946228027344,3.033179759979248
1996-12-02,,45.60820770263672,3.0303258895874023
1996-12-03,,44.830413818359375,3.033179759979248
1996-12-04,,44.95225143432617,3.0217676162719727
1996-12-05,,44.830413818359375,3.007500171661377
1996-12-06,,44.56801986694336,2.9989407062530518
1996-12-09,,45.22397994995117,3.0103542804718018
1996-12-10,,45.00844192504883,3.007500171661377
1996-12-11,,44.59614562988281,2.9818220138549805
1996-12-12,,43.8558235168457,2.978964328765869
1996-12-13,,43.96831130981445,2.9903793334960938
1996-12-16,,43.40604019165039,2.9818220138549805
1996-12-17,,43.75275421142578,2.9761123657226562
1996-12-18,,44.09949493408203,2.970407009124756
1996-12-19,,45.00844192504883,2.9875268936157227
1996-12-20,,45.10725402832031,2.9875268936157227
1996-12-23,,44.99424362182617,2.9875268936157227
1996-12-24,,45.32381820678711,2.984675168991089
1996-12-26,,45.67224884033203,2.984675168991089
1996-12-27,,45.72874069213867,2.9932353496551514
1996-12-30,,45.33323287963867,2.9932353496551514
1996-12-31,,44.50455093383789,2.9892172813415527
1997-01-02,,44.61754608154297,2.972003698348999
1997-01-03,,45.25791549682617,2.97487211227417
1997-01-06,,44.86240768432617,2.972003698348999
1997-01-07,,45.408573150634766,2.9691364765167236
1997-01-08,,45.013057708740234,2.9662675857543945
1997-01-09,,45.38974380493164,2.977743148803711
1997-01-10,,45.879425048828125,2.957663059234619
1997-01-13,,45.81350326538086,2.960528612136841
1997-01-14,,46.387916564941406,2.97487211227417
1997-01-15,,46.274940490722656,2.97487211227417
1997-01-16,,46.4632453918457,2.9662675857543945
1997-01-17,,46.74578094482422,2.9691364765167236
1997-01-20,,46.80228042602539,2.9691364765167236
1997-01-21,,47.17897415161133,2.97487211227417
1997-01-22,,47.51795959472656,2.9691364765167236
1997-01-23,,46.8587760925293,2.9633967876434326
1997-01-24,,46.25608825683594,2.957663059234619
1997-01-27,,46.12425994873047,2.9519240856170654
1997-01-28,,46.25608825683594,2.957663059234619
1997-01-29,,46.708133697509766,2.957663059234619
1997-01-30,,47.310813903808594,2.9633967876434326
1997-01-31,,47.2542839050293,2.991089344024658
1997-02-03,,47.39554977416992,3.002626657485962
1997-02-04,,47.687461853027344,3.0055108070373535
1997-02-05,,46.79286575317383,3.002626657485962
1997-02-06,,47.10363006591797,2.999741792678833
1997-02-07,,47.74398422241211,3.011280059814453
1997-02-10,,47.29193878173828,3.011280059814453
1997-02-11,,47.838138580322266,3.008394479751587
1997-02-12,,48.51616287231445,3.008394479751587
1997-02-13,,49.04350662231445,3.019930362701416
1997-02-14,,48.93052291870117,3.028585910797119
1997-02-18,,49.344871520996094,3.025703191757202
1997-02-19,,49.01524353027344,3.022817611694336
1997-02-20,,48.42201614379883,3.011280059814453
1997-02-21,,48.44084167480469,3.0141639709472656
1997-02-24,,49.01524353027344,3.008394479751587
1997-02-25,,49.052940368652344,3.008394479751587
1997-02-26,,48.572662353515625,2.982434034347534
1997-02-27,,47.847572326660156,2.982434034347534
1997-02-28,,47.70631790161133,2.9940268993377686
1997-03-03,,48.0264892578125,2.9911298751831055
1997-03-04,,47.7628059387207,2.9853343963623047
1997-03-05,,48.572662353515625,2.9853343963623047
1997-03-06,,48.2901496887207,2.982435703277588
1997-03-07,,48.72335433959961,2.9911298751831055
1997-03-10,,49.231868743896484,2.9911298751831055
1997-03-11,,48.96818542480469,2.9911298751831055
1997-03-12,,48.535011291503906,2.9853343963623047
1997-03-13,,47.781654357910156,2.9679436683654785
1997-03-14,,48.0264892578125,2.9708447456359863
1997-03-17,,48.1583137512207,2.9679436683654785
1997-03-18,,47.6403694152832,2.9679436683654785
1997-03-19,,47.480308532714844,2.9650468826293945
1997-03-20,,47.23545455932617,2.962146520614624
1997-03-21,,47.45415496826172,2.962146520614624
1997-03-24,,48.115848541259766,2.9650468826293945
1997-03-25,,47.64323425292969,2.962146520614624
1997-03-26,,47.85120391845703,2.9534521102905273
1997-03-27,,46.5844841003418,2.9360604286193848
1997-03-31,,45.60137939453125,2.955003499984741
1997-04-01,,45.89441680908203,2.9579200744628906
1997-04-02,,45.0720100402832,2.960831642150879
1997-04-03,,45.31778335571289,2.960831642150879
1997-04-04,,45.88494873046875,2.952089786529541
1997-04-07,,46.06458282470703,2.960831642150879
1997-04-08,,46.39542007446289,2.955003499984741
1997-04-09,,46.01731491088867,2.955003499984741
1997-04-10,,45.847145080566406,2.955003499984741
1997-04-11,,44.391387939453125,2.943347215652466
1997-04-14,,44.986934661865234,2.943347215652466
1997-04-15,,45.752620697021484,2.9579200744628906
1997-04-16,,46.28199768066406,2.955003499984741
1997-04-17,,46.09293746948242,2.960831642150879
1997-04-18,,46.31980895996094,2.963745355606079
1997-04-21,,46.01731491088867,2.960831642150879
1997-04-22,,47.028770446777344,2.963745355606079
1997-04-23,,47.0760383605957,2.9579200744628906
1997-04-24,,46.8397216796875,2.9491782188415527
1997-04-25,,46.30089569091797,2.9491782188415527
1997-04-28,,46.75465393066406,2.952089786529541
1997-04-29,,48.22935485839844,2.97540545463562
1997-04-30,,48.45618438720703,3.002647876739502
1997-05-01,,48.39946365356445,3.0055789947509766
1997-05-02,,49.26914978027344,3.0085062980651855
1997-05-05,,50.44132614135742,3.0085062980651855
1997-05-06,,50.403526306152344,3.0085062980651855
1997-05-07,,49.30696105957031,2.9967901706695557
1997-05-08,,49.64728546142578,3.002647876739502
1997-05-09,,49.9875602722168,3.011435031890869
1997-05-12,,50.81942367553711,3.011435031890869
1997-05-13,,50.61146545410156,3.002647876739502
1997-05-14,,50.70598602294922,3.0085062980651855
1997-05-15,,51.04630661010742,3.011435031890869
1997-05-16,,50.34676742553711,3.0055789947509766
1997-05-19,,50.498050689697266,3.0055789947509766
1997-05-20,,51.103057861328125,3.0085062980651855
1997-05-21,,50.9896125793457,3.002647876739502
1997-05-22,,50.81942367553711,2.9967901706695557
1997-05-23,,51.292076110839844,2.999715805053711
1997-05-27,,51.50004196166992,2.9938604831695557
1997-05-28,,51.49061584472656,2.9938604831695557
1997-05-29,,51.18809127807617,2.999715805053711
1997-05-30,,51.51896286010742,3.027698516845703
1997-06-02,,51.292076110839844,3.027698516845703
1997-06-03,,51.1219367980957,3.033588171005249
1997-06-04,,51.065223693847656,3.033588171005249
1997-06-05,,51.25429153442383,3.033588171005249
1997-06-06,,52.256290435791016,3.048314332962036
1997-06-09,,52.520992279052734,3.039473533630371
1997-06-10,,52.681663513183594,3.036531686782837
1997-06-11,,52.80459213256836,3.036531686782837
1997-06-12,,53.82549285888672,3.048314332962036
1997-06-13,,54.279239654541016,3.054206132888794
1997-06-16,,54.29816436767578,3.0600950717926025
1997-06-17,,54.222503662109375,3.054206132888794
1997-06-18,,54.0334587097168,3.0571532249450684
1997-06-19,,54.591217041015625,3.0571532249450684
1997-06-20,,54.4051628112793,3.063040256500244
1997-06-23,,53.08610153198242,3.0571532249450684
1997-06-24,,54.43367385864258,3.0571532249450684
1997-06-25,,54.054054260253906,3.0512614250183105
1997-06-26,,53.7883415222168,3.0453686714172363
1997-06-27,,53.997127532958984,3.0512614250183105
1997-06-30,,53.63651657104492,3.05806827545166
1997-07-01,,54.262847900390625,3.066951274871826
1997-07-02,,55.1548957824707,3.0728728771209717
1997-07-03,,55.9140739440918,3.087671995162964
1997-07-07,,55.34471130371094,3.0935897827148438
1997-07-08,,55.92356872558594,3.0906319618225098
1997-07-09,,55.30671310424805,3.0935897827148438
1997-07-10,,55.55348205566406,3.0935897827148438
1997-07-11,,55.74327850341797,3.096555471420288
1997-07-14,,55.9140739440918,3.0935897827148438
1997-07-15,,56.198787689208984,3.0935897827148438
1997-07-16,,56.93898391723633,3.0995137691497803
1997-07-17,,56.65428924560547,3.102473258972168
1997-07-18,,55.44908905029297,3.096555471420288
1997-07-21,,55.458560943603516,3.0935897827148438
1997-07-22,,56.92951965332031,3.1083927154541016
1997-07-23,,56.88203430175781,3.111356019973755
1997-07-24,,57.14775085449219,3.1083927154541016
1997-07-25,,57.10979080200195,3.1054348945617676
1997-07-28,,57.07183074951172,3.1083927154541016
1997-07-29,,57.261619567871094,3.117276191711426
1997-07-30,,57.94493103027344,3.1231958866119385
1997-07-31,,57.887962341308594,3.1452133655548096
1997-08-01,,57.66020965576172,3.118436098098755
1997-08-04,,57.812034606933594,3.1154592037200928
1997-08-05,,57.85002136230469,3.1154592037200928
1997-08-06,,58.32451629638672,3.118436098098755
1997-08-07,,57.887962341308594,3.1154592037200928
1997-08-08,,56.71120071411133,3.0916550159454346
1997-08-11,,57.1287841796875,3.097606897354126
1997-08-12,,56.217750549316406,3.0946297645568848
1997-08-13,,56.04694366455078,3.097606897354126
1997-08-14,,56.25571060180664,3.1065335273742676
1997-08-15,,54.52857208251953,3.1095073223114014
1997-08-18,,55.74327850341797,3.1154592037200928
1997-08-19,,56.38855743408203,3.1154592037200928
1997-08-20,,57.24266815185547,3.1095073223114014
1997-08-21,,56.23674774169922,3.1035571098327637
1997-08-22,,56.217750549316406,3.0946297645568848
1997-08-25,,56.008975982666016,3.0916550159454346
1997-08-26,,55.1833610534668,3.0916550159454346
1997-08-27,,55.5154914855957,3.0916550159454346
1997-08-28,,54.67091751098633,3.1035571098327637
1997-08-29,,54.88917922973633,3.1140284538269043
1997-09-02,,56.67327880859375,3.120009422302246
1997-09-03,,56.36956787109375,3.117018461227417
1997-09-04,,56.730194091796875,3.1140284538269043
1997-09-05,,56.56886291503906,3.1110358238220215
1997-09-08,,56.815608978271484,3.1140284538269043
1997-09-09,,56.84406280517578,3.1140284538269043
1997-09-10,,55.66733932495117,3.1110358238220215
1997-09-11,,55.38264083862305,3.108041763305664
1997-09-12,,56.27470779418945,3.120009422302246
1997-09-15,,56.17979049682617,3.122999906539917
1997-09-16,,57.584312438964844,3.1469335556030273
1997-09-17,,57.584312438964844,3.1469335556030273
1997-09-18,,57.831024169921875,3.1469335556030273
1997-09-19,,57.9288215637207,3.1469335556030273
1997-09-22,,58.252708435058594,3.1529154777526855
1997-09-23,,57.986019134521484,3.1469335556030273
1997-09-24,,57.509742736816406,3.1529154777526855
1997-09-25,,57.109745025634766,3.1439402103424072
1997-09-26,,57.58599853515625,3.1469335556030273
1997-09-29,,58.13838577270508,3.1469335556030273
1997-09-30,,57.528831481933594,3.159862518310547
1997-10-01,,58.29078674316406,3.1688804626464844
1997-10-02,,58.61463928222656,3.174893379211426
1997-10-03,,58.909889221191406,3.174893379211426
1997-10-06,,59.3004035949707,3.1809065341949463
1997-10-07,,59.85285568237305,3.183913230895996
1997-10-08,,59.43375015258789,3.1628670692443848
1997-10-09,,59.224212646484375,3.1628670692443848
1997-10-10,,59.052799224853516,3.1538472175598145
1997-10-13,,59.10990905761719,3.1538472175598145
1997-10-14,,59.12895202636719,3.1658732891082764
1997-10-15,,58.995628356933594,3.159862518310547
1997-10-16,,58.06221008300781,3.159862518310547
1997-10-17,,57.471675872802734,3.150841474533081
1997-10-20,,58.29078674316406,3.150841474533081
1997-10-21,,59.42424392700195,3.150841474533081
1997-10-22,,59.033748626708984,3.1538472175598145
1997-10-23,,57.871700286865234,3.1658732891082764
1997-10-24,,57.30024719238281,3.1718878746032715
1997-10-27,,53.147483825683594,3.1959362030029297
1997-10-28,,56.21442794799805,3.174893379211426
1997-10-29,,56.06203842163086,3.1809065341949463
1997-10-30,,54.8238410949707,3.1929314136505127
1997-10-31,,56.11920928955078,3.212578535079956
1997-11-03,,57.30024719238281,3.2004847526550293
1997-11-04,,57.30024719238281,3.1914219856262207
1997-11-05,,57.490753173828125,3.1944406032562256
1997-11-06,,57.27163314819336,3.2004847526550293
1997-11-07,,56.65256118774414,3.2004847526550293
1997-11-10,,56.309688568115234,3.1974668502807617
1997-11-11,,56.32872772216797,3.1974668502807617
1997-11-12,,55.16672134399414,3.2035109996795654
1997-11-13,,55.966800689697266,3.2065327167510986
1997-11-14,,56.7287483215332,3.2065327167510986
1997-11-17,,57.7764778137207,3.2095556259155273
1997-11-18,,57.414546966552734,3.2095556259155273
1997-11-19,,57.70026397705078,3.212578535079956
1997-11-20,,58.57653045654297,3.2095556259155273
1997-11-21,,58.97654342651367,3.212578535079956
1997-11-24,,57.90983963012695,3.2095556259155273
1997-11-25,,58.06221008300781,3.2095556259155273
1997-11-26,,58.23366165161133,3.2065327167510986
1997-11-28,,58.29078674316406,3.222630739212036
1997-12-01,,59.79568099975586,3.222630739212036
1997-12-02,,59.43375015258789,3.222630739212036
1997-12-03,,59.605220794677734,3.228705883026123
1997-12-04,,59.548038482666016,3.228705883026123
1997-12-05,,60.31003952026367,3.2165544033050537
1997-12-08,,60.13858413696289,3.20744252204895
1997-12-09,,59.776634216308594,3.20744252204895
1997-12-10,,59.26231384277344,3.2165544033050537
1997-12-11,,58.252708435058594,3.231738805770874
1997-12-12,,58.36699676513672,3.240849733352661
1997-12-15,,58.95750427246094,3.234778881072998
1997-12-16,,59.3194694519043,3.2378153800964355
1997-12-17,,59.014652252197266,3.231738805770874
1997-12-18,,58.44321823120117,3.2378153800964355
1997-12-19,,58.00639724731445,3.24692964553833
1997-12-22,,58.37929916381836,3.24692964553833
1997-12-23,,57.33698654174805,3.2438926696777344
1997-12-24,,57.16488265991211,3.2438926696777344
1997-12-26,,57.39440155029297,3.2438926696777344
1997-12-29,,58.52275085449219,3.240849733352661
1997-12-30,,59.44074630737305,3.231738805770874
1997-12-31,,59.402469635009766,3.2579994201660156
1998-01-02,,59.70851135253906,3.270214796066284
1998-01-05,,59.842384338378906,3.2976951599121094
1998-01-06,,58.88612747192383,3.3007471561431885
1998-01-07,,59.03912353515625,3.291588544845581
1998-01-08,,58.52275085449219,3.3068535327911377
1998-01-09,,56.49550247192383,3.3190693855285645
1998-01-12,,57.52825164794922,3.3190693855285645
1998-01-13,,58.33149337768555,3.3129608631134033
1998-01-14,,58.59925842285156,3.3068535327911377
1998-01-15,,58.111549377441406,3.3068535327911377
1998-01-16,,58.943519592285156,3.2976951599121094
1998-01-20,,59.89979553222656,3.291588544845581
1998-01-21,,59.326019287109375,3.2946441173553467
1998-01-22,,58.8000602722168,3.2946441173553467
1998-01-23,,58.714012145996094,3.270214796066284
1998-01-26,,58.675804138183594,3.27937388420105
1998-01-27,,59.268638610839844,3.270214796066284
1998-01-28,,59.80415344238281,3.270214796066284
1998-01-29,,60.129276275634766,3.291588544845581
1998-01-30,,60.16749954223633,3.3142993450164795
1998-02-02,,61.16200637817383,3.308161735534668
1998-02-03,,61.621009826660156,3.308161735534668
1998-02-04,,61.54452133178711,3.308161735534668
1998-02-05,,61.50627517700195,3.2989535331726074
1998-02-06,,62.194766998291016,3.2989535331726074
1998-02-09,,61.98440170288086,3.292815685272217
1998-02-10,,62.57727813720703,3.295886754989624
1998-02-11,,62.51987838745117,3.3050928115844727
1998-02-12,,62.78765106201172,3.308161735534668
1998-02-13,,62.42427444458008,3.308161735534668
1998-02-17,,62.73025131225586,3.317368745803833
1998-02-18,,63.304012298583984,3.308161735534668
1998-02-19,,62.969322204589844,3.3050928115844727
1998-02-20,,63.43788528442383,3.3050928115844727
1998-02-23,,63.68653106689453,3.295886754989624
1998-02-24,,63.18928909301758,3.274402141571045
1998-02-25,,63.973388671875,3.2866785526275635
1998-02-26,,64.3367691040039,3.2805423736572266
1998-02-27,,64.3367691040039,3.3018131256103516
1998-03-02,,64.20285034179688,3.2863996028900146
1998-03-03,,64.56625366210938,3.2771475315093994
1998-03-04,,64.14552307128906,3.2802326679229736
1998-03-05,,63.55266189575195,3.2771475315093994
1998-03-06,,64.83402252197266,3.2833144664764404
1998-03-09,,64.6044921875,3.2925634384155273
1998-03-10,,65.21654510498047,3.2956442832946777
1998-03-11,,65.52250671386719,3.298731803894043
1998-03-12,,65.79031372070312,3.311063051223755
1998-03-13,,65.54169464111328,3.3079781532287598
1998-03-16,,66.2492904663086,3.3141467571258545
1998-03-17,,66.44058227539062,3.311063051223755
1998-03-18,,66.68916320800781,3.3079781532287598
1998-03-19,,66.86128234863281,3.3048973083496094
1998-03-20,,67.43700408935547,3.3079781532287598
1998-03-23,,67.2835464477539,3.3079781532287598
1998-03-24,,67.85895538330078,3.3079781532287598
1998-03-25,,67.60962677001953,3.2956442832946777
1998-03-26,,67.5712661743164,3.2894792556762695
1998-03-27,,67.2835464477539,3.2863996028900146
1998-03-30,,67.24517822265625,3.2802326679229736
1998-03-31,,67.47535705566406,3.3065741062164307
1998-04-01,,68.02198791503906,3.315871477127075
1998-04-02,,68.7603988647461,3.3251657485961914
1998-04-03,,69.10565948486328,3.340660810470581
1998-04-06,,68.5494613647461,3.3344647884368896
1998-04-07,,68.08910369873047,3.3313663005828857
1998-04-08,,67.70552062988281,3.3220696449279785
1998-04-09,,68.2425537109375,3.3220696449279785
1998-04-13,,68.0507583618164,3.3065741062164307
1998-04-14,,68.62615966796875,3.3127713203430176
1998-04-15,,68.81792449951172,3.318969249725342
1998-04-16,,68.01240539550781,3.3220696449279785
1998-04-17,,68.91384887695312,3.3220696449279785
1998-04-20,,68.89466857910156,3.3127713203430176
1998-04-21,,69.22073364257812,3.3065741062164307
1998-04-22,,69.41252899169922,3.3065741062164307
1998-04-23,,68.74126434326172,3.3034780025482178
1998-04-24,,68.01240539550781,3.3065741062164307
1998-04-27,,66.72733306884766,3.284881353378296
1998-04-28,,66.63143920898438,3.284881353378296
1998-04-29,,67.0917739868164,3.281782388687134
1998-04-30,,68.3384780883789,3.322890520095825
1998-05-01,,69.10565948486328,3.322890520095825
1998-05-04,,68.93303680419922,3.322890520095825
1998-05-05,,68.45352172851562,3.3197803497314453
1998-05-06,,67.64801788330078,3.326002597808838
1998-05-07,,67.11092376708984,3.326002597808838
1998-05-08,,68.2042236328125,3.3197803497314453
1998-05-11,,67.9740219116211,3.3042054176330566
1998-05-12,,68.70287322998047,3.3197803497314453
1998-05-13,,68.87549591064453,3.322890520095825
1998-05-14,,68.53026580810547,3.3197803497314453
1998-05-15,,68.14666748046875,3.3166608810424805
1998-05-18,,67.87814331054688,3.326002597808838
1998-05-19,,68.3384780883789,3.322890520095825
1998-05-20,,68.9906005859375,3.3322315216064453
1998-05-21,,68.5494613647461,3.322890520095825
1998-05-22,,68.28092193603516,3.322890520095825
1998-05-26,,67.18763732910156,3.335348606109619
1998-05-27,,67.2835464477539,3.3384647369384766
1998-05-28,,67.59041595458984,3.335348606109619
1998-05-29,,66.91913604736328,3.3553810119628906
1998-06-01,,67.22603607177734,3.3616414070129395
1998-06-02,,67.2835464477539,3.3553810119628906
1998-06-03,,66.20946502685547,3.3553810119628906
1998-06-04,,67.43700408935547,3.3491199016571045
1998-06-05,,68.74126434326172,3.3522491455078125
1998-06-08,,68.66451263427734,3.3522491455078125
1998-06-09,,68.87549591064453,3.3522491455078125
1998-06-10,,68.43434143066406,3.364767551422119
1998-06-11,,67.14926147460938,3.3804192543029785
1998-06-12,,67.78221893310547,3.3804192543029785
1998-06-15,,65.99848937988281,3.3866794109344482
1998-06-16,,67.01505279541016,3.3741586208343506
1998-06-17,,68.41515350341797,3.358506679534912
1998-06-18,,68.10829162597656,3.364767551422119
1998-06-19,,67.76702880859375,3.3678972721099854
1998-06-22,,68.09416198730469,3.371033191680908
1998-06-23,,68.9022445678711,3.371033191680908
1998-06-24,,69.82582092285156,3.3678972721099854
1998-06-25,,69.71040344238281,3.364767551422119
1998-06-26,,69.99899291992188,3.3678972721099854
1998-06-29,,70.24913024902344,3.3678972721099854
1998-06-30,,69.76811218261719,3.3874034881591797
1998-07-01,,70.57623291015625,3.3905439376831055
1998-07-02,,70.71089172363281,3.3936924934387207
1998-07-06,,71.42285919189453,3.3968331813812256
1998-07-07,,71.28819274902344,3.3936924934387207
1998-07-08,,71.80767059326172,3.3905439376831055
1998-07-09,,71.32662963867188,3.3968331813812256
1998-07-10,,71.71147155761719,3.3968331813812256
1998-07-13,,71.73069763183594,3.3874034881591797
1998-07-14,,72.53885650634766,3.3811075687408447
1998-07-15,,72.40419006347656,3.3811075687408447
1998-07-16,,72.90441131591797,3.3779659271240234
1998-07-17,,73.00062561035156,3.3779659271240234
1998-07-20,,73.00062561035156,3.3811075687408447
1998-07-21,,71.73069763183594,3.3874034881591797
1998-07-22,,71.73069763183594,3.3842523097991943
1998-07-23,,70.30685424804688,3.3874034881591797
1998-07-24,,70.24913024902344,3.3874034881591797
1998-07-27,,70.7494125366211,3.3842523097991943
1998-07-28,,69.55645751953125,3.3811075687408447
1998-07-29,,69.28710174560547,3.37481689453125
1998-07-30,,70.32611846923828,3.3779659271240234
1998-07-31,,68.82528686523438,3.3950366973876953
1998-08-03,,68.53668212890625,3.4045212268829346
1998-08-04,,65.88142395019531,3.410841703414917
1998-08-05,,66.78575134277344,3.410841703414917
1998-08-06,,67.0743408203125,3.4076781272888184
1998-08-07,,67.18978881835938,3.4171619415283203
1998-08-10,,66.80499267578125,3.4171619415283203
1998-08-11,,65.80445098876953,3.423485279083252
1998-08-12,,66.92044067382812,3.420323133468628
1998-08-13,,66.1123275756836,3.4139981269836426
1998-08-14,,65.3426513671875,3.420323133468628
1998-08-17,,66.72798156738281,3.4171619415283203
1998-08-18,,67.9594497680664,3.4171619415283203
1998-08-19,,67.78628540039062,3.4139981269836426
1998-08-20,,67.38223266601562,3.423485279083252
1998-08-21,,66.84346771240234,3.4392893314361572
1998-08-24,,67.26671600341797,3.4392893314361572
1998-08-25,,67.4206771850586,3.4487762451171875
1998-08-26,,67.03587341308594,3.458256244659424
1998-08-27,,63.880348205566406,3.47090220451355
1998-08-28,,63.64945602416992,3.47090220451355
1998-08-31,,59.10855484008789,3.503618001937866
1998-09-01,,61.60991287231445,3.4940896034240723
1998-09-02,,61.16733169555664,3.4877374172210693
1998-09-03,,60.68635559082031,3.5004398822784424
1998-09-04,,60.18605422973633,3.503618001937866
1998-09-08,,63.41856384277344,3.503618001937866
1998-09-09,,61.87926483154297,3.522677421569824
1998-09-10,,60.64787292480469,3.5607948303222656
1998-09-11,,62.61043167114258,3.541733980178833
1998-09-14,,63.687965393066406,3.53538179397583
1998-09-15,,64.07274627685547,3.5322072505950928
1998-09-16,,64.64998626708984,3.53538179397583
1998-09-17,,62.8028450012207,3.5512661933898926
1998-09-18,,63.08258819580078,3.567148208618164
1998-09-21,,63.04397201538086,3.5703234672546387
1998-09-22,,63.56532287597656,3.5576202869415283
1998-09-23,,66.11409759521484,3.5703234672546387
1998-09-24,,64.49214172363281,3.5798563957214355
1998-09-25,,64.4149169921875,3.5862066745758057
1998-09-28,,64.99418640136719,3.5830273628234863
1998-09-29,,64.83967590332031,3.5862066745758057
1998-09-30,,62.87018966674805,3.6311967372894287
1998-10-01,,61.055118560791016,3.6503403186798096
1998-10-02,,62.23299789428711,3.6503403186798096
1998-10-05,,60.97789001464844,3.675870656967163
1998-10-06,,60.91996765136719,3.6599133014678955
1998-10-07,,60.012451171875,3.6375768184661865
1998-10-08,,59.684200286865234,3.589717388153076
1998-10-09,,60.881385803222656,3.5450448989868164
1998-10-12,,61.76957702636719,3.5450448989868164
1998-10-13,,61.55720138549805,3.5514214038848877
1998-10-14,,62.13644027709961,3.5833327770233154
1998-10-15,,65.47693634033203,3.6152398586273193
1998-10-16,,65.49620056152344,3.612051248550415
1998-10-19,,65.72796630859375,3.612051248550415
1998-10-20,,66.11409759521484,3.596099376678467
1998-10-21,,65.88238525390625,3.589717388153076
1998-10-22,,66.86714935302734,3.5801429748535156
1998-10-23,,66.01754760742188,3.5673792362213135
1998-10-26,,66.50031280517578,3.5673792362213135
1998-10-27,,66.11409759521484,3.589717388153076
1998-10-28,,65.99822998046875,3.596099376678467
1998-10-29,,67.60088348388672,3.6024796962738037
1998-10-30,,67.9677734375,3.6034398078918457
1998-11-02,,69.12631225585938,3.574587106704712
1998-11-03,,68.6242904663086,3.574587106704712
1998-11-04,,69.35801696777344,3.5521457195281982
1998-11-05,,70.3041763305664,3.5553526878356934
1998-11-06,,70.51654815673828,3.5329082012176514
1998-11-09,,70.0145263671875,3.545736312866211
1998-11-10,,69.82142639160156,3.5553526878356934
1998-11-11,,69.35801696777344,3.5553526878356934
1998-11-12,,69.28076934814453,3.564972162246704
1998-11-13,,69.95661163330078,3.558561086654663
1998-11-16,,70.4779281616211,3.5553526878356934
1998-11-17,,70.4779281616211,3.5521457195281982
1998-11-18,,70.90274810791016,3.5553526878356934
1998-11-19,,71.52067565917969,3.5521457195281982
1998-11-20,,72.06128692626953,3.558561086654663
1998-11-23,,73.76049041748047,3.5553526878356934
1998-11-24,,73.29704284667969,3.5521457195281982
1998-11-25,,73.29704284667969,3.5553526878356934
1998-11-27,,73.83772277832031,3.558561086654663
1998-11-30,,71.75235748291016,3.5910868644714355
1998-12-01,,72.67920684814453,3.603966474533081
1998-12-02,,72.46675872802734,3.616852045059204
1998-12-03,,71.26960754394531,3.616852045059204
1998-12-04,,73.1426010131836,3.607191324234009
1998-12-07,,73.49015808105469,3.594310998916626
1998-12-08,,73.16192626953125,3.607191324234009
1998-12-09,,73.29704284667969,3.620075225830078
1998-12-10,,72.22540283203125,3.623295545578003
1998-12-11,,72.3702392578125,3.607191324234009
1998-12-14,,70.28488159179688,3.616852045059204
1998-12-15,,72.09993743896484,3.603966474533081
1998-12-16,,72.00334930419922,3.6136319637298584
1998-12-17,,73.1522445678711,3.6136319637298584
1998-12-18,,73.46308898925781,3.6104140281677246
1998-12-21,,74.48982238769531,3.5975310802459717
1998-12-22,,74.81919860839844,3.584644079208374
1998-12-23,,76.38843536376953,3.5653231143951416
1998-12-24,,76.05907440185547,3.5524420738220215
1998-12-28,,75.86534881591797,3.5685417652130127
1998-12-29,,77.06649780273438,3.5814268589019775
1998-12-30,,76.44654846191406,3.5910868644714355
1998-12-31,,76.44654846191406,3.6050045490264893
1999-01-04,,76.2721939086914,3.601763963699341
1999-01-05,,77.14399719238281,3.5920603275299072
1999-01-06,,79.00379943847656,3.5985312461853027
1999-01-07,,78.61634063720703,3.5920603275299072
1999-01-08,,79.19754028320312,3.5726430416107178
1999-01-11,,78.44197845458984,3.566168785095215
1999-01-12,,77.02775573730469,3.579111337661743
1999-01-13,,76.48531341552734,3.5920603275299072
1999-01-14,,75.1485595703125,3.611475706100464
1999-01-15,,77.1052017211914,3.595297336578369
1999-01-19,,77.60892486572266,3.5920603275299072
1999-01-20,,78.22891235351562,3.582350969314575
1999-01-21,,76.15597534179688,3.595297336578369
1999-01-22,,75.98161315917969,3.608236312866211
1999-01-25,,76.75651550292969,3.6050045490264893
1999-01-26,,78.15132141113281,3.5985312461853027
1999-01-27,,77.24085235595703,3.6050045490264893
1999-01-28,,78.53884887695312,3.6050045490264893
1999-01-29,,79.13943481445312,3.62873911857605
1999-02-01,,78.67448425292969,3.6092300415039062
1999-02-02,,78.1901626586914,3.5994744300842285
1999-02-03,,78.98442840576172,3.589721918106079
1999-02-04,,77.80262756347656,3.576709032058716
1999-02-05,,76.91151428222656,3.566960573196411
1999-02-08,,77.06649780273438,3.570208787918091
1999-02-09,,75.34226989746094,3.576709032058716
1999-02-10,,75.82657623291016,3.5734617710113525
1999-02-11,,77.5702133178711,3.5734617710113525
1999-02-12,,76.64031219482422,3.5441975593566895
1999-02-16,,76.17533111572266,3.5474510192871094
1999-02-17,,76.09781646728516,3.557204008102417
1999-02-18,,76.69843292236328,3.5474510192871094
1999-02-19,,77.02775573730469,3.540944814682007
1999-02-22,,79.08129119873047,3.550698757171631
1999-02-23,,79.04254913330078,3.537696123123169
1999-02-24,,77.647705078125,3.521435022354126
1999-02-25,,76.91151428222656,3.498678684234619
1999-02-26,,76.60154724121094,3.5176212787628174
1999-03-01,,76.81466674804688,3.4980227947235107
1999-03-02,,76.13658142089844,3.50455379486084
1999-03-03,,76.5434341430664,3.5012898445129395
1999-03-04,,77.51203918457031,3.494755506515503
1999-03-05,,79.07157897949219,3.507821798324585
1999-03-08,,79.5849838256836,3.5143558979034424
1999-03-09,,79.39124298095703,3.530681848526001
1999-03-10,,80.08869171142578,3.5241541862487793
1999-03-11,,80.9798583984375,3.5241541862487793
1999-03-12,,80.20491790771484,3.5339529514312744
1999-03-15,,81.34793090820312,3.5372142791748047
1999-03-16,,81.03797149658203,3.543748617172241
1999-03-17,,80.68927001953125,3.5404839515686035
1999-03-18,,81.9872817993164,3.543748617172241
1999-03-19,,80.59371948242188,3.5339529514312744
1999-03-22,,80.74903869628906,3.5241541862487793
1999-03-23,,78.41865539550781,3.5274195671081543
1999-03-24,,78.86528015136719,3.5339529514312744
1999-03-25,,80.4771728515625,3.5241541862487793
1999-03-26,,79.89454650878906,3.5241541862487793
1999-03-29,,81.50640869140625,3.5176212787628174
1999-03-30,,81.07917785644531,3.530681848526001
1999-03-31,,79.77804565429688,3.538233757019043
1999-04-01,,80.38005065917969,3.531672477722168
1999-04-05,,82.28321838378906,3.5480782985687256
1999-04-06,,82.08902740478516,3.5612099170684814
1999-04-07,,82.74932861328125,3.5612099170684814
1999-04-08,,83.79801940917969,3.5841827392578125
1999-04-09,,83.81744384765625,3.5809030532836914
1999-04-12,,84.71073913574219,3.5809030532836914
1999-04-13,,84.1670150756836,3.571054458618164
1999-04-14,,82.74932861328125,3.5677764415740967
1999-04-15,,82.43855285644531,3.5612099170684814
1999-04-16,,81.73945617675781,3.551365613937378
1999-04-19,,80.4771728515625,3.5612099170684814
1999-04-20,,81.48701477050781,3.564488410949707
1999-04-21,,83.81744384765625,3.564488410949707
1999-04-22,,84.61366271972656,3.5480782985687256
1999-04-23,,84.39998626708984,3.5480782985687256
1999-04-26,,84.88553619384766,3.551365613937378
1999-04-27,,85.29335021972656,3.5579278469085693
1999-04-28,,84.12813568115234,3.5480782985687256
1999-04-29,,83.48727416992188,3.5612099170684814
1999-04-30,,82.80758666992188,3.5483505725860596
1999-05-03,,84.32234191894531,3.5483505725860596
1999-05-04,,83.11831665039062,3.541752576828003
1999-05-05,,83.778564453125,3.5450475215911865
1999-05-06,,83.26393127441406,3.5252649784088135
1999-05-07,,83.89512634277344,3.5186691284179688
1999-05-10,,83.47754669189453,3.5252649784088135
1999-05-11,,84.32234191894531,3.5120749473571777
1999-05-12,,84.98261260986328,3.515371322631836
1999-05-13,,85.35163116455078,3.53515887260437
1999-05-14,,83.13772583007812,3.498882293701172
1999-05-17,,83.39020538330078,3.492283582687378
1999-05-18,,83.23480224609375,3.488990545272827
1999-05-19,,83.83683776855469,3.498882293701172
1999-05-20,,83.33191680908203,3.498882293701172
1999-05-21,,82.86585998535156,3.508774995803833
1999-05-24,,81.48701477050781,3.508774995803833
1999-05-25,,80.16647338867188,3.508774995803833
1999-05-26,,81.05976104736328,3.498882293701172
1999-05-27,,79.89454650878906,3.4823949337005615
1999-05-28,,80.91409301757812,3.49996018409729
1999-06-01,,80.63251495361328,3.4734442234039307
1999-06-02,,80.71015167236328,3.4701321125030518
1999-06-03,,81.1568832397461,3.4734442234039307
1999-06-04,,82.78814697265625,3.4734442234039307
1999-06-07,,83.00180053710938,3.4734442234039307
1999-06-08,,82.1861572265625,3.4701321125030518
1999-06-09,,82.10845947265625,3.460188388824463
1999-06-10,,81.35105895996094,3.4535577297210693
1999-06-11,,80.6713638305664,3.4369888305664062
1999-06-14,,80.74903869628906,3.4402992725372314
1999-06-15,,81.29280853271484,3.443617820739746
1999-06-16,,82.8464126586914,3.450244188308716
1999-06-17,,83.62323760986328,3.480074644088745
1999-06-18,,83.7198486328125,3.4701321125030518
1999-06-21,,83.91461181640625,3.4568748474121094
1999-06-22,,83.33027648925781,3.450244188308716
1999-06-23,,82.92122650146484,3.4369888305664062
1999-06-24,,82.29789733886719,3.4303581714630127
1999-06-25,,82.09335327148438,3.433673143386841
1999-06-28,,83.09651947021484,3.443617820739746
1999-06-29,,83.87567901611328,3.450244188308716
1999-06-30,,85.39498138427734,3.490882635116577
1999-07-01,,86.0378189086914,3.484222412109375
1999-07-02,,86.89488220214844,3.4875521659851074
1999-07-06,,86.87543487548828,3.477558135986328
1999-07-07,,86.99227142333984,3.474229097366333
1999-07-08,,87.06047821044922,3.484222412109375
1999-07-09,,87.57664489746094,3.484222412109375
1999-07-12,,87.18701934814453,3.500875234603882
1999-07-13,,86.87543487548828,3.5042073726654053
1999-07-14,,87.36236572265625,3.4975481033325195
1999-07-15,,87.91753387451172,3.500875234603882
1999-07-16,,88.3947525024414,3.507535696029663
1999-07-19,,87.81039428710938,3.5108695030212402
1999-07-20,,86.00859832763672,3.514198064804077
1999-07-21,,85.91117095947266,3.5108695030212402
1999-07-22,,84.78141784667969,3.4875521659851074
1999-07-23,,84.61589050292969,3.477558135986328
1999-07-26,,83.99256896972656,3.4708967208862305
1999-07-27,,84.69377136230469,3.480891227722168
1999-07-28,,84.9664535522461,3.477558135986328
1999-07-29,,83.7782974243164,3.4642369747161865
1999-07-30,,82.74588775634766,3.475281000137329
1999-08-02,,82.94066619873047,3.471937417984009
1999-08-03,,82.55110168457031,3.465237617492676
1999-08-04,,81.42137908935547,3.468587636947632
1999-08-05,,82.16156005859375,3.481982707977295
1999-08-06,,81.26551055908203,3.451847791671753
1999-08-09,,81.09017944335938,3.431758403778076
1999-08-10,,80.1941909790039,3.4284114837646484
1999-08-11,,81.16815185546875,3.435105562210083
1999-08-12,,81.11940002441406,3.438455581665039
1999-08-13,,82.9991226196289,3.455197334289551
1999-08-16,,83.36922454833984,3.4585421085357666
1999-08-17,,83.91461181640625,3.475281000137329
1999-08-18,,83.31080627441406,3.4786324501037598
1999-08-19,,82.6290283203125,3.471937417984009
1999-08-20,,83.46662139892578,3.475281000137329
1999-08-23,,85.06390380859375,3.471937417984009
1999-08-24,,85.37555694580078,3.481982707977295
1999-08-25,,86.2520980834961,3.5020694732666016
1999-08-26,,85.2197265625,3.49871826171875
1999-08-27,,84.18731689453125,3.4786324501037598
1999-08-30,,82.6290283203125,3.4585421085357666
1999-08-31,,82.31732940673828,3.473015069961548
1999-09-01,,83.33027648925781,3.473015069961548
1999-09-02,,82.3465805053711,3.466280698776245
1999-09-03,,84.75224304199219,3.4898436069488525
1999-09-07,,84.44058990478516,3.476377487182617
1999-09-08,,84.03147888183594,3.4831085205078125
1999-09-09,,83.99256896972656,3.476377487182617
1999-09-10,,84.69377136230469,3.4898436069488525
1999-09-13,,84.11918640136719,3.4898436069488525
1999-09-14,,83.56405639648438,3.479745626449585
1999-09-15,,82.23947143554688,3.4864726066589355
1999-09-16,,82.56082916259766,3.4932050704956055
1999-09-17,,83.60403442382812,3.4965732097625732
1999-09-20,,83.4868392944336,3.4898436069488525
1999-09-21,,81.72875213623047,3.4864726066589355
1999-09-22,,81.64089965820312,3.4898436069488525
1999-09-23,,79.93168640136719,3.503302574157715
1999-09-24,,79.85354614257812,3.5234928131103516
1999-09-27,,80.38095092773438,3.5066659450531006
1999-09-28,,80.22469329833984,3.4965732097625732
1999-09-29,,79.26756286621094,3.479745626449585
1999-09-30,,80.4786148071289,3.5108606815338135
1999-10-01,,80.3028564453125,3.4939489364624023
1999-10-04,,81.72875213623047,3.50071382522583
1999-10-05,,81.65068817138672,3.4838008880615234
1999-10-06,,82.90081024169922,3.4804205894470215
1999-10-07,,82.43199920654297,3.4838008880615234
1999-10-08,,83.68221282958984,3.4871885776519775
1999-10-11,,83.5454330444336,3.4871885776519775
1999-10-12,,82.2562255859375,3.4804205894470215
1999-10-13,,80.12702941894531,3.47027587890625
1999-10-14,,80.10750579833984,3.4635097980499268
1999-10-15,,78.05647277832031,3.477038621902466
1999-10-18,,78.62293243408203,3.466892957687378
1999-10-19,,79.38477325439453,3.460127830505371
1999-10-20,,80.16609191894531,3.460127830505371
1999-10-21,,80.63491821289062,3.460127830505371
1999-10-22,,81.31856536865234,3.4567441940307617
1999-10-25,,80.90840148925781,3.4533631801605225
1999-10-26,,79.89265441894531,3.449981451034546
1999-10-27,,81.33808135986328,3.460127830505371
1999-10-28,,84.11192321777344,3.4736530780792236
1999-10-29,,85.63550567626953,3.5154762268066406
1999-11-01,,84.73696899414062,3.5086755752563477
1999-11-02,,84.13147735595703,3.512072801589966
1999-11-03,,84.69790649414062,3.5188724994659424
1999-11-04,,85.34253692626953,3.52907395362854
1999-11-05,,86.18244934082031,3.539275646209717
1999-11-08,,86.26058959960938,3.532474994659424
1999-11-09,,85.44996643066406,3.532474994659424
1999-11-10,,86.08476257324219,3.5256783962249756
1999-11-11,,86.57313537597656,3.5256783962249756
1999-11-12,,87.35445404052734,3.5358734130859375
1999-11-15,,87.55962371826172,3.5358734130859375
1999-11-16,,88.29207611083984,3.532474994659424
1999-11-17,,88.52650451660156,3.5188724994659424
1999-11-18,,89.15155029296875,3.5154762268066406
1999-11-19,,89.07341766357422,3.512072801589966
1999-11-22,,89.05391693115234,3.5086755752563477
1999-11-23,,88.27252960205078,3.5086755752563477
1999-11-24,,88.7413558959961,3.5086755752563477
1999-11-26,,88.40929412841797,3.50187611579895
1999-11-29,,88.09673309326172,3.488276958465576
1999-11-30,,87.06146240234375,3.5128791332244873
1999-12-01,,87.76475524902344,3.5060460567474365
1999-12-02,,88.29207611083984,3.502629518508911
1999-12-03,,89.91339111328125,3.5128791332244873
1999-12-06,,89.24923706054688,3.5197129249572754
1999-12-07,,88.52650451660156,3.5265517234802246
1999-12-08,,87.96005249023438,3.5197129249572754
1999-12-09,,88.38975524902344,3.52313494682312
1999-12-10,,88.68275451660156,3.5333852767944336
1999-12-13,,88.8390121459961,3.5299642086029053
1999-12-14,,87.97956848144531,3.509460210800171
1999-12-15,,88.4483871459961,3.4992125034332275
1999-12-16,,88.8390121459961,3.4889609813690186
1999-12-17,,89.40959167480469,3.4889609813690186
1999-12-20,,88.76338195800781,3.4752891063690186
1999-12-21,,90.11450958251953,3.471874952316284
1999-12-22,,90.34951782226562,3.4684574604034424
1999-12-23,,91.78874969482422,3.4684574604034424
1999-12-27,,91.66143798828125,3.471874952316284
1999-12-28,,91.6026840209961,3.4684574604034424
1999-12-29,,91.99433135986328,3.4752891063690186
1999-12-30,,91.8866195678711,3.4752891063690186
1999-12-31,,92.03350067138672,3.480100393295288
2000-01-03,,91.13275146484375,3.4629242420196533
2000-01-04,,87.56889343261719,3.4766628742218018
2000-01-05,,87.72559356689453,3.459486722946167
2000-01-06,,86.31568145751953,3.466360330581665
2000-01-07,,91.32854461669922,3.4766628742218018
2000-01-10,,91.641845703125,3.466360330581665
2000-01-11,,90.54529571533203,3.449181079864502
2000-01-12,,89.64456939697266,3.445744752883911
2000-01-13,,90.85856628417969,3.459486722946167
2000-01-14,,92.09223175048828,3.4526171684265137
2000-01-18,,91.36775970458984,3.442309856414795
2000-01-19,,92.1118392944336,3.445744752883911
2000-01-20,,90.70195770263672,3.438872814178467
2000-01-21,,90.50617218017578,3.438872814178467
2000-01-24,,87.94093322753906,3.4560534954071045
2000-01-25,,88.93960571289062,3.4526171684265137
2000-01-26,,88.23468780517578,3.4560534954071045
2000-01-27,,87.88221740722656,3.4526171684265137
2000-01-28,,85.14076232910156,3.4560534954071045
2000-01-31,,87.451416015625,3.4643406867980957
2000-02-01,,88.31298828125,3.471252679824829
2000-02-02,,88.39131164550781,3.471252679824829
2000-02-03,,89.72283935546875,3.488518714904785
2000-02-04,,89.35079956054688,3.4781582355499268
2000-02-07,,89.21377563476562,3.4643406867980957
2000-02-08,,90.42784881591797,3.467796564102173
2000-02-09,,88.52840423583984,3.460888385772705
2000-02-10,,88.7046127319336,3.4505271911621094
2000-02-11,,86.90312957763672,3.457432270050049
2000-02-14,,87.4122314453125,3.471252679824829
2000-02-15,,88.4011459350586,3.4643406867980957
2000-02-16,,87.09896087646484,3.4643406867980957
2000-02-17,,86.64859008789062,3.457432270050049
2000-02-18,,84.7883071899414,3.471252679824829
2000-02-22,,84.57286071777344,3.4954259395599365
2000-02-23,,85.57160949707031,3.4781582355499268
2000-02-24,,83.84839630126953,3.4954259395599365
2000-02-25,,83.54490661621094,3.4954259395599365
2000-02-28,,85.29742431640625,3.4816133975982666
2000-02-29,,86.1198501586914,3.4989686012268066
2000-03-01,,86.74651336669922,3.5059099197387695
2000-03-02,,86.80520629882812,3.5059099197387695
2000-03-03,,88.43051147460938,3.5093839168548584
2000-03-06,,87.56889343261719,3.5059099197387695
2000-03-07,,85.8751220703125,3.5093839168548584
2000-03-08,,85.76734924316406,3.5093839168548584
2000-03-09,,88.2738265991211,3.512850046157837
2000-03-10,,87.80384826660156,3.5059099197387695
2000-03-13,,86.84432220458984,3.5093839168548584
2000-03-14,,85.61072540283203,3.5163207054138184
2000-03-15,,87.60804748535156,3.5197930335998535
2000-03-16,,91.70060729980469,3.526736259460449
2000-03-17,,92.30669403076172,3.537151575088501
2000-03-20,,91.83551788330078,3.537151575088501
2000-03-21,,93.72016143798828,3.540623426437378
2000-03-22,,94.28947448730469,3.540623426437378
2000-03-23,,95.89925384521484,3.540623426437378
2000-03-24,,96.46855163574219,3.526736259460449
2000-03-27,,95.44768524169922,3.523263931274414
2000-03-28,,94.89801025390625,3.526736259460449
2000-03-29,,94.99615478515625,3.526736259460449
2000-03-30,,93.40604400634766,3.5440893173217773
2000-03-31,,94.4661636352539,3.5702688694000244
2000-04-03,,95.01579284667969,3.577249526977539
2000-04-04,,94.30907440185547,3.601677656173706
2000-04-05,,93.72016143798828,3.5912067890167236
2000-04-06,,94.5348129272461,3.587719202041626
2000-04-07,,95.13361358642578,3.598186492919922
2000-04-10,,94.76053619384766,3.608659029006958
2000-04-11,,94.48577880859375,3.5946996212005615
2000-04-12,,91.89439392089844,3.577249526977539
2000-04-13,,90.61840057373047,3.5842299461364746
2000-04-14,,85.43569946289062,3.5946996212005615
2000-04-17,,88.41964721679688,3.577249526977539
2000-04-18,,90.75576782226562,3.5702688694000244
2000-04-19,,89.91162872314453,3.5842299461364746
2000-04-20,,90.34355926513672,3.5842299461364746
2000-04-24,,89.36199951171875,3.5842299461364746
2000-04-25,,93.07228088378906,3.5632846355438232
2000-04-26,,92.02203369140625,3.5597991943359375
2000-04-27,,91.71778106689453,3.5388593673706055
2000-04-28,,91.14839935302734,3.5613138675689697
2000-05-01,,92.38520812988281,3.5542960166931152
2000-05-02,,90.53985595703125,3.5472803115844727
2000-05-03,,88.41964721679688,3.5297398567199707
2000-05-04,,89.087158203125,3.519209861755371
2000-05-05,,90.1668701171875,3.505173444747925
2000-05-08,,89.48957061767578,3.4981603622436523
2000-05-09,,88.77303314208984,3.505173444747925
2000-05-10,,86.7706298828125,3.5157032012939453
2000-05-11,,88.75341033935547,3.5227162837982178
2000-05-12,,89.71532440185547,3.5016653537750244
2000-05-15,,91.26619720458984,3.508687734603882
2000-05-16,,92.1496353149414,3.5157032012939453
2000-05-17,,91.18767547607422,3.512192726135254
2000-05-18,,90.06871795654297,3.4946517944335938
2000-05-19,,88.65522766113281,3.505173444747925
2000-05-22,,87.98776245117188,3.519209861755371
2000-05-23,,86.69212341308594,3.5157032012939453
2000-05-24,,88.10555267333984,3.512192726135254
2000-05-25,,86.59395599365234,3.5297398567199707
2000-05-26,,86.69212341308594,3.5402660369873047
2000-05-30,,89.51898193359375,3.53324556350708
2000-05-31,,89.71532440185547,3.5671181678771973
2000-06-01,,91.28585052490234,3.5847585201263428
2000-06-02,,92.87601470947266,3.5988709926605225
2000-06-05,,92.42446899414062,3.605926990509033
2000-06-06,,92.01222229003906,3.602398157119751
2000-06-07,,92.65023803710938,3.602398157119751
2000-06-08,,92.28702545166016,3.602398157119751
2000-06-09,,92.09071350097656,3.602398157119751
2000-06-12,,91.0110092163086,3.6094558238983154
2000-06-13,,92.71894836425781,3.6094558238983154
2000-06-14,,92.87601470947266,3.6165120601654053
2000-06-15,,93.07228088378906,3.6200389862060547
2000-06-16,,92.30754089355469,3.6341559886932373
2000-06-19,,93.48817443847656,3.6270973682403564
2000-06-20,,93.15367889404297,3.6235709190368652
2000-06-21,,93.11434173583984,3.6094558238983154
2000-06-22,,91.69757843017578,3.605926990509033
2000-06-23,,90.91040802001953,3.595341444015503
2000-06-26,,92.0812759399414,3.6094558238983154
2000-06-27,,91.40235900878906,3.6094558238983154
2000-06-28,,91.65818786621094,3.6094558238983154
2000-06-29,,90.7923812866211,3.6235709190368652
2000-06-30,,91.48107147216797,3.6459128856658936
2000-07-03,,92.74043273925781,3.653002977371216
2000-07-05,,91.06786346435547,3.656550645828247
2000-07-06,,91.77627563476562,3.649460792541504
2000-07-07,,93.25212097167969,3.656550645828247
2000-07-10,,93.09467315673828,3.653002977371216
2000-07-11,,93.29141998291016,3.6459128856658936
2000-07-12,,93.90145111083984,3.6423678398132324
2000-07-13,,94.31463623046875,3.656550645828247
2000-07-14,,95.23951721191406,3.6388168334960938
2000-07-17,,95.08202362060547,3.628178119659424
2000-07-18,,94.30487823486328,3.628178119659424
2000-07-19,,93.54718780517578,3.6246328353881836
2000-07-20,,94.84595489501953,3.656550645828247
2000-07-21,,92.99627685546875,3.656550645828247
2000-07-24,,92.46497344970703,3.649460792541504
2000-07-25,,92.7601547241211,3.653002977371216
2000-07-26,,91.8549575805664,3.653002977371216
2000-07-27,,91.5401382446289,3.656550645828247
2000-07-28,,89.4739761352539,3.653002977371216
2000-07-31,,90.044677734375,3.6686954498291016
2000-08-01,,90.59557342529297,3.679389476776123
2000-08-02,,91.04821014404297,3.6829559803009033
2000-08-03,,91.67787170410156,3.6900835037231445
2000-08-04,,92.1697998046875,3.7007806301116943
2000-08-07,,93.27174377441406,3.6900835037231445
2000-08-08,,93.62593841552734,3.697216749191284
2000-08-09,,92.83883666992188,3.7007806301116943
2000-08-10,,92.38623046875,3.707913637161255
2000-08-11,,92.81916046142578,3.697216749191284
2000-08-14,,93.99980926513672,3.697216749191284
2000-08-15,,93.92103576660156,3.6936488151550293
2000-08-16,,93.58661651611328,3.6900835037231445
2000-08-17,,94.57047271728516,3.6900835037231445
2000-08-18,,94.255615234375,3.697216749191284
2000-08-21,,94.76726531982422,3.697216749191284
2000-08-22,,94.60984802246094,3.7007806301116943
2000-08-23,,94.98367309570312,3.707913637161255
2000-08-24,,95.27888488769531,3.7114779949188232
2000-08-25,,95.23951721191406,3.7114779949188232
2000-08-28,,95.56419372558594,3.7043445110321045
2000-08-29,,95.58384704589844,3.697216749191284
2000-08-30,,94.66883850097656,3.6936488151550293
2000-08-31,,95.92823028564453,3.7280664443969727
2000-09-01,,96.02660369873047,3.7424020767211914
2000-09-05,,95.2591781616211,3.7424020767211914
2000-09-06,,94.17692565917969,3.735231399536133
2000-09-07,,94.98367309570312,3.7280664443969727
2000-09-08,,94.33435821533203,3.7316484451293945
2000-09-11,,94.19659423828125,3.7280664443969727
2000-09-12,,93.50788879394531,3.7280664443969727
2000-09-13,,93.75386047363281,3.735231399536133
2000-09-14,,94.22612762451172,3.7280664443969727
2000-09-15,,92.16468048095703,3.7244772911071777
2000-09-18,,91.31637573242188,3.7244772911071777
2000-09-19,,92.14488220214844,3.7244772911071777
2000-09-20,,91.46436309814453,3.7173099517822266
2000-09-21,,90.07359313964844,3.7208950519561768
2000-09-22,,91.71092987060547,3.7280664443969727
2000-09-25,,91.05992889404297,3.7280664443969727
2000-09-26,,89.89604187011719,3.735231399536133
2000-09-27,,90.36949157714844,3.735231399536133
2000-09-28,,91.53334045410156,3.735231399536133
2000-09-29,,90.66541290283203,3.7615349292755127
2000-10-02,,90.80350494384766,3.7579290866851807
2000-10-03,,89.9551773071289,3.7507264614105225
2000-10-04,,90.70487976074219,3.7471251487731934
2000-10-05,,91.02047729492188,3.7507264614105225
2000-10-06,,89.04777526855469,3.7579290866851807
2000-10-09,,88.3770523071289,3.7579290866851807
2000-10-10,,86.917236328125,3.7579290866851807
2000-10-11,,86.18733978271484,3.765134811401367
2000-10-12,,84.03714752197266,3.775944232940674
2000-10-13,,86.83833312988281,3.775944232940674
2000-10-16,,87.23289489746094,3.772341728210449
2000-10-17,,85.06291198730469,3.7903597354888916
2000-10-18,,84.74729919433594,3.7903597354888916
2000-10-19,,87.94306182861328,3.7903597354888916
2000-10-20,,88.3178939819336,3.793962240219116
2000-10-23,,88.71240234375,3.808372974395752
2000-10-24,,88.1205825805664,3.80116868019104
2000-10-25,,86.04927062988281,3.7903597354888916
2000-10-26,,86.28594207763672,3.7903597354888916
2000-10-27,,87.92335510253906,3.783151388168335
2000-10-30,,88.71240234375,3.783151388168335
2000-10-31,,90.24125671386719,3.795463800430298
2000-11-01,,89.93551635742188,3.802708864212036
2000-11-02,,90.08341217041016,3.802708864212036
2000-11-03,,90.13278198242188,3.7882227897644043
2000-11-06,,90.76402282714844,3.7773568630218506
2000-11-07,,90.74432373046875,3.7773568630218506
2000-11-08,,88.732177734375,3.7809789180755615
2000-11-09,,88.39678192138672,3.7882227897644043
2000-11-10,,86.24653625488281,3.7918436527252197
2000-11-13,,85.57585906982422,3.795463800430298
2000-11-14,,87.82466888427734,3.7990896701812744
2000-11-15,,88.10090637207031,3.8063273429870605
2000-11-16,,86.71998596191406,3.8135745525360107
2000-11-17,,86.2563705444336,3.8099517822265625
2000-11-20,,85.02347564697266,3.8135745525360107
2000-11-21,,85.45742797851562,3.8135745525360107
2000-11-22,,83.41571807861328,3.824439525604248
2000-11-24,,85.1220703125,3.8208189010620117
2000-11-27,,85.8717269897461,3.8208189010620117
2000-11-28,,84.39218139648438,3.831681489944458
2000-11-29,,84.23439025878906,3.8389270305633545
2000-11-30,,83.50452423095703,3.8771517276763916
2000-12-01,,83.46499633789062,3.8662304878234863
2000-12-04,,84.17521667480469,3.869870662689209
2000-12-05,,86.93695831298828,3.884430170059204
2000-12-06,,85.54624938964844,3.9062767028808594
2000-12-07,,84.37248992919922,3.9099128246307373
2000-12-08,,84.56976318359375,3.90263295173645
2000-12-11,,87.50906372070312,3.898993968963623
2000-12-12,,87.13426208496094,3.898993968963623
2000-12-13,,85.94078826904297,3.9135587215423584
2000-12-14,,84.84590911865234,3.931760787963867
2000-12-15,,82.92955017089844,3.935399293899536
2000-12-18,,84.03759765625,3.9426817893981934
2000-12-19,,82.32600402832031,3.935399293899536
2000-12-20,,79.94161987304688,3.9572410583496094
2000-12-21,,80.49567413330078,3.964524507522583
2000-12-22,,82.90974426269531,3.9718079566955566
2000-12-26,,83.8001708984375,3.96816086769104
2000-12-27,,84.41356658935547,3.9536027908325195
2000-12-28,,84.67085266113281,3.9463212490081787
2000-12-29,,83.06806945800781,3.970104932785034
2001-01-02,,81.56420135498047,4.014015197753906
2001-01-03,,85.48216247558594,3.9737603664398193
2001-01-04,,84.56201934814453,4.003037929534912
2001-01-05,,81.80164337158203,4.02864933013916
2001-01-08,,82.43484497070312,4.0359673500061035
2001-01-09,,82.2171859741211,4.017672061920166
2001-01-10,,83.66165161132812,3.9993796348571777
2001-01-11,,83.74079895019531,3.9920597076416016
2001-01-12,,83.5825424194336,3.966444492340088
2001-01-16,,84.11678314208984,3.970104932785034
2001-01-17,,84.50265502929688,3.9847400188446045
2001-01-18,,85.3436279296875,4.0066962242126465
2001-01-19,,84.85882568359375,3.9883971214294434
2001-01-22,,85.42273712158203,3.9810826778411865
2001-01-23,,86.09554290771484,3.9627866744995117
2001-01-24,,86.35277557373047,3.9627866744995117
2001-01-25,,86.13509368896484,3.970104932785034
2001-01-26,,86.03620147705078,3.9737603664398193
2001-01-29,,86.49524688720703,3.966444492340088
2001-01-30,,87.25509643554688,3.9810826778411865
2001-01-31,,86.76119995117188,4.023002624511719
2001-02-01,,87.33739471435547,4.037713050842285
2001-02-02,,85.3554916381836,4.019327163696289
2001-02-05,,85.98233795166016,4.019327163696289
2001-02-06,,85.72908020019531,4.0082926750183105
2001-02-07,,85.28584289550781,4.0119733810424805
2001-02-08,,84.291748046875,4.0119733810424805
2001-02-09,,83.48120880126953,4.026681423187256
2001-02-12,,84.43737030029297,4.023002624511719
2001-02-13,,83.7471694946289,4.015646457672119
2001-02-14,,83.62051391601562,4.000940322875977
2001-02-15,,84.43102264404297,3.9899086952209473
2001-02-16,,82.56938934326172,4.0119733810424805
2001-02-20,,81.29668426513672,4.0082926750183105
2001-02-21,,79.5427017211914,4.0046162605285645
2001-02-22,,79.66302490234375,4.0046162605285645
2001-02-23,,79.1247787475586,4.019327163696289
2001-02-26,,80.80912017822266,4.026681423187256
2001-02-27,,80.06196594238281,4.041393756866455
2001-02-28,,78.48523712158203,4.073894500732422
2001-03-01,,78.8968505859375,4.081280708312988
2001-03-02,,78.26995086669922,4.062815189361572
2001-03-05,,78.9854736328125,4.059122562408447
2001-03-06,,79.83395385742188,4.055426120758057
2001-03-07,,80.40386962890625,4.070199012756348
2001-03-08,,80.49252319335938,4.073894500732422
2001-03-09,,78.11164855957031,4.066506862640381
2001-03-12,,74.76835632324219,4.066506862640381
2001-03-13,,75.99678802490234,4.062815189361572
2001-03-14,,74.49609375,4.081280708312988
2001-03-15,,74.51508331298828,4.092360019683838
2001-03-16,,73.02050018310547,4.099748134613037
2001-03-19,,74.50617980957031,4.084974765777588
2001-03-20,,72.5062484741211,4.096052646636963
2001-03-21,,71.27452850341797,4.1034393310546875
2001-03-22,,70.55074310302734,4.1145243644714355
2001-03-23,,72.68403625488281,4.099748134613037
2001-03-26,,73.61096954345703,4.088666915893555
2001-03-27,,75.11570739746094,4.055426120758057
2001-03-28,,73.03956604003906,4.059122562408447
2001-03-29,,73.31892395019531,4.062815189361572
2001-03-30,,74.08715057373047,4.09473991394043
2001-04-02,,72.5062484741211,4.087312698364258
2001-04-03,,70.08727264404297,4.09473991394043
2001-04-04,,70.37933349609375,4.1021647453308105
2001-04-05,,73.04595184326172,4.091026782989502
2001-04-06,,71.93482208251953,4.113301753997803
2001-04-09,,72.73484802246094,4.1058759689331055
2001-04-10,,74.06179809570312,4.076174259185791
2001-04-11,,74.11256408691406,4.068751811981201
2001-04-12,,75.45858764648438,4.057616233825684
2001-04-16,,74.66492462158203,4.027919292449951
2001-04-17,,75.7188720703125,4.042764663696289
2001-04-18,,78.72831726074219,4.065039157867432
2001-04-19,,79.77593231201172,4.042764663696289
2001-04-20,,79.0457763671875,4.039052963256836
2001-04-23,,77.61087799072266,4.057616233825684
2001-04-24,,77.19183349609375,4.053900241851807
2001-04-25,,78.20137023925781,4.042764663696289
2001-04-26,,78.55056762695312,4.057616233825684
2001-04-27,,79.85847473144531,4.03162956237793
2001-04-30,,80.41718292236328,4.047293186187744
2001-05-01,,80.66478729248047,4.054754257202148
2001-05-02,,80.51872253417969,4.0584869384765625
2001-05-03,,79.49654388427734,4.077138423919678
2001-05-04,,80.84892272949219,4.084597587585449
2001-05-07,,80.15052032470703,4.080866813659668
2001-05-08,,80.11243438720703,4.080866813659668
2001-05-09,,79.77593231201172,4.088326454162598
2001-05-10,,80.01080322265625,4.069675445556641
2001-05-11,,79.45848083496094,4.02491569519043
2001-05-14,,79.6171875,4.032372951507568
2001-05-15,,79.98543548583984,4.02491569519043
2001-05-16,,81.87110137939453,4.028646469116211
2001-05-17,,81.99806213378906,4.032372951507568
2001-05-18,,82.3726577758789,4.036104202270508
2001-05-21,,83.58533477783203,4.036104202270508
2001-05-22,,83.4774169921875,4.036104202270508
2001-05-23,,82.06156921386719,4.036104202270508
2001-05-24,,82.30284881591797,4.013722896575928
2001-05-25,,81.33146667480469,4.017452716827393
2001-05-29,,80.68382263183594,4.013722896575928
2001-05-30,,79.55370330810547,4.009991645812988
2001-05-31,,79.96635437011719,4.056485176086426
2001-06-01,,80.46160888671875,4.0639824867248535
2001-06-04,,80.84892272949219,4.0677289962768555
2001-06-05,,81.77587127685547,4.082725524902344
2001-06-06,,81.0965347290039,4.082725524902344
2001-06-07,,81.38858032226562,4.071478366851807
2001-06-08,,80.63304138183594,4.0639824867248535
2001-06-11,,80.0616226196289,4.075224876403809
2001-06-12,,79.92195129394531,4.086472511291504
2001-06-13,,79.23626708984375,4.086472511291504
2001-06-14,,77.45849609375,4.093972682952881
2001-06-15,,77.58328247070312,4.093972682952881
2001-06-18,,77.2076644897461,4.090224266052246
2001-06-19,,77.54508972167969,4.093972682952881
2001-06-20,,77.95262145996094,4.097719669342041
2001-06-21,,78.83763885498047,4.101473331451416
2001-06-22,,78.22001647949219,4.116462230682373
2001-06-25,,77.50053405761719,4.112720012664795
2001-06-26,,77.39227294921875,4.093972682952881
2001-06-27,,77.34770965576172,4.086472511291504
2001-06-28,,77.77435302734375,4.0639824867248535
2001-06-29,,78.06084442138672,4.072646141052246
2001-07-02,,79.03499603271484,4.0877156257629395
2001-07-03,,79.0158920288086,4.076416015625
2001-07-05,,77.47506713867188,4.068878173828125
2001-07-06,,75.80054473876953,4.0801801681518555
2001-07-09,,76.2143325805664,4.083950042724609
2001-07-10,,75.29751586914062,4.095247268676758
2001-07-11,,75.37390899658203,4.091483116149902
2001-07-12,,77.1631088256836,4.102785110473633
2001-07-13,,77.83161926269531,4.102785110473633
2001-07-16,,76.85749053955078,4.110321998596191
2001-07-17,,77.5769271850586,4.114088535308838
2001-07-18,,77.04847717285156,4.136687278747559
2001-07-19,,77.72338104248047,4.132928371429443
2001-07-20,,77.25858306884766,4.132928371429443
2001-07-23,,75.73685455322266,4.132928371429443
2001-07-24,,75.00460815429688,4.140461444854736
2001-07-25,,75.83233642578125,4.125394344329834
2001-07-26,,76.62820434570312,4.129154682159424
2001-07-27,,76.92110443115234,4.140461444854736
2001-07-30,,76.94659423828125,4.144226551055908
2001-07-31,,77.26493835449219,4.18019437789917
2001-08-01,,77.7488784790039,4.172626972198486
2001-08-02,,78.06719207763672,4.157478332519531
2001-08-03,,77.64060974121094,4.14990234375
2001-08-06,,76.59639739990234,4.14990234375
2001-08-07,,76.89566040039062,4.153696060180664
2001-08-08,,75.46939849853516,4.172626972198486
2001-08-09,,75.69225311279297,4.168838024139404
2001-08-10,,75.95333862304688,4.1764116287231445
2001-08-13,,75.97242736816406,4.183985710144043
2001-08-14,,75.94060516357422,4.18019437789917
2001-08-15,,75.28478240966797,4.172626972198486
2001-08-16,,75.54584503173828,4.18019437789917
2001-08-17,,74.33609008789062,4.199127674102783
2001-08-20,,75.02373504638672,4.18776798248291
2001-08-21,,73.74390411376953,4.191556930541992
2001-08-22,,74.50800323486328,4.18776798248291
2001-08-23,,74.2405776977539,4.1953444480896
2001-08-24,,75.78142547607422,4.18776798248291
2001-08-27,,75.32935333251953,4.183985710144043
2001-08-28,,74.22784423828125,4.202915191650391
2001-08-29,,73.56568145751953,4.214277267456055
2001-08-30,,72.15216064453125,4.214277267456055
2001-08-31,,72.68063354492188,4.226833820343018
2001-09-04,,72.21580505371094,4.188783645629883
2001-09-05,,72.39410400390625,4.196393013000488
2001-09-06,,70.52854919433594,4.2192206382751465
2001-09-07,,69.22331237792969,4.234439849853516
2001-09-10,,70.07010650634766,4.23063325881958
2001-09-17,,66.40902709960938,4.306723594665527
2001-09-18,,66.24980926513672,4.26868200302124
2001-09-19,,64.91276550292969,4.2876996994018555
2001-09-20,,62.84978485107422,4.26868200302124
2001-09-21,,62.17167663574219,4.283899307250977
2001-09-24,,64.35746002197266,4.276286602020264
2001-09-25,,65.02848815917969,4.280096530914307
2001-09-26,,64.79837799072266,4.2991180419921875
2001-09-27,,65.36080932617188,4.310528755187988
2001-09-28,,66.7476577758789,4.328867435455322
2001-10-01,,66.63899230957031,4.328867435455322
2001-10-02,,67.47624969482422,4.336509704589844
2001-10-03,,68.60746002197266,4.347973346710205
2001-10-04,,68.66496276855469,4.340331077575684
2001-10-05,,68.53077697753906,4.344151496887207
2001-10-08,,68.08338928222656,4.344151496887207
2001-10-09,,67.71910095214844,4.328867435455322
2001-10-10,,69.2273941040039,4.328867435455322
2001-10-11,,70.3010482788086,4.3097686767578125
2001-10-12,,69.98153686523438,4.31358528137207
2001-10-15,,69.85371398925781,4.325047016143799
2001-10-16,,70.294677734375,4.332691192626953
2001-10-17,,68.7992172241211,4.336509704589844
2001-10-18,,68.6522216796875,4.336509704589844
2001-10-19,,68.60746002197266,4.325047016143799
2001-10-22,,69.96232604980469,4.325047016143799
2001-10-23,,69.60444641113281,4.321229457855225
2001-10-24,,69.41911315917969,4.332691192626953
2001-10-25,,70.66535186767578,4.35179328918457
2001-10-26,,70.5055923461914,4.347973346710205
2001-10-29,,68.67137908935547,4.359436511993408
2001-10-30,,67.84693908691406,4.378536701202393
2001-10-31,,67.61685943603516,4.424976348876953
2001-11-01,,69.34880065917969,4.444163799285889
2001-11-02,,69.8217544555664,4.413463592529297
2001-11-05,,70.73565673828125,4.421140670776367
2001-11-06,,71.83490753173828,4.436491012573242
2001-11-07,,71.73907470703125,4.455679893493652
2001-11-08,,71.9627456665039,4.43265438079834
2001-11-09,,72.0394515991211,4.424976348876953
2001-11-12,,71.59843444824219,4.424976348876953
2001-11-13,,73.20896911621094,4.413463592529297
2001-11-14,,73.27928161621094,4.378923416137695
2001-11-15,,73.41350555419922,4.321354866027832
2001-11-16,,73.08757781982422,4.282979965209961
2001-11-19,,73.9886474609375,4.30984354019165
2001-11-20,,73.3687515258789,4.290656089782715
2001-11-21,,72.8830337524414,4.259954929351807
2001-11-23,,73.93116760253906,4.244601249694824
2001-11-26,,74.09095001220703,4.248441219329834
2001-11-27,,73.77143096923828,4.256112575531006
2001-11-28,,72.4356918334961,4.256112575531006
2001-11-29,,73.41350555419922,4.298328399658203
2001-11-30,,72.88945007324219,4.3222336769104
2001-12-03,,72.45484924316406,4.329946994781494
2001-12-04,,73.6819076538086,4.341512680053711
2001-12-05,,75.03042602539062,4.283677101135254
2001-12-06,,74.99205780029297,4.256687641143799
2001-12-07,,74.49358367919922,4.225843906402588
2001-12-10,,73.1003189086914,4.2296977043151855
2001-12-11,,72.95333099365234,4.241264343261719
2001-12-12,,73.036376953125,4.264401435852051
2001-12-13,,71.61764526367188,4.237407207489014
2001-12-14,,72.30146789550781,4.218130588531494
2001-12-17,,73.04925537109375,4.218130588531494
2001-12-18,,73.48379516601562,4.225843906402588
2001-12-19,,74.00147247314453,4.252830505371094
2001-12-20,,73.27289581298828,4.241264343261719
2001-12-21,,73.7173080444336,4.237407207489014
2001-12-24,,73.57621002197266,4.2296977043151855
2001-12-26,,73.98023223876953,4.214274883270264
2001-12-27,,74.42913818359375,4.233550548553467
2001-12-28,,74.390625,4.2296977043151855
2001-12-31,,73.30050659179688,4.272302150726318
2002-01-02,,74.08928680419922,4.237440586090088
2002-01-03,,74.92932891845703,4.249064922332764
2002-01-04,,75.42959594726562,4.245189666748047
2002-01-07,,74.89729309082031,4.268429279327393
2002-01-08,,74.72417449951172,4.264556884765625
2002-01-09,,74.11489868164062,4.268429279327393
2002-01-10,,74.44198608398438,4.29166841506958
2002-01-11,,73.71092224121094,4.314910411834717
2002-01-14,,73.2491683959961,4.314910411834717
2002-01-15,,73.84557342529297,4.322659969329834
2002-01-16,,72.35134887695312,4.314910411834717
2002-01-17,,72.8964614868164,4.295543670654297
2002-01-18,,72.56298065185547,4.3032917976379395
2002-01-22,,72.06280517578125,4.2994208335876465
2002-01-23,,72.61429595947266,4.27617883682251
2002-01-24,,72.83873748779297,4.272302150726318
2002-01-25,,72.8194808959961,4.264556884765625
2002-01-28,,73.0183334350586,4.264556884765625
2002-01-29,,70.72244262695312,4.287801265716553
2002-01-30,,71.74210357666016,4.287801265716553
2002-01-31,,72.58218383789062,4.29168701171875
2002-02-01,,72.24232482910156,4.3033599853515625
2002-02-04,,70.44664764404297,4.322817325592041
2002-02-05,,70.01065063476562,4.322817325592041
2002-02-06,,69.70918273925781,4.315037250518799
2002-02-07,,69.27310180664062,4.31114387512207
2002-02-08,,70.60063171386719,4.322817325592041
2002-02-11,,71.46633911132812,4.318922519683838
2002-02-12,,71.24186706542969,4.3033599853515625
2002-02-13,,71.9986343383789,4.295577049255371
2002-02-14,,71.86394500732422,4.307255744934082
2002-02-15,,71.1136245727539,4.326706886291504
2002-02-19,,69.74766540527344,4.322817325592041
2002-02-20,,70.92121887207031,4.322817325592041
2002-02-21,,69.45269012451172,4.326706886291504
2002-02-22,,70.31200408935547,4.3344879150390625
2002-02-25,,71.47272491455078,4.330600261688232
2002-02-26,,71.3252944946289,4.315037250518799
2002-02-27,,71.60102844238281,4.3344879150390625
2002-02-28,,71.2803955078125,4.346987247467041
2002-03-01,,72.94133758544922,4.319644451141357
2002-03-04,,74.23037719726562,4.315742015838623
2002-03-05,,73.99309539794922,4.311835289001465
2002-03-06,,74.87164306640625,4.307928562164307
2002-03-07,,74.7113037109375,4.264970779418945
2002-03-08,,75.02555084228516,4.241535186767578
2002-03-11,,75.18589782714844,4.241535186767578
2002-03-12,,75.14097595214844,4.245439052581787
2002-03-13,,74.41632843017578,4.253251552581787
2002-03-14,,74.31371307373047,4.225911617279053
2002-03-15,,75.02184295654297,4.233722686767578
2002-03-18,,75.03466033935547,4.245439052581787
2002-03-19,,75.53627014160156,4.241535186767578
2002-03-20,,74.114990234375,4.222009181976318
2002-03-21,,74.14712524414062,4.22981595993042
2002-03-22,,73.9863510131836,4.222009181976318
2002-03-25,,73.06666564941406,4.222009181976318
2002-03-26,,73.49113464355469,4.2376275062561035
2002-03-27,,73.6841049194336,4.2376275062561035
2002-03-28,,73.65192413330078,4.247048854827881
2002-04-01,,73.6841049194336,4.243127346038818
2002-04-02,,73.2789077758789,4.262750625610352
2002-04-03,,72.76441192626953,4.278451919555664
2002-04-04,,72.4621353149414,4.282371997833252
2002-04-05,,72.4749984741211,4.298072338104248
2002-04-08,,72.62934875488281,4.29022741317749
2002-04-09,,72.12126922607422,4.298072338104248
2002-04-10,,72.93805694580078,4.2941508293151855
2002-04-11,,71.12438201904297,4.302000045776367
2002-04-12,,71.65821075439453,4.309852123260498
2002-04-15,,71.1115493774414,4.3177032470703125
2002-04-16,,72.802978515625,4.309852123260498
2002-04-17,,72.64863586425781,4.302000045776367
2002-04-18,,72.33348846435547,4.3059282302856445
2002-04-19,,72.59716796875,4.309852123260498
2002-04-22,,71.38809204101562,4.3177032470703125
2002-04-23,,71.07940673828125,4.313778400421143
2002-04-24,,70.36550903320312,4.333404541015625
2002-04-25,,70.40409851074219,4.333404541015625
2002-04-26,,69.06635284423828,4.341254711151123
2002-04-29,,68.7254867553711,4.333404541015625
2002-04-30,,69.3686752319336,4.3574604988098145
2002-05-01,,70.21757507324219,4.3653459548950195
2002-05-02,,69.94746398925781,4.3574604988098145
2002-05-03,,69.1885757446289,4.3653459548950195
2002-05-06,,67.83155059814453,4.361401081085205
2002-05-07,,67.59358978271484,4.3653459548950195
2002-05-08,,70.10826110839844,4.333798885345459
2002-05-09,,69.29788970947266,4.341684818267822
2002-05-10,,67.99234008789062,4.3574604988098145
2002-05-13,,69.37509155273438,4.337741374969482
2002-05-14,,70.88645935058594,4.321963787078857
2002-05-15,,70.60990142822266,4.32985782623291
2002-05-16,,70.97650146484375,4.345627784729004
2002-05-17,,71.32378387451172,4.333798885345459
2002-05-20,,70.55199432373047,4.345627784729004
2002-05-21,,69.90886688232422,4.3574604988098145
2002-05-22,,70.06322479248047,4.3653459548950195
2002-05-23,,70.80928039550781,4.3574604988098145
2002-05-24,,69.90242004394531,4.3574604988098145
2002-05-28,,69.52302551269531,4.361401081085205
2002-05-29,,69.00848388671875,4.377176761627197
2002-05-30,,68.81551361083984,4.3850603103637695
2002-05-31,,68.95703887939453,4.402500629425049
2002-06-03,,67.12409973144531,4.406459808349609
2002-06-04,,67.29129028320312,4.4143829345703125
2002-06-05,,67.92158508300781,4.406459808349609
2002-06-06,,66.5388412475586,4.4143829345703125
2002-06-07,,66.46166229248047,4.402500629425049
2002-06-10,,66.71894073486328,4.406459808349609
2002-06-11,,65.5741958618164,4.418351173400879
2002-06-12,,65.97288513183594,4.426274299621582
2002-06-13,,65.31048583984375,4.438160419464111
2002-06-14,,65.21398162841797,4.46193790435791
2002-06-17,,66.96329498291016,4.450048446655273
2002-06-18,,67.510009765625,4.454009532928467
2002-06-19,,65.93427276611328,4.477789402008057
2002-06-20,,65.09178161621094,4.457976341247559
2002-06-21,,64.07402038574219,4.473824977874756
2002-06-24,,64.40959930419922,4.454009532928467
2002-06-25,,62.963924407958984,4.454009532928467
2002-06-26,,63.06719207763672,4.485715389251709
2002-06-27,,64.1708755493164,4.457976341247559
2002-06-28,,63.86750030517578,4.478277206420898
2002-07-01,,62.621883392333984,4.478277206420898
2002-07-02,,61.29241180419922,4.498180389404297
2002-07-03,,61.64091491699219,4.498180389404297
2002-07-05,,64.0933609008789,4.4703145027160645
2002-07-08,,63.29312515258789,4.478277206420898
2002-07-09,,61.69902038574219,4.498180389404297
2002-07-10,,59.453041076660156,4.522066116333008
2002-07-11,,59.93705368041992,4.530023574829102
2002-07-12,,59.27878189086914,4.537985801696777
2002-07-15,,59.595027923583984,4.534005165100098
2002-07-16,,58.44624328613281,4.510124683380127
2002-07-17,,58.56239700317383,4.522066116333008
2002-07-18,,56.66496658325195,4.537985801696777
2002-07-19,,54.67073059082031,4.549926280975342
2002-07-22,,53.050804138183594,4.573813438415527
2002-07-23,,51.598655700683594,4.585754871368408
2002-07-24,,54.67720413208008,4.573813438415527
2002-07-25,,54.212501525878906,4.593715190887451
2002-07-26,,55.245121002197266,4.597696304321289
2002-07-29,,57.936378479003906,4.5539093017578125
2002-07-30,,58.69148254394531,4.545947551727295
2002-07-31,,58.83348083496094,4.597519874572754
2002-08-01,,57.29746627807617,4.613508224487305
2002-08-02,,56.01314163208008,4.649494647979736
2002-08-05,,54.0640754699707,4.657482147216797
2002-08-06,,55.88401794433594,4.625505447387695
2002-08-07,,56.85859298706055,4.649494647979736
2002-08-08,,58.697940826416016,4.6295037269592285
2002-08-09,,58.91738510131836,4.657482147216797
2002-08-12,,58.48497009277344,4.669480800628662
2002-08-13,,57.420066833496094,4.6934661865234375
2002-08-14,,59.5175895690918,4.697464942932129
2002-08-15,,60.34368133544922,4.669480800628662
2002-08-16,,60.16293716430664,4.633502006530762
2002-08-19,,61.569915771484375,4.637497425079346
2002-08-20,,60.91807556152344,4.6774749755859375
2002-08-21,,61.795780181884766,4.669480800628662
2002-08-22,,62.39602279663086,4.64549446105957
2002-08-23,,61.0536003112793,4.6654839515686035
2002-08-26,,61.479522705078125,4.669480800628662
2002-08-27,,60.769630432128906,4.6534929275512695
2002-08-28,,59.44015884399414,4.6654839515686035
2002-08-29,,59.46596908569336,4.681473255157471
2002-08-30,,59.233604431152344,4.708773136138916
2002-09-03,,56.97473907470703,4.748912811279297
2002-09-04,,57.7879524230957,4.756946086883545
2002-09-05,,57.29746627807617,4.768987655639648
2002-09-06,,58.08483123779297,4.736872673034668
2002-09-09,,58.51079559326172,4.7288384437561035
2002-09-10,,59.1820068359375,4.744901657104492
2002-09-11,,58.81411361694336,4.724830150604248
2002-09-12,,57.729862213134766,4.748912811279297
2002-09-13,,57.871829986572266,4.7649736404418945
2002-09-16,,58.01382827758789,4.768987655639648
2002-09-17,,56.684329986572266,4.773001670837402
2002-09-18,,56.116390228271484,4.773001670837402
2002-09-19,,54.664283752441406,4.789053916931152
2002-09-20,,54.68242263793945,4.793073654174805
2002-09-23,,54.23512268066406,4.813143253326416
2002-09-24,,53.35993576049805,4.8171539306640625
2002-09-25,,54.68242263793945,4.793073654174805
2002-09-26,,55.577049255371094,4.793073654174805
2002-09-27,,53.64518737792969,4.8091301918029785
2002-09-30,,53.022850036621094,4.851439952850342
2002-10-01,,55.570587158203125,4.827262878417969
2002-10-02,,53.90449142456055,4.827262878417969
2002-10-03,,53.35993576049805,4.8312907218933105
2002-10-04,,52.381038665771484,4.827262878417969
2002-10-07,,51.298397064208984,4.839352607727051
2002-10-08,,52.102264404296875,4.8353166580200195
2002-10-09,,50.63065719604492,4.84740686416626
2002-10-10,,52.270835876464844,4.8312907218933105
2002-10-11,,54.55924987792969,4.803084373474121
2002-10-14,,54.863929748535156,4.803084373474121
2002-10-15,,57.50246810913086,4.758764266967773
2002-10-16,,56.10865783691406,4.750704288482666
2002-10-17,,57.22370529174805,4.726527214050293
2002-10-18,,57.46353530883789,4.726527214050293
2002-10-21,,58.45542907714844,4.710407257080078
2002-10-22,,58.03404998779297,4.706380367279053
2002-10-23,,58.474857330322266,4.710407257080078
2002-10-24,,57.28200912475586,4.730556011199951
2002-10-25,,58.474857330322266,4.742644786834717
2002-10-28,,58.092369079589844,4.754732608795166
2002-10-29,,57.41816329956055,4.78696870803833
2002-10-30,,57.975677490234375,4.782939910888672
2002-10-31,,57.385765075683594,4.817730903625488
2002-11-01,,58.5202751159668,4.7975006103515625
2002-11-04,,59.077754974365234,4.78536319732666
2002-11-05,,59.54450988769531,4.777275085449219
2002-11-06,,60.315982818603516,4.78536319732666
2002-11-07,,58.83788299560547,4.821771144866943
2002-11-08,,58.118309020996094,4.825813293457031
2002-11-11,,57.217247009277344,4.825813293457031
2002-11-12,,57.670982360839844,4.825813293457031
2002-11-13,,57.72933578491211,4.829862594604492
2002-11-14,,58.818450927734375,4.789410591125488
2002-11-15,,59.25278854370117,4.781321048736572
2002-11-18,,58.6563835144043,4.78536319732666
2002-11-19,,58.578575134277344,4.793455123901367
2002-11-20,,59.88165283203125,4.7691850662231445
2002-11-21,,60.99665451049805,4.753004550933838
2002-11-22,,60.56232452392578,4.744913101196289
2002-11-25,,60.60124206542969,4.74086856842041
2002-11-26,,59.44728469848633,4.765135288238525
2002-11-27,,61.11985778808594,4.728733062744141
2002-11-29,,60.92536544799805,4.746599197387695
2002-12-02,,61.022613525390625,4.750661373138428
2002-12-03,,60.20576477050781,4.750661373138428
2002-12-04,,59.93350601196289,4.762837886810303
2002-12-05,,59.272239685058594,4.7750244140625
2002-12-06,,59.6612434387207,4.783139228820801
2002-12-09,,58.02107238769531,4.79532527923584
2002-12-10,,58.799015045166016,4.79532527923584
2002-12-11,,58.85086441040039,4.811565399169922
2002-12-12,,58.84439468383789,4.8075056076049805
2002-12-13,,57.91735076904297,4.79532527923584
2002-12-16,,59.41489028930664,4.783139228820801
2002-12-17,,58.89625549316406,4.78720235824585
2002-12-18,,58.215553283691406,4.80344295501709
2002-12-19,,57.80064010620117,4.8278093338012695
2002-12-20,,58.62538146972656,4.8278093338012695
2002-12-23,,58.64496994018555,4.823746204376221
2002-12-24,,58.20849609375,4.8318681716918945
2002-12-26,,58.234519958496094,4.835931301116943
2002-12-27,,56.92509078979492,4.856227397918701
2002-12-30,,57.40061569213867,4.864352226257324
2002-12-31,,57.47882080078125,4.877591133117676
2003-01-02,,59.329010009765625,4.827949047088623
2003-01-03,,59.51139450073242,4.823805332183838
2003-01-06,,60.560237884521484,4.819673538208008
2003-01-07,,60.41040802001953,4.827949047088623
2003-01-08,,59.53744125366211,4.836216449737549
2003-01-09,,60.46256637573242,4.798986434936523
2003-01-10,,60.62542724609375,4.798986434936523
2003-01-13,,60.605865478515625,4.8031229972839355
2003-01-14,,60.80131530761719,4.815533638000488
2003-01-15,,60.195438385009766,4.815533638000488
2003-01-16,,59.947879791259766,4.815533638000488
2003-01-17,,59.061920166015625,4.827949047088623
2003-01-21,,58.143314361572266,4.836216449737549
2003-01-22,,57.43975830078125,4.85276985168457
2003-01-23,,57.79153823852539,4.844492435455322
2003-01-24,,56.27362060546875,4.85276985168457
2003-01-27,,55.504878997802734,4.844492435455322
2003-01-28,,55.91529846191406,4.836216449737549
2003-01-29,,56.33873748779297,4.823805332183838
2003-01-30,,55.00325012207031,4.832079887390137
2003-01-31,,56.06513595581055,4.854090690612793
2003-02-03,,56.1758918762207,4.8499345779418945
2003-02-04,,55.622169494628906,4.862392425537109
2003-02-05,,55.27687454223633,4.845788478851318
2003-02-06,,55.016292572021484,4.858240604400635
2003-02-07,,54.34526443481445,4.86654806137085
2003-02-10,,54.72966766357422,4.854090690612793
2003-02-11,,54.3517951965332,4.858240604400635
2003-02-12,,53.485355377197266,4.870699405670166
2003-02-13,,53.64820861816406,4.887310028076172
2003-02-14,,54.82085037231445,4.86654806137085
2003-02-18,,55.785037994384766,4.86654806137085
2003-02-19,,55.491859436035156,4.883155345916748
2003-02-20,,54.93812561035156,4.89561653137207
2003-02-21,,55.491859436035156,4.883155345916748
2003-02-24,,54.592857360839844,4.89561653137207
2003-02-25,,55.02930450439453,4.903916835784912
2003-02-26,,54.228004455566406,4.9080705642700195
2003-02-27,,54.94462966918945,4.9122185707092285
2003-02-28,,55.30947494506836,4.940545082092285
2003-03-03,,54.781776428222656,4.94888162612915
2003-03-04,,53.90880584716797,4.953045845031738
2003-03-05,,54.36479568481445,4.961378574371338
2003-03-06,,53.90880584716797,4.957211971282959
2003-03-07,,54.28013610839844,4.961378574371338
2003-03-10,,52.977203369140625,4.973874568939209
2003-03-11,,52.45602798461914,4.96970796585083
2003-03-12,,52.80782699584961,4.965543270111084
2003-03-13,,54.631900787353516,4.928048610687256
2003-03-14,,54.80781173706055,4.932220935821533
2003-03-17,,56.53420639038086,4.911392688751221
2003-03-18,,56.86647033691406,4.894730091094971
2003-03-19,,57.302913665771484,4.878062725067139
2003-03-20,,57.4267578125,4.86973237991333
2003-03-21,,58.65248489379883,4.844735145568848
2003-03-24,,56.70329666137695,4.873899936676025
2003-03-25,,57.24616241455078,4.878062725067139
2003-03-26,,56.9583625793457,4.882227420806885
2003-03-27,,57.00419235229492,4.88639497756958
2003-03-28,,56.71635437011719,4.898892879486084
2003-03-31,,55.427799224853516,4.931799411773682
2003-04-01,,56.27809524536133,4.931799411773682
2003-04-02,,57.638648986816406,4.910704612731934
2003-04-03,,57.363922119140625,4.910704612731934
2003-04-04,,57.70408630371094,4.910704612731934
2003-04-07,,57.59284973144531,4.88961124420166
2003-04-08,,57.68442153930664,4.906483173370361
2003-04-09,,56.925662994384766,4.919137954711914
2003-04-10,,57.23965072631836,4.910704612731934
2003-04-11,,57.00419235229492,4.9022650718688965
2003-04-14,,58.18151092529297,4.88961124420166
2003-04-15,,58.724456787109375,4.9022650718688965
2003-04-16,,57.72368621826172,4.906483173370361
2003-04-17,,58.5805549621582,4.9022650718688965
2003-04-21,,58.63938522338867,4.893828392028809
2003-04-22,,59.74479293823242,4.893828392028809
2003-04-23,,60.29425811767578,4.893828392028809
2003-04-24,,59.75794219970703,4.914927005767822
2003-04-25,,59.01877212524414,4.919137954711914
2003-04-28,,60.03915023803711,4.919137954711914
2003-04-29,,60.24844741821289,4.910704612731934
2003-04-30,,60.11764907836914,4.94372034072876
2003-05-01,,60.111106872558594,4.947952747344971
2003-05-02,,60.967979431152344,4.935252666473389
2003-05-05,,60.85026168823242,4.939488887786865
2003-05-06,,61.425811767578125,4.9606475830078125
2003-05-07,,61.085723876953125,4.9860453605651855
2003-05-08,,60.47085952758789,4.994510173797607
2003-05-09,,61.308074951171875,4.994510173797607
2003-05-12,,62.06032180786133,5.002975940704346
2003-05-13,,61.94911575317383,5.002975940704346
2003-05-14,,61.818267822265625,5.024145603179932
2003-05-15,,62.210723876953125,5.015675067901611
2003-05-16,,62.05379104614258,5.036838054656982
2003-05-19,,60.6016845703125,5.041068077087402
2003-05-20,,60.477386474609375,5.0580034255981445
2003-05-21,,60.6016845703125,5.049532413482666
2003-05-22,,61.203426361083984,5.0580034255981445
2003-05-23,,61.3277473449707,5.0580034255981445
2003-05-27,,62.40042495727539,5.049532413482666
2003-05-28,,62.577003479003906,5.045303821563721
2003-05-29,,62.413516998291016,5.066468238830566
2003-05-30,,63.414268493652344,5.079206943511963
2003-06-02,,63.67591094970703,5.066462993621826
2003-06-03,,63.937564849853516,5.0876994132995605
2003-06-04,,64.85980987548828,5.100441932678223
2003-06-05,,65.18036651611328,5.0876994132995605
2003-06-06,,64.92523956298828,5.079206943511963
2003-06-09,,64.26458740234375,5.096192836761475
2003-06-10,,64.91867065429688,5.117424488067627
2003-06-11,,65.60547637939453,5.117424488067627
2003-06-12,,65.80826568603516,5.121672630310059
2003-06-13,,65.12150573730469,5.134416103363037
2003-06-16,,66.49502563476562,5.117424488067627
2003-06-17,,66.49502563476562,5.091948986053467
2003-06-18,,66.43619537353516,5.074963092803955
2003-06-19,,65.4223403930664,5.079206943511963
2003-06-20,,65.27790069580078,5.070712089538574
2003-06-23,,64.60835266113281,5.0876994132995605
2003-06-24,,64.6739730834961,5.100441932678223
2003-06-25,,64.02407836914062,5.074963092803955
2003-06-26,,64.85778045654297,5.03673791885376
2003-06-27,,64.10940551757812,5.0324907302856445
2003-06-30,,64.0897216796875,5.057197570800781
2003-07-01,,64.68053436279297,5.052942752838135
2003-07-02,,65.49457550048828,5.057197570800781
2003-07-03,,64.818359375,5.0358967781066895
2003-07-07,,66.10503387451172,5.023118495941162
2003-07-08,,66.40044403076172,5.014599323272705
2003-07-09,,66.02625274658203,5.018855571746826
2003-07-10,,65.18599700927734,5.027379512786865
2003-07-11,,65.8030776977539,5.040160655975342
2003-07-14,,66.1247787475586,5.023118495941162
2003-07-15,,65.98033142089844,4.976254463195801
2003-07-16,,65.593017578125,4.967730522155762
2003-07-17,,64.66085815429688,4.963470935821533
2003-07-18,,65.32388305664062,4.959208965301514
2003-07-21,,64.51641845703125,4.9123406410217285
2003-07-22,,65.10067749023438,4.920863628387451
2003-07-23,,65.14666748046875,4.929388046264648
2003-07-24,,64.65428924560547,4.920863628387451
2003-07-25,,65.79651641845703,4.916605472564697
2003-07-28,,65.55364227294922,4.8910441398620605
2003-07-29,,65.25167083740234,4.865479469299316
2003-07-30,,65.09410095214844,4.878257751464844
2003-07-31,,65.24507904052734,4.861159801483154
2003-08-01,,64.66741943359375,4.861159801483154
2003-08-04,,64.66741943359375,4.882536888122559
2003-08-05,,63.295433044433594,4.8568854331970215
2003-08-06,,63.663063049316406,4.891087532043457
2003-08-07,,64.3326187133789,4.90391206741333
2003-08-08,,64.51641845703125,4.908191204071045
2003-08-11,,64.75931549072266,4.891087532043457
2003-08-12,,65.3501205444336,4.899638652801514
2003-08-13,,65.01533508300781,4.848334312438965
2003-08-14,,65.19256591796875,4.844057559967041
2003-08-15,,65.3960952758789,4.848334312438965
2003-08-18,,65.96063995361328,4.865431308746338
2003-08-19,,66.21007537841797,4.886811256408691
2003-08-20,,65.94091796875,4.869710445404053
2003-08-21,,66.1510238647461,4.844057559967041
2003-08-22,,65.49457550048828,4.8568854331970215
2003-08-25,,65.59959411621094,4.839776515960693
2003-08-26,,65.71773529052734,4.852609634399414
2003-08-27,,65.73743438720703,4.835509300231934
2003-08-28,,66.14443969726562,4.861159801483154
2003-08-29,,66.59087371826172,4.870169639587402
2003-09-02,,67.48359680175781,4.835841178894043
2003-09-03,,67.8512191772461,4.840132713317871
2003-09-04,,67.88407897949219,4.861588954925537
2003-09-05,,67.50330352783203,4.908787250518799
2003-09-08,,68.0613021850586,4.904497146606445
2003-09-09,,67.61489868164062,4.908787250518799
2003-09-10,,66.93218231201172,4.930239677429199
2003-09-11,,67.12913513183594,4.917370796203613
2003-09-12,,67.25382232666016,4.934536933898926
2003-09-15,,67.01754760742188,4.943117141723633
2003-09-16,,67.9956283569336,4.934536933898926
2003-09-17,,67.86432647705078,4.951698303222656
2003-09-18,,68.66522979736328,4.947402477264404
2003-09-19,,68.31600189208984,4.947402477264404
2003-09-22,,67.57794189453125,4.934536933898926
2003-09-23,,67.8349380493164,4.943117141723633
2003-09-24,,66.62902069091797,4.955984592437744
2003-09-25,,66.08203887939453,4.9602789878845215
2003-09-26,,65.86459350585938,4.9817352294921875
2003-09-29,,66.51036834716797,4.968861103057861
2003-09-30,,65.86459350585938,5.020528316497803
2003-10-01,,67.2682113647461,5.020528316497803
2003-10-02,,67.51200866699219,5.007612228393555
2003-10-03,,68.13146209716797,4.960251331329346
2003-10-06,,68.44120788574219,4.973165512084961
2003-10-07,,68.70475006103516,4.951636791229248
2003-10-08,,68.53346252441406,4.9559407234191895
2003-10-09,,68.71795654296875,4.943026065826416
2003-10-10,,68.9090805053711,4.951636791229248
2003-10-13,,69.12651824951172,4.951636791229248
2003-10-14,,69.37030029296875,4.934414386749268
2003-10-15,,69.1858139038086,4.917189121246338
2003-10-16,,69.46259307861328,4.895663738250732
2003-10-17,,68.70475006103516,4.912886619567871
2003-10-20,,69.21875762939453,4.917189121246338
2003-10-21,,69.10017395019531,4.917189121246338
2003-10-22,,68.23030090332031,4.943026065826416
2003-10-23,,68.10508728027344,4.934414386749268
2003-10-24,,68.25666809082031,4.9559407234191895
2003-10-27,,68.28961181640625,4.943026065826416
2003-10-28,,69.21875762939453,4.964550971984863
2003-10-29,,69.31102752685547,4.943026065826416
2003-10-30,,69.45601654052734,4.9258012771606445
2003-10-31,,69.39009857177734,4.952597618103027
2003-11-03,,69.84476470947266,4.935308933258057
2003-11-04,,69.69324493408203,4.948277473449707
2003-11-05,,69.74594116210938,4.935308933258057
2003-11-06,,70.11499786376953,4.918024063110352
2003-11-07,,69.59437561035156,4.905059337615967
2003-11-10,,69.31102752685547,4.900736331939697
2003-11-11,,69.2912368774414,4.900736331939697
2003-11-12,,70.06887817382812,4.913700103759766
2003-11-13,,70.0886459350586,4.948277473449707
2003-11-14,,69.49552154541016,4.9655609130859375
2003-11-17,,69.14627075195312,4.9785261154174805
2003-11-18,,68.42799377441406,4.9785261154174805
2003-11-19,,69.00791931152344,4.9655609130859375
2003-11-20,,68.38846588134766,4.982847690582275
2003-11-21,,68.67179870605469,4.982847690582275
2003-11-24,,69.58124542236328,4.961237907409668
2003-11-25,,69.84476470947266,4.969887733459473
2003-11-26,,70.09522247314453,4.956918716430664
2003-11-28,,70.14791107177734,4.948678493499756
2003-12-01,,70.90574645996094,4.931328773498535
2003-12-02,,70.72783660888672,4.935669898986816
2003-12-03,,70.61577606201172,4.931328773498535
2003-12-04,,70.90574645996094,4.94000244140625
2003-12-05,,70.41149139404297,4.983375072479248
2003-12-08,,70.885986328125,4.970361232757568
2003-12-09,,70.33902740478516,4.948678493499756
2003-12-10,,70.33244323730469,4.9616899490356445
2003-12-11,,71.12322998046875,4.983375072479248
2003-12-12,,71.26161193847656,4.983375072479248
2003-12-15,,70.90574645996094,4.974700927734375
2003-12-16,,71.27474975585938,4.983375072479248
2003-12-17,,71.49880981445312,4.9920477867126465
2003-12-18,,72.30278015136719,4.996387958526611
2003-12-19,,72.10149383544922,4.996387958526611
2003-12-22,,72.60469055175781,4.9920477867126465
2003-12-23,,72.65103149414062,4.966025352478027
2003-12-24,,72.57823181152344,4.987715244293213
2003-12-26,,72.63114929199219,4.996387958526611
2003-12-29,,73.59783935546875,4.979034900665283
2003-12-30,,73.61105346679688,4.974700927734375
2003-12-31,,73.6772232055664,4.995291709899902
2004-01-02,,73.6441650390625,4.969001293182373
2004-01-05,,74.44530487060547,4.969001293182373
2004-01-06,,74.51812744140625,4.995291709899902
2004-01-07,,74.76971435546875,4.999676704406738
2004-01-08,,75.06766510009766,4.999676704406738
2004-01-09,,74.41218566894531,5.039116859436035
2004-01-12,,74.96174621582031,5.043494701385498
2004-01-13,,74.52473449707031,5.056642532348633
2004-01-14,,75.14710235595703,5.061025142669678
2004-01-15,,75.33250427246094,5.061025142669678
2004-01-16,,75.63047790527344,5.047879219055176
2004-01-20,,75.61054992675781,5.039116859436035
2004-01-21,,76.20642852783203,5.047879219055176
2004-01-22,,76.00780487060547,5.061025142669678
2004-01-23,,75.76285552978516,5.039116859436035
2004-01-26,,76.71627807617188,5.025965690612793
2004-01-27,,75.92839050292969,5.034729957580566
2004-01-28,,75.06105041503906,5.008444786071777
2004-01-29,,75.13385772705078,5.004060745239258
2004-01-30,,75.13385772705078,5.036167621612549
2004-02-02,,75.45829772949219,5.031769275665283
2004-02-03,,75.33250427246094,5.0449652671813965
2004-02-04,,74.71676635742188,5.040566444396973
2004-02-05,,74.93524932861328,5.027372360229492
2004-02-06,,75.77611541748047,5.049360275268555
2004-02-09,,75.79595947265625,5.0537590980529785
2004-02-10,,76.04094696044922,5.0449652671813965
2004-02-11,,76.84866333007812,5.066956996917725
2004-02-12,,76.5705795288086,5.058163166046143
2004-02-13,,76.2262954711914,5.071352481842041
2004-02-17,,76.9148941040039,5.066956996917725
2004-02-18,,76.57718658447266,5.066956996917725
2004-02-19,,76.29251861572266,5.066956996917725
2004-02-20,,76.060791015625,5.0537590980529785
2004-02-23,,75.86875915527344,5.062558650970459
2004-02-24,,75.73635864257812,5.071352481842041
2004-02-25,,76.0541763305664,5.075753688812256
2004-02-26,,76.10050201416016,5.066956996917725
2004-02-27,,76.15347290039062,5.09785270690918
2004-03-01,,76.90825653076172,5.0934367179870605
2004-03-02,,76.45806884765625,5.084610939025879
2004-03-03,,76.59707641601562,5.080200672149658
2004-03-04,,76.79573822021484,5.0890212059021
2004-03-05,,77.053955078125,5.13757848739624
2004-03-08,,76.11377716064453,5.150820255279541
2004-03-09,,75.80918884277344,5.164058208465576
2004-03-10,,74.53799438476562,5.159642696380615
2004-03-11,,73.5713119506836,5.155231475830078
2004-03-12,,74.53799438476562,5.155231475830078
2004-03-15,,73.6242904663086,5.150820255279541
2004-03-16,,74.01493072509766,5.1684722900390625
2004-03-17,,74.84253692626953,5.1684722900390625
2004-03-18,,74.8624038696289,5.150820255279541
2004-03-19,,73.78938293457031,5.141989707946777
2004-03-22,,72.85256958007812,5.159642696380615
2004-03-23,,72.7263412475586,5.159642696380615
2004-03-24,,72.7861328125,5.159642696380615
2004-03-25,,73.74952697753906,5.155231475830078
2004-03-26,,73.76945495605469,5.133162498474121
2004-03-29,,74.80593872070312,5.119922637939453
2004-03-30,,75.05838775634766,5.115503787994385
2004-03-31,,75.1447982788086,5.15227746963501
2004-04-01,,75.59661865234375,5.134552478790283
2004-04-02,,76.1679916381836,5.076964378356934
2004-04-05,,76.58653259277344,5.054814338684082
2004-04-06,,76.34070587158203,5.068101406097412
2004-04-07,,76.16133117675781,5.068101406097412
2004-04-08,,75.98859405517578,5.059242248535156
2004-04-12,,76.28759002685547,5.054814338684082
2004-04-13,,75.21788024902344,5.028233051300049
2004-04-14,,75.33747863769531,5.01494026184082
2004-04-15,,75.05176544189453,5.010512828826904
2004-04-16,,75.62980651855469,5.023800373077393
2004-04-19,,75.62980651855469,5.01494026184082
2004-04-20,,74.36077880859375,5.01494026184082
2004-04-21,,74.8591079711914,4.992790699005127
2004-04-22,,75.90884399414062,5.006086349487305
2004-04-23,,75.9819564819336,4.9839301109313965
2004-04-26,,75.87561798095703,4.9839301109313965
2004-04-27,,75.9420394897461,4.992790699005127
2004-04-28,,74.95872497558594,4.97507381439209
2004-04-29,,74.30094146728516,4.957350730895996
2004-04-30,,73.7229995727539,4.984919548034668
2004-05-03,,74.51359558105469,4.984919548034668
2004-05-04,,74.45378875732422,4.976027488708496
2004-05-05,,74.93217468261719,4.967133045196533
2004-05-06,,74.28770446777344,4.962689399719238
2004-05-07,,73.05853271484375,4.909324645996094
2004-05-10,,72.30774688720703,4.909324645996094
2004-05-11,,72.91902160644531,4.913772106170654
2004-05-12,,73.38409423828125,4.909324645996094
2004-05-13,,73.07846069335938,4.895986080169678
2004-05-14,,73.11170196533203,4.913772106170654
2004-05-17,,72.4871597290039,4.936001777648926
2004-05-18,,72.85256958007812,4.927111625671387
2004-05-19,,72.60010528564453,4.909324645996094
2004-05-20,,72.8326644897461,4.927111625671387
2004-05-21,,72.95889282226562,4.918214321136475
2004-05-24,,73.26448822021484,4.922664165496826
2004-05-25,,74.31426239013672,4.922664165496826
2004-05-26,,74.57343292236328,4.940451622009277
2004-05-27,,74.9919662475586,4.9582390785217285
2004-05-28,,74.9853286743164,4.959576606750488
2004-06-01,,74.88562774658203,4.950649261474609
2004-06-02,,75.1646957397461,4.94172477722168
2004-06-03,,74.47370147705078,4.946186542510986
2004-06-04,,75.06504821777344,4.9283318519592285
2004-06-07,,76.20785522460938,4.93279504776001
2004-06-08,,76.31411743164062,4.93279504776001
2004-06-09,,75.60325622558594,4.919402122497559
2004-06-10,,75.97528839111328,4.9238691329956055
2004-06-14,,75.22452545166016,4.90155029296875
2004-06-15,,75.75601959228516,4.946186542510986
2004-06-16,,75.74278259277344,4.937257289886475
2004-06-17,,75.62980651855469,4.946186542510986
2004-06-18,,75.77253723144531,4.94172477722168
2004-06-21,,75.48580169677734,4.946186542510986
2004-06-22,,75.86585235595703,4.94172477722168
2004-06-23,,76.51934051513672,4.946186542510986
2004-06-24,,76.2793197631836,4.959576606750488
2004-06-25,,75.91251373291016,4.959576606750488
2004-06-28,,75.6524887084961,4.93279504776001
2004-06-29,,75.96588897705078,4.946186542510986
2004-06-30,,76.37266540527344,4.986511707305908
2004-07-01,,75.3124008178711,4.9999494552612305
2004-07-02,,75.27238464355469,5.026830673217773
2004-07-06,,74.61225128173828,5.022349834442139
2004-07-07,,74.832275390625,5.022349834442139
2004-07-08,,74.3121337890625,5.022349834442139
2004-07-09,,74.50553894042969,5.022349834442139
2004-07-12,,74.53886413574219,5.031317234039307
2004-07-13,,74.59222412109375,5.01786994934082
2004-07-14,,74.365478515625,5.01786994934082
2004-07-15,,73.8853759765625,5.013391017913818
2004-07-16,,73.8253402709961,5.044754981994629
2004-07-19,,73.51197814941406,5.044754981994629
2004-07-20,,74.44550323486328,5.01786994934082
2004-07-21,,73.07183074951172,5.008908271789551
2004-07-22,,73.27185821533203,5.013391017913818
2004-07-23,,72.65838623046875,5.022349834442139
2004-07-26,,72.51836395263672,5.008908271789551
2004-07-27,,73.19851684570312,4.982027053833008
2004-07-28,,73.41858673095703,4.986511707305908
2004-07-29,,73.73196411132812,4.99099063873291
2004-07-30,,73.91204833984375,5.031911849975586
2004-08-02,,74.0654067993164,5.03640604019165
2004-08-03,,73.49195098876953,5.0453972816467285
2004-08-04,,73.48529052734375,5.0453972816467285
2004-08-05,,72.28495788574219,5.049901485443115
2004-08-06,,71.25137329101562,5.099362850189209
2004-08-09,,71.35135650634766,5.090366840362549
2004-08-10,,72.2716064453125,5.076881408691406
2004-08-11,,72.12490844726562,5.081376552581787
2004-08-12,,71.33808135986328,5.085870265960693
2004-08-13,,71.47808837890625,5.099362850189209
2004-08-16,,72.21826934814453,5.085870265960693
2004-08-17,,72.62503051757812,5.099362850189209
2004-08-18,,73.37190246582031,5.094867706298828
2004-08-19,,73.1585464477539,5.099362850189209
2004-08-20,,73.67198181152344,5.094867706298828
2004-08-23,,73.48529052734375,5.081376552581787
2004-08-24,,73.58528900146484,5.081376552581787
2004-08-25,,74.08545684814453,5.085870265960693
2004-08-26,,74.08545684814453,5.094867706298828
2004-08-27,,74.31881713867188,5.090366840362549
2004-08-30,,73.70531463623047,5.103858947753906
2004-08-31,,74.09207916259766,5.136355400085449
2004-09-01,,74.23210906982422,5.136355400085449
2004-09-02,,75.07233428955078,5.122814178466797
2004-09-03,,74.76560974121094,5.095732688903809
2004-09-07,,75.25904846191406,5.10476016998291
2004-09-08,,75.07233428955078,5.127329349517822
2004-09-09,,75.00566864013672,5.118300914764404
2004-09-10,,75.39241027832031,5.122814178466797
2004-09-13,,75.63916015625,5.127329349517822
2004-09-14,,75.79251098632812,5.136355400085449
2004-09-15,,75.21905517578125,5.127329349517822
2004-09-16,,75.44573211669922,5.149897575378418
2004-09-17,,75.76652526855469,5.136355400085449
2004-09-20,,75.3111801147461,5.154409885406494
2004-09-21,,75.63928985595703,5.154409885406494
2004-09-22,,74.69514465332031,5.163434982299805
2004-09-23,,74.29336547851562,5.154409885406494
2004-09-24,,74.63487243652344,5.149897575378418
2004-09-27,,74.15946197509766,5.158924579620361
2004-09-28,,74.5142822265625,5.154409885406494
2004-09-29,,74.88933563232422,5.136355400085449
2004-09-30,,74.83573913574219,5.146322727203369
2004-10-01,,76.10130310058594,5.132730960845947
2004-10-04,,76.228515625,5.137260437011719
2004-10-05,,76.26873779296875,5.132730960845947
2004-10-06,,76.79103088378906,5.119143962860107
2004-10-07,,75.96739959716797,5.114610195159912
2004-10-08,,75.33794403076172,5.146322727203369
2004-10-11,,75.64598083496094,5.146322727203369
2004-10-12,,75.35137176513672,5.155383110046387
2004-10-13,,74.68841552734375,5.164439678192139
2004-10-14,,74.08577728271484,5.178035736083984
2004-10-15,,74.50094604492188,5.168971538543701
2004-10-18,,74.78218078613281,5.168971538543701
2004-10-19,,74.15274047851562,5.168971538543701
2004-10-20,,74.00541687011719,5.182560443878174
2004-10-21,,74.4875259399414,5.178035736083984
2004-10-22,,73.65049743652344,5.182560443878174
2004-10-25,,73.56349182128906,5.187094688415527
2004-10-26,,74.68841552734375,5.182560443878174
2004-10-27,,75.58572387695312,5.155383110046387
2004-10-28,,75.81333923339844,5.159912109375
2004-10-29,,75.80001068115234,5.193107604980469
2004-11-01,,76.00755310058594,5.1749186515808105
2004-11-02,,76.03435516357422,5.179468154907227
2004-11-03,,76.99190521240234,5.184008598327637
2004-11-04,,78.04316711425781,5.184008598327637
2004-11-05,,78.5320053100586,5.147634506225586
2004-11-08,,78.41817474365234,5.138541221618652
2004-11-09,,78.2641372680664,5.138541221618652
2004-11-10,,78.3244400024414,5.1294474601745605
2004-11-11,,78.92040252685547,5.1294474601745605
2004-11-12,,79.5431137084961,5.138541221618652
2004-11-15,,79.7385482788086,5.1430840492248535
2004-11-16,,79.16766357421875,5.138541221618652
2004-11-17,,79.6377944946289,5.156728267669678
2004-11-18,44.380001068115234,79.7452621459961,5.161278247833252
2004-11-19,44.779998779296875,78.8587646484375,5.138541221618652
2004-11-22,44.95000076293945,79.23482513427734,5.1430840492248535
2004-11-23,44.75,79.35575103759766,5.138541221618652
2004-11-24,45.04999923706055,79.54379272460938,5.133993148803711
2004-11-26,45.290000915527344,79.48333740234375,5.124897480010986
2004-11-29,45.400001525878906,79.12068939208984,5.102161407470703
2004-11-30,45.119998931884766,79.1744155883789,5.116312503814697
2004-12-01,45.380001068115234,80.07435607910156,5.1117448806762695
2004-12-02,44.95000076293945,80.14151000976562,5.107178211212158
2004-12-03,45.599998474121094,80.08775329589844,5.139132976531982
2004-12-06,45.16999816894531,80.0608901977539,5.148256778717041
2004-12-07,45.11000061035156,79.31546020507812,5.148256778717041
2004-12-08,44.0099983215332,79.7788314819336,5.175642490386963
2004-12-09,43.779998779296875,80.0608901977539,5.166513919830322
2004-12-10,43.439998626708984,80.14151000976562,5.166513919830322
2004-12-13,43.90999984741211,80.83997344970703,5.171077251434326
2004-12-14,43.54999923706055,81.1220474243164,5.171077251434326
2004-12-15,43.9900016784668,81.18250274658203,5.184770584106445
2004-12-16,43.68000030517578,81.1354751586914,5.157386302947998
2004-12-17,44.189998626708984,80.59429931640625,5.152823448181152
2004-12-20,44.34000015258789,80.61454010009766,5.152823448181152
2004-12-21,44.220001220703125,81.23534393310547,5.161950588226318
2004-12-22,44.02000045776367,81.4310302734375,5.152823448181152
2004-12-23,44.27000045776367,81.49176025390625,5.152823448181152
2004-12-27,44.47999954223633,81.32305145263672,5.134564399719238
2004-12-28,44.369998931884766,81.7684097290039,5.130002498626709
2004-12-29,43.65999984741211,81.88986206054688,5.120878219604492
2004-12-30,43.83000183105469,81.73465728759766,5.134564399719238
2004-12-31,43.79999923706055,81.55921936035156,5.166225433349609
2005-01-03,43.02000045776367,81.174560546875,5.166225433349609
2005-01-04,42.7400016784668,80.1827163696289,5.147876739501953
2005-01-05,42.66999816894531,79.62935638427734,5.147876739501953
2005-01-06,42.150001525878906,80.03421783447266,5.147876739501953
2005-01-07,41.84000015258789,79.91954803466797,5.143285751342773
2005-01-10,41.95000076293945,80.29742431640625,5.147876739501953
2005-01-11,42.209999084472656,79.74409484863281,5.152458667755127
2005-01-12,42.599998474121094,80.00727081298828,5.157047271728516
2005-01-13,42.599998474121094,79.3662109375,5.170812129974365
2005-01-14,42.31999969482422,79.78457641601562,5.161634922027588
2005-01-18,42.31999969482422,80.61454010009766,5.161634922027588
2005-01-19,42.2599983215332,79.77108764648438,5.161634922027588
2005-01-20,42.25,79.28524780273438,5.170812129974365
2005-01-21,42.7400016784668,78.79940795898438,5.17539644241333
2005-01-24,42.77000045776367,78.64422607421875,5.179987907409668
2005-01-25,42.2400016784668,78.86688995361328,5.161634922027588
2005-01-26,42.689998626708984,79.10305786132812,5.161634922027588
2005-01-27,42.619998931884766,79.23800659179688,5.157047271728516
2005-01-28,42.689998626708984,79.23800659179688,5.170812129974365
2005-01-31,42.220001220703125,79.73059844970703,5.195219039916992
2005-02-01,42.099998474121094,80.23667907714844,5.190617561340332
2005-02-02,42.15999984741211,80.47960662841797,5.190617561340332
2005-02-03,41.68000030517578,80.27037811279297,5.181404113769531
2005-02-04,41.470001220703125,81.12738037109375,5.204435348510742
2005-02-07,41.27000045776367,81.0193862915039,5.209038257598877
2005-02-08,41.2599983215332,81.11386108398438,5.213643550872803
2005-02-09,41.310001373291016,80.5065689086914,5.227461814880371
2005-02-10,41.75,80.79676818847656,5.209038257598877
2005-02-11,42.08000183105469,81.49176025390625,5.195219039916992
2005-02-14,42.54999923706055,81.4310302734375,5.199826240539551
2005-02-15,42.58000183105469,81.73465728759766,5.195219039916992
2005-02-16,42.52000045776367,81.78863525390625,5.181404113769531
2005-02-17,42.72999954223633,81.12738037109375,5.1767988204956055
2005-02-18,42.75,81.23534393310547,5.153767108917236
2005-02-22,43.56999969482422,80.0274887084961,5.14916467666626
2005-02-23,43.41999816894531,80.60100555419922,5.153767108917236
2005-02-24,43.33000183105469,81.13408660888672,5.14916467666626
2005-02-25,43.5,81.93709564208984,5.14916467666626
2005-02-28,43.529998779296875,81.39727783203125,5.144083499908447
2005-03-01,43.220001220703125,81.80213165283203,5.139460563659668
2005-03-02,43.25,81.76166534423828,5.139460563659668
2005-03-03,42.970001220703125,81.79537963867188,5.134836673736572
2005-03-04,43.380001068115234,82.81428527832031,5.153321266174316
2005-03-07,43.470001220703125,82.85478973388672,5.153321266174316
2005-03-08,44.029998779296875,82.54438018798828,5.134836673736572
2005-03-09,44.02000045776367,81.62669372558594,5.09786319732666
2005-03-10,44.20000076293945,81.80889129638672,5.111726760864258
2005-03-11,44.43000030517578,81.23534393310547,5.0932416915893555
2005-03-14,44.029998779296875,81.74142456054688,5.0932416915893555
2005-03-15,44.060001373291016,81.06664276123047,5.088616371154785
2005-03-16,44.310001373291016,80.37838745117188,5.09786319732666
2005-03-17,43.81999969482422,80.54032897949219,5.102485179901123
2005-03-18,43.88999938964844,80.30118560791016,5.0932416915893555
2005-03-21,43.09000015258789,80.00312805175781,5.0932416915893555
2005-03-22,42.650001525878906,79.19023895263672,5.07475471496582
2005-03-23,42.41999816894531,79.25796508789062,5.070131778717041
2005-03-24,42.38999938964844,79.35279846191406,5.070131778717041
2005-03-28,42.540000915527344,79.46798706054688,5.065511703491211
2005-03-29,42.560001373291016,78.93956756591797,5.070131778717041
2005-03-30,42.61000061035156,80.05731964111328,5.079380035400391
2005-03-31,42.81999969482422,79.90830993652344,5.117955684661865
2005-04-01,42.619998931884766,79.54924011230469,5.131901741027832
2005-04-04,42.400001525878906,79.68470001220703,5.131901741027832
2005-04-05,42.45000076293945,80.06409454345703,5.127256870269775
2005-04-06,42.630001068115234,80.34183502197266,5.131901741027832
2005-04-07,42.56999969482422,80.7753677368164,5.127256870269775
2005-04-08,42.689998626708984,79.93539428710938,5.117955684661865
2005-04-11,42.779998779296875,79.996337890625,5.127256870269775
2005-04-12,42.84000015258789,80.4095687866211,5.1504950523376465
2005-04-13,42.900001525878906,79.46121215820312,5.1504950523376465
2005-04-14,42.310001373291016,78.42473602294922,5.1504950523376465
2005-04-15,42.400001525878906,77.32733154296875,5.173740386962891
2005-04-18,42.689998626708984,77.56441497802734,5.178387641906738
2005-04-19,43.279998779296875,78.18087768554688,5.187685489654541
2005-04-20,43.400001525878906,77.0902328491211,5.187685489654541
2005-04-21,43.189998626708984,78.58733367919922,5.169091701507568
2005-04-22,43.38999938964844,78.2892837524414,5.173740386962891
2005-04-25,43.439998626708984,78.80409240722656,5.178387641906738
2005-04-26,43.63999938964844,78.03861236572266,5.173740386962891
2005-04-27,43.20000076293945,78.34344482421875,5.183034420013428
2005-04-28,43.0,77.36119842529297,5.196980953216553
2005-04-29,43.349998474121094,78.41120147705078,5.207718849182129
2005-05-02,42.880001068115234,78.85152435302734,5.212377071380615
2005-05-03,42.7599983215332,78.98703002929688,5.207718849182129
2005-05-04,42.900001525878906,79.5966796875,5.212377071380615
2005-05-05,42.90999984741211,79.56952667236328,5.221712112426758
2005-05-06,42.52000045776367,79.31892395019531,5.193717956542969
2005-05-09,42.54999923706055,79.8134536743164,5.189049243927002
2005-05-10,42.63999938964844,78.98703002929688,5.203049182891846
2005-05-11,42.689998626708984,79.42054748535156,5.207718849182129
2005-05-12,42.15999984741211,78.54664611816406,5.212377071380615
2005-05-13,41.95000076293945,78.39087677001953,5.22637939453125
2005-05-16,41.880001068115234,79.12248229980469,5.221712112426758
2005-05-17,41.86000061035156,79.65087890625,5.22637939453125
2005-05-18,42.04999923706055,80.47052764892578,5.23571252822876
2005-05-19,41.97999954223633,80.80926513671875,5.221712112426758
2005-05-20,41.650001525878906,80.6941146850586,5.217045307159424
2005-05-23,41.619998931884766,81.1412124633789,5.231049537658691
2005-05-24,41.72999954223633,80.95152282714844,5.240379333496094
2005-05-25,41.869998931884766,80.89054870605469,5.231049537658691
2005-05-26,41.689998626708984,81.32408905029297,5.231049537658691
2005-05-27,41.880001068115234,81.45960235595703,5.231049537658691
2005-05-31,41.650001525878906,80.93795013427734,5.269926071166992
2005-06-01,41.529998779296875,81.62895202636719,5.298029899597168
2005-06-02,42.099998474121094,81.80506134033203,5.298029899597168
2005-06-03,42.16999816894531,81.391845703125,5.27461051940918
2005-06-06,42.47999954223633,81.31731414794922,5.279294967651367
2005-06-07,42.380001068115234,81.37828063964844,5.288662910461426
2005-06-08,42.34000015258789,81.229248046875,5.283980846405029
2005-06-09,42.27000045776367,81.61536407470703,5.27461051940918
2005-06-10,42.619998931884766,81.42569732666016,5.2558746337890625
2005-06-13,42.779998779296875,81.68311309814453,5.246502876281738
2005-06-14,42.599998474121094,81.87281036376953,5.2371344566345215
2005-06-15,42.7400016784668,82.02860260009766,5.2371344566345215
2005-06-16,43.459999084472656,82.23861694335938,5.246502876281738
2005-06-17,43.630001068115234,82.54332733154297,5.246502876281738
2005-06-20,43.65999984741211,82.57052612304688,5.241820812225342
2005-06-21,43.810001373291016,82.61810302734375,5.251192569732666
2005-06-22,43.720001220703125,82.68614196777344,5.279294967651367
2005-06-23,44.02000045776367,81.52311706542969,5.27461051940918
2005-06-24,43.900001525878906,80.92454528808594,5.288662910461426
2005-06-27,43.90999984741211,81.04019927978516,5.293351173400879
2005-06-28,43.45000076293945,81.72037506103516,5.27461051940918
2005-06-29,43.630001068115234,81.50267028808594,5.269926071166992
2005-06-30,43.439998626708984,81.06058502197266,5.299078464508057
2005-07-01,42.70000076293945,81.29865264892578,5.275569915771484
2005-07-05,42.279998779296875,81.95159149169922,5.256759166717529
2005-07-06,42.25,81.26459503173828,5.266162872314453
2005-07-07,42.36000061035156,81.58431243896484,5.275569915771484
2005-07-08,42.2599983215332,82.51612854003906,5.256759166717529
2005-07-11,42.540000915527344,82.93779754638672,5.256759166717529
2005-07-12,42.63999938964844,83.15543365478516,5.2473602294921875
2005-07-13,42.349998474121094,83.27108764648438,5.2426557540893555
2005-07-14,41.900001525878906,83.59752655029297,5.237951755523682
2005-07-15,42.04999923706055,83.54994201660156,5.237951755523682
2005-07-18,42.0099983215332,83.2166748046875,5.223843574523926
2005-07-19,41.88999938964844,83.6723861694336,5.2332539558410645
2005-07-20,42.20000076293945,83.95799255371094,5.237951755523682
2005-07-21,42.459999084472656,83.46834564208984,5.209743022918701
2005-07-22,42.45000076293945,84.02604675292969,5.223843574523926
2005-07-25,42.5099983215332,83.78800964355469,5.219147682189941
2005-07-26,42.25,83.89000701904297,5.219147682189941
2005-07-27,42.439998626708984,84.19611358642578,5.214441299438477
2005-07-28,42.75,84.72661590576172,5.228549003601074
2005-07-29,42.81999969482422,84.16207122802734,5.224774360656738
2005-08-01,43.130001068115234,84.10083770751953,5.215335369110107
2005-08-02,43.13999938964844,84.60418701171875,5.215335369110107
2005-08-03,43.529998779296875,84.82860565185547,5.224774360656738
2005-08-04,43.68000030517578,84.14849853515625,5.220057487487793
2005-08-05,43.599998474121094,83.57713317871094,5.196455478668213
2005-08-08,43.349998474121094,83.42073822021484,5.191734790802002
2005-08-09,43.34000015258789,83.92401123046875,5.196455478668213
2005-08-10,43.650001525878906,83.88321685791016,5.196455478668213
2005-08-11,44.45000076293945,84.21648406982422,5.210614204406738
2005-08-12,44.4900016784668,83.69955444335938,5.234212398529053
2005-08-15,44.130001068115234,84.21648406982422,5.224774360656738
2005-08-16,44.54999923706055,83.12142181396484,5.234212398529053
2005-08-17,43.90999984741211,83.1146240234375,5.224774360656738
2005-08-18,43.83000183105469,83.10784912109375,5.238935470581055
2005-08-19,43.599998474121094,83.29826354980469,5.238935470581055
2005-08-22,43.70000076293945,83.29826354980469,5.238935470581055
2005-08-23,43.7599983215332,83.141845703125,5.248372554779053
2005-08-24,43.59000015258789,82.40049743652344,5.248372554779053
2005-08-25,43.72999954223633,82.69975280761719,5.253094673156738
2005-08-26,43.61000061035156,82.13523864746094,5.243650913238525
2005-08-29,43.56999969482422,82.76776123046875,5.248372554779053
2005-08-30,43.0099983215332,82.3324966430664,5.271972179412842
2005-08-31,43.400001525878906,83.37311553955078,5.3108229637146
2005-09-01,44.220001220703125,83.3119125366211,5.315557956695557
2005-09-02,44.25,83.1622314453125,5.3108229637146
2005-09-06,44.27000045776367,84.13489532470703,5.296609401702881
2005-09-07,44.33000183105469,84.27770233154297,5.282395362854004
2005-09-08,44.599998474121094,83.99883270263672,5.287137508392334
2005-09-09,44.84000015258789,84.74703216552734,5.287137508392334
2005-09-12,44.88999938964844,84.57695770263672,5.277657985687256
2005-09-13,44.560001373291016,84.10768127441406,5.287137508392334
2005-09-14,44.959999084472656,83.80158996582031,5.277657985687256
2005-09-15,45.41999816894531,83.76077270507812,5.268181800842285
2005-09-16,45.81999969482422,84.35639190673828,5.253965377807617
2005-09-19,46.25,84.07636260986328,5.258707523345947
2005-09-20,46.22999954223633,83.36598205566406,5.253965377807617
2005-09-21,47.060001373291016,82.58734893798828,5.268181800842285
2005-09-22,46.36000061035156,82.88101959228516,5.27292013168335
2005-09-23,46.279998779296875,82.94931030273438,5.253965377807617
2005-09-26,46.56999969482422,83.04495239257812,5.24449348449707
2005-09-27,46.25,83.02448272705078,5.239760875701904
2005-09-28,46.79999923706055,83.1064224243164,5.249234199523926
2005-09-29,47.099998474121094,83.78264617919922,5.239760875701904
2005-09-30,46.70000076293945,84.04218292236328,5.250221252441406
2005-10-03,46.41999816894531,83.74166870117188,5.235949993133545
2005-10-04,46.45000076293945,82.79905700683594,5.235949993133545
2005-10-05,46.36000061035156,81.71302032470703,5.240706443786621
2005-10-06,47.209999084472656,81.41930389404297,5.240706443786621
2005-10-07,47.36000061035156,81.69934844970703,5.240706443786621
2005-10-10,47.369998931884766,81.00947570800781,5.240706443786621
2005-10-11,47.38999938964844,80.89336395263672,5.235949993133545
2005-10-12,46.849998474121094,80.25812530517578,5.221683979034424
2005-10-13,47.02000045776367,80.21029663085938,5.212172985076904
2005-10-14,46.79999923706055,81.05731201171875,5.207418918609619
2005-10-17,47.2599983215332,81.35783386230469,5.207418918609619
2005-10-18,47.0,80.47669982910156,5.212172985076904
2005-10-19,46.34000015258789,81.81547546386719,5.216929912567139
2005-10-20,45.97999954223633,80.37423706054688,5.216929912567139
2005-10-21,46.52000045776367,80.68846893310547,5.231201171875
2005-10-24,46.38999938964844,81.93840026855469,5.221683979034424
2005-10-25,47.060001373291016,81.77449035644531,5.202663421630859
2005-10-26,46.93000030517578,81.53541564941406,5.1836395263671875
2005-10-27,47.18000030517578,80.66796112060547,5.18839693069458
2005-10-28,47.220001220703125,81.82915496826172,5.18839693069458
2005-10-31,46.400001525878906,82.0545425415039,5.208929061889648
2005-11-01,45.72999954223633,82.30042266845703,5.204148769378662
2005-11-02,46.130001068115234,83.16107940673828,5.194601535797119
2005-11-03,45.959999084472656,83.51624298095703,5.185053825378418
2005-11-04,45.5099983215332,83.40696716308594,5.1802825927734375
2005-11-07,45.77000045776367,83.48892974853516,5.185053825378418
2005-11-08,45.90999984741211,83.48892974853516,5.199376583099365
2005-11-09,46.560001373291016,83.59822082519531,5.185053825378418
2005-11-10,46.47999954223633,84.24710845947266,5.204148769378662
2005-11-11,46.79999923706055,84.53401184082031,5.204148769378662
2005-11-14,46.619998931884766,84.4862060546875,5.1898298263549805
2005-11-15,46.65999984741211,84.17886352539062,5.199376583099365
2005-11-16,47.779998779296875,84.34957122802734,5.218474388122559
2005-11-17,48.47999954223633,85.13507080078125,5.228024482727051
2005-11-18,48.459999084472656,85.46978759765625,5.213698387145996
2005-11-21,48.9900016784668,85.90009307861328,5.223249435424805
2005-11-22,49.31999969482422,86.26895141601562,5.232797145843506
2005-11-23,49.150001525878906,86.7675552368164,5.218474388122559
2005-11-25,49.41999816894531,86.83582305908203,5.232797145843506
2005-11-28,49.7400016784668,86.22110748291016,5.237570285797119
2005-11-29,49.79999923706055,86.12547302246094,5.218474388122559
2005-11-30,49.099998474121094,85.66104125976562,5.233810901641846
2005-12-01,50.16999816894531,86.53533172607422,5.229020595550537
2005-12-02,50.31999969482422,86.6446304321289,5.229020595550537
2005-12-05,50.779998779296875,86.46019744873047,5.219432353973389
2005-12-06,50.88999938964844,86.6241455078125,5.2386040687561035
2005-12-07,51.31999969482422,86.11869812011719,5.229020595550537
2005-12-08,51.900001525878906,86.06404113769531,5.2481913566589355
2005-12-09,52.400001525878906,86.28942108154297,5.229020595550537
2005-12-12,52.560001373291016,86.37137603759766,5.224225044250488
2005-12-13,51.650001525878906,86.95883178710938,5.229020595550537
2005-12-14,50.349998474121094,87.30038452148438,5.2481913566589355
2005-12-15,50.2400016784668,87.04761505126953,5.243397235870361
2005-12-16,50.09000015258789,86.7674331665039,5.2481913566589355
2005-12-19,50.220001220703125,86.32109832763672,5.252982139587402
2005-12-20,49.040000915527344,86.40351104736328,5.243397235870361
2005-12-21,49.369998931884766,86.54085540771484,5.2386040687561035
2005-12-22,50.13999938964844,86.99406433105469,5.252982139587402
2005-12-23,50.119998931884766,87.0421142578125,5.267363548278809
2005-12-27,50.63999938964844,86.15631866455078,5.276948928833008
2005-12-28,51.470001220703125,86.34858703613281,5.267363548278809
2005-12-29,51.470001220703125,85.96401977539062,5.2707343101501465
2005-12-30,51.58000183105469,85.49710845947266,5.2871809005737305
2006-01-03,53.119998931884766,87.00093841552734,5.292020320892334
2006-01-04,53.29999923706055,87.41291046142578,5.296856880187988
2006-01-05,52.34000015258789,87.46784973144531,5.296856880187988
2006-01-06,53.720001220703125,88.19572448730469,5.2871809005737305
2006-01-09,54.599998474121094,88.42234802246094,5.292020320892334
2006-01-10,54.060001373291016,88.51161193847656,5.277505874633789
2006-01-11,54.529998779296875,88.79312133789062,5.27266788482666
2006-01-12,54.43000030517578,88.44292449951172,5.282342433929443
2006-01-13,55.439998626708984,88.36054229736328,5.296856880187988
2006-01-17,55.2599983215332,88.12017059326172,5.301692962646484
2006-01-18,54.06999969482422,87.76997375488281,5.301692962646484
2006-01-19,55.59000015258789,88.1064453125,5.292020320892334
2006-01-20,55.20000076293945,86.4996566772461,5.292020320892334
2006-01-23,55.77000045776367,86.80863952636719,5.296856880187988
2006-01-24,55.72999954223633,86.89794158935547,5.2871809005737305
2006-01-25,56.13999938964844,86.97347259521484,5.267830848693848
2006-01-26,55.880001068115234,87.45410919189453,5.253320217132568
2006-01-27,55.630001068115234,88.26437377929688,5.258159160614014
2006-01-30,56.68000030517578,88.19572448730469,5.248485088348389
2006-01-31,56.70000076293945,87.55028533935547,5.2693681716918945
2006-02-01,56.70000076293945,88.16139221191406,5.259655952453613
2006-02-02,56.97999954223633,87.13824462890625,5.259655952453613
2006-02-03,56.5,86.70564270019531,5.2693681716918945
2006-02-06,56.720001220703125,86.93224334716797,5.26450777053833
2006-02-07,54.599998474121094,86.16316223144531,5.259655952453613
2006-02-08,54.83000183105469,86.94599151611328,5.254798412322998
2006-02-09,56.18000030517578,86.80179595947266,5.254798412322998
2006-02-10,54.790000915527344,86.95970153808594,5.245087146759033
2006-02-13,53.720001220703125,86.80179595947266,5.245087146759033
2006-02-14,54.4900016784668,87.721923828125,5.240222930908203
2006-02-15,53.7599983215332,88.03091430664062,5.240222930908203
2006-02-16,54.52000045776367,88.69010162353516,5.245087146759033
2006-02-17,54.959999084472656,88.44979095458984,5.259655952453613
2006-02-21,55.119998931884766,88.23006439208984,5.249937534332275
2006-02-22,55.34000015258789,88.76567840576172,5.259655952453613
2006-02-23,54.63999938964844,88.63520050048828,5.249937534332275
2006-02-24,55.63999938964844,88.86178588867188,5.245087146759033
2006-02-27,55.220001220703125,88.89611053466797,5.240222930908203
2006-02-28,56.06999969482422,88.051513671875,5.273857593536377
2006-03-01,56.099998474121094,88.83432006835938,5.264110088348389
2006-03-02,56.7400016784668,88.82743072509766,5.249490261077881
2006-03-03,56.279998779296875,88.41548156738281,5.23974084854126
2006-03-06,55.22999954223633,88.01033020019531,5.225121021270752
2006-03-07,54.95000076293945,87.87296295166016,5.225121021270752
2006-03-08,53.970001220703125,88.05838012695312,5.225121021270752
2006-03-09,54.2400016784668,87.46784973144531,5.225121021270752
2006-03-10,53.83000183105469,88.29872131347656,5.220242023468018
2006-03-13,54.310001373291016,88.46351623535156,5.215367794036865
2006-03-14,54.869998931884766,89.39054870605469,5.23974084854126
2006-03-15,55.119998931884766,89.7887954711914,5.234865188598633
2006-03-16,55.34000015258789,89.97418212890625,5.254362106323242
2006-03-17,55.119998931884766,90.04932403564453,5.249490261077881
2006-03-20,55.16999816894531,89.90455627441406,5.254362106323242
2006-03-21,54.83000183105469,89.33926391601562,5.234865188598633
2006-03-22,54.75,89.88385009765625,5.234865188598633
2006-03-23,54.70000076293945,89.69775390625,5.229991912841797
2006-03-24,55.709999084472656,89.76670837402344,5.2446136474609375
2006-03-27,56.38999938964844,89.63570404052734,5.23974084854126
2006-03-28,56.060001373291016,89.08419036865234,5.215367794036865
2006-03-29,57.06999969482422,89.64258575439453,5.210494041442871
2006-03-30,58.599998474121094,89.48403930664062,5.195871353149414
2006-03-31,58.099998474121094,89.50471496582031,5.221813678741455
2006-04-03,58.470001220703125,89.43573760986328,5.212023735046387
2006-04-04,58.33000183105469,90.00797271728516,5.216917514801025
2006-04-05,58.65999984741211,90.3182144165039,5.22670316696167
2006-04-06,59.279998779296875,90.22167205810547,5.212023735046387
2006-04-07,58.59000015258789,89.30480194091797,5.192446708679199
2006-04-10,59.599998474121094,89.44269561767578,5.1973419189453125
2006-04-11,59.0099983215332,88.68431854248047,5.2022318840026855
2006-04-12,59.43000030517578,88.84980773925781,5.192446708679199
2006-04-13,59.5,88.73257446289062,5.177764415740967
2006-04-17,61.09000015258789,88.69812774658203,5.187549591064453
2006-04-18,61.849998474121094,90.10445404052734,5.1973419189453125
2006-04-19,63.75,90.27684783935547,5.187549591064453
2006-04-20,60.959999084472656,90.40093231201172,5.182661056518555
2006-04-21,63.20000076293945,90.41473388671875,5.187549591064453
2006-04-24,61.650001525878906,90.24929809570312,5.192446708679199
2006-04-25,62.779998779296875,89.87699127197266,5.172865390777588
2006-04-26,63.650001525878906,89.89767456054688,5.163082599639893
2006-04-27,62.959999084472656,90.33201599121094,5.172865390777588
2006-04-28,65.08999633789062,90.63533020019531,5.202346324920654
2006-05-01,65.16000366210938,89.89767456054688,5.182694435119629
2006-05-02,66.55000305175781,90.57328033447266,5.18760871887207
2006-05-03,66.45999908447266,90.23546600341797,5.182694435119629
2006-05-04,67.4800033569336,90.55947875976562,5.177786350250244
2006-05-05,67.98999786376953,91.35919952392578,5.18760871887207
2006-05-08,67.55999755859375,91.2489013671875,5.182694435119629
2006-05-09,69.68000030517578,91.42813110351562,5.182694435119629
2006-05-10,70.37999725341797,91.37985229492188,5.182694435119629
2006-05-11,71.02999877929688,90.27684783935547,5.177786350250244
2006-05-12,71.12000274658203,89.0979995727539,5.1630449295043945
2006-05-15,67.41000366210938,89.27722930908203,5.172867774963379
2006-05-16,68.61000061035156,89.146240234375,5.18760871887207
2006-05-17,68.1500015258789,87.45028686523438,5.177786350250244
2006-05-18,67.45999908447266,87.00907135009766,5.197434425354004
2006-05-19,65.58000183105469,87.62261962890625,5.197434425354004
2006-05-22,65.30000305175781,86.95391082763672,5.207256317138672
2006-05-23,66.37999725341797,86.29210662841797,5.197434425354004
2006-05-24,64.05999755859375,86.98150634765625,5.207256317138672
2006-05-25,64.69999694824219,88.0569839477539,5.197434425354004
2006-05-26,65.0999984741211,88.50508880615234,5.202346324920654
2006-05-30,65.11000061035156,86.93325805664062,5.192519664764404
2006-05-31,64.2300033569336,87.90531158447266,5.203367233276367
2006-06-01,62.560001373291016,88.7463607788086,5.203367233276367
2006-06-02,63.5,88.93250274658203,5.232962608337402
2006-06-05,63.290000915527344,87.63644409179688,5.223100662231445
2006-06-06,62.54999923706055,87.42274475097656,5.228031635284424
2006-06-07,62.279998779296875,86.76781463623047,5.223100662231445
2006-06-08,60.90999984741211,86.69196319580078,5.228031635284424
2006-06-09,60.45000076293945,86.41618347167969,5.232962608337402
2006-06-12,60.029998779296875,85.4786148071289,5.228031635284424
2006-06-13,55.91999816894531,84.48590850830078,5.237898349761963
2006-06-14,55.619998931884766,85.14080047607422,5.21323299407959
2006-06-15,57.31999969482422,86.94705200195312,5.1984405517578125
2006-06-16,57.68000030517578,86.31343841552734,5.188573837280273
2006-06-19,56.36000061035156,85.63482666015625,5.183644771575928
2006-06-20,57.29999923706055,85.92568969726562,5.183644771575928
2006-06-21,58.33000183105469,86.56271362304688,5.183644771575928
2006-06-22,57.72999954223633,86.18193817138672,5.1688456535339355
2006-06-23,57.9900016784668,86.16802215576172,5.163912773132324
2006-06-26,58.279998779296875,86.54888916015625,5.158982276916504
2006-06-27,57.68000030517578,85.80105590820312,5.1688456535339355
2006-06-28,57.540000915527344,86.38269805908203,5.158982276916504
2006-06-29,59.52000045776367,88.12763214111328,5.173777103424072
2006-06-30,61.22999954223633,88.13458251953125,5.208934307098389
2006-07-03,62.18000030517578,88.49468231201172,5.208934307098389
2006-07-05,62.5,87.98919677734375,5.1891255378723145
2006-07-06,63.02000045776367,88.24537658691406,5.1990275382995605
2006-07-07,62.630001068115234,87.67064666748047,5.213887691497803
2006-07-10,62.02000045776367,87.83682250976562,5.213887691497803
2006-07-11,63.810001373291016,88.22461700439453,5.218839645385742
2006-07-12,64.91999816894531,87.28287506103516,5.218839645385742
2006-07-13,65.55000305175781,85.86337280273438,5.228740692138672
2006-07-14,65.8499984741211,85.53096008300781,5.233689308166504
2006-07-17,63.95000076293945,85.40633392333984,5.228740692138672
2006-07-18,62.900001525878906,85.84260559082031,5.213887691497803
2006-07-19,64.02999877929688,87.03361511230469,5.233689308166504
2006-07-20,62.540000915527344,86.43809509277344,5.24359130859375
2006-07-21,61.709999084472656,85.82872772216797,5.238643169403076
2006-07-24,61.13999938964844,87.39363861083984,5.238643169403076
2006-07-25,61.54999923706055,87.70525360107422,5.233689308166504
2006-07-26,62.0,87.82299041748047,5.24359130859375
2006-07-27,62.900001525878906,87.7398681640625,5.24359130859375
2006-07-28,63.11000061035156,88.61929321289062,5.258452415466309
2006-07-31,63.15999984741211,88.5292739868164,5.279329299926758
2006-08-01,64.31999969482422,88.09303283691406,5.279329299926758
2006-08-02,64.75,88.68854522705078,5.289271831512451
2006-08-03,64.12000274658203,88.9239730834961,5.289271831512451
2006-08-04,64.27999877929688,88.77163696289062,5.304185390472412
2006-08-07,64.5,88.56391143798828,5.294241428375244
2006-08-08,63.970001220703125,88.22461700439453,5.299210071563721
2006-08-09,64.62999725341797,87.92687225341797,5.294241428375244
2006-08-10,63.25,88.19696044921875,5.294241428375244
2006-08-11,62.709999084472656,87.9476089477539,5.284296989440918
2006-08-14,62.25,88.01687622070312,5.274355411529541
2006-08-15,62.0099983215332,89.06939697265625,5.294241428375244
2006-08-16,62.4900016784668,89.81031036376953,5.3091535568237305
2006-08-17,61.029998779296875,90.0387954711914,5.3091535568237305
2006-08-18,61.040000915527344,90.495849609375,5.319097518920898
2006-08-21,62.439998626708984,90.10810852050781,5.324065208435059
2006-08-22,62.04999923706055,90.10115051269531,5.324065208435059
2006-08-23,61.83000183105469,89.8518295288086,5.324065208435059
2006-08-24,61.75,89.77568817138672,5.324065208435059
2006-08-25,61.77000045776367,89.88646697998047,5.329037666320801
2006-08-28,61.0,90.3157958984375,5.324065208435059
2006-08-29,60.939998626708984,90.419677734375,5.324065208435059
2006-08-30,61.41999816894531,90.47505950927734,5.334007263183594
2006-08-31,62.290000915527344,90.46117401123047,5.364954948425293
2006-09-01,62.13999938964844,91.00131225585938,5.364954948425293
2006-09-05,63.36000061035156,91.17442321777344,5.349977970123291
2006-09-06,62.86000061035156,90.37118530273438,5.344987392425537
2006-09-07,61.25,89.95571899414062,5.349977970123291
2006-09-08,60.63999938964844,90.21194458007812,5.3549699783325195
2006-09-11,58.5,90.30195617675781,5.349977970123291
2006-09-12,58.31999969482422,91.18830871582031,5.3549699783325195
2006-09-13,58.619998931884766,91.55526733398438,5.359959125518799
2006-09-14,57.189998626708984,91.56220245361328,5.349977970123291
2006-09-15,57.400001525878906,91.77713775634766,5.344987392425537
2006-09-18,58.22999954223633,91.9022445678711,5.3399977684021
2006-09-19,56.91999816894531,91.67279052734375,5.364954948425293
2006-09-20,57.2599983215332,92.15963745117188,5.364954948425293
2006-09-21,57.95000076293945,91.71451568603516,5.3899078369140625
2006-09-22,58.5,91.43630981445312,5.404873371124268
2006-09-25,58.5,92.13875579833984,5.41485595703125
2006-09-26,58.7400016784668,92.90375518798828,5.404873371124268
2006-09-27,59.810001373291016,93.01506805419922,5.404873371124268
2006-09-28,59.790000915527344,92.98033905029297,5.394895076751709
2006-09-29,59.470001220703125,92.90375518798828,5.41543436050415
2006-10-02,59.150001525878906,92.55607604980469,5.420444488525391
2006-10-03,57.11000061035156,92.7508316040039,5.420444488525391
2006-10-04,56.369998931884766,93.83578491210938,5.43547248840332
2006-10-05,56.91999816894531,94.01659393310547,5.420444488525391
2006-10-06,56.9900016784668,93.89835357666016,5.3953986167907715
2006-10-09,57.20000076293945,93.95398712158203,5.3953986167907715
2006-10-10,57.0,94.07920837402344,5.38037109375
2006-10-11,56.880001068115234,93.96791076660156,5.370346546173096
2006-10-12,57.4900016784668,94.78160858154297,5.370346546173096
2006-10-13,58.56999969482422,95.02501678466797,5.365336894989014
2006-10-16,59.16999816894531,95.1711196899414,5.370346546173096
2006-10-17,58.650001525878906,94.87206268310547,5.375356674194336
2006-10-18,58.59000015258789,94.99723052978516,5.375356674194336
2006-10-19,59.40999984741211,95.15023803710938,5.370346546173096
2006-10-20,58.779998779296875,95.1711196899414,5.370346546173096
2006-10-23,57.7599983215332,95.60926818847656,5.3603291511535645
2006-10-24,58.16999816894531,95.89440155029297,5.3603291511535645
2006-10-25,58.7599983215332,96.22127532958984,5.370346546173096
2006-10-26,59.290000915527344,96.52037811279297,5.39038610458374
2006-10-27,59.400001525878906,95.915283203125,5.400406837463379
2006-10-30,59.900001525878906,95.84573364257812,5.400406837463379
2006-10-31,60.2400016784668,95.83184051513672,5.446674823760986
2006-11-01,61.36000061035156,95.18501281738281,5.456730842590332
2006-11-02,61.91999816894531,95.12939453125,5.446674823760986
2006-11-03,62.29999923706055,94.96246337890625,5.41146993637085
2006-11-06,61.88999938964844,96.03353881835938,5.416504859924316
2006-11-07,62.040000915527344,96.40211486816406,5.431586742401123
2006-11-08,61.11000061035156,96.61077880859375,5.436616897583008
2006-11-09,62.95000076293945,96.1030502319336,5.436616897583008
2006-11-10,62.4900016784668,96.14481353759766,5.446674823760986
2006-11-13,62.189998626708984,96.38127136230469,5.441642761230469
2006-11-14,61.630001068115234,97.10455322265625,5.4517035484313965
2006-11-15,61.84000015258789,97.38275909423828,5.436616897583008
2006-11-16,61.310001373291016,97.6331558227539,5.426555633544922
2006-11-17,61.779998779296875,97.66096496582031,5.441642761230469
2006-11-20,61.77000045776367,97.71661376953125,5.446674823760986
2006-11-21,62.27000045776367,97.81395721435547,5.4517035484313965
2006-11-22,62.5,98.00873565673828,5.4517035484313965
2006-11-24,63.5,97.61224365234375,5.456730842590332
2006-11-27,63.70000076293945,96.2699966430664,5.461760520935059
2006-11-28,63.56999969482422,96.68728637695312,5.47182035446167
2006-11-29,63.15999984741211,97.69572448730469,5.466792583465576
2006-11-30,64.38999938964844,97.7374496459961,5.507684230804443
2006-12-01,64.12000274658203,97.52191925048828,5.517782211303711
2006-12-04,64.12000274658203,98.26602935791016,5.517782211303711
2006-12-05,63.810001373291016,98.6902847290039,5.517782211303711
2006-12-06,62.689998626708984,98.60682678222656,5.502628803253174
2006-12-07,62.72999954223633,98.17559814453125,5.502628803253174
2006-12-08,62.04999923706055,98.3564453125,5.477393627166748
2006-12-11,62.56999969482422,98.64158630371094,5.487489223480225
2006-12-12,62.52000045776367,98.56507110595703,5.497588157653809
2006-12-13,62.47999954223633,98.66943359375,5.472343444824219
2006-12-14,62.119998931884766,99.53880310058594,5.467295169830322
2006-12-15,61.0,99.54786682128906,5.467295169830322
2006-12-18,61.040000915527344,99.27513122558594,5.467295169830322
2006-12-19,61.79999923706055,99.46394348144531,5.467295169830322
2006-12-20,61.619998931884766,99.40801239013672,5.467295169830322
2006-12-21,61.380001068115234,99.04432678222656,5.482440948486328
2006-12-22,61.650001525878906,98.43592834472656,5.462248802185059
2006-12-26,61.97999954223633,99.0163345336914,5.462248802185059
2006-12-27,62.220001220703125,99.66676330566406,5.447101593017578
2006-12-28,62.900001525878906,99.45697021484375,5.437010288238525
2006-12-29,63.209999084472656,99.04432678222656,5.453729629516602
2007-01-03,62.279998779296875,98.86947631835938,5.463870525360107
2007-01-04,61.650001525878906,99.07931518554688,5.479074478149414
2007-01-05,60.16999816894531,98.28902435302734,5.468939781188965
2007-01-08,60.47999954223633,98.74363708496094,5.468939781188965
2007-01-09,60.849998474121094,98.65970611572266,5.468939781188965
2007-01-10,60.59000015258789,98.98834991455078,5.458805084228516
2007-01-11,60.630001068115234,99.4220199584961,5.443597793579102
2007-01-12,62.16999816894531,100.17730712890625,5.438523769378662
2007-01-16,61.970001220703125,99.98151397705078,5.443597793579102
2007-01-17,62.63999938964844,100.02347564697266,5.428389549255371
2007-01-18,62.2599983215332,99.68775939941406,5.438523769378662
2007-01-19,63.0,99.88361358642578,5.4334564208984375
2007-01-22,62.720001220703125,99.57585144042969,5.438523769378662
2007-01-23,64.2300033569336,99.8696060180664,5.423320293426514
2007-01-24,64.33000183105469,100.67383575439453,5.423320293426514
2007-01-25,64.05999755859375,99.49191284179688,5.408117294311523
2007-01-26,64.16999816894531,99.4010238647461,5.403048992156982
2007-01-29,63.77000045776367,99.34503173828125,5.403048992156982
2007-01-30,64.22000122070312,99.86259460449219,5.408117294311523
2007-01-31,64.83000183105469,100.53398895263672,5.440176963806152
2007-02-01,65.22000122070312,101.13545227050781,5.440176963806152
2007-02-02,64.27999877929688,101.27533721923828,5.440176963806152
2007-02-05,64.30999755859375,101.3033218383789,5.445265769958496
2007-02-06,64.79000091552734,101.3312759399414,5.460531234741211
2007-02-07,64.62999725341797,101.55506896972656,5.465622425079346
2007-02-08,65.5199966430664,101.42213439941406,5.465622425079346
2007-02-09,66.12000274658203,100.6668472290039,5.4503560066223145
2007-02-12,65.66999816894531,100.32417297363281,5.445265769958496
2007-02-13,65.83999633789062,101.17039489746094,5.445265769958496
2007-02-14,66.37000274658203,101.83479309082031,5.465622425079346
2007-02-15,66.41000366210938,101.96768951416016,5.4757981300354
2007-02-16,66.36000061035156,101.91870880126953,5.480894088745117
2007-02-20,65.30999755859375,102.13554382324219,5.480894088745117
2007-02-21,67.3499984741211,102.09355163574219,5.4757981300354
2007-02-22,67.1500015258789,102.01664733886719,5.465622425079346
2007-02-23,67.72000122070312,101.61797332763672,5.480894088745117
2007-02-26,68.0999984741211,101.52711486816406,5.496155261993408
2007-02-27,65.41000366210938,97.56168365478516,5.531783103942871
2007-02-28,66.4800033569336,98.56175994873047,5.541482448577881
2007-03-01,65.81999969482422,98.26802825927734,5.541482448577881
2007-03-02,63.709999084472656,96.98118591308594,5.556797027587891
2007-03-05,62.93000030517578,96.05801391601562,5.551697254180908
2007-03-06,64.1500015258789,97.70152282714844,5.546587944030762
2007-03-07,64.30000305175781,97.60363006591797,5.556797027587891
2007-03-08,64.4800033569336,98.42890930175781,5.556797027587891
2007-03-09,64.25,98.45692443847656,5.531271934509277
2007-03-12,64.37000274658203,98.60376739501953,5.541482448577881
2007-03-13,63.720001220703125,96.68748474121094,5.561913013458252
2007-03-14,63.939998626708984,97.40782165527344,5.556797027587891
2007-03-15,63.97999954223633,97.54071044921875,5.551697254180908
2007-03-16,64.62000274658203,97.267578125,5.546587944030762
2007-03-19,64.73999786376953,98.44013977050781,5.541482448577881
2007-03-20,65.2699966430664,98.9808349609375,5.546587944030762
2007-03-21,65.81999969482422,100.60975646972656,5.556797027587891
2007-03-22,65.76000213623047,100.53253173828125,5.541482448577881
2007-03-23,65.1500015258789,100.67998504638672,5.531271934509277
2007-03-26,65.83999633789062,100.54654693603516,5.541482448577881
2007-03-27,65.69999694824219,100.30780029296875,5.536374568939209
2007-03-28,66.05000305175781,99.57757568359375,5.531271934509277
2007-03-29,65.6500015258789,99.68293762207031,5.526163101196289
2007-03-30,65.73999786376953,99.70399475097656,5.543083190917969
2007-04-02,65.8499984741211,99.81636047363281,5.548211097717285
2007-04-03,65.83000183105469,100.89063262939453,5.537954330444336
2007-04-04,66.80999755859375,101.00296020507812,5.543083190917969
2007-04-05,66.86000061035156,101.27681732177734,5.537954330444336
2007-04-09,66.52999877929688,101.4172134399414,5.5174455642700195
2007-04-10,67.16000366210938,101.53659057617188,5.522571563720703
2007-04-11,67.08000183105469,101.12232971191406,5.5174455642700195
2007-04-12,66.98999786376953,101.57166290283203,5.5174455642700195
2007-04-13,67.83999633789062,102.03511047363281,5.512316703796387
2007-04-16,68.4000015258789,103.00406646728516,5.5174455642700195
2007-04-17,68.0,103.27787017822266,5.532826900482178
2007-04-18,68.37999725341797,103.40426635742188,5.543083190917969
2007-04-19,67.52999877929688,103.37618255615234,5.537954330444336
2007-04-20,68.69999694824219,104.35216522216797,5.537954330444336
2007-04-23,68.26000213623047,103.95895385742188,5.548211097717285
2007-04-24,67.7300033569336,104.00109100341797,5.553340435028076
2007-04-25,67.88999938964844,104.95600128173828,5.548211097717285
2007-04-26,66.87000274658203,105.07539367675781,5.532826900482178
2007-04-27,67.55999755859375,104.99116516113281,5.532826900482178
2007-04-30,67.08999633789062,104.12044525146484,5.574522018432617
2007-05-01,66.69000244140625,104.38724517822266,5.569375991821289
2007-05-02,66.66000366210938,104.99813079833984,5.569375991821289
2007-05-03,67.48999786376953,105.56689453125,5.559078693389893
2007-05-04,68.19000244140625,105.96710968017578,5.569375991821289
2007-05-07,68.25,105.98811340332031,5.569375991821289
2007-05-08,67.87999725341797,105.84770965576172,5.569375991821289
2007-05-09,67.44999694824219,106.13561248779297,5.559078693389893
2007-05-10,66.0,105.02620697021484,5.564226150512695
2007-05-11,66.44999694824219,105.92496490478516,5.559078693389893
2007-05-14,66.27999877929688,105.69325256347656,5.553930282592773
2007-05-15,66.54000091552734,105.72134399414062,5.543635368347168
2007-05-16,65.5999984741211,106.4445571899414,5.54878568649292
2007-05-17,65.05999755859375,106.23389434814453,5.533340930938721
2007-05-18,65.5199966430664,107.16075134277344,5.517902851104736
2007-05-21,65.66999816894531,107.1045913696289,5.517902851104736
2007-05-22,65.19999694824219,107.02032470703125,5.507606029510498
2007-05-23,65.54000091552734,107.0344009399414,5.502455711364746
2007-05-24,64.75,106.06536865234375,5.502455711364746
2007-05-25,64.94000244140625,106.50774383544922,5.497311592102051
2007-05-29,65.06999969482422,106.89389038085938,5.492163181304932
2007-05-30,64.72000122070312,107.76454162597656,5.492163181304932
2007-05-31,65.54000091552734,107.6522216796875,5.508700370788574
2007-06-01,66.44000244140625,108.18587493896484,5.488031387329102
2007-06-04,66.54000091552734,108.19987487792969,5.493199348449707
2007-06-05,66.37000274658203,107.7716064453125,5.4776930809021
2007-06-06,66.41000366210938,106.61302185058594,5.482860565185547
2007-06-07,65.26000213623047,104.689208984375,5.451854705810547
2007-06-08,64.22000122070312,106.05134582519531,5.446692943572998
2007-06-11,64.69999694824219,106.23389434814453,5.441521644592285
2007-06-12,64.0999984741211,105.07539367675781,5.410515308380127
2007-06-13,64.52999877929688,106.64816284179688,5.420853137969971
2007-06-14,64.5999984741211,107.3292236328125,5.415682792663574
2007-06-15,64.8499984741211,107.93993377685547,5.431182861328125
2007-06-18,64.94999694824219,107.8130111694336,5.441521644592285
2007-06-19,65.4800033569336,108.08091735839844,5.45702600479126
2007-06-20,64.70999908447266,106.57898712158203,5.446692943572998
2007-06-21,64.55999755859375,107.17131805419922,5.441521644592285
2007-06-22,64.77999877929688,106.16291046142578,5.451854705810547
2007-06-25,64.43000030517578,105.65514373779297,5.467361927032471
2007-06-26,63.619998931884766,104.56922149658203,5.462192535400391
2007-06-27,63.66999816894531,106.0571060180664,5.467361927032471
2007-06-28,64.26000213623047,106.0429916381836,5.45702600479126
2007-06-29,64.2699966430664,106.07825469970703,5.499042987823486
2007-07-02,65.0199966430664,107.03730773925781,5.509422302246094
2007-07-03,64.73999786376953,107.42512512207031,5.493856430053711
2007-07-05,64.41999816894531,107.31227111816406,5.467922687530518
2007-07-06,64.95999908447266,107.87643432617188,5.452352523803711
2007-07-09,65.37999725341797,107.96104431152344,5.46273136138916
2007-07-10,65.61000061035156,106.4238052368164,5.499042987823486
2007-07-11,65.44000244140625,107.17835235595703,5.488672733306885
2007-07-12,66.0199966430664,108.87074279785156,5.473104476928711
2007-07-13,66.02999877929688,109.1950912475586,5.478296279907227
2007-07-16,65.81999969482422,109.18101501464844,5.493856430053711
2007-07-17,65.75,109.12458801269531,5.483482837677002
2007-07-18,66.62000274658203,108.92716217041016,5.504230976104736
2007-07-19,67.01000213623047,109.3503189086914,5.499042987823486
2007-07-20,67.58000183105469,108.24310302734375,5.519799709320068
2007-07-23,67.47000122070312,108.57460021972656,5.519799709320068
2007-07-24,67.47000122070312,106.69175720214844,5.52498722076416
2007-07-25,66.9000015258789,106.91034698486328,5.540548801422119
2007-07-26,65.6500015258789,104.37884521484375,5.582052707672119
2007-07-27,65.41000366210938,102.32682800292969,5.576860427856445
2007-07-30,65.7699966430664,103.9275131225586,5.566486835479736
2007-07-31,65.79000091552734,102.75689697265625,5.598777770996094
2007-08-01,65.93000030517578,103.25758361816406,5.598777770996094
2007-08-02,65.88999938964844,104.0826187133789,5.598777770996094
2007-08-03,66.69000244140625,101.40302276611328,5.6196088790893555
2007-08-06,66.5199966430664,103.10249328613281,5.609189510345459
2007-08-07,66.4800033569336,104.2025146484375,5.603987216949463
2007-08-08,66.7699966430664,105.65514373779297,5.572738170623779
2007-08-09,65.45999908447266,102.52423858642578,5.593562126159668
2007-08-10,66.56999969482422,102.04472351074219,5.598777770996094
2007-08-13,66.26000213623047,102.41138458251953,5.598777770996094
2007-08-14,66.29000091552734,100.84593200683594,5.614396572113037
2007-08-15,66.12999725341797,99.45674896240234,5.630026817321777
2007-08-16,64.68000030517578,100.2042236328125,5.6456475257873535
2007-08-17,65.01000213623047,102.04472351074219,5.6456475257873535
2007-08-20,65.12000274658203,101.995361328125,5.661273956298828
2007-08-21,65.06999969482422,102.19987487792969,5.676897048950195
2007-08-22,65.4000015258789,103.4127426147461,5.661273956298828
2007-08-23,65.30999755859375,103.32102966308594,5.656065940856934
2007-08-24,66.11000061035156,104.5974349975586,5.6456475257873535
2007-08-27,65.9800033569336,103.62431335449219,5.656065940856934
2007-08-28,65.58999633789062,101.34660339355469,5.687319755554199
2007-08-29,66.06999969482422,103.33517456054688,5.676897048950195
2007-08-30,65.80000305175781,103.0601806640625,5.69773530960083
2007-08-31,66.5199966430664,104.0755844116211,5.709239959716797
2007-09-04,67.44000244140625,105.12631225585938,5.704010009765625
2007-09-05,67.55999755859375,104.21664428710938,5.735371112823486
2007-09-06,68.86000061035156,104.45642852783203,5.724923610687256
2007-09-07,69.38999938964844,103.00376892089844,5.771974563598633
2007-09-10,69.62000274658203,102.8062973022461,5.78242826461792
2007-09-11,70.5199966430664,104.0051040649414,5.766745567321777
2007-09-12,70.45999908447266,104.27303314208984,5.756288528442383
2007-09-13,70.08000183105469,105.00640869140625,5.730147838592529
2007-09-14,69.98999786376953,104.99935150146484,5.735371112823486
2007-09-17,70.97000122070312,104.43523406982422,5.730147838592529
2007-09-18,71.69999694824219,107.50980377197266,5.735371112823486
2007-09-19,71.43000030517578,108.14440155029297,5.730147838592529
2007-09-20,72.72000122070312,107.38285064697266,5.6830925941467285
2007-09-21,72.33999633789062,107.67264556884766,5.693549633026123
2007-09-24,72.27999877929688,107.4742660522461,5.698777198791504
2007-09-25,72.33000183105469,107.26166534423828,5.704010009765625
2007-09-26,72.0,107.82852172851562,5.704010009765625
2007-09-27,72.69999694824219,108.46615600585938,5.714463233947754
2007-09-28,73.51000213623047,108.10481262207031,5.735452651977539
2007-10-01,73.9000015258789,109.323486328125,5.740701675415039
2007-10-02,72.3499984741211,109.17464447021484,5.74595308303833
2007-10-03,71.9000015258789,108.95500183105469,5.740701675415039
2007-10-04,72.87000274658203,109.12506103515625,5.74595308303833
2007-10-05,73.4000015258789,110.42162322998047,5.7092156410217285
2007-10-08,72.52999877929688,109.8335952758789,5.7092156410217285
2007-10-09,73.08999633789062,110.86799621582031,5.703964710235596
2007-10-10,73.36000061035156,110.68377685546875,5.703964710235596
2007-10-11,73.91000366210938,110.1524658203125,5.703964710235596
2007-10-12,74.58999633789062,110.7617416381836,5.693474769592285
2007-10-15,75.13999938964844,109.82655334472656,5.698720932006836
2007-10-16,75.12000274658203,108.95500183105469,5.7092156410217285
2007-10-17,74.5,109.28805541992188,5.74595308303833
2007-10-18,76.0,108.89127349853516,5.756438255310059
2007-10-19,75.69999694824219,106.04303741455078,5.787928104400635
2007-10-22,74.5999984741211,106.65945434570312,5.787928104400635
2007-10-23,75.2300033569336,107.52386474609375,5.787928104400635
2007-10-24,75.5199966430664,107.32542419433594,5.8089189529418945
2007-10-25,76.02999877929688,107.5804672241211,5.803670406341553
2007-10-26,77.69000244140625,108.84163665771484,5.793175220489502
2007-10-29,78.12000274658203,109.20304107666016,5.793175220489502
2007-10-30,77.3499984741211,108.44491577148438,5.787928104400635
2007-10-31,78.62000274658203,109.57144165039062,5.783190727233887
2007-11-01,77.93000030517578,107.00663757324219,5.820053577423096
2007-11-02,79.83000183105469,107.12704467773438,5.8463921546936035
2007-11-05,79.75,106.312255859375,5.83585786819458
2007-11-06,81.43000030517578,107.74348449707031,5.82532262802124
2007-11-07,82.23999786376953,104.79608917236328,5.841123104095459
2007-11-08,82.2300033569336,104.26467895507812,5.867464065551758
2007-11-09,82.18000030517578,102.83348083496094,5.877995014190674
2007-11-12,78.30000305175781,101.8132095336914,5.877995014190674
2007-11-13,79.12000274658203,104.91651153564453,5.862192630767822
2007-11-14,80.27999877929688,104.62599182128906,5.856926441192627
2007-11-15,77.94999694824219,103.11686706542969,5.893798828125
2007-11-16,77.75,103.29402160644531,5.89906120300293
2007-11-19,77.23999786376953,101.8557357788086,5.925395488739014
2007-11-20,79.47000122070312,102.4792251586914,5.930662155151367
2007-11-21,79.36000061035156,100.38203430175781,5.941194534301758
2007-11-23,81.25,102.11788177490234,5.941194534301758
2007-11-26,81.30000305175781,99.86480712890625,5.993866920471191
2007-11-27,80.0999984741211,101.01261138916016,5.962264060974121
2007-11-28,79.56999969482422,104.24343872070312,5.941194534301758
2007-11-29,78.27999877929688,104.27886962890625,5.967529773712158
2007-11-30,77.31999969482422,105.32744598388672,5.983389377593994
2007-12-03,78.27999877929688,104.63314819335938,6.015106201171875
2007-12-04,79.4000015258789,103.69786834716797,6.020386219024658
2007-12-05,78.62999725341797,105.43375396728516,6.015106201171875
2007-12-06,79.37000274658203,106.94290924072266,5.983389377593994
2007-12-07,78.5999984741211,106.92156982421875,5.94638729095459
2007-12-10,80.0,107.75054168701172,5.941105842590332
2007-12-11,78.83999633789062,104.79608917236328,5.9992451667785645
2007-12-12,80.48999786376953,105.83048248291016,5.967534065246582
2007-12-13,78.5,105.61089324951172,5.941105842590332
2007-12-14,78.5199966430664,104.27177429199219,5.919961452484131
2007-12-17,78.12999725341797,102.78388214111328,5.930530071258545
2007-12-18,79.25,103.35777282714844,5.956957817077637
2007-12-19,79.23999786376953,103.35777282714844,5.967534065246582
2007-12-20,78.66999816894531,104.0096664428711,5.983389377593994
2007-12-21,80.0999984741211,105.50898742675781,5.935814380645752
2007-12-24,80.13999938964844,106.29246520996094,5.919961452484131
2007-12-26,81.5199966430664,106.52037048339844,5.898821830749512
2007-12-27,81.55999755859375,105.18125915527344,5.925246238708496
2007-12-28,83.0,104.91776275634766,5.956957817077637
2007-12-31,82.45999908447266,104.14144134521484,5.9999284744262695
2008-01-02,84.86000061035156,103.22969055175781,6.047676086425781
2008-01-03,85.56999969482422,103.17975616455078,6.042369365692139
2008-01-04,85.12999725341797,100.65121459960938,6.068892002105713
2008-01-07,84.7699966430664,100.56578826904297,6.074197769165039
2008-01-08,86.77999877929688,98.9417724609375,6.074197769165039
2008-01-09,86.55000305175781,99.98168182373047,6.09011697769165
2008-01-10,88.25,100.63699340820312,6.068892002105713
2008-01-11,88.58000183105469,99.82501220703125,6.095417499542236
2008-01-14,89.54000091552734,100.6298599243164,6.095417499542236
2008-01-15,87.98999786376953,98.41474151611328,6.1219482421875
2008-01-16,86.69999694824219,97.567138671875,6.1219482421875
2008-01-17,86.5,95.03852081298828,6.143170356750488
2008-01-18,87.41999816894531,94.0627212524414,6.153776168823242
2008-01-22,88.16999816894531,93.10832214355469,6.217432498931885
2008-01-23,87.88999938964844,95.3448257446289,6.201521873474121
2008-01-24,90.08000183105469,96.149658203125,6.15908145904541
2008-01-25,90.30000305175781,94.76074981689453,6.174995422363281
2008-01-28,91.75,96.32775115966797,6.174995422363281
2008-01-29,91.1500015258789,96.80496978759766,6.153776168823242
2008-01-30,92.05999755859375,96.09266662597656,6.153776168823242
2008-01-31,91.4000015258789,97.84490203857422,6.185715675354004
2008-02-01,89.3499984741211,99.41902160644531,6.201684951782227
2008-02-04,89.0999984741211,98.16545104980469,6.185715675354004
2008-02-05,87.68000030517578,95.53713989257812,6.212327003479004
2008-02-06,88.94999694824219,94.76789855957031,6.207009792327881
2008-02-07,89.8499984741211,95.3946533203125,6.175069808959961
2008-02-08,91.0,94.78211975097656,6.201684951782227
2008-02-11,91.33000183105469,95.26646423339844,6.212327003479004
2008-02-12,89.33000183105469,96.149658203125,6.19103479385376
2008-02-13,89.44000244140625,97.13259887695312,6.19103479385376
2008-02-14,89.70999908447266,96.27790832519531,6.16442346572876
2008-02-15,89.1500015258789,96.25654602050781,6.16974401473999
2008-02-19,91.58000183105469,96.52720642089844,6.132482051849365
2008-02-20,93.23999786376953,96.81210327148438,6.116507053375244
2008-02-21,93.25,96.00724792480469,6.16442346572876
2008-02-22,93.38999938964844,96.59843444824219,6.16442346572876
2008-02-25,92.73999786376953,97.81639099121094,6.121831893920898
2008-02-26,93.70999908447266,98.55005645751953,6.13780403137207
2008-02-27,94.77999877929688,98.45032501220703,6.143131256103516
2008-02-28,95.98999786376953,97.48876190185547,6.185715675354004
2008-02-29,96.18000030517578,95.31632995605469,6.269555568695068
2008-03-03,97.23999786376953,95.08837890625,6.269555568695068
2008-03-04,95.18000030517578,94.72515106201172,6.242859840393066
2008-03-05,97.72000122070312,95.32341766357422,6.232178211212158
2008-03-06,96.5,93.35044860839844,6.253534317016602
2008-03-07,96.08999633789062,92.38890075683594,6.280237197875977
2008-03-10,95.87000274658203,91.17088317871094,6.306938648223877
2008-03-11,95.98999786376953,94.44731903076172,6.242859840393066
2008-03-12,97.01000213623047,93.56414031982422,6.3015971183776855
2008-03-13,98.33999633789062,93.77068328857422,6.274900913238525
2008-03-14,98.70999908447266,92.31764221191406,6.322961330413818
2008-03-17,99.16999816894531,91.38460540771484,6.344320774078369
2008-03-18,96.5,95.18099212646484,6.312280178070068
2008-03-19,93.04000091552734,92.82337188720703,6.338980197906494
2008-03-20,89.91000366210938,94.54271697998047,6.344320774078369
2008-03-24,90.0999984741211,96.43240356445312,6.258872985839844
2008-03-25,92.7300033569336,96.52547454833984,6.274900913238525
2008-03-26,93.80000305175781,95.3443832397461,6.280237197875977
2008-03-27,93.45999908447266,95.0438003540039,6.269555568695068
2008-03-28,91.87999725341797,94.13471984863281,6.285576820373535
2008-03-31,90.41000366210938,94.46395874023438,6.327908515930176
2008-04-01,86.86000061035156,97.7853012084961,6.274324417114258
2008-04-02,89.2699966430664,97.84971618652344,6.258248329162598
2008-04-03,89.41999816894531,98.09308624267578,6.252894878387451
2008-04-04,90.25,97.98572540283203,6.2903971672058105
2008-04-07,91.16999816894531,98.03582763671875,6.258248329162598
2008-04-08,90.3499984741211,97.93560028076172,6.263614177703857
2008-04-09,92.29000091552734,97.22696685791016,6.295760631561279
2008-04-10,91.7699966430664,97.36296844482422,6.2689690589904785
2008-04-11,91.30000305175781,95.4732894897461,6.295760631561279
2008-04-14,91.11000061035156,95.15115356445312,6.285041809082031
2008-04-15,91.66000366210938,95.37301635742188,6.263614177703857
2008-04-16,93.2699966430664,97.9570541381836,6.215390205383301
2008-04-17,92.55999755859375,98.10025024414062,6.199313640594482
2008-04-18,90.62000274658203,99.12380981445312,6.188596725463867
2008-04-21,90.25,99.17394256591797,6.199313640594482
2008-04-22,90.2699966430664,98.73727416992188,6.193953990936279
2008-04-23,89.22000122070312,98.5798568725586,6.188596725463867
2008-04-24,87.22000122070312,99.0093002319336,6.151086330413818
2008-04-25,87.2699966430664,99.9255142211914,6.135015487670898
2008-04-28,87.69000244140625,99.94696807861328,6.151086330413818
2008-04-29,85.80999755859375,99.55329895019531,6.151086330413818
2008-04-30,86.6500015258789,98.96638488769531,6.193021774291992
2008-05-01,83.98999786376953,101.0135726928711,6.193021774291992
2008-05-02,84.58000183105469,101.29271697998047,6.160769462585449
2008-05-05,86.2699966430664,100.80596923828125,6.16614294052124
2008-05-06,86.62999725341797,101.67920684814453,6.155390739440918
2008-05-07,85.81999969482422,99.86827850341797,6.16614294052124
2008-05-08,87.23999786376953,99.6105728149414,6.193021774291992
2008-05-09,87.41999816894531,99.42447662353516,6.2037763595581055
2008-05-12,86.98999786376953,100.54108428955078,6.198396682739258
2008-05-13,85.38999938964844,100.555419921875,6.150013446807861
2008-05-14,85.19999694824219,100.76300811767578,6.14463472366333
2008-05-15,87.0,102.02284240722656,6.171515464782715
2008-05-16,89.0999984741211,102.11589050292969,6.160769462585449
2008-05-19,89.38999938964844,102.39503479003906,6.16614294052124
2008-05-20,90.9000015258789,101.56472778320312,6.193021774291992
2008-05-21,91.95999908447266,99.84679412841797,6.171515464782715
2008-05-22,90.9800033569336,99.8611068725586,6.133889198303223
2008-05-23,91.2300033569336,98.52254486083984,6.160769462585449
2008-05-27,89.36000061035156,99.25272369384766,6.133889198303223
2008-05-28,89.13999938964844,99.7107925415039,6.101634502410889
2008-05-29,86.51000213623047,100.2118148803711,6.08012580871582
2008-05-30,87.44999694824219,100.46235656738281,6.111414432525635
2008-06-02,87.95999908447266,99.42447662353516,6.143777847290039
2008-06-03,86.87999725341797,98.84466552734375,6.170745849609375
2008-06-04,86.6500015258789,98.79459381103516,6.149172782897949
2008-06-05,86.44999694824219,100.77021026611328,6.132989883422852
2008-06-06,89.05999755859375,97.55622100830078,6.1653523445129395
2008-06-09,87.98999786376953,97.79244232177734,6.122202396392822
2008-06-10,85.55000305175781,97.30572509765625,6.079050064086914
2008-06-11,87.0199966430664,95.87410736083984,6.095232009887695
2008-06-12,85.5999984741211,96.23916625976562,6.046688556671143
2008-06-13,85.83000183105469,97.4560317993164,6.0304999351501465
2008-06-16,87.01000213623047,97.51329803466797,6.0304999351501465
2008-06-17,87.25,97.04084777832031,6.046688556671143
2008-06-18,88.27999877929688,96.09599304199219,6.07365608215332
2008-06-19,88.41999816894531,96.21769714355469,6.052081108093262
2008-06-20,88.94999694824219,94.6559066772461,6.068261623382568
2008-06-23,87.08999633789062,94.5623779296875,6.0628662109375
2008-06-24,87.47000122070312,94.3753890991211,6.089839935302734
2008-06-25,87.41999816894531,94.82136535644531,6.084437847137451
2008-06-26,90.61000061035156,92.24596405029297,6.122202396392822
2008-06-27,91.47000122070312,91.742431640625,6.132989883422852
2008-06-30,91.4000015258789,92.066162109375,6.158426284790039
2008-07-01,92.66000366210938,92.35392761230469,6.158426284790039
2008-07-02,93.16999816894531,90.77127838134766,6.169248104095459
2008-07-03,92.05999755859375,90.86477661132812,6.169248104095459
2008-07-07,91.2300033569336,89.93678283691406,6.185479164123535
2008-07-08,90.86000061035156,91.5338134765625,6.201720237731934
2008-07-09,91.5,89.7713394165039,6.217955112457275
2008-07-10,93.52999877929688,90.13823699951172,6.223366737365723
2008-07-11,95.16000366210938,89.08793640136719,6.174661159515381
2008-07-14,95.91000366210938,88.2822036743164,6.196305751800537
2008-07-15,96.16999816894531,87.03767395019531,6.21253776550293
2008-07-16,94.44000244140625,89.17425537109375,6.174661159515381
2008-07-17,94.22000122070312,90.0662612915039,6.147604942321777
2008-07-18,94.16999816894531,90.62738800048828,6.131367206573486
2008-07-21,95.12000274658203,90.67776489257812,6.136777877807617
2008-07-22,93.05999755859375,91.70646667480469,6.125959396362305
2008-07-23,90.56999969482422,92.2028579711914,6.115130424499512
2008-07-24,91.33000183105469,90.2892837524414,6.153013706207275
2008-07-25,91.69000244140625,90.26771545410156,6.120541572570801
2008-07-28,91.7300033569336,88.94403839111328,6.153013706207275
2008-07-29,90.58999633789062,90.84319305419922,6.147604942321777
2008-07-30,89.5199966430664,92.46177673339844,6.147604942321777
2008-07-31,90.08000183105469,91.23886108398438,6.206243515014648
2008-08-01,89.56999969482422,90.75687408447266,6.200811386108398
2008-08-04,88.13999938964844,89.91519165039062,6.195384502410889
2008-08-05,86.08000183105469,92.33951568603516,6.1845269203186035
2008-08-06,86.63999938964844,92.74954223632812,6.173668384552002
2008-08-07,86.08999633789062,91.3683090209961,6.217104911804199
2008-08-08,84.43000030517578,93.06607818603516,6.206243515014648
2008-08-11,81.12999725341797,94.03008270263672,6.189949989318848
2008-08-12,80.5199966430664,93.05175018310547,6.217104911804199
2008-08-13,81.55999755859375,92.49057006835938,6.211671829223633
2008-08-14,79.3499984741211,93.18836975097656,6.222532272338867
2008-08-15,77.62999725341797,93.6415786743164,6.233392715454102
2008-08-18,78.80000305175781,92.36109161376953,6.244255065917969
2008-08-19,80.43000030517578,91.35396575927734,6.23881721496582
2008-08-20,80.05999755859375,91.77840423583984,6.26054048538208
2008-08-21,82.30000305175781,91.9366455078125,6.244255065917969
2008-08-22,81.08000183105469,93.26754760742188,6.233392715454102
2008-08-25,80.93000030517578,91.37555694580078,6.2551069259643555
2008-08-26,81.2300033569336,91.64173126220703,6.2551069259643555
2008-08-27,81.36000061035156,92.53372955322266,6.26054048538208
2008-08-28,82.18000030517578,93.65599060058594,6.2551069259643555
2008-08-29,81.70999908447266,92.64885711669922,6.267105579376221
2008-09-02,79.19999694824219,92.07332611083984,6.294351100921631
2008-09-03,78.88999938964844,91.99424743652344,6.310695171356201
2008-09-04,78.38999938964844,89.22460174560547,6.327044486999512
2008-09-05,78.9800033569336,89.50514221191406,6.316147327423096
2008-09-08,78.86000061035156,91.35396575927734,6.321597099304199
2008-09-09,76.48999786376953,88.64190673828125,6.337947368621826
2008-09-10,74.22000122070312,89.00160217285156,6.327044486999512
2008-09-11,73.08000183105469,90.2892837524414,6.321597099304199
2008-09-12,75.55000305175781,90.70653533935547,6.305251598358154
2008-09-15,77.55999755859375,86.3902587890625,6.392440319061279
2008-09-16,76.79000091552734,87.83618927001953,6.370645046234131
2008-09-17,85.45999908447266,83.88680267333984,6.408792018890381
2008-09-18,82.80000305175781,86.37588500976562,6.370645046234131
2008-09-19,85.9800033569336,89.80619049072266,6.283448219299316
2008-09-22,89.18000030517578,87.77301788330078,6.272552967071533
2008-09-23,88.31999969482422,85.77603912353516,6.267105579376221
2008-09-24,86.70999908447266,86.05099487304688,6.294351100921631
2008-09-25,86.44999694824219,87.39681243896484,6.261646270751953
2008-09-26,86.63999938964844,87.44021606445312,6.261646270751953
2008-09-29,89.56999969482422,80.58824920654297,6.343399524688721
2008-09-30,85.06999969482422,83.92377471923828,6.2991042137146
2008-10-01,85.97000122070312,83.97442626953125,6.326446533203125
2008-10-02,82.33000183105469,80.92828369140625,6.359253406524658
2008-10-03,82.58999633789062,79.83576202392578,6.381123065948486
2008-10-06,84.27999877929688,75.76942443847656,6.413933277130127
2008-10-07,87.2699966430664,72.37602996826172,6.402993202209473
2008-10-08,89.41999816894531,70.55266571044922,6.342846870422363
2008-10-09,89.9000015258789,65.6253433227539,6.304571151733398
2008-10-10,83.22000122070312,64.0335693359375,6.26629638671875
2008-10-13,81.98999786376953,73.33111572265625,6.211618423461914
2008-10-14,82.19999694824219,72.24581146240234,6.206146240234375
2008-10-15,83.30999755859375,65.13337707519531,6.233489513397217
2008-10-16,79.29000091552734,67.84661865234375,6.228024482727051
2008-10-17,77.20999908447266,67.44146728515625,6.238954067230225
2008-10-20,78.5,71.49332427978516,6.260830402374268
2008-10-21,76.02999877929688,69.35884857177734,6.2991042137146
2008-10-22,71.70999908447266,65.58197021484375,6.326446533203125
2008-10-23,70.6500015258789,66.34168243408203,6.315507411956787
2008-10-24,72.20999908447266,62.97720718383789,6.288166522979736
2008-10-27,72.18000030517578,60.741451263427734,6.271763324737549
2008-10-28,73.79000091552734,67.83943939208984,6.228024482727051
2008-10-29,74.0,67.347412109375,6.233489513397217
2008-10-30,72.70999908447266,69.67718505859375,6.206146240234375
2008-10-31,71.33999633789062,70.0606918334961,6.213831424713135
2008-11-03,71.0999984741211,70.26327514648438,6.230282783508301
2008-11-04,75.4800033569336,72.65097045898438,6.29060697555542
2008-11-05,72.80000305175781,69.59761810302734,6.30706262588501
2008-11-06,72.22000122070312,65.74112701416016,6.301578998565674
2008-11-07,72.5,67.91175079345703,6.285122871398926
2008-11-10,73.58000183105469,67.02178192138672,6.29060697555542
2008-11-11,72.05000305175781,64.95245361328125,6.285122871398926
2008-11-12,70.0,62.0944709777832,6.328997611999512
2008-11-13,72.1500015258789,65.96542358398438,6.296092510223389
2008-11-14,73.30000305175781,62.67331314086914,6.345453262329102
2008-11-17,72.6500015258789,61.84125518798828,6.361904144287109
2008-11-18,72.51000213623047,63.00612258911133,6.405783176422119
2008-11-19,72.26000213623047,58.96877670288086,6.438691139221191
2008-11-20,73.44999694824219,54.59135437011719,6.504499912261963
2008-11-21,78.8499984741211,57.536136627197266,6.466109752655029
2008-11-24,80.91000366210938,61.52286911010742,6.416747570037842
2008-11-25,80.87000274658203,61.978736877441406,6.499020099639893
2008-11-26,80.37999725341797,64.3736343383789,6.52095365524292
2008-11-28,80.30999755859375,65.18400573730469,6.561097145080566
2008-12-01,75.6500015258789,59.410125732421875,6.632596969604492
2008-12-02,76.94999694824219,61.69651794433594,6.643596649169922
2008-12-03,76.18000030517578,63.1798095703125,6.660093307495117
2008-12-04,75.5,61.71822738647461,6.698588848114014
2008-12-05,74.5199966430664,63.62112045288086,6.632596969604492
2008-12-08,76.19999694824219,65.8424301147461,6.610597610473633
2008-12-09,76.33000183105469,64.75711822509766,6.660093307495117
2008-12-10,79.75,65.19847106933594,6.660093307495117
2008-12-11,80.6500015258789,63.62837219238281,6.676595687866211
2008-12-12,80.80999755859375,64.38809204101562,6.682091236114502
2008-12-15,82.5999984741211,63.49089813232422,6.698588848114014
2008-12-16,84.45999908447266,66.47914123535156,6.78658390045166
2008-12-17,85.43000030517578,65.83521270751953,6.819586753845215
2008-12-18,83.87000274658203,64.60516357421875,6.863579750061035
2008-12-19,82.62999725341797,64.32725524902344,6.836082458496094
2008-12-22,83.45999908447266,63.50303268432617,6.819586753845215
2008-12-23,82.62999725341797,62.846534729003906,6.819586753845215
2008-12-24,83.45999908447266,63.21126174926758,6.803089141845703
2008-12-26,85.5999984741211,63.575950622558594,6.825080871582031
2008-12-29,86.3499984741211,63.39361572265625,6.841588497161865
2008-12-30,85.9000015258789,64.89620971679688,6.838219165802002
2008-12-31,86.5199966430664,65.82257843017578,6.801119327545166
2009-01-02,86.2300033569336,67.80661010742188,6.7449164390563965
2009-01-05,84.4800033569336,67.72632598876953,6.728053569793701
2009-01-06,85.12999725341797,68.1785888671875,6.7449164390563965
2009-01-07,82.75,66.13622283935547,6.7449164390563965
2009-01-08,84.45999908447266,66.4061050415039,6.76739501953125
2009-01-09,83.91999816894531,64.98374938964844,6.784257888793945
2009-01-12,80.76000213623047,63.422760009765625,6.817984104156494
2009-01-13,80.87999725341797,63.539512634277344,6.817984104156494
2009-01-14,79.79000091552734,61.54087829589844,6.840466499328613
2009-01-15,80.38999938964844,61.562782287597656,6.840466499328613
2009-01-16,82.70999908447266,62.044166564941406,6.801119327545166
2009-01-20,84.5199966430664,58.769107818603516,6.778637409210205
2009-01-21,84.1500015258789,61.307472229003906,6.722434043884277
2009-01-22,84.58000183105469,60.35923385620117,6.699947834014893
2009-01-23,88.52999877929688,60.62181091308594,6.694322109222412
2009-01-26,88.94999694824219,61.03759765625,6.683086395263672
2009-01-27,88.37999725341797,61.65757369995117,6.716809272766113
2009-01-28,87.41999816894531,63.743751525878906,6.67746639251709
2009-01-29,89.5,61.67219161987305,6.6212568283081055
2009-01-30,91.30999755859375,60.417572021484375,6.638729572296143
2009-02-02,88.83999633789062,60.2352180480957,6.68381404876709
2009-02-03,88.47000122070312,61.08136749267578,6.633090496063232
2009-02-04,89.18000030517578,60.782283782958984,6.616182327270508
2009-02-05,90.12000274658203,61.686767578125,6.6274542808532715
2009-02-06,89.58999633789062,63.444664001464844,6.604909896850586
2009-02-09,88.31999969482422,63.53219223022461,6.599277973175049
2009-02-10,90.20999908447266,60.62181091308594,6.6612701416015625
2009-02-11,92.29000091552734,60.97926712036133,6.678176403045654
2009-02-12,93.16999816894531,61.02299880981445,6.68381404876709
2009-02-13,92.55000305175781,60.366539001464844,6.6500020027160645
2009-02-17,95.44999694824219,57.784400939941406,6.717625141143799
2009-02-18,96.91000366210938,57.64579391479492,6.68381404876709
2009-02-19,95.7699966430664,57.02579879760742,6.644363880157471
2009-02-20,97.80000305175781,56.471439361572266,6.666903495788574
2009-02-23,97.7300033569336,54.450927734375,6.6612701416015625
2009-02-24,94.7300033569336,56.51520538330078,6.644363880157471
2009-02-25,93.1500015258789,56.07027053833008,6.593644142150879
2009-02-26,93.05999755859375,55.15850067138672,6.588006973266602
2009-02-27,92.62999725341797,53.92578887939453,6.600439548492432
2009-03-02,90.93000030517578,51.496826171875,6.656950950622559
2009-03-03,90.04000091552734,51.11024475097656,6.645648956298828
2009-03-04,88.98999786376953,52.321067810058594,6.61739444732666
2009-03-05,91.98999786376953,50.18387222290039,6.668255805969238
2009-03-06,92.29000091552734,50.27139663696289,6.645648956298828
2009-03-09,90.56999969482422,49.68058395385742,6.645648956298828
2009-03-10,88.13999938964844,52.64200210571289,6.61739444732666
2009-03-11,89.22000122070312,52.98483657836914,6.634342193603516
2009-03-12,91.0999984741211,55.070960998535156,6.656950950622559
2009-03-13,91.30000305175781,55.501319885253906,6.668255805969238
2009-03-16,90.80000305175781,55.333560943603516,6.6512980461120605
2009-03-17,90.04000091552734,57.02579879760742,6.634342193603516
2009-03-18,93.08999633789062,58.302284240722656,6.803882122039795
2009-03-19,94.3499984741211,57.58014678955078,6.792574405670166
2009-03-20,93.58999633789062,56.35404586791992,6.792574405670166
2009-03-23,92.08000183105469,60.401893615722656,6.775620460510254
2009-03-24,90.94999694824219,59.21181106567383,6.769968509674072
2009-03-25,91.9800033569336,59.83625411987305,6.747365474700928
2009-03-26,91.93000030517578,61.05571365356445,6.770749568939209
2009-03-27,90.69000244140625,59.95379638671875,6.759345054626465
2009-03-30,89.9800033569336,57.882076263427734,6.776461124420166
2009-03-31,90.27999877929688,58.41837692260742,6.812492847442627
2009-04-01,91.02999877929688,59.54970932006836,6.818212509155273
2009-04-02,88.80000305175781,61.29079055786133,6.7838969230651855
2009-04-03,87.58999633789062,61.900569915771484,6.732414722442627
2009-04-06,85.2699966430664,61.41572952270508,6.72097635269165
2009-04-07,86.73999786376953,59.98313903808594,6.726696968078613
2009-04-08,86.61000061035156,60.6296501159668,6.749578475952148
2009-04-09,86.30999755859375,63.03923416137695,6.726696968078613
2009-04-13,87.87999725341797,63.05389404296875,6.76101541519165
2009-04-14,87.37000274658203,61.9666748046875,6.7838969230651855
2009-04-15,87.5,62.62786865234375,6.789610862731934
2009-04-16,85.80999755859375,63.5461311340332,6.766735076904297
2009-04-17,85.22000122070312,63.972232818603516,6.726696968078613
2009-04-20,86.94999694824219,61.29079055786133,6.755297660827637
2009-04-21,86.88999938964844,62.488258361816406,6.732414722442627
2009-04-22,87.37999725341797,62.106266021728516,6.7152509689331055
2009-04-23,88.80000305175781,62.716026306152344,6.726696968078613
2009-04-24,89.72000122070312,63.6636848449707,6.7038164138793945
2009-04-27,89.01000213623047,63.06129837036133,6.738133907318115
2009-04-28,87.75,62.86292266845703,6.709536552429199
2009-04-29,88.33000183105469,64.19999694824219,6.680934906005859
2009-04-30,87.2699966430664,64.22200012207031,6.6929802894592285
2009-05-01,86.94999694824219,64.5672836303711,6.681509017944336
2009-05-04,88.63999938964844,66.76385498046875,6.681509017944336
2009-05-05,88.25,66.5361099243164,6.681509017944336
2009-05-06,89.54000091552734,67.68950653076172,6.687244415283203
2009-05-07,89.44000244140625,66.7491683959961,6.652834892272949
2009-05-08,89.9800033569336,68.30658721923828,6.652834892272949
2009-05-11,89.69000244140625,67.02833557128906,6.6929802894592285
2009-05-12,90.69999694824219,66.8299789428711,6.6929802894592285
2009-05-13,91.08999633789062,65.14766693115234,6.7159223556518555
2009-05-14,91.02999877929688,65.70599365234375,6.7159223556518555
2009-05-15,91.55000305175781,65.16970825195312,6.7101850509643555
2009-05-18,90.36000061035156,67.02101135253906,6.681509017944336
2009-05-19,90.95999908447266,66.940185546875,6.675777435302734
2009-05-20,92.25,66.4920654296875,6.6929802894592285
2009-05-21,93.8499984741211,65.53703308105469,6.647095680236816
2009-05-22,94.1500015258789,65.39740753173828,6.618422031402588
2009-05-26,93.76000213623047,67.07241821289062,6.584015846252441
2009-05-27,93.44999694824219,65.87493133544922,6.543865203857422
2009-05-28,94.23999786376953,66.79324340820312,6.549600124359131
2009-05-29,96.19999694824219,67.97600555419922,6.619178771972656
2009-06-01,95.7300033569336,69.6216049194336,6.550170421600342
2009-06-02,96.36000061035156,69.68036651611328,6.561678409576416
2009-06-03,94.41000366210938,68.7988052368164,6.590428829193115
2009-06-04,96.2300033569336,69.44528198242188,6.5386738777160645
2009-06-05,93.70999908447266,69.45997619628906,6.4754109382629395
2009-06-08,93.55999755859375,69.17345428466797,6.452412128448486
2009-06-09,93.83000183105469,69.52609252929688,6.4754109382629395
2009-06-10,93.86000061035156,69.34977722167969,6.45815896987915
2009-06-11,93.69999694824219,69.65833282470703,6.481163501739502
2009-06-12,92.16999816894531,69.84935760498047,6.498414039611816
2009-06-15,91.0999984741211,68.24781799316406,6.521416664123535
2009-06-16,91.93000030517578,67.3221664428711,6.5386738777160645
2009-06-17,92.3499984741211,67.25607299804688,6.532918930053711
2009-06-18,91.61000061035156,67.74826049804688,6.481163501739502
2009-06-19,91.9000015258789,67.99798583984375,6.498414039611816
2009-06-22,90.54000091552734,65.95893096923828,6.521416664123535
2009-06-23,90.91999816894531,66.01067352294922,6.5386738777160645
2009-06-24,91.44999694824219,66.57950592041016,6.515665054321289
2009-06-25,92.30999755859375,68.02751922607422,6.573175430297852
2009-06-26,92.29000091552734,67.85022735595703,6.578925132751465
2009-06-29,92.04000091552734,68.4855728149414,6.5846781730651855
2009-06-30,91.18000030517578,67.93150329589844,6.594478130340576
2009-07-01,92.38999938964844,68.21222686767578,6.600240230560303
2009-07-02,91.25,66.35047912597656,6.61754035949707
2009-07-06,90.76000213623047,66.34309387207031,6.6232991218566895
2009-07-07,90.70999908447266,65.05763244628906,6.640593528747559
2009-07-08,89.2699966430664,65.01326751708984,6.686707973480225
2009-07-09,89.51000213623047,65.13884735107422,6.6636481285095215
2009-07-10,89.58000183105469,64.98373413085938,6.686707973480225
2009-07-13,90.19000244140625,66.56474304199219,6.6694135665893555
2009-07-14,90.80999755859375,66.94151306152344,6.646359920501709
2009-07-15,92.23999786376953,68.8993148803711,6.588712215423584
2009-07-16,91.9800033569336,68.78849792480469,6.611771583557129
2009-07-17,91.93000030517578,69.54207611083984,6.588712215423584
2009-07-20,93.27999877929688,70.28081512451172,6.606007099151611
2009-07-21,93.12999725341797,70.60590362548828,6.652121067047119
2009-07-22,93.44000244140625,70.59114837646484,6.629069805145264
2009-07-23,93.26000213623047,72.14997863769531,6.577186107635498
2009-07-24,93.41000366210938,72.44548034667969,6.588712215423584
2009-07-27,93.70999908447266,72.65971374511719,6.565651893615723
2009-07-28,92.11000061035156,72.31989288330078,6.565651893615723
2009-07-29,91.19999694824219,72.142578125,6.5598955154418945
2009-07-30,91.62000274658203,72.89610290527344,6.577186107635498
2009-07-31,93.3499984741211,72.99957275390625,6.633820056915283
2009-08-03,93.87000274658203,74.20381927490234,6.587587356567383
2009-08-04,94.68000030517578,74.3958740234375,6.576033115386963
2009-08-05,94.77999877929688,74.18164825439453,6.558694839477539
2009-08-06,94.5999984741211,73.79747009277344,6.558694839477539
2009-08-07,93.75,74.76527404785156,6.5298004150390625
2009-08-10,92.93000030517578,74.61014556884766,6.558694839477539
2009-08-11,92.79000091552734,73.67926025390625,6.581803798675537
2009-08-12,92.94999694824219,74.46978759765625,6.576033115386963
2009-08-13,93.72000122070312,75.03861236572266,6.610700607299805
2009-08-14,93.0,74.46237182617188,6.622257709503174
2009-08-17,91.61000061035156,72.63018035888672,6.656929016113281
2009-08-18,92.05999755859375,73.2064437866211,6.63959264755249
2009-08-19,92.52999877929688,73.84917449951172,6.651148796081543
2009-08-20,92.2699966430664,74.61014556884766,6.662710189819336
2009-08-21,93.6500015258789,76.07292175292969,6.616476535797119
2009-08-24,92.33999633789062,76.06553649902344,6.6453776359558105
2009-08-25,92.76000213623047,76.21329498291016,6.651148796081543
2009-08-26,92.79000091552734,76.2206802368164,6.656929016113281
2009-08-27,93.19000244140625,76.39057159423828,6.6453776359558105
2009-08-28,93.87000274658203,76.37582397460938,6.662710189819336
2009-08-31,93.4000015258789,75.69615173339844,6.692844867706299
2009-09-01,93.9000015258789,74.0264892578125,6.710221767425537
2009-09-02,96.19000244140625,73.74573516845703,6.733403205871582
2009-09-03,97.45999908447266,74.35896301269531,6.721814155578613
2009-09-04,97.52999877929688,75.40061950683594,6.698633193969727
2009-09-08,97.43000030517578,76.05077362060547,6.692844867706299
2009-09-09,97.08000183105469,76.6343994140625,6.692844867706299
2009-09-10,97.69999694824219,77.41752624511719,6.721814155578613
2009-09-11,98.77999877929688,77.40274047851562,6.733403205871582
2009-09-14,97.95999908447266,77.77951049804688,6.70442533493042
2009-09-15,98.9000015258789,78.10459899902344,6.692844867706299
2009-09-16,99.91000366210938,79.28663635253906,6.687045097351074
2009-09-17,99.33999633789062,79.16846466064453,6.710221767425537
2009-09-18,98.66999816894531,79.21891021728516,6.6812520027160645
2009-09-21,98.36000061035156,79.01849365234375,6.6812520027160645
2009-09-22,99.66999816894531,79.47872924804688,6.692844867706299
2009-09-23,98.83000183105469,78.81805419921875,6.70442533493042
2009-09-24,97.55000305175781,77.94955444335938,6.7160162925720215
2009-09-25,97.0,77.53392028808594,6.72760534286499
2009-09-28,97.05000305175781,78.9219970703125,6.739201545715332
2009-09-29,97.43000030517578,78.6844711303711,6.733403205871582
2009-09-30,98.8499984741211,78.38011169433594,6.754311561584473
2009-10-01,97.88999938964844,76.43526458740234,6.789155006408691
2009-10-02,98.37000274658203,76.07894897460938,6.783346652984619
2009-10-05,99.81999969482422,77.21468353271484,6.783346652984619
2009-10-06,102.27999877929688,78.32075500488281,6.771729946136475
2009-10-07,102.36000061035156,78.5360107421875,6.800771713256836
2009-10-08,103.63999938964844,79.13729095458984,6.783346652984619
2009-10-09,102.83999633789062,79.6197509765625,6.736884593963623
2009-10-12,103.55999755859375,79.93156433105469,6.748499393463135
2009-10-13,104.26000213623047,79.7682113647461,6.765925884246826
2009-10-14,104.18000030517578,81.14148712158203,6.736884593963623
2009-10-15,102.86000061035156,81.43843078613281,6.71946382522583
2009-10-16,103.18000030517578,80.82970428466797,6.736884593963623
2009-10-19,104.2300033569336,81.49781036376953,6.748499393463135
2009-10-20,103.41999816894531,81.0672836303711,6.760120391845703
2009-10-21,103.75,80.33983612060547,6.742696285247803
2009-10-22,103.91999816894531,81.15636444091797,6.731075763702393
2009-10-23,103.48999786376953,80.22846221923828,6.702043533325195
2009-10-26,101.86000061035156,79.35994720458984,6.684621334075928
2009-10-27,101.8499984741211,78.99623107910156,6.725273609161377
2009-10-28,100.7300033569336,77.5041732788086,6.736884593963623
2009-10-29,102.69000244140625,79.16695404052734,6.71946382522583
2009-10-30,102.52999877929688,76.87322998046875,6.771283149719238
2009-11-02,103.94999694824219,77.4374008178711,6.765457630157471
2009-11-03,106.45999908447266,77.68238067626953,6.753816604614258
2009-11-04,107.0999984741211,77.88279724121094,6.742173194885254
2009-11-05,106.9800033569336,79.31541442871094,6.747994899749756
2009-11-06,107.43000030517578,79.52323913574219,6.765457630157471
2009-11-09,108.19000244140625,81.33448791503906,6.771283149719238
2009-11-10,108.38999938964844,81.34935760498047,6.771283149719238
2009-11-11,109.5999984741211,81.76502990722656,6.782928943634033
2009-11-12,108.20999908447266,80.93363952636719,6.782928943634033
2009-11-13,109.73999786376953,81.37162780761719,6.782928943634033
2009-11-16,111.62999725341797,82.55189514160156,6.812036037445068
2009-11-17,111.97000122070312,82.64842224121094,6.81786584854126
2009-11-18,112.25,82.596435546875,6.812036037445068
2009-11-19,112.30000305175781,81.52008056640625,6.81786584854126
2009-11-20,112.94000244140625,81.23057556152344,6.812036037445068
2009-11-23,114.29000091552734,82.26239013671875,6.812036037445068
2009-11-24,114.7300033569336,82.38859558105469,6.841148853302002
2009-11-25,116.62000274658203,82.6780776977539,6.858614444732666
2009-11-27,115.05999755859375,81.33448791503906,6.881906509399414
2009-11-30,115.63999938964844,81.60916900634766,6.90408182144165
2009-12-01,117.37999725341797,82.61870574951172,6.886570930480957
2009-12-02,119.18000030517578,82.58157348632812,6.869068145751953
2009-12-03,118.69999694824219,81.93577575683594,6.851556777954102
2009-12-04,113.75,82.4034194946289,6.804870128631592
2009-12-07,113.11000061035156,82.2772216796875,6.8282151222229
2009-12-08,110.94999694824219,81.36418914794922,6.845725059509277
2009-12-09,110.83999633789062,81.66854095458984,6.83988094329834
2009-12-10,110.81999969482422,82.12874603271484,6.8165435791015625
2009-12-11,109.31999969482422,82.47764587402344,6.7931976318359375
2009-12-14,110.23999786376953,83.04181671142578,6.7873663902282715
2009-12-15,110.20999908447266,82.65581512451172,6.775684833526611
2009-12-16,111.58999633789062,82.781982421875,6.769853115081787
2009-12-17,107.33999633789062,81.78730010986328,6.8165435791015625
2009-12-18,108.94999694824219,82.25003051757812,6.7931976318359375
2009-12-21,106.94999694824219,83.08587646484375,6.740671634674072
2009-12-22,106.16999816894531,83.38438415527344,6.723158359527588
2009-12-23,106.55000305175781,83.54859161376953,6.71732759475708
2009-12-24,108.36000061035156,83.94412231445312,6.693982124328613
2009-12-28,108.55000305175781,84.12324523925781,6.682312965393066
2009-12-29,107.47000122070312,84.00385284423828,6.68814754486084
2009-12-30,106.93000030517578,83.97396850585938,6.694763660430908
2009-12-31,107.30999755859375,83.16797637939453,6.688129901885986
2010-01-04,109.80000305175781,84.57849884033203,6.700194358825684
2010-01-05,109.69999694824219,84.80237579345703,6.724313735961914
2010-01-06,111.51000213623047,84.86209106445312,6.7062249183654785
2010-01-07,110.81999969482422,85.22030639648438,6.7062249183654785
2010-01-08,111.37000274658203,85.50389862060547,6.712252140045166
2010-01-11,112.8499984741211,85.62329864501953,6.712252140045166
2010-01-12,110.48999786376953,84.82475280761719,6.7544732093811035
2010-01-13,111.54000091552734,85.54119873046875,6.730345726013184
2010-01-14,112.02999877929688,85.77257537841797,6.748437404632568
2010-01-15,110.86000061035156,84.80984497070312,6.766530513763428
2010-01-19,111.5199966430664,85.86959075927734,6.760501384735107
2010-01-20,108.94000244140625,84.9964370727539,6.7725605964660645
2010-01-21,107.37000274658203,83.36199951171875,6.790651798248291
2010-01-22,107.16999816894531,81.50372314453125,6.796685695648193
2010-01-25,107.4800033569336,81.92162322998047,6.7846198081970215
2010-01-26,107.55999755859375,81.57833099365234,6.790651798248291
2010-01-27,106.52999877929688,81.9664306640625,6.778594017028809
2010-01-28,106.4800033569336,81.02606964111328,6.7846198081970215
2010-01-29,105.95999908447266,80.14543151855469,6.819685459136963
2010-02-01,108.3499984741211,81.39177703857422,6.801548004150391
2010-02-02,109.12999725341797,82.37690734863281,6.807596683502197
2010-02-03,108.69999694824219,81.9664306640625,6.789459228515625
2010-02-04,104.37000274658203,79.43645477294922,6.8317766189575195
2010-02-05,104.68000030517578,79.60062408447266,6.843872547149658
2010-02-08,104.04000091552734,79.0259780883789,6.843872547149658
2010-02-09,105.41000366210938,80.01859283447266,6.819685459136963
2010-02-10,105.12000274658203,79.86185455322266,6.801548004150391
2010-02-11,107.12999725341797,80.69772338867188,6.795506954193115
2010-02-12,107.04000091552734,80.63053894042969,6.807596683502197
2010-02-16,109.62000274658203,81.8992691040039,6.819685459136963
2010-02-17,109.25,82.28732299804688,6.789459228515625
2010-02-18,109.9800033569336,82.77239990234375,6.77132511138916
2010-02-19,109.47000122070312,82.94408416748047,6.765275478363037
2010-02-22,109.06999969482422,82.9590072631836,6.765275478363037
2010-02-23,107.88999938964844,81.95147705078125,6.801548004150391
2010-02-24,107.36000061035156,82.70527648925781,6.801548004150391
2010-02-25,108.30999755859375,82.59333038330078,6.819685459136963
2010-02-26,109.43000030517578,82.64554595947266,6.847559452056885
2010-03-01,109.43000030517578,83.50379180908203,6.8536272048950195
2010-03-02,111.0199966430664,83.73514556884766,6.8536272048950195
2010-03-03,111.62999725341797,83.80977630615234,6.8536272048950195
2010-03-04,110.83000183105469,84.06356811523438,6.8536272048950195
2010-03-05,110.80999755859375,85.26507568359375,6.829385757446289
2010-03-08,109.87999725341797,85.27999114990234,6.817262649536133
2010-03-09,109.72000122070312,85.42178344726562,6.829385757446289
2010-03-10,108.47000122070312,85.80239868164062,6.817262649536133
2010-03-11,108.5999984741211,86.16065216064453,6.811207294464111
2010-03-12,107.94999694824219,86.16812133789062,6.811207294464111
2010-03-15,108.36000061035156,86.19051361083984,6.811207294464111
2010-03-16,110.4000015258789,86.87712097167969,6.829385757446289
2010-03-17,109.58999633789062,87.39205169677734,6.835440635681152
2010-03-18,110.33999633789062,87.34723663330078,6.817262649536133
2010-03-19,108.27999877929688,86.9051742553711,6.811207294464111
2010-03-22,107.75,87.36973571777344,6.8233232498168945
2010-03-23,108.31999969482422,87.98423767089844,6.817262649536133
2010-03-24,106.30000305175781,87.55707550048828,6.762728214263916
2010-03-25,106.77999877929688,87.41471862792969,6.750604629516602
2010-03-26,108.58999633789062,87.36224365234375,6.7566657066345215
2010-03-29,108.75,87.91680908203125,6.756058216094971
2010-03-30,107.97000122070312,87.97674560546875,6.756058216094971
2010-03-31,108.94999694824219,87.67699432373047,6.785345077514648
2010-04-01,110.26000213623047,88.27648162841797,6.77924108505249
2010-04-05,110.88999938964844,88.99588775634766,6.730424404144287
2010-04-06,111.02999877929688,89.20572662353516,6.742634296417236
2010-04-07,112.48999786376953,88.6961441040039,6.773136138916016
2010-04-08,112.6500015258789,89.0033950805664,6.767038345336914
2010-04-09,113.63999938964844,89.5879135131836,6.767038345336914
2010-04-12,113.01000213623047,89.73027801513672,6.785345077514648
2010-04-13,112.69000244140625,89.7977294921875,6.791449546813965
2010-04-14,113.02999877929688,90.81687927246094,6.77924108505249
2010-04-15,113.6500015258789,90.89179229736328,6.791449546813965
2010-04-16,111.23999786376953,89.44551086425781,6.815857410430908
2010-04-19,111.1500015258789,89.78271484375,6.803650856018066
2010-04-20,111.45999908447266,90.58457946777344,6.803650856018066
2010-04-21,112.30999755859375,90.41971588134766,6.815857410430908
2010-04-22,111.83999633789062,90.68949890136719,6.803650856018066
2010-04-23,113.19000244140625,91.28147888183594,6.785345077514648
2010-04-26,112.75,90.93675994873047,6.791449546813965
2010-04-27,114.62999725341797,88.78604888916016,6.8463664054870605
2010-04-28,114.30999755859375,89.46051788330078,6.815857410430908
2010-04-29,114.27999877929688,90.569580078125,6.821954250335693
2010-04-30,115.36000061035156,89.03334045410156,6.869051933288574
2010-05-03,115.7300033569336,90.1874008178711,6.850702285766602
2010-05-04,114.87000274658203,88.06665802001953,6.8812947273254395
2010-05-05,115.08999633789062,87.54209899902344,6.905757427215576
2010-05-06,118.48999786376953,84.634521484375,6.954687118530273
2010-05-07,118.2699966430664,83.3755874633789,6.942463397979736
2010-05-10,117.56999969482422,87.0475082397461,6.905757427215576
2010-05-11,120.66000366210938,86.80020904541016,6.911875247955322
2010-05-12,121.4000015258789,88.01420593261719,6.899639129638672
2010-05-13,120.55999755859375,86.92012023925781,6.911875247955322
2010-05-14,120.37000274658203,85.34646606445312,6.942463397979736
2010-05-17,119.36000061035156,85.39138793945312,6.93022346496582
2010-05-18,119.48999786376953,84.22987365722656,6.966924667358398
2010-05-19,116.62999725341797,83.750244140625,6.960812091827393
2010-05-20,115.83999633789062,80.587890625,7.009744644165039
2010-05-21,115.22000122070312,81.7644271850586,7.00362491607666
2010-05-24,116.83999633789062,80.71529388427734,6.997508525848389
2010-05-25,117.36000061035156,80.79772186279297,7.009744644165039
2010-05-26,118.47000122070312,80.31063079833984,6.997508525848389
2010-05-27,118.69000244140625,83.00092315673828,6.954687118530273
2010-05-28,118.87999725341797,81.95923614501953,6.996385097503662
2010-06-01,119.91000366210938,80.58041381835938,7.008651256561279
2010-06-02,119.77999877929688,82.67866516113281,6.977987289428711
2010-06-03,117.95999908447266,82.96340942382812,6.971858501434326
2010-06-04,119.19000244140625,80.04832458496094,7.033181667327881
2010-06-07,121.48999786376953,79.05167388916016,7.051570892333984
2010-06-08,121.0,79.89849090576172,7.033181667327881
2010-06-09,120.55999755859375,79.4713134765625,7.039309978485107
2010-06-10,118.97000122070312,81.79436492919922,6.990254878997803
2010-06-11,120.01000213623047,82.19156646728516,7.02091646194458
2010-06-14,119.5999984741211,82.06417846679688,7.01478385925293
2010-06-15,120.98999786376953,83.93012237548828,7.002519130706787
2010-06-16,120.33000183105469,83.9001235961914,7.01478385925293
2010-06-17,121.9000015258789,84.03502655029297,7.033181667327881
2010-06-18,122.83000183105469,84.12612915039062,7.027049541473389
2010-06-21,120.38999938964844,83.88519287109375,7.02091646194458
2010-06-22,121.44999694824219,82.49976348876953,7.051570892333984
2010-06-23,120.94999694824219,82.24378204345703,7.063833713531494
2010-06-24,121.30000305175781,80.8809585571289,7.063833713531494
2010-06-25,122.76000213623047,81.21978759765625,7.076100826263428
2010-06-28,121.08999633789062,80.96379089355469,7.100632667541504
2010-06-29,121.2699966430664,78.46399688720703,7.125154972076416
2010-06-30,121.68000030517578,77.7186050415039,7.141132831573486
2010-07-01,117.04000091552734,77.37226104736328,7.13498592376709
2010-07-02,118.48999786376953,76.95056915283203,7.128847599029541
2010-07-06,116.51000213623047,77.455078125,7.141132831573486
2010-07-07,117.7300033569336,79.89461517333984,7.128847599029541
2010-07-08,117.20999908447266,80.6851577758789,7.122695446014404
2010-07-09,118.36000061035156,81.28755950927734,7.110405445098877
2010-07-12,117.33999633789062,81.34024047851562,7.116551876068115
2010-07-13,118.36000061035156,82.56756591796875,7.091967582702637
2010-07-14,118.30000305175781,82.56000518798828,7.122695446014404
2010-07-15,118.2300033569336,82.58258056640625,7.141132831573486
2010-07-16,116.66999816894531,80.30870056152344,7.1718645095825195
2010-07-19,115.7300033569336,80.7830581665039,7.159573554992676
2010-07-20,116.6500015258789,81.67906951904297,7.165715217590332
2010-07-21,115.8499984741211,80.61741638183594,7.190298557281494
2010-07-22,116.86000061035156,82.4169692993164,7.1718645095825195
2010-07-23,116.08999633789062,83.13223266601562,7.1534271240234375
2010-07-26,115.5199966430664,83.99810791015625,7.147275924682617
2010-07-27,113.51000213623047,83.99059295654297,7.128847599029541
2010-07-28,113.77999877929688,83.44847869873047,7.159573554992676
2010-07-29,114.29000091552734,83.04188537597656,7.1718645095825195
2010-07-30,115.48999786376953,83.02684020996094,7.218048572540283
2010-08-02,115.54000091552734,84.90168762207031,7.199570178985596
2010-08-03,115.98999786376953,84.49508666992188,7.2303643226623535
2010-08-04,116.72000122070312,85.05977630615234,7.211889266967773
2010-08-05,116.9800033569336,84.9694595336914,7.2303643226623535
2010-08-06,117.83999633789062,84.6230697631836,7.255001544952393
2010-08-09,117.4000015258789,85.07484436035156,7.248850345611572
2010-08-10,117.7300033569336,84.61551666259766,7.279638767242432
2010-08-11,117.33999633789062,82.29649353027344,7.298112392425537
2010-08-12,118.7699966430664,81.79199981689453,7.279638767242432
2010-08-13,118.73999786376953,81.55107879638672,7.298112392425537
2010-08-16,119.7300033569336,81.51341247558594,7.32891321182251
2010-08-17,119.75,82.51481628417969,7.310434341430664
2010-08-18,120.22000122070312,82.66544342041016,7.3042731285095215
2010-08-19,120.38999938964844,81.22728729248047,7.32274866104126
2010-08-20,119.97000122070312,80.96379089355469,7.298112392425537
2010-08-23,119.77999877929688,80.65505981445312,7.310434341430664
2010-08-24,120.36000061035156,79.4579086303711,7.3412275314331055
2010-08-25,121.36000061035156,79.7665786743164,7.32274866104126
2010-08-26,120.95999908447266,79.23201751708984,7.3412275314331055
2010-08-27,121.01000213623047,80.45929718017578,7.285793304443359
2010-08-30,120.91000366210938,79.29225158691406,7.32891321182251
2010-08-31,122.08000183105469,79.29225158691406,7.362231254577637
2010-09-01,121.69000244140625,81.66400909423828,7.331376075744629
2010-09-02,122.29000091552734,82.42447662353516,7.312864780426025
2010-09-03,121.86000061035156,83.49365234375,7.288177967071533
2010-09-07,122.69999694824219,82.5524673461914,7.3252081871032715
2010-09-08,122.70999908447266,83.13223266601562,7.306697845458984
2010-09-09,121.55999755859375,83.51624298095703,7.269661903381348
2010-09-10,121.7300033569336,83.93788146972656,7.257322311401367
2010-09-13,121.62000274658203,84.87155151367188,7.282011032104492
2010-09-14,124.0199966430664,84.8188705444336,7.306697845458984
2010-09-15,123.94000244140625,85.14260864257812,7.294351100921631
2010-09-16,124.62999725341797,85.1200180053711,7.282011032104492
2010-09-17,124.54000091552734,85.15177154541016,7.294351100921631
2010-09-20,124.87000274658203,86.45378875732422,7.306697845458984
2010-09-21,126.01000213623047,86.27969360351562,7.349888801574707
2010-09-22,126.19999694824219,85.85578155517578,7.349888801574707
2010-09-23,126.30000305175781,85.15937042236328,7.356059551239014
2010-09-24,126.69000244140625,86.91553497314453,7.337552070617676
2010-09-27,126.72000122070312,86.49922943115234,7.368407726287842
2010-09-28,127.8499984741211,86.80198669433594,7.386915683746338
2010-09-29,127.94999694824219,86.65058898925781,7.3807477951049805
2010-09-30,127.91000366210938,86.39326477050781,7.389406204223633
2010-10-01,128.91000366210938,86.75657653808594,7.395582675933838
2010-10-04,128.4600067138672,86.1055908203125,7.407951354980469
2010-10-05,130.99000549316406,87.83905029296875,7.414132595062256
2010-10-06,131.80999755859375,87.83149719238281,7.438872337341309
2010-10-07,130.3699951171875,87.72550964355469,7.445057392120361
2010-10-08,131.66000366210938,88.217529296875,7.45124626159668
2010-10-11,132.2899932861328,88.30081176757812,7.45124626159668
2010-10-12,131.9600067138672,88.57330322265625,7.438872337341309
2010-10-13,134.07000732421875,89.26215362548828,7.445057392120361
2010-10-14,134.75,88.9139633178711,7.414132595062256
2010-10-15,133.67999267578125,89.0956039428711,7.401768207550049
2010-10-18,134.27999877929688,89.53463745117188,7.426504135131836
2010-10-19,130.11000061035156,88.3613510131836,7.438872337341309
2010-10-20,131.32000732421875,89.22431182861328,7.438872337341309
2010-10-21,129.47000122070312,89.42112731933594,7.414132595062256
2010-10-22,129.72999572753906,89.587646484375,7.414132595062256
2010-10-25,130.85000610351562,89.85260009765625,7.407951354980469
2010-10-26,130.8800048828125,89.86774444580078,7.377030849456787
2010-10-27,129.52000427246094,89.6103744506836,7.346114635467529
2010-10-28,131.24000549316406,89.62548828125,7.383222579956055
2010-10-29,132.6199951171875,89.69364929199219,7.422874450683594
2010-11-01,131.9199981689453,89.72388458251953,7.422874450683594
2010-11-02,132.49000549316406,90.43547821044922,7.429075717926025
2010-11-03,131.57000732421875,90.798828125,7.453857898712158
2010-11-04,136.02999877929688,92.54742431640625,7.48483943939209
2010-11-05,136.3800048828125,92.89561462402344,7.460052013397217
2010-11-08,137.77999877929688,92.72152709960938,7.453857898712158
2010-11-09,135.58999633789062,92.05538940429688,7.410486698150635
2010-11-10,137.24000549316406,92.42630767822266,7.422874450683594
2010-11-11,137.66000366210938,92.07808685302734,7.416679859161377
2010-11-12,133.69000244140625,90.9880599975586,7.3733110427856445
2010-11-15,132.4199981689453,90.859375,7.305154323577881
2010-11-16,130.97000122070312,89.4438247680664,7.336134910583496
2010-11-17,130.3800048828125,89.4892578125,7.323739051818848
2010-11-18,132.08999633789062,90.80638885498047,7.311347961425781
2010-11-19,132.1999969482422,91.05619812011719,7.311347961425781
2010-11-22,133.47999572753906,90.98047637939453,7.342327117919922
2010-11-23,134.41000366210938,89.663330078125,7.354722023010254
2010-11-24,134.17999267578125,90.9880599975586,7.298951625823975
2010-11-26,133.11000061035156,89.92830657958984,7.311347961425781
2010-11-29,133.50999450683594,90.2008056640625,7.323739051818848
2010-11-30,135.4199981689453,89.69364929199219,7.349814414978027
2010-12-01,135.3800048828125,91.60120391845703,7.281527042388916
2010-12-02,135.1999969482422,92.77449798583984,7.269109725952148
2010-12-03,138.07000732421875,93.02433013916016,7.281527042388916
2010-12-06,139.11000061035156,92.9259033203125,7.312563419342041
2010-12-07,136.5,92.97891235351562,7.231863021850586
2010-12-08,134.7899932861328,93.31953430175781,7.182200908660889
2010-12-09,135.3699951171875,93.68289947509766,7.176000595092773
2010-12-10,135.41000366210938,94.22792053222656,7.14495849609375
2010-12-13,136.0500030517578,94.28844451904297,7.16357946395874
2010-12-14,136.17999267578125,94.37173461914062,7.120124816894531
2010-12-15,134.6999969482422,93.94024658203125,7.10150671005249
2010-12-16,133.80999755859375,94.48526763916016,7.120124816894531
2010-12-17,134.1999969482422,94.58645629882812,7.157376766204834
2010-12-20,135.11000061035156,94.81473541259766,7.16357946395874
2010-12-21,135.32000732421875,95.41590118408203,7.16357946395874
2010-12-22,135.0500030517578,95.71269989013672,7.151163101196289
2010-12-23,134.66000366210938,95.57571411132812,7.13254451751709
2010-12-27,135.02000427246094,95.61375427246094,7.138752460479736
2010-12-28,137.22000122070312,95.75074768066406,7.0952982902526855
2010-12-29,137.7100067138672,95.81920623779297,7.151163101196289
2010-12-30,137.02999877929688,95.66705322265625,7.14104700088501
2010-12-31,138.72000122070312,95.68989562988281,7.181615829467773
2011-01-03,138.0,96.67912292480469,7.168935298919678
2011-01-04,134.75,96.6258544921875,7.17527437210083
2011-01-05,134.3699951171875,97.12805938720703,7.124561786651611
2011-01-06,133.8300018310547,96.93780517578125,7.143580913543701
2011-01-07,133.5800018310547,96.74759674072266,7.181615829467773
2011-01-10,134.1199951171875,96.6258544921875,7.2006354331970215
2011-01-11,134.91000366210938,96.96825408935547,7.181615829467773
2011-01-12,135.4600067138672,97.84334564208984,7.17527437210083
2011-01-13,134.0500030517578,97.68357849121094,7.2006354331970215
2011-01-14,132.69000244140625,98.39125061035156,7.1942901611328125
2011-01-18,133.42999267578125,98.55867004394531,7.181615829467773
2011-01-19,133.72000122070312,97.59221649169922,7.187954425811768
2011-01-20,131.1999969482422,97.46287536621094,7.149922847747803
2011-01-21,131.02999877929688,97.68357849121094,7.162593841552734
2011-01-24,130.36000061035156,98.23905944824219,7.162593841552734
2011-01-25,130.10000610351562,98.29232025146484,7.187954425811768
2011-01-26,131.16000366210938,98.67279052734375,7.162593841552734
2011-01-27,127.93000030517578,98.91629791259766,7.181615829467773
2011-01-28,130.27999877929688,97.18892669677734,7.2006354331970215
2011-01-31,129.8699951171875,97.9194564819336,7.202536582946777
2011-02-01,130.8000030517578,99.48702239990234,7.177123546600342
2011-02-02,130.4499969482422,99.29676818847656,7.158073425292969
2011-02-03,132.1999969482422,99.51746368408203,7.126319408416748
2011-02-04,131.66000366210938,99.79900360107422,7.094563961029053
2011-02-07,131.67999267578125,100.42301940917969,7.088206768035889
2011-02-08,133.13999938964844,100.87955474853516,7.056450843811035
2011-02-09,133.07000732421875,100.6512680053711,7.075503826141357
2011-02-10,132.85000610351562,100.6893539428711,7.056450843811035
2011-02-11,132.32000732421875,101.29048156738281,7.075503826141357
2011-02-14,132.9499969482422,101.53397369384766,7.075503826141357
2011-02-15,133.97000122070312,101.2143783569336,7.081855773925781
2011-02-16,134.10000610351562,101.85359191894531,7.075503826141357
2011-02-17,135.0399932861328,102.15795135498047,7.094563961029053
2011-02-18,135.41000366210938,102.37103271484375,7.1009135246276855
2011-02-22,136.2899932861328,100.31646728515625,7.145379066467285
2011-02-23,137.50999450683594,99.70008850097656,7.132667541503906
2011-02-24,136.47999572753906,99.63158416748047,7.139023780822754
2011-02-25,137.3800048828125,100.69695281982422,7.151724815368652
2011-02-28,137.66000366210938,101.32090759277344,7.171449661254883
2011-03-01,140.02999877929688,99.63158416748047,7.177809238433838
2011-03-02,139.9199981689453,99.84464263916016,7.1587324142456055
2011-03-03,138.08999633789062,101.56438446044922,7.11418342590332
2011-03-04,139.35000610351562,100.80348205566406,7.1587324142456055
2011-03-07,139.72000122070312,100.01205444335938,7.152365207672119
2011-03-08,139.36000061035156,100.88715362548828,7.139633655548096
2011-03-09,139.41000366210938,100.74258422851562,7.1650896072387695
2011-03-10,137.77000427246094,98.87826538085938,7.203268051147461
2011-03-11,138.22000122070312,99.56309509277344,7.196898937225342
2011-03-14,138.86000061035156,98.96194458007812,7.215997695922852
2011-03-15,136.27000427246094,97.8281478881836,7.222357749938965
2011-03-16,136.24000549316406,96.01707458496094,7.266894817352295
2011-03-17,136.97000122070312,97.2878646850586,7.247806072235107
2011-03-18,138.3699951171875,97.64169311523438,7.235080718994141
2011-03-21,139.13999938964844,99.15494537353516,7.209628582000732
2011-03-22,139.0500030517578,98.81103515625,7.2070794105529785
2011-03-23,140.33999633789062,99.09381866455078,7.200720310211182
2011-03-24,139.22000122070312,100.04151153564453,7.175253868103027
2011-03-25,139.25999450683594,100.34720611572266,7.1625189781188965
2011-03-28,138.5399932861328,100.10264587402344,7.156152725219727
2011-03-29,138.2100067138672,100.77518463134766,7.1434173583984375
2011-03-30,138.6699981689453,101.47066497802734,7.1625189781188965
2011-03-31,139.86000061035156,101.33307647705078,7.163153171539307
2011-04-01,139.1999969482422,101.76107788085938,7.163153171539307
2011-04-04,139.83999633789062,101.84515380859375,7.182291507720947
2011-04-05,142.0500030517578,101.82986450195312,7.15677547454834
2011-04-06,142.3800048828125,102.15082550048828,7.131264686584473
2011-04-07,142.50999450683594,101.8910140991211,7.144015789031982
2011-04-08,143.66000366210938,101.53942108154297,7.131264686584473
2011-04-11,142.63999938964844,101.23373413085938,7.137641429901123
2011-04-12,141.61000061035156,100.47714233398438,7.169536113739014
2011-04-13,141.89999389648438,100.4695053100586,7.182291507720947
2011-04-14,143.80999755859375,100.54590606689453,7.169536113739014
2011-04-15,145.0500030517578,100.91273498535156,7.201428413391113
2011-04-18,145.92999267578125,99.7816390991211,7.22055721282959
2011-04-19,145.92999267578125,100.35482025146484,7.22055721282959
2011-04-20,146.5,101.7228775024414,7.207799911499023
2011-04-21,146.74000549316406,102.24253845214844,7.207799911499023
2011-04-25,146.8699951171875,102.13553619384766,7.22055721282959
2011-04-26,146.3800048828125,103.01445007324219,7.2396979331970215
2011-04-27,149.1999969482422,103.68701934814453,7.2333197593688965
2011-04-28,149.82000732421875,104.02326965332031,7.25883150100708
2011-04-29,152.3699951171875,104.26783752441406,7.277997016906738
2011-05-02,150.41000366210938,104.1073226928711,7.277997016906738
2011-05-03,149.8800048828125,103.73283386230469,7.284388542175293
2011-05-04,147.72999572753906,103.04501342773438,7.297167778015137
2011-05-05,143.47000122070312,102.1126480102539,7.316338539123535
2011-05-06,145.3000030517578,102.56354522705078,7.322728633880615
2011-05-09,147.3800048828125,102.96096801757812,7.335512161254883
2011-05-10,147.89999389648438,103.83983612060547,7.309946537017822
2011-05-11,146.5399932861328,102.7469482421875,7.322728633880615
2011-05-12,146.58999633789062,103.23609161376953,7.316338539123535
2011-05-13,145.6300048828125,102.44126892089844,7.3291215896606445
2011-05-16,145.3699951171875,101.7916488647461,7.348287582397461
2011-05-17,144.74000549316406,101.7763442993164,7.35468053817749
2011-05-18,145.60000610351562,102.68582916259766,7.335512161254883
2011-05-19,145.64999389648438,102.93037414550781,7.335512161254883
2011-05-20,147.49000549316406,102.1126480102539,7.348287582397461
2011-05-23,147.8300018310547,100.92800903320312,7.35468053817749
2011-05-24,148.58999633789062,100.84395599365234,7.35468053817749
2011-05-25,148.5800018310547,101.18023681640625,7.361074447631836
2011-05-26,148.22000122070312,101.64643096923828,7.386630058288574
2011-05-27,149.6999969482422,102.03622436523438,7.386630058288574
2011-05-31,149.63999938964844,103.09852600097656,7.40647029876709
2011-06-01,149.91000366210938,100.7828369140625,7.444879531860352
2011-06-02,149.5,100.67577362060547,7.419277667999268
2011-06-03,150.22000122070312,99.67462158203125,7.4384765625
2011-06-06,150.47999572753906,98.61996459960938,7.4384765625
2011-06-07,150.4199981689453,98.55883026123047,7.451286792755127
2011-06-08,149.80999755859375,98.1461410522461,7.464084625244141
2011-06-09,150.55999755859375,98.89508056640625,7.4384765625
2011-06-10,149.24000549316406,97.5194091796875,7.451286792755127
2011-06-13,147.77000427246094,97.59588623046875,7.444879531860352
2011-06-14,148.6699981689453,98.83396911621094,7.40647029876709
2011-06-15,149.1199951171875,97.076171875,7.451286792755127
2011-06-16,148.97000122070312,97.29016876220703,7.464084625244141
2011-06-17,149.94000244140625,97.58045196533203,7.464084625244141
2011-06-20,150.02999877929688,98.0797348022461,7.457686424255371
2011-06-21,150.75999450683594,99.4238052368164,7.451286792755127
2011-06-22,150.99000549316406,98.82472229003906,7.451286792755127
2011-06-23,148.33999633789062,98.54052734375,7.476890563964844
2011-06-24,146.25999450683594,97.39614868164062,7.502497673034668
2011-06-27,145.72999572753906,98.26404571533203,7.483291149139404
2011-06-28,146.24000549316406,99.54669952392578,7.425681114196777
2011-06-29,147.17999267578125,100.39922332763672,7.400071144104004
2011-06-30,146.0,101.35929107666016,7.394301414489746
2011-07-01,144.92999267578125,102.85697174072266,7.381470203399658
2011-07-05,147.6300048828125,102.77247619628906,7.413539409637451
2011-07-06,148.91000366210938,102.89534759521484,7.426371097564697
2011-07-07,149.14999389648438,103.96298217773438,7.394301414489746
2011-07-08,150.25,103.22565460205078,7.452013969421387
2011-07-11,151.58999633789062,101.35929107666016,7.490499019622803
2011-07-12,152.77000427246094,100.9214859008789,7.496910095214844
2011-07-13,154.13999938964844,101.2593994140625,7.503325462341309
2011-07-14,154.5399932861328,100.56050872802734,7.484086990356445
2011-07-15,155.1999969482422,101.14425659179688,7.503325462341309
2011-07-18,156.57000732421875,100.31474304199219,7.503325462341309
2011-07-19,154.66000366210938,101.9429931640625,7.509734630584717
2011-07-20,156.02000427246094,101.88156127929688,7.490499019622803
2011-07-21,154.8300018310547,103.29476928710938,7.464847087860107
2011-07-22,156.1199951171875,103.36387634277344,7.4776692390441895
2011-07-25,157.33999633789062,102.78783416748047,7.464847087860107
2011-07-26,157.77000427246094,102.4038314819336,7.484086990356445
2011-07-27,157.19000244140625,100.30705261230469,7.471258640289307
2011-07-28,157.32000732421875,100.01520538330078,7.484086990356445
2011-07-29,158.2899932861328,99.33162689208984,7.555397987365723
2011-08-01,157.72000122070312,98.9091796875,7.574671268463135
2011-08-02,161.52000427246094,96.3823471069336,7.619652271270752
2011-08-03,161.49000549316406,96.90457153320312,7.613221645355225
2011-08-04,160.63999938964844,92.3654556274414,7.671043872833252
2011-08-05,161.75,92.22721099853516,7.613221645355225
2011-08-08,167.1199951171875,86.22105407714844,7.677466869354248
2011-08-09,168.61000061035156,90.23026275634766,7.716014385223389
2011-08-10,174.5800018310547,86.24412536621094,7.773835182189941
2011-08-11,170.75,90.11505126953125,7.716014385223389
2011-08-12,169.97000122070312,90.7218017578125,7.748137950897217
2011-08-15,171.8000030517578,92.64191436767578,7.7288618087768555
2011-08-16,173.9199981689453,91.85082244873047,7.754557132720947
2011-08-17,174.4199981689453,91.91226196289062,7.773835182189941
2011-08-18,177.72000122070312,87.94915008544922,7.786689281463623
2011-08-19,179.9499969482422,86.51287841796875,7.786689281463623
2011-08-22,184.58999633789062,86.58204650878906,7.773835182189941
2011-08-23,177.6699981689453,89.43148803710938,7.754557132720947
2011-08-24,171.64999389648438,90.69108581542969,7.716014385223389
2011-08-25,172.36000061035156,89.30860137939453,7.741713523864746
2011-08-26,177.47000122070312,90.60661315917969,7.754557132720947
2011-08-29,173.88999938964844,93.2103042602539,7.7288618087768555
2011-08-30,179.10000610351562,93.4560775756836,7.760990619659424
2011-08-31,177.72000122070312,93.87081909179688,7.759705066680908
2011-09-01,177.8699951171875,92.88770294189453,7.791868686676025
2011-09-02,183.24000549316406,90.51444244384766,7.81761360168457
2011-09-06,182.89999389648438,89.8539047241211,7.81761360168457
2011-09-07,177.0800018310547,92.38850402832031,7.798308372497559
2011-09-08,181.80999755859375,91.42840576171875,7.81761360168457
2011-09-09,180.6999969482422,89.03209686279297,7.843344211578369
2011-09-12,176.6699981689453,89.60812377929688,7.824039459228516
2011-09-13,178.5399932861328,90.42996978759766,7.81761360168457
2011-09-14,177.2100067138672,91.68187713623047,7.811175346374512
2011-09-15,174.39999389648438,93.26403045654297,7.785436630249023
2011-09-16,176.02999877929688,93.81605529785156,7.791868686676025
2011-09-19,173.30999755859375,92.88190460205078,7.830475330352783
2011-09-20,175.77999877929688,92.7738265991211,7.830475330352783
2011-09-21,173.58999633789062,90.04086303710938,7.836911678314209
2011-09-22,169.0500030517578,87.1303482055664,7.881947994232178
2011-09-23,159.8000030517578,87.65531921386719,7.836911678314209
2011-09-26,157.5800018310547,89.7397689819336,7.811175346374512
2011-09-27,160.6300048828125,90.7433853149414,7.785436630249023
2011-09-28,156.22000122070312,88.89051818847656,7.785436630249023
2011-09-29,157.6999969482422,89.5931167602539,7.785436630249023
2011-09-30,158.05999755859375,87.35420989990234,7.816365718841553
2011-10-03,160.9600067138672,84.86830139160156,7.855027675628662
2011-10-04,157.63999938964844,86.72885131835938,7.835695743560791
2011-10-05,159.4600067138672,88.33468627929688,7.816365718841553
2011-10-06,160.49000549316406,89.93280029296875,7.777707576751709
2011-10-07,159.17999267578125,89.3305892944336,7.75192928314209
2011-10-10,163.27000427246094,92.31832885742188,7.7132673263549805
2011-10-11,162.10000610351562,92.41096496582031,7.719709873199463
2011-10-12,163.25999450683594,93.22161102294922,7.706824779510498
2011-10-13,162.3000030517578,93.03630065917969,7.726158142089844
2011-10-14,163.39999389648438,94.62665557861328,7.7132673263549805
2011-10-17,162.6199951171875,92.82014465332031,7.73903751373291
2011-10-18,161.83999633789062,94.6343994140625,7.73903751373291
2011-10-19,159.8699951171875,93.51494598388672,7.745487213134766
2011-10-20,157.77000427246094,93.92415618896484,7.732598304748535
2011-10-21,159.52000427246094,95.70746612548828,7.732598304748535
2011-10-24,161.02000427246094,96.8809585571289,7.719709873199463
2011-10-25,165.58999633789062,94.99724578857422,7.764816761016846
2011-10-26,167.39999389648438,95.96223449707031,7.732598304748535
2011-10-27,169.5500030517578,99.30512237548828,7.681045055389404
2011-10-28,169.6199951171875,99.28194427490234,7.706824779510498
2011-10-31,167.33999633789062,96.888671875,7.783632755279541
2011-11-01,167.3800048828125,94.18660736083984,7.828802585601807
2011-11-02,169.05999755859375,95.72294616699219,7.828802585601807
2011-11-03,171.72000122070312,97.46771240234375,7.809443950653076
2011-11-04,170.85000610351562,96.87323760986328,7.82235050201416
2011-11-07,174.97999572753906,97.47544860839844,7.82235050201416
2011-11-08,173.52999877929688,98.72610473632812,7.8029866218566895
2011-11-09,172.07000732421875,95.08214569091797,7.828802585601807
2011-11-10,171.13999938964844,95.97767639160156,7.809443950653076
2011-11-11,173.9600067138672,97.78423309326172,7.796534061431885
2011-11-14,173.1999969482422,96.85780334472656,7.8158955574035645
2011-11-15,173.36000061035156,97.33645629882812,7.809443950653076
2011-11-16,171.50999450683594,95.79240417480469,7.82235050201416
2011-11-17,167.10000610351562,94.27154541015625,7.828802585601807
2011-11-18,167.6199951171875,94.17115783691406,7.809443950653076
2011-11-21,163.5,92.3801040649414,7.8158955574035645
2011-11-22,165.30999755859375,92.01722717285156,7.828802585601807
2011-11-23,164.8300018310547,89.98680877685547,7.841718673706055
2011-11-25,163.39999389648438,89.81695556640625,7.8158955574035645
2011-11-28,166.6300048828125,92.4186782836914,7.82235050201416
2011-11-29,166.8800048828125,92.68119049072266,7.8158955574035645
2011-11-30,170.1300048828125,96.4949722290039,7.806849002838135
2011-12-01,169.6300048828125,96.4795150756836,7.806849002838135
2011-12-02,169.82000732421875,96.39459228515625,7.826236248016357
2011-12-05,167.32000732421875,97.44452667236328,7.826236248016357
2011-12-06,168.17999267578125,97.47544860839844,7.8133158683776855
2011-12-07,169.39999389648438,97.83826446533203,7.839156627655029
2011-12-08,165.97999572753906,95.69207763671875,7.858541965484619
2011-12-09,166.39999389648438,97.31330108642578,7.832698345184326
2011-12-12,161.99000549316406,95.89280700683594,7.845623970031738
2011-12-13,158.4499969482422,94.99724578857422,7.858541965484619
2011-12-14,152.88999938964844,93.98590087890625,7.87147331237793
2011-12-15,152.3300018310547,94.32557678222656,7.865009307861328
2011-12-16,155.22999572753906,94.46539306640625,7.884397029876709
2011-12-19,154.8699951171875,93.45543670654297,7.890861988067627
2011-12-20,156.97999572753906,96.28340911865234,7.858541965484619
2011-12-21,157.16000366210938,96.46986389160156,7.845623970031738
2011-12-22,156.0399932861328,97.32447814941406,7.845623970031738
2011-12-23,156.30999755859375,98.19464111328125,7.819772720336914
2011-12-27,154.91000366210938,98.27234649658203,7.826236248016357
2011-12-28,151.02999877929688,96.98265075683594,7.852087020874023
2011-12-29,150.33999633789062,97.98486328125,7.862184047698975
2011-12-30,151.99000549316406,97.50316619873047,7.885767459869385
2012-01-03,155.9199981689453,99.05702209472656,7.865551471710205
2012-01-04,156.7100067138672,99.21238708496094,7.8588104248046875
2012-01-05,157.77999877929688,99.4765396118164,7.8588104248046875
2012-01-06,157.1999969482422,99.22015380859375,7.872292518615723
2012-01-09,156.5,99.46102905273438,7.879032611846924
2012-01-10,158.63999938964844,100.32337188720703,7.872292518615723
2012-01-11,159.6699981689453,100.37777709960938,7.892518520355225
2012-01-12,160.3800048828125,100.61861419677734,7.885767459869385
2012-01-13,159.25999450683594,100.09808349609375,7.905991554260254
2012-01-17,160.5,100.48651123046875,7.912735462188721
2012-01-18,161.60000610351562,101.59751892089844,7.8992509841918945
2012-01-19,161.22000122070312,102.13361358642578,7.872292518615723
2012-01-20,162.07000732421875,102.51429748535156,7.852073669433594
2012-01-23,163.16000366210938,102.25015258789062,7.845334529876709
2012-01-24,162.00999450683594,102.13361358642578,7.845334529876709
2012-01-25,166.4199981689453,102.98818969726562,7.879032611846924
2012-01-26,167.27000427246094,102.45989990234375,7.905991554260254
2012-01-27,168.97000122070312,102.4133071899414,7.912735462188721
2012-01-30,168.02999877929688,102.06368255615234,7.926213264465332
2012-01-31,169.30999755859375,102.02484893798828,7.949831962585449
2012-02-01,169.55999755859375,102.91830444335938,7.943087577819824
2012-02-02,171.0500030517578,103.08145141601562,7.943087577819824
2012-02-03,167.63999938964844,104.52653503417969,7.916088104248047
2012-02-06,167.17999267578125,104.45658874511719,7.922842025756836
2012-02-07,169.6999969482422,104.72075653076172,7.895843029022217
2012-02-08,168.5,105.03152465820312,7.895843029022217
2012-02-09,168.02000427246094,105.1635971069336,7.882349491119385
2012-02-10,167.13999938964844,104.38667297363281,7.902602672576904
2012-02-13,167.50999450683594,105.1635971069336,7.902602672576904
2012-02-14,167.1199951171875,105.03152465820312,7.909341335296631
2012-02-15,168.11000061035156,104.54206085205078,7.916088104248047
2012-02-16,168.0,105.69966125488281,7.889093399047852
2012-02-17,167.35000610351562,105.9793472290039,7.882349491119385
2012-02-21,171.02000427246094,106.02596282958984,7.868849277496338
2012-02-22,172.94000244140625,105.68413543701172,7.889093399047852
2012-02-23,173.02000427246094,106.15025329589844,7.889093399047852
2012-02-24,172.22999572753906,106.3833236694336,7.889093399047852
2012-02-27,171.6999969482422,106.56201934814453,7.902602672576904
2012-02-28,173.49000549316406,106.87281036376953,7.909341335296631
2012-02-29,164.2899932861328,106.45325469970703,7.897857666015625
2012-03-01,166.61000061035156,107.00486755371094,7.884341239929199
2012-03-02,166.33999633789062,106.67855834960938,7.9046149253845215
2012-03-05,165.64999389648438,106.24351501464844,7.897857666015625
2012-03-06,162.6999969482422,104.68964385986328,7.91813325881958
2012-03-07,163.6300048828125,105.41998291015625,7.9046149253845215
2012-03-08,165.27999877929688,106.46881103515625,7.891092777252197
2012-03-09,166.3800048828125,106.88058471679688,7.891092777252197
2012-03-12,165.07000732421875,106.88832092285156,7.884341239929199
2012-03-13,162.3000030517578,108.81510162353516,7.850564479827881
2012-03-14,159.57000732421875,108.69855499267578,7.789761066436768
2012-03-15,161.0800018310547,109.327880859375,7.796514511108398
2012-03-16,161.3000030517578,109.479248046875,7.789761066436768
2012-03-19,161.58999633789062,109.90843963623047,7.7627339363098145
2012-03-20,160.1300048828125,109.5885238647461,7.755983829498291
2012-03-21,160.2100067138672,109.40900421142578,7.7830023765563965
2012-03-22,159.57000732421875,108.62088775634766,7.789761066436768
2012-03-23,161.52999877929688,108.97200012207031,7.803275108337402
2012-03-26,164.39999389648438,110.50146484375,7.803275108337402
2012-03-27,163.24000549316406,110.15812683105469,7.830294609069824
2012-03-28,161.50999450683594,109.61190032958984,7.823544025421143
2012-03-29,161.27999877929688,109.42462921142578,7.843805313110352
2012-03-30,162.1199951171875,109.87718963623047,7.834962368011475
2012-04-02,162.94000244140625,110.68092346191406,7.848573207855225
2012-04-03,159.88999938964844,110.22834777832031,7.807732105255127
2012-04-04,157.2100067138672,109.13590240478516,7.834962368011475
2012-04-05,158.30999755859375,109.08128356933594,7.848573207855225
2012-04-09,159.3699951171875,107.8561782836914,7.896221160888672
2012-04-10,161.10000610351562,106.04582214355469,7.923452854156494
2012-04-11,161.07000732421875,106.9041748046875,7.903031826019287
2012-04-12,162.6999969482422,108.30097198486328,7.896221160888672
2012-04-13,160.85000610351562,107.013427734375,7.923452854156494
2012-04-16,160.4600067138672,106.94319152832031,7.923452854156494
2012-04-17,160.25,108.52728271484375,7.91664457321167
2012-04-18,159.30999755859375,108.16050720214844,7.923452854156494
2012-04-19,159.42999267578125,107.46603393554688,7.930257320404053
2012-04-20,159.5399932861328,107.6454849243164,7.923452854156494
2012-04-23,159.07000732421875,106.74031066894531,7.9370622634887695
2012-04-24,159.3000030517578,107.14605712890625,7.923452854156494
2012-04-25,159.6199951171875,108.61312866210938,7.923452854156494
2012-04-26,161.02999877929688,109.37001037597656,7.9370622634887695
2012-04-27,161.3800048828125,109.54947662353516,7.943868637084961
2012-04-30,161.8800048828125,109.14370727539062,7.952729225158691
2012-05-01,161.32000732421875,109.82259368896484,7.945916652679443
2012-05-02,160.58999633789062,109.49485778808594,7.952729225158691
2012-05-03,158.97000122070312,108.65989685058594,7.952729225158691
2012-05-04,159.47000122070312,106.9041748046875,7.966362953186035
2012-05-07,159.0800018310547,106.98223114013672,7.966362953186035
2012-05-08,156.0,106.55305480957031,7.973171234130859
2012-05-09,154.47000122070312,105.92098236083984,7.979996681213379
2012-05-10,154.77000427246094,106.13947296142578,7.973171234130859
2012-05-11,153.55999755859375,105.81951141357422,7.979996681213379
2012-05-14,151.3300018310547,104.64901733398438,8.0004301071167
2012-05-15,149.74000549316406,104.0482177734375,7.993617534637451
2012-05-16,149.4600067138672,103.6502456665039,7.993617534637451
2012-05-17,152.8000030517578,102.11300659179688,8.007246017456055
2012-05-18,154.5500030517578,101.23905181884766,8.0004301071167
2012-05-21,154.64999389648438,102.97915649414062,7.993617534637451
2012-05-22,152.0800018310547,103.15861511230469,7.986810207366943
2012-05-23,151.6199951171875,103.2132568359375,7.993617534637451
2012-05-24,151.41000366210938,103.41614532470703,7.986810207366943
2012-05-25,152.67999267578125,103.08061218261719,7.993617534637451
2012-05-29,151.02000427246094,104.3291244506836,7.986810207366943
2012-05-30,151.91000366210938,102.8152847290039,8.027689933776855
2012-05-31,151.6199951171875,102.58898162841797,8.051575660705566
2012-06-01,157.5,100.00614166259766,8.078874588012695
2012-06-04,157.32000732421875,99.95930480957031,8.051575660705566
2012-06-05,157.13999938964844,100.71623229980469,8.044757843017578
2012-06-06,157.2100067138672,102.97915649414062,8.017455101013184
2012-06-07,154.5,103.04159545898438,8.024279594421387
2012-06-08,154.72999572753906,103.86094665527344,8.024279594421387
2012-06-11,155.36000061035156,102.54216003417969,8.037923812866211
2012-06-12,156.4600067138672,103.7204818725586,8.01063060760498
2012-06-13,157.1199951171875,103.05719757080078,8.031106948852539
2012-06-14,157.75,104.1496353149414,8.024279594421387
2012-06-15,157.83999633789062,105.21484375,8.044757843017578
2012-06-18,157.92999267578125,105.41876220703125,8.044757843017578
2012-06-19,157.16000366210938,106.43843841552734,8.031106948852539
2012-06-20,155.97000122070312,106.265869140625,8.017455101013184
2012-06-21,152.02000427246094,103.8813705444336,8.024279594421387
2012-06-22,152.63999938964844,104.68147277832031,8.01063060760498
2012-06-25,153.75999450683594,103.0029067993164,8.031106948852539
2012-06-26,152.6199951171875,103.52056884765625,8.017455101013184
2012-06-27,152.8300018310547,104.45399475097656,8.024279594421387
2012-06-28,151.0500030517578,104.15589904785156,8.037923812866211
2012-06-29,155.19000244140625,106.75218963623047,8.03382396697998
2012-07-02,155.08999633789062,107.07376861572266,8.054328918457031
2012-07-03,157.4600067138672,107.7796630859375,8.047493934631348
2012-07-05,155.67999267578125,107.2933578491211,8.054328918457031
2012-07-06,153.7100067138672,106.27372741699219,8.06798267364502
2012-07-09,154.0399932861328,106.14038848876953,8.081644058227539
2012-07-10,152.14999389648438,105.21484375,8.081644058227539
2012-07-11,152.99000549316406,105.23051452636719,8.07481861114502
2012-07-12,152.58999633789062,104.72066497802734,8.081644058227539
2012-07-13,154.13999938964844,106.47767639160156,8.081644058227539
2012-07-16,154.2100067138672,106.22665405273438,8.095309257507324
2012-07-17,153.47000122070312,106.95612335205078,8.081644058227539
2012-07-18,153.0500030517578,107.74832916259766,8.08847713470459
2012-07-19,153.3800048828125,108.03069305419922,8.08847713470459
2012-07-20,153.6699981689453,107.04237365722656,8.102145195007324
2012-07-23,153.02999877929688,105.95995330810547,8.10897445678711
2012-07-24,153.52000427246094,105.05008697509766,8.115805625915527
2012-07-25,155.6699981689453,105.07362365722656,8.115805625915527
2012-07-26,156.77000427246094,106.80706787109375,8.10897445678711
2012-07-27,157.5399932861328,108.77582550048828,8.07481861114502
2012-07-30,157.42999267578125,108.77582550048828,8.08847713470459
2012-07-31,156.49000549316406,108.01502227783203,8.102837562561035
2012-08-01,155.13999938964844,107.92085266113281,8.0891695022583
2012-08-02,154.1300048828125,107.17575073242188,8.102837562561035
2012-08-03,155.5500030517578,109.30138397216797,8.07548713684082
2012-08-06,156.3000030517578,109.51313018798828,8.082324981689453
2012-08-07,156.27999877929688,110.06218719482422,8.05497932434082
2012-08-08,156.47999572753906,110.19554138183594,8.048142433166504
2012-08-09,156.99000549316406,110.28964233398438,8.041297912597656
2012-08-10,157.17999267578125,110.47006225585938,8.05497932434082
2012-08-13,155.99000549316406,110.41516876220703,8.05497932434082
2012-08-14,155.1300048828125,110.43087005615234,8.034462928771973
2012-08-15,155.6300048828125,110.55630493164062,8.007110595703125
2012-08-16,156.55999755859375,111.37210083007812,7.993434906005859
2012-08-17,156.72000122070312,111.52111053466797,8.007110595703125
2012-08-20,157.25999450683594,111.52897644042969,8.007110595703125
2012-08-21,158.8300018310547,111.19166564941406,8.007110595703125
2012-08-22,160.5399932861328,111.23871612548828,8.048142433166504
2012-08-23,161.88999938964844,110.32886505126953,8.05497932434082
2012-08-24,161.97000122070312,110.99562072753906,8.048142433166504
2012-08-27,161.36000061035156,111.01913452148438,8.061811447143555
2012-08-28,161.63999938964844,110.9093017578125,8.068655014038086
2012-08-29,160.58999633789062,110.99562072753906,8.061811447143555
2012-08-30,160.52000427246094,110.19554138183594,8.07548713684082
2012-08-31,164.22000122070312,110.72105407714844,8.111080169677734
2012-09-04,164.47999572753906,110.61904907226562,8.104236602783203
2012-09-05,164.30999755859375,110.52498626708984,8.097400665283203
2012-09-06,164.88999938964844,112.76824951171875,8.070012092590332
2012-09-07,168.44000244140625,113.20745849609375,8.076860427856445
2012-09-10,167.2899932861328,112.5643310546875,8.083703994750977
2012-09-11,167.89999389648438,112.87808990478516,8.070012092590332
2012-09-12,167.9199981689453,113.25454711914062,8.056324005126953
2012-09-13,171.30999755859375,114.98011779785156,8.070012092590332
2012-09-14,171.8000030517578,115.48999786376953,8.03579330444336
2012-09-17,170.39999389648438,115.09780883789062,8.042635917663574
2012-09-18,171.72000122070312,115.00370788574219,8.049478530883789
2012-09-19,171.74000549316406,115.0664291381836,8.056324005126953
2012-09-20,171.47000122070312,115.07427215576172,8.056324005126953
2012-09-21,171.9600067138672,115.02619934082031,8.0631685256958
2012-09-24,171.0500030517578,114.85270690917969,8.076860427856445
2012-09-25,170.77000427246094,113.63048553466797,8.083703994750977
2012-09-26,169.80999755859375,112.99170684814453,8.104236602783203
2012-09-27,172.33999633789062,114.0562744140625,8.097400665283203
2012-09-28,171.88999938964844,113.5279312133789,8.106304168701172
2012-10-01,172.2899932861328,113.82756042480469,8.113153457641602
2012-10-02,172.10000610351562,113.94588470458984,8.113153457641602
2012-10-03,172.41000366210938,114.41114807128906,8.113153457641602
2012-10-04,173.61000061035156,115.23125457763672,8.099449157714844
2012-10-05,172.6199951171875,115.2391128540039,8.078890800476074
2012-10-08,172.0500030517578,114.84485626220703,8.092591285705566
2012-10-09,170.99000549316406,113.70930480957031,8.085742950439453
2012-10-10,170.83999633789062,112.98381042480469,8.085742950439453
2012-10-11,171.32000732421875,113.04690551757812,8.092591285705566
2012-10-12,170.05999755859375,112.67633056640625,8.092591285705566
2012-10-15,168.35000610351562,113.61470794677734,8.092591285705566
2012-10-16,169.4199981689453,114.76598358154297,8.072038650512695
2012-10-17,169.5399932861328,115.28639221191406,8.037775039672852
2012-10-18,168.7899932861328,114.98674011230469,8.030921936035156
2012-10-19,166.97000122070312,113.07060241699219,8.051483154296875
2012-10-22,167.5800018310547,113.08639526367188,8.030921936035156
2012-10-23,165.42999267578125,111.51714324951172,8.051483154296875
2012-10-24,164.86000061035156,111.20166778564453,8.04462718963623
2012-10-25,166.02000427246094,111.5250244140625,8.024075508117676
2012-10-26,165.92999267578125,111.46195983886719,8.051483154296875
2012-10-31,166.8300018310547,111.46195983886719,8.080982208251953
2012-11-01,166.07000732421875,112.62899780273438,8.074118614196777
2012-11-02,162.60000610351562,111.62751007080078,8.074118614196777
2012-11-05,163.22999572753906,111.85620880126953,8.087839126586914
2012-11-06,166.3000030517578,112.73155975341797,8.06040096282959
2012-11-07,166.49000549316406,110.17659759521484,8.101557731628418
2012-11-08,167.99000549316406,108.85179901123047,8.115283966064453
2012-11-09,167.82000732421875,108.94649505615234,8.115283966064453
2012-11-12,167.4499969482422,109.0331802368164,8.115283966064453
2012-11-13,167.10000610351562,108.65469360351562,8.122139930725098
2012-11-14,167.13999938964844,107.18797302246094,8.122139930725098
2012-11-15,166.08999633789062,107.00660705566406,8.122139930725098
2012-11-16,165.8800048828125,107.53494262695312,8.129000663757324
2012-11-19,167.8699951171875,109.71134185791016,8.115283966064453
2012-11-20,167.38999938964844,109.7586669921875,8.101557731628418
2012-11-21,167.55999755859375,109.96366882324219,8.094697952270508
2012-11-23,169.61000061035156,111.46195983886719,8.087839126586914
2012-11-26,169.42999267578125,111.2253646850586,8.094697952270508
2012-11-27,168.7100067138672,110.6576156616211,8.10842227935791
2012-11-28,166.5500030517578,111.5486831665039,8.115283966064453
2012-11-29,167.17999267578125,112.06912994384766,8.115283966064453
2012-11-30,166.0500030517578,112.09281158447266,8.13107681274414
2012-12-03,166.1300048828125,111.54078674316406,8.124210357666016
2012-12-04,164.4199981689453,111.38308715820312,8.13107681274414
2012-12-05,164.1199951171875,111.58019256591797,8.137945175170898
2012-12-06,164.5,111.95873260498047,8.137945175170898
2012-12-07,165.16000366210938,112.29780578613281,8.13107681274414
2012-12-10,165.8000030517578,112.3451156616211,8.13107681274414
2012-12-11,165.64999389648438,113.11003112792969,8.124210357666016
2012-12-12,165.77000427246094,113.16520690917969,8.11047077178955
2012-12-13,164.3699951171875,112.47128295898438,8.096738815307617
2012-12-14,164.1300048828125,112.05331420898438,8.103602409362793
2012-12-17,164.44000244140625,113.3702163696289,8.082999229431152
2012-12-18,162.0800018310547,114.63197326660156,8.062397956848145
2012-12-19,161.69000244140625,113.78031921386719,8.069271087646484
2012-12-20,159.72999572753906,114.43477630615234,8.069271087646484
2012-12-21,160.3300018310547,113.39604949951172,8.076128005981445
2012-12-24,160.6199951171875,113.0466079711914,8.076128005981445
2012-12-26,160.77999877929688,112.5700912475586,8.082999229431152
2012-12-27,161.16000366210938,112.41921997070312,8.08987045288086
2012-12-28,160.5399932861328,111.20423889160156,8.102309226989746
2012-12-31,162.02000427246094,113.09424591064453,8.098161697387695
2013-01-02,163.1699981689453,115.992919921875,8.077396392822266
2013-01-03,161.1999969482422,115.73081970214844,8.049705505371094
2013-01-04,160.44000244140625,116.23908233642578,8.049705505371094
2013-01-07,159.42999267578125,115.92143249511719,8.056628227233887
2013-01-08,160.55999755859375,115.58790588378906,8.063553810119629
2013-01-09,160.49000549316406,115.88172149658203,8.070473670959473
2013-01-10,161.97999572753906,116.80290985107422,8.056628227233887
2013-01-11,161.05999755859375,116.79496765136719,8.070473670959473
2013-01-14,161.5399932861328,116.7155532836914,8.070473670959473
2013-01-15,162.55999755859375,116.79496765136719,8.077396392822266
2013-01-16,162.64999389648438,116.77909088134766,8.084315299987793
2013-01-17,163.35000610351562,117.53351593017578,8.063553810119629
2013-01-18,163.08999633789062,117.7956314086914,8.070473670959473
2013-01-22,163.6699981689453,118.43090057373047,8.077396392822266
2013-01-23,163.2100067138672,118.62153625488281,8.077396392822266
2013-01-24,161.4199981689453,118.65328216552734,8.070473670959473
2013-01-25,160.64999389648438,119.32035827636719,8.035868644714355
2013-01-28,160.2899932861328,119.17740631103516,8.028946876525879
2013-01-29,160.99000549316406,119.6460189819336,8.022024154663086
2013-01-30,162.19000244140625,119.17740631103516,8.028946876525879
2013-01-31,161.1999969482422,118.88355255126953,8.038647651672363
2013-02-01,161.4499969482422,120.1065673828125,8.024792671203613
2013-02-04,162.0,118.75654602050781,8.052505493164062
2013-02-05,161.9600067138672,119.95569610595703,8.038647651672363
2013-02-06,162.38999938964844,120.04302215576172,8.052505493164062
2013-02-07,161.83999633789062,119.88418579101562,8.052505493164062
2013-02-08,161.57000732421875,120.55127716064453,8.052505493164062
2013-02-11,159.6999969482422,120.52745819091797,8.045576095581055
2013-02-12,159.88999938964844,120.72601318359375,8.038647651672363
2013-02-13,159.0500030517578,120.82923889160156,8.024792671203613
2013-02-14,158.35000610351562,120.9404525756836,8.045576095581055
2013-02-15,155.75999450683594,120.7974624633789,8.038647651672363
2013-02-19,155.3300018310547,121.70278930664062,8.031720161437988
2013-02-20,151.44000244140625,120.18596649169922,8.038647651672363
2013-02-21,152.6199951171875,119.4553451538086,8.052505493164062
2013-02-22,152.97000122070312,120.62271881103516,8.052505493164062
2013-02-25,154.33999633789062,118.32768249511719,8.087152481079102
2013-02-26,156.22000122070312,119.13774108886719,8.087152481079102
2013-02-27,154.57000732421875,120.638671875,8.087152481079102
2013-02-28,153.0,120.4004135131836,8.096173286437988
2013-03-01,152.44000244140625,120.7974624633789,8.110047340393066
2013-03-04,152.3000030517578,121.44071960449219,8.096173286437988
2013-03-05,152.3800048828125,122.52869415283203,8.096173286437988
2013-03-06,153.22999572753906,122.69544219970703,8.07536506652832
2013-03-07,152.69000244140625,122.91781616210938,8.061490058898926
2013-03-08,152.7100067138672,123.44197082519531,8.033736228942871
2013-03-11,152.99000549316406,123.91053009033203,8.033736228942871
2013-03-12,154.19000244140625,123.63259887695312,8.047616004943848
2013-03-13,153.66000366210938,123.80726623535156,8.047616004943848
2013-03-14,153.67999267578125,124.46642303466797,8.047616004943848
2013-03-15,154.0,124.30206298828125,8.061490058898926
2013-03-18,155.3800048828125,123.61607360839844,8.07536506652832
2013-03-19,156.0800018310547,123.32893371582031,8.089235305786133
2013-03-20,155.3699951171875,124.19042205810547,8.07536506652832
2013-03-21,156.25,123.12946319580078,8.082304000854492
2013-03-22,155.5500030517578,124.11860656738281,8.082304000854492
2013-03-25,155.24000549316406,123.60014343261719,8.089235305786133
2013-03-26,154.72000122070312,124.5893325805664,8.089235305786133
2013-03-27,155.36000061035156,124.5893325805664,8.110047340393066
2013-03-28,154.4499969482422,124.97212982177734,8.118391990661621
2013-04-01,154.6699981689453,124.47756958007812,8.118391990661621
2013-04-02,152.42999267578125,125.09178924560547,8.111440658569336
2013-04-03,150.72999572753906,123.823486328125,8.132298469543457
2013-04-04,150.2899932861328,124.32600402832031,8.146188735961914
2013-04-05,152.80999755859375,123.76762390136719,8.153144836425781
2013-04-08,152.16000366210938,124.605224609375,8.146188735961914
2013-04-09,153.33999633789062,125.0359878540039,8.146188735961914
2013-04-10,150.75,126.5675048828125,8.132298469543457
2013-04-11,151.0500030517578,126.98231506347656,8.132298469543457
2013-04-12,143.9499969482422,126.67122650146484,8.153144836425781
2013-04-15,131.30999755859375,123.73568725585938,8.16009521484375
2013-04-16,132.8000030517578,125.56246948242188,8.146188735961914
2013-04-17,132.8699951171875,123.72779083251953,8.153144836425781
2013-04-18,134.3000030517578,122.95403289794922,8.153144836425781
2013-04-19,135.47000122070312,124.0229263305664,8.146188735961914
2013-04-22,137.89999389648438,124.57331085205078,8.153144836425781
2013-04-23,136.8800048828125,125.85762023925781,8.153144836425781
2013-04-24,138.3699951171875,125.93730163574219,8.153144836425781
2013-04-25,141.6300048828125,126.44783782958984,8.153144836425781
2013-04-26,140.91000366210938,126.2244873046875,8.167047500610352
2013-04-29,142.3000030517578,127.07002258300781,8.167047500610352
2013-04-30,142.77000427246094,127.3731460571289,8.1760892868042
2013-05-01,141.11000061035156,126.25638580322266,8.183053970336914
2013-05-02,141.9199981689453,127.42902374267578,8.183053970336914
2013-05-03,142.08999633789062,128.7212371826172,8.14825439453125
2013-05-06,142.14999389648438,129.04832458496094,8.141301155090332
2013-05-07,140.3800048828125,129.70236206054688,8.141301155090332
2013-05-08,142.4600067138672,130.2926788330078,8.141301155090332
2013-05-09,140.80999755859375,129.9257354736328,8.141301155090332
2013-05-10,139.60000610351562,130.34849548339844,8.1134672164917
2013-05-13,138.42999267578125,130.4521942138672,8.099556922912598
2013-05-14,137.80999755859375,131.8002166748047,8.085631370544434
2013-05-15,134.6300048828125,132.51019287109375,8.099556922912598
2013-05-16,134.08999633789062,131.88800048828125,8.12042236328125
2013-05-17,131.07000732421875,133.16429138183594,8.092585563659668
2013-05-20,135.1199951171875,133.1562957763672,8.092585563659668
2013-05-21,132.8800048828125,133.34779357910156,8.099556922912598
2013-05-22,131.94000244140625,132.358642578125,8.064754486083984
2013-05-23,134.61000061035156,131.9757843017578,8.0717134475708
2013-05-24,133.75999450683594,131.8641357421875,8.0717134475708
2013-05-28,133.49000549316406,132.6537628173828,8.016047477722168
2013-05-29,134.8300018310547,131.7922821044922,8.023002624511719
2013-05-30,136.6999969482422,132.2788848876953,8.023002624511719
2013-05-31,133.9199981689453,130.38043212890625,8.025796890258789
2013-06-03,136.50999450683594,131.0983123779297,8.025796890258789
2013-06-04,135.22999572753906,130.46815490722656,8.018827438354492
2013-06-05,135.52000427246094,128.64144897460938,8.032761573791504
2013-06-06,136.52999877929688,129.8060760498047,8.039725303649902
2013-06-07,133.27999877929688,131.457275390625,8.004897117614746
2013-06-10,133.94000244140625,131.457275390625,7.990960121154785
2013-06-11,133.25,130.10121154785156,7.997922897338867
2013-06-12,134.25,129.0243377685547,7.977029323577881
2013-06-13,133.74000549316406,130.98663330078125,8.011865615844727
2013-06-14,134.42999267578125,130.16500854492188,8.025796890258789
2013-06-17,133.77000427246094,131.17013549804688,8.018827438354492
2013-06-18,132.1300048828125,132.20706176757812,8.011865615844727
2013-06-19,130.58999633789062,130.38043212890625,7.935223579406738
2013-06-20,123.5999984741211,127.14979553222656,7.921289443969727
2013-06-21,125.05000305175781,127.55802917480469,7.865559101104736
2013-06-24,123.93000030517578,125.9461669921875,7.844656467437744
2013-06-25,123.47000122070312,127.15703582763672,7.844656467437744
2013-06-26,118.27999877929688,128.41603088378906,7.865559101104736
2013-06-27,115.94000244140625,129.16978454589844,7.893426418304443
2013-06-28,119.11000061035156,128.6405792236328,7.8955159187316895
2013-07-01,121.12999725341797,129.39431762695312,7.8955159187316895
2013-07-02,120.05000305175781,129.2740936279297,7.902493476867676
2013-07-03,120.73999786376953,129.33016967773438,7.888543128967285
2013-07-05,118.08999633789062,130.7254638671875,7.804837703704834
2013-07-08,119.51000213623047,131.4712677001953,7.839716911315918
2013-07-09,120.62000274658203,132.41749572753906,7.846692085266113
2013-07-10,120.94999694824219,132.46560668945312,7.832742691040039
2013-07-11,124.23999786376953,134.26988220214844,7.888543128967285
2013-07-12,124.12999725341797,134.32594299316406,7.8745927810668945
2013-07-15,124.18000030517578,134.8392333984375,7.8955159187316895
2013-07-16,124.88999938964844,134.3340606689453,7.8955159187316895
2013-07-17,123.31999969482422,134.67881774902344,7.916443347930908
2013-07-18,124.01000213623047,135.41659545898438,7.902493476867676
2013-07-19,125.11000061035156,135.6571807861328,7.923418045043945
2013-07-22,128.83999633789062,135.92176818847656,7.923418045043945
2013-07-23,129.7100067138672,135.633056640625,7.916443347930908
2013-07-24,127.4800033569336,135.13592529296875,7.888543128967285
2013-07-25,128.6699981689453,135.4646759033203,7.8955159187316895
2013-07-26,128.77999877929688,135.60902404785156,7.902493476867676
2013-07-29,128.47000122070312,135.19203186035156,7.8955159187316895
2013-07-30,128.1199951171875,135.19203186035156,7.888543128967285
2013-07-31,127.95999908447266,135.28829956054688,7.905302047729492
2013-08-01,126.61000061035156,136.85202026367188,7.856412887573242
2013-08-02,126.36000061035156,137.08456420898438,7.905302047729492
2013-08-05,125.69999694824219,136.88404846191406,7.898318290710449
2013-08-06,123.97000122070312,136.10623168945312,7.898318290710449
2013-08-07,124.1500015258789,135.6651611328125,7.912285804748535
2013-08-08,126.86000061035156,136.16236877441406,7.912285804748535
2013-08-09,126.86000061035156,135.76942443847656,7.919266700744629
2013-08-12,129.1300048828125,135.60902404785156,7.905302047729492
2013-08-13,127.73999786376953,136.010009765625,7.863407611846924
2013-08-14,129.0,135.3123321533203,7.863407611846924
2013-08-15,131.69000244140625,133.41989135742188,7.8424530029296875
2013-08-16,132.5800018310547,132.97879028320312,7.821503639221191
2013-08-19,132.00999450683594,132.12884521484375,7.8005499839782715
2013-08-20,132.4499969482422,132.77833557128906,7.828486442565918
2013-08-21,132.07000732421875,131.9603729248047,7.793566703796387
2013-08-22,132.80999755859375,133.1632537841797,7.779599666595459
2013-08-23,134.89999389648438,133.61228942871094,7.807533264160156
2013-08-26,135.4499969482422,133.11514282226562,7.821503639221191
2013-08-27,136.75,130.97406005859375,7.849433422088623
2013-08-28,136.7100067138672,131.43919372558594,7.821503639221191
2013-08-29,135.8699951171875,131.64764404296875,7.828486442565918
2013-08-30,134.6199951171875,131.23069763183594,7.824987411499023
2013-09-03,136.4199981689453,131.82406616210938,7.804006099700928
2013-09-04,134.66000366210938,132.91470336914062,7.783029556274414
2013-09-05,132.1999969482422,133.08303833007812,7.741071701049805
2013-09-06,134.14999389648438,133.14723205566406,7.769043445587158
2013-09-09,133.91000366210938,134.42225646972656,7.79002046585083
2013-09-10,131.74000549316406,135.41659545898438,7.762054443359375
2013-09-11,131.6999969482422,135.84158325195312,7.79002046585083
2013-09-12,127.66999816894531,135.48077392578125,7.79002046585083
2013-09-13,127.81999969482422,135.78546142578125,7.7970123291015625
2013-09-16,126.44999694824219,136.57130432128906,7.817995071411133
2013-09-17,126.5,137.18077087402344,7.824987411499023
2013-09-18,132.00999450683594,138.76852416992188,7.89492130279541
2013-09-19,131.75,138.5359649658203,7.873943328857422
2013-09-20,127.95999908447266,137.5673370361328,7.880929470062256
2013-09-23,127.55000305175781,136.93080139160156,7.8879241943359375
2013-09-24,127.66000366210938,136.6084442138672,7.908901214599609
2013-09-25,128.7899932861328,136.2136688232422,7.922883033752441
2013-09-26,127.79000091552734,136.7373809814453,7.908901214599609
2013-09-27,128.97000122070312,136.10887145996094,7.922883033752441
2013-09-30,128.17999267578125,135.38363647460938,7.939693450927734
2013-10-01,124.58999633789062,136.45533752441406,7.925689697265625
2013-10-02,127.05999755859375,136.326416015625,7.939693450927734
2013-10-03,127.18000030517578,135.06944274902344,7.946695327758789
2013-10-04,126.52999877929688,136.09280395507812,7.925689697265625
2013-10-07,127.63999938964844,134.91627502441406,7.932692527770996
2013-10-08,127.4000015258789,133.344970703125,7.925689697265625
2013-10-09,126.11000061035156,133.44168090820312,7.918689727783203
2013-10-10,124.2699966430664,136.31842041015625,7.911685943603516
2013-10-11,122.5999984741211,137.19676208496094,7.918689727783203
2013-10-14,122.83000183105469,137.74464416503906,7.904688358306885
2013-10-15,123.7300033569336,136.7454376220703,7.904688358306885
2013-10-16,123.54000091552734,138.65521240234375,7.925689697265625
2013-10-17,127.41999816894531,139.5819091796875,7.953696250915527
2013-10-18,126.8499984741211,140.52471923828125,7.953696250915527
2013-10-21,126.9800033569336,140.53271484375,7.946695327758789
2013-10-22,129.33999633789062,141.3466339111328,7.981701850891113
2013-10-23,128.69000244140625,140.66976928710938,7.981701850891113
2013-10-24,129.89999389648438,141.1370849609375,7.974699020385742
2013-10-25,130.4600067138672,141.78173828125,7.981701850891113
2013-10-28,130.55999755859375,142.00735473632812,7.981701850891113
2013-10-29,129.77000427246094,142.76486206054688,7.988698959350586
2013-10-30,129.60000610351562,142.0557403564453,7.974699020385742
2013-10-31,127.73999786376953,141.65283203125,7.978207111358643
2013-11-01,126.94999694824219,141.9913330078125,7.957172393798828
2013-11-04,126.80999755859375,142.49085998535156,7.964184284210205
2013-11-05,126.55999755859375,142.03961181640625,7.950160503387451
2013-11-06,127.19999694824219,142.76486206054688,7.964184284210205
2013-11-07,126.16000366210938,140.9598388671875,7.978207111358643
2013-11-08,124.27999877929688,142.86155700683594,7.929131984710693
2013-11-11,123.87000274658203,142.8856658935547,7.929131984710693
2013-11-12,122.44999694824219,142.59564208984375,7.915113925933838
2013-11-13,122.8499984741211,143.7399139404297,7.936138153076172
2013-11-14,124.2699966430664,144.45700073242188,7.964184284210205
2013-11-15,124.31999969482422,145.0855712890625,7.957172393798828
2013-11-18,122.9000015258789,144.5779266357422,7.978207111358643
2013-11-19,122.94999694824219,144.2636260986328,7.957172393798828
2013-11-20,120.12000274658203,143.81239318847656,7.943150520324707
2013-11-21,119.94000244140625,144.97274780273438,7.943150520324707
2013-11-22,119.91999816894531,145.697998046875,7.950160503387451
2013-11-25,120.45999908447266,145.55294799804688,7.957172393798828
2013-11-26,119.81999969482422,145.5931854248047,7.971190929412842
2013-11-27,119.45999908447266,145.94781494140625,7.957172393798828
2013-11-29,120.69999694824219,145.85101318359375,7.9677019119262695
2013-12-02,117.58000183105469,145.4723358154297,7.946643352508545
2013-12-03,117.95999908447266,144.8437957763672,7.953664779663086
2013-12-04,119.95999908447266,144.82769775390625,7.932604789733887
2013-12-05,118.30000305175781,144.19113159179688,7.9185614585876465
2013-12-06,118.55000305175781,145.80270385742188,7.9185614585876465
2013-12-09,119.72000122070312,146.17343139648438,7.9185614585876465
2013-12-10,121.81999969482422,145.64962768554688,7.9396233558654785
2013-12-11,120.86000061035156,144.01385498046875,7.925583362579346
2013-12-12,118.29000091552734,143.53842163085938,7.904516696929932
2013-12-13,119.37999725341797,143.52232360839844,7.904516696929932
2013-12-16,119.69000244140625,144.41676330566406,7.904516696929932
2013-12-17,118.6500015258789,143.9574737548828,7.922848224639893
2013-12-18,117.61000061035156,146.4151611328125,7.901703357696533
2013-12-19,114.81999969482422,146.24595642089844,7.880555152893066
2013-12-20,115.94000244140625,147.0966339111328,7.880555152893066
2013-12-23,115.56999969482422,147.88255310058594,7.866458892822266
2013-12-24,116.0999984741211,148.20660400390625,7.845306873321533
2013-12-26,116.73999786376953,148.9600372314453,7.845306873321533
2013-12-27,117.12000274658203,148.95193481445312,7.845306873321533
2013-12-30,115.38999938964844,148.9276580810547,7.859411239624023
2013-12-31,116.12000274658203,149.63247680664062,7.848820209503174
2014-01-02,118.0,148.19842529296875,7.862943649291992
2014-01-03,119.29000091552734,148.17417907714844,7.855876445770264
2014-01-06,119.5,147.7447509765625,7.869997978210449
2014-01-07,118.81999969482422,148.6521759033203,7.877053737640381
2014-01-08,118.12000274658203,148.6845703125,7.848820209503174
2014-01-09,118.45999908447266,148.78182983398438,7.855876445770264
2014-01-10,120.26000213623047,149.18685913085938,7.905287742614746
2014-01-13,121.0199966430664,147.20196533203125,7.919405460357666
2014-01-14,119.88999938964844,148.8061065673828,7.8982319831848145
2014-01-15,119.66000366210938,149.60818481445312,7.884110450744629
2014-01-16,119.79000091552734,149.41371154785156,7.905287742614746
2014-01-17,120.93000030517578,148.78182983398438,7.905287742614746
2014-01-21,119.69999694824219,149.21929931640625,7.8982319831848145
2014-01-22,119.19000244140625,149.31651306152344,7.884110450744629
2014-01-23,121.79000091552734,148.09317016601562,7.919405460357666
2014-01-24,122.29000091552734,144.9333953857422,7.940578937530518
2014-01-27,120.95999908447266,144.2204132080078,7.926464080810547
2014-01-28,120.94999694824219,145.0792999267578,7.933521270751953
2014-01-29,122.47000122070312,143.68577575683594,7.954696178436279
2014-01-30,119.7699966430664,145.20895385742188,7.947640419006348
2014-01-31,120.08999633789062,144.35821533203125,7.979448318481445
2014-02-03,121.31999969482422,141.1093292236328,8.00771427154541
2014-02-04,120.98999786376953,142.0978240966797,7.993577480316162
2014-02-05,121.29000091552734,141.91958618164062,7.979448318481445
2014-02-06,121.23999786376953,143.79107666015625,7.965306758880615
2014-02-07,122.16999816894531,145.57351684570312,7.986518383026123
2014-02-10,122.91999816894531,145.84085083007812,7.986518383026123
2014-02-11,124.36000061035156,147.4368896484375,7.958245277404785
2014-02-12,124.43000030517578,147.5098114013672,7.951171875
2014-02-13,125.48999786376953,148.27142333984375,7.9723734855651855
2014-02-14,127.1500015258789,149.08966064453125,7.965306758880615
2014-02-18,127.4000015258789,149.26791381835938,7.979448318481445
2014-02-19,126.2699966430664,148.27947998046875,7.9723734855651855
2014-02-20,127.5999984741211,149.15452575683594,7.958245277404785
2014-02-21,127.58000183105469,148.98434448242188,7.965306758880615
2014-02-24,128.99000549316406,149.8107147216797,7.958245277404785
2014-02-25,129.2100067138672,149.75399780273438,7.9723734855651855
2014-02-26,128.11000061035156,149.7621612548828,7.993577480316162
2014-02-27,128.1999969482422,150.54803466796875,7.993577480316162
2014-02-28,127.62000274658203,150.92877197265625,7.996409893035889
2014-03-03,130.2899932861328,149.867431640625,8.017637252807617
2014-03-04,128.67999267578125,151.97393798828125,7.9893364906311035
2014-03-05,128.88999938964844,152.1116180419922,7.9893364906311035
2014-03-06,130.1699981689453,152.4600372314453,7.968105316162109
2014-03-07,129.08999633789062,152.52481079101562,7.9468770027160645
2014-03-10,129.1300048828125,152.44384765625,7.953949451446533
2014-03-11,129.86000061035156,151.6903076171875,7.953949451446533
2014-03-12,131.75999450683594,151.73085021972656,7.968105316162109
2014-03-13,132.2100067138672,150.0294952392578,7.996409893035889
2014-03-14,133.10000610351562,149.60818481445312,7.996409893035889
2014-03-17,131.63999938964844,150.96119689941406,7.975179672241211
2014-03-18,130.6199951171875,152.03871154785156,7.9893364906311035
2014-03-19,128.08999633789062,151.22854614257812,7.932722568511963
2014-03-20,127.86000061035156,152.1116180419922,7.925647258758545
2014-03-21,128.47000122070312,151.5216827392578,7.932722568511963
2014-03-24,126.18000030517578,150.89508056640625,7.925647258758545
2014-03-25,126.41000366210938,151.61117553710938,7.925647258758545
2014-03-26,125.41000366210938,150.52073669433594,7.9468770027160645
2014-03-27,124.58999633789062,150.203369140625,7.9468770027160645
2014-03-28,124.55999755859375,150.9438934326172,7.932722568511963
2014-03-31,123.61000061035156,152.1808319091797,7.948347091674805
2014-04-01,123.38999938964844,153.18988037109375,7.934136390686035
2014-04-02,124.31999969482422,153.70257568359375,7.912835121154785
2014-04-03,123.91999816894531,153.4990997314453,7.912835121154785
2014-04-04,125.56999969482422,151.6844482421875,7.948347091674805
2014-04-07,124.91000366210938,150.008056640625,7.962554931640625
2014-04-08,126.08999633789062,150.6265411376953,7.9696526527404785
2014-04-09,126.31999969482422,152.2459259033203,7.9767584800720215
2014-04-10,127.01000213623047,149.04783630371094,7.998068332672119
2014-04-11,126.93000030517578,147.70513916015625,8.005171775817871
2014-04-14,127.8499984741211,148.86880493164062,7.990968704223633
2014-04-15,125.48999786376953,149.89418029785156,7.990968704223633
2014-04-16,125.54000091552734,151.4647216796875,7.9767584800720215
2014-04-17,124.75,151.67625427246094,7.948347091674805
2014-04-21,124.23999786376953,152.20526123046875,7.948347091674805
2014-04-22,123.77999877929688,152.89697265625,7.948347091674805
2014-04-23,123.76000213623047,152.53884887695312,7.95544958114624
2014-04-24,124.55999755859375,152.8480987548828,7.95544958114624
2014-04-25,125.43000030517578,151.59490966796875,7.962554931640625
2014-04-28,124.87999725341797,152.07501220703125,7.95544958114624
2014-04-29,124.86000061035156,152.7830047607422,7.95544958114624
2014-04-30,124.22000122070312,153.23873901367188,7.987451076507568
2014-05-01,123.80000305175781,153.25494384765625,8.001684188842773
2014-05-02,125.05999755859375,153.03529357910156,8.001684188842773
2014-05-05,126.22000122070312,153.32818603515625,7.994569778442383
2014-05-06,125.9800033569336,151.99368286132812,7.994569778442383
2014-05-07,124.16999816894531,152.88882446289062,8.008793830871582
2014-05-08,124.16999816894531,152.72604370117188,8.015907287597656
2014-05-09,124.0999984741211,152.953857421875,8.015907287597656
2014-05-12,124.94000244140625,154.4430694580078,8.001684188842773
2014-05-13,124.5999984741211,154.5814208984375,8.015907287597656
2014-05-14,125.80999755859375,153.8489990234375,8.037243843078613
2014-05-15,124.7699966430664,152.49819946289062,8.051470756530762
2014-05-16,124.5,153.0271453857422,8.04435920715332
2014-05-19,124.58000183105469,153.588623046875,8.04435920715332
2014-05-20,124.69000244140625,152.62026977539062,8.05858325958252
2014-05-21,124.38999938964844,153.90599060058594,8.051470756530762
2014-05-22,124.66999816894531,154.28030395507812,8.04435920715332
2014-05-23,124.51000213623047,154.8987579345703,8.051470756530762
2014-05-27,121.8499984741211,155.85086059570312,8.051470756530762
2014-05-28,121.19999694824219,155.73692321777344,8.072810173034668
2014-05-29,120.94000244140625,156.5425262451172,8.065694808959961
2014-05-30,120.43000030517578,156.7947998046875,8.069966316223145
2014-06-02,119.69999694824219,156.97386169433594,8.048602104187012
2014-06-03,120.01000213623047,156.89244079589844,8.02723503112793
2014-06-04,119.76000213623047,157.20986938476562,8.02723503112793
2014-06-05,120.66000366210938,158.23513793945312,8.034354209899902
2014-06-06,120.61000061035156,158.99195861816406,8.02723503112793
2014-06-09,120.6500015258789,159.15476989746094,8.020113945007324
2014-06-10,121.38999938964844,159.1710205078125,8.005868911743164
2014-06-11,121.41000366210938,158.61764526367188,8.012990951538086
2014-06-12,122.63999938964844,157.49465942382812,8.02723503112793
2014-06-13,122.95999908447266,157.9748077392578,8.020113945007324
2014-06-16,122.41999816894531,158.10491943359375,8.012990951538086
2014-06-17,122.27999877929688,158.54440307617188,7.991616725921631
2014-06-18,122.66999816894531,159.70814514160156,8.020113945007324
2014-06-19,126.94000244140625,159.8870849609375,8.012990951538086
2014-06-20,126.5,160.2117156982422,8.012990951538086
2014-06-23,126.8499984741211,160.16261291503906,8.005868911743164
2014-06-24,126.9800033569336,159.19786071777344,8.02723503112793
2014-06-25,126.98999786376953,159.9174041748047,8.034354209899902
2014-06-26,126.7300033569336,159.80288696289062,8.041476249694824
2014-06-27,126.66000366210938,160.11358642578125,8.048602104187012
2014-06-30,128.0399932861328,160.0318603515625,8.059300422668457
2014-07-01,127.69999694824219,161.10292053222656,8.045039176940918
2014-07-02,127.69999694824219,161.26649475097656,8.023638725280762
2014-07-03,127.16000366210938,162.05963134765625,8.009374618530273
2014-07-07,127.0199966430664,161.49545288085938,8.016507148742676
2014-07-08,127.06999969482422,160.45700073242188,8.0379056930542
2014-07-09,127.83999633789062,161.176513671875,8.0379056930542
2014-07-10,128.5399932861328,160.5387725830078,8.052162170410156
2014-07-11,128.77999877929688,160.759521484375,8.059300422668457
2014-07-14,125.72000122070312,161.5690460205078,8.045039176940918
2014-07-15,124.52999877929688,161.26649475097656,8.0379056930542
2014-07-16,124.97000122070312,161.86337280273438,8.0379056930542
2014-07-17,127.08999633789062,160.02365112304688,8.066431045532227
2014-07-18,126.12999725341797,161.6590118408203,8.052162170410156
2014-07-21,126.33999633789062,161.3564453125,8.052162170410156
2014-07-22,125.73999786376953,162.05963134765625,8.059300422668457
2014-07-23,125.62000274658203,162.41937255859375,8.059300422668457
2014-07-24,124.3499984741211,162.4275360107422,8.0379056930542
2014-07-25,125.79000091552734,161.66712951660156,8.052162170410156
2014-07-28,125.58000183105469,161.73257446289062,8.045039176940918
2014-07-29,125.19999694824219,161.03753662109375,8.045039176940918
2014-07-30,124.83000183105469,161.0620880126953,8.016507148742676
2014-07-31,123.38999938964844,157.88137817382812,8.027935981750488
2014-08-01,124.37999725341797,157.3990020751953,8.063642501831055
2014-08-04,123.98999786376953,158.53553771972656,8.07079029083252
2014-08-05,123.87000274658203,156.99830627441406,8.063642501831055
2014-08-06,125.66999816894531,157.04739379882812,8.07079029083252
2014-08-07,126.18000030517578,156.19700622558594,8.092212677001953
2014-08-08,126.19000244140625,158.0040283203125,8.085071563720703
2014-08-11,125.95999908447266,158.4619140625,8.085071563720703
2014-08-12,125.98999786376953,158.2411651611328,8.077933311462402
2014-08-13,126.19999694824219,159.31227111816406,8.092212677001953
2014-08-14,126.30999755859375,160.06451416015625,8.099361419677734
2014-08-15,125.4800033569336,160.0318603515625,8.113643646240234
2014-08-18,124.95999908447266,161.37278747558594,8.099361419677734
2014-08-19,124.68000030517578,162.2149658203125,8.099361419677734
2014-08-20,124.22000122070312,162.64830017089844,8.077933311462402
2014-08-21,122.87999725341797,163.12255859375,8.085071563720703
2014-08-22,123.19000244140625,162.86904907226562,8.077933311462402
2014-08-25,122.73999786376953,163.6949462890625,8.077933311462402
2014-08-26,123.3499984741211,163.80128479003906,8.077933311462402
2014-08-27,123.31999969482422,163.73583984375,8.092212677001953
2014-08-28,124.0,163.64581298828125,8.099361419677734
2014-08-29,123.86000061035156,164.11196899414062,8.110804557800293
2014-09-02,121.6500015258789,164.0301513671875,8.082191467285156
2014-09-03,122.1500015258789,163.94021606445312,8.089341163635254
2014-09-04,121.4800033569336,163.70310974121094,8.075033187866211
2014-09-05,122.05999755859375,164.43898010253906,8.075033187866211
2014-09-08,120.7300033569336,164.01382446289062,8.067889213562012
2014-09-09,120.87000274658203,162.97532653808594,8.053583145141602
2014-09-10,120.26000213623047,163.58863830566406,8.03928279876709
2014-09-11,119.47000122070312,163.7766876220703,8.03928279876709
2014-09-12,118.37999725341797,162.82000732421875,8.017818450927734
2014-09-15,118.63999938964844,162.69737243652344,8.032125473022461
2014-09-16,118.83000183105469,163.9237823486328,8.032125473022461
2014-09-17,117.54000091552734,164.14463806152344,8.017818450927734
2014-09-18,117.77999877929688,165.01956176757812,8.01067066192627
2014-09-19,117.08999633789062,164.8708953857422,8.024971008300781
2014-09-22,116.8499984741211,163.59751892089844,8.03928279876709
2014-09-23,117.5999984741211,162.66102600097656,8.046433448791504
2014-09-24,117.05000305175781,163.934326171875,8.032125473022461
2014-09-25,117.38999938964844,161.2891845703125,8.053583145141602
2014-09-26,117.05999755859375,162.5706329345703,8.03928279876709
2014-09-29,117.02999877929688,162.27500915527344,8.053583145141602
2014-09-30,116.20999908447266,161.84776306152344,8.057882308959961
2014-10-01,116.7699966430664,159.6544952392578,8.100855827331543
2014-10-02,116.73999786376953,159.6791229248047,8.08652400970459
2014-10-03,114.61000061035156,161.43704223632812,8.079370498657227
2014-10-06,116.02999877929688,161.24810791015625,8.093692779541016
2014-10-07,116.36000061035156,158.75900268554688,8.122344017028809
2014-10-08,117.47000122070312,161.53561401367188,8.150993347167969
2014-10-09,117.63999938964844,158.33187866210938,8.14382553100586
2014-10-10,117.58999633789062,156.52456665039062,8.158157348632812
2014-10-13,118.5199966430664,153.9534149169922,8.179642677307129
2014-10-14,118.58999633789062,154.1916046142578,8.193968772888184
2014-10-15,118.98999786376953,153.14828491210938,8.236942291259766
2014-10-16,119.22000122070312,153.01686096191406,8.215457916259766
2014-10-17,118.98999786376953,154.82418823242188,8.201131820678711
2014-10-20,119.80000305175781,156.3275146484375,8.208293914794922
2014-10-21,120.0199966430664,159.42445373535156,8.201131820678711
2014-10-22,119.33999633789062,158.29075622558594,8.193968772888184
2014-10-23,118.5199966430664,160.13088989257812,8.172484397888184
2014-10-24,118.3499984741211,161.3631591796875,8.172484397888184
2014-10-27,118.05999755859375,161.14132690429688,8.179642677307129
2014-10-28,118.0999984741211,162.98960876464844,8.16531753540039
2014-10-29,116.41000366210938,162.74322509765625,8.13667106628418
2014-10-30,115.19000244140625,163.78646850585938,8.14382553100586
2014-10-31,112.66000366210938,165.65945434570312,8.148133277893066
2014-11-03,112.1500015258789,165.74986267089844,8.140962600708008
2014-11-04,112.22000122070312,165.1747589111328,8.140962600708008
2014-11-05,109.79000091552734,166.21804809570312,8.140962600708008
2014-11-06,109.87999725341797,166.88345336914062,8.126611709594727
2014-11-07,112.97000122070312,167.03956604003906,8.162481307983398
2014-11-10,110.45999908447266,167.56529235839844,8.140962600708008
2014-11-11,112.04000091552734,167.72959899902344,8.13379192352295
2014-11-12,111.5,167.54885864257812,8.13379192352295
2014-11-13,111.66999816894531,167.73780822753906,8.148133277893066
2014-11-14,114.47000122070312,167.7788848876953,8.155308723449707
2014-11-17,114.05000305175781,167.88571166992188,8.148133277893066
2014-11-18,115.05000305175781,168.8550262451172,8.155308723449707
2014-11-19,113.68000030517578,168.5839385986328,8.140962600708008
2014-11-20,114.86000061035156,168.87965393066406,8.148133277893066
2014-11-21,115.38999938964844,169.78326416015625,8.155308723449707
2014-11-24,115.11000061035156,170.2598114013672,8.162481307983398
2014-11-25,115.37999725341797,170.1365203857422,8.176823616027832
2014-11-26,115.16000366210938,170.57192993164062,8.184000015258789
2014-11-28,112.11000061035156,170.21043395996094,8.217041969299316
2014-12-01,116.58000183105469,169.027587890625,8.209855079650879
2014-12-02,115.13999938964844,170.1201171875,8.18112564086914
2014-12-03,116.33000183105469,170.77723693847656,8.173949241638184
2014-12-04,115.87999725341797,170.58834838867188,8.188309669494629
2014-12-05,114.43000030517578,170.86761474609375,8.15239429473877
2014-12-08,115.77999877929688,169.72579956054688,8.159581184387207
2014-12-09,118.19000244140625,169.6107635498047,8.18112564086914
2014-12-10,117.95999908447266,166.8916778564453,8.20267105102539
2014-12-11,117.69000244140625,167.73780822753906,8.188309669494629
2014-12-12,117.41000366210938,165.02694702148438,8.231406211853027
2014-12-15,114.38999938964844,163.89328002929688,8.20267105102539
2014-12-16,114.94999694824219,162.57894897460938,8.231406211853027
2014-12-17,114.2699966430664,165.76622009277344,8.190413475036621
2014-12-18,115.1500015258789,169.865478515625,8.168848037719727
2014-12-19,114.7699966430664,170.58819580078125,8.176027297973633
2014-12-22,112.55000305175781,171.3729248046875,8.176027297973633
2014-12-23,112.73999786376953,171.60411071777344,8.140077590942383
2014-12-24,112.7699966430664,171.6207275390625,8.140077590942383
2014-12-26,114.83000183105469,172.17417907714844,8.140077590942383
2014-12-29,113.66999816894531,172.4053955078125,8.161656379699707
2014-12-30,115.19999694824219,171.4803466796875,8.168848037719727
2014-12-31,113.58000183105469,169.77870178222656,8.188284873962402
2015-01-02,114.08000183105469,169.68783569335938,8.209894180297852
2015-01-05,115.80000305175781,166.62330627441406,8.231500625610352
2015-01-06,117.12000274658203,165.0539093017578,8.267507553100586
2015-01-07,116.43000030517578,167.1106719970703,8.267507553100586
2015-01-08,115.94000244140625,170.07611083984375,8.253105163574219
2015-01-09,117.26000213623047,168.7131805419922,8.281911849975586
2015-01-12,118.55999755859375,167.3914794921875,8.296316146850586
2015-01-13,118.16000366210938,166.92068481445312,8.30351448059082
2015-01-14,117.97000122070312,165.91294860839844,8.33232307434082
2015-01-15,120.94000244140625,164.3931427001953,8.375531196594238
2015-01-16,122.5199966430664,166.54898071289062,8.33232307434082
2015-01-20,124.19999694824219,166.90415954589844,8.339522361755371
2015-01-21,124.2300033569336,167.74671936035156,8.317913055419922
2015-01-22,125.2300033569336,170.24127197265625,8.30351448059082
2015-01-23,124.2300033569336,169.3079071044922,8.33232307434082
2015-01-26,122.98999786376953,169.70436096191406,8.317913055419922
2015-01-27,124.4000015258789,167.46583557128906,8.325117111206055
2015-01-28,123.41999816894531,165.3182373046875,8.361129760742188
2015-01-29,120.76000213623047,166.8463592529297,8.346721649169922
2015-01-30,123.44999694824219,164.74822998046875,8.409466743469238
2015-02-02,122.41999816894531,166.78851318359375,8.395047187805176
2015-02-03,121.05000305175781,169.2004852294922,8.351768493652344
2015-02-04,121.58000183105469,168.55621337890625,8.366201400756836
2015-02-05,121.79000091552734,170.25772094726562,8.344557762145996
2015-02-06,118.63999938964844,169.78700256347656,8.272443771362305
2015-02-09,119.16999816894531,169.02700805664062,8.272443771362305
2015-02-10,118.47000122070312,170.82772827148438,8.258013725280762
2015-02-11,117.06999969482422,170.92684936523438,8.250800132751465
2015-02-12,117.33999633789062,172.57061767578125,8.265225410461426
2015-02-13,117.9800033569336,173.28103637695312,8.250800132751465
2015-02-17,116.01000213623047,173.5535888671875,8.20753288269043
2015-02-18,116.33999633789062,173.57012939453125,8.243582725524902
2015-02-19,115.94000244140625,173.44618225097656,8.229165077209473
2015-02-20,115.27999877929688,174.48696899414062,8.214737892150879
2015-02-23,115.43000030517578,174.46221923828125,8.236373901367188
2015-02-24,115.26000213623047,174.9578399658203,8.279651641845703
2015-02-25,115.69999694824219,174.8091583251953,8.279651641845703
2015-02-26,116.06999969482422,174.6026611328125,8.243582725524902
2015-02-27,116.16000366210938,174.0078582763672,8.276087760925293
2015-03-02,115.68000030517578,175.10647583007812,8.239978790283203
2015-03-03,115.47000122070312,174.3878631591797,8.22553539276123
2015-03-04,115.11000061035156,173.65264892578125,8.232763290405273
2015-03-05,115.0,173.8426971435547,8.239978790283203
2015-03-06,111.86000061035156,171.3977508544922,8.182207107543945
2015-03-09,111.97000122070312,172.108154296875,8.20387077331543
2015-03-10,111.41999816894531,169.31613159179688,8.22553539276123
2015-03-11,110.75,168.91961669921875,8.232763290405273
2015-03-12,110.72000122070312,171.06727600097656,8.239978790283203
2015-03-13,110.87999725341797,170.01829528808594,8.232763290405273
2015-03-16,110.80999755859375,172.2897491455078,8.247198104858398
2015-03-17,110.20999908447266,171.77760314941406,8.25442123413086
2015-03-18,112.37000274658203,173.8426971435547,8.319416999816895
2015-03-19,112.29000091552734,173.04971313476562,8.290529251098633
2015-03-20,113.56999969482422,174.5772247314453,8.312196731567383
2015-03-23,114.29000091552734,174.2370147705078,8.319416999816895
2015-03-24,114.56999969482422,173.25799560546875,8.341078758239746
2015-03-25,114.7300033569336,170.71913146972656,8.319416999816895
2015-03-26,115.4800033569336,170.31256103515625,8.290529251098633
2015-03-27,115.05999755859375,170.70254516601562,8.304977416992188
2015-03-30,113.75,172.78504943847656,8.312196731567383
2015-03-31,113.66000366210938,171.2749786376953,8.339701652526855
2015-04-01,115.5999984741211,170.66928100585938,8.361420631408691
2015-04-02,115.27999877929688,171.28330993652344,8.346945762634277
2015-04-06,116.69000244140625,172.43658447265625,8.361420631408691
2015-04-07,116.11000061035156,171.98025512695312,8.361420631408691
2015-04-08,115.47000122070312,172.56103515625,8.354185104370117
2015-04-09,114.66999816894531,173.3243865966797,8.332466125488281
2015-04-10,115.97000122070312,174.27015686035156,8.332466125488281
2015-04-13,115.13999938964844,173.4819793701172,8.339701652526855
2015-04-14,114.44000244140625,173.81387329101562,8.354185104370117
2015-04-15,115.43000030517578,174.59378051757812,8.361420631408691
2015-04-16,115.02999877929688,174.5440216064453,8.368661880493164
2015-04-17,115.5999984741211,172.53611755371094,8.375904083251953
2015-04-20,114.72000122070312,174.11256408691406,8.361420631408691
2015-04-21,115.37999725341797,173.90516662597656,8.354185104370117
2015-04-22,113.83000183105469,174.75975036621094,8.32522964477539
2015-04-23,114.66000366210938,175.19944763183594,8.346945762634277
2015-04-24,113.05000305175781,175.6060028076172,8.361420631408691
2015-04-27,115.33000183105469,174.87591552734375,8.354185104370117
2015-04-28,116.33000183105469,175.4317626953125,8.32522964477539
2015-04-29,115.51000213623047,174.70994567871094,8.310747146606445
2015-04-30,113.47000122070312,172.95928955078125,8.322344779968262
2015-05-01,113.08000183105469,174.83441162109375,8.293349266052246
2015-05-04,114.0999984741211,175.33224487304688,8.28609561920166
2015-05-05,114.41999816894531,173.3243865966797,8.278850555419922
2015-05-06,114.36000061035156,172.61082458496094,8.25710391998291
2015-05-07,113.41999816894531,173.2993927001953,8.271599769592285
2015-05-08,113.97000122070312,175.58116149902344,8.293349266052246
2015-05-11,113.52999877929688,174.74310302734375,8.24985408782959
2015-05-12,114.5,174.22042846679688,8.24985408782959
2015-05-13,116.55000305175781,174.2536163330078,8.24985408782959
2015-05-14,117.18000030517578,176.07064819335938,8.278850555419922
2015-05-15,117.52999877929688,176.261474609375,8.30059814453125
2015-05-18,117.5199966430664,176.80908203125,8.271599769592285
2015-05-19,115.88999938964844,176.7509765625,8.242599487304688
2015-05-20,116.08000183105469,176.62657165527344,8.25710391998291
2015-05-21,115.69000244140625,177.14102172851562,8.28609561920166
2015-05-22,115.5999984741211,176.71786499023438,8.264355659484863
2015-05-26,113.91000366210938,174.81781005859375,8.28609561920166
2015-05-27,113.88999938964844,176.47718811035156,8.28609561920166
2015-05-28,114.0199966430664,176.2781219482422,8.293349266052246
2015-05-29,114.0999984741211,175.18292236328125,8.312226295471191
2015-06-01,114.0,175.5396270751953,8.290446281433105
2015-06-02,114.45999908447266,175.36544799804688,8.261408805847168
2015-06-03,113.63999938964844,175.8300323486328,8.217850685119629
2015-06-04,112.83999633789062,174.3448944091797,8.239630699157715
2015-06-05,112.23999786376953,174.04624938964844,8.20333194732666
2015-06-08,112.56999969482422,172.9759063720703,8.210587501525879
2015-06-09,112.81999969482422,172.9510040283203,8.196069717407227
2015-06-10,113.77999877929688,175.02525329589844,8.174296379089355
2015-06-11,113.26000213623047,175.5894317626953,8.210587501525879
2015-06-12,113.2300033569336,174.24530029296875,8.20333194732666
2015-06-15,113.7300033569336,173.49859619140625,8.217850685119629
2015-06-16,113.31999969482422,174.44444274902344,8.239630699157715
2015-06-17,113.8499984741211,174.72654724121094,8.246889114379883
2015-06-18,115.31999969482422,176.54360961914062,8.246889114379883
2015-06-19,115.12000274658203,175.75985717773438,8.268668174743652
2015-06-22,113.63999938964844,176.6603240966797,8.225104331970215
2015-06-23,112.88999938964844,176.78533935546875,8.217850685119629
2015-06-24,112.58999633789062,175.5014190673828,8.225104331970215
2015-06-25,112.44000244140625,174.96791076660156,8.217850685119629
2015-06-26,112.55999755859375,174.93447875976562,8.196069717407227
2015-06-29,113.06999969482422,171.2660369873047,8.254146575927734
2015-06-30,112.37000274658203,171.62457275390625,8.251243591308594
2015-07-01,111.9800033569336,173.00022888183594,8.222158432006836
2015-07-02,111.76000213623047,172.841796875,8.251243591308594
2015-07-06,112.05999755859375,172.34988403320312,8.28032112121582
2015-07-07,110.76000213623047,173.4337921142578,8.294856071472168
2015-07-08,111.08999633789062,170.52401733398438,8.316667556762695
2015-07-09,111.36000061035156,170.83250427246094,8.28032112121582
2015-07-10,111.48999786376953,172.9835662841797,8.243968963623047
2015-07-13,110.98999786376953,174.89280700683594,8.222158432006836
2015-07-14,110.73999786376953,175.6514434814453,8.243968963623047
2015-07-15,110.16000366210938,175.59310913085938,8.258511543273926
2015-07-16,109.76000213623047,177.0021209716797,8.258511543273926
2015-07-17,108.6500015258789,177.15223693847656,8.251243591308594
2015-07-20,105.69999694824219,177.24391174316406,8.236700057983398
2015-07-21,105.37000274658203,176.54364013671875,8.251243591308594
2015-07-22,104.80000305175781,176.22677612304688,8.251243591308594
2015-07-23,104.33000183105469,175.23464965820312,8.273045539855957
2015-07-24,105.3499984741211,173.41709899902344,8.273045539855957
2015-07-27,104.86000061035156,172.40823364257812,8.294856071472168
2015-07-28,105.0199966430664,174.5259552001953,8.28032112121582
2015-07-29,105.16999816894531,175.7265167236328,8.273045539855957
2015-07-30,104.2699966430664,175.7682342529297,8.273045539855957
2015-07-31,104.93000030517578,175.5014190673828,8.321099281311035
2015-08-03,104.0999984741211,174.90945434570312,8.335654258728027
2015-08-04,104.30999755859375,174.56764221191406,8.299256324768066
2015-08-05,103.93000030517578,175.14291381835938,8.277416229248047
2015-08-06,104.38999938964844,173.70892333984375,8.291977882385254
2015-08-07,104.6500015258789,173.37538146972656,8.306535720825195
2015-08-10,105.72000122070312,175.55978393554688,8.291977882385254
2015-08-11,106.26000213623047,173.9756622314453,8.328372955322266
2015-08-12,107.75,174.18408203125,8.328372955322266
2015-08-13,106.86000061035156,173.9673309326172,8.306535720825195
2015-08-14,106.8499984741211,174.60093688964844,8.299256324768066
2015-08-17,107.12999725341797,175.57640075683594,8.313814163208008
2015-08-18,107.11000061035156,175.0678253173828,8.306535720825195
2015-08-19,108.55000305175781,173.68386840820312,8.342938423156738
2015-08-20,110.44000244140625,170.05711364746094,8.350221633911133
2015-08-21,111.12999725341797,164.93797302246094,8.372056007385254
2015-08-24,110.52999877929688,157.9929656982422,8.38662052154541
2015-08-25,109.16000366210938,156.1337432861328,8.357499122619629
2015-08-26,107.66999816894531,162.12831115722656,8.328372955322266
2015-08-27,107.7300033569336,166.13858032226562,8.328372955322266
2015-08-28,108.69999694824219,166.14688110351562,8.321099281311035
2015-08-31,108.81999969482422,164.80455017089844,8.31817626953125
2015-09-01,109.19999694824219,159.8855743408203,8.340047836303711
2015-09-02,108.62000274658203,162.92034912109375,8.332763671875
2015-09-03,107.83999633789062,163.03709411621094,8.347341537475586
2015-09-04,107.48999786376953,160.56919860839844,8.354632377624512
2015-09-08,107.5199966430664,164.60447692871094,8.332763671875
2015-09-09,106.12999725341797,162.4034423828125,8.340047836303711
2015-09-10,106.37999725341797,163.28720092773438,8.325472831726074
2015-09-11,106.16000366210938,164.02920532226562,8.340047836303711
2015-09-14,106.22000122070312,163.42054748535156,8.347341537475586
2015-09-15,105.9000015258789,165.4632568359375,8.303604125976562
2015-09-16,107.30999755859375,166.89724731445312,8.296313285827637
2015-09-17,108.41000366210938,166.5220947265625,8.354632377624512
2015-09-18,109.20999908447266,163.8008270263672,8.37650203704834
2015-09-21,108.52999877929688,164.64732360839844,8.347341537475586
2015-09-22,107.79000091552734,162.5102081298828,8.369213104248047
2015-09-23,108.22000122070312,162.2504425048828,8.361920356750488
2015-09-24,110.48999786376953,161.6637420654297,8.37650203704834
2015-09-25,109.80999755859375,161.62188720703125,8.361920356750488
2015-09-28,108.41999816894531,157.56564331054688,8.391083717346191
2015-09-29,107.9800033569336,157.65782165527344,8.405670166015625
2015-09-30,106.86000061035156,160.59939575195312,8.416610717773438
2015-10-01,106.7300033569336,161.0185089111328,8.423912048339844
2015-10-02,108.98999786376953,163.42373657226562,8.453109741210938
2015-10-05,108.7699966430664,166.3318328857422,8.423912048339844
2015-10-06,109.86000061035156,165.76194763183594,8.431212425231934
2015-10-07,109.69999694824219,167.11962890625,8.416610717773438
2015-10-08,109.13999938964844,168.6281280517578,8.409313201904297
2015-10-09,110.87000274658203,168.72872924804688,8.402015686035156
2015-10-12,111.30999755859375,168.88787841796875,8.423912048339844
2015-10-13,111.86000061035156,167.82362365722656,8.431212425231934
2015-10-14,113.80999755859375,167.01904296875,8.460412979125977
2015-10-15,113.29000091552734,169.5835723876953,8.438517570495605
2015-10-16,112.48999786376953,170.3545684814453,8.431212425231934
2015-10-19,112.0199966430664,170.43838500976562,8.431212425231934
2015-10-20,112.7300033569336,170.22055053710938,8.409313201904297
2015-10-21,111.7300033569336,169.1645050048828,8.423912048339844
2015-10-22,111.69000244140625,172.02232360839844,8.431212425231934
2015-10-23,111.5,173.90802001953125,8.402015686035156
2015-10-26,111.43000030517578,173.4805908203125,8.409313201904297
2015-10-27,111.68000030517578,173.1453399658203,8.423912048339844
2015-10-28,110.77999877929688,175.1148223876953,8.387413024902344
2015-10-29,109.72000122070312,175.01422119140625,8.358216285705566
2015-10-30,109.30000305175781,174.25999450683594,8.377222061157227
2015-11-02,108.58999633789062,176.32167053222656,8.355292320251465
2015-11-03,106.9800033569336,176.83285522460938,8.340670585632324
2015-11-04,105.97000122070312,176.2965087890625,8.326048851013184
2015-11-05,105.63999938964844,176.12051391601562,8.326048851013184
2015-11-06,104.0999984741211,176.02828979492188,8.282194137573242
2015-11-09,104.4000015258789,174.3857421875,8.274885177612305
2015-11-10,104.18000030517578,174.7879638671875,8.289505004882812
2015-11-11,103.83000183105469,174.10076904296875,8.282194137573242
2015-11-12,103.8499984741211,171.6703338623047,8.289505004882812
2015-11-13,103.55999755859375,169.7427520751953,8.311429977416992
2015-11-16,103.70999908447266,172.3240509033203,8.318739891052246
2015-11-17,102.33999633789062,172.19837951660156,8.318739891052246
2015-11-18,102.43000030517578,174.93043518066406,8.311429977416992
2015-11-19,103.55999755859375,174.77957153320312,8.318739891052246
2015-11-20,103.08999633789062,175.41647338867188,8.311429977416992
2015-11-23,102.26000213623047,175.2154541015625,8.318739891052246
2015-11-24,102.94000244140625,175.4500274658203,8.326048851013184
2015-11-25,102.45999908447266,175.42486572265625,8.326048851013184
2015-11-27,101.25,175.6260223388672,8.326048851013184
2015-11-30,101.91999816894531,174.89695739746094,8.344351768493652
2015-12-01,102.27999877929688,176.56466674804688,8.366312980651855
2015-12-02,100.69000244140625,174.76284790039062,8.351666450500488
2015-12-03,101.76000213623047,172.31570434570312,8.300436019897461
2015-12-04,104.0199966430664,175.67636108398438,8.31507396697998
2015-12-07,102.66999816894531,174.61199951171875,8.3297119140625
2015-12-08,102.83999633789062,173.43870544433594,8.337027549743652
2015-12-09,102.63999938964844,172.08937072753906,8.344351768493652
2015-12-10,102.55000305175781,172.53355407714844,8.3297119140625
2015-12-11,103.11000061035156,169.1896514892578,8.373632431030273
2015-12-14,101.79000091552734,170.0444793701172,8.337027549743652
2015-12-15,101.5199966430664,171.8295440673828,8.31507396697998
2015-12-16,102.75,174.34381103515625,8.300436019897461
2015-12-17,100.5,171.6870574951172,8.31507396697998
2015-12-18,102.04000091552734,168.62847900390625,8.337027549743652
2015-12-21,103.1500015258789,170.0195770263672,8.337027549743652
2015-12-22,102.61000061035156,171.56236267089844,8.322388648986816
2015-12-23,102.30999755859375,173.6868438720703,8.307753562927246
2015-12-24,103.05000305175781,173.40017700195312,8.315862655639648
2015-12-28,102.2699966430664,173.0039825439453,8.315862655639648
2015-12-29,102.19999694824219,174.85025024414062,8.28637409210205
2015-12-30,101.41999816894531,173.61094665527344,8.28637409210205
2015-12-31,101.45999908447266,171.87429809570312,8.312947273254395
2016-01-04,102.88999938964844,169.47154235839844,8.335098266601562
2016-01-05,103.18000030517578,169.7582244873047,8.335098266601562
2016-01-06,104.66999816894531,167.61680603027344,8.364629745483398
2016-01-07,106.1500015258789,163.59544372558594,8.379395484924316
2016-01-08,105.68000030517578,161.7997589111328,8.394159317016602
2016-01-11,104.73999786376953,161.95989990234375,8.379395484924316
2016-01-12,104.20999908447266,163.26663208007812,8.401543617248535
2016-01-13,104.72000122070312,159.19468688964844,8.423688888549805
2016-01-14,103.0199966430664,161.80812072753906,8.416309356689453
2016-01-15,104.08000183105469,158.334716796875,8.438460350036621
2016-01-19,103.9800033569336,158.54551696777344,8.43107795715332
2016-01-20,105.37000274658203,156.5137481689453,8.453226089477539
2016-01-21,105.48999786376953,157.39059448242188,8.445843696594238
2016-01-22,105.0,160.61940002441406,8.43107795715332
2016-01-25,106.08000183105469,158.19143676757812,8.445843696594238
2016-01-26,107.29000091552734,160.34970092773438,8.453226089477539
2016-01-27,107.69000244140625,158.60450744628906,8.460607528686523
2016-01-28,106.54000091552734,159.4307098388672,8.46799087524414
2016-01-29,106.94999694824219,163.31723022460938,8.509387969970703
2016-02-01,108.05000305175781,163.25820922851562,8.494603157043457
2016-02-02,108.08999633789062,160.31593322753906,8.53156852722168
2016-02-03,109.25,161.2770233154297,8.53156852722168
2016-02-04,110.56999969482422,161.52992248535156,8.546353340148926
2016-02-05,112.31999969482422,158.4527587890625,8.546353340148926
2016-02-08,113.83000183105469,156.31982421875,8.583317756652832
2016-02-09,113.58000183105469,156.32826232910156,8.583317756652832
2016-02-10,114.45999908447266,156.1934051513672,8.598099708557129
2016-02-11,119.05999755859375,154.16160583496094,8.612889289855957
2016-02-12,118.36000061035156,157.3399200439453,8.575929641723633
2016-02-16,114.7699966430664,159.99557495117188,8.55374526977539
2016-02-17,115.4800033569336,162.60910034179688,8.546353340148926
2016-02-18,118.29000091552734,161.9430694580078,8.56853199005127
2016-02-19,117.58000183105469,161.86717224121094,8.561144828796387
2016-02-22,115.48999786376953,164.21092224121094,8.55374526977539
2016-02-23,117.22000122070312,162.13693237304688,8.56853199005127
2016-02-24,117.61000061035156,162.87887573242188,8.56853199005127
2016-02-25,117.91999816894531,164.85153198242188,8.59071159362793
2016-02-26,117.11000061035156,164.4722137451172,8.55374526977539
2016-02-29,118.63999938964844,163.18234252929688,8.5789155960083
2016-03-01,117.7699966430664,167.0182342529297,8.534504890441895
2016-03-02,118.68000030517578,167.76852416992188,8.519698143005371
2016-03-03,120.7300033569336,168.42613220214844,8.527105331420898
2016-03-04,120.54000091552734,168.97413635253906,8.50489330291748
2016-03-07,121.13999938964844,169.1090545654297,8.49008846282959
2016-03-08,120.58000183105469,167.2626953125,8.527105331420898
2016-03-09,119.58000183105469,168.08892822265625,8.50489330291748
2016-03-10,121.5,168.22386169433594,8.482683181762695
2016-03-11,119.41000366210938,170.9384307861328,8.460481643676758
2016-03-14,117.87000274658203,170.71929931640625,8.46788215637207
2016-03-15,117.95999908447266,170.44100952148438,8.460481643676758
2016-03-16,120.58999633789062,171.42742919921875,8.504932403564453
2016-03-17,120.12999725341797,172.51498413085938,8.512340545654297
2016-03-18,119.80000305175781,173.19293212890625,8.527161598205566
2016-03-21,118.95999908447266,173.4386749267578,8.504932403564453
2016-03-22,119.30999755859375,173.34539794921875,8.490111351013184
2016-03-23,116.61000061035156,172.2014923095703,8.519746780395508
2016-03-24,116.33000183105469,172.12522888183594,8.512340545654297
2016-03-28,116.5999984741211,172.22689819335938,8.512340545654297
2016-03-29,118.76000213623047,173.82003784179688,8.556792259216309
2016-03-30,117.0999984741211,174.58265686035156,8.564203262329102
2016-03-31,117.63999938964844,174.15895080566406,8.5983247756958
2016-04-01,116.93000030517578,175.3453369140625,8.590911865234375
2016-04-04,116.1500015258789,174.77761840820312,8.5983247756958
2016-04-05,117.66000366210938,173.0319061279297,8.620586395263672
2016-04-06,116.94000244140625,174.92164611816406,8.605748176574707
2016-04-07,118.61000061035156,172.82852172851562,8.635420799255371
2016-04-08,118.43000030517578,173.29458618164062,8.620586395263672
2016-04-11,120.02999877929688,172.88784790039062,8.620586395263672
2016-04-12,120.05000305175781,174.4978790283203,8.5983247756958
2016-04-13,118.7699966430664,176.2605438232422,8.5983247756958
2016-04-14,117.11000061035156,176.26904296875,8.583484649658203
2016-04-15,117.91999816894531,176.07411193847656,8.5983247756958
2016-04-18,117.73999786376953,177.31130981445312,8.5983247756958
2016-04-19,119.58000183105469,177.87059020996094,8.583484649658203
2016-04-20,118.97000122070312,178.04006958007812,8.561230659484863
2016-04-21,119.41999816894531,177.0825653076172,8.546396255493164
2016-04-22,117.88999938964844,177.0825653076172,8.538980484008789
2016-04-25,118.2300033569336,176.77743530273438,8.53155517578125
2016-04-26,118.69999694824219,177.04017639160156,8.524137496948242
2016-04-27,119.04000091552734,177.404541015625,8.553814888000488
2016-04-28,121.29000091552734,175.7944793701172,8.576072692871094
2016-04-29,123.6500015258789,174.8454132080078,8.587214469909668
2016-05-02,123.23999786376953,176.2351531982422,8.56492805480957
2016-05-03,122.95999908447266,174.70127868652344,8.602071762084961
2016-05-04,122.20999908447266,173.72677612304688,8.609501838684082
2016-05-05,122.06999969482422,173.69288635253906,8.62435245513916
2016-05-06,123.18000030517578,174.32843017578125,8.609501838684082
2016-05-09,120.6500015258789,174.47250366210938,8.62435245513916
2016-05-10,120.9800033569336,176.64187622070312,8.62435245513916
2016-05-11,122.12000274658203,174.9893798828125,8.62435245513916
2016-05-12,121.16000366210938,175.0402069091797,8.609501838684082
2016-05-13,121.70999908447266,173.51490783691406,8.62435245513916
2016-05-16,121.80000305175781,175.22669982910156,8.602071762084961
2016-05-17,122.22000122070312,173.5911865234375,8.594636917114258
2016-05-18,120.0999984741211,173.64205932617188,8.542644500732422
2016-05-19,119.87000274658203,173.0404052734375,8.557499885559082
2016-05-20,119.70999908447266,174.13352966308594,8.557499885559082
2016-05-23,119.37000274658203,173.89627075195312,8.557499885559082
2016-05-24,117.30000305175781,176.15037536621094,8.542644500732422
2016-05-25,116.9800033569336,177.34518432617188,8.542644500732422
2016-05-26,116.58000183105469,177.39605712890625,8.56492805480957
2016-05-27,115.62000274658203,178.1587371826172,8.542644500732422
2016-05-31,116.05999755859375,177.8197784423828,8.569416999816895
2016-06-01,115.94000244140625,178.18409729003906,8.561986923217773
2016-06-02,115.66999816894531,178.7264862060547,8.576861381530762
2016-06-03,118.87999725341797,178.192626953125,8.628935813903809
2016-06-06,118.91999816894531,179.09933471679688,8.62149429321289
2016-06-07,118.81999969482422,179.37896728515625,8.628935813903809
2016-06-08,120.58000183105469,179.963623046875,8.628935813903809
2016-06-09,121.25,179.71792602539062,8.636369705200195
2016-06-10,121.73999786376953,178.01467895507812,8.65868854522705
2016-06-13,122.63999938964844,176.64187622070312,8.673566818237305
2016-06-14,122.7699966430664,176.29440307617188,8.66612720489502
2016-06-15,123.68000030517578,176.0486602783203,8.688438415527344
2016-06-16,122.37999725341797,176.57408142089844,8.688438415527344
2016-06-17,123.94999694824219,175.9164276123047,8.673566818237305
2016-06-20,123.20999908447266,177.04940795898438,8.651248931884766
2016-06-21,120.83999633789062,177.55194091796875,8.636369705200195
2016-06-22,120.9000015258789,177.26231384277344,8.651248931884766
2016-06-23,120.11000061035156,179.57073974609375,8.62149429321289
2016-06-24,126.0,173.12252807617188,8.695883750915527
2016-06-27,126.68000030517578,170.02191162109375,8.740513801574707
2016-06-28,125.31999969482422,173.08840942382812,8.740513801574707
2016-06-29,125.83999633789062,176.0357208251953,8.718195915222168
2016-06-30,126.47000122070312,178.4378204345703,8.745012283325195
2016-07-01,128.41000366210938,178.81265258789062,8.752461433410645
2016-07-05,129.47000122070312,177.52642822265625,8.782258987426758
2016-07-06,130.22999572753906,178.5911407470703,8.774808883666992
2016-07-07,129.74000549316406,178.48043823242188,8.774808883666992
2016-07-08,130.52000427246094,181.1381072998047,8.774808883666992
2016-07-11,129.2899932861328,181.77688598632812,8.745012283325195
2016-07-12,127.1500015258789,183.09719848632812,8.715211868286133
2016-07-13,128.32000732421875,183.07167053222656,8.72266674041748
2016-07-14,127.33000183105469,184.09384155273438,8.707770347595215
2016-07-15,126.83999633789062,183.84686279296875,8.6854248046875
2016-07-18,127.04000091552734,184.34088134765625,8.6854248046875
2016-07-19,127.20999908447266,184.15347290039062,8.700318336486816
2016-07-20,125.38999938964844,184.92013549804688,8.6854248046875
2016-07-21,127.30000305175781,184.2216033935547,8.700318336486816
2016-07-22,126.3499984741211,185.04794311523438,8.692870140075684
2016-07-25,125.47000122070312,184.54527282714844,8.6854248046875
2016-07-26,126.0,184.63050842285156,8.6854248046875
2016-07-27,128.02999877929688,184.43463134765625,8.715211868286133
2016-07-28,127.66000366210938,184.6475830078125,8.715211868286133
2016-07-29,128.97999572753906,184.94569396972656,8.748784065246582
2016-08-01,129.22000122070312,184.7923583984375,8.733860969543457
2016-08-02,130.27000427246094,183.60836791992188,8.718949317932129
2016-08-03,129.64999389648438,184.1449432373047,8.726398468017578
2016-08-04,129.8699951171875,184.34088134765625,8.741324424743652
2016-08-05,127.55000305175781,185.8486328125,8.696573257446289
2016-08-08,127.44000244140625,185.73789978027344,8.696573257446289
2016-08-09,127.95999908447266,185.8486328125,8.718949317932129
2016-08-10,128.55999755859375,185.3886260986328,8.726398468017578
2016-08-11,127.66999816894531,186.2489776611328,8.696573257446289
2016-08-12,127.4000015258789,186.0871124267578,8.718949317932129
2016-08-15,127.83999633789062,186.62374877929688,8.70402717590332
2016-08-16,128.47000122070312,185.66122436523438,8.689112663269043
2016-08-17,128.5,186.01046752929688,8.70402717590332
2016-08-18,129.11000061035156,186.42784118652344,8.71148681640625
2016-08-19,127.97000122070312,186.1552734375,8.689112663269043
2016-08-22,127.77999877929688,186.14674377441406,8.70402717590332
2016-08-23,127.76000213623047,186.52151489257812,8.70402717590332
2016-08-24,126.33999633789062,185.56753540039062,8.70402717590332
2016-08-25,126.2300033569336,185.43975830078125,8.689112663269043
2016-08-26,126.05000305175781,185.09051513671875,8.659276962280273
2016-08-29,126.30000305175781,186.00192260742188,8.68165111541748
2016-08-30,125.02999877929688,185.69525146484375,8.68165111541748
2016-08-31,124.77999877929688,185.16717529296875,8.685385704040527
2016-09-01,125.29000091552734,185.17562866210938,8.692853927612305
2016-09-02,126.56999969482422,186.01046752929688,8.685385704040527
2016-09-06,128.7100067138672,186.5726776123047,8.715258598327637
2016-09-07,128.27000427246094,186.55557250976562,8.715258598327637
2016-09-08,127.58999633789062,186.12973022460938,8.685385704040527
2016-09-09,126.75,181.67471313476562,8.662985801696777
2016-09-12,126.58999633789062,184.2812957763672,8.670451164245605
2016-09-13,125.75,181.63211059570312,8.655518531799316
2016-09-14,126.18000030517578,181.5640106201172,8.662985801696777
2016-09-15,125.37000274658203,183.37832641601562,8.670451164245605
2016-09-16,125.05999755859375,182.66943359375,8.670451164245605
2016-09-19,125.31999969482422,182.70375061035156,8.662985801696777
2016-09-20,125.44000244140625,182.7122802734375,8.670451164245605
2016-09-21,127.2699966430664,184.7669677734375,8.677926063537598
2016-09-22,127.56999969482422,185.93125915527344,8.692853927612305
2016-09-23,127.6500015258789,184.91249084472656,8.692853927612305
2016-09-26,127.55000305175781,183.414306640625,8.715258598327637
2016-09-27,126.62000274658203,184.55294799804688,8.715258598327637
2016-09-28,126.22000122070312,185.46896362304688,8.715258598327637
2016-09-29,126.06999969482422,183.79100036621094,8.722731590270996
2016-09-30,125.63999938964844,185.1779327392578,8.7100191116333
2016-10-03,125.31999969482422,184.73269653320312,8.702543258666992
2016-10-04,120.97000122070312,183.79100036621094,8.672643661499023
2016-10-05,120.77999877929688,184.60426330566406,8.665159225463867
2016-10-06,119.66000366210938,184.73269653320312,8.650208473205566
2016-10-07,119.73999786376953,184.09913635253906,8.657687187194824
2016-10-10,120.16000366210938,185.0580596923828,8.642728805541992
2016-10-11,119.55000305175781,182.72084045410156,8.642728805541992
2016-10-12,119.73999786376953,182.9606170654297,8.642728805541992
2016-10-13,120.02999877929688,182.36126708984375,8.657687187194824
2016-10-14,119.36000061035156,182.4554901123047,8.642728805541992
2016-10-17,119.68000030517578,181.82192993164062,8.657687187194824
2016-10-18,120.41999816894531,182.9606170654297,8.665159225463867
2016-10-19,121.11000061035156,183.44854736328125,8.665159225463867
2016-10-20,120.73999786376953,183.10604858398438,8.665159225463867
2016-10-21,120.83000183105469,183.19168090820312,8.665159225463867
2016-10-24,120.55999755859375,183.97079467773438,8.657687187194824
2016-10-25,121.47000122070312,183.35440063476562,8.657687187194824
2016-10-26,120.79000091552734,182.98622131347656,8.642728805541992
2016-10-27,121.01000213623047,182.4982147216797,8.627782821655273
2016-10-28,121.58000183105469,181.9589080810547,8.627782821655273
2016-10-31,121.94000244140625,181.96749877929688,8.645744323730469
2016-11-01,122.7300033569336,180.64907836914062,8.653227806091309
2016-11-02,123.63999938964844,179.56178283691406,8.668204307556152
2016-11-03,124.30000305175781,178.73997497558594,8.668204307556152
2016-11-04,124.38999938964844,178.5430145263672,8.68317699432373
2016-11-07,122.1500015258789,182.48118591308594,8.653227806091309
2016-11-08,121.63999938964844,183.302978515625,8.630773544311523
2016-11-09,121.55999755859375,185.2463836669922,8.555916786193848
2016-11-10,119.75,185.70867919921875,8.533462524414062
2016-11-11,117.0999984741211,185.28065490722656,8.518495559692383
2016-11-14,116.11000061035156,185.42617797851562,8.481063842773438
2016-11-15,117.12000274658203,186.87298583984375,8.473581314086914
2016-11-16,116.7699966430664,186.52200317382812,8.481063842773438
2016-11-17,116.16999816894531,187.4808807373047,8.458606719970703
2016-11-18,115.1500015258789,187.06138610839844,8.428667068481445
2016-11-21,115.58000183105469,188.47393798828125,8.436148643493652
2016-11-22,115.54000091552734,188.8420867919922,8.443635940551758
2016-11-23,113.25,188.94482421875,8.41369342803955
2016-11-25,112.61000061035156,189.64686584472656,8.406209945678711
2016-11-28,113.80000305175781,188.75645446777344,8.436148643493652
2016-11-29,113.2699966430664,189.12460327148438,8.436148643493652
2016-11-30,111.75,188.67083740234375,8.416658401489258
2016-12-01,111.54000091552734,187.97740173339844,8.394177436828613
2016-12-02,112.13999938964844,188.07150268554688,8.424160957336426
2016-12-05,111.54000091552734,189.20164489746094,8.416658401489258
2016-12-06,111.43000030517578,189.80091857910156,8.424160957336426
2016-12-07,111.83000183105469,192.28370666503906,8.439151763916016
2016-12-08,111.56999969482422,192.75453186035156,8.424160957336426
2016-12-09,110.4000015258789,193.91885375976562,8.40167236328125
2016-12-12,110.81999969482422,193.69622802734375,8.40167236328125
2016-12-13,110.44999694824219,194.98899841308594,8.40167236328125
2016-12-14,108.83000183105469,193.3794708251953,8.341714859008789
2016-12-15,107.33999633789062,194.17567443847656,8.319234848022461
2016-12-16,108.05000305175781,193.79591369628906,8.334222793579102
2016-12-19,108.58999633789062,194.2178955078125,8.356700897216797
2016-12-20,107.79000091552734,194.9670867919922,8.349210739135742
2016-12-21,107.8499984741211,194.42462158203125,8.356700897216797
2016-12-22,107.58999633789062,194.08865356445312,8.349210739135742
2016-12-23,107.93000030517578,194.3728790283203,8.356027603149414
2016-12-27,108.55999755859375,194.8551025390625,8.348454475402832
2016-12-28,108.86000061035156,193.24478149414062,8.371180534362793
2016-12-29,110.29000091552734,193.20175170898438,8.386330604553223
2016-12-30,109.61000061035156,192.49557495117188,8.412120819091797
2017-01-03,110.47000122070312,193.9681396484375,8.412120819091797
2017-01-04,110.86000061035156,195.12213134765625,8.412120819091797
2017-01-05,112.58000183105469,194.9670867919922,8.450050354003906
2017-01-06,111.75,195.66464233398438,8.419706344604492
2017-01-09,112.66999816894531,195.018798828125,8.442461967468262
2017-01-10,113.1500015258789,195.018798828125,8.442461967468262
2017-01-11,113.5,195.5698699951172,8.442461967468262
2017-01-12,113.91000366210938,195.0790557861328,8.450050354003906
2017-01-13,114.20999908447266,195.5269012451172,8.434874534606934
2017-01-17,115.8499984741211,194.83790588378906,8.465225219726562
2017-01-18,114.87000274658203,195.26852416992188,8.419706344604492
2017-01-19,114.7699966430664,194.54515075683594,8.404537200927734
2017-01-20,115.05000305175781,195.25987243652344,8.412120819091797
2017-01-23,115.79000091552734,194.75177001953125,8.442461967468262
2017-01-24,115.2699966430664,196.00047302246094,8.419706344604492
2017-01-25,114.31999969482422,197.6969757080078,8.396950721740723
2017-01-26,113.26000213623047,197.49029541015625,8.404537200927734
2017-01-27,113.48999786376953,197.1802978515625,8.412120819091797
2017-01-30,113.97000122070312,195.95742797851562,8.412120819091797
2017-01-31,115.55000305175781,195.94021606445312,8.437943458557129
2017-02-01,115.19999694824219,196.0177001953125,8.430352210998535
2017-02-02,115.83999633789062,196.1468963623047,8.430352210998535
2017-02-03,116.12999725341797,197.49896240234375,8.430352210998535
2017-02-06,117.69999694824219,197.14588928222656,8.460735321044922
2017-02-07,117.45999908447266,197.15440368652344,8.4683198928833
2017-02-08,118.19000244140625,197.4127960205078,8.483519554138184
2017-02-09,117.29000091552734,198.5839385986328,8.460735321044922
2017-02-10,117.5999984741211,199.3676300048828,8.453134536743164
2017-02-13,116.80000305175781,200.45266723632812,8.445538520812988
2017-02-14,116.93000030517578,201.25360107421875,8.415160179138184
2017-02-15,117.44999694824219,202.30416870117188,8.407561302185059
2017-02-16,118.08000183105469,202.1320037841797,8.430352210998535
2017-02-17,117.68000030517578,202.4506072998047,8.445538520812988
2017-02-21,117.75,203.65621948242188,8.445538520812988
2017-02-22,117.91000366210938,203.4754180908203,8.453134536743164
2017-02-23,118.94000244140625,203.61318969726562,8.4683198928833
2017-02-24,119.69999694824219,203.87152099609375,8.491105079650879
2017-02-27,119.12000274658203,204.19020080566406,8.4683198928833
2017-02-28,119.2300033569336,203.63900756835938,8.471367835998535
2017-03-01,119.05999755859375,206.4894256591797,8.433344841003418
2017-03-02,117.58000183105469,205.18907165527344,8.418131828308105
2017-03-03,117.51000213623047,205.3182373046875,8.418131828308105
2017-03-06,116.72000122070312,204.7068328857422,8.418131828308105
2017-03-07,115.77999877929688,204.0954132080078,8.402925491333008
2017-03-08,115.05999755859375,203.71656799316406,8.38771915435791
2017-03-09,114.47000122070312,203.97486877441406,8.37251091003418
2017-03-10,114.72000122070312,204.68963623046875,8.380117416381836
2017-03-13,114.73999786376953,204.79296875,8.37251091003418
2017-03-14,114.12000274658203,204.00930786132812,8.37251091003418
2017-03-15,116.25,205.77471923828125,8.425737380981445
2017-03-16,116.7300033569336,205.3699188232422,8.410531997680664
2017-03-17,116.98999786376953,205.00924682617188,8.425737380981445
2017-03-20,117.51000213623047,204.78436279296875,8.433344841003418
2017-03-21,118.54000091552734,202.15505981445312,8.456155776977539
2017-03-22,118.83000183105469,202.63076782226562,8.463763236999512
2017-03-23,118.66999816894531,202.41456604003906,8.456155776977539
2017-03-24,118.86000061035156,202.2675323486328,8.456155776977539
2017-03-27,119.52999877929688,202.05992126464844,8.471367835998535
2017-03-28,119.04000091552734,203.53030395507812,8.448552131652832
2017-03-29,119.33000183105469,203.7205810546875,8.471367835998535
2017-03-30,118.47000122070312,204.36929321289062,8.456155776977539
2017-03-31,118.72000122070312,203.89352416992188,8.476722717285156
2017-04-03,119.3499984741211,203.53892517089844,8.507185935974121
2017-04-04,119.62000274658203,203.6685791015625,8.499571800231934
2017-04-05,119.62000274658203,203.063232421875,8.514801979064941
2017-04-06,119.18000030517578,203.63404846191406,8.507185935974121
2017-04-07,119.45999908447266,203.42645263671875,8.48434066772461
2017-04-10,119.45999908447266,203.5475616455078,8.491950988769531
2017-04-11,121.19000244140625,203.30535888671875,8.522415161132812
2017-04-12,122.0199966430664,202.41456604003906,8.537651062011719
2017-04-13,122.5999984741211,201.09983825683594,8.552876472473145
2017-04-17,122.23999786376953,202.88160705566406,8.54526138305664
2017-04-18,122.81999969482422,202.27613830566406,8.57573127746582
2017-04-19,121.7300033569336,201.90432739257812,8.560502052307129
2017-04-20,121.95999908447266,203.5475616455078,8.54526138305664
2017-04-21,122.30999755859375,202.89889526367188,8.552876472473145
2017-04-24,121.4800033569336,205.13035583496094,8.537651062011719
2017-04-25,120.25,206.3238983154297,8.507185935974121
2017-04-26,120.83999633789062,206.19415283203125,8.522415161132812
2017-04-27,120.38999938964844,206.36715698242188,8.530030250549316
2017-04-28,120.7699966430664,205.91741943359375,8.542235374450684
2017-05-01,119.66999816894531,206.43637084960938,8.534608840942383
2017-05-02,119.6500015258789,206.51422119140625,8.549860954284668
2017-05-03,117.9800033569336,206.2633819580078,8.526982307434082
2017-05-04,116.79000091552734,206.5055389404297,8.511733055114746
2017-05-05,117.01000213623047,207.3185272216797,8.519357681274414
2017-05-08,116.75,207.28399658203125,8.504103660583496
2017-05-09,116.05000305175781,207.09365844726562,8.496474266052246
2017-05-10,116.04000091552734,207.46556091308594,8.496474266052246
2017-05-11,116.5,207.0417938232422,8.504103660583496
2017-05-12,116.83000183105469,206.69578552246094,8.526982307434082
2017-05-15,117.13999938964844,207.83753967285156,8.526982307434082
2017-05-16,117.6500015258789,207.64727783203125,8.526982307434082
2017-05-17,119.79000091552734,203.9627227783203,8.572747230529785
2017-05-18,118.80999755859375,204.78436279296875,8.56511402130127
2017-05-19,119.4000015258789,206.11636352539062,8.56511402130127
2017-05-22,119.9000015258789,207.16290283203125,8.55749225616455
2017-05-23,119.13999938964844,207.6212921142578,8.542235374450684
2017-05-24,119.61000061035156,208.10565185546875,8.55749225616455
2017-05-25,119.4800033569336,209.1002960205078,8.55749225616455
2017-05-26,120.54000091552734,209.05702209472656,8.55749225616455
2017-05-30,120.13999938964844,208.87539672851562,8.572747230529785
2017-05-31,120.62000274658203,208.82350158691406,8.59260368347168
2017-06-01,120.72000122070312,210.48411560058594,8.584969520568848
2017-06-02,121.61000061035156,211.1846923828125,8.607879638671875
2017-06-05,121.7300033569336,211.02902221679688,8.600242614746094
2017-06-06,123.0999984741211,210.3543701171875,8.615513801574707
2017-06-07,122.44999694824219,210.74362182617188,8.600242614746094
2017-06-08,121.6500015258789,210.8473663330078,8.59260368347168
2017-06-09,120.54000091552734,210.52737426757812,8.584969520568848
2017-06-12,120.36000061035156,210.48411560058594,8.584969520568848
2017-06-13,120.4800033569336,211.51333618164062,8.584969520568848
2017-06-14,119.81999969482422,211.24525451660156,8.607879638671875
2017-06-15,119.31999969482422,210.83876037597656,8.59260368347168
2017-06-16,119.33999633789062,210.88479614257812,8.600242614746094
2017-06-19,118.43000030517578,212.6404266357422,8.577324867248535
2017-06-20,118.18000030517578,211.20639038085938,8.59260368347168
2017-06-21,118.5199966430664,211.1542205810547,8.59260368347168
2017-06-22,118.91999816894531,211.05865478515625,8.59260368347168
2017-06-23,119.43000030517578,211.31069946289062,8.600242614746094
2017-06-26,118.36000061035156,211.4497528076172,8.600242614746094
2017-06-27,118.80999755859375,209.7462921142578,8.56968879699707
2017-06-28,118.9000015258789,211.62355041503906,8.577324867248535
2017-06-29,118.31999969482422,209.76361083984375,8.554411888122559
2017-06-30,118.0199966430664,210.15476989746094,8.552116394042969
2017-07-03,116.08999633789062,210.5110626220703,8.536824226379395
2017-07-05,116.5199966430664,210.9977569580078,8.536824226379395
2017-07-06,116.47000122070312,209.06834411621094,8.529168128967285
2017-07-07,115.27999877929688,210.42420959472656,8.521519660949707
2017-07-10,115.47000122070312,210.65013122558594,8.529168128967285
2017-07-11,115.62000274658203,210.49375915527344,8.544471740722656
2017-07-12,116.02999877929688,212.0754852294922,8.559767723083496
2017-07-13,115.81999969482422,212.4318389892578,8.552116394042969
2017-07-14,116.7699966430664,213.42266845703125,8.559767723083496
2017-07-17,117.29000091552734,213.39663696289062,8.56742000579834
2017-07-18,118.11000061035156,213.50958251953125,8.582717895507812
2017-07-19,118.08000183105469,214.66555786132812,8.582717895507812
2017-07-20,118.23999786376953,214.7611541748047,8.582717895507812
2017-07-21,119.26000213623047,214.56991577148438,8.590367317199707
2017-07-24,119.30999755859375,214.51776123046875,8.582717895507812
2017-07-25,118.91999816894531,215.03924560546875,8.552116394042969
2017-07-26,119.87999725341797,215.04794311523438,8.575068473815918
2017-07-27,119.79000091552734,214.84805297851562,8.575068473815918
2017-07-28,120.69000244140625,214.5959930419922,8.582717895507812
2017-07-31,120.75,214.4742889404297,8.588077545166016
2017-08-01,120.6500015258789,214.9523162841797,8.603402137756348
2017-08-02,120.4000015258789,215.05665588378906,8.595736503601074
2017-08-03,120.58999633789062,214.6394500732422,8.611063957214355
2017-08-04,119.6500015258789,215.03057861328125,8.595736503601074
2017-08-07,119.51000213623047,215.43031311035156,8.603402137756348
2017-08-08,119.86000061035156,214.900146484375,8.595736503601074
2017-08-09,121.30999755859375,214.8914794921875,8.603402137756348
2017-08-10,122.20999908447266,211.8582305908203,8.626388549804688
2017-08-11,122.79000091552734,212.171142578125,8.634047508239746
2017-08-14,121.91999816894531,214.27439880371094,8.618721961975098
2017-08-15,120.9800033569336,214.24832153320312,8.595736503601074
2017-08-16,121.87000274658203,214.6220703125,8.611063957214355
2017-08-17,122.48999786376953,211.27590942382812,8.626388549804688
2017-08-18,122.30000305175781,210.9456024169922,8.626388549804688
2017-08-21,122.76000213623047,211.11077880859375,8.634047508239746
2017-08-22,122.20999908447266,213.318359375,8.618721961975098
2017-08-23,122.66999816894531,212.5535125732422,8.634047508239746
2017-08-24,122.29000091552734,212.05810546875,8.626388549804688
2017-08-25,122.73999786376953,212.5535125732422,8.634047508239746
2017-08-28,124.69000244140625,212.5622100830078,8.641707420349121
2017-08-29,124.41999816894531,212.80555725097656,8.649368286132812
2017-08-30,124.36000061035156,213.8137664794922,8.641707420349121
2017-08-31,125.81999969482422,215.1000518798828,8.662419319152832
2017-09-01,126.05999755859375,215.40428161621094,8.647078514099121
2017-09-05,127.45999908447266,213.85726928710938,8.69311237335205
2017-09-06,126.80999755859375,214.5872802734375,8.677766799926758
2017-09-07,128.1300048828125,214.56117248535156,8.700783729553223
2017-09-08,127.97000122070312,214.30914306640625,8.69311237335205
2017-09-11,126.19000244140625,216.59500122070312,8.662419319152832
2017-09-12,126.55999755859375,217.3250274658203,8.647078514099121
2017-09-13,125.61000061035156,217.42929077148438,8.639406204223633
2017-09-14,126.16000366210938,217.35980224609375,8.639406204223633
2017-09-15,125.52999877929688,217.65240478515625,8.631731033325195
2017-09-18,124.36000061035156,218.11537170410156,8.616386413574219
2017-09-19,124.62000274658203,218.333740234375,8.616386413574219
2017-09-20,123.62000274658203,218.4123077392578,8.593369483947754
2017-09-21,122.68000030517578,217.8270721435547,8.593369483947754
2017-09-22,123.23999786376953,217.87075805664062,8.601042747497559
2017-09-25,124.52999877929688,217.42529296875,8.616386413574219
2017-09-26,123.13999938964844,217.5563201904297,8.608715057373047
2017-09-27,121.9800033569336,218.40354919433594,8.585699081420898
2017-09-28,122.20999908447266,218.66561889648438,8.593369483947754
2017-09-29,121.58000183105469,219.43421936035156,8.590295791625977
2017-10-02,120.7699966430664,220.3862762451172,8.582615852355957
2017-10-03,120.83000183105469,220.85794067382812,8.590295791625977
2017-10-04,121.16999816894531,221.11997985839844,8.590295791625977
2017-10-05,120.5199966430664,222.43014526367188,8.582615852355957
2017-10-06,121.08999633789062,222.17684936523438,8.574931144714355
2017-10-09,122.08000183105469,221.8099822998047,8.582615852355957
2017-10-10,122.4000015258789,222.3951873779297,8.582615852355957
2017-10-11,122.79000091552734,222.7445831298828,8.582615852355957
2017-10-12,122.88999938964844,222.4126739501953,8.590295791625977
2017-10-13,123.81999969482422,222.68344116210938,8.60566234588623
2017-10-16,122.97000122070312,222.98037719726562,8.590295791625977
2017-10-17,122.12999725341797,223.13760375976562,8.582615852355957
2017-10-18,121.66999816894531,223.35601806640625,8.574931144714355
2017-10-19,122.38999938964844,223.41709899902344,8.582615852355957
2017-10-20,121.61000061035156,224.57000732421875,8.551881790161133
2017-10-23,121.80000305175781,223.6966094970703,8.567242622375488
2017-10-24,121.33000183105469,224.08969116210938,8.544193267822266
2017-10-25,121.3499984741211,222.98037719726562,8.544193267822266
2017-10-26,120.33000183105469,223.26858520507812,8.528831481933594
2017-10-27,120.9000015258789,225.09410095214844,8.551881790161133
2017-10-30,121.12999725341797,224.25559997558594,8.567242622375488
2017-10-31,120.66999816894531,224.60498046875,8.572630882263184
2017-11-01,121.11000061035156,224.9019775390625,8.572630882263184
2017-11-02,121.19000244140625,224.98927307128906,8.580324172973633
2017-11-03,120.62000274658203,225.740478515625,8.588025093078613
2017-11-06,121.6500015258789,226.08987426757812,8.588025093078613
2017-11-07,121.20999908447266,225.93263244628906,8.588025093078613
2017-11-08,121.62999725341797,226.31692504882812,8.580324172973633
2017-11-09,122.12999725341797,225.4959259033203,8.580324172973633
2017-11-10,121.12999725341797,225.42601013183594,8.55724048614502
2017-11-13,121.30999755859375,225.63560485839844,8.549546241760254
2017-11-14,121.55999755859375,225.11160278320312,8.55724048614502
2017-11-15,121.41000366210938,223.98486328125,8.572630882263184
2017-11-16,121.4000015258789,225.88897705078125,8.55724048614502
2017-11-17,122.86000061035156,225.22509765625,8.564934730529785
2017-11-20,121.30999755859375,225.6094207763672,8.549546241760254
2017-11-21,121.51000213623047,227.0855712890625,8.541849136352539
2017-11-22,122.62999725341797,226.88470458984375,8.564934730529785
2017-11-24,122.31999969482422,227.40872192382812,8.55724048614502
2017-11-27,122.83000183105469,227.29519653320312,8.564934730529785
2017-11-28,122.80999755859375,229.6010284423828,8.564934730529785
2017-11-29,122.04000091552734,229.46131896972656,8.549546241760254
2017-11-30,121.0999984741211,231.47027587890625,8.539525985717773
2017-12-01,121.58999633789062,230.98983764648438,8.554943084716797
2017-12-04,121.18000030517578,230.71031188964844,8.547237396240234
2017-12-05,120.31999969482422,229.88058471679688,8.547237396240234
2017-12-06,120.06999969482422,229.9242706298828,8.562649726867676
2017-12-07,118.48999786376953,230.64918518066406,8.554943084716797
2017-12-08,118.4800033569336,231.90695190429688,8.547237396240234
2017-12-11,118.01000213623047,232.6056671142578,8.539525985717773
2017-12-12,118.1500015258789,233.0162811279297,8.539525985717773
2017-12-13,119.16999816894531,232.9900360107422,8.562649726867676
2017-12-14,118.93000030517578,232.03802490234375,8.554943084716797
2017-12-15,119.18000030517578,233.97021484375,8.547237396240234
2017-12-18,119.7300033569336,235.45391845703125,8.539525985717773
2017-12-19,119.81999969482422,234.54965209960938,8.516406059265137
2017-12-20,120.13999938964844,234.4267578125,8.50098991394043
2017-12-21,120.30999755859375,234.9096221923828,8.50098991394043
2017-12-22,120.94000244140625,234.8481903076172,8.50098991394043
2017-12-26,121.7699966430664,234.5671844482422,8.508700370788574
2017-12-27,122.2300033569336,234.6813201904297,8.531817436218262
2017-12-28,122.8499984741211,235.16419982910156,8.516406059265137
2017-12-29,123.6500015258789,234.27745056152344,8.54573917388916
2018-01-02,125.1500015258789,235.9542999267578,8.522581100463867
2018-01-03,124.81999969482422,237.44674682617188,8.530301094055176
2018-01-04,125.45999908447266,238.4475860595703,8.522581100463867
2018-01-05,125.33000183105469,240.03660583496094,8.514860153198242
2018-01-08,125.30999755859375,240.47549438476562,8.507140159606934
2018-01-09,124.7300033569336,241.01980590820312,8.491703033447266
2018-01-10,125.02999877929688,240.6510772705078,8.491703033447266
2018-01-11,125.44000244140625,242.40689086914062,8.491703033447266
2018-01-12,126.95999908447266,243.98707580566406,8.483980178833008
2018-01-16,127.16999816894531,243.15316772460938,8.483980178833008
2018-01-17,126.13999938964844,245.47076416015625,8.468544960021973
2018-01-18,125.86000061035156,245.05819702148438,8.45310115814209
2018-01-19,126.41999816894531,246.17315673828125,8.437663078308105
2018-01-22,126.6500015258789,248.1747589111328,8.437663078308105
2018-01-23,127.27999877929688,248.70156860351562,8.45310115814209
2018-01-24,128.8300018310547,248.60487365722656,8.437663078308105
2018-01-25,127.97000122070312,248.7102508544922,8.45310115814209
2018-01-26,128.07000732421875,251.58973693847656,8.429944038391113
2018-01-29,127.3499984741211,249.9217529296875,8.414501190185547
2018-01-30,126.80000305175781,247.35830688476562,8.406785011291504
2018-01-31,127.6500015258789,247.48106384277344,8.412970542907715
2018-02-01,128.07000732421875,247.20025634765625,8.38977336883545
2018-02-02,126.38999938964844,241.8186798095703,8.374306678771973
2018-02-05,126.70999908447266,231.7052764892578,8.428431510925293
2018-02-06,125.37999725341797,236.27029418945312,8.397507667541504
2018-02-07,124.79000091552734,234.9886016845703,8.382041931152344
2018-02-08,124.9800033569336,226.1744384765625,8.38977336883545
2018-02-09,124.7699966430664,229.57191467285156,8.38977336883545
2018-02-12,125.37000274658203,232.94305419921875,8.382041931152344
2018-02-13,126.08000183105469,233.5224151611328,8.38977336883545
2018-02-14,128.22999572753906,236.67417907714844,8.351110458374023
2018-02-15,128.3800048828125,239.69415283203125,8.351110458374023
2018-02-16,127.95999908447266,239.76437377929688,8.358840942382812
2018-02-20,126.23999786376953,238.26315307617188,8.358840942382812
2018-02-21,125.66000366210938,237.07801818847656,8.335643768310547
2018-02-22,126.30000305175781,237.3852996826172,8.351110458374023
2018-02-23,126.13999938964844,241.1690216064453,8.366578102111816
2018-02-26,126.44999694824219,243.96949768066406,8.374306678771973
2018-02-27,125.12999725341797,240.92320251464844,8.351110458374023
2018-02-28,125.0,238.48263549804688,8.37201976776123
2018-03-01,124.72000122070312,235.0149383544922,8.403000831604004
2018-03-02,125.38999938964844,236.22645568847656,8.379768371582031
2018-03-05,125.18000030517578,238.9567108154297,8.37201976776123
2018-03-06,126.52999877929688,239.56246948242188,8.37201976776123
2018-03-07,125.72000122070312,239.47462463378906,8.37201976776123
2018-03-08,125.41999816894531,240.63357543945312,8.379768371582031
2018-03-09,125.54000091552734,244.8211212158203,8.37201976776123
2018-03-12,125.54000091552734,244.51385498046875,8.379768371582031
2018-03-13,125.77999877929688,242.93362426757812,8.3875093460083
2018-03-14,125.69999694824219,241.68695068359375,8.395256996154785
2018-03-15,124.9000015258789,241.42367553710938,8.395256996154785
2018-03-16,124.5999984741211,241.68545532226562,8.3875093460083
2018-03-19,124.87000274658203,238.41531372070312,8.379768371582031
2018-03-20,124.30999755859375,238.82078552246094,8.364274978637695
2018-03-21,126.4800033569336,238.3625030517578,8.37201976776123
2018-03-22,125.9800033569336,232.404052734375,8.395256996154785
2018-03-23,127.61000061035156,227.45046997070312,8.403000831604004
2018-03-26,128.27999877929688,233.6732940673828,8.3875093460083
2018-03-27,127.48999786376953,229.69810485839844,8.418489456176758
2018-03-28,125.7300033569336,229.0193328857422,8.410747528076172
2018-03-29,125.79000091552734,231.9457550048828,8.434798240661621
2018-04-02,127.26000213623047,226.93930053710938,8.442560195922852
2018-04-03,126.30000305175781,229.8479461669922,8.419283866882324
2018-04-04,126.44999694824219,232.30706787109375,8.419283866882324
2018-04-05,125.80000305175781,234.14051818847656,8.40375804901123
2018-04-06,126.38999938964844,228.92245483398438,8.427043914794922
2018-04-09,126.81999969482422,230.0506591796875,8.427043914794922
2018-04-10,127.12000274658203,233.7085418701172,8.419283866882324
2018-04-11,128.11000061035156,232.48341369628906,8.419283866882324
2018-04-12,126.62000274658203,234.39608764648438,8.396001815795898
2018-04-13,127.44999694824219,233.7085418701172,8.40375804901123
2018-04-16,127.62999725341797,235.6300811767578,8.396001815795898
2018-04-17,127.75,238.1509552001953,8.396001815795898
2018-04-18,127.8499984741211,238.32728576660156,8.372722625732422
2018-04-19,127.5999984741211,237.00515747070312,8.364960670471191
2018-04-20,126.62999725341797,234.99542236328125,8.341679573059082
2018-04-23,125.62000274658203,234.96017456054688,8.333924293518066
2018-04-24,126.2300033569336,231.79586791992188,8.333924293518066
2018-04-25,125.41000366210938,232.3688507080078,8.318403244018555
2018-04-26,124.97000122070312,234.73098754882812,8.333924293518066
2018-04-27,125.5,234.95140075683594,8.341679573059082
2018-04-30,124.58999633789062,233.14447021484375,8.35722827911377
2018-05-01,123.70999908447266,233.55868530273438,8.349457740783691
2018-05-02,123.6500015258789,231.98980712890625,8.35722827911377
2018-05-03,124.27999877929688,231.4785614013672,8.365009307861328
2018-05-04,124.54000091552734,234.47540283203125,8.365009307861328
2018-05-07,124.56999969482422,235.26869201660156,8.365009307861328
2018-05-08,124.58999633789062,235.26869201660156,8.35722827911377
2018-05-09,124.33000183105469,237.542724609375,8.341683387756348
2018-05-10,125.18000030517578,239.76388549804688,8.349457740783691
2018-05-11,125.0,240.49551391601562,8.349457740783691
2018-05-14,124.48999786376953,240.61007690429688,8.333908081054688
2018-05-15,122.4800033569336,238.95298767089844,8.310586929321289
2018-05-16,122.29000091552734,239.95779418945312,8.295039176940918
2018-05-17,122.36000061035156,239.7550811767578,8.295039176940918
2018-05-18,122.41000366210938,239.15574645996094,8.318359375
2018-05-21,122.4800033569336,240.95384216308594,8.318359375
2018-05-22,122.41000366210938,240.28387451171875,8.318359375
2018-05-23,122.54000091552734,240.9450225830078,8.341683387756348
2018-05-24,123.58999633789062,240.451416015625,8.349457740783691
2018-05-25,123.20999908447266,239.87847900390625,8.372780799865723
2018-05-29,123.19000244140625,237.11964416503906,8.434976577758789
2018-05-30,123.37000274658203,240.28387451171875,8.411650657653809
2018-05-31,123.0999984741211,238.8119659423828,8.42021369934082
2018-06-01,122.48999786376953,241.1565704345703,8.396852493286133
2018-06-04,122.37000274658203,242.30242919921875,8.373480796813965
2018-06-05,122.8499984741211,242.47869873046875,8.389063835144043
2018-06-06,122.91999816894531,244.50599670410156,8.373480796813965
2018-06-07,122.86000061035156,244.47950744628906,8.389063835144043
2018-06-08,123.01000213623047,245.2022705078125,8.38127326965332
2018-06-11,123.2300033569336,245.52842712402344,8.373480796813965
2018-06-12,122.81999969482422,245.84571838378906,8.373480796813965
2018-06-13,123.19000244140625,245.0612335205078,8.365693092346191
2018-06-14,123.37999725341797,245.67828369140625,8.373480796813965
2018-06-15,121.33999633789062,245.3648681640625,8.38127326965332
2018-06-18,121.11000061035156,244.8601837158203,8.38127326965332
2018-06-19,120.80000305175781,243.92169189453125,8.396852493286133
2018-06-20,120.26000213623047,244.33779907226562,8.38127326965332
2018-06-21,120.05000305175781,242.80612182617188,8.389063835144043
2018-06-22,120.33999633789062,243.248779296875,8.389063835144043
2018-06-25,119.88999938964844,239.93748474121094,8.396852493286133
2018-06-26,119.26000213623047,240.4686737060547,8.404643058776855
2018-06-27,118.58000183105469,238.4765167236328,8.42021369934082
2018-06-28,118.22000122070312,239.8401641845703,8.42021369934082
2018-06-29,118.6500015258789,240.1853485107422,8.428801536560059
2018-07-02,117.45999908447266,240.69879150390625,8.420999526977539
2018-07-03,118.6500015258789,239.84896850585938,8.428801536560059
2018-07-05,119.05000305175781,241.80557250976562,8.428801536560059
2018-07-06,118.86000061035156,243.85084533691406,8.436606407165527
2018-07-09,119.1500015258789,246.04652404785156,8.420999526977539
2018-07-10,118.93000030517578,246.9319610595703,8.413191795349121
2018-07-11,117.63999938964844,245.12579345703125,8.420999526977539
2018-07-12,118.12999725341797,247.34811401367188,8.420999526977539
2018-07-13,117.61000061035156,247.54290771484375,8.428801536560059
2018-07-16,117.55000305175781,247.3214874267578,8.420999526977539
2018-07-17,116.27999877929688,248.3219757080078,8.413191795349121
2018-07-18,116.30999755859375,248.84437561035156,8.413191795349121
2018-07-19,115.80999755859375,247.90589904785156,8.428801536560059
2018-07-20,116.55999755859375,247.6226043701172,8.413191795349121
2018-07-23,116.0,248.0829620361328,8.38978099822998
2018-07-24,116.04000091552734,249.33131408691406,8.38978099822998
2018-07-25,116.68000030517578,251.45620727539062,8.381973266601562
2018-07-26,115.7699966430664,250.86294555664062,8.374171257019043
2018-07-27,115.83000183105469,249.16305541992188,8.381973266601562
2018-07-30,115.6500015258789,247.86154174804688,8.374171257019043
2018-07-31,115.98999786376953,249.08338928222656,8.399194717407227
2018-08-01,115.13999938964844,248.66732788085938,8.383557319641113
2018-08-02,114.5199966430664,250.02197265625,8.391376495361328
2018-08-03,114.91999816894531,251.0933380126953,8.407017707824707
2018-08-06,114.33000183105469,252.01405334472656,8.414837837219238
2018-08-07,114.58999633789062,252.8463134765625,8.399194717407227
2018-08-08,114.91000366210938,252.74009704589844,8.399194717407227
2018-08-09,114.73999786376953,252.39471435546875,8.414837837219238
2018-08-10,114.69000244140625,250.70362854003906,8.438302040100098
2018-08-13,112.95999908447266,249.76515197753906,8.438302040100098
2018-08-14,113.06999969482422,251.35891723632812,8.430477142333984
2018-08-15,111.19000244140625,249.4818115234375,8.44611930847168
2018-08-16,111.0999984741211,251.5004425048828,8.44611930847168
2018-08-17,112.12999725341797,252.38587951660156,8.44611930847168
2018-08-20,112.69000244140625,252.9259796142578,8.461763381958008
2018-08-21,113.0199966430664,253.51918029785156,8.453941345214844
2018-08-22,113.2699966430664,253.36868286132812,8.461763381958008
2018-08-23,112.19999694824219,253.0322723388672,8.461763381958008
2018-08-24,114.16000366210938,254.55511474609375,8.461763381958008
2018-08-27,114.58999633789062,256.5648498535156,8.44611930847168
2018-08-28,113.68000030517578,256.68890380859375,8.430477142333984
2018-08-29,114.19999694824219,258.0700378417969,8.430477142333984
2018-08-30,113.63999938964844,257.02520751953125,8.438302040100098
2018-08-31,113.51000213623047,257.0340576171875,8.46416187286377
2018-09-04,112.93000030517578,256.5914306640625,8.448491096496582
2018-09-05,113.31999969482422,255.9008026123047,8.448491096496582
2018-09-06,113.54000091552734,255.1305389404297,8.456320762634277
2018-09-07,113.2300033569336,254.63479614257812,8.432814598083496
2018-09-10,113.1500015258789,255.0774383544922,8.432814598083496
2018-09-11,113.22000122070312,255.91847229003906,8.409306526184082
2018-09-12,114.16999816894531,255.98048400878906,8.417137145996094
2018-09-13,113.76000213623047,257.4945068359375,8.409306526184082
2018-09-14,113.0199966430664,257.5387268066406,8.401460647583008
2018-09-17,113.61000061035156,256.1753234863281,8.401460647583008
2018-09-18,113.44000244140625,257.5653991699219,8.385790824890137
2018-09-19,113.87999725341797,257.8397521972656,8.37011432647705
2018-09-20,114.2699966430664,259.92938232421875,8.37011432647705
2018-09-21,113.48999786376953,259.6917419433594,8.377955436706543
2018-09-24,113.47000122070312,258.8291320800781,8.37011432647705
2018-09-25,113.6500015258789,258.5890197753906,8.362282752990723
2018-09-26,113.05000305175781,257.8152160644531,8.377955436706543
2018-09-27,112.05000305175781,258.5356140136719,8.377955436706543
2018-09-28,112.76000213623047,258.56231689453125,8.395234107971191
2018-10-01,112.56999969482422,259.46063232421875,8.38737964630127
2018-10-02,113.87000274658203,259.3094177246094,8.403092384338379
2018-10-03,113.41999816894531,259.45172119140625,8.36381721496582
2018-10-04,113.4800033569336,257.4238586425781,8.348114013671875
2018-10-05,113.80000305175781,255.98309326171875,8.332401275634766
2018-10-08,112.54000091552734,255.98309326171875,8.332401275634766
2018-10-09,112.5999984741211,255.60958862304688,8.340259552001953
2018-10-10,112.87999725341797,247.51622009277344,8.348114013671875
2018-10-11,115.77999877929688,242.0642547607422,8.36381721496582
2018-10-12,115.2300033569336,245.42616271972656,8.355963706970215
2018-10-15,116.0,244.0474853515625,8.36381721496582
2018-10-16,115.80000305175781,249.38389587402344,8.355963706970215
2018-10-17,115.79000091552734,249.4284210205078,8.340259552001953
2018-10-18,115.91999816894531,245.8262939453125,8.355963706970215
2018-10-19,116.01000213623047,245.69288635253906,8.348114013671875
2018-10-22,115.70999908447266,244.59007263183594,8.348114013671875
2018-10-23,116.38999938964844,243.3448944091797,8.36381721496582
2018-10-24,116.66000366210938,235.97189331054688,8.395234107971191
2018-10-25,116.4000015258789,240.2053680419922,8.371673583984375
2018-10-26,116.7699966430664,235.98085021972656,8.403092384338379
2018-10-29,116.30999755859375,234.67332458496094,8.403092384338379
2018-10-30,115.80000305175781,238.15090942382812,8.38737964630127
2018-10-31,115.1500015258789,240.694580078125,8.389741897583008
2018-11-01,116.62999725341797,243.25595092773438,8.397607803344727
2018-11-02,116.6500015258789,241.81512451171875,8.366129875183105
2018-11-05,116.37000274658203,243.1492919921875,8.366129875183105
2018-11-06,116.04000091552734,244.68789672851562,8.358260154724121
2018-11-07,116.02999877929688,249.9264373779297,8.358260154724121
2018-11-08,115.77999877929688,249.47274780273438,8.34251880645752
2018-11-09,114.4800033569336,247.035888671875,8.366129875183105
2018-11-12,113.66000366210938,242.4199676513672,8.381867408752441
2018-11-13,113.69999694824219,241.96633911132812,8.389741897583008
2018-11-14,114.63999938964844,240.3121337890625,8.405479431152344
2018-11-15,114.7699966430664,242.82017517089844,8.405479431152344
2018-11-16,115.62000274658203,243.4517059326172,8.429091453552246
2018-11-19,115.66999816894531,239.33384704589844,8.436957359313965
2018-11-20,115.66999816894531,234.90463256835938,8.429091453552246
2018-11-21,115.86000061035156,235.705078125,8.429091453552246
2018-11-23,115.7699966430664,234.13082885742188,8.429091453552246
2018-11-26,115.63999938964844,237.91078186035156,8.421218872070312
2018-11-27,114.94999694824219,238.71127319335938,8.429091453552246
2018-11-28,115.37999725341797,244.2075958251953,8.429091453552246
2018-11-29,115.73999786376953,243.67393493652344,8.444830894470215
2018-11-30,115.54000091552734,245.15927124023438,8.470857620239258
2018-12-03,116.41000366210938,248.4054412841797,8.478743553161621
2018-12-04,117.12000274658203,240.35658264160156,8.494523048400879
2018-12-06,117.13999938964844,239.99188232421875,8.510294914245605
2018-12-07,118.08999633789062,234.41549682617188,8.5260648727417
2018-12-10,117.68000030517578,234.8601531982422,8.5260648727417
2018-12-11,117.54000091552734,234.9134979248047,8.510294914245605
2018-12-12,117.79000091552734,236.09642028808594,8.502405166625977
2018-12-13,117.52999877929688,236.01637268066406,8.502405166625977
2018-12-14,117.05999755859375,231.6584014892578,8.518180847167969
2018-12-17,117.87000274658203,227.11363220214844,8.533955574035645
2018-12-18,118.1500015258789,226.86460876464844,8.541840553283691
2018-12-19,117.43000030517578,223.46713256835938,8.55762004852295
2018-12-20,119.23999786376953,219.8295440673828,8.54973030090332
2018-12-21,118.72000122070312,215.3253631591797,8.55762004852295
2018-12-24,120.0199966430664,209.6358184814453,8.573395729064941
2018-12-26,119.66000366210938,220.22763061523438,8.541840553283691
2018-12-27,120.56999969482422,221.91839599609375,8.565507888793945
2018-12-28,121.05999755859375,221.6321258544922,8.597053527832031
2018-12-31,121.25,223.5733184814453,8.631834983825684
2019-01-02,121.33000183105469,223.80593872070312,8.639739036560059
2019-01-03,122.43000030517578,218.46524047851562,8.695069313049316
2019-01-04,121.44000244140625,225.78294372558594,8.639739036560059
2019-01-07,121.86000061035156,227.563232421875,8.623931884765625
2019-01-08,121.52999877929688,229.70123291015625,8.60811996459961
2019-01-09,122.30999755859375,230.7747039794922,8.616024017333984
2019-01-10,121.58999633789062,231.5887908935547,8.60811996459961
2019-01-11,121.80000305175781,231.6782684326172,8.623931884765625
2019-01-14,122.08999633789062,230.26483154296875,8.623931884765625
2019-01-15,121.87999725341797,232.90380859375,8.616024017333984
2019-01-16,122.2699966430664,233.46743774414062,8.616024017333984
2019-01-17,122.11000061035156,235.2386932373047,8.6002197265625
2019-01-18,121.0199966430664,238.36968994140625,8.584409713745117
2019-01-22,121.44999694824219,235.14918518066406,8.6002197265625
2019-01-23,121.27999877929688,235.6412811279297,8.6002197265625
2019-01-24,121.08999633789062,235.7664794921875,8.616024017333984
2019-01-25,122.86000061035156,237.76138305664062,8.6002197265625
2019-01-28,123.29000091552734,235.9543914794922,8.6002197265625
2019-01-29,123.9800033569336,235.6412811279297,8.616024017333984
2019-01-30,124.69000244140625,239.3716278076172,8.639739036560059
2019-01-31,124.75,241.47389221191406,8.682517051696777
2019-02-01,124.5,241.59022521972656,8.650830268859863
2019-02-04,123.95999908447266,243.28990173339844,8.634984970092773
2019-02-05,124.27999877929688,244.30966186523438,8.650830268859863
2019-02-06,123.44000244140625,243.9876708984375,8.650830268859863
2019-02-07,123.73999786376953,241.66177368164062,8.66667652130127
2019-02-08,124.20999908447266,241.9569549560547,8.674595832824707
2019-02-11,123.5999984741211,242.09112548828125,8.66667652130127
2019-02-12,123.86000061035156,245.20436096191406,8.65875244140625
2019-02-13,123.37000274658203,246.00050354003906,8.642908096313477
2019-02-14,124.05999755859375,245.4547119140625,8.66667652130127
2019-02-15,124.80000305175781,248.12957763671875,8.65875244140625
2019-02-19,126.69999694824219,248.55899047851562,8.674595832824707
2019-02-20,126.4800033569336,249.05996704101562,8.66667652130127
2019-02-21,125.05000305175781,248.17430114746094,8.650830268859863
2019-02-22,125.5,249.71302795410156,8.66667652130127
2019-02-25,125.37000274658203,250.0528564453125,8.66667652130127
2019-02-26,125.58000183105469,249.87399291992188,8.674595832824707
2019-02-27,124.69000244140625,249.7666473388672,8.65875244140625
2019-02-28,123.98999786376953,249.3014678955078,8.659546852111816
2019-03-01,121.87999725341797,250.85813903808594,8.643671035766602
2019-03-04,121.55999755859375,249.94561767578125,8.659546852111816
2019-03-05,121.72000122070312,249.60562133789062,8.659546852111816
2019-03-06,121.61000061035156,248.09373474121094,8.675419807434082
2019-03-07,121.51000213623047,246.0184326171875,8.691293716430664
2019-03-08,122.83999633789062,245.52630615234375,8.699230194091797
2019-03-11,122.23999786376953,249.0868377685547,8.699230194091797
2019-03-12,122.9800033569336,250.02606201171875,8.715109825134277
2019-03-13,123.83999633789062,251.6810760498047,8.70716667175293
2019-03-14,122.41000366210938,251.5200653076172,8.70716667175293
2019-03-15,122.97000122070312,252.76275634765625,8.723044395446777
2019-03-18,123.04000091552734,253.6791229248047,8.715109825134277
2019-03-19,123.37999725341797,253.74205017089844,8.70716667175293
2019-03-20,124.18000030517578,252.9783172607422,8.746854782104492
2019-03-21,123.68000030517578,255.835693359375,8.746854782104492
2019-03-22,123.97000122070312,250.9117431640625,8.786539077758789
2019-03-25,124.91999816894531,250.7230224609375,8.802412986755371
2019-03-26,124.30000305175781,252.5919647216797,8.802412986755371
2019-03-27,123.6500015258789,251.2710723876953,8.818292617797852
2019-03-28,121.9000015258789,252.22360229492188,8.810356140136719
2019-03-29,122.01000213623047,253.8138885498047,8.813535690307617
2019-04-01,121.52999877929688,256.8240051269531,8.781716346740723
2019-04-02,121.9800033569336,256.94976806640625,8.789677619934082
2019-04-03,121.80000305175781,257.3541564941406,8.773763656616211
2019-04-04,122.11000061035156,258.0370788574219,8.781716346740723
2019-04-05,121.9800033569336,259.2859802246094,8.781716346740723
2019-04-08,122.51000213623047,259.4836730957031,8.773763656616211
2019-04-09,123.1500015258789,258.15380859375,8.781716346740723
2019-04-10,123.52999877929688,259.0343322753906,8.797625541687012
2019-04-11,121.94999694824219,258.9624938964844,8.781716346740723
2019-04-12,121.83000183105469,260.7145690917969,8.749897956848145
2019-04-15,121.5999984741211,260.5438232421875,8.757852554321289
2019-04-16,120.51000213623047,260.7145690917969,8.733993530273438
2019-04-17,120.27999877929688,260.07666015625,8.733993530273438
2019-04-18,120.37000274658203,260.58880615234375,8.749897956848145
2019-04-22,120.37000274658203,260.8133850097656,8.74194622039795
2019-04-23,120.12000274658203,263.1585998535156,8.757852554321289
2019-04-24,120.47000122070312,262.5745544433594,8.781716346740723
2019-04-25,120.56999969482422,262.4128723144531,8.773763656616211
2019-04-26,121.37000274658203,263.634765625,8.789677619934082
2019-04-29,120.83000183105469,264.048095703125,8.773763656616211
2019-04-30,121.19999694824219,264.1829528808594,8.80964183807373
2019-05-01,120.4000015258789,262.1971740722656,8.801661491394043
2019-05-02,119.94000244140625,261.631103515625,8.785720825195312
2019-05-03,120.6500015258789,264.1919250488281,8.793692588806152
2019-05-06,120.80999755859375,263.1047058105469,8.801661491394043
2019-05-07,121.20999908447266,258.7109375,8.825583457946777
2019-05-08,120.91000366210938,258.35150146484375,8.80964183807373
2019-05-09,121.19999694824219,257.5697937011719,8.825583457946777
2019-05-10,121.43000030517578,258.8636779785156,8.817615509033203
2019-05-13,122.66999816894531,252.35833740234375,8.857470512390137
2019-05-14,122.45999908447266,254.64060974121094,8.849502563476562
2019-05-15,122.38999938964844,256.1321716308594,8.865448951721191
2019-05-16,121.51000213623047,258.5042724609375,8.857470512390137
2019-05-17,120.6500015258789,256.8329772949219,8.857470512390137
2019-05-20,120.63999938964844,255.1348419189453,8.841532707214355
2019-05-21,120.36000061035156,257.4349365234375,8.83355712890625
2019-05-22,120.23999786376953,256.64422607421875,8.849502563476562
2019-05-23,121.16999816894531,253.50848388671875,8.889364242553711
2019-05-24,121.30000305175781,254.0835723876953,8.881394386291504
2019-05-28,120.83000183105469,251.72047424316406,8.905309677124023
2019-05-29,120.87000274658203,250.0311737060547,8.905309677124023
2019-05-30,121.69000244140625,250.71401977539062,8.921256065368652
2019-05-31,123.33000183105469,247.3356170654297,8.990784645080566
2019-06-03,125.11000061035156,246.70664978027344,9.022750854492188
2019-06-04,125.1500015258789,252.06185913085938,9.006766319274902
2019-06-05,125.47000122070312,254.24526977539062,9.006766319274902
2019-06-06,125.87999725341797,255.8984832763672,8.998777389526367
2019-06-07,126.58999633789062,258.4593200683594,9.022750854492188
2019-06-10,125.33000183105469,259.6453857421875,8.990784645080566
2019-06-11,125.18000030517578,259.5824890136719,8.990784645080566
2019-06-12,125.83000183105469,259.1242980957031,9.006766319274902
2019-06-13,126.5999984741211,260.1934509277344,9.022750854492188
2019-06-14,126.55999755859375,259.906005859375,9.022750854492188
2019-06-17,126.4800033569336,260.0047912597656,9.01476001739502
2019-06-18,127.12000274658203,262.7272644042969,9.030740737915039
2019-06-19,127.88999938964844,263.3203125,9.054718017578125
2019-06-20,131.11000061035156,265.8360900878906,9.062710762023926
2019-06-21,131.97999572753906,265.4497375488281,9.038738250732422
2019-06-24,133.94000244140625,265.1247253417969,9.062710762023926
2019-06-25,134.1999969482422,262.52435302734375,9.07070255279541
2019-06-26,132.97000122070312,262.2626037597656,9.038738250732422
2019-06-27,132.83999633789062,263.19244384765625,9.054718017578125
2019-06-28,133.1999969482422,264.546875,9.082747459411621
2019-07-01,130.6199951171875,266.9485168457031,9.066729545593262
2019-07-02,133.41000366210938,267.643798828125,9.0907564163208
2019-07-03,133.6300048828125,269.7835998535156,9.0907564163208
2019-07-05,132.13999938964844,269.4765625,9.050713539123535
2019-07-08,131.2899932861328,267.99591064453125,9.042704582214355
2019-07-09,131.75,268.3299865722656,9.03469467163086
2019-07-10,133.8300018310547,269.6120300292969,9.050713539123535
2019-07-11,132.6999969482422,270.2440490722656,9.01867389678955
2019-07-12,133.52999877929688,271.4539489746094,9.026679992675781
2019-07-15,133.52999877929688,271.5442199707031,9.042704582214355
2019-07-16,132.39999389648438,270.6684265136719,9.026679992675781
2019-07-17,134.5800018310547,268.8265380859375,9.050713539123535
2019-07-18,136.47999572753906,269.8106994628906,9.074737548828125
2019-07-19,134.47000122070312,268.31195068359375,9.058725357055664
2019-07-22,134.4499969482422,268.9710693359375,9.058725357055664
2019-07-23,133.69000244140625,270.8941650390625,9.050713539123535
2019-07-24,134.3699951171875,272.1672668457031,9.050713539123535
2019-07-25,133.4199981689453,270.8669738769531,9.042704582214355
2019-07-26,133.63999938964844,272.6819152832031,9.03469467163086
2019-07-29,134.52999877929688,272.1853332519531,9.042704582214355
2019-07-30,134.97999572753906,271.5171813964844,9.042704582214355
2019-07-31,133.2100067138672,268.5466003417969,9.068385124206543
2019-08-01,136.41000366210938,266.2081298828125,9.140608787536621
2019-08-02,135.88999938964844,264.20379638671875,9.148635864257812
2019-08-05,137.7899932861328,256.2582702636719,9.204806327819824
2019-08-06,138.91000366210938,259.8517761230469,9.212835311889648
2019-08-07,141.02000427246094,260.00531005859375,9.212835311889648
2019-08-08,141.72999572753906,265.1065979003906,9.212835311889648
2019-08-09,141.25999450683594,263.3008117675781,9.19678783416748
2019-08-12,142.6300048828125,260.09552001953125,9.236908912658691
2019-08-13,141.77999877929688,264.1405944824219,9.204806327819824
2019-08-14,142.75,256.33050537109375,9.236908912658691
2019-08-15,143.6999969482422,257.0076599121094,9.27703857421875
2019-08-16,142.77999877929688,260.79986572265625,9.269011497497559
2019-08-19,141.11000061035156,263.94195556640625,9.236908912658691
2019-08-20,142.2100067138672,261.91943359375,9.260981559753418
2019-08-21,141.75999450683594,264.05029296875,9.2449369430542
2019-08-22,141.39999389648438,263.968994140625,9.228882789611816
2019-08-23,144.1699981689453,257.1882629394531,9.269011497497559
2019-08-26,144.19000244140625,260.0324401855469,9.260981559753418
2019-08-27,145.57000732421875,259.0121765136719,9.285057067871094
2019-08-28,145.16000366210938,260.83599853515625,9.293086051940918
2019-08-29,144.1199951171875,264.1676025390625,9.27703857421875
2019-08-30,143.75,264.05029296875,9.293116569519043
2019-09-03,145.75,262.50634765625,9.30919075012207
2019-09-04,146.66000366210938,265.4857177734375,9.32526683807373
2019-09-05,143.13999938964844,268.8987731933594,9.268997192382812
2019-09-06,141.9199981689453,269.10650634765625,9.268997192382812
2019-09-09,141.38999938964844,269.2418518066406,9.236841201782227
2019-09-10,140.17999267578125,269.1787109375,9.188607215881348
2019-09-11,141.02999877929688,271.0928039550781,9.18056869506836
2019-09-12,141.32000732421875,272.0317687988281,9.164490699768066
2019-09-13,140.14999389648438,271.85125732421875,9.108214378356934
2019-09-16,141.32000732421875,271.0115661621094,9.140375137329102
2019-09-17,141.60000610351562,271.6977233886719,9.148411750793457
2019-09-18,140.7100067138672,271.8603210449219,9.148411750793457
2019-09-19,141.27999877929688,271.8421936035156,9.148411750793457
2019-09-20,142.9499969482422,270.5577697753906,9.18056869506836
2019-09-23,143.75,270.4942932128906,9.196646690368652
2019-09-24,144.50999450683594,268.3718566894531,9.228801727294922
2019-09-25,141.8300018310547,269.9591064453125,9.18056869506836
2019-09-26,141.7899932861328,269.3966979980469,9.196646690368652
2019-09-27,141.05999755859375,267.94537353515625,9.20468521118164
2019-09-30,138.8699951171875,269.1881103515625,9.22884464263916
2019-10-01,139.6300048828125,265.98614501953125,9.253006935119629
2019-10-02,141.25999450683594,261.28765869140625,9.277161598205566
2019-10-03,141.89999389648438,263.4282531738281,9.317426681518555
2019-10-04,141.89999389648438,266.99310302734375,9.317426681518555
2019-10-07,140.69000244140625,265.841064453125,9.293268203735352
2019-10-08,141.9199981689453,261.7139892578125,9.309374809265137
2019-10-09,142.0500030517578,264.1993103027344,9.293268203735352
2019-10-10,140.80999755859375,265.98614501953125,9.253006935119629
2019-10-11,140.02999877929688,268.7436828613281,9.204686164855957
2019-10-14,140.58999633789062,268.4443664550781,9.220786094665527
2019-10-15,139.61000061035156,271.10205078125,9.188578605651855
2019-10-16,140.41000366210938,270.6665954589844,9.204686164855957
2019-10-17,140.61000061035156,271.4648132324219,9.204686164855957
2019-10-18,140.4600067138672,270.276611328125,9.21274185180664
2019-10-21,139.7899932861328,272.10888671875,9.188578605651855
2019-10-22,140.1999969482422,271.219970703125,9.196632385253906
2019-10-23,140.52999877929688,272.0090637207031,9.196632385253906
2019-10-24,141.52999877929688,272.4535217285156,9.196632385253906
2019-10-25,141.86000061035156,273.5692443847656,9.180526733398438
2019-10-28,140.63999938964844,275.1112060546875,9.164423942565918
2019-10-29,140.25,275.02960205078125,9.164423942565918
2019-10-30,141.02000427246094,275.8731384277344,9.188578605651855
2019-10-31,142.42999267578125,275.138427734375,9.244237899780273
2019-11-01,142.55999755859375,277.6872863769531,9.236166954040527
2019-11-04,142.14999389648438,278.8029479980469,9.203904151916504
2019-11-05,139.85000610351562,278.4945373535156,9.17164134979248
2019-11-06,140.4499969482422,278.5580749511719,9.187771797180176
2019-11-07,138.27000427246094,279.5376892089844,9.13937759399414
2019-11-08,137.38999938964844,280.2270202636719,9.131309509277344
2019-11-11,137.05999755859375,279.6918029785156,9.131309509277344
2019-11-12,137.42999267578125,280.2814025878906,9.13937759399414
2019-11-13,137.97999572753906,280.3722229003906,9.155508041381836
2019-11-14,138.55999755859375,280.7804260253906,9.187771797180176
2019-11-15,138.2100067138672,282.81219482421875,9.179709434509277
2019-11-18,138.6199951171875,283.0207824707031,9.187771797180176
2019-11-19,138.69000244140625,282.93914794921875,9.19583797454834
2019-11-20,138.75999450683594,281.886962890625,9.220038414001465
2019-11-21,138.0,281.4333801269531,9.203904151916504
2019-11-22,137.74000549316406,282.0593566894531,9.203904151916504
2019-11-25,137.0800018310547,284.24530029296875,9.203904151916504
2019-11-26,137.74000549316406,284.8893737792969,9.211971282958984
2019-11-27,137.00999450683594,286.15924072265625,9.19583797454834
2019-11-29,137.86000061035156,285.09796142578125,9.210378646850586
2019-12-02,137.7899932861328,282.67608642578125,9.194221496582031
2019-12-03,139.11000061035156,280.7804260253906,9.242697715759277
2019-12-04,138.9199981689453,282.5127868652344,9.218460083007812
2019-12-05,139.0,283.0207824707031,9.202302932739258
2019-12-06,137.6199951171875,285.60589599609375,9.186145782470703
2019-12-09,137.5800018310547,284.707763671875,9.186145782470703
2019-12-10,137.97000122070312,284.39044189453125,9.178060531616211
2019-12-11,138.9199981689453,285.1977844238281,9.202302932739258
2019-12-12,138.42999267578125,287.6558837890625,9.153824806213379
2019-12-13,139.0500030517578,287.8282470703125,9.194221496582031
2019-12-16,139.0399932861328,289.8055419921875,9.16189956665039
2019-12-17,139.00999450683594,289.8691101074219,9.16189956665039
2019-12-18,139.02000427246094,289.88720703125,9.153824806213379
2019-12-19,139.3800048828125,291.0753479003906,9.153824806213379
2019-12-20,139.52000427246094,292.35162353515625,9.153824806213379
2019-12-23,139.9499969482422,292.7983093261719,9.145745277404785
2019-12-24,141.27000427246094,292.80731201171875,9.153824806213379
2019-12-26,142.3800048828125,294.365966796875,9.16189956665039
2019-12-27,142.3300018310547,294.29315185546875,9.178060531616211
2019-12-30,142.6300048828125,292.6705627441406,9.178060531616211
2019-12-31,142.89999389648438,293.3816223144531,9.176444053649902
2020-01-02,143.9499969482422,296.125244140625,9.19262981414795
2020-01-03,145.86000061035156,293.8829650878906,9.2330904006958
2020-01-06,147.38999938964844,295.0041198730469,9.22499942779541
2020-01-07,147.97000122070312,294.1746826171875,9.216906547546387
2020-01-08,146.86000061035156,295.7424011230469,9.208816528320312
2020-01-09,146.02999877929688,297.7477722167969,9.208816528320312
2020-01-10,146.91000366210938,296.89093017578125,9.216906547546387
2020-01-13,145.82000732421875,298.9327697753906,9.208816528320312
2020-01-14,145.69000244140625,298.47705078125,9.216906547546387
2020-01-15,146.5399932861328,299.1515197753906,9.2330904006958
2020-01-16,146.30999755859375,301.6400146484375,9.22499942779541
2020-01-17,146.5800018310547,302.5788879394531,9.216906547546387
2020-01-21,146.74000549316406,301.9862976074219,9.24118423461914
2020-01-22,146.7899932861328,302.02288818359375,9.24118423461914
2020-01-23,147.1199951171875,302.369140625,9.257365226745605
2020-01-24,147.97999572753906,299.68017578125,9.273553848266602
2020-01-27,148.99000549316406,294.8764953613281,9.31401252746582
2020-01-28,147.66000366210938,297.9666442871094,9.297828674316406
2020-01-29,148.4600067138672,297.72052001953125,9.322100639343262
2020-01-30,148.47000122070312,298.6866455078125,9.330202102661133
2020-01-31,149.3300018310547,293.26318359375,9.377205848693848
2020-02-03,148.36000061035156,295.4416809082031,9.369100570678711
2020-02-04,146.42999267578125,299.944580078125,9.32857608795166
2020-02-05,146.61000061035156,303.40826416015625,9.30426025390625
2020-02-06,147.39999389648438,304.42926025390625,9.30426025390625
2020-02-07,147.7899932861328,302.80682373046875,9.336677551269531
2020-02-10,148.1699981689453,305.0672912597656,9.344788551330566
2020-02-11,147.66000366210938,305.5959777832031,9.32857608795166
2020-02-12,147.5399932861328,307.5648193359375,9.320469856262207
2020-02-13,148.3800048828125,307.2366943359375,9.320469856262207
2020-02-14,149.0,307.72894287109375,9.32857608795166
2020-02-18,150.91000366210938,306.9359130859375,9.344788551330566
2020-02-19,151.7899932861328,308.4034729003906,9.336677551269531
2020-02-20,152.41000366210938,307.1365051269531,9.360992431640625
2020-02-21,154.6999969482422,303.97344970703125,9.385309219360352
2020-02-24,156.08999633789062,293.8921203613281,9.433938980102539
2020-02-25,153.3000030517578,284.9864807128906,9.458250999450684
2020-02-26,153.97000122070312,283.938232421875,9.450142860412598
2020-02-27,154.0,271.1861267089844,9.482565879821777
2020-02-28,148.3800048828125,270.04669189453125,9.576712608337402
2020-03-02,149.1999969482422,281.74151611328125,9.568593978881836
2020-03-03,153.88999938964844,273.67462158203125,9.657868385314941
2020-03-04,154.16000366210938,285.1780090332031,9.641636848449707
2020-03-05,157.49000549316406,275.6982116699219,9.690330505371094
2020-03-06,157.5500030517578,271.1405334472656,9.730913162231445
2020-03-09,157.80999755859375,249.966064453125,9.771490097045898
2020-03-10,154.47999572753906,262.90045166015625,9.68221664428711
2020-03-11,153.92999267578125,250.0844268798828,9.657868385314941
2020-03-12,147.7899932861328,226.1570587158203,9.665983200073242
2020-03-13,143.27999877929688,245.49037170410156,9.609172821044922
2020-03-16,141.63999938964844,218.62789916992188,9.730913162231445
2020-03-17,143.55999755859375,230.43211364746094,9.601058006286621
2020-03-18,140.6999969482422,218.7646484375,9.536131858825684
2020-03-19,138.0399932861328,219.2295379638672,9.552361488342285
2020-03-20,140.11000061035156,209.781982421875,9.690330505371094
2020-03-23,146.3000030517578,204.41824340820312,9.771490097045898
2020-03-24,153.39999389648438,222.939208984375,9.730913162231445
2020-03-25,151.3000030517578,226.276611328125,9.739027976989746
2020-03-26,153.24000549316406,239.48890686035156,9.755256652832031
2020-03-27,152.25,232.35556030273438,9.80395793914795
2020-03-30,152.9199981689453,239.9014892578125,9.795836448669434
2020-03-31,148.0500030517578,236.3256378173828,9.794209480285645
2020-04-01,149.4499969482422,225.68980407714844,9.802342414855957
2020-04-02,151.89999389648438,230.89772033691406,9.810467720031738
2020-04-03,152.64999389648438,227.56033325195312,9.810467720031738
2020-04-06,156.8800048828125,242.84463500976562,9.78608226776123
2020-04-07,156.0399932861328,243.0922088623047,9.769827842712402
2020-04-08,154.64999389648438,251.25238037109375,9.769827842712402
2020-04-09,158.69000244140625,255.07583618164062,9.794209480285645
2020-04-13,161.41000366210938,252.74696350097656,9.777960777282715
2020-04-14,162.67999267578125,260.2011413574219,9.794209480285645
2020-04-15,161.85000610351562,254.6724090576172,9.834853172302246
2020-04-16,161.7100067138672,255.9009246826172,9.834853172302246
2020-04-17,158.57000732421875,262.81427001953125,9.826725006103516
2020-04-20,159.6999969482422,258.1841125488281,9.834853172302246
2020-04-21,158.61000061035156,250.34474182128906,9.851106643676758
2020-04-22,161.72999572753906,255.9009246826172,9.834853172302246
2020-04-23,163.33999633789062,255.8826904296875,9.834853172302246
2020-04-24,162.63999938964844,259.44940185546875,9.834853172302246
2020-04-27,161.55999755859375,263.1902160644531,9.810467720031738
2020-04-28,160.83999633789062,261.97991943359375,9.834853172302246
2020-04-29,161.72999572753906,268.83819580078125,9.834853172302246
2020-04-30,158.8000030517578,266.33514404296875,9.839738845825195
2020-05-01,159.77999877929688,259.2843017578125,9.839738845825195
2020-05-04,160.33999633789062,259.9994812011719,9.84787654876709
2020-05-05,161.02000427246094,262.4017333984375,9.839738845825195
2020-05-06,158.9499969482422,260.6229553222656,9.831599235534668
2020-05-07,161.38999938964844,263.7677917480469,9.872288703918457
2020-05-08,160.4199981689453,268.1322021484375,9.856014251708984
2020-05-11,159.4199981689453,268.1872253417969,9.839738845825195
2020-05-12,160.0399932861328,262.84185791015625,9.84787654876709
2020-05-13,161.5800018310547,258.1932373046875,9.86414909362793
2020-05-14,163.00999450683594,261.2830810546875,9.86414909362793
2020-05-15,163.92999267578125,262.4842529296875,9.86414909362793
2020-05-18,162.69000244140625,270.47943115234375,9.831599235534668
2020-05-19,164.25999450683594,267.7012939453125,9.84787654876709
2020-05-20,164.64999389648438,272.2489929199219,9.856014251708984
2020-05-21,162.25,270.36932373046875,9.856014251708984
2020-05-22,163.2100067138672,270.8828430175781,9.86414909362793
2020-05-26,160.88999938964844,274.2202453613281,9.856014251708984
2020-05-27,161.17999267578125,278.3003845214844,9.856014251708984
2020-05-28,161.72000122070312,277.78692626953125,9.856014251708984
2020-05-29,162.91000366210938,279.02471923828125,9.881268501281738
2020-06-01,163.66000366210938,280.15252685546875,9.881268501281738
2020-06-02,162.60000610351562,282.4721984863281,9.873115539550781
2020-06-03,159.60000610351562,286.2312927246094,9.84868049621582
2020-06-04,161.27999877929688,285.47955322265625,9.824246406555176
2020-06-05,158.00999450683594,292.79620361328125,9.7998046875
2020-06-08,159.72000122070312,296.33538818359375,9.807948112487793
2020-06-09,161.25999450683594,294.1257629394531,9.832388877868652
2020-06-10,163.57000732421875,292.4844665527344,9.873115539550781
2020-06-11,162.38999938964844,275.6230773925781,9.881268501281738
2020-06-12,162.6199951171875,278.9238586425781,9.873115539550781
2020-06-15,162.3300018310547,281.5277404785156,9.864972114562988
2020-06-16,162.25,286.9466552734375,9.864972114562988
2020-06-17,162.55999755859375,285.7546081542969,9.864972114562988
2020-06-18,162.24000549316406,285.8645935058594,9.873115539550781
2020-06-19,164.02999877929688,284.2309875488281,9.881268501281738
2020-06-22,165.08999633789062,286.0543212890625,9.873115539550781
2020-06-23,166.47999572753906,287.3712463378906,9.873115539550781
2020-06-24,165.89999389648438,280.040771484375,9.881268501281738
2020-06-25,165.8000030517578,283.0429382324219,9.881268501281738
2020-06-26,166.5399932861328,276.3203125,9.897560119628906
2020-06-29,166.6300048828125,280.38153076171875,9.905702590942383
2020-06-30,167.3699951171875,283.9730529785156,9.91059398651123
2020-07-01,166.6199951171875,285.962158203125,9.894298553466797
2020-07-02,166.97999572753906,287.5370178222656,9.91059398651123
2020-07-06,167.97999572753906,291.975830078125,9.902443885803223
2020-07-07,169.0399932861328,288.96441650390625,9.918745994567871
2020-07-08,170.08999633789062,291.1746520996094,9.91059398651123
2020-07-09,169.6300048828125,289.5169982910156,9.918745994567871
2020-07-10,169.19000244140625,292.4731140136719,9.902443885803223
2020-07-13,169.39999389648438,289.9405822753906,9.91059398651123
2020-07-14,170.19000244140625,293.6978454589844,9.91059398651123
2020-07-15,170.33999633789062,296.3962097167969,9.91059398651123
2020-07-16,168.72999572753906,295.42010498046875,9.918745994567871
2020-07-17,170.1199951171875,296.2765197753906,9.918745994567871
2020-07-20,170.94000244140625,298.6708984375,9.918745994567871
2020-07-21,173.0,299.30633544921875,9.926894187927246
2020-07-22,175.6300048828125,301.0099792480469,9.926894187927246
2020-07-23,177.17999267578125,297.4183654785156,9.926894187927246
2020-07-24,178.6999969482422,295.5028991699219,9.926894187927246
2020-07-27,182.22999572753906,297.6578674316406,9.918745994567871
2020-07-28,183.75,295.7699890136719,9.926894187927246
2020-07-29,185.1300048828125,299.4075927734375,9.943192481994629
2020-07-30,183.75999450683594,298.3393249511719,9.951345443725586
2020-07-31,185.42999267578125,300.69683837890625,9.958683013916016
2020-08-03,185.63999938964844,302.787353515625,9.958683013916016
2020-08-04,189.58999633789062,303.9569091796875,9.974995613098145
2020-08-05,191.35000610351562,305.84478759765625,9.958683013916016
2020-08-06,193.88999938964844,307.88922119140625,9.958683013916016
2020-08-07,190.80999755859375,308.11029052734375,9.950528144836426
2020-08-10,190.14999389648438,309.0311279296875,9.950528144836426
2020-08-11,179.94000244140625,306.48028564453125,9.926061630249023
2020-08-12,179.10000610351562,310.7532958984375,9.917906761169434
2020-08-13,183.3300018310547,310.1915283203125,9.909749031066895
2020-08-14,182.5399932861328,310.2007141113281,9.917906761169434
2020-08-17,186.5,311.1860656738281,9.926061630249023
2020-08-18,188.17999267578125,311.8583984375,9.934218406677246
2020-08-19,182.24000549316406,310.55987548828125,9.926061630249023
2020-08-20,183.5,311.5268249511719,9.934218406677246
2020-08-21,182.02999877929688,312.6319274902344,9.934218406677246
2020-08-24,181.0,315.79998779296875,9.934218406677246
2020-08-25,181.22000122070312,316.9049987792969,9.917906761169434
2020-08-26,183.36000061035156,320.0821228027344,9.926061630249023
2020-08-27,181.24000549316406,320.7820129394531,9.909749031066895
2020-08-28,184.38999938964844,322.8541259765625,9.926061630249023
2020-08-31,184.8300018310547,321.6844482421875,9.944840431213379
2020-09-01,185.0500030517578,324.7143249511719,9.953004837036133
2020-09-02,182.6199951171875,329.4109802246094,9.953004837036133
2020-09-03,181.13999938964844,318.0745544433594,9.96116828918457
2020-09-04,181.63999938964844,315.4775085449219,9.928509712219238
2020-09-08,181.2899932861328,306.8578186035156,9.944840431213379
2020-09-09,183.0500030517578,312.9175109863281,9.936676025390625
2020-09-10,182.4600067138672,307.48406982421875,9.944840431213379
2020-09-11,182.4499969482422,307.6405944824219,9.953004837036133
2020-09-14,183.88999938964844,311.6926574707031,9.944840431213379
2020-09-15,183.4499969482422,313.267333984375,9.944840431213379
2020-09-16,183.97000122070312,312.024169921875,9.944840431213379
2020-09-17,182.9600067138672,309.27978515625,9.944840431213379
2020-09-18,183.1999969482422,305.7192077636719,9.936676025390625
2020-09-21,179.52000427246094,302.31658935546875,9.944840431213379
2020-09-22,178.64999389648438,305.3955383300781,9.944840431213379
2020-09-23,174.7899932861328,298.3130798339844,9.944840431213379
2020-09-24,175.44000244140625,299.1082763671875,9.944840431213379
2020-09-25,174.94000244140625,303.9439392089844,9.953004837036133
2020-09-28,176.6999969482422,308.9922790527344,9.953004837036133
2020-09-29,178.19000244140625,307.3094787597656,9.953004837036133
2020-09-30,177.1199951171875,309.63946533203125,9.952187538146973
2020-10-01,178.6999969482422,311.6274108886719,9.952187538146973
2020-10-02,178.5399932861328,308.6685791015625,9.952187538146973
2020-10-05,179.41000366210938,314.1423645019531,9.919502258300781
2020-10-06,177.3000030517578,309.6764221191406,9.9276762008667
2020-10-07,177.22000122070312,315.06689453125,9.911334037780762
2020-10-08,177.85000610351562,317.8591613769531,9.919502258300781
2020-10-09,181.0800018310547,320.6976623535156,9.919502258300781
2020-10-12,180.55999755859375,325.85699462890625,9.919502258300781
2020-10-13,177.72000122070312,323.7304382324219,9.935847282409668
2020-10-14,178.27000427246094,321.6962585449219,9.935847282409668
2020-10-15,178.9199981689453,321.29864501953125,9.935847282409668
2020-10-16,178.3000030517578,321.1044921875,9.9276762008667
2020-10-19,178.38999938964844,316.2226867675781,9.919502258300781
2020-10-20,179.25,317.48931884765625,9.911334037780762
2020-10-21,180.60000610351562,316.8883361816406,9.911334037780762
2020-10-22,178.8300018310547,318.62652587890625,9.886821746826172
2020-10-23,178.63999938964844,319.7084655761719,9.894990921020508
2020-10-26,178.5500030517578,313.80023193359375,9.911334037780762
2020-10-27,179.02000427246094,312.7183837890625,9.919502258300781
2020-10-28,176.1300048828125,302.0299987792969,9.919502258300781
2020-10-29,175.39999389648438,305.0997009277344,9.903162002563477
2020-10-30,176.1999969482422,301.9190979003906,9.893348693847656
2020-11-02,177.91000366210938,305.3031311035156,9.901524543762207
2020-11-03,178.9199981689453,310.6934814453125,9.885169982910156
2020-11-04,178.82000732421875,317.6373596191406,9.926055908203125
2020-11-05,182.92999267578125,323.8320617675781,9.926055908203125
2020-11-06,183.19000244140625,323.7581481933594,9.909704208374023
2020-11-09,175.0800018310547,327.826416015625,9.877001762390137
2020-11-10,175.66000366210938,327.3455505371094,9.860650062561035
2020-11-11,174.89999389648438,329.77728271484375,9.860650062561035
2020-11-12,175.9600067138672,326.5781555175781,9.893348693847656
2020-11-13,177.16000366210938,331.09942626953125,9.885169982910156
2020-11-16,177.14999389648438,335.2323913574219,9.885169982910156
2020-11-17,176.5,333.429443359375,9.901524543762207
2020-11-18,175.49000549316406,329.416748046875,9.893348693847656
2020-11-19,175.16000366210938,330.80352783203125,9.901524543762207
2020-11-20,175.69000244140625,328.53826904296875,9.909704208374023
2020-11-23,172.22999572753906,330.5077209472656,9.901524543762207
2020-11-24,169.58999633789062,335.8333740234375,9.893348693847656
2020-11-25,169.50999450683594,335.315673828125,9.901524543762207
2020-11-27,167.7899932861328,336.24951171875,9.909704208374023
2020-11-30,166.6699981689453,334.7608337402344,9.915427207946777
2020-12-01,170.17999267578125,338.42230224609375,9.890884399414062
2020-12-02,171.4600067138672,339.13421630859375,9.882704734802246
2020-12-03,172.80999755859375,339.04180908203125,9.899065971374512
2020-12-04,172.32000732421875,341.9635009765625,9.882704734802246
2020-12-07,174.88999938964844,341.2608337402344,9.899065971374512
2020-12-08,175.5,342.2593994140625,9.899065971374512
2020-12-09,172.5,339.1896667480469,9.890884399414062
2020-12-10,172.1699981689453,339.0787353515625,9.907248497009277
2020-12-11,172.49000549316406,338.68115234375,9.915427207946777
2020-12-14,171.5399932861328,337.16485595703125,9.915427207946777
2020-12-15,173.94000244140625,341.7231750488281,9.915427207946777
2020-12-16,174.89999389648438,342.2593994140625,9.915427207946777
2020-12-17,176.74000549316406,344.1732482910156,9.907248497009277
2020-12-18,176.44000244140625,342.7990417480469,9.907248497009277
2020-12-21,175.8800048828125,341.57342529296875,9.907248497009277
2020-12-22,174.49000549316406,340.99774169921875,9.915427207946777
2020-12-23,175.64999389648438,341.30413818359375,9.907248497009277
2020-12-24,176.35000610351562,342.6319580078125,9.907248497009277
2020-12-28,175.7100067138672,345.57537841796875,9.915427207946777
2020-12-29,176.35000610351562,344.9161682128906,9.914580345153809
2020-12-30,177.6999969482422,345.40826416015625,9.914580345153809
2020-12-31,178.36000061035156,347.1631774902344,9.929006576538086
2021-01-04,182.3300018310547,342.43695068359375,9.929006576538086
2021-01-05,182.8699951171875,344.79541015625,9.920522689819336
2021-01-06,179.89999389648438,346.85675048828125,9.88657283782959
2021-01-07,179.47999572753906,352.0101623535156,9.869604110717773
2021-01-08,173.33999633789062,354.015869140625,9.852630615234375
2021-01-11,173.0,351.6295166015625,9.844141960144043
2021-01-12,174.1199951171875,351.7037658691406,9.844141960144043
2021-01-13,173.3699951171875,352.65087890625,9.861116409301758
2021-01-14,173.27999877929688,351.4159240722656,9.852630615234375
2021-01-15,171.1300048828125,348.85321044921875,9.869604110717773
2021-01-19,172.5800018310547,351.5923767089844,9.878091812133789
2021-01-20,175.38999938964844,356.4579162597656,9.878091812133789
2021-01-21,175.27999877929688,356.78289794921875,9.869604110717773
2021-01-22,173.89999389648438,355.5200500488281,9.878091812133789
2021-01-25,174.0500030517578,356.9222106933594,9.895060539245605
2021-01-26,173.6199951171875,356.3651123046875,9.895060539245605
2021-01-27,172.52000427246094,347.6553039550781,9.895060539245605
2021-01-28,172.67999267578125,350.645263671875,9.88657283782959
2021-01-29,172.61000061035156,343.62542724609375,9.88318157196045
2021-02-01,174.22999572753906,349.34527587890625,9.891671180725098
2021-02-02,172.11000061035156,354.2851257324219,9.88318157196045
2021-02-03,171.85000610351562,354.56365966796875,9.8746919631958
2021-02-04,168.14999389648438,358.593505859375,9.8746919631958
2021-02-05,169.80999755859375,360.0048828125,9.86620044708252
2021-02-08,171.52000427246094,362.6048278808594,9.86620044708252
2021-02-09,172.0800018310547,362.3634033203125,9.86620044708252
2021-02-10,172.7100067138672,362.20556640625,9.8746919631958
2021-02-11,171.2100067138672,362.7905578613281,9.8746919631958
2021-02-12,170.69000244140625,364.5826110839844,9.857704162597656
2021-02-16,168.24000549316406,364.26690673828125,9.815255165100098
2021-02-17,166.3300018310547,364.3505859375,9.823747634887695
2021-02-18,166.32000732421875,362.7998352050781,9.823747634887695
2021-02-19,167.00999450683594,362.1591796875,9.806760787963867
2021-02-22,169.50999450683594,359.3735656738281,9.7982759475708
2021-02-23,169.1199951171875,359.80987548828125,9.806760787963867
2021-02-24,169.0,363.7747802734375,9.7982759475708
2021-02-25,165.82000732421875,355.0093994140625,9.696383476257324
2021-02-26,161.80999755859375,353.18017578125,9.752455711364746
2021-03-01,161.52999877929688,361.7413330078125,9.760946273803711
2021-03-02,162.41000366210938,358.9184875488281,9.786436080932617
2021-03-03,160.6199951171875,354.1644287109375,9.752455711364746
2021-03-04,159.0399932861328,349.7817687988281,9.726969718933105
2021-03-05,159.13999938964844,356.2165222167969,9.71847152709961
2021-03-08,157.49000549316406,354.4430236816406,9.684493064880371
2021-03-09,160.83999633789062,359.5034484863281,9.709976196289062
2021-03-10,161.66000366210938,361.7413330078125,9.71847152709961
2021-03-11,161.52000427246094,365.4089660644531,9.726969718933105
2021-03-12,161.49000549316406,365.90118408203125,9.692987442016602
2021-03-15,162.1999969482422,368.0833435058594,9.701482772827148
2021-03-16,162.35000610351562,367.6189270019531,9.701482772827148
2021-03-17,163.50999450683594,368.8725280761719,9.709976196289062
2021-03-18,162.55999755859375,363.5054931640625,9.67599868774414
2021-03-19,163.24000549316406,362.8329772949219,9.667502403259277
2021-03-22,163.0,365.73016357421875,9.684493064880371
2021-03-23,161.80999755859375,362.8515625,9.701482772827148
2021-03-24,162.3699951171875,361.0069580078125,9.709976196289062
2021-03-25,161.77999877929688,363.03790283203125,9.709976196289062
2021-03-26,162.24000549316406,368.88824462890625,9.701482772827148
2021-03-29,160.30999755859375,368.701904296875,9.684493064880371
2021-03-30,157.57000732421875,367.7237243652344,9.667502403259277
2021-03-31,159.9600067138672,369.2143249511719,9.666654586791992
2021-04-01,161.97999572753906,373.20147705078125,9.683682441711426
2021-04-05,161.9199981689453,378.55804443359375,9.666654586791992
2021-04-06,163.22000122070312,378.3345031738281,9.692200660705566
2021-04-07,162.75999450683594,378.7723388671875,9.70071792602539
2021-04-08,164.50999450683594,380.5702819824219,9.717750549316406
2021-04-09,163.27000427246094,383.3370361328125,9.70071792602539
2021-04-12,162.27999877929688,383.4768981933594,9.692200660705566
2021-04-13,163.42999267578125,384.61334228515625,9.717750549316406
2021-04-14,162.72000122070312,383.2998352050781,9.717750549316406
2021-04-15,165.35000610351562,387.41741943359375,9.734782218933105
2021-04-16,166.35000610351562,388.71240234375,9.726268768310547
2021-04-19,165.88999938964844,386.8025817871094,9.726268768310547
2021-04-20,166.47999572753906,383.9705505371094,9.743300437927246
2021-04-21,168.1300048828125,387.603759765625,9.743300437927246
2021-04-22,167.0399932861328,384.0637512207031,9.743300437927246
2021-04-23,166.39999389648438,388.2278747558594,9.734782218933105
2021-04-26,166.83999633789062,389.038330078125,9.726268768310547
2021-04-27,166.4199981689453,388.9544982910156,9.717750549316406
2021-04-28,166.91000366210938,388.8427429199219,9.726268768310547
2021-04-29,166.22000122070312,391.3207092285156,9.726268768310547
2021-04-30,165.66000366210938,388.7496032714844,9.736499786376953
2021-05-03,167.80999755859375,389.5880432128906,9.753549575805664
2021-05-04,166.5800018310547,387.1845397949219,9.753549575805664
2021-05-05,167.27000427246094,387.3056335449219,9.762079238891602
2021-05-06,170.05999755859375,390.3985290527344,9.770600318908691
2021-05-07,171.58999633789062,393.23980712890625,9.779129028320312
2021-05-10,172.11000061035156,389.34576416015625,9.770600318908691
2021-05-11,172.13999938964844,385.87091064453125,9.762079238891602
2021-05-12,170.42999267578125,377.67303466796875,9.736499786376953
2021-05-13,171.1300048828125,382.2098693847656,9.753549575805664
2021-05-14,172.69000244140625,388.07879638671875,9.762079238891602
2021-05-17,174.6999969482422,387.09136962890625,9.753549575805664
2021-05-18,175.0399932861328,383.7563171386719,9.762079238891602
2021-05-19,175.16000366210938,382.75018310546875,9.745023727416992
2021-05-20,175.9600067138672,386.86773681640625,9.762079238891602
2021-05-21,176.0399932861328,386.55108642578125,9.762079238891602
2021-05-24,176.35000610351562,390.4916687011719,9.770600318908691
2021-05-25,177.9499969482422,389.6252136230469,9.787652969360352
2021-05-26,177.63999938964844,390.3985290527344,9.779129028320312
2021-05-27,177.7100067138672,390.60345458984375,9.779129028320312
2021-05-28,178.3800048828125,391.3021545410156,9.7868070602417
2021-06-01,177.89999389648438,390.9574279785156,9.778275489807129
2021-06-02,178.77000427246094,391.5722961425781,9.7868070602417
2021-06-03,175.27000427246094,390.1189270019531,9.769743919372559
2021-06-04,177.16000366210938,393.6869201660156,9.795336723327637
2021-06-07,177.8699951171875,393.3050537109375,9.795336723327637
2021-06-08,177.32000732421875,393.3888854980469,9.80387020111084
2021-06-09,176.97999572753906,392.80194091796875,9.812403678894043
2021-06-10,177.74000549316406,394.62786865234375,9.829472541809082
2021-06-11,175.74000549316406,395.2799377441406,9.820939064025879
2021-06-14,174.7100067138672,396.16497802734375,9.80387020111084
2021-06-15,174.0500030517578,395.4383239746094,9.80387020111084
2021-06-16,171.11000061035156,393.2304992675781,9.752676010131836
2021-06-17,165.85000610351562,393.1000671386719,9.761210441589355
2021-06-18,164.92999267578125,387.7970275878906,9.769743919372559
2021-06-21,166.9499969482422,393.3486328125,9.761210441589355
2021-06-22,166.25,395.4515686035156,9.778275489807129
2021-06-23,166.13999938964844,394.97491455078125,9.761210441589355
2021-06-24,166.0399932861328,397.3115234375,9.761210441589355
2021-06-25,166.58999633789062,398.7227783203125,9.752676010131836
2021-06-28,166.5800018310547,399.5265808105469,9.761210441589355
2021-06-29,164.8300018310547,399.74163818359375,9.769743919372559
2021-06-30,165.6300048828125,400.0780334472656,9.77828598022461
2021-07-01,166.1999969482422,402.2930603027344,9.77828598022461
2021-07-02,167.2899932861328,405.3680419921875,9.795361518859863
2021-07-06,168.1199951171875,404.62969970703125,9.82098388671875
2021-07-07,168.75999450683594,406.0596008300781,9.829523086547852
2021-07-08,168.64999389648438,402.7510986328125,9.846602439880371
2021-07-09,169.2100067138672,407.05035400390625,9.829523086547852
2021-07-12,169.0,408.5083923339844,9.82098388671875
2021-07-13,169.22000122070312,407.1158447265625,9.803901672363281
2021-07-14,171.0399932861328,407.7232971191406,9.82098388671875
2021-07-15,171.07000732421875,406.33074951171875,9.83806324005127
2021-07-16,169.41000366210938,403.14361572265625,9.83806324005127
2021-07-19,169.61000061035156,397.19000244140625,9.872225761413574
2021-07-20,169.38999938964844,402.8819274902344,9.88076114654541
2021-07-21,168.75999450683594,406.143798828125,9.846602439880371
2021-07-22,169.08999633789062,406.99432373046875,9.863679885864258
2021-07-23,168.55999755859375,411.18145751953125,9.863679885864258
2021-07-26,168.16000366210938,412.1908874511719,9.855142593383789
2021-07-27,168.44000244140625,410.3122863769531,9.872225761413574
2021-07-28,169.2899932861328,410.14398193359375,9.88076114654541
2021-07-29,171.1699981689453,411.8449401855469,9.863679885864258
2021-07-30,169.82000732421875,409.84490966796875,9.889324188232422
2021-08-02,169.61000061035156,408.98504638671875,9.906421661376953
2021-08-03,169.49000549316406,412.3123779296875,9.914965629577637
2021-08-04,169.52999877929688,410.2842712402344,9.906421661376953
2021-08-05,168.86000061035156,412.8824768066406,9.880775451660156
2021-08-06,164.63999938964844,413.5647277832031,9.846590042114258
2021-08-09,161.72000122070312,413.2283020019531,9.838037490844727
2021-08-10,161.77000427246094,413.7422790527344,9.820945739746094
2021-08-11,164.0,414.7704772949219,9.829495429992676
2021-08-12,164.0399932861328,416.013427734375,9.820945739746094
2021-08-13,166.38999938964844,416.7704772949219,9.846590042114258
2021-08-16,167.22000122070312,417.75189208984375,9.863679885864258
2021-08-17,166.97000122070312,415.0134582519531,9.863679885864258
2021-08-18,167.10000610351562,410.4711608886719,9.85513687133789
2021-08-19,166.61000061035156,411.1066589355469,9.863679885864258
2021-08-20,166.6999969482422,414.3778381347656,9.85513687133789
2021-08-23,168.72999572753906,418.02288818359375,9.863679885864258
2021-08-24,168.64999389648438,418.6865234375,9.846590042114258
2021-08-25,167.47999572753906,419.5650939941406,9.829495429992676
2021-08-26,167.6699981689453,417.08831787109375,9.829495429992676
2021-08-27,170.19000244140625,420.8174133300781,9.846590042114258
2021-08-30,169.35000610351562,422.6681213378906,9.863679885864258
2021-08-31,169.69000244140625,422.04193115234375,9.861971855163574
2021-09-01,169.6999969482422,422.2661437988281,9.861971855163574
2021-09-02,169.25,423.56536865234375,9.861971855163574
2021-09-03,171.05999755859375,423.46246337890625,9.853419303894043
2021-09-07,167.7100067138672,421.94842529296875,9.836313247680664
2021-09-08,167.2899932861328,421.434326171875,9.844864845275879
2021-09-09,168.02999877929688,419.6305236816406,9.861971855163574
2021-09-10,167.17999267578125,416.3218688964844,9.844864845275879
2021-09-13,167.74000549316406,417.38739013671875,9.844864845275879
2021-09-14,168.82000732421875,415.13494873046875,9.861971855163574
2021-09-15,167.8300018310547,418.6023864746094,9.853419303894043
2021-09-16,164.02999877929688,417.9388427734375,9.836313247680664
2021-09-17,163.77000427246094,413.86761474609375,9.81920337677002
2021-09-20,164.94000244140625,406.966796875,9.844864845275879
2021-09-21,166.0399932861328,406.5823059082031,9.836313247680664
2021-09-22,165.4199981689453,410.5484313964844,9.836313247680664
2021-09-23,163.50999450683594,415.53668212890625,9.793547630310059
2021-09-24,163.3000030517578,416.22113037109375,9.77643871307373
2021-09-27,163.63999938964844,415.0303649902344,9.759330749511719
2021-09-28,162.0500030517578,406.666748046875,9.742223739624023
2021-09-29,161.32000732421875,407.3511657714844,9.750775337219238
2021-09-30,164.22000122070312,402.3724060058594,9.76618480682373
2021-10-01,164.58999633789062,407.154296875,9.791863441467285
2021-10-04,165.36000061035156,401.90362548828125,9.783304214477539
2021-10-05,164.58999633789062,406.0854187011719,9.76618480682373
2021-10-06,165.02999877929688,407.7730712890625,9.76618480682373
2021-10-07,164.16000366210938,411.2985534667969,9.749067306518555
2021-10-08,164.22999572753906,410.5484313964844,9.73194694519043
2021-10-11,163.9199981689453,407.57623291015625,9.714831352233887
2021-10-12,164.66000366210938,406.57293701171875,9.73194694519043
2021-10-13,167.58999633789062,408.0356140136719,9.73194694519043
2021-10-14,168.0,414.8990783691406,9.749067306518555
2021-10-15,165.3300018310547,418.058837890625,9.714831352233887
2021-10-18,164.9199981689453,419.2965393066406,9.697711944580078
2021-10-19,165.4499969482422,422.5313720703125,9.6891508102417
2021-10-20,166.89999389648438,424.1909484863281,9.6891508102417
2021-10-21,166.75,425.29736328125,9.663473129272461
2021-10-22,167.77000427246094,424.856689453125,9.672035217285156
2021-10-25,168.92999267578125,427.1350402832031,9.6891508102417
2021-10-26,167.67999267578125,427.5195007324219,9.6891508102417
2021-10-27,168.1199951171875,425.6253967285156,9.706267356872559
2021-10-28,168.0800018310547,429.7323303222656,9.6891508102417
2021-10-29,166.64999389648438,430.60430908203125,9.696004867553711
2021-11-01,167.52000427246094,431.3449401855469,9.696004867553711
2021-11-02,167.16000366210938,433.0890197753906,9.721699714660645
2021-11-03,165.77000427246094,435.733154296875,9.704570770263672
2021-11-04,167.64999389648438,437.7864990234375,9.73883056640625
2021-11-05,169.83999633789062,439.3054504394531,9.76452350616455
2021-11-08,170.4499969482422,439.6804504394531,9.730265617370605
2021-11-09,171.2899932861328,438.2271423339844,9.755960464477539
2021-11-10,173.14999389648438,434.7016906738281,9.696004867553711
2021-11-11,174.1199951171875,434.84234619140625,9.670307159423828
2021-11-12,174.4499969482422,438.1240234375,9.687439918518066
2021-11-15,174.17999267578125,438.2740783691406,9.670307159423828
2021-11-16,172.9199981689453,440.0086669921875,9.661745071411133
2021-11-17,174.5,438.9398193359375,9.687439918518066
2021-11-18,173.94000244140625,440.4305725097656,9.687439918518066
2021-11-19,172.61000061035156,439.6429748535156,9.696004867553711
2021-11-22,168.74000549316406,438.4053039550781,9.644609451293945
2021-11-23,167.27999877929688,438.9866943359375,9.627481460571289
2021-11-24,167.1199951171875,440.1587219238281,9.636049270629883
2021-11-26,166.85000610351562,430.34173583984375,9.721699714660645
2021-11-29,166.6199951171875,435.6205749511719,9.713133811950684
2021-11-30,165.5,427.1445007324219,9.73713207244873
2021-12-01,166.16000366210938,422.4000549316406,9.745707511901855
2021-12-02,165.24000549316406,428.86962890625,9.719991683959961
2021-12-03,166.6300048828125,425.1379089355469,9.754277229309082
2021-12-06,166.22000122070312,430.17303466796875,9.728565216064453
2021-12-07,166.80999755859375,439.07098388671875,9.702845573425293
2021-12-08,166.89999389648438,440.2336730957031,9.685708045959473
2021-12-09,165.8800048828125,437.2613220214844,9.694278717041016
2021-12-10,166.5800018310547,441.3775939941406,9.702845573425293
2021-12-13,167.0,437.46771240234375,9.719991683959961
2021-12-14,165.44000244140625,434.4579162597656,9.711421966552734
2021-12-15,166.14999389648438,441.24627685546875,9.702845573425293
2021-12-16,168.16000366210938,437.355224609375,9.728565216064453
2021-12-17,167.8000030517578,432.7004699707031,9.73713207244873
2021-12-20,167.08999633789062,428.0993957519531,9.73713207244873
2021-12-21,167.02000427246094,435.7020263671875,9.711421966552734
2021-12-22,168.58999633789062,440.05841064453125,9.711421966552734
2021-12-23,168.97000122070312,442.7964782714844,9.702845573425293
2021-12-27,169.3699951171875,449.0630798339844,9.702845573425293
2021-12-28,168.63999938964844,448.69610595703125,9.702845573425293
2021-12-29,168.58999633789062,449.27001953125,9.677133560180664
2021-12-30,169.8000030517578,448.028076171875,9.694278717041016
2021-12-31,170.9600067138672,446.8988952636719,9.703712463378906
2022-01-03,168.3300018310547,449.4864501953125,9.652235984802246
2022-01-04,169.57000732421875,449.33587646484375,9.652235984802246
2022-01-05,169.05999755859375,440.7076110839844,9.626495361328125
2022-01-06,166.99000549316406,440.2937316894531,9.600757598876953
2022-01-07,167.75,438.552978515625,9.583595275878906
2022-01-10,168.25999450683594,438.0072326660156,9.575019836425781
2022-01-11,170.2899932861328,441.99676513671875,9.583595275878906
2022-01-12,170.74000549316406,443.19171142578125,9.59217643737793
2022-01-13,170.16000366210938,437.0851135253906,9.609338760375977
2022-01-14,169.6699981689453,437.2639465332031,9.566437721252441
2022-01-18,169.38999938964844,429.5201416015625,9.514959335327148
2022-01-19,172.0800018310547,425.0602722167969,9.532119750976562
2022-01-20,171.64999389648438,420.3555908203125,9.540701866149902
2022-01-21,171.08999633789062,412.1037292480469,9.566437721252441
2022-01-24,172.02999877929688,413.8538818359375,9.575019836425781
2022-01-25,172.5800018310547,408.80108642578125,9.566437721252441
2022-01-26,169.7899932861328,407.7755432128906,9.514959335327148
2022-01-27,167.60000610351562,405.76190185546875,9.523541450500488
2022-01-28,167.10000610351562,415.8392333984375,9.540701866149902
2022-01-31,168.08999633789062,423.32891845703125,9.549288749694824
2022-02-01,168.22999572753906,426.1893005371094,9.540700912475586
2022-02-02,168.83999633789062,430.32940673828125,9.557872772216797
2022-02-03,168.60000610351562,420.21453857421875,9.532112121582031
2022-02-04,168.86000061035156,422.1904296875,9.471999168395996
2022-02-07,170.11000061035156,420.83551025390625,9.48058795928955
2022-02-08,170.6300048828125,424.2981262207031,9.454826354980469
2022-02-09,171.2100067138672,430.50811767578125,9.454826354980469
2022-02-10,170.55999755859375,422.7738037109375,9.386123657226562
2022-02-11,173.80999755859375,414.4372253417969,9.454826354980469
2022-02-14,174.74000549316406,413.0822448730469,9.411890029907227
2022-02-15,173.0800018310547,419.74395751953125,9.403299331665039
2022-02-16,174.86000061035156,420.21453857421875,9.411890029907227
2022-02-17,177.25,411.23809814453125,9.44623851776123
2022-02-18,177.1199951171875,408.5753173828125,9.463411331176758
2022-02-22,177.49000549316406,404.1906433105469,9.454826354980469
2022-02-23,178.2899932861328,397.0208740234375,9.437649726867676
2022-02-24,177.13999938964844,402.9956359863281,9.454826354980469
2022-02-25,176.5500030517578,411.8873291015625,9.44623851776123
2022-02-28,178.3800048828125,410.8334655761719,9.522729873657227
2022-03-01,181.6199951171875,404.5763244628906,9.591484069824219
2022-03-02,179.72999572753906,412.01904296875,9.496946334838867
2022-03-03,180.8000030517578,409.9678955078125,9.514134407043457
2022-03-04,183.67999267578125,406.63702392578125,9.574296951293945
2022-03-07,186.41000366210938,394.6496887207031,9.54851245880127
2022-03-08,191.50999450683594,391.6575622558594,9.496946334838867
2022-03-09,185.82000732421875,402.1582336425781,9.462569236755371
2022-03-10,186.39999389648438,400.34234619140625,9.43678092956543
2022-03-11,185.08999633789062,395.2519226074219,9.428189277648926
2022-03-14,182.3000030517578,392.36322021484375,9.359434127807617
2022-03-15,178.88999938964844,400.9914855957031,9.350837707519531
2022-03-16,180.00999450683594,409.8831481933594,9.333648681640625
2022-03-17,180.88999938964844,415.01116943359375,9.325053215026855
2022-03-18,179.3000030517578,419.55670166015625,9.333648681640625
2022-03-21,180.6699981689453,419.4340515136719,9.256299018859863
2022-03-22,179.36000061035156,424.342041015625,9.22192096710205
2022-03-23,181.80999755859375,418.8771057128906,9.256299018859863
2022-03-24,183.1300048828125,425.1914978027344,9.230517387390137
2022-03-25,182.3800048828125,427.26788330078125,9.161758422851562
2022-03-28,179.05999755859375,430.30712890625,9.161758422851562
2022-03-29,179.13999938964844,435.6303405761719,9.187543869018555
2022-03-30,180.5800018310547,432.9403991699219,9.213325500488281
2022-03-31,180.64999389648438,426.2768859863281,9.226235389709473
2022-04-01,179.5,427.4850158691406,9.174595832824707
2022-04-04,180.3699951171875,431.14715576171875,9.18320083618164
2022-04-05,179.24000549316406,425.701171875,9.105744361877441
2022-04-06,179.66000366210938,421.4444274902344,9.097134590148926
2022-04-07,180.33999633789062,423.5680847167969,9.097134590148926
2022-04-08,181.47000122070312,422.4354248046875,9.071319580078125
2022-04-11,182.3699951171875,415.215087890625,9.04549789428711
2022-04-12,183.77000427246094,413.6765441894531,9.088530540466309
2022-04-13,184.64999389648438,418.4147033691406,9.105744361877441
2022-04-14,184.0399932861328,413.20465087890625,9.04549789428711
2022-04-18,184.61000061035156,413.37457275390625,9.036893844604492
2022-04-19,181.82000732421875,420.0475158691406,8.993857383728027
2022-04-20,182.7100067138672,419.736083984375,9.019675254821777
2022-04-21,182.05999755859375,413.4595031738281,8.985251426696777
2022-04-22,180.2899932861328,402.1145324707031,8.993857383728027
2022-04-25,177.0500030517578,404.44580078125,9.028287887573242
2022-04-26,177.32000732421875,392.7326965332031,9.071319580078125
2022-04-27,175.97999572753906,393.83697509765625,9.04549789428711
2022-04-28,176.92999267578125,403.7850646972656,9.028287887573242
2022-04-29,176.91000366210938,388.86297607421875,9.005877494812012
2022-05-02,173.6300048828125,391.2037048339844,8.962786674499512
2022-05-03,174.08999633789062,392.9970703125,8.971407890319824
2022-05-04,175.8000030517578,404.9649353027344,9.014496803283691
2022-05-05,175.1300048828125,390.5713195800781,8.962786674499512
2022-05-06,175.4199981689453,388.24005126953125,8.936931610107422
2022-05-09,172.8800048828125,375.80963134765625,8.988642692565918
2022-05-10,171.4199981689453,376.67791748046875,8.997259140014648
2022-05-11,172.82000732421875,370.6939697265625,9.023113250732422
2022-05-12,170.1699981689453,370.3069763183594,9.048971176147461
2022-05-13,168.7899932861328,379.1602783203125,9.023113250732422
2022-05-16,170.39999389648438,377.6217956542969,9.048971176147461
2022-05-17,169.3300018310547,385.3896179199219,8.997259140014648
2022-05-18,169.4199981689453,369.8539733886719,9.023113250732422
2022-05-19,171.91000366210938,367.5887756347656,9.048971176147461
2022-05-20,172.02999877929688,367.74920654296875,9.074821472167969
2022-05-23,172.8300018310547,374.6298828125,9.040351867675781
2022-05-24,174.1300048828125,371.7699890136719,9.092061042785645
2022-05-25,173.0800018310547,375.0545654296875,9.109292984008789
2022-05-26,172.75999450683594,382.54864501953125,9.109292984008789
2022-05-27,172.85000610351562,391.9399108886719,9.109292984008789
2022-05-31,171.13999938964844,389.74072265625,9.072176933288574
2022-06-01,172.22999572753906,386.58831787109375,9.029017448425293
2022-06-02,174.35000610351562,393.9503173828125,9.037647247314453
2022-06-03,172.5800018310547,387.4848937988281,9.029017448425293
2022-06-06,171.82000732421875,388.66473388671875,8.985859870910645
2022-06-07,172.94000244140625,392.3929748535156,9.003121376037598
2022-06-08,172.77999877929688,388.12677001953125,8.985859870910645
2022-06-09,172.22999572753906,378.8959655761719,8.97722339630127
2022-06-10,174.5399932861328,367.90966796875,8.899537086486816
2022-06-13,169.92999267578125,353.9408264160156,8.795952796936035
2022-06-14,168.57000732421875,352.8742370605469,8.744162559509277
2022-06-15,170.77000427246094,357.9049377441406,8.830483436584473
2022-06-16,172.69000244140625,346.0597229003906,8.865012168884277
2022-06-17,171.27000427246094,346.80572509765625,8.856380462646484
2022-06-21,170.6300048828125,355.53607177734375,8.839111328125
2022-06-22,171.30999755859375,354.89154052734375,8.90816593170166
2022-06-23,170.25999450683594,358.370361328125,8.942696571350098
2022-06-24,170.08999633789062,369.7644348144531,8.925436973571777
2022-06-27,169.89999389648438,368.3520202636719,8.899537086486816
2022-06-28,169.6199951171875,360.82550048828125,8.899537086486816
2022-06-29,169.49000549316406,360.5316467285156,8.942696571350098
2022-06-30,168.4600067138672,357.6025390625,8.997149467468262
2022-07-01,168.32000732421875,361.3847351074219,9.074930191040039
2022-07-05,164.75,362.0672607421875,9.092218399047852
2022-07-06,162.13999938964844,363.2900695800781,9.031721115112305
2022-07-07,162.22999572753906,368.7311096191406,8.988502502441406
2022-07-08,162.3000030517578,368.42779541015625,8.953933715820312
2022-07-11,161.42999267578125,364.2190246582031,8.997149467468262
2022-07-12,160.8300018310547,360.99603271484375,9.005790710449219
2022-07-13,161.60000610351562,359.1002197265625,9.014431953430176
2022-07-14,159.3300018310547,358.22821044921875,8.979862213134766
2022-07-15,159.00999450683594,365.0721435546875,8.997149467468262
2022-07-18,159.16000366210938,362.0578308105469,8.988502502441406
2022-07-19,159.5399932861328,371.8402099609375,8.953933715820312
2022-07-20,158.0399932861328,374.2100830078125,8.94528865814209
2022-07-21,160.27000427246094,378.0207214355469,9.023075103759766
2022-07-22,160.6699981689453,374.513427734375,9.092218399047852
2022-07-25,160.22999572753906,374.96844482421875,9.074930191040039
2022-07-26,160.0399932861328,370.53216552734375,9.066292762756348
2022-07-27,161.6699981689453,380.153564453125,9.092218399047852
2022-07-28,163.63999938964844,384.9216003417969,9.152714729309082
2022-07-29,164.10000610351562,390.53326416015625,9.17003345489502
2022-08-01,165.02999877929688,389.3767395019531,9.196013450622559
2022-08-02,164.0500030517578,386.8079528808594,9.100763320922852
2022-08-03,164.4499969482422,392.8650817871094,9.118081092834473
2022-08-04,167.1699981689453,392.5997314453125,9.15271282196045
2022-08-05,165.2899932861328,391.9361572265625,9.057465553283691
2022-08-08,166.69000244140625,391.481201171875,9.08344554901123
2022-08-09,167.1999969482422,389.92657470703125,9.066125869750977
2022-08-10,166.77999877929688,398.11663818359375,9.074786186218262
2022-08-11,166.33999633789062,398.11663818359375,9.040149688720703
2022-08-12,167.8699951171875,404.8562927246094,9.057465553283691
2022-08-15,165.7100067138672,406.5246276855469,9.074786186218262
2022-08-16,165.4199981689453,407.3208923339844,9.057465553283691
2022-08-17,164.35000610351562,404.42974853515625,9.014172554016113
2022-08-18,163.9199981689453,405.6052551269531,9.031490325927734
2022-08-19,162.72000122070312,400.1546630859375,8.98819351196289
2022-08-22,161.63999938964844,391.82244873046875,8.962214469909668
2022-08-23,162.77000427246094,390.8745422363281,8.953559875488281
2022-08-24,163.25,392.125732421875,8.927578926086426
2022-08-25,163.75,397.66162109375,8.962214469909668
2022-08-26,161.75999450683594,384.2011413574219,8.944897651672363
2022-08-29,161.86000061035156,381.6607666015625,8.910259246826172
2022-08-30,160.50999450683594,377.4708557128906,8.910259246826172
2022-08-31,159.27000427246094,374.5987548828125,8.9033203125
2022-09-01,157.8699951171875,375.77423095703125,8.868608474731445
2022-09-02,159.25999450683594,371.81182861328125,8.91199779510498
2022-09-06,158.3300018310547,370.4089660644531,8.842572212219238
2022-09-07,159.94000244140625,377.0633544921875,8.885960578918457
2022-09-08,158.97999572753906,379.5279541015625,8.859930992126465
2022-09-09,159.82000732421875,385.4239501953125,8.851258277893066
2022-09-12,160.6300048828125,389.5663757324219,8.842572212219238
2022-09-13,158.5399932861328,372.6270751953125,8.799189567565918
2022-09-14,157.92999267578125,374.04901123046875,8.790513038635254
2022-09-15,154.97999572753906,369.80224609375,8.764476776123047
2022-09-16,155.83999633789062,366.9810485839844,8.77315616607666
2022-09-19,155.9600067138672,369.82696533203125,8.755802154541016
2022-09-20,155.07000732421875,365.58197021484375,8.721092224121094
2022-09-21,155.7899932861328,359.20477294921875,8.72976303100586
2022-09-22,155.6999969482422,356.18743896484375,8.651668548583984
2022-09-23,153.00999450683594,350.2196350097656,8.634307861328125
2022-09-26,151.22999572753906,346.7550354003906,8.54753303527832
2022-09-27,151.5399932861328,345.8699035644531,8.512819290161133
2022-09-28,154.69000244140625,352.67535400390625,8.642990112304688
2022-09-29,154.66000366210938,345.308349609375,8.616955757141113
2022-09-30,154.6699981689453,339.9686279296875,8.613476753234863
2022-10-03,158.42999267578125,348.94415283203125,8.674322128295898
2022-10-04,160.6999969482422,359.75689697265625,8.691703796386719
2022-10-05,159.80999755859375,358.91925048828125,8.639554977416992
2022-10-06,159.6300048828125,355.2166748046875,8.60478401184082
2022-10-07,157.8800048828125,345.308349609375,8.570022583007812
2022-10-10,155.47999572753906,342.6717529296875,8.552638053894043
2022-10-11,155.16000366210938,340.5016784667969,8.56132698059082
2022-10-12,155.99000549316406,339.37847900390625,8.578713417053223
2022-10-13,154.91000366210938,348.3350830078125,8.535252571105957
2022-10-14,152.97999572753906,340.3970031738281,8.509177207946777
2022-10-17,153.4199981689453,349.1440734863281,8.526562690734863
2022-10-18,153.75,353.2463684082031,8.543946266174316
2022-10-19,151.69000244140625,350.7431945800781,8.474410057067871
2022-10-20,151.4499969482422,347.8020935058594,8.430952072143555
2022-10-21,154.14999389648438,356.2541809082031,8.465720176696777
2022-10-24,153.64999389648438,360.6134338378906,8.465720176696777
2022-10-25,154.0,366.3719482421875,8.517871856689453
2022-10-26,154.97999572753906,363.611572265625,8.543946266174316
2022-10-27,154.74000549316406,361.6700744628906,8.596092224121094
2022-10-28,153.16000366210938,370.2743835449219,8.552638053894043
2022-10-31,151.91000366210938,367.5997314453125,8.54218578338623
2022-11-01,153.4600067138672,365.99114990234375,8.533482551574707
2022-11-02,152.38999938964844,356.8061828613281,8.52476978302002
2022-11-03,151.80999755859375,353.1322021484375,8.48994255065918
2022-11-04,156.47000122070312,358.2148742675781,8.498649597167969
2022-11-07,155.85000610351562,361.6413269042969,8.472526550292969
2022-11-08,159.4499969482422,363.5926513671875,8.507357597351074
2022-11-09,158.64999389648438,356.1018981933594,8.533482551574707
2022-11-10,163.47999572753906,375.671142578125,8.67280101776123
2022-11-11,164.55999755859375,379.3070983886719,8.664095878601074
2022-11-14,164.9199981689453,376.0804138183594,8.64668083190918
2022-11-15,165.5,379.2880554199219,8.690215110778809
2022-11-16,165.1199951171875,376.3945007324219,8.72504711151123
2022-11-17,163.9199981689453,375.2428894042969,8.681511878967285
2022-11-18,162.7899932861328,376.9465637207031,8.65538501739502
2022-11-21,161.8800048828125,375.5759582519531,8.65538501739502
2022-11-22,162.07000732421875,380.63006591796875,8.67280101776123
2022-11-23,163.0800018310547,383.0286560058594,8.698925018310547
2022-11-25,163.22000122070312,382.9429626464844,8.698925018310547
2022-11-28,161.92999267578125,376.8323669433594,8.70763111114502
2022-11-29,162.72999572753906,376.1851501464844,8.681511878967285
2022-11-30,164.80999755859375,388.03521728515625,8.760034561157227
2022-12-01,167.83999633789062,387.74969482421875,8.82983684539795
2022-12-02,167.25999450683594,387.30230712890625,8.838562965393066
2022-12-05,164.38999938964844,380.3350524902344,8.76876163482666
2022-12-06,164.83999633789062,374.8526611328125,8.79493522644043
2022-12-07,166.3300018310547,374.21484375,8.847285270690918
2022-12-08,166.47000122070312,377.1464538574219,8.81238842010498
2022-12-09,167.05999755859375,374.3291320800781,8.777484893798828
2022-12-12,165.67999267578125,379.725830078125,8.76876163482666
2022-12-13,168.50999450683594,382.6003723144531,8.82983684539795
2022-12-14,168.10000610351562,380.1541748046875,8.838562965393066
2022-12-15,165.35000610351562,370.8550109863281,8.847285270690918
2022-12-16,166.7899932861328,366.4766540527344,8.838562965393066
2022-12-19,166.32000732421875,363.3690490722656,8.79493522644043
2022-12-20,169.0800018310547,363.8662414550781,8.760034561157227
2022-12-21,168.8000030517578,369.3069152832031,8.76876163482666
2022-12-22,166.75999450683594,364.038330078125,8.760034561157227
2022-12-23,167.25999450683594,366.1324157714844,8.733858108520508
2022-12-27,168.6699981689453,364.6886291503906,8.690234184265137
2022-12-28,167.91000366210938,360.1562805175781,8.681510925292969
2022-12-29,168.85000610351562,366.63916015625,8.69896125793457
2022-12-30,169.63999938964844,365.67333984375,8.691964149475098
2023-01-03,171.05999755859375,364.1339416503906,8.735687255859375
2023-01-04,172.6699981689453,366.9451904296875,8.770665168762207
2023-01-05,170.52000427246094,362.7570495605469,8.753174781799316
2023-01-06,173.7100067138672,371.0758361816406,8.840619087219238
2023-01-09,174.10000610351562,370.8655090332031,8.858109474182129
2023-01-10,174.74000549316406,373.46630859375,8.831876754760742
2023-01-11,174.6199951171875,378.1899108886719,8.858109474182129
2023-01-12,176.63999938964844,379.5668029785156,8.919321060180664
2023-01-13,178.75999450683594,381.0392761230469,8.884344100952148
2023-01-17,177.58999633789062,380.3412780761719,8.875597953796387
2023-01-18,177.0800018310547,374.33642578125,8.954293251037598
2023-01-19,179.88999938964844,371.61138916015625,8.936810493469238
2023-01-20,179.2899932861328,378.5340576171875,8.901829719543457
2023-01-23,179.6300048828125,383.0759582519531,8.875597953796387
2023-01-24,180.27999877929688,382.6648254394531,8.901829719543457
2023-01-25,181.11000061035156,382.8082580566406,8.910574913024902
2023-01-26,179.47000122070312,387.0154113769531,8.884344100952148
2023-01-27,179.22000122070312,387.9046630859375,8.875597953796387
2023-01-30,178.75999450683594,383.0376892089844,8.84936237335205
2023-01-31,179.41000366210938,388.6696472167969,8.904582023620605
2023-02-01,181.6699981689453,392.8004150390625,8.957167625427246
2023-02-02,177.89999389648438,398.518310546875,8.957167625427246
2023-02-03,173.4600067138672,394.282470703125,8.878287315368652
2023-02-06,173.82000732421875,391.87286376953125,8.808173179626465
2023-02-07,173.97999572753906,396.998046875,8.799407958984375
2023-02-08,174.41000366210938,392.6568908691406,8.816935539245605
2023-02-09,173.02999877929688,389.2529296875,8.790642738342285
2023-02-10,173.36000061035156,390.1612854003906,8.764348030090332
2023-02-13,172.47999572753906,394.74139404296875,8.773114204406738
2023-02-14,172.61000061035156,394.5597839355469,8.729292869567871
2023-02-15,170.88999938964844,395.8410339355469,8.720528602600098
2023-02-16,170.75,390.3907775878906,8.702998161315918
2023-02-17,171.25999450683594,389.41546630859375,8.720528602600098
2023-02-21,170.6199951171875,381.6034240722656,8.650413513183594
2023-02-22,169.66000366210938,381.07757568359375,8.659178733825684
2023-02-23,169.57000732421875,383.10467529296875,8.685468673706055
2023-02-24,168.35000610351562,379.0121154785156,8.641651153564453
2023-02-27,169.00999450683594,380.302978515625,8.659178733825684
2023-02-28,169.77999877929688,378.8974609375,8.679386138916016
2023-03-01,170.75999450683594,377.44403076171875,8.635457992553711
2023-03-02,170.66000366210938,380.3795471191406,8.609106063842773
2023-03-03,172.49000549316406,386.47998046875,8.644240379333496
2023-03-06,171.6199951171875,386.7477111816406,8.635457992553711
2023-03-07,168.6199951171875,380.81939697265625,8.617887496948242
2023-03-08,168.5399932861328,381.4408264160156,8.609106063842773
2023-03-09,170.1999969482422,374.4034118652344,8.661810874938965
2023-03-10,173.8699951171875,369.0008850097656,8.776016235351562
2023-03-13,177.86000061035156,368.4750061035156,8.88143253326416
2023-03-14,176.8300018310547,374.5659484863281,8.811151504516602
2023-03-15,178.2100067138672,372.2232971191406,8.916570663452148
2023-03-16,178.57000732421875,378.7540588378906,8.846294403076172
2023-03-17,183.77000427246094,374.3253173828125,8.934141159057617
2023-03-20,183.83999633789062,377.9246520996094,8.907790184020996
2023-03-21,180.3699951171875,382.8871154785156,8.837509155273438
2023-03-22,183.44000244140625,376.3601989746094,8.934141159057617
2023-03-23,185.74000549316406,377.37762451171875,8.978065490722656
2023-03-24,183.64999389648438,379.8539733886719,8.978065490722656
2023-03-27,181.9499969482422,380.56427001953125,8.899003028869629
2023-03-28,183.44000244140625,379.71002197265625,8.88143253326416
2023-03-29,182.52999877929688,385.22906494140625,8.872648239135742
2023-03-30,184.17999267578125,387.4846496582031,8.872648239135742
2023-03-31,183.22000122070312,392.9461364746094,8.936989784240723
2023-04-03,184.5399932861328,394.44342041015625,8.972240447998047
2023-04-04,187.97999572753906,392.25506591796875,9.025123596191406
2023-04-05,187.8300018310547,391.22802734375,9.04275131225586
2023-04-06,186.49000549316406,392.75408935546875,9.04275131225586
2023-04-10,185.11000061035156,393.1572570800781,8.972240447998047
2023-04-11,186.27999877929688,393.2628479003906,8.963428497314453
2023-04-12,187.19000244140625,391.659912109375,8.989870071411133
2023-04-13,189.72000122070312,396.8622741699219,8.972240447998047
2023-04-14,186.36000061035156,395.892822265625,8.92817497253418
2023-04-17,185.52999877929688,397.3133239746094,8.89292049407959
2023-04-18,186.25,397.5724792480469,8.89292049407959
2023-04-19,185.36000061035156,397.5053405761719,8.884106636047363
2023-04-20,186.08999633789062,395.3360595703125,8.919360160827637
2023-04-21,184.25,395.6432800292969,8.9017333984375
2023-04-24,184.80999755859375,396.05596923828125,8.936989784240723
2023-04-25,185.75,389.76904296875,9.00749683380127
2023-04-26,184.74000549316406,388.1181335449219,8.981054306030273
2023-04-27,184.75,395.8447570800781,8.92817497253418
2023-04-28,184.8000030517578,399.223388671875,8.999781608581543
2023-05-01,183.97000122070312,398.8203125,8.929061889648438
2023-05-02,187.52000427246094,394.337890625,9.017463684082031
2023-05-03,189.11000061035156,391.631103515625,9.061664581298828
2023-05-04,190.44000244140625,388.85723876953125,9.079349517822266
2023-05-05,187.4600067138672,396.05596923828125,9.026304244995117
2023-05-08,187.69000244140625,396.16156005859375,8.990944862365723
2023-05-09,189.02000427246094,394.4242248535156,8.982101440429688
2023-05-10,188.75,396.26715087890625,9.03514289855957
2023-05-11,187.1300048828125,395.57611083984375,9.052824974060059
2023-05-12,186.80999755859375,395.0577697753906,9.008623123168945
2023-05-15,187.2100067138672,396.4207458496094,8.999781608581543
2023-05-16,184.8699951171875,393.7716064453125,8.973260879516602
2023-05-17,184.22999572753906,398.551513671875,8.946739196777344
2023-05-18,181.83999633789062,402.3908386230469,8.902536392211914
2023-05-19,183.63999938964844,401.805419921875,8.876012802124023
2023-05-22,183.2100067138672,401.9685363769531,8.867172241210938
2023-05-23,183.42999267578125,397.4573669433594,8.876012802124023
2023-05-24,181.9499969482422,394.5777893066406,8.858330726623535
2023-05-25,180.1999969482422,397.99481201171875,8.79644775390625
2023-05-26,180.9199981689453,403.14910888671875,8.79644775390625
2023-05-30,182.0399932861328,403.30267333984375,8.858330726623535
2023-05-31,182.32000732421875,401.0663146972656,8.900887489318848
2023-06-01,183.75999450683594,404.87689208984375,8.927482604980469
2023-06-02,181.0500030517578,410.7318420410156,8.865429878234863
2023-06-05,182.13999938964844,409.94476318359375,8.865429878234863
2023-06-06,182.33999633789062,410.83740234375,8.865429878234863
2023-06-07,180.14999389648438,409.4168701171875,8.82996654510498
2023-06-08,182.52999877929688,411.8931884765625,8.865429878234863
2023-06-09,182.0399932861328,412.6322937011719,8.838828086853027
2023-06-12,181.8800048828125,416.37567138671875,8.847697257995605
2023-06-13,180.5399932861328,419.1207275390625,8.794499397277832
2023-06-14,180.63999938964844,419.619873046875,8.794499397277832
2023-06-15,181.91000366210938,424.8221740722656,8.847697257995605
2023-06-16,181.6300048828125,423.37518310546875,8.812232971191406
2023-06-20,179.75,421.1785583496094,8.82996654510498
2023-06-21,179.49000549316406,419.02056884765625,8.82996654510498
2023-06-22,177.7100067138672,420.53314208984375,8.794499397277832
2023-06-23,178.1999969482422,417.3539123535156,8.821098327636719
2023-06-26,178.50999450683594,415.648681640625,8.82996654510498
2023-06-27,177.69000244140625,420.2056579589844,8.803367614746094
2023-06-28,177.27999877929688,420.41754150390625,8.82996654510498
2023-06-29,177.08999633789062,422.0745849609375,8.759041786193848
2023-06-30,178.27000427246094,427.0553283691406,8.791933059692383
2023-07-03,178.47000122070312,427.5466613769531,8.765262603759766
2023-07-05,177.83999633789062,426.9108581542969,8.738594055175781
2023-07-06,177.30999755859375,423.5678405761719,8.67636775970459
2023-07-07,178.63999938964844,422.4984436035156,8.685256958007812
2023-07-10,178.77999877929688,423.5678405761719,8.685256958007812
2023-07-11,179.4499969482422,426.2653503417969,8.729702949523926
2023-07-12,181.8800048828125,429.6950378417969,8.800820350646973
2023-07-13,182.00999450683594,433.10546875,8.863049507141113
2023-07-14,181.42999267578125,432.8357238769531,8.818599700927734
2023-07-17,181.55999755859375,434.338623046875,8.827491760253906
2023-07-18,183.63999938964844,437.5660400390625,8.836380958557129
2023-07-19,183.6699981689453,438.5390319824219,8.85416316986084
2023-07-20,182.74000549316406,435.62957763671875,8.800820350646973
2023-07-21,182.17999267578125,435.62957763671875,8.800820350646973
2023-07-24,181.39999389648438,437.57568359375,8.78304386138916
2023-07-25,182.41000366210938,438.7702941894531,8.765262603759766
2023-07-26,183.3000030517578,438.837646484375,8.791933059692383
2023-07-27,180.4199981689453,435.9282531738281,8.720815658569336
2023-07-28,181.86000061035156,440.1961364746094,8.747485160827637
2023-07-31,182.35000610351562,441.0343322753906,8.782256126403809
2023-08-01,180.4600067138672,439.7721862792969,8.746593475341797
2023-08-02,179.60000610351562,433.6546325683594,8.737677574157715
2023-08-03,179.5399932861328,432.4117736816406,8.702013969421387
2023-08-04,180.19000244140625,430.45611572265625,8.773341178894043
2023-08-07,179.77999877929688,434.2133483886719,8.764424324035645
2023-08-08,178.63999938964844,432.32513427734375,8.791171073913574
2023-08-09,177.7899932861328,429.4349670410156,8.791171073913574
2023-08-10,177.60000610351562,429.5890808105469,8.737677574157715
2023-08-11,177.60000610351562,429.3385314941406,8.702013969421387
2023-08-14,177.05999755859375,431.7085266113281,8.68418025970459
2023-08-15,176.58999633789062,426.6795654296875,8.675262451171875
2023-08-16,175.57000732421875,423.5485534667969,8.65743350982666
2023-08-17,175.3000030517578,420.3211669921875,8.648514747619629
2023-08-18,175.3300018310547,420.52349853515625,8.666346549987793
2023-08-21,175.80999755859375,423.2595520019531,8.63068675994873
2023-08-22,176.10000610351562,422.1131286621094,8.6217679977417
2023-08-23,177.88999938964844,426.814453125,8.68418025970459
2023-08-24,177.85000610351562,420.899169921875,8.666346549987793
2023-08-25,177.6199951171875,423.8664855957031,8.65743350982666
2023-08-28,178.1300048828125,426.55438232421875,8.675262451171875
2023-08-29,179.8699951171875,432.7201232910156,8.719840049743652
2023-08-30,180.32000732421875,434.50238037109375,8.719840049743652
2023-08-31,180.02000427246094,433.8665466308594,8.764562606811523
2023-09-01,180.11000061035156,434.6758117675781,8.728787422180176
2023-09-05,178.63999938964844,432.7971496582031,8.693013191223145
2023-09-06,177.8300018310547,429.8877258300781,8.666182518005371
2023-09-07,178.02000427246094,428.5679016113281,8.693013191223145
2023-09-08,178.0800018310547,429.21331787109375,8.693013191223145
2023-09-11,178.41000366210938,432.0361633300781,8.684072494506836
2023-09-12,177.49000549316406,429.6661376953125,8.684072494506836
2023-09-13,177.0800018310547,430.1671447753906,8.693013191223145
2023-09-14,177.1699981689453,433.8761291503906,8.684072494506836
2023-09-15,178.33999633789062,428.6487121582031,8.65723991394043
2023-09-18,179.38999938964844,428.90008544921875,8.666182518005371
2023-09-19,179.22000122070312,428.0106506347656,8.63935375213623
2023-09-20,179.35000610351562,424.0757751464844,8.630411148071289
2023-09-21,178.0500030517578,417.0665283203125,8.594635009765625
2023-09-22,178.6199951171875,416.12872314453125,8.61252498626709
2023-09-25,177.6999969482422,417.8786315917969,8.576749801635742
2023-09-26,176.27999877929688,411.73944091796875,8.576749801635742
2023-09-27,174.10000610351562,411.9037780761719,8.549920082092285
2023-09-28,173.22999572753906,414.2917175292969,8.576749801635742
2023-09-29,171.4499969482422,413.2863464355469,8.602763175964355
2023-10-02,169.64999389648438,413.1219482421875,8.557909965515137
2023-10-03,169.16000366210938,407.59185791015625,8.513059616088867
2023-10-04,169.13999938964844,410.5599365234375,8.548937797546387
2023-10-05,168.8300018310547,410.40521240234375,8.566882133483887
2023-10-06,169.6999969482422,415.27789306640625,8.530997276306152
2023-10-09,172.82000732421875,417.9366455078125,8.611737251281738
2023-10-10,172.52999877929688,420.1119079589844,8.593792915344238
2023-10-11,173.7899932861328,421.83282470703125,8.611737251281738
2023-10-12,173.25999450683594,419.2611083984375,8.557909965515137
2023-10-13,178.8300018310547,417.1728210449219,8.584823608398438
2023-10-16,177.9600067138672,421.5621032714844,8.557909965515137
2023-10-17,178.2899932861328,421.542724609375,8.4861478805542
2023-10-18,180.8699951171875,415.9256591796875,8.459233283996582
2023-10-19,183.08999633789062,412.27117919921875,8.441292762756348
2023-10-20,183.58999633789062,407.20513916015625,8.4861478805542
2023-10-23,182.97000122070312,406.4994201660156,8.513059616088867
2023-10-24,182.9499969482422,409.56414794921875,8.513059616088867
2023-10-25,183.72000122070312,403.68603515625,8.4682035446167
2023-10-26,184.00999450683594,398.8520202636719,8.513059616088867
2023-10-27,186.14999389648438,397.0440673828125,8.522028923034668
2023-10-30,185.10000610351562,401.7911071777344,8.504085540771484
2023-10-31,184.08999633789062,404.314453125,8.522086143493652
2023-11-01,183.50999450683594,408.6263427734375,8.585081100463867
2023-11-02,184.1199951171875,416.4574279785156,8.612076759338379
2023-11-03,184.7899932861328,420.2569580078125,8.666068077087402
2023-11-06,183.35000610351562,421.2237548828125,8.630071640014648
2023-11-07,182.58999633789062,422.4225769042969,8.65707015991211
2023-11-08,180.77000427246094,422.7319030761719,8.675069808959961
2023-11-09,181.49000549316406,419.43511962890625,8.612076759338379
2023-11-10,179.50999450683594,425.98028564453125,8.612076759338379
2023-11-13,180.50999450683594,425.5743103027344,8.612076759338379
2023-11-14,182.1199951171875,433.83074951171875,8.711064338684082
2023-11-15,181.63999938964844,434.7492370605469,8.666068077087402
2023-11-16,183.69000244140625,435.28094482421875,8.711064338684082
2023-11-17,183.6699981689453,435.8223571777344,8.702065467834473
2023-11-20,183.3699951171875,439.1771545410156,8.711064338684082
2023-11-21,185.35000610351562,438.219970703125,8.72006607055664
2023-11-22,184.55999755859375,439.9118957519531,8.711064338684082
2023-11-24,185.52000427246094,440.1825256347656,8.68406867980957
2023-11-27,186.77000427246094,439.3897705078125,8.729061126708984
2023-11-28,189.25999450683594,439.8249206542969,8.765058517456055
2023-11-29,189.5399932861328,439.5155029296875,8.801054954528809
2023-11-30,188.75,441.24603271484375,8.792028427124023
2023-12-01,192.00999450683594,443.8564147949219,8.855215072631836
2023-12-04,187.86000061035156,441.5263977050781,8.82813549041748
2023-12-05,187.14999389648438,441.4394226074219,8.864242553710938
2023-12-06,187.83999633789062,439.6605224609375,8.88229751586914
2023-12-07,188.14999389648438,443.01531982421875,8.873268127441406
2023-12-08,185.63999938964844,444.919921875,8.82813549041748
2023-12-11,183.58999633789062,446.6504821777344,8.82813549041748
2023-12-12,183.49000549316406,448.6904296875,8.846189498901367
2023-12-13,187.6300048828125,454.8779296875,8.945483207702637
2023-12-14,188.72999572753906,456.33782958984375,8.990618705749512
2023-12-15,187.0,455.5864562988281,8.981588363647461
2023-12-18,187.85000610351562,458.149169921875,8.97256088256836
2023-12-19,189.1300048828125,460.9350891113281,8.981588363647461
2023-12-20,188.10000610351562,454.54779052734375,9.017696380615234
2023-12-21,189.42999267578125,458.85772705078125,9.008670806884766
2023-12-22,190.27000427246094,459.7799377441406,9.008670806884766
2023-12-26,191.72000122070312,461.7213134765625,8.999645233154297
2023-12-27,192.58999633789062,462.55615234375,9.053804397583008
2023-12-28,191.47000122070312,462.7309265136719,9.026724815368652
2023-12-29,191.1699981689453,461.3913269042969,9.045738220214844
2024-01-02,190.72000122070312,458.8092041015625,9.018575668334961
2024-01-03,189.1300048828125,455.0622253417969,9.027629852294922
2024-01-04,189.32000732421875,453.59649658203125,8.991409301757812
2024-01-05,189.35000610351562,454.2177734375,8.973299026489258
2024-01-08,187.8699951171875,460.70208740234375,8.991409301757812
2024-01-09,187.92999267578125,460.003173828125,8.991409301757812
2024-01-10,187.5,462.604736328125,8.982356071472168
2024-01-11,187.8699951171875,462.4008483886719,9.018575668334961
2024-01-12,189.7100067138672,462.7212219238281,9.03668212890625
2024-01-16,187.91000366210938,461.0224304199219,8.991409301757812
2024-01-17,185.83999633789062,458.4597473144531,8.964245796203613
2024-01-18,187.3699951171875,462.5367736816406,8.946136474609375
2024-01-19,187.92999267578125,468.3027648925781,8.946136474609375
2024-01-22,187.22000122070312,469.2929382324219,8.964245796203613
2024-01-23,187.9499969482422,470.66162109375,8.946136474609375
2024-01-24,186.39999389648438,471.1761474609375,8.928022384643555
2024-01-25,187.13999938964844,473.73883056640625,8.955191612243652
2024-01-26,187.00999450683594,473.1370544433594,8.946136474609375
2024-01-29,188.3300018310547,476.8839416503906,8.982356071472168
2024-01-30,188.58999633789062,476.51507568359375,8.982356071472168
2024-01-31,188.4499969482422,468.73968505859375,9.065009117126465
2024-02-01,190.41000366210938,474.87457275390625,9.10134506225586
2024-02-02,188.61000061035156,479.8737487792969,9.010512351989746
2024-02-05,187.57000732421875,478.1264343261719,8.94693374633789
2024-02-06,188.5500030517578,479.51458740234375,8.983263969421387
2024-02-07,188.5,483.51397705078125,8.97418212890625
2024-02-08,188.3300018310547,483.7275390625,8.94693374633789
2024-02-09,187.60000610351562,486.5231628417969,8.937846183776855
2024-02-12,187.11000061035156,486.30963134765625,8.94693374633789
2024-02-13,184.52999877929688,479.61163330078125,8.865182876586914
2024-02-14,184.4199981689453,483.97021484375,8.892430305480957
2024-02-15,185.66000366210938,487.3094787597656,8.910595893859863
2024-02-16,186.33999633789062,484.8826904296875,8.883347511291504
2024-02-20,187.47000122070312,482.2131652832031,8.892430305480957
2024-02-21,187.47999572753906,482.6500244140625,8.874267578125
2024-02-22,187.55999755859375,492.638671875,8.865182876586914
2024-02-23,188.6199951171875,492.9783935546875,8.892430305480957
2024-02-26,188.1999969482422,491.17291259765625,8.874267578125
2024-02-27,188.0,492.08538818359375,8.865182876586914
2024-02-28,188.33999633789062,491.43499755859375,8.892430305480957
2024-02-29,189.30999755859375,493.20166015625,8.927962303161621
2024-03-01,192.88999938964844,497.83203125,8.964400291442871
2024-03-04,196.00999450683594,497.2980651855469,8.946182250976562
2024-03-05,197.19000244140625,492.3280029296875,8.982621192932129
2024-03-06,198.80999755859375,494.82281494140625,8.99173355102539
2024-03-07,199.94000244140625,499.7346496582031,9.009953498840332
2024-03-08,201.6300048828125,496.7350769042969,9.019064903259277
2024-03-11,202.0,496.3080139160156,9.000845909118652
2024-03-12,199.7899932861328,501.6470031738281,8.973514556884766
2024-03-13,201.19000244140625,500.86065673828125,8.955289840698242
2024-03-14,200.35000610351562,499.8705139160156,8.90063190460205
2024-03-15,199.7100067138672,496.4381408691406,8.891520500183105
2024-03-18,200.02999877929688,499.3885498046875,8.88240909576416
2024-03-19,199.8000030517578,502.1636962890625,8.90973949432373
2024-03-20,202.17999267578125,506.8083801269531,8.927962303161621
2024-03-21,201.97000122070312,508.4832763671875,8.927962303161621
2024-03-22,200.35000610351562,507.51922607421875,8.955289840698242
2024-03-25,200.99000549316406,506.11700439453125,8.937068939208984
2024-03-26,201.63999938964844,505.1822204589844,8.946182250976562
2024-03-27,203.10000610351562,509.42767333984375,8.964400291442871
2024-03-28,205.72000122070312,509.33038330078125,8.979948043823242
2024-04-01,207.82000732421875,508.44427490234375,8.925080299377441
2024-04-02,210.88999938964844,505.2115173339844,8.915933609008789
2024-04-03,212.74000549316406,505.7664489746094,8.925080299377441
2024-04-04,211.52000427246094,499.5930480957031,8.943368911743164
2024-04-05,215.13999938964844,504.812255859375,8.906791687011719
2024-04-08,216.47999572753906,505.09454345703125,8.879356384277344
2024-04-09,217.6699981689453,505.6788024902344,8.906791687011719
2024-04-10,215.61000061035156,500.61541748046875,8.806200981140137
2024-04-11,219.8000030517578,504.3935241699219,8.806200981140137
2024-04-12,216.88999938964844,497.4313659667969,8.833634376525879
2024-04-15,220.9499969482422,491.199462890625,8.7970552444458
2024-04-16,221.22000122070312,490.30364990234375,8.769624710083008
2024-04-17,219.58999633789062,487.40191650390625,8.806200981140137
2024-04-18,220.33999633789062,486.39892578125,8.778767585754395
2024-04-19,221.02999877929688,482.15350341796875,8.787911415100098
2024-04-22,215.57000732421875,486.59368896484375,8.787911415100098
2024-04-23,215.0399932861328,492.367919921875,8.7970552444458
2024-04-24,214.63999938964844,492.13421630859375,8.778767585754395
2024-04-25,215.9199981689453,490.2646484375,8.751333236694336
2024-04-26,216.6199951171875,494.90936279296875,8.769624710083008
2024-04-29,216.17999267578125,496.6621398925781,8.787911415100098
2024-04-30,211.8699951171875,488.7943115234375,8.794339179992676
2024-05-01,213.7899932861328,487.2071533203125,8.82187557220459
2024-05-02,213.1300048828125,491.76422119140625,8.849416732788086
2024-05-03,212.9600067138672,497.8598327636719,8.88613510131836
2024-05-06,215.1999969482422,503.0010681152344,8.895318031311035
2024-05-07,214.2100067138672,503.55621337890625,8.904497146606445
2024-05-08,213.5800018310547,503.604736328125,8.88613510131836
2024-05-09,216.9499969482422,506.5064697265625,8.904497146606445
2024-05-10,218.7100067138672,507.158935546875,8.88613510131836
2024-05-13,216.25999450683594,507.2270812988281,8.88613510131836
2024-05-14,218.08999633789062,509.5543212890625,8.904497146606445
2024-05-15,220.88999938964844,515.8641357421875,8.959576606750488
2024-05-16,220.02999877929688,514.8026733398438,8.941214561462402
2024-05-17,223.66000366210938,515.5426635742188,8.922857284545898
2024-05-20,224.55999755859375,516.1368408203125,8.913676261901855
2024-05-21,224.22999572753906,517.402587890625,8.922857284545898
2024-05-22,220.11000061035156,515.9127807617188,8.913676261901855
2024-05-23,215.72000122070312,512.1444091796875,8.88613510131836
2024-05-24,215.9199981689453,515.5330810546875,8.88613510131836
2024-05-28,218.19000244140625,515.893310546875,8.858595848083496
2024-05-29,216.16000366210938,512.28076171875,8.83105754852295
2024-05-30,216.57000732421875,508.88238525390625,8.858595848083496
2024-05-31,215.3000030517578,513.517333984375,8.92769718170166
2024-06-03,217.22000122070312,513.93603515625,8.964550018310547
2024-06-04,215.27000427246094,514.5106201171875,8.992191314697266
2024-06-05,217.82000732421875,520.6255493164062,9.019826889038086
2024-06-06,219.42999267578125,520.615966796875,9.019826889038086
2024-06-07,211.60000610351562,519.9830322265625,8.946124076843262
2024-06-10,213.5399932861328,521.589599609375,8.936911582946777
2024-06-11,214.14999389648438,522.8458251953125,8.964550018310547
2024-06-12,214.72000122070312,527.1399536132812,9.001404762268066
2024-06-13,212.97000122070312,528.2012939453125,9.047471046447754
2024-06-14,215.72999572753906,528.5227661132812,9.047471046447754
2024-06-17,214.61000061035156,532.729248046875,9.019826889038086
2024-06-18,215.47000122070312,534.0827026367188,9.047471046447754
2024-06-20,218.16000366210938,532.6317749023438,9.029045104980469
2024-06-21,214.77999877929688,531.9176635742188,9.029045104980469
2024-06-24,215.6300048828125,530.1885375976562,9.038256645202637
2024-06-25,214.55999755859375,532.2302856445312,9.038256645202637
2024-06-26,212.5800018310547,532.8946533203125,9.001404762268066
2024-06-27,214.99000549316406,533.7346801757812,9.010619163513184
2024-06-28,215.00999450683594,531.6343383789062,9.021709442138672
2024-07-01,215.57000732421875,532.7285766601562,8.975494384765625
2024-07-02,215.55999755859375,536.3136596679688,8.993978500366211
2024-07-03,217.99000549316406,538.7069091796875,9.03095531463623
2024-07-05,220.92999267578125,541.8134155273438,9.07717227935791
2024-07-08,218.19000244140625,542.4387817382812,9.067928314208984
2024-07-09,218.55999755859375,542.9661865234375,9.067928314208984
2024-07-10,219.36000061035156,548.3390502929688,9.067928314208984
2024-07-11,223.25,543.6107788085938,9.114143371582031
2024-07-12,223.11000061035156,547.0396728515625,9.132634162902832
2024-07-15,223.8300018310547,548.5440673828125,9.114143371582031
2024-07-16,228.2899932861328,551.7969970703125,9.141877174377441
2024-07-17,227.22999572753906,544.060302734375,9.141877174377441
2024-07-18,225.77999877929688,539.879150390625,9.123387336730957
2024-07-19,221.72999572753906,536.2940673828125,9.104901313781738
2024-07-22,221.8000030517578,541.8231811523438,9.095658302307129
2024-07-23,222.5800018310547,540.973388671875,9.104901313781738
2024-07-24,221.8000030517578,528.7135009765625,9.095658302307129
2024-07-25,218.3300018310547,525.958740234375,9.104901313781738
2024-07-26,220.6300048828125,531.8492431640625,9.132634162902832
2024-07-29,220.32000732421875,532.161865234375,9.141877174377441
2024-07-30,222.52000427246094,529.4656982421875,9.160362243652344
2024-07-31,226.5500030517578,538.0718994140625,9.237340927124023
2024-08-01,225.77000427246094,530.4524536132812,9.27444076538086
2024-08-02,225.33999633789062,520.5762939453125,9.385732650756836
2024-08-05,222.47999572753906,505.4151611328125,9.385732650756836
2024-08-06,220.6999969482422,510.07476806640625,9.320810317993164
2024-08-07,220.5500030517578,506.6654968261719,9.302262306213379
2024-08-08,224.00999450683594,518.3782958984375,9.283716201782227
2024-08-09,224.55999755859375,520.6640014648438,9.302262306213379
2024-08-12,228.41000366210938,520.9376220703125,9.320810317993164
2024-08-13,228.05999755859375,529.5048217773438,9.3486328125
2024-08-14,226.1999969482422,531.1752319335938,9.35790729522705
2024-08-15,226.91000366210938,540.2796630859375,9.302262306213379
2024-08-16,231.99000549316406,541.490966796875,9.31153678894043
2024-08-19,231.61000061035156,546.66845703125,9.320810317993164
2024-08-20,232.4600067138672,545.779541015625,9.3486328125
2024-08-21,232.14999389648438,547.6550903320312,9.367183685302734
2024-08-22,229.3699951171875,543.3568725585938,9.330086708068848
2024-08-23,232.02000427246094,549.1301879882812,9.367183685302734
2024-08-26,232.75999450683594,547.8211669921875,9.35790729522705
2024-08-27,233.38999938964844,548.5734252929688,9.35790729522705
2024-08-28,231.75,545.3887939453125,9.35790729522705
2024-08-29,232.9499969482422,545.4375610351562,9.339359283447266
2024-08-30,231.2899932861328,550.6444091796875,9.35145378112793
2024-09-03,230.2899932861328,539.3126831054688,9.388675689697266
2024-09-04,230.42999267578125,538.208740234375,9.435200691223145
2024-09-05,232.35000610351562,536.8997192382812,9.444503784179688
2024-09-06,230.6300048828125,527.8637084960938,9.463114738464355
2024-09-09,231.60000610351562,533.7737426757812,9.463114738464355
2024-09-10,232.6199951171875,536.0986938476562,9.500336647033691
2024-09-11,232.25,541.598388671875,9.4910306930542
2024-09-12,236.3300018310547,546.1605224609375,9.472423553466797
2024-09-13,238.67999267578125,549.0128784179688,9.4910306930542
2024-09-16,238.66000366210938,549.8237915039062,9.509638786315918
2024-09-17,237.33999633789062,550.0484619140625,9.4910306930542
2024-09-18,235.50999450683594,548.4171142578125,9.463114738464355
2024-09-19,239.1699981689453,557.7755126953125,9.463114738464355
2024-09-20,242.2100067138672,556.8113403320312,9.463114738464355
2024-09-23,242.67999267578125,558.2028198242188,9.453810691833496
2024-09-24,246.07000732421875,559.800048828125,9.463114738464355
2024-09-25,245.72999572753906,558.5653076171875,9.444503784179688
2024-09-26,246.97999572753906,560.7798461914062,9.425894737243652
2024-09-27,245.02000427246094,559.9664916992188,9.453810691833496
2024-09-30,243.05999755859375,562.21044921875,9.454742431640625
2024-10-01,245.61000061035156,557.1738891601562,9.482741355895996
2024-10-02,245.66000366210938,557.4089965820312,9.464077949523926
2024-10-03,245.49000549316406,556.3900146484375,9.426741600036621
2024-10-04,245.0,561.4461669921875,9.342743873596191
2024-10-07,244.1699981689453,556.3704223632812,9.324076652526855
2024-10-08,242.3699951171875,561.6322021484375,9.324076652526855
2024-10-09,241.0500030517578,565.5224609375,9.296075820922852
2024-10-10,242.82000732421875,564.53271484375,9.305407524108887
2024-10-11,245.47000122070312,567.9132690429688,9.305407524108887
2024-10-14,245.07000732421875,572.5579223632812,9.286742210388184
2024-10-15,245.9199981689453,568.1093139648438,9.324076652526855
2024-10-16,247.14999389648438,570.5785522460938,9.333409309387207
2024-10-17,248.6300048828125,570.6275024414062,9.296075820922852
2024-10-18,251.27000427246094,572.8223876953125,9.305407524108887
2024-10-21,251.22000122070312,571.8817749023438,9.25874137878418
2024-10-22,253.92999267578125,571.5780029296875,9.249409675598145
2024-10-23,250.8699951171875,566.355224609375,9.230741500854492
2024-10-24,252.8000030517578,567.5801391601562,9.240073204040527
2024-10-25,253.32000732421875,567.384033203125,9.230741500854492
2024-10-28,253.3300018310547,569.1381225585938,9.212072372436523
2024-10-29,256.0899963378906,570.0592041015625,9.212072372436523
2024-10-30,257.5,568.3345947265625,9.193408012390137
2024-10-31,253.50999450683594,557.193603515625,9.223373413085938
2024-11-01,252.47000122070312,559.545166015625,9.185916900634766
2024-11-04,252.8300018310547,558.3399047851562,9.214009284973145
2024-11-05,253.39999389648438,565.0912475585938,9.214009284973145
2024-11-06,245.6999969482422,579.1425170898438,9.148462295532227
2024-11-07,249.64999389648438,583.62060546875,9.204644203186035
2024-11-08,247.9600067138672,586.1486206054688,9.204644203186035
2024-11-11,242.13999938964844,586.7072143554688,9.185916900634766
2024-11-12,240.0500030517578,584.8847045898438,9.148462295532227
2024-11-13,237.6300048828125,585.1688842773438,9.148462295532227
2024-11-14,237.00999450683594,581.4060668945312,9.13909912109375
2024-11-15,236.58999633789062,573.9591064453125,9.148462295532227
2024-11-18,241.08999633789062,576.310791015625,9.15782356262207
2024-11-19,243.25,578.41748046875,9.16718864440918
2024-11-20,244.6199951171875,578.6134033203125,9.15782356262207
2024-11-21,246.66000366210938,581.7196655273438,9.15782356262207
2024-11-22,249.83999633789062,583.522705078125,9.15782356262207
2024-11-25,242.47999572753906,585.5020141601562,9.223373413085938
2024-11-26,242.9499969482422,588.5592041015625,9.204644203186035
2024-11-27,243.49000549316406,586.7757568359375,9.232734680175781
2024-11-29,245.58999633789062,590.4208984375,9.29098129272461
2024-12-02,243.44000244140625,591.4791259765625,9.281586647033691
2024-12-03,243.92999267578125,591.7534790039062,9.272191047668457
2024-12-04,244.6699981689453,595.427978515625,9.29098129272461
2024-12-05,242.86000061035156,594.4480590820312,9.29098129272461
2024-12-06,242.9499969482422,595.5750122070312,9.309771537780762
2024-12-09,245.36000061035156,592.5079956054688,9.29098129272461
2024-12-10,248.58999633789062,590.6659545898438,9.281586647033691
2024-12-11,250.9600067138672,595.2319946289062,9.262796401977539
2024-12-12,247.27999877929688,592.1651611328125,9.23461627960205
2024-12-13,244.2899932861328,592.0475463867188,9.20643424987793
2024-12-16,244.8800048828125,594.5755004882812,9.20643424987793
2024-12-17,243.94000244140625,592.1259155273438,9.20643424987793
2024-12-18,239.25999450683594,574.4784545898438,9.140668869018555
2024-12-19,239.60000610351562,574.302001953125,9.121885299682617
2024-12-20,242.10000610351562,581.199951171875,9.140668869018555
2024-12-23,240.9600067138672,584.6803588867188,9.112488746643066
2024-12-24,241.44000244140625,591.1791381835938,9.112488746643066
2024-12-26,243.07000732421875,591.218505859375,9.121885299682617
2024-12-27,241.39999389648438,584.9949951171875,9.103096961975098
2024-12-30,240.6300048828125,578.3192138671875,9.150068283081055
2024-12-31,242.1300048828125,576.21533203125,9.171746253967285
2025-01-02,245.4199981689453,574.799560546875,9.171746253967285
2025-01-03,243.49000549316406,581.9864501953125,9.15289306640625
2025-01-06,243.19000244140625,585.3390502929688,9.15289306640625
2025-01-07,244.55999755859375,578.7223510742188,9.124615669250488
2025-01-08,245.86000061035156,579.5678100585938,9.134041786193848
2025-01-10,248.2100067138672,570.7194213867188,9.077484130859375
2025-01-13,245.74000549316406,571.604248046875,9.058631896972656
2025-01-14,247.02999877929688,572.3908081054688,9.068058013916016
2025-01-15,248.8800048828125,582.802490234375,9.134041786193848
2025-01-16,250.60000610351562,581.6817016601562,9.15289306640625
2025-01-17,249.27000427246094,587.521728515625,9.15289306640625
2025-01-21,253.1300048828125,592.8995971679688,9.171746253967285
2025-01-22,254.42999267578125,596.2326049804688,9.15289306640625
2025-01-23,254.07000732421875,599.48681640625,9.134041786193848
2025-01-24,255.64999389648438,597.73681640625,9.15289306640625
2025-01-27,252.99000549316406,589.2816162109375,9.200026512145996
2025-01-28,255.17999267578125,594.3448486328125,9.200026512145996
2025-01-29,254.1999969482422,591.6805419921875,9.190596580505371
2025-01-30,258.04998779296875,594.8561401367188,9.200026512145996
2025-01-31,258.55999755859375,591.6903076171875,9.221776962280273
2025-02-03,259.94000244140625,587.7085571289062,9.221776962280273
2025-02-04,262.5,591.6510620117188,9.23123836517334
2025-02-05,264.1300048828125,594.0499267578125,9.269071578979492
2025-02-06,263.42999267578125,596.1146850585938,9.259612083435059
2025-02-07,263.8999938964844,590.6580810546875,9.23123836517334
2025-02-10,268.3699951171875,594.6693115234375,9.23123836517334
2025-02-11,267.3900146484375,595.12158203125,9.212319374084473
2025-02-12,267.6700134277344,593.2044067382812,9.165029525756836
2025-02-13,270.30999755859375,599.4671630859375,9.212319374084473
2025-02-14,266.2900085449219,599.437744140625,9.240697860717773
2025-02-18,270.70001220703125,601.1975708007812,9.202862739562988
2025-02-19,270.8500061035156,602.6133422851562,9.212319374084473
2025-02-20,270.989990234375,600.106201171875,9.23123836517334
2025-02-21,270.739990234375,589.8419799804688,9.269071578979492
2025-02-24,272.2099914550781,587.1580200195312,9.27853012084961
2025-02-25,268.6199951171875,584.2379760742188,9.33527946472168
2025-02-26,269.0299987792969,584.5328369140625,9.354193687438965
2025-02-27,264.92999267578125,575.20263671875,9.34473705291748
2025-02-28,263.2699890136719,584.1788940429688,9.412102699279785
2025-03-03,266.739990234375,573.9441528320312,9.431077003479004
2025-03-04,269.05999755859375,567.1504516601562,9.421589851379395
2025-03-05,269.6199951171875,573.24609375,9.374149322509766
2025-03-06,268.25,563.0703125,9.374149322509766
2025-03-07,268.3900146484375,566.2262573242188,9.364662170410156
2025-03-10,266.0400085449219,551.1444702148438,9.421589851379395
2025-03-11,269.1600036621094,546.56298828125,9.393123626708984
2025-03-12,270.3299865722656,549.4631958007812,9.374149322509766
2025-03-13,275.1300048828125,542.1386108398438,9.393123626708984
2025-03-14,275.239990234375,553.3369750976562,9.364662170410156
2025-03-17,276.7300109863281,557.6039428710938,9.364662170410156
2025-03-18,279.9599914550781,551.5770874023438,9.374149322509766
2025-03-19,281.1099853515625,557.5842895507812,9.402612686157227
2025-03-20,280.75,555.9718017578125,9.412102699279785
2025-03-21,278.489990234375,556.1551513671875,9.402612686157227
2025-03-24,277.25,566.1151733398438,9.364662170410156
2025-03-25,278.4700012207031,567.4760131835938,9.374149322509766
2025-03-26,278.239990234375,560.7012939453125,9.364662170410156
2025-03-27,281.9700012207031,559.2122192382812,9.35517406463623
2025-03-28,284.05999755859375,547.9507446289062,9.412102699279785
2025-03-31,288.1400146484375,551.62890625,9.463513374328613
2025-04-01,287.57000732421875,553.1869506835938,9.48255443572998
2025-04-02,288.1600036621094,556.687744140625,9.47303295135498
2025-04-03,286.4200134277344,529.2537231445312,9.558719635009766
2025-04-04,279.7200012207031,498.2696838378906,9.568241119384766
2025-04-07,273.7099914550781,497.3821716308594,9.492074012756348
2025-04-08,275.20001220703125,489.5918273925781,9.463513374328613
2025-04-09,285.3800048828125,541.0083618164062,9.415908813476562
2025-04-10,292.3500061035156,517.3019409179688,9.396869659423828
2025-04-11,297.92999267578125,526.5321044921875,9.349265098571777
2025-04-14,296.2300109863281,531.6402587890625,9.406389236450195
2025-04-15,297.7799987792969,530.151123046875,9.42542839050293
2025-04-16,307.4700012207031,518.366943359375,9.463513374328613
2025-04-17,306.1199951171875,519.1065063476562,9.463513374328613
2025-04-21,315.5899963378906,506.7503356933594,9.415908813476562
2025-04-22,311.1099853515625,519.9348754882812,9.415908813476562
2025-04-23,303.6499938964844,527.9915161132812,9.406389236450195
2025-04-24,308.07000732421875,539.1051635742188,9.444472312927246
2025-04-25,304.7300109863281,543.0003662109375,9.47303295135498
2025-04-28,309.07000732421875,543.2073974609375,9.501595497131348
2025-04-29,306.05999755859375,546.62939453125,9.530157089233398
2025-04-30,303.7699890136719,546.84619140625,9.580782890319824
2025-05-01,297.4599914550781,550.7216186523438,9.542576789855957
2025-05-02,297.9800109863281,558.8966674804688,9.485260963439941
2025-05-05,306.8800048828125,555.6918334960938,9.475709915161133
2025-05-06,315.4800109863281,551.0471801757812,9.4948148727417
2025-05-07,310.75,553.3645629882812,9.4948148727417
2025-05-08,304.6300048828125,557.2202758789062,9.447054862976074
2025-05-09,306.8399963378906,556.51025390625,9.447054862976074
2025-05-12,298.19000244140625,574.9014892578125,9.3992919921875
2025-05-13,299.4599914550781,578.6981201171875,9.389740943908691
2025-05-14,293.1600036621094,579.4378051757812,9.37063980102539
2025-05-15,297.8399963378906,582.2678833007812,9.4183988571167
2025-05-16,294.239990234375,585.9559936523438,9.408845901489258
2025-05-19,298.0299987792969,586.5969848632812,9.408845901489258
2025-05-20,303.5799865722656,584.6246337890625,9.408845901489258
2025-05-21,305.82000732421875,574.7733154296875,9.37063980102539
2025-05-22,303.1099853515625,575.0001220703125,9.389740943908691
2025-05-23,309.75,571.0753784179688,9.3992919921875
2025-05-27,304.5,582.9483032226562,9.427950859069824
2025-05-28,303.80999755859375,579.5758056640625,9.408845901489258
2025-05-29,305.6099853515625,581.8635864257812,9.437500953674316
2025-05-30,303.6000061035156,581.2127685546875,9.498846054077148
2025-06-02,311.6700134277344,584.4866943359375,9.470090866088867
2025-06-03,308.9100036621094,587.8198852539062,9.460506439208984
2025-06-04,310.8999938964844,587.6619873046875,9.508432388305664
2025-06-05,309.3299865722656,584.8218994140625,9.479676246643066
2025-06-06,305.17999267578125,590.8275146484375,9.422165870666504
2025-06-09,306.6199951171875,591.3599243164062,9.431750297546387
2025-06-10,306.7099914550781,594.7128295898438,9.441335678100586
2025-06-11,308.3699951171875,593.0166015625,9.470090866088867
2025-06-12,312.20001220703125,595.37353515625,9.498846054077148
2025-06-13,316.2900085449219,588.7171630859375,9.479676246643066
2025-06-16,311.7799987792969,594.318359375,9.460506439208984
2025-06-17,311.94000244140625,589.2398681640625,9.489259719848633
2025-06-18,310.260009765625,589.1510009765625,9.489259719848633
2025-06-20,310.1300048828125,587.7673950195312,9.498846054077148
2025-06-23,311.0799865722656,593.5730590820312,9.527600288391113
2025-06-24,306.19000244140625,600.1304321289062,9.527600288391113
2025-06-25,307.1199951171875,600.4666748046875,9.556356430053711
2025-06-26,306.7799987792969,605.16455078125,9.575528144836426
2025-06-27,301.2200012207031,608.1713256835938,9.556356430053711
2025-06-30,304.8299865722656,611.0791015625,9.616945266723633
2025-07-01,307.54998779296875,610.8812866210938,9.597708702087402
2025-07-02,309.25,613.6505737304688,9.578476905822754
2025-07-03,307.1400146484375,618.4869995117188,9.549625396728516
2025-07-07,307.3699951171875,613.8779907226562,9.530390739440918
2025-07-08,304.1600036621094,613.5418090820312,9.520773887634277
2025-07-09,305.5199890136719,617.2210083007812,9.559240341186523
2025-07-10,306.20001220703125,618.9617309570312,9.549625396728516
2025-07-11,309.1400146484375,616.7857666015625,9.520773887634277
2025-07-14,308.010009765625,617.9627685546875,9.520773887634277
2025-07-15,306.7300109863281,615.322021484375,9.491924285888672
2025-07-16,308.260009765625,617.3792114257812,9.511157035827637
2025-07-17,307.5899963378906,621.1574096679688,9.511157035827637
2025-07-18,308.3900146484375,620.702392578125,9.530390739440918
2025-07-21,313.1300048828125,621.87939453125,9.549625396728516
2025-07-22,316.1000061035156,621.9684448242188,9.568859100341797
2025-07-23,312.17999267578125,627.2598266601562,9.540007591247559
2025-07-24,310.2699890136719,627.4674072265625,9.530390739440918
2025-07-25,307.3999938964844,630.1181030273438,9.540007591247559
2025-07-28,305.4100036621094,629.9598999023438,9.530390739440918
2025-07-29,306.25,628.2982788085938,9.568859100341797
2025-07-30,300.9599914550781,627.5070190429688,9.540007591247559
2025-07-31,302.9599914550781,625.1531372070312,9.571849822998047
2025-08-01,309.1099853515625,614.9066162109375,9.668341636657715
2025-08-04,310.9100036621094,624.2530517578125,9.668341636657715
2025-08-05,311.1600036621094,621.088134765625,9.668341636657715
2025-08-06,310.5,625.845458984375,9.65869140625
2025-08-07,313.1199951171875,625.3212280273438,9.65869140625
2025-08-08,313.04998779296875,630.1972045898438,9.629743576049805
2025-08-11,308.54998779296875,628.9510498046875,9.629743576049805
2025-08-12,308.2699890136719,635.6468505859375,9.629743576049805
2025-08-13,309.2099914550781,637.82275390625,9.65869140625
2025-08-14,307.25,637.882080078125,9.639392852783203
2025-08-15,307.42999267578125,636.3886108398438,9.620094299316406
2025-08-18,306.95001220703125,636.2501220703125,9.61044692993164
2025-08-19,305.2699890136719,632.7984008789062,9.629743576049805
2025-08-20,308.3599853515625,631.1170654296875,9.639392852783203
2025-08-21,307.2900085449219,628.5850830078125,9.620094299316406
2025-08-22,310.5799865722656,638.2380981445312,9.65869140625
2025-08-25,309.8299865722656,635.4292602539062,9.639392852783203
2025-08-26,312.0799865722656,638.0897216796875,9.668341636657715
2025-08-27,312.7099914550781,639.543701171875,9.67798900604248
2025-08-28,315.0299987792969,641.8085327148438,9.687639236450195
2025-08-29,318.07000732421875,637.98095703125,9.719585418701172
2025-09-02,325.5899963378906,633.2533569335938,9.700222969055176
2025-09-03,328.1400146484375,636.685302734375,9.719585418701172
2025-09-04,326.69000244140625,642.0062866210938,9.748627662658691
2025-09-05,331.04998779296875,640.1469116210938,9.777671813964844
2025-09-08,334.82000732421875,641.7195434570312,9.797033309936523
2025-09-09,334.05999755859375,643.2031860351562,9.777671813964844
2025-09-10,335.260009765625,645.0625,9.78735065460205
2025-09-11,334.760009765625,650.4231567382812,9.797033309936523
2025-09-12,335.4200134277344,650.2055053710938,9.767988204956055
2025-09-15,338.9100036621094,653.6671752929688,9.777671813964844
2025-09-16,339.5899963378906,652.7671508789062,9.78735065460205
2025-09-17,336.9700012207031,651.9561157226562,9.767988204956055
2025-09-18,335.6199951171875,655.0023803710938,9.748627662658691
2025-09-19,339.17999267578125,658.2465209960938,9.738946914672852
2025-09-22,345.04998779296875,661.3607177734375,9.729266166687012
2025-09-23,346.4599914550781,657.7606201171875,9.748627662658691
2025-09-24,343.32000732421875,655.6678466796875,9.729266166687012
2025-09-25,344.75,652.6429443359375,9.7099027633667
2025-09-26,346.739990234375,656.3819580078125,9.700222969055176
2025-09-29,352.4599914550781,658.2266845703125,9.719585418701172
2025-09-30,355.4700012207031,660.7061157226562,9.750663757324219
2025-10-01,356.0299987792969,662.95751953125,9.779797554016113
2025-10-02,354.7900085449219,663.7210693359375,9.779797554016113
2025-10-03,357.6400146484375,663.7113037109375,9.760375022888184
2025-10-06,364.3800048828125,666.0914916992188,9.740949630737305
2025-10-07,366.260009765625,663.6219482421875,9.760375022888184
2025-10-08,372.29998779296875,667.5791625976562,9.760375022888184
2025-10-09,365.42999267578125,665.6452026367188,9.750663757324219
2025-10-10,369.1199951171875,647.6542358398438,9.79922103881836
2025-10-13,378.0899963378906,657.5919189453125,9.808935165405273
2025-10-14,380.7900085449219,656.78857421875,9.818644523620605
2025-10-15,387.3900146484375,659.7044067382812,9.808935165405273
2025-10-16,396.45001220703125,655.2116088867188,9.847780227661133
2025-10-17,388.989990234375,658.9308471679688,9.828357696533203
2025-10-20,403.1499938964844,665.7840576171875,9.838069915771484
2025-10-21,377.239990234375,665.7741088867188,9.847780227661133
2025-10-22,377.2799987792969,662.3128051757812,9.847780227661133
2025-10-23,378.7900085449219,666.2402954101562,9.828357696533203
2025-10-24,377.5199890136719,671.6851806640625,9.828357696533203
2025-10-27,367.010009765625,679.6095581054688,9.828357696533203
2025-10-28,364.3800048828125,681.41455078125,9.828357696533203
2025-10-29,363.0,681.7418823242188,9.779797554016113
2025-10-30,370.1300048828125,674.2440185546875,9.770086288452148
2025-10-31,368.1199951171875,676.4556274414062,9.802241325378418
2025-11-03,368.7799987792969,677.72509765625,9.802241325378418
2025-11-04,362.32000732421875,669.691650390625,9.81198501586914
2025-11-05,366.510009765625,672.012451171875,9.773008346557617
2025-11-06,366.07000732421875,664.8021850585938,9.81198501586914
2025-11-07,368.30999755859375,665.4567260742188,9.821728706359863
2025-11-10,378.3800048828125,675.8406982421875,9.802241325378418
2025-11-11,379.8699951171875,677.387939453125,9.831472396850586
2025-11-12,385.989990234375,677.7648315429688,9.831472396850586
2025-11-13,382.8699951171875,666.5180053710938,9.81198501586914
2025-11-14,375.9599914550781,666.4088134765625,9.792497634887695
2025-11-17,371.6499938964844,660.2003173828125,9.802241325378418
2025-11-18,374.3500061035156,654.65625,9.81198501586914
2025-11-19,374.9599914550781,657.185302734375,9.81198501586914
2025-11-20,374.8500061035156,647.1683349609375,9.831472396850586
2025-11-21,374.2699890136719,653.6148681640625,9.850958824157715
2025-11-24,380.20001220703125,663.2351684570312,9.860703468322754
2025-11-25,380.0799865722656,669.4735717773438,9.880189895629883
2025-11-26,383.1199951171875,674.09521484375,9.880189895629883
2025-11-28,387.8800048828125,677.7747192382812,9.891921043395996
2025-12-01,389.75,674.6803588867188,9.852822303771973
2025-12-02,387.239990234375,675.9299926757812,9.862597465515137
2025-12-03,386.8800048828125,678.2706298828125,9.872373580932617
2025-12-04,387.1300048828125,678.7664794921875,9.852822303771973
2025-12-05,386.44000244140625,680.0557861328125,9.833273887634277
2025-12-08,385.4200134277344,678.0126953125,9.81372356414795
2025-12-09,387.3999938964844,677.4276123046875,9.803948402404785
2025-12-10,389.04998779296875,681.92041015625,9.823498725891113
2025-12-11,393.239990234375,683.5072021484375,9.833273887634277
2025-12-12,395.44000244140625,676.1581420898438,9.81372356414795
2025-12-15,395.79998779296875,675.1365966796875,9.823498725891113
2025-12-16,395.8900146484375,673.2918701171875,9.843048095703125
2025-12-17,399.2900085449219,665.8832397460938,9.843048095703125
2025-12-18,398.57000732421875,670.9115600585938,9.852822303771973
2025-12-19,399.0199890136719,676.9923095703125,9.833273887634277
2025-12-22,408.2300109863281,681.2098999023438,9.823498725891113
2025-12-23,413.6400146484375,684.3233032226562,9.823498725891113
2025-12-24,411.92999267578125,686.7305297851562,9.833273887634277
2025-12-26,416.739990234375,686.660888671875,9.843048095703125
2025-12-29,398.6000061035156,684.2138671875,9.852822303771973
2025-12-30,398.8900146484375,683.3783569335938,9.852822303771973
2025-12-31,396.30999755859375,678.3152465820312,9.865571975708008
2026-01-02,398.2799987792969,679.55859375,9.845956802368164
2026-01-05,408.760009765625,684.0845336914062,9.865571975708008
2026-01-06,413.17999267578125,688.1529541015625,9.865571975708008
2026-01-07,409.2300109863281,685.9347534179688,9.875377655029297
2026-01-08,411.489990234375,685.8651123046875,9.85576343536377
2026-01-09,414.4700012207031,690.4010009765625,9.845956802368164
2026-01-12,422.2300109863281,691.4852294921875,9.845956802368164
2026-01-13,421.6300048828125,690.1026000976562,9.85576343536377
2026-01-14,425.94000244140625,686.7106323242188,9.865571975708008
2026-01-15,423.3299865722656,688.5806884765625,9.845956802368164
2026-01-16,421.2900085449219,688.0037231445312,9.816537857055664
2026-01-20,437.2300109863281,673.9981689453125,9.796923637390137
2026-01-21,443.6000061035156,681.77685546875,9.806730270385742
2026-01-22,451.7900085449219,685.3379516601562,9.806730270385742
2026-01-23,458.0,685.5865478515625,9.816537857055664
2026-01-26,464.70001220703125,689.0680541992188,9.816537857055664
2026-01-27,476.1000061035156,691.8134765625,9.816537857055664
2026-01-28,494.55999755859375,691.7438354492188,9.806730270385742
2026-01-29,495.8999938964844,690.3711547851562,9.82634449005127
2026-01-30,444.95001220703125,688.3120727539062,9.858813285827637
2026-02-02,427.1300048828125,691.7339477539062,9.83913516998291
2026-02-03,454.2900085449219,685.885009765625,9.83913516998291
2026-02-04,453.9700012207031,682.5626831054688,9.83913516998291
2026-02-05,441.8800048828125,674.0379638671875,9.88832950592041
2026-02-06,455.4599914550781,686.96923828125,9.878490447998047
2026-02-09,467.0299987792969,690.2816772460938,9.88832950592041
2026-02-10,462.3999938964844,688.4613037109375,9.908008575439453
2026-02-11,467.6300048828125,688.3021850585938,9.88832950592041
2026-02-12,451.3900146484375,677.668701171875,9.937525749206543
2026-02-13,462.6199951171875,678.1461181640625,9.957202911376953
2026-02-17,448.20001220703125,679.2402954101562,9.957202911376953
2026-02-18,458.2799987792969,682.662109375,9.937525749206543
2026-02-19,459.55999755859375,680.8616333007812,9.94736385345459
2026-02-20,468.6199951171875,685.7855834960938,9.937525749206543
2026-02-23,481.2799987792969,678.7827758789062,9.96704387664795
2026-02-24,474.6099853515625,683.7164916992188,9.96704387664795
2026-02-25,473.4200134277344,689.4859008789062,9.957202911376953
2026-02-26,477.4800109863281,685.6561889648438,9.976882934570312
2026-02-27,483.75,682.3637084960938,10.036093711853027
2026-03-02,490.0,682.751708984375,9.986749649047852
2026-03-03,468.1400146484375,676.7337036132812,9.976881980895996
2026-03-04,471.79998779296875,681.5082397460938,9.957145690917969
2026-03-05,466.1300048828125,677.70849609375,9.937409400939941
2026-03-06,473.510009765625,668.82568359375,9.927542686462402
2026-03-09,472.5299987792969,674.6845703125,9.947278022766113
2026-03-10,477.8599853515625,673.6002807617188,9.927542686462402
2026-03-11,476.239990234375,672.7548217773438,9.89793586730957
2026-03-12,466.8800048828125,662.5390625,9.858463287353516
2026-03-13,460.8399963378906,658.7890014648438,9.858463287353516
2026-03-16,460.42999267578125,665.493408203125,9.888067245483398
2026-03-17,459.2699890136719,667.2440185546875,9.89793586730957
2026-03-18,444.739990234375,657.9335327148438,9.858463287353516
2026-03-19,426.4100036621094,656.3121948242188,9.848594665527344
2026-03-20,413.3800048828125,646.9034423828125,9.779516220092773
2026-03-23,404.0400085449219,653.6959228515625,9.809120178222656
2026-03-24,404.1300048828125,651.5015869140625,9.779516220092773
2026-03-25,416.2900085449219,655.1322021484375,9.809120178222656
2026-03-26,400.6400146484375,643.432373046875,9.749910354614258
2026-03-27,414.70001220703125,632.4606323242188,9.759780883789062
2026-03-30,414.5799865722656,630.3460693359375,9.809120178222656
2026-03-31,430.2900085449219,648.6688842773438,9.85169506072998
2026-04-01,437.82000732421875,653.5562744140625,9.84179401397705
2026-04-02,429.4100036621094,654.144775390625,9.85169506072998
2026-04-06,427.6499938964844,657.23681640625,9.831893920898438
2026-04-07,431.80999755859375,657.5260009765625,9.85169506072998
2026-04-08,434.5299987792969,674.27294921875,9.871500015258789
2026-04-09,437.9100036621094,678.162841796875,9.871500015258789
2026-04-10,437.1300048828125,677.7140502929688,9.86159610748291
2026-04-13,435.3599853515625,684.3369750976562,9.871500015258789
2026-04-14,445.0899963378906,692.675537109375,9.901202201843262
2026-04-15,440.4599914550781,698.1414184570312,9.881400108337402
2026-04-16,440.0799865722656,699.8569946289062,9.871500015258789
2026-04-17,445.92999267578125,708.3152465820312,9.911103248596191
