start,uvix_entry_rsi,tqqq_drop_exit_pct,cagr,annualized_vol,max_drawdown,final_multiple,uvix_entries,uvix_exits,uvix_day_share
2010-02-12,69.5,2.5,-0.5092791750637905,1.2211982953290648,-0.9999998902843031,1.0184939899765053e-05,17,16,0.7009093143278446
