start,signal_window,below_entry_drawdown_pct,cagr,annualized_vol,max_drawdown,final_multiple,below_regime_share,wait_regime_share
2002-01-01,160,84.5,0.32597013042496314,0.5477642675086055,-0.7946716366005309,932.1766914465796,0.031603078434583265,0.23219256590797446
