start,signal_window,below_entry_drawdown_pct,cagr,annualized_vol,max_drawdown,final_multiple,below_regime_share,wait_regime_share
2010-02-12,160,13.0,0.5496893350040006,0.5840894820752603,-0.731233944713747,1179.9050311323892,0.13565986728926027,0.057999508478741704
