entry_rule,cagr,annualized_vol,max_drawdown,final_multiple,uvix_entries,uvix_exits,uvix_day_share,low_rsi_entries,low_rsi_exits,low_rsi_day_share,episode_count,episode_win_rate,episode_avg_return_pct,episode_median_return_pct,bb_window,bb_min_z,bb_window_short,bb_window_long,bb_min_z_both,cagr_delta_vs_rsi_only
rsi_only_ge_69p5,1.0645579128727913,0.6402792141107387,-0.6568036304375773,121187.47190190839,127,126,0.08871958712214303,11,11,0.005898255099533055,97,0.6701030927835051,3.6372703711577845,3.0941502907246177,,,,,,0.0
rsi_and_bb20_z_gt_1p60,1.2067517432340442,0.6306481523337262,-0.6568036304375768,355244.52569269954,99,98,0.07028753993610223,11,11,0.005898255099533055,87,0.7126436781609196,4.587519790710594,3.6407004553887123,,,,,,0.14219383036125288
