episodes,wins,losses,win_rate,avg_return_pct,median_return_pct
97,65,32,0.6701030927835051,3.6372703711577916,3.0941502907246177
