Date,risk_on,gross_return,trading_cost,net_return,nav_1000
1996-01-02,False,0.004993229045662498,0.0005008280700972822,0.004492400975565216,1004.4924009755651
1996-01-03,False,0.005457949709421872,9.029455218602934e-07,0.005457046763900012,1009.9739629816709
1996-01-04,False,-0.002710026359406731,8.113270150391094e-07,-0.00271083768642177,1007.2360875005153
1996-01-05,False,0.000808875595453244,5.947640867637743e-07,0.0008082808313664803,1008.0502171227026
1996-01-08,False,-0.0016992592726237023,8.599180115508864e-07,-0.0017001191906352532,1006.3364116034484
1996-01-09,False,-0.0008982423082977857,7.150563966742407e-07,-0.0008989573646944599,1005.4317580748773
1996-01-10,False,-0.0008473863065690616,2.4428198371576337e-06,-0.0008498291264062192,1004.5773128822515
1996-01-11,False,-0.005306447916390216,1.6677753100875215e-06,-0.005308115691700303,999.2449002842151
1996-01-12,False,-0.000736171346598332,8.028958444819545e-07,-0.000736974242442814,998.5084825308132
1996-01-15,False,-0.004650282425282455,9.210439227945594e-07,-0.004651203469205249,993.864216412835
1996-01-16,False,-0.0003712702766466326,1.6020497473451107e-06,-0.0003728723263939777,993.4936319503415
1996-01-17,False,0.0049642628293348826,9.960117310965772e-07,0.004963266817603786,998.4246059273014
1996-01-18,False,0.003032588197195056,7.888430643012423e-07,0.0030317993541307546,1001.4516290027
1996-01-19,False,0.0007320271652113351,5.765824535162584e-07,0.0007314505827578188,1002.1841413803378
1996-01-22,False,-0.0027059925971917604,1.7476412895399002e-06,-0.0027077402384813004,999.4704870543545
1996-01-23,False,0.0011130862494686045,4.916309085098991e-07,0.0011125946185600946,1000.582492539661
1996-01-24,False,0.0012961812337548293,6.926042387771503e-07,0.0012954886295160522,1001.8787357816387
1996-01-25,False,-0.002626633306766577,2.1384392301659337e-06,-0.002628771745996743,999.2450252681011
1996-01-26,False,0.003901965623270942,7.251761171748056e-07,0.0039012404471537674,1003.1433203772941
1996-01-29,False,-0.00017239807042292223,1.0722511991082123e-06,-0.00017347032162203044,1002.9693047828752
1996-01-30,False,0.00658075339072202,7.31725794542823e-07,0.006580021664927477,1009.5688645376038
1996-01-31,False,0.0029772602074554285,9.06104994909826e-07,0.002976354102460519,1012.5736989692866
1996-02-01,False,0.0009258442026929894,1.3007437814750444e-06,0.0009245434589115144,1013.5098673593345
1996-02-02,False,0.003630530362423477,1.586422740030541e-06,0.0036289439396834464,1017.1878378502977
1996-02-05,False,-0.009930530622164887,3.3077593686739044e-06,-0.00993383838153356,1007.0832582654313
1996-02-06,False,0.002709179608074602,1.7520567622019007e-06,0.0027074275513124,1009.8098632253245
1996-02-07,False,0.004134116255821243,6.861826172577524e-07,0.004133430073203985,1013.983841682198
1996-02-08,False,-0.003678558347959613,1.93162504475336e-06,-0.0036804899730043666,1010.2518843200983
1996-02-09,False,0.002193430316103587,5.382476718883145e-07,0.0021928920684316988,1012.4672576643421
1996-02-12,False,-0.0011490266302223507,1.2422843499040603e-06,-0.0011502689145722548,1011.3026480508285
1996-02-13,False,0.007037429959061563,2.5607406405882965e-06,0.007034869218420975,1018.4170299201089
1996-02-14,False,-0.0016241637191994139,2.2708194610325529e-07,-0.0016243908011455172,1016.7627226649766
1996-02-15,False,-0.0013193367125256077,8.385339140504627e-07,-0.0013201752464396582,1015.4204176870119
1996-02-16,False,-0.0034140855060498057,6.716425281609873e-07,-0.003414757148577967,1011.9530035569031
1996-02-20,False,-0.011461157953846368,8.26093766379113e-07,-0.011461984047612747,1000.3540143731999
1996-02-21,False,-0.001382334445003676,2.0126958185077565e-06,-0.0013843471408221837,998.9691771535925
1996-02-22,False,0.005066003597823904,3.483136180288532e-07,0.005065655284205875,1004.0296106445994
1996-02-23,False,-0.0030921579360744696,1.7757541390443776e-07,-0.003092335511488374,1000.9248142250174
1996-02-26,False,0.000915343966507488,4.640166534561757e-07,0.0009148799498540318,1001.840540268863
1996-02-27,False,0.0009286565653590734,6.227428182086353e-07,0.0009280338225408647,1002.770282175025
1996-02-28,False,-0.0007923118321326135,1.3364441858969013e-06,-0.0007936482763185105,1001.9744352690334
1996-02-29,False,0.0045238204280604296,5.929543191481868e-07,0.004523227473741282,1006.5065935626287
1996-03-01,False,0.0036977311672816617,1.569892371772047e-06,0.00369616127490989,1010.2268042566961
1996-03-04,False,-0.0031695310498543235,1.424399416322164e-06,-0.003170955449270646,1007.0234200667392
1996-03-05,False,-0.002658226956419068,3.99120530335792e-07,-0.0026586260769494038,1004.346121342051
1996-03-06,False,-0.000907515167133012,6.304316793763753e-07,-0.0009081455988123883,1003.4340288322701
1996-03-07,False,-0.0011046345726143342,3.362656886028298e-07,-0.001104970838302937,1002.3252634922495
1996-03-08,False,-0.009775751609307916,2.881844937104902e-06,-0.00977863345424502,992.5238921386292
1996-03-11,False,0.003982171503678734,1.1029697638540171e-06,0.00398106853391488,996.475197774781
1996-03-12,False,-0.001722251505115567,4.958176416139521e-07,-0.001722747322757181,994.7585227956205
1996-03-13,False,0.001708343932034816,4.6614633972330566e-07,0.0017078777856950928,996.4574487788341
1996-03-14,False,0.000687888832188433,8.114603334674203e-07,0.0006870773718549656,997.1420921439063
1996-03-15,False,-0.0038662472500747267,7.288270269314029e-07,-0.0038669760771016582,993.2861675281148
1996-03-18,False,0.0030128630148566343,1.3969805863827124e-06,0.0030114660342702515,996.277415083936
1996-03-19,False,0.0011899794715735854,2.640160545841486e-07,0.0011897154555190013,997.4627017226459
1996-03-20,False,0.0035863775491803127,6.822936194644109e-07,0.0035856952555608484,1001.0392989998115
1996-03-21,False,0.00386127369488537,3.4512177455614525e-07,0.0038609285731108136,1004.9042402321269
1996-03-22,False,0.0018554664435073316,9.442571705571418e-07,0.0018545221863367745,1006.7678574407812
1996-03-25,False,0.004376838913567393,6.454795541349922e-07,0.004376193434013258,1011.1736683280892
1996-03-26,False,0.0013034785800053426,6.170219184809811e-07,0.0013028615580868617,1012.4910876291035
1996-03-27,False,-0.00010836922570067915,9.361229292920576e-07,-0.00010930534862997122,1012.3804169377854
1996-03-28,False,-0.006695354289324035,7.474453632985018e-07,-0.006696101734687334,1005.6014146717649
1996-03-29,False,0.003910567296113902,1.630374769907364e-06,0.003908936921343994,1009.5322471697312
1996-04-01,False,0.0038096833081801315,1.8496727811168485e-06,0.0038078336353990147,1013.3763780165241
1996-04-02,False,0.0028727226939000623,4.168166423603181e-07,0.002872305877257702,1016.2871049429751
1996-04-03,False,-0.0006783531662020822,2.3736328373892558e-07,-0.0006785905294858211,1015.5974621383224
1996-04-04,False,-0.00031813512482844363,9.149802748353448e-07,-0.000319050105103279,1015.2734356612845
1996-04-08,False,-0.002722175055096039,2.2742704780838315e-06,-0.002724449325574123,1012.5073746342237
1996-04-09,False,0.005195539532467429,2.1374541038851614e-07,0.005195325787057041,1017.7676803072462
1996-04-10,False,0.002052382391420344,2.067027271056246e-06,0.0020503153641492876,1019.8544250193147
1996-04-11,False,0.0008435031118332867,8.77009720932409e-07,0.0008426261021123542,1020.7137809781908
1996-04-12,False,0.0035063661576538955,1.0442319485596679e-06,0.0035053219257053358,1024.2917113745232
1996-04-15,False,0.001809731467867626,9.569478380371254e-07,0.0018087745200295888,1026.144424123135
1996-04-16,False,-0.005790437725448627,1.9042870345769848e-06,-0.005792342012483204,1020.2006446644111
1996-04-17,False,-0.003862865198142286,3.767924238126663e-07,-0.0038632419905660987,1016.259362695141
1996-04-18,False,-0.0024176647484956356,1.4496407311379022e-07,-0.0024178097125687496,1013.8022409375278
1996-04-19,False,0.004194251291202722,5.785316111757005e-07,0.004193672759591547,1018.0537957789604
1996-04-22,False,0.005143827900644581,1.1832754512788174e-06,0.005142644625193302,1023.2892846599806
1996-04-23,False,0.004377952185545457,1.2979920884419877e-06,0.004376654193457015,1027.7678679988073
1996-04-24,False,-0.0012481864403541233,4.7529099183024614e-07,-0.0012486617313459535,1026.48453359333
1996-04-25,False,0.005310373205890962,7.195809423881094e-07,0.005309653624948573,1031.9348109180778
1996-04-26,False,-0.003891520089664306,8.664517996409966e-07,-0.003892386541463947,1027.918121748392
1996-04-29,False,-0.0021177013130072773,9.643490148032729e-08,-0.0021177977479087578,1025.7411990651187
1996-04-30,False,-0.003725158228971114,1.6486149801645812e-06,-0.0037268068439512783,1021.9184597443199
1996-05-01,False,0.002858144151761234,6.900038442543e-07,0.00285745414791698,1024.8385448859492
1996-05-02,False,-0.007130619253052948,1.237096119742237e-06,-0.0071318563491726905,1017.5295436027274
1996-05-03,False,-0.0007735582005338786,8.064725918642408e-07,-0.0007743646731257428,1016.7416046702997
1996-05-06,False,-0.0003874732654279435,4.5559765433951515e-07,-0.000387928863082283,1016.3471812555516
1996-05-07,False,0.0017362629391406688,8.707776112485549e-07,0.0017353921615294201,1018.1109421872951
1996-05-08,False,0.004327689109820236,3.206640805805267e-07,0.004327368445739656,1022.5166833527788
1996-05-09,False,-0.002530291510535226,3.4166111098893337e-07,-0.002530633171646215,1019.9290687153247
1996-05-10,False,0.0038914656351783784,5.642112042385239e-07,0.00389090142397414,1023.8975121811416
1996-05-13,False,0.0008195395320384477,1.0708625067324395e-06,0.0008184686695317153,1024.7355402156732
1996-05-14,False,0.0006054903321500827,5.50350922586873e-07,0.0006049399812274958,1025.3554437141345
1996-05-15,False,0.0013744429683257952,4.075874504034238e-07,0.0013740353808753918,1026.764318371771
1996-05-16,False,-0.0019317155281146972,3.277421583869761e-07,-0.0019320432702730841,1024.7805652803042
1996-05-17,False,0.0003204345956253839,5.980018236979995e-07,0.0003198365938016859,1025.1083276056977
1996-05-20,False,0.0018006037484034913,9.066002807356227e-07,0.0017996971481227557,1026.9532121394063
1996-05-21,False,-0.0017150907699635713,4.716270882720169e-07,-0.0017155623970518433,1025.1914098251282
1996-05-22,False,-0.0003510845719646619,2.2094502108160887e-07,-0.0003513055169857435,1024.8312544268904
1996-05-23,False,-0.0009263912826859592,4.0801232521488207e-07,-0.0009267992950111741,1023.8814415427819
1996-05-24,False,0.0007000160722830702,3.5326584864102396e-07,0.0006996628064344292,1024.5978133056278
1996-05-28,False,-0.0006822123555187213,6.018435632106217e-07,-0.0006828141990819319,1023.8982033703545
1996-05-29,False,-0.006177004760657693,8.239219094474531e-07,-0.006177828682567141,1017.5727356815443
1996-05-30,False,-0.002596212144033268,8.294514078123067e-07,-0.00259704159544108,1014.9300569605925
1996-05-31,False,-0.0011377769675630213,4.366595912802945e-07,-0.0011382136271543017,1013.7748497391517
1996-06-03,False,0.0007315876610290683,3.461488182908007e-07,0.0007312415122107775,1014.516163993316
1996-06-04,False,-0.0003503137421542869,3.7096782528579785e-07,-0.0003506847099795727,1014.1603886865764
1996-06-05,False,-0.003452448613267619,9.06688470625694e-07,-0.0034533553017382446,1010.6581325314927
1996-06-06,False,0.0013036800062749343,1.4218877831188164e-06,0.0013022581184918155,1011.9742702896017
1996-06-07,False,0.0006060077402771178,1.8937299712131624e-06,0.0006041140103059047,1012.5856181243529
1996-06-10,False,0.0009524239385919276,8.937447863052173e-07,0.0009515301938056224,1013.5491239138117
1996-06-11,False,-0.0003303598354132467,3.8185278805974446e-07,-0.00033074168820130645,1013.2139009654935
1996-06-12,False,-0.0014896962766824584,2.4765491713357733e-07,-0.001489943931599592,1011.7042690623374
1996-06-13,False,1.0709340073342411e-05,3.2952360950144755e-07,1.0379816463840963e-05,1011.714770366966
1996-06-14,False,0.0017539615450382344,5.539395246987877e-07,0.0017534076055135356,1013.4887187399378
1996-06-17,False,0.004221216105359012,5.225913447724218e-07,0.004220693514014239,1017.76634400165
1996-06-18,False,-0.0006837296084831766,5.036476851258409e-08,-0.0006837799732516892,1017.070415758172
1996-06-19,False,-0.0007840367645199278,7.565607791020362e-07,-0.0007847933252990299,1016.272225684526
1996-06-20,False,0.0006753913171391139,1.211616465236487e-06,0.0006741797006738774,1016.9573757894412
1996-06-21,False,0.003084327509704865,1.3816838495422923e-06,0.0030829458258553226,1020.0926002862041
1996-06-24,False,0.0014171573272790167,2.891164976500799e-07,0.0014168682107813665,1021.5379370636028
1996-06-25,False,0.0023237834106725735,5.8040611538745514e-08,0.0023237253700610348,1023.9117106844374
1996-06-26,False,-0.00038385533064319317,5.01477605066289e-07,-0.0003843568082482595,1023.5181632473906
1996-06-27,False,0.0004085146559394493,7.526195984614432e-07,0.0004077620363409879,1023.9355150978683
1996-06-28,False,0.005773141334357572,1.370374730426227e-06,0.005771770959627146,1029.8454363684414
1996-07-01,False,0.0019270817650983666,1.0018889838255412e-06,0.001926079876114541,1031.8290009389389
1996-07-02,False,-0.003094364999354902,7.39895339683147e-07,-0.003095104894694585,1028.6353819476449
1996-07-03,False,0.0018199088987901207,3.271828718798137e-07,0.001819581715918241,1030.5070680809833
1996-07-05,False,-0.0057120019597589585,1.8254243145002653e-06,-0.005713827384073459,1024.618928575901
1996-07-08,False,0.000504201044332045,8.802263367352347e-08,0.0005041130216983714,1025.1354523200746
1996-07-09,False,0.002640894127348874,5.6387140706951054e-08,0.002640837740208167,1027.8426687113868
1996-07-10,False,0.002951839331717077,4.4976431767661253e-07,0.0029513895673994005,1030.8762328407495
1996-07-11,False,0.003165646115228132,1.020827402494276e-06,0.003164625287825638,1034.1385698358158
1996-07-12,False,0.0029340558180297456,9.941741031394003e-08,0.0029339564006194314,1037.1726873119133
1996-07-15,False,-0.0016623191754299301,1.4562861046998888e-07,-0.0016624648040404,1035.448424223545
1996-07-16,False,-0.0046847720539797,2.7169328688465417e-06,-0.0046874889868485465,1030.5947711385475
1996-07-17,False,-0.005189505427401733,1.2013166681356936e-06,-0.005190706744069868,1025.2452559095955
1996-07-18,False,-0.00029515259430751804,1.5029181578087303e-06,-0.0002966555124653268,1024.941111252801
1996-07-19,False,-0.00445347114287551,1.2165058164025772e-06,-0.004454687648691912,1020.3753187438666
1996-07-22,False,-0.004047103757201335,1.0129154142451691e-06,-0.0040481166726155805,1016.2447204037342
1996-07-23,False,0.002348964924270555,3.493518972686599e-07,0.0023486155723732864,1018.6314885794166
1996-07-24,False,-0.003120512438699232,2.4568124493087875e-07,-0.003120758119944163,1015.4525860902015
1996-07-25,False,-0.0012784356022440626,5.976915097311991e-07,-0.0012790332937537938,1014.1537884243637
1996-07-26,False,-0.001508283039650844,8.382170953533247e-07,-0.0015091212567461974,1012.6233073846427
1996-07-29,False,-0.0027361401297379385,1.9874350509667404e-07,-0.0027363388732430352,1009.8524268646943
1996-07-30,False,-0.00017143928811381428,5.131814314403016e-07,-0.00017195246954525458,1009.6787802460185
1996-07-31,False,0.002754446912731657,1.2674108452735145e-06,0.0027531795018863833,1012.4586071672817
1996-08-01,False,0.009032414318993804,1.286312439933171e-06,0.009031128006553871,1021.6022504499465
1996-08-02,False,0.0035568115371742066,6.992795483289072e-07,0.003556112257625878,1025.2351827351897
1996-08-05,False,0.0013769036638976342,1.232868164633194e-06,0.001375670795733001,1026.6455688348367
1996-08-06,False,-0.0031225897825687536,3.6076429146017496e-07,-0.0031229505468602136,1023.4394054942122
1996-08-07,False,0.0009723820419058239,5.407438500732858e-07,0.0009718412980557506,1024.434026174529
1996-08-08,False,0.00041953046849818755,4.748790290287769e-07,0.00041905558946915875,1024.86332097924
1996-08-09,False,0.0018269600193809334,3.3901691155507895e-07,0.0018266210024693783,1026.735357846001
1996-08-12,False,0.0012778133693339539,7.926848684551014e-07,0.0012770206844654988,1028.0465201354423
1996-08-13,False,0.0007177992676940182,9.21147164093597e-07,0.0007168781205299246,1028.7835041926144
1996-08-14,False,-0.0004900024204845476,3.081201734123212e-07,-0.0004903105406579599,1028.2790807964536
1996-08-15,False,-0.0026125514909993634,2.1785365645482502e-07,-0.0026127693446558182,1025.5924247363978
1996-08-16,False,0.004783788170230461,1.1074043836381276e-06,0.0047826807658468235,1030.497505899783
1996-08-19,False,0.0006650368613219045,2.9896170256069055e-07,0.0006647378996193437,1031.1825166474177
1996-08-20,False,-0.0009981025228126402,6.326143268201023e-07,-0.0009987351371394603,1030.1526384352383
1996-08-21,False,-0.003034886476660819,5.592160778687683e-07,-0.003035445692738688,1027.0256660460363
1996-08-22,False,0.0019970606194907887,5.809962786300776e-07,0.0019964796232121588,1029.0761018608132
1996-08-23,False,-0.0033095093485530345,7.668053309095452e-07,-0.0033102761538839442,1025.6695757802916
1996-08-26,False,-0.0031448878101339828,5.23147706555413e-07,-0.003145410957840538,1022.4434234575086
1996-08-27,False,0.0005658338458341073,5.306720354403272e-07,0.0005653031737986669,1023.0214139698186
1996-08-28,False,0.0006683006329490385,5.166046472957348e-07,0.0006677840283017427,1023.7045713306785
1996-08-29,False,0.0002312917061347604,9.462325265753858e-07,0.00023034547360818502,1023.9403770449964
1996-08-30,False,-0.002048997458654806,5.213069754689825e-07,-0.0020495187656302746,1021.8417920273562
1996-09-03,False,0.004367569733864248,8.666200209815761e-07,0.004366703113843267,1026.303871762457
1996-09-04,False,-0.002309450667937452,2.2110788662323134e-07,-0.0023096717758240752,1023.9334466764283
1996-09-05,False,0.002705702547125934,1.3853013620551691e-06,0.002704317245763879,1026.70248755479
1996-09-06,False,0.003406798262629705,8.991371108147267e-07,0.00340589912551889,1030.1993326593206
1996-09-09,False,0.0006529675772982942,4.571303558688067e-07,0.0006525104469424254,1030.8715484863137
1996-09-10,True,-0.0016973412278926,0.0005,-0.0021973412278926,1028.6063719321635
1996-09-11,True,0.0152740083222615,0.0,0.0152740083222615,1044.3173142173864
1996-09-12,True,0.0465678952164299,0.0,0.0465678952164299,1092.9489734785654
1996-09-13,True,0.0969563064601493,0.0,0.0969563064601493,1198.9172690964588
1996-09-16,True,0.005542772513478,0.0,0.005542772513478,1205.5625947815406
1996-09-17,True,0.0559495108554326,0.0,0.0559495108554326,1273.013232265174
1996-09-18,True,0.0210771415509081,0.0,0.0210771415509081,1299.8447123578062
1996-09-19,True,0.0374199484581187,0.0,0.0374199484581187,1348.4848344977938
1996-09-20,True,0.0268943471333103,0.0,0.0268943471333103,1384.751453740782
1996-09-23,True,-0.0406194379715575,0.0,-0.0406194379715575,1328.5036279595342
1996-09-24,True,0.012869661287833,0.0,0.012869661287833,1345.6010196710306
1996-09-25,True,0.0367639853386506,0.0,0.0367639853386506,1395.0706758298898
1996-09-26,True,-0.0045588058295282,0.0,-0.0045588058295282,1388.7108195003127
1996-09-27,True,0.0002682370806805,0.0,0.0002682370806805,1389.083323236445
1996-09-30,True,-0.0290614027800192,0.0,-0.0290614027800192,1348.7146132848632
1996-10-01,True,-0.012704372624348,0.0,-0.012704372624348,1331.5800402737887
1996-10-02,True,0.053086660462267,0.0,0.053086660462267,1402.2691777501352
1996-10-03,True,-0.0173510290734642,0.0,-0.0173510290734642,1377.93836447817
1996-10-04,True,0.0637185672988967,0.0,0.0637185672988967,1465.7386228889038
1996-10-07,True,0.0223083761959268,0.0,0.0223083761959268,1498.4368714932093
1996-10-08,True,-0.0456406364213747,0.0,-0.0456406364213747,1430.0472590410054
1996-10-09,True,0.0026892446286839,0.0,0.0026892446286839,1433.8930059511456
1996-10-10,True,-0.0102857924859828,0.0,-0.0102857924859828,1419.1442800448299
1996-10-11,True,0.0564727216001346,0.0,0.0564727216001346,1499.2872198822251
1996-10-14,True,0.024662569111806,0.0,0.024662569111806,1536.263494561018
1996-10-15,True,0.0117881023146707,0.0,0.0117881023146707,1554.373125817197
1996-10-16,True,-0.0290158786114364,0.0,-0.0290158786114364,1509.2716238816063
1996-10-17,True,-0.0464899114048757,0.0,-0.0464899114048757,1439.1057198014573
1996-10-18,True,0.0038703820445258,0.0,0.0038703820445258,1444.6756087395513
1996-10-21,True,-0.0420379598491333,0.0,-0.0420379598491333,1383.944393504336
1996-10-22,True,-0.0389718356373156,0.0,-0.0389718356373156,1330.0095400695004
1996-10-23,True,0.0529689547624971,0.0,0.0529689547624971,1400.4587552311316
1996-10-24,True,-0.0053810634475352,0.0,-0.0053810634475352,1392.9227978135768
1996-10-25,True,-0.0197000847307102,0.0,-0.0197000847307102,1365.4821006733114
1996-10-28,True,-0.0079268204051296,0.0,-0.0079268204051296,1354.658169294855
1996-10-29,True,-0.0424090929315656,0.0,-0.0424090929315656,1297.208345102725
1996-10-30,True,0.0209103676456427,0.0,0.0209103676456427,1324.3334485118187
1996-10-31,True,0.0634581836342412,0.0,0.0634581836342412,1408.3732436804496
1996-11-01,True,0.013822888267634,0.0,0.013822888267634,1427.8410296669697
1996-11-04,True,0.0026382248639414,0.0,0.0026382248639414,1431.6079953731928
1996-11-05,True,0.0540492463967109,0.0,0.0540492463967109,1508.9853286586197
1996-11-06,True,0.0659828154753637,0.0,0.0659828154753637,1608.5524291545323
1996-11-07,True,0.032262164419698,0.0,0.032262164419698,1660.4478121016207
1996-11-08,True,0.0119996304777188,0.0,0.0119996304777188,1680.3725722743768
1996-11-11,True,0.0225428276149169,0.0,0.0225428276149169,1718.2529214999925
1996-11-12,True,-0.0398487750509204,0.0,-0.0398487750509204,1649.7826473505525
1996-11-13,True,0.0171961762034996,0.0,0.0171961762034996,1678.1526004518685
1996-11-14,True,0.0412849692882365,0.0,0.0412849692882365,1747.435079022498
1996-11-15,True,-0.0384165326361748,0.0,-0.0384165326361748,1680.3046822796334
1996-11-18,True,-0.0232990388246025,0.0,-0.0232990388246025,1641.155198250039
1996-11-19,True,0.0470139378597048,0.0,0.0470139378597048,1718.3123667586976
1996-11-20,True,0.0094973079072951,0.0,0.0094973079072951,1734.631708386718
1996-11-21,True,-0.0296122087517849,0.0,-0.0296122087517849,1683.2654321305051
1996-11-22,True,0.0668653889521212,0.0,0.0668653889521212,1795.8176299595716
1996-11-25,True,0.0103006034667917,0.0,0.0103006034667917,1814.3156352644587
1996-11-26,True,0.0153788676773742,0.0,0.0153788676773742,1842.217755344182
1996-11-27,True,0.0247107848671696,0.0,0.0247107848671696,1887.7404019749724
1996-11-29,True,0.0056924058164411,0.0,0.0056924058164411,1898.4861864191057
1996-12-02,True,0.0379842951390986,0.0,0.0379842951390986,1970.5988460415504
1996-12-03,True,-0.0240841323100993,0.0,-0.0240841323100993,1923.1386827033568
1996-12-04,True,-0.011886570118573,0.0,-0.011886570118573,1900.2791599036632
1996-12-05,True,0.0039181195431441,0.0,0.0039181195431441,1907.7246808175112
1996-12-06,True,-0.0310474682408219,0.0,-0.0310474682408219,1848.4946593775974
1996-12-09,True,0.1065199211393592,0.0,0.1065199211393592,2045.3961647210256
1996-12-10,True,-0.0271080709208987,0.0,-0.0271080709208987,1989.9494204264336
1996-12-11,True,0.0260079373793797,0.0,0.0260079373793797,2041.7039003410173
1996-12-12,True,-0.0457882768310118,0.0,-0.0457882768310118,1948.2177969452464
1996-12-13,True,-0.0532835991647239,0.0,-0.0532835991647239,1844.4097407672343
1996-12-16,True,-0.0859269031955473,0.0,-0.0859269031955473,1685.9253235194037
1996-12-17,True,0.0408283118091526,0.0,0.0408283118091526,1754.7588083150006
1996-12-18,True,0.076091549068074,0.0,0.076091549068074,1888.2811242805365
1996-12-19,True,0.0255706591416856,0.0,0.0255706591416856,1936.5657172731926
1996-12-20,True,-0.0346330612938933,0.0,-0.0346330612938933,1869.4965180872177
1996-12-23,True,-0.0335247838542363,0.0,-0.0335247838542363,1806.8220514020966
1996-12-24,True,0.0383747811488129,0.0,0.0383747811488129,1876.1584521995012
1996-12-26,True,0.0270029420030793,0.0,0.0270029420030793,1926.8202500728314
1996-12-27,True,-0.0269798087030038,0.0,-0.0269798087030038,1874.8350083207924
1996-12-30,True,-0.0324312932983248,0.0,-0.0324312932983248,1814.0316842799734
1996-12-31,True,-0.0188423124868732,0.0,-0.0188423124868732,1779.8511324236815
1997-01-02,True,-0.0212589686982421,0.0,-0.0212589686982421,1742.0133329119556
1997-01-03,True,0.1195814739857278,0.0,0.1195814739857278,1950.3258549643574
1997-01-06,True,0.0177482270647234,0.0,0.0177482270647234,1984.9406810884655
1997-01-07,True,0.0395108322000775,0.0,0.0395108322000775,2063.3673392660594
1997-01-08,True,-0.0399857847581745,0.0,-0.0399857847581745,1980.8619769611194
1997-01-09,True,0.0133556513862782,0.0,0.0133556513862782,2007.3176789697459
1997-01-10,True,0.0299918845547625,0.0,0.0299918845547625,2067.5209190621404
1997-01-13,True,-0.0043757708558163,0.0,-0.0043757708558163,2058.4739212807176
1997-01-14,True,0.0587811728901586,0.0,0.0587811728901586,2179.473432737402
1997-01-15,True,-0.0583898006704156,0.0,-0.0583898006704156,2052.214413433399
1997-01-16,True,0.0322002006866934,0.0,0.0322002006866934,2118.2961293980793
1997-01-17,True,0.0334681790132897,0.0,0.0334681790132897,2189.191643459933
1997-01-20,True,0.0552688878782347,0.0,0.0552688878782347,2310.1858309462887
1997-01-21,True,0.0462909129115701,0.0,0.0462909129115701,2417.1264420561665
1997-01-22,True,0.0384893024565929,0.0,0.0384893024565929,2510.1599527602943
1997-01-23,True,-0.0416457471871901,0.0,-0.0416457471871901,2405.6224659682302
1997-01-24,True,-0.0474509648706691,0.0,-0.0474509648706691,2291.473358843479
1997-01-27,True,-0.0287730493006347,0.0,-0.0287730493006347,2225.5406829183844
1997-01-28,True,0.0030499333151779,0.0,0.0030499333151779,2232.3284335915014
1997-01-29,True,0.00540407711487,0.0,0.00540407711487,2244.3921085923466
1997-01-30,True,0.0644884886536144,0.0,0.0644884886536144,2389.129563621566
1997-01-31,True,0.0321593988175081,0.0,0.0321593988175081,2465.9625340847715
1997-02-03,True,-0.0117421088234743,0.0,-0.0117421088234743,2437.0069336549377
1997-02-04,True,-0.0058056387331875,0.0,-0.0058056387331875,2422.858551807864
1997-02-05,True,-0.0948707996887824,0.0,-0.0948707996887824,2193.000023465047
1997-02-06,True,-0.0065407361027279,0.0,-0.0065407361027279,2178.656189038286
1997-02-07,True,0.0482950489081572,0.0,0.0482950489081572,2283.8744962419496
1997-02-10,True,-0.0928364898218995,0.0,-0.0928364898218995,2071.847604817088
1997-02-11,True,-0.0014228040021423,0.0,-0.0014228040021423,2068.899771753125
1997-02-12,True,0.0988614710033057,0.0,0.0988614710033057,2273.4342465470427
1997-02-13,True,0.023235083730388,0.0,0.023235083730388,2326.2576816210953
1997-02-14,True,-0.025439438099167,0.0,-0.025439438099167,2267.078993326784
1997-02-18,True,-0.0081520572694404,0.0,-0.0081520572694404,2248.5976355388384
1997-02-19,True,0.000183329441706,0.0,0.000183329441706,2249.0098696879836
1997-02-20,True,-0.0582689537923353,0.0,-0.0582689537923353,2117.9624175126282
1997-02-21,True,-0.054745132989151,0.0,-0.054745132989151,2002.014283299876
1997-02-24,True,0.0552484983450149,0.0,0.0552484983450149,2112.6225661174653
1997-02-25,True,0.0058478013053111,0.0,0.0058478013053111,2124.9767631172367
1997-02-26,True,-0.00464326882058,0.0,-0.00464326882058,2115.1099247685975
1997-02-27,True,-0.1097658986683315,0.0,-0.1097658986683315,1882.9429830940653
1997-02-28,True,0.0064246725933585,0.0,0.0064246725933585,1895.0402752724067
1997-03-03,True,0.0196020808334295,0.0,0.0196020808334295,1932.1870079309008
1997-03-04,True,0.0206629317926022,0.0,0.0206629317926022,1972.111656286329
1997-03-05,True,0.0346842960839315,0.0,0.0346842960839315,2040.5129608835368
1997-03-06,True,-0.0709503627364255,0.0,-0.0709503627364255,1895.7378261404722
1997-03-07,True,-0.037144316115433,0.0,-0.037144316115433,1825.3219410543268
1997-03-10,True,0.0490399976139564,0.0,0.0490399976139564,1914.8357246883334
1997-03-11,True,-0.0224701635042148,0.0,-0.0224701635042148,1871.809052870875
1997-03-12,True,-0.0326786312423145,0.0,-0.0326786312423145,1810.6408950760815
1997-03-13,True,0.0039944819542113,0.0,0.0039944819542113,1817.8734674570198
1997-03-14,True,-0.0056478787307549,0.0,-0.0056478787307549,1807.6063385649657
1997-03-17,True,-0.0243234887570385,0.0,-0.0243234887570385,1763.6390461117294
1997-03-18,True,-0.0170568543306473,0.0,-0.0170568543306473,1733.5569118103597
1997-03-19,True,-0.0573917190665387,0.0,-0.0573917190665387,1634.065100541883
1997-03-20,True,0.0364701125580399,0.0,0.0364701125580399,1693.6596386858105
1997-03-21,True,-0.0330861374438263,0.0,-0.0330861374438263,1637.6229830971906
1997-03-24,True,-0.0384696955245599,0.0,-0.0384696955245599,1574.62412555342
1997-03-25,True,0.017791922379647,0.0,0.017791922379647,1602.6397157723861
1997-03-26,True,0.1008278294916792,0.0,0.1008278294916792,1764.2303997708775
1997-03-27,True,-0.0564606021210593,0.0,-0.0564606021210593,1664.6208891195367
1997-03-31,True,-0.079665566280785,0.0,-0.079665566280785,1532.0079233450049
1997-04-01,True,-0.0012416747904138,0.0,-0.0012416747904138,1530.105667727873
1997-04-02,True,-0.0486815580967071,0.0,-0.0486815580967071,1455.617739770278
1997-04-03,True,0.0791850605255411,0.0,0.0791850605255411,1570.8809185960386
1997-04-04,True,0.0658775086224077,0.0,0.0658775086224077,1674.366639855625
1997-04-07,True,0.035927000917879,0.0,0.035927000917879,1734.5216116625838
1997-04-08,True,0.0287927578647514,0.0,0.0287927578647514,1784.463272438363
1997-04-09,True,-0.0417404060053854,0.0,-0.0417404060053854,1709.979050945087
1997-04-10,True,-0.0556101883574095,0.0,-0.0556101883574095,1614.8867938348064
1997-04-11,True,-0.0867475894449945,0.0,-0.0867475894449945,1474.799257243081
1997-04-14,True,0.0636512318706068,0.0,0.0636512318706068,1568.6720467284592
1997-04-15,True,-0.0329100086802949,0.0,-0.0329100086802949,1517.0470360540896
1997-04-16,True,0.0023320842001217,0.0,0.0023320842001217,1520.584917477713
1997-04-17,True,0.0356097648607154,0.0,0.0356097648607154,1574.7325888398448
1997-04-18,True,0.030250179210201,0.0,0.030250179210201,1622.3685318603937
1997-04-21,True,-0.051413052126487,0.0,-0.051413052126487,1538.957613963483
1997-04-22,True,0.0580162381023595,0.0,0.0580162381023595,1628.2421453246275
1997-04-23,True,0.0727117263376387,0.0,0.0727117263376387,1746.6344426068813
1997-04-24,True,-0.0010128794500793,0.0,-0.0010128794500793,1744.865312473164
1997-04-25,True,-0.0689089528606136,0.0,-0.0689089528606136,1624.6284709078311
1997-04-28,True,0.0394280919723192,0.0,0.0394280919723192,1688.6844716796331
1997-04-29,True,0.0969658012240747,0.0,0.0969658012240747,1852.429114490702
1997-04-30,True,0.0645227031354412,0.0,0.0645227031354412,1971.9528483244337
1997-05-01,True,0.025087928009999,0.0,0.025087928009999,2021.4250594223095
1997-05-02,True,0.0928600907492897,0.0,0.0928600907492897,2209.1347738831537
1997-05-05,True,0.0769644546090057,0.0,0.0769644546090057,2379.15962691286
1997-05-06,True,-0.0580738272047099,0.0,-0.0580738272047099,2240.9927218471007
1997-05-07,True,-0.0186173467145358,0.0,-0.0186173467145358,2199.2713833597218
1997-05-08,True,0.0328374457798168,0.0,0.0328374457798168,2271.489838165899
1997-05-09,True,-0.0009711538638345,0.0,-0.0009711538638345,2269.283872032903
1997-05-12,True,0.0179261080999461,0.0,0.0179261080999461,2309.9633000324293
1997-05-13,True,-0.0458726889961203,0.0,-0.0458726889961203,2203.99907197759
1997-05-14,True,-0.0023622508484911,0.0,-0.0023622508484911,2198.7926732997375
1997-05-15,True,0.0720187538572256,0.0,0.0720187538572256,2357.1469816211825
1997-05-16,True,-0.0534711982576823,0.0,-0.0534711982576823,2231.107508044419
1997-05-19,True,-0.0058650029582626,0.0,-0.0058650029582626,2218.022055909536
1997-05-20,True,0.0934922636610207,0.0,0.0934922636610207,2425.3899587665896
1997-05-21,True,0.0265941785669845,0.0,0.0265941785669845,2489.8912124246
1997-05-22,True,-0.014202134689864,0.0,-0.014202134689864,2454.5294420626365
1997-05-23,True,0.0409382803588752,0.0,0.0409382803588752,2555.01365651091
1997-05-27,True,0.0796373874529284,0.0,0.0796373874529284,2758.488269021993
1997-05-28,True,-0.0063445743075949,0.0,-0.0063445743075949,2740.986835222554
1997-05-29,True,-0.0370355286601134,0.0,-0.0370355286601134,2639.4729387296757
1997-05-30,True,-0.036346849587333,0.0,-0.036346849587333,2543.5364128358324
1997-06-02,True,-0.0007168208621328,0.0,-0.0007168208621328,2541.713152871517
1997-06-03,True,-0.0905889172617915,0.0,-0.0905889172617915,2311.4621103628324
1997-06-04,True,-0.0255447065380958,0.0,-0.0255447065380958,2252.4164890796865
1997-06-05,True,0.0279286824776037,0.0,0.0279286824776037,2315.3235140105116
1997-06-06,True,0.0461404020464026,0.0,0.0461404020464026,2422.153471814446
1997-06-09,True,0.0308003208147413,0.0,0.0308003208147413,2496.756575808871
1997-06-10,True,-0.0428860428633595,0.0,-0.0428860428633595,2389.680566279357
1997-06-11,True,0.0247131369797794,0.0,0.0247131369797794,2448.737069451736
1997-06-12,True,0.0029485417089722,0.0,0.0029485417089722,2455.9572728353205
1997-06-13,True,0.045259993307327,0.0,0.045259993307327,2567.1138825669286
1997-06-16,True,0.035838542162754,0.0,0.035838542162754,2659.1155016838948
1997-06-17,True,0.0409119057052451,0.0,0.0409119057052451,2767.9049843481416
1997-06-18,True,-0.0542492633636114,0.0,-0.0542492633636114,2617.748177886787
1997-06-19,True,0.0318970409918338,0.0,0.0318970409918338,2701.2465988231397
1997-06-20,True,-0.0018665654763875,0.0,-0.0018665654763875,2696.2045451785675
1997-06-23,True,-0.0379676752184777,0.0,-0.0379676752184777,2593.8359266846446
1997-06-24,True,0.0535264518935822,0.0,0.0535264518935822,2732.6747606341755
1997-06-25,True,-0.0221137089347663,0.0,-0.0221137089347663,2672.245186364129
1997-06-26,True,-0.0366160742548418,0.0,-0.0366160742548418,2574.3980581930764
1997-06-27,True,-0.0136478348132765,0.0,-0.0136478348132765,2539.263098751238
1997-06-30,True,-0.0180108749652425,0.0,-0.0180108749652425,2493.528748575775
1997-07-01,True,-0.0123167679350724,0.0,-0.0123167679350724,2462.8165336401357
1997-07-02,True,0.0705437614901021,0.0,0.0705437614901021,2636.5528757831257
1997-07-03,True,0.0323348046971658,0.0,0.0323348046971658,2721.805298095324
1997-07-07,True,0.0135270424964384,0.0,0.0135270424964384,2758.6232740296905
1997-07-08,True,0.0444925496739974,0.0,0.0444925496739974,2881.361457081302
1997-07-09,True,0.0125778367021181,0.0,0.0125778367021181,2917.6027509682476
1997-07-10,True,-0.0003973977812927,0.0,-0.0003973977812927,2916.4433021083196
1997-07-11,True,0.0163548097728183,0.0,0.0163548097728183,2964.141177527511
1997-07-14,True,0.0773466690481163,0.0,0.0773466690481163,3193.4076241976254
1997-07-15,True,0.0491313923880078,0.0,0.0491313923880078,3350.304187236935
1997-07-16,True,0.1255851542598599,0.0,0.1255851542598599,3771.0526554085395
1997-07-17,True,-0.0235477648478074,0.0,-0.0235477648478074,3682.2527942502793
1997-07-18,True,-0.0656012472954691,0.0,-0.0656012472954691,3440.6924180902347
1997-07-21,True,-0.0353500424670352,0.0,-0.0353500424670352,3319.0637949947386
1997-07-22,True,0.0918671707682624,0.0,0.0918671707682624,3623.9767954402773
1997-07-23,True,0.0028592180247917,0.0,0.0028592180247917,3634.3385352152272
1997-07-24,True,-0.0108808723580073,0.0,-0.0108808723580073,3594.793761507763
1997-07-25,True,-0.0079143164461202,0.0,-0.0079143164461202,3566.343426120652
1997-07-28,True,-0.0284426296651685,0.0,-0.0284426296651685,3464.9072407926938
1997-07-29,True,0.0353250402428734,0.0,0.0353250402428734,3587.3052285115186
1997-07-30,True,0.0357910340219149,0.0,0.0357910340219149,3715.698591992168
1997-07-31,True,0.016262617010112,0.0,0.016262617010112,3776.1255751187496
1997-08-01,True,0.0049518563876794,0.0,0.0049518563876794,3794.8244066685807
1997-08-04,True,0.0407337945441939,0.0,0.0407337945441939,3949.402004381111
1997-08-05,True,0.0326828410878399,0.0,0.0326828410878399,4078.479682482295
1997-08-06,True,0.0140573056078601,0.0,0.0140573056078601,4135.812117794397
1997-08-07,True,-0.0165405966561632,0.0,-0.0165405966561632,4067.403317708288
1997-08-08,True,-0.0546178635345595,0.0,-0.0546178635345595,3845.2504383616815
1997-08-11,True,-0.0374619117752197,0.0,-0.0374619117752197,3701.200005686151
1997-08-12,True,-0.0285583118080716,0.0,-0.0285583118080716,3595.49998185973
1997-08-13,True,0.0226571928373635,0.0,0.0226571928373635,3676.963918295463
1997-08-14,True,0.0118111233162466,0.0,0.0118111233162466,3720.39299256384
1997-08-15,True,-0.0731913540751255,0.0,-0.0731913540751255,3448.0923917464847
1997-08-18,True,0.0356663414195827,0.0,0.0356663414195827,3571.0732322367808
1997-08-19,True,0.0868681809973012,0.0,0.0868681809973012,3881.2858681293424
1997-08-20,True,0.0637009657640598,0.0,0.0637009657640598,4128.527526335578
1997-08-21,True,-0.0692585744292555,0.0,-0.0692585744292555,3842.591595369635
1997-08-22,True,-0.0211662381188274,0.0,-0.0211662381188274,3761.2583866686364
1997-08-25,True,-0.0087575533969029,0.0,-0.0087575533969029,3728.318965507837
1997-08-26,True,-0.0396011383500105,0.0,-0.0396011383500105,3580.673290341793
1997-08-27,True,-0.0038461293606311,0.0,-0.0038461293606311,3566.9015576689817
1997-08-28,True,-0.0587999832111763,0.0,-0.0587999832111763,3357.1678059621267
1997-08-29,True,0.009529635323391,0.0,0.009529635323391,3389.1603908723746
1997-09-02,True,0.079942346122797,0.0,0.079942346122797,3660.097823905168
1997-09-03,True,-0.0065032910725716,0.0,-0.0065032910725716,3636.2951424022267
1997-09-04,True,0.0144480322277673,0.0,0.0144480322277673,3688.8324518093277
1997-09-05,True,0.0142401407291413,0.0,0.0142401407291413,3741.361945049316
1997-09-08,True,0.0177885910748651,0.0,0.0177885910748651,3807.9155027528604
1997-09-09,True,0.0236931412007218,0.0,0.0236931412007218,3898.1369824400012
1997-09-10,True,-0.0635338015714393,0.0,-0.0635338015714393,3650.4735208993693
1997-09-11,True,0.005520966589519,0.0,0.005520966589519,3670.6276632441786
1997-09-12,True,0.0025242349697359,0.0,0.0025242349697359,3679.8931899526197
1997-09-15,True,-0.0701396611666769,0.0,-0.0701396611666769,3421.786728479781
1997-09-16,True,0.1003947847509608,0.0,0.1003947847509608,3765.3162705492027
1997-09-17,True,-0.0214172309315597,0.0,-0.0214172309315597,3684.6736224524916
1997-09-18,True,0.0015686880286838,0.0,0.0015686880286838,3690.4537258536398
1997-09-19,True,0.0251787177665196,0.0,0.0251787177665196,3783.3746186473095
1997-09-22,True,0.0131136361256339,0.0,0.0131136361256339,3832.988416723209
1997-09-23,True,0.0301953706586744,0.0,0.0301953706586744,3948.726922696572
1997-09-24,True,-0.0508530689448777,0.0,-0.0508530689448777,3747.9220402521883
1997-09-25,True,-0.0254828309030764,0.0,-0.0254828309030764,3652.414376662529
1997-09-26,True,0.0007083440397065,0.0,0.0007083440397065,3655.001542616776
1997-09-29,True,0.0321739854253439,0.0,0.0321739854253439,3772.597508978538
1997-09-30,True,-0.0581634698661804,0.0,-0.0581634698661804,3553.1701474478373
1997-10-01,True,0.0131809019248563,0.0,0.0131809019248563,3600.0041346836747
1997-10-02,True,0.0291284854320145,0.0,0.0291284854320145,3704.8668026759997
1997-10-03,True,0.0310564215669304,0.0,0.0310564215669304,3819.9267079492315
1997-10-06,True,0.0037589443375437,0.0,0.0037589443375437,3834.285599817909
1997-10-07,True,0.0392445987242053,0.0,0.0392445987242053,3984.760599576762
1997-10-08,True,0.0118803162406141,0.0,0.0118803162406141,4032.100815642873
1997-10-09,True,0.0072985634501132,0.0,0.0072985634501132,4061.529359283096
1997-10-10,True,-0.0274959304556497,0.0,-0.0274959304556497,3949.8538304766685
1997-10-13,True,0.0069266111457539,0.0,0.0069266111457539,3977.212932042947
1997-10-14,True,-0.0240222413927909,0.0,-0.0240222413927909,3881.671362918882
1997-10-15,True,-0.032988911907704,0.0,-0.032988911907704,3753.6192482728934
1997-10-16,True,-0.0530010524009436,0.0,-0.0530010524009436,3554.6734778019913
1997-10-17,True,-0.0664169187207198,0.0,-0.0664169187207198,3318.5830183481185
1997-10-20,True,0.0364207543488313,0.0,0.0364207543488313,3439.448315245578
1997-10-21,True,0.0612586743432864,0.0,0.0612586743432864,3650.1443595097717
1997-10-22,True,-0.0322039553214761,0.0,-0.0322039553214761,3532.595273639181
1997-10-23,True,-0.0659135333505255,0.0,-0.0659135333505255,3299.749437256256
1997-10-24,True,-0.0485420770421038,0.0,-0.0485420770421038,3139.5727458533242
1997-10-27,True,-0.2249597876470318,0.0,-0.2249597876470318,2433.2951276437516
1997-10-28,True,0.2106080107315843,0.0,0.2106080107315843,2945.7665739996587
1997-10-29,False,0.003819417442599724,0.000500427511189918,0.003318989931409806,2955.5435435990476
1997-10-30,False,0.004326148806530855,8.64919338895459e-07,0.00432528388719196,2968.3271084660705
1997-10-31,False,-0.0031598998868307532,2.6388581088333393e-06,-0.0031625387449395865,2958.939658977892
1997-11-03,False,0.0009252555386237088,1.4494956095587458e-06,0.0009238060430141501,2961.6731453157704
1997-11-04,False,-0.0010009653096972849,6.956555134722542e-07,-0.0010016609652107572,2958.7065529343945
1997-11-05,False,-0.0002915241026023897,4.832911739170026e-07,-0.0002920073937763067,2957.8425887449234
1997-11-06,False,-0.0009446272327103272,8.81055317430296e-07,-0.0009455082880277575,2955.0459240625837
1997-11-07,False,-0.0030899308464506204,1.1201046614281452e-06,-0.0030910509511120486,2945.91172654843
1997-11-10,False,0.000917854835603392,9.222637157790815e-07,0.0009169325718876129,2948.6129289644077
1997-11-11,False,0.002168297691352357,7.062345703290756e-07,0.002167591456782028,2955.004317158588
1997-11-12,False,-0.004400180555752967,1.8599598545488984e-06,-0.004402040515607516,2941.996268430661
1997-11-13,False,0.00022020348364256768,1.2048149911650373e-07,0.00022008300214345117,2942.643751801712
1997-11-14,False,-0.008518694427265808,1.8452842215030685e-06,-0.00852053971148731,2917.570838857725
1997-11-17,False,0.0021897576556474704,7.345217030542556e-07,0.0021890231339444163,2923.957468918906
1997-11-18,False,-0.0007019576719576748,2.3150289323906058e-07,-0.0007021891748509139,2921.904297636507
1997-11-19,False,0.00477827218642901,6.36363540453197e-07,0.004777635822888557,2935.8640922799473
1997-11-20,False,-0.0049268664535974775,8.194996508552599e-07,-0.004927685953248333,2921.397076031773
1997-11-21,False,0.0009720837551381053,3.8501254818992804e-07,0.0009716987425899153,2924.235793897159
1997-11-24,False,0.0005475293534583542,4.5408789038618724e-07,0.0005470752655679681,2925.8355709706893
1997-11-25,False,-0.0031568063145112056,1.6675328497334219e-06,-0.003158473847360939,2916.5943958381
1997-11-26,False,-0.004182181752703511,1.526804853888536e-06,-0.004183708557557399,2904.392214905308
1997-11-28,False,0.001374836673935114,6.067568690281549e-07,0.0013742299170660859,2908.383517577924
1997-12-01,False,0.000774425738870208,1.942757855167537e-06,0.0007724829810150405,2910.6301943475173
1997-12-02,False,0.0012851445128315437,3.495988858539939e-07,0.0012847949139456897,2914.3697572175915
1997-12-03,False,-0.0014700919870417513,8.888624482483037e-07,-0.0014709808494899996,2910.0827751163915
1997-12-04,False,-0.004259177817505456,1.5747664829738468e-06,-0.00426075258398843,2897.6836324126944
1997-12-05,False,-0.003851897746555951,2.844656611323132e-07,-0.0038521822122170833,2886.5212270672814
1997-12-08,False,-0.00017024649736228177,4.4383582281432024e-07,-0.00017069033318509608,2886.0285257972873
1997-12-09,False,-0.0037027490223142568,1.8561224296163304e-06,-0.0037046051447438733,2875.3369296727415
1997-12-10,False,0.00535089487780837,8.953646796379943e-07,0.0053499995131287325,2890.7199808465716
1997-12-11,False,0.0016652183369128988,1.1514605181517091e-06,0.0016640668763947472,2895.530332215631
1997-12-12,False,0.001237735179398938,1.2607283177670931e-06,0.0012364744510811709,2899.110581493746
1997-12-15,False,0.0004336687045661391,3.843162115386989e-07,0.0004332843883546004,2900.3667208488205
1997-12-16,False,0.00401076708242749,5.09965205940724e-07,0.00401025711722155,2911.997937133657
1997-12-17,False,-0.0009505272069421355,1.5290695751589146e-06,-0.0009520562765172944,2909.2255512204038
1997-12-18,False,0.006761152181683637,8.080155558561064e-07,0.006760344166127781,2928.8929172035464
1997-12-19,False,0.002058675550642764,9.759228592703812e-07,0.0020576996277834937,2934.9196990690934
1997-12-22,False,0.002636406694980551,4.509466861311179e-07,0.0026359557482944196,2942.6560175206373
1997-12-23,False,0.002065563544072231,8.277011366294301e-07,0.002064735842935602,2948.731824873442
1997-12-24,False,0.0052305413105413244,1.1707235854369197e-06,0.005229370586955887,2964.151836347256
1997-12-26,True,0.0479530279502741,0.0005,0.0474530279502741,3104.8098162862984
1997-12-29,True,0.076682585463918,0.0,0.076682585463918,3342.8946603728837
1997-12-30,True,0.0608717540339727,0.0,0.0608717540339727,3546.3825219005826
1997-12-31,True,-0.0231521355752898,0.0,-0.0231521355752898,3464.276192951702
1998-01-02,True,0.0524576256629702,0.0,0.0524576256629702,3646.0038966747024
1998-01-05,True,0.0271228543441363,0.0,0.0271228543441363,3744.893929302363
1998-01-06,True,-0.0330400621198323,0.0,-0.0330400621198323,3621.16240124603
1998-01-07,True,-0.0452388767523538,0.0,-0.0452388767523538,3457.3450816758036
1998-01-08,True,0.0099510698267755,0.0,0.0099510698267755,3491.7493639988184
1998-01-09,True,-0.115926160412288,0.0,-0.115926160412288,3086.9642671083866
1998-01-12,True,0.0467808485117353,0.0,0.0467808485117353,3231.3750748491243
1998-01-13,True,0.0735467804000612,0.0,0.0735467804000612,3469.0323078692836
1998-01-14,True,0.003759429423696,0.0,0.003759429423696,3482.0738899992393
1998-01-15,True,-0.0025970482330604,0.0,-0.0025970482330604,3473.030776155831
1998-01-16,True,0.0307877795735082,0.0,0.0307877795735082,3579.957682144127
1998-01-20,True,0.0624433600811844,0.0,0.0624433600811844,3803.502268765655
1998-01-21,True,-0.0012701666472655,0.0,-0.0012701666472655,3798.67118704107
1998-01-22,True,-0.0174320204511602,0.0,-0.0174320204511602,3732.4526732213367
1998-01-23,True,0.0110671158909433,0.0,0.0110671158909433,3773.7601595133383
1998-01-26,True,-0.0238533169674142,0.0,-0.0238533169674142,3683.743462269467
1998-01-27,True,0.0569203455745529,0.0,0.0569203455745529,3893.4234131498447
1998-01-28,True,0.0792555963569996,0.0,0.0792555963569996,4201.999007629341
1998-01-29,True,0.0161448098831252,0.0,0.0161448098831252,4269.839482736596
1998-01-30,True,0.005756908137943,0.0,0.005756908137943,4294.420556402473
1998-02-02,True,0.0834080719760098,0.0,0.0834080719760098,4652.609895266147
1998-02-03,True,0.0277607669888392,0.0,0.0277607669888392,4781.769914458598
1998-02-04,True,0.0353632922334035,0.0,0.0353632922334035,4950.869041336493
1998-02-05,True,-0.0257781160419513,0.0,-0.0257781160419513,4823.244964680417
1998-02-06,True,0.0521452852232079,0.0,0.0521452852232079,5074.754449065079
1998-02-09,True,-0.0309008523551391,0.0,-0.0309008523551391,4917.940211095934
1998-02-10,True,0.0453912454767149,0.0,0.0453912454767149,5141.171642457596
1998-02-11,True,-0.0028011130755239,0.0,-0.0028011130755239,5126.770639346396
1998-02-12,True,0.0155578610293955,0.0,0.0155578610293955,5206.532224482933
1998-02-13,True,-0.0214746431886751,0.0,-0.0214746431886751,5094.723802711824
1998-02-17,True,-0.0214931412976053,0.0,-0.0214931412976053,4985.222184147865
1998-02-18,True,0.031968412438758,0.0,0.031968412438758,5144.59182302955
1998-02-19,True,0.0418828945728475,0.0,0.0418828945728475,5360.06221997383
1998-02-20,True,0.0075071195729425,0.0,0.0075071195729425,5400.300847977585
1998-02-23,True,0.0665158828120549,0.0,0.0665158828120549,5759.506626331503
1998-02-24,True,-0.0334492117779865,0.0,-0.0334492117779865,5566.855669450624
1998-02-25,True,0.0713972825674811,0.0,0.0713972825674811,5964.314036694775
1998-02-26,True,0.0162184539328639,0.0,0.0162184539328639,6061.045989140041
1998-02-27,True,-0.0321399116268912,0.0,-0.0321399116268912,5866.244506682557
1998-03-02,True,-0.0417765545590682,0.0,-0.0417765545590682,5621.173022992299
1998-03-03,True,-0.0049860592871095,0.0,-0.0049860592871095,5593.145521036558
1998-03-04,True,0.0103686638284535,0.0,0.0103686638284535,5651.138966687807
1998-03-05,True,-0.1350827074400032,0.0,-0.1350827074400032,4887.767814947915
1998-03-06,True,0.0963704245843832,0.0,0.0963704245843832,5358.804074544329
1998-03-09,True,-0.0898223255416586,0.0,-0.0898223255416586,4877.463830446642
1998-03-10,True,0.0535950802491266,0.0,0.0535950802491266,5138.871895851642
1998-03-11,True,0.0135213401794539,0.0,0.0135213401794539,5208.356330894087
1998-03-12,True,0.0242228908424547,0.0,0.0242228908424547,5334.517777765941
1998-03-13,True,0.0153082205115862,0.0,0.0153082205115862,5416.179752230959
1998-03-16,True,0.0276962695054288,0.0,0.0276962695054288,5566.187726338594
1998-03-17,True,-0.0314347574891216,0.0,-0.0314347574891216,5391.215965022215
1998-03-18,True,0.0232069212318274,0.0,0.0232069212318274,5516.329489266256
1998-03-19,True,0.0231015767656644,0.0,0.0231015767656644,5643.765398427238
1998-03-20,True,-0.0425336141084334,0.0,-0.0425336141084334,5403.715658852005
1998-03-23,True,0.0247922545118394,0.0,0.0247922545118394,5537.685952775876
1998-03-24,True,0.047177424417561,0.0,0.047177424417561,5798.939713261148
1998-03-25,True,0.0423821744400608,0.0,0.0423821744400608,6044.711387755979
1998-03-26,True,0.0074830913985697,0.0,0.0074830913985697,6089.944515548532
1998-03-27,True,-0.0157392057408578,0.0,-0.0157392057408578,5994.093625867905
1998-03-30,True,-0.0126002068961914,0.0,-0.0126002068961914,5918.566806026827
1998-03-31,True,0.0346376047442044,0.0,0.0346376047442044,6123.571783706152
1998-04-01,True,0.0188289548817912,0.0,0.0188289548817912,6238.872240536965
1998-04-02,True,0.0041053160127913,0.0,0.0041053160127913,6264.4847826478
1998-04-03,True,0.0082698472879317,0.0,0.0082698472879317,6316.291115137869
1998-04-06,True,-0.0690127777100639,0.0,-0.0690127777100639,5880.386320456808
1998-04-07,True,-0.0580574419310933,0.0,-0.0580574419310933,5538.986133124491
1998-04-08,True,0.0224466756032405,0.0,0.0224466756032405,5663.317958025585
1998-04-09,True,0.0144931944079117,0.0,0.0144931944079117,5745.397526185066
1998-04-13,True,0.0149935140059081,0.0,0.0149935140059081,5831.541224463433
1998-04-14,True,0.025092846123491,0.0,0.025092846123491,5977.871191071687
1998-04-15,True,0.0448901403486675,0.0,0.0448901403486675,6246.218667825151
1998-04-16,True,-0.0095462569223717,0.0,-0.0095462569223717,6186.590659628778
1998-04-17,True,0.008875775400785,0.0,0.008875775400785,6241.501448820239
1998-04-20,True,0.0530462408174904,0.0,0.0530462408174904,6572.589637737071
1998-04-21,True,0.0395007970870166,0.0,0.0395007970870166,6832.212167353551
1998-04-22,True,0.0498737174464734,0.0,0.0498737174464734,7172.959986522501
1998-04-23,True,-0.0753275756552134,0.0,-0.0753275756552134,6632.638300465908
1998-04-24,True,-0.0203344393506564,0.0,-0.0203344393506564,6497.767319210244
1998-04-27,True,-0.0724244974989435,0.0,-0.0724244974989435,6027.169786251385
1998-04-28,True,0.0058082802192322,0.0,0.0058082802192322,6062.177277298823
1998-04-29,True,0.0416488692665041,0.0,0.0416488692665041,6314.6601061914125
1998-04-30,True,0.0205031060166976,0.0,0.0205031060166976,6444.1302518080665
1998-05-01,True,0.0079819165495907,0.0,0.0079819165495907,6495.566761712691
1998-05-04,True,0.0100658213198479,0.0,0.0100658213198479,6560.949976107234
1998-05-05,True,-0.0206424825880609,0.0,-0.0206424825880609,6425.515680464302
1998-05-06,True,-0.0122921722367592,0.0,-0.0122921722367592,6346.532135010038
1998-05-07,True,-0.0474790060829525,0.0,-0.0474790060829525,6045.205097166242
1998-05-08,True,0.0767022838429267,0.0,0.0767022838429267,6508.886134417796
1998-05-11,True,-0.0393805723391848,0.0,-0.0393805723391848,6252.562473153839
1998-05-12,True,0.0452305505279728,0.0,0.0452305505279728,6535.3693160251305
1998-05-13,True,0.0157080253243564,0.0,0.0157080253243564,6638.0270627452755
1998-05-14,True,0.0070715700523641,0.0,0.0070715700523641,6684.968336128967
1998-05-15,True,-0.0396943684154975,0.0,-0.0396943684154975,6419.612740148729
1998-05-18,True,-0.0170038412187892,0.0,-0.0170038412187892,6310.454664429124
1998-05-19,True,0.0313834467735558,0.0,0.0313834467735558,6508.498482507173
1998-05-20,True,-0.0428466783876422,0.0,-0.0428466783876422,6229.630941240731
1998-05-21,True,-0.0342763118266865,0.0,-0.0342763118266865,6016.10216853359
1998-05-22,True,-0.0236832440587763,0.0,-0.0236832440587763,5873.6213525936755
1998-05-26,True,-0.0348373341001742,0.0,-0.0348373341001742,5669.000043155452
1998-05-27,True,0.0231305497778367,0.0,0.0231305497778367,5800.127130844218
1998-05-28,True,0.0131036771688938,0.0,0.0131036771688938,5876.130124305342
1998-05-29,True,-0.0564202765128888,0.0,-0.0564202765128888,5544.597237866319
1998-06-01,True,-0.0669574596936571,0.0,-0.0669574596936571,5173.345091794323
1998-06-02,True,0.0553793377030883,0.0,0.0553793377030883,5459.841516687415
1998-06-03,True,-0.0587705840568227,0.0,-0.0587705840568227,5138.963441894007
1998-06-04,True,0.0802213096439557,0.0,0.0802213096439557,5551.217819415155
1998-06-05,True,0.0286727124214052,0.0,0.0286727124214052,5710.386291539826
1998-06-08,True,0.0005761608090996,0.0,0.0005761608090996,5713.67639232583
1998-06-09,True,0.0406906450521787,0.0,0.0406906450521787,5946.169570348973
1998-06-10,True,-0.0594840259535707,0.0,-0.0594840259535707,5592.467465302002
1998-06-11,True,-0.0357383607425807,0.0,-0.0357383607425807,5392.601845585893
1998-06-12,True,0.0045405843850838,0.0,0.0045405843850838,5417.087409320935
1998-06-15,True,-0.0341374033178002,0.0,-0.0341374033178002,5232.162111621169
1998-06-16,True,0.0952059616586658,0.0,0.0952059616586658,5730.295137012097
1998-06-17,True,0.0324311237774985,0.0,0.0324311237774985,5916.135047882135
1998-06-18,True,0.0077445112850898,0.0,0.0077445112850898,5961.952622524574
1998-06-19,True,0.0300408933067605,0.0,0.0300408933067605,6141.055005157795
1998-06-22,True,0.0583929528115026,0.0,0.0583929528115026,6499.6493402868155
1998-06-23,True,0.0910692118414132,0.0,0.0910692118414132,7091.567282952296
1998-06-24,True,0.0660552983956959,0.0,0.0660552983956959,7560.002875920865
1998-06-25,True,-0.0447471018972259,0.0,-0.0447471018972259,7221.714656888714
1998-06-26,True,0.0216096841258276,0.0,0.0216096841258276,7377.7736294709375
1998-06-29,True,0.0424092130254269,0.0,0.0424092130254269,7690.659202976549
1998-06-30,True,-0.0055245004920923,0.0,-0.0055245004920923,7648.172152425191
1998-07-01,True,0.0419563498277165,0.0,0.0419563498277165,7969.061538794941
1998-07-02,True,-0.0524453931150524,0.0,-0.0524453931150524,7551.1209736347955
1998-07-06,True,0.0224089367429976,0.0,0.0224089367429976,7720.333565871701
1998-07-07,True,0.0081403546994444,0.0,0.0081403546994444,7783.179819495922
1998-07-08,True,0.07001891852498,0.0,0.07001891852498,8328.149653142475
1998-07-09,True,0.0114976928356097,0.0,0.0114976928356097,8423.904159743297
1998-07-10,True,0.0168963347332712,0.0,0.0168963347332712,8566.237264187315
1998-07-13,True,0.06333502269114,0.0,0.06333502269114,9108.780095692307
1998-07-14,True,-0.0053934073879144,0.0,-0.0053934073879144,9059.652733829313
1998-07-15,True,0.066312331188107,0.0,0.066312331188107,9660.41942636424
1998-07-16,True,0.0060716288014991,0.0,0.0060716288014991,9719.073907187914
1998-07-17,True,0.0232215115000158,0.0,0.0232215115000158,9944.765493693183
1998-07-20,True,0.0037175668771457,0.0,0.0037175668771457,9981.735824493517
1998-07-21,True,-0.0697993309515807,0.0,-0.0697993309515807,9285.017342208444
1998-07-22,True,-0.002961052168202,0.0,-0.002961052168202,9257.523921475506
1998-07-23,True,-0.0521817744537158,0.0,-0.0521817744537158,8774.449896205191
1998-07-24,True,0.0057584212509928,0.0,0.0057584212509928,8824.976874953272
1998-07-27,True,0.037630187827696,0.0,0.037630187827696,9157.062412332836
1998-07-28,True,-0.0698124813646948,0.0,-0.0698124813646948,8517.785163316503
1998-07-29,True,-0.0286386028639733,0.0,-0.0286386028639733,8273.847696743636
1998-07-30,True,0.0910177408945699,0.0,0.0910177408945699,9026.914622606982
1998-07-31,True,-0.0947078201701994,0.0,-0.0947078201701994,8171.995215837377
1998-08-03,True,-0.0194306874285523,0.0,-0.0194306874285523,8013.207731130816
1998-08-04,True,-0.1124618900180342,0.0,-0.1124618900180342,7112.02724458072
1998-08-05,True,0.0286164248891428,0.0,0.0286164248891428,7315.548038034802
1998-08-06,True,0.0809265162580863,0.0,0.0809265162580863,7907.569855271637
1998-08-07,True,-0.0041670369314217,0.0,-0.0041670369314217,7874.618719646923
1998-08-10,True,-0.0028333441751211,0.0,-0.0028333441751211,7852.307214566311
1998-08-11,True,-0.0723048410240526,0.0,-0.0723048410240526,7284.547389745074
1998-08-12,True,0.0551109922800288,0.0,0.0551109922800288,7686.006024704819
1998-08-13,True,-0.0362464414269557,0.0,-0.0362464414269557,7407.415657523127
1998-08-14,True,-0.0189313180481723,0.0,-0.0189313180481723,7267.183515795545
1998-08-17,True,0.0849315074058775,0.0,0.0849315074058775,7884.396366387205
1998-08-18,True,0.0731504736321623,0.0,0.0731504736321623,8461.143694892127
1998-08-19,True,-0.0065963267979501,0.0,-0.0065963267979501,8405.331225996206
1998-08-20,True,-0.0003440749635011,0.0,-0.0003440749635011,8402.439161961405
1998-08-21,True,-0.0504857635397979,0.0,-0.0504857635397979,7978.235605273084
1998-08-24,True,-0.0086180195839891,0.0,-0.0086180195839891,7909.479014581161
1998-08-25,True,0.0379250885006893,0.0,0.0379250885006893,8209.446706203495
1998-08-26,True,-0.031115774214699,0.0,-0.031115774214699,7954.003416065663
1998-08-27,True,-0.1367150262478218,0.0,-0.1367150262478218,6866.571630262981
1998-08-28,False,-0.0071759900449308274,0.0005018720975013431,-0.007677862142432171,6813.851039894686
1998-08-31,False,0.005733286659018966,9.527309992212047e-07,0.005732333928019744,6852.910309391147
1998-09-01,False,-0.004130992455152863,4.352816041032034e-06,-0.004135345271193895,6824.571159149291
1998-09-02,False,0.0002893150058786502,6.35917744640932e-07,0.0002886790881340093,6826.5412701284195
1998-09-03,False,-0.0076710989125028635,2.586323457646186e-06,-0.007673685235960509,6774.156541171161
1998-09-04,False,0.00471939647850675,2.690779955319994e-06,0.00471670569855143,6806.108243931783
1998-09-08,False,-0.0032607955072867837,1.3225131938664204e-06,-0.00326211802048065,6783.905915579912
1998-09-09,False,0.005270548268116936,2.009215101278161e-06,0.005268539053015658,6819.6471888281285
1998-09-10,False,0.0072421408359337434,3.5066279789726654e-06,0.0072386342079547705,6869.012120255362
1998-09-11,False,-0.0009261112434378127,1.788448595532441e-06,-0.0009278996920333452,6862.638366024404
1998-09-14,False,-0.004729084396271111,1.0088784753303494e-06,-0.004730093274746441,6830.177446442254
1998-09-15,False,-0.003361059333925514,1.2306263190887678e-06,-0.0033622899602446027,6807.212409387393
1998-09-16,False,-0.0009447846825178666,1.2225402823876492e-06,-0.0009460072228002543,6800.772737280976
1998-09-17,False,0.005830902400891516,3.245782294553079e-07,0.005830577822662061,6840.425171979932
1998-09-18,False,-0.0013535251641623794,9.72272186222381e-07,-0.0013544974363486019,6831.159833620951
1998-09-21,False,0.00459610294940296,8.647035082035154e-07,0.004595238245894757,6862.550640552226
1998-09-22,False,-0.008806176599962218,8.82468702901637e-07,-0.00880705906866512,6802.111751699177
1998-09-23,False,0.0006416076412319702,4.87868362986546e-07,0.0006411197728689837,6806.472720040456
1998-09-24,False,0.0022924348726531423,1.8661278355817379e-06,0.0022905687448175607,6822.063413715435
1998-09-25,False,0.007765550007296309,1.7641682547874794e-06,0.007763785839041522,6875.028453039881
1998-09-28,False,-0.0065187958600334646,2.2011912516149285e-06,-0.006520997051285079,6830.196412770108
1998-09-29,False,0.001074242921569635,1.954760160337951e-06,0.0010722881614092972,6837.520351523623
1998-09-30,False,0.005792011829996128,2.1660016702881034e-06,0.005789845828325839,6877.108540206985
1998-10-01,False,0.014365837768334966,1.7604040266242933e-06,0.014364077364308342,6975.891859321264
1998-10-02,False,0.003898881492859972,1.1352011495340543e-06,0.003897746291710438,7003.082115947307
1998-10-05,False,0.0026776789044326977,1.5805350542338614e-06,0.002676098369378464,7021.823052578417
1998-10-06,False,-0.008736871211008385,8.411209888139343e-07,-0.008737712331997199,6960.468382698801
1998-10-07,False,-0.007499880304153366,3.40052346829145e-06,-0.007503280827621657,6908.242033731631
1998-10-08,False,-0.0028108703794497217,1.72920782353439e-06,-0.002812599587273256,6888.811915038773
1998-10-09,False,-0.015337575242548742,2.2092892666009114e-06,-0.015339784531815344,6783.139024581876
1998-10-12,False,-0.0014627982988010071,1.015751939809892e-06,-0.001463814050740817,6773.2097703695645
1998-10-13,False,0.0029476120636182843,6.833836395369331e-07,0.0029469286799787475,6793.169936497379
1998-10-14,False,0.0033568241152625816,1.2046018968709938e-06,0.0033556195133657104,6815.965230093899
1998-10-15,False,0.006519826394364618,9.107001256773855e-07,0.00651891569423894,6860.397932803744
1998-10-16,False,1.0447684001216795e-05,2.6492261817200046e-07,1.0182761383044794e-05,6860.4677905988865
1998-10-19,False,0.004845951905925111,1.2761571528255022e-06,0.004844675748772286,6893.704532529235
1998-10-20,False,-0.005420997900474103,8.622918359431769e-07,-0.005421860192310046,6856.327830346767
1998-10-21,False,-0.0025394494983988335,4.6460492434227674e-07,-0.002539914103323176,6838.913346593461
1998-10-22,False,-0.003427426870933897,7.605527863080302e-07,-0.003428187423720205,6815.4682698667575
1998-10-23,False,-0.002980057655230081,1.2454321739666098e-07,-0.0029801821984474777,6795.156932654817
1998-10-26,False,-0.004814403981153337,1.1514763420933382e-06,-0.00481555545749543,6762.434477603233
1998-10-27,False,0.010828020402743686,1.6639790009704837e-06,0.010826356423742715,6835.647003549972
1998-10-28,False,-8.869437076076019e-05,4.0858717758915367e-07,-8.910295793834935e-05,6835.037927182533
1998-10-29,False,0.003762617945558351,4.7610560557807827e-07,0.003762141839952773,6860.75230934605
1998-10-30,False,-0.0034205266875779326,6.166159484982253e-07,-0.0034211433035264307,6837.280692525779
1998-11-02,False,-0.0029281420654385403,8.489602860125012e-07,-0.002928991025724553,6817.254358737011
1998-11-03,False,-0.0050826969484981,1.6693839555695507e-06,-0.0050843663324536695,6782.5929401956755
1998-11-04,False,-0.0033228332533787146,1.1910191699401745e-06,-0.0033240242725486547,6760.0474366316475
1998-11-05,False,0.0004144656161077191,7.004539552711714e-07,0.0004137651621524479,6762.844508755424
1998-11-06,False,-0.004826248355957799,8.056173326748129e-07,-0.004827053973290474,6730.199893298691
1998-11-09,False,0.006194919612724858,6.269627473922679e-07,0.006194292649977466,6771.888721030629
1998-11-10,False,0.0019303419030170627,2.0983021341670905e-07,0.0019301320728036461,6784.959360644548
1998-11-11,False,0.0006837396861605489,5.958391631710747e-07,0.0006831438469973778,6789.594463883899
1998-11-12,False,0.0008921681442522581,6.897459879772888e-07,0.0008914783982642808,6795.647240681426
1998-11-13,False,0.005228487368138873,1.165048489569831e-06,0.005227322319649303,6831.170279179104
1998-11-16,False,0.0046464798264453724,2.950211928715238e-06,0.004643529614516658,6862.8910206722785
1998-11-17,False,-0.00012632019048933502,7.044756879179687e-07,-0.00012702466617725298,6862.019264231367
1998-11-18,False,0.004278910630837005,8.123565988118476e-07,0.004278098274238194,6891.375657003463
1998-11-19,False,0.0019083877134794044,4.675076500799541e-07,0.0019079202058293243,6904.523851865421
1998-11-20,False,-0.0027710111472391157,7.649639213816451e-07,-0.0027717761111604976,6885.3860575938825
1998-11-23,False,0.003398254047055877,1.589888148322935e-06,0.003396664158907554,6908.773401635953
1998-11-24,False,0.002868984889638184,6.26701368538471e-07,0.0028683581882696456,6928.590238393434
1998-11-25,False,8.032438592772738e-05,1.370725355919339e-07,8.018731339213545e-05,6929.145823430246
1998-11-27,False,-0.000756564998590619,3.158114321105965e-07,-0.0007568808100227296,6923.901285926644
1998-11-30,False,0.008302728670062568,2.184312818617459e-06,0.008300544357243951,6981.373435675656
1998-12-01,False,0.0029867192870121685,1.2883372185249348e-06,0.0029854309497936433,7002.21584400259
1998-12-02,False,0.006852507790692908,1.1996944526347226e-06,0.006851308096240273,7050.190182106226
1998-12-03,False,0.0006548944272215289,9.568909329236569e-07,0.0006539375362886053,7054.800566104278
1998-12-04,False,-0.0021883226442585366,8.062768872971193e-08,-0.002188403271947266,7039.361817462481
1998-12-07,False,-0.00043602371047751315,1.9239535322655018e-06,-0.00043794766400977864,7036.278945398403
1998-12-08,False,0.005745556427522311,1.957825133963878e-06,0.005743598602388347,7076.692507315208
1998-12-09,False,0.0039621722166714385,8.37984392078453e-07,0.00396133423227936,7104.72565159575
1998-12-10,False,0.00426798367017089,1.4126402627317043e-06,0.004266571029908158,7135.038468236294
1998-12-11,False,-0.002928814920376816,1.557698029292412e-06,-0.0029303726184061085,7114.130146877699
1998-12-14,True,-0.1093051571426791,0.0005,-0.1098051571426791,6332.9619681663235
1998-12-15,False,-0.002507372756362459,0.0005010756808725681,-0.003008448437235027,6313.909578630124
1998-12-16,False,-0.0031952714348015983,2.4001238079097987e-06,-0.003197671558609508,6293.719769546907
1998-12-17,False,0.007954668983842722,3.0830306808265486e-06,0.007951585953161895,6343.764823259573
1998-12-18,True,0.0803608064664026,0.0005,0.0798608064664026,6850.382998078278
1998-12-21,False,-0.002803761353220456,0.0005007794790320558,-0.0033045408322525116,6827.745627744561
1998-12-22,False,-0.0065579276500974506,4.992320009419849e-07,-0.006558426882098393,6782.966357275431
1998-12-23,False,-0.0038511953935965403,4.603052912166006e-07,-0.003851655698887757,6756.840706250066
1998-12-24,False,-0.0032582267050164405,1.0394558241838686e-06,-0.0032592661608406245,6734.818363981995
1998-12-28,False,0.00359537790513076,5.997189372842215e-07,0.003594778186193476,6759.0285421248145
1998-12-29,False,0.00020162393426697875,5.680722771003871e-07,0.00020105586198987835,6760.387484434565
1998-12-30,False,0.0023343916699219503,3.366128254778805e-07,0.0023340550570964723,6776.166601030542
1998-12-31,False,0.00015788100022499628,6.195251920683709e-07,0.0001572614750329279,6777.232230985288
1999-01-04,False,-0.002839476393841297,6.21853004620171e-07,-0.002840098246845917,6757.984225607599
1999-01-05,False,-0.002030613758947366,2.1052979786209682e-07,-0.002030824288745228,6744.259947099277
1999-01-06,False,-0.006019988904993497,3.0500296605508184e-06,-0.006023038934654048,6703.639006852471
1999-01-07,False,0.004883872426139013,1.10826794034119e-06,0.0048827641581986716,6736.371295124633
1999-01-08,False,-0.0030550368240964635,1.0558153500427325e-06,-0.0030560926394465064,6715.784320393024
1999-01-11,False,-0.002962886797301155,8.286407023799514e-07,-0.002963715438003535,6695.880646724373
1999-01-12,False,0.003962225032251713,1.48541029809178e-06,0.003960739621953622,6722.4012865057275
1999-01-13,False,0.005570649210534506,3.737405357374074e-06,0.005566911805177132,6759.824301586714
1999-01-14,False,0.00630661513062743,1.0804170371283424e-06,0.006305534713590301,6802.44860837814
1999-01-15,False,-0.003545121652582318,7.659601334307347e-07,-0.003545887612715749,6778.327890121556
1999-01-19,False,0.00520572144694612,1.5592626717107761e-06,0.005204162184274409,6813.603407799939
1999-01-20,False,-0.0008046837811874714,4.7616379147810694e-07,-0.0008051599449789495,6808.117367255006
1999-01-21,False,0.0027289471438653374,7.078927221552678e-07,0.002728239251143182,6826.691540282741
1999-01-22,False,0.0020022001399511596,7.692033968410838e-07,0.0020014309365543187,6840.354691925777
1999-01-25,False,0.004195816545931759,1.139250489623711e-06,0.004194677295442135,6869.047772444769
1999-01-26,False,0.0011576702974674987,1.034191031516349e-06,0.0011566361064359824,6876.9927611152125
1999-01-27,False,-0.0063470232818405746,1.366321554264846e-06,-0.00634838960339484,6833.334931767928
1999-01-28,False,-0.0019289203589978859,4.944670610813051e-07,-0.0019294148260589673,6820.150594039148
1999-01-29,False,0.003724076481707594,9.371892491761707e-07,0.003723139292458418,6845.5429646962975
1999-02-01,False,0.0022945186909614913,1.2755378440088976e-06,0.0022932431531174826,6861.24145922946
1999-02-02,False,0.0033774021864680977,1.0099829019143276e-06,0.003376392203566183,6884.407701399186
1999-02-03,False,-0.001722244252259737,8.635279146977093e-07,-0.0017231077801744346,6872.545124927013
1999-02-04,False,-0.0006154927525321653,5.019001472773426e-07,-0.0006159946526794426,6868.31167387976
1999-02-05,False,0.0034077462831394686,1.0187425466481742e-06,0.0034067275405928205,6891.710140416541
1999-02-08,False,-0.0007752290803573243,2.811960660763224e-07,-0.0007755102764234006,6886.365548380517
1999-02-09,False,0.0010900701722747156,1.2503952900960042e-06,0.0010888197769846196,6893.86355938114
1999-02-10,False,0.003152451511542019,6.745970757657677e-07,0.0031517769144662534,6915.591479399077
1999-02-11,False,0.0008037817285909136,7.904010686309582e-07,0.0008029913275222826,6921.1446393817205
1999-02-12,False,-0.0005620100832652379,1.2719326782435343e-06,-0.0005632820159434814,6917.246083076614
1999-02-16,False,-0.0015841940462639388,1.9608323536682432e-06,-0.001586154878617607,6906.274259455343
1999-02-17,False,0.0028168946211081496,2.198981332798139e-07,0.00281667472297487,6925.726987591884
1999-02-18,False,-0.003144201772389071,5.610638024037551e-07,-0.0031447628361914747,6903.947218747697
1999-02-19,False,0.001801718015101137,6.048716246796621e-07,0.0018011131434764573,6916.382008825251
1999-02-22,False,0.0054656969915919465,8.659839621314308e-07,0.005464831007629815,6954.178867687692
1999-02-23,False,-0.0017195951574586511,3.305008539110088e-07,-0.0017199256583125622,6942.21819702066
1999-02-24,False,0.0004597140079438909,8.42318903187797e-07,0.0004588716890407031,6945.403784410417
1999-02-25,False,-0.004161184130984308,3.8511087558762427e-07,-0.004161569241859895,6916.500005648918
1999-02-26,False,0.007434304652537068,1.2202111365807456e-06,0.007433084441400487,6967.910934229853
1999-03-01,False,-0.0024022232212240536,5.29487448206925e-07,-0.0024027527086722604,6951.168767358845
1999-03-02,False,-0.0024608519879672727,2.0348655048282593e-06,-0.002462886853472101,6934.048825185451
1999-03-03,False,-0.007802622533180026,1.5298329535453348e-06,-0.007804152366133571,6879.934451639495
1999-03-04,False,-0.0034930644799805294,1.4662777226339685e-06,-0.0034945307577031633,6855.8923090872595
1999-03-05,False,-0.0003139622933742414,8.412704116254055e-07,-0.0003148035637858668,6853.734049755427
1999-03-08,False,-0.0028852510700055657,2.2021452302141837e-06,-0.00288745321523578,6833.944213337089
1999-03-09,False,0.0018021797333126605,2.1531495929928146e-06,0.0018000265837196676,6846.245494592753
1999-03-10,False,-0.010193411423275277,2.4578183160869767e-06,-0.010195869241591365,6776.442070734051
1999-03-11,False,0.005037805955372773,8.35425613763166e-07,0.00503697052975901,6810.574809740959
1999-03-12,False,-0.0008324580477040271,7.148241944401335e-07,-0.0008331728718984672,6804.900423567447
1999-03-15,False,-0.002005171730354985,1.2664058464272598e-06,-0.0020064381362014123,6791.2468118445495
1999-03-16,False,-0.010231855722922602,2.1740821172908655e-06,-0.010234029805039893,6721.74498955875
1999-03-17,False,-0.004700049204512939,2.423046905595666e-06,-0.0047024722514185345,6690.136170264238
1999-03-18,False,-0.00025206355520110093,5.461748329510658e-07,-0.000252609730034052,6688.446176772377
1999-03-19,False,-0.003963361040648407,8.611863523294988e-07,-0.003964222227000737,6661.931689774317
1999-03-22,False,-0.008934581886416054,2.8917395023082134e-06,-0.008937473625918362,6602.390850999291
1999-03-23,False,-0.000670924192797388,2.6642803650984984e-07,-0.0006711906208338979,6597.9593881850205
1999-03-24,False,0.0016214242450747387,1.845877943900398e-07,0.0016212396572803487,6608.656261602271
1999-03-25,False,-0.007205869745440379,1.6559543000840838e-06,-0.007207525699740463,6561.024201756022
1999-03-26,False,-0.012328785632706335,2.08044699041611e-06,-0.012330866079696752,6480.1210909785195
1999-03-29,False,-0.0021329170888985866,6.091464106391248e-07,-0.002133526235309226,6466.295582622936
1999-03-30,False,-0.00486872587376633,1.9212329777472393e-06,-0.004870647106744078,6434.800538752082
1999-03-31,False,0.0017255308358272773,3.7899204135100063e-07,0.0017251518437859262,6445.901546765905
1999-04-01,False,0.002085324666499864,6.552533545722133e-07,0.0020846694131452918,6459.339120560593
1999-04-05,False,0.000406489128629995,7.061881543813237e-07,0.00040578294047561366,6461.960210182463
1999-04-06,False,0.00046940617183944405,1.2980970968811262e-06,0.00046810807474256295,6464.985105935515
1999-04-07,False,0.004852876331063038,8.049066096093433e-07,0.0048520714244534285,6496.353675427541
1999-04-08,False,0.004906338410898648,3.131586553199867e-07,0.004906025252243328,6528.224950606692
1999-04-09,False,-0.0028347940873605037,5.541050926135827e-07,-0.0028353481924531174,6509.7151597930615
1999-04-12,False,0.00562661292694791,9.325218814849462e-07,0.005625680405066426,6546.3367368100735
1999-04-13,False,-0.0014544763328468862,3.874564906889699e-07,-0.0014548637893375752,6536.812708538879
1999-04-14,False,0.0015732636340675893,7.083416528258502e-07,0.0015725552924147634,6547.0922079592165
1999-04-15,False,-0.0015280835333185319,3.99667707759066e-07,-0.0015284832010262909,6537.08508750378
1999-04-16,False,-0.0006270695493258845,4.2529587309587946e-07,-0.0006274948451989804,6532.983100308745
1999-04-19,False,0.0014287012652193498,2.404188934048701e-07,0.001428460846325945,6542.315210877246
1999-04-20,False,0.00010750943214526958,2.028964254114224e-07,0.00010730653571985816,6543.017244058111
1999-04-21,False,-0.001394761188378235,4.15499919287271e-07,-0.0013951766882975224,6533.888578928073
1999-04-22,False,-0.00041003054542764075,6.992445764696376e-07,-0.0004107297900041104,6531.204916244139
1999-04-23,False,0.0006637581446755947,2.8251945130054744e-07,0.0006634756252242942,6535.538211509413
1999-04-26,False,-0.0011876516545149148,8.646617800624201e-07,-0.0011885163162949771,6527.770617709263
1999-04-27,False,0.00048112627788819603,3.49090869932997e-07,0.000480777187018263,6530.909020904347
1999-04-28,False,0.0017413152163906064,8.619938051956655e-07,0.0017404532225854107,6542.275762556192
1999-04-29,False,0.001368392639275396,3.882451106523022e-07,0.0013680043941647437,6551.225624547206
1999-04-30,False,0.003951274979523417,1.4531744652475364e-06,0.0039498218050581695,6577.101798368899
1999-05-03,False,-0.0016452910052910082,5.466842871919425e-07,-0.0016458376895782001,6566.276956340951
1999-05-04,False,-0.0060870646383652345,9.66371593292187e-07,-0.006088031009958527,6526.301258610772
1999-05-05,False,-0.0009206798414539893,8.690201157266903e-07,-0.000921548861569716,6520.2869531156375
1999-05-06,False,0.0007239560930957584,1.0499546107968632e-06,0.0007229061384849615,6525.000508578729
1999-05-07,False,-0.004370256364192897,2.497496409140279e-06,-0.004372753860602037,6496.468287414412
1999-05-10,False,-0.007067277496066639,1.5009085462543566e-06,-0.007068778404612893,6450.5461926780845
1999-05-11,False,0.001856100003028733,9.312168226674467e-07,0.0018551687862060654,6462.51304462872
1999-05-12,False,-0.0013554170955773234,9.11137905152723e-07,-0.0013563282334824762,6453.747755727041
1999-05-13,False,0.001034620325168909,7.699734240404488e-07,0.0010338503517448685,6460.419965114373
1999-05-14,False,-0.006098563554999779,7.946065510527484e-07,-0.006099358161550832,6421.015549873106
1999-05-17,False,-0.00024316939927688784,2.738630738137599e-07,-0.0002434432623507016,6419.45239690004
1999-05-18,False,-0.0013039097760986277,4.19692710361394e-07,-0.0013043294688089891,6411.0793159651475
1999-05-19,False,-0.002630545191782486,1.1122963280065373e-06,-0.0026316574881104925,6394.207551076418
1999-05-20,False,0.0029828755885636543,4.956674171884973e-07,0.002982379921146466,6413.277507288391
1999-05-21,False,0.0011922707455894407,6.26394457464749e-07,0.0011916443511319759,6420.919853202193
1999-05-24,False,0.000779769929356449,9.326444303589948e-07,0.00077883728492609,6425.9207049873885
1999-05-25,False,-0.0024209095008727688,4.993907296165085e-07,-0.002421408891602385,6410.3609234556
1999-05-26,False,-0.002614109372323771,9.531766032794265e-07,-0.0026150625489270505,6393.597428679565
1999-05-27,False,-0.002156278681199412,4.2690392615239715e-07,-0.0021567055851255644,6379.808321396087
1999-05-28,False,-0.0011877316767399421,1.039859429902354e-06,-0.0011887715361698446,6372.224186857392
1999-06-01,False,-0.007542369629103235,1.6983692226822666e-07,-0.007542539466025503,6324.161434441658
1999-06-02,False,-0.0009617387055344619,3.467103271521388e-07,-0.000962085415861614,6318.077050958027
1999-06-03,False,-0.0025383283168117915,1.079593548423366e-06,-0.0025394079103602148,6302.032876116558
1999-06-04,False,0.0004938418494037542,2.611516488546656e-07,0.0004935806977548995,6305.143437900826
1999-06-07,False,-0.00011836521298640649,2.2529913208201025e-07,-0.0001185905121184885,6304.395707711545
1999-06-08,False,-0.00478855897314536,1.24991288096879e-06,-0.004789808886026329,6274.1988571297225
1999-06-09,False,-0.0024078712769435642,3.4547707715484877e-07,-0.002408216754020719,6259.089226323925
1999-06-10,False,-0.006768601592467578,2.5272613683157696e-06,-0.006771128853835894,6216.708126664829
1999-06-11,False,0.00020230964123722946,2.6365084930268512e-06,0.0001996731327442026,6217.949436251837
1999-06-14,False,0.0022400520321038692,2.1233621236453614e-07,0.0022398396958915046,6231.876646226201
1999-06-15,False,0.0014048048322438474,5.334498017667416e-07,0.0014042713824420805,6240.627892259406
1999-06-16,False,0.000126150759051659,8.568826385789291e-07,0.00012529387641308006,6241.409804719278
1999-06-17,False,-0.0018686523288441229,1.755705686978845e-06,-0.0018704080345311018,6229.73582167373
1999-06-18,False,-0.004071312255432592,1.4004830947484255e-06,-0.004072712738527341,6204.363897235139
1999-06-21,False,0.000408441924346458,7.04517905623217e-07,0.0004077374064408348,6206.893648479214
1999-06-22,False,0.0003178874432188128,9.10062795261693e-07,0.00031697738042355114,6208.861093368475
1999-06-23,False,0.0004076212334497339,7.079584191947291e-07,0.00040691327503053915,6211.3875613701875
1999-06-24,False,0.0012312096314284194,5.260881957530467e-07,0.0012306835432326663,6219.031813822607
1999-06-25,False,-0.0011417928207186545,8.92386784036886e-07,-0.0011426852075026913,6211.925418163963
1999-06-28,False,0.0002120140023858999,4.472730575896394e-07,0.00021156672932831026,6213.239654907516
1999-06-29,False,0.003169731700456308,5.557745891604238e-07,0.0031691759258671475,6232.930504443492
1999-06-30,False,-4.726682829592095e-06,1.9638681091339453e-06,-6.690550938726041e-06,6232.888802704455
1999-07-01,False,0.00685880234544271,1.574401103114173e-06,0.006857227944339596,6275.629141976321
1999-07-02,False,0.004634599866702019,1.065959725415025e-06,0.004633533906976604,6304.707482393278
1999-07-06,False,-0.0011485896762728164,3.5855499383550676e-06,-0.0011521752262111714,6297.443354623557
1999-07-07,False,0.002235290664709042,1.2280398631731166e-06,0.0022340626248458693,6311.512237454205
1999-07-08,False,0.001616495553985301,2.09647203428448e-07,0.0016162859067818725,6321.7134457340835
1999-07-09,False,0.0031709744336650106,9.916929613626308e-07,0.003169982740703648,6341.753168248734
1999-07-12,False,-0.0014162553569390234,1.0340895415782148e-06,-0.0014172894464806016,6332.76506841119
1999-07-13,False,-0.000689141792841073,7.67209552445608e-07,-0.0006899090023935186,6328.39603678045
1999-07-14,False,-0.0007266997380502626,5.115324746693545e-07,-0.000727211270524932,6323.793955858158
1999-07-15,False,-6.13484866357755e-05,1.265739703913249e-06,-6.261422633968874e-05,6323.397996392081
1999-07-16,False,0.006024676487523115,6.829128815791786e-07,0.006023993574641536,6361.490105292248
1999-07-19,False,-0.006775004668508514,1.3147399243741004e-06,-0.006776319408432888,6318.382616425202
1999-07-20,False,-0.005122059425382333,1.1136945052069997e-06,-0.00512317311988754,6286.012448443568
1999-07-21,False,-0.002149490520938732,1.680363505269858e-06,-0.0021511708844440015,6272.490161485222
1999-07-22,False,-0.0024394698792418,7.020460951904922e-07,-0.0024401719253369907,6257.184207091214
1999-07-23,False,0.002184806956958995,8.399042675054647e-07,0.00218396705269149,6270.849691242123
1999-07-26,False,-0.0014239445807627418,1.0237819054900038e-06,-0.0014249683626682318,6261.913928825055
1999-07-27,False,0.004337608602835581,2.443387204581898e-07,0.004337364264115123,6289.074130524906
1999-07-28,False,-0.0004257488284061788,3.47772868625737e-07,-0.00042609660127480457,6286.394377412724
1999-07-29,False,0.0005154799986637233,9.43600259828703e-07,0.0005145363984038946,6289.628956134624
1999-07-30,False,0.003909193696013071,4.599314453034853e-07,0.003908733764567768,6314.2134412020705
1999-08-02,False,-0.0036486841243698986,8.934793364754751e-07,-0.003649577603706374,6291.1692292420375
1999-08-03,False,0.0005533038351254351,4.136052602361912e-07,0.0005528902298651988,6294.647555243315
1999-08-04,False,-0.0019416836433632139,7.09430215151019e-07,-0.001942393073578365,6282.420875431393
1999-08-05,False,0.0027907405208387006,3.690271108754001e-07,0.0027903714937278254,6299.951163553798
1999-08-06,False,0.0007610173797003954,1.8600815489968199e-06,0.0007591572981513985,6304.733817457607
1999-08-09,False,-0.0005444207136499046,8.797244706643531e-07,-0.0005453004381205689,6301.295843344714
1999-08-10,False,-0.0026337171549623505,7.145958508575079e-07,-0.002634431750813208,6284.695509503739
1999-08-11,False,0.004099958203492184,3.564431928478329e-07,0.004099601760299336,6310.460258277447
1999-08-12,False,0.005647502613426563,7.743389502753995e-07,0.005646728274476287,6346.093712642821
1999-08-13,True,0.1254273058934066,0.0005,0.12492730589340659,7138.894103110375
1999-08-16,False,-0.003398343526976719,0.0005007302123423023,-0.0038990737393190212,7111.059028585159
1999-08-17,False,0.0020312029694024816,5.440953268568693e-07,0.0020306588740756247,7125.499163705631
1999-08-18,False,0.0010810341427792902,8.75337103052376e-07,0.0010801588056762379,7133.195834372145
1999-08-19,True,-0.0501748910885194,0.0005,-0.0506748910885194,6771.721912352256
1999-08-20,True,0.0475542586392555,0.0,0.0475542586392555,7093.746127605369
1999-08-23,True,0.0915326159536558,0.0,0.0915326159536558,7743.055267576205
1999-08-24,False,-0.0025606260993020174,0.0005012071799755587,-0.0030618332792775762,7719.347323274654
1999-08-25,True,0.069773032368835,0.0005,0.069273032368835,8254.089920266139
1999-08-26,True,-0.0533863130067587,0.0,-0.0533863130067587,7813.43449219688
1999-08-27,False,0.00041360938884244317,0.0005010253284295132,-8.741593958707002e-05,7812.751473479342
1999-08-30,False,0.00010625692039894907,1.0005175346881474e-06,0.00010525640286426092,7813.573815595913
1999-08-31,False,0.0007296249473900887,1.1074627920836105e-06,0.0007285174845980051,7819.266140737772
1999-09-01,False,0.0004038895118486432,2.0260325202998975e-07,0.00040368690859661325,7822.42267611362
1999-09-02,False,-0.003712663942846268,5.867343570169492e-07,-0.0037132506772032847,7793.376059814171
1999-09-03,False,0.0010228820464326211,9.614944272747921e-07,0.0010219205520053463,7801.340270979203
1999-09-07,False,0.0025507910970322366,1.0655239126601823e-06,0.002549725573119576,7821.231547772725
1999-09-08,False,0.0026140376688682716,1.9215808006230183e-07,0.002613845510788209,7841.675038742706
1999-09-09,False,0.007033191204619603,2.1659015991528224e-06,0.00703102530302045,7896.8100543581695
1999-09-10,False,0.0014148269319751606,8.211636988490062e-07,0.0014140057682763116,7907.976189326015
1999-09-13,False,0.003445327794312218,9.524970364343383e-07,0.003444375297275784,7935.214227163974
1999-09-14,False,-0.0013278932430762543,5.119710650371978e-07,-0.0013284052141412915,7924.673047209282
1999-09-15,False,0.004118406529243372,7.903439540919017e-07,0.00411761618528928,7957.303809211598
1999-09-16,False,-0.003908582498229226,9.770868487331552e-07,-0.003909559585077959,7926.194255832917
1999-09-17,False,-0.0002959490558811551,4.744896777024721e-07,-0.00029642354555885756,7923.844745228816
1999-09-20,False,-0.0015881701020398198,4.5877658649585985e-07,-0.0015886288786263157,7911.256696636793
1999-09-21,False,0.0038820630055107063,1.5954848869161598e-06,0.00388046752062379,7941.956071295411
1999-09-22,False,0.007816158534644705,1.6116426733570194e-06,0.007814546891971348,8004.0188594285255
1999-09-23,False,0.004032454001692336,1.0251096231109203e-07,0.004032351490730025,8036.293876808173
1999-09-24,False,0.00660672293682595,2.442238852450096e-06,0.0066042806979735,8089.367817342021
1999-09-27,False,0.010369654677048477,5.068265645588738e-06,0.010364586411402888,8173.210769098484
1999-09-28,False,0.02072228547451738,8.463406865673013e-06,0.020713822067651707,8342.509202691004
1999-09-29,False,0.005737789090760718,2.0694875594574335e-06,0.00573571960320126,8390.359496264766
1999-09-30,False,-0.006087443306721704,3.3515101282136225e-06,-0.006090794816849918,8339.25553813341
1999-10-01,False,0.011204929855002793,2.83602908223804e-06,0.011202093825920556,8432.672661109906
1999-10-04,False,0.0010677331584539411,2.806625466002244e-06,0.0010649265329879388,8441.652837970723
1999-10-05,False,0.00974652785100613,5.117511716672505e-06,0.009741410339289457,8523.886442207224
1999-10-06,False,-0.009449745128372402,2.1602807424714184e-06,-0.009451905409114874,8443.319473837442
1999-10-07,False,0.004470520991000626,1.992726339682463e-06,0.004468528264660944,8481.048685553847
1999-10-08,False,-0.003472082111110331,1.192125472341668e-06,-0.003473274236582673,8451.59167765511
1999-10-11,False,-0.004436765816750395,2.108275865207801e-06,-0.004438874092615603,8414.0761263158
1999-10-12,False,0.006177002541378182,1.3446636142738777e-06,0.006175657877763908,8466.038581829387
1999-10-13,False,0.001307699652996928,7.028299230317225e-07,0.0013069968230738963,8477.10366735986
1999-10-14,False,-0.003368854181755301,4.0823291353198066e-07,-0.003369262414668833,8448.542080588173
1999-10-15,False,-0.004228217073692665,2.0323493012981836e-06,-0.004230249422993963,8412.802640326623
1999-10-18,False,-0.0068606086442109014,9.772568243277825e-07,-0.006861585901035229,8355.077472341567
1999-10-19,False,-0.0022481438816224584,8.326947084077996e-07,-0.002248976576330866,8336.287098812842
1999-10-20,False,-0.00150776307579217,1.0992450930933373e-06,-0.0015088623208852632,8323.70878931336
1999-10-21,False,-0.004194524585078299,1.5630645075310202e-06,-0.00419608764958583,8288.781777663773
1999-10-22,False,0.0017101243267040303,9.816338962101573e-07,0.00170914269280782,8302.948488471346
1999-10-25,False,-0.0010222317835583044,5.2782549168239876e-08,-0.0010222845661074726,8294.460512378397
1999-10-26,False,-0.007709293922239408,1.8222702699804416e-06,-0.007711116192509388,8230.500963613265
1999-10-27,False,-0.007724239396113467,1.9919654448454365e-06,-0.007726231361558312,8166.91020894686
1999-10-28,False,0.0003950792464872596,3.756029278530734e-06,0.0003913232172087289,8170.106110524481
1999-10-29,False,0.003834777571689313,2.320232021564131e-06,0.003832457339667749,8201.417693653624
1999-11-01,False,-0.0073070058924256664,3.1260961311185555e-06,-0.007310131988556785,8141.464247819732
1999-11-02,False,-0.0034389943291781772,9.65153435662336e-07,-0.0034399594826138398,8113.457940678083
1999-11-03,False,0.001306683694086809,1.0476457659014393e-07,0.0013065789295102189,8124.058813868841
1999-11-04,False,-0.0014071175494835971,7.214956375929393e-07,-0.0014078390451211901,8112.621446665815
1999-11-05,False,-0.0024540360713739807,8.929901499383358e-07,-0.002454929061523919,8092.705536511252
1999-11-08,False,-0.004307484173400808,3.9938752074338e-07,-0.004307883560921552,8057.843103367135
1999-11-09,False,0.005882338734472248,9.746565292240717e-07,0.005881364077943024,8105.23421234098
1999-11-10,False,0.00913890852739909,1.8271256524226982e-06,0.009137081401746669,8179.292397119361
1999-11-11,True,0.0557552795998171,0.0005,0.055255279599817096,8631.24148545085
1999-11-12,True,0.0409383792259323,0.0,0.0409383792259323,8984.590522572837
1999-11-15,True,-0.0137655061953122,0.0,-0.0137655061953122,8860.913086072018
1999-11-16,True,0.0669344033707155,0.0,0.0669344033707155,9454.013016808012
1999-11-17,True,-0.0293629059633992,0.0,-0.0293629059633992,9176.415721618729
1999-11-18,True,0.0943621925982891,0.0,0.0943621925982891,10042.322429304082
1999-11-19,True,0.0250985368896678,0.0,0.0250985368896678,10294.37002925391
1999-11-22,True,0.0203486966926614,0.0,0.0203486966926614,10503.847042621222
1999-11-23,True,-0.0492430122631097,0.0,-0.0492430122631097,9986.605973891597
1999-11-24,True,0.108523684780413,0.0,0.108523684780413,11070.389252628398
1999-11-26,True,0.0075926774159273,0.0,0.0075926774159273,11154.443147092356
1999-11-29,True,-0.0516191594689688,0.0,-0.0516191594689688,10578.660167495049
1999-11-30,True,-0.0947523332014056,0.0,-0.0947523332014056,9576.307434480119
1999-12-01,True,0.0306895468114885,0.0,0.0306895468114885,9870.199969771802
1999-12-02,True,0.1110680146018784,0.0,0.1110680146018784,10966.463484137876
1999-12-03,True,0.0614475232846821,0.0,0.0614475232846821,11640.325504430053
1999-12-06,False,-0.009623051973213427,0.000502341104815136,-0.010125393078028563,11522.462633141498
1999-12-07,False,0.0021619515523849,1.535165073023842e-06,0.0021604163873118762,11547.355950236326
1999-12-08,False,0.0036375114433974463,9.260884212856229e-07,0.003636585354976161,11589.348895773654
1999-12-09,True,0.0030387265381953,0.0005,0.0025387265381953,11618.77108337576
1999-12-10,True,0.0336441353361647,0.0,0.0336441353361647,12009.674590144768
1999-12-13,True,0.0363815285850688,0.0,0.0363815285850688,12446.604909543496
1999-12-14,True,-0.0696956777627147,0.0,-0.0696956777627147,11579.13034452813
1999-12-15,True,0.0678663556669388,0.0,0.0678663556669388,12364.963722803719
1999-12-16,True,0.0860255266133733,0.0,0.0860255266133733,13428.666238613167
1999-12-17,True,0.0245729418331151,0.0,0.0245729418331151,13758.648072990924
1999-12-20,True,0.0266840737299727,0.0,0.0266840737299727,14125.784852595361
1999-12-21,True,0.1223485731819843,0.0,0.1223485731819843,15854.054474386088
1999-12-22,True,0.0284691135016066,0.0,0.0284691135016066,16305.40535067804
1999-12-23,True,0.0233411038734452,0.0,0.0233411038734452,16685.991510666845
1999-12-27,True,0.0066460811276172,0.0,0.0066460811276172,16796.88796394147
1999-12-28,True,-0.0157017483273887,0.0,-0.0157017483273887,16533.147456448314
1999-12-29,True,0.0917316786215433,0.0,0.0917316786215433,18049.760825525816
1999-12-30,True,-0.0051083527091798,0.0,-0.0051083527091798,17957.556280912693
1999-12-31,True,0.0194504282106796,0.0,0.0194504282106796,18306.838440193824
2000-01-03,True,0.0666974437749585,0.0,0.0666974437749585,19527.857767755904
2000-01-04,True,-0.1936182506362419,0.0,-0.1936182506362419,15746.908108089658
2000-01-05,False,-0.0035454149352374467,0.0005002668485781407,-0.004045681783815588,15683.201128805342
2000-01-06,False,-0.002147636641148344,6.90570292384271e-07,-0.0021483272114407284,15649.50848105783
2000-01-07,False,0.00031989620064768604,1.99601085048709e-06,0.00031790018979719893,15654.483462774193
2000-01-10,False,-0.0016772029119227658,2.3325837361057313e-07,-0.0016774361702963764,15628.22406598643
2000-01-11,False,0.002158779316101669,1.183240702708116e-06,0.002157596075398961,15661.943460896659
2000-01-12,False,0.0012726178982019143,5.921434446203855e-07,0.001272025754757294,15681.865856348473
2000-01-13,False,-0.001559736555639859,1.0950852852777e-06,-0.0015608316409251367,15657.389103931142
2000-01-14,False,0.006234051738177715,1.6921093464247888e-06,0.006232359628831291,15754.971583675386
2000-01-18,False,0.005844397510661015,1.4630757846083863e-06,0.005842934434876406,15847.026849662145
2000-01-19,False,0.0007283095704614372,9.98990687265236e-07,0.0007273105797741719,15858.552559947871
2000-01-20,False,-0.001278607589596228,4.7178838620302865e-07,-0.001279079377982431,15838.26821240379
2000-01-21,False,0.0012164301049201942,6.098531387956907e-07,0.0012158202517813985,15857.524699649575
2000-01-24,False,-0.003243734319379732,1.5978940906706819e-06,-0.003245332213470403,15806.061763915899
2000-01-25,False,-0.00017823136494209382,4.913924907000711e-07,-0.0001787227574327939,15803.236860973298
2000-01-26,False,-0.0026707140520463926,7.748543961495352e-07,-0.002671488906442542,15761.018689013325
2000-01-27,False,-0.0002681166786813657,2.8309534903162017e-07,-0.00026839977403039734,15756.788435158705
2000-01-28,False,-0.0013994138486037773,1.331961657488681e-06,-0.001400745810261266,15734.717179774983
2000-01-31,False,-0.002466397069172094,1.6007265601717253e-06,-0.002467997795732266,15695.883932458828
2000-02-01,False,-0.000666540499013072,4.439164417348041e-07,-0.0006669844154548069,15685.415022489093
2000-02-02,False,0.00012042010208094106,1.5082917387151812e-06,0.00011891181034222588,15687.280203585384
2000-02-03,False,-0.0002092019233722609,8.640489122725137e-07,-0.0002100659722845334,15683.984839816918
2000-02-04,False,0.01294463814282963,2.831539337651998e-06,0.012941806603491977,15886.963938385925
2000-02-07,False,0.020354527689602313,7.268995997659706e-06,0.020347258693604653,16210.220103496233
2000-02-08,False,-0.020591270980609755,5.45058428496005e-06,-0.020596721564894716,15876.342713518863
2000-02-09,False,0.016079711508341563,4.1977542359579595e-06,0.016075513754105604,16131.563079174928
2000-02-10,False,0.0032154954857753684,1.3530666393665736e-06,0.0032141424191360016,16183.412220354672
2000-02-11,False,0.0025452599311794884,9.192192675670647e-07,0.0025443407119119213,16224.588334924572
2000-02-14,False,0.00010641083533311495,1.7055656573544133e-06,0.00010470526967576054,16226.287134821558
2000-02-15,False,-0.004567816838697943,1.464091649773472e-06,-0.004569280930347717,16152.14467044607
2000-02-16,False,0.00013745649158959476,1.0069521726222414e-06,0.0001364495394169725,16154.348623146949
2000-02-17,False,-0.0001540416869635552,1.262872391037187e-06,-0.0001553045593545924,16151.839779152368
2000-02-18,False,2.128007691895844e-05,6.626566455942007e-07,2.061742027336424e-05,16152.172788421281
2000-02-22,False,-0.005638205659418735,2.336807793020451e-06,-0.0056405424672117555,16061.06577187045
2000-02-23,False,0.0017056414883103467,1.5297838225257626e-06,0.001704111704487821,16088.435622038844
2000-02-24,False,-0.0016408934019712482,1.5252357824979413e-06,-0.0016424186377537462,16062.011675520907
2000-02-25,False,-0.0003150674105067361,2.6008419106948456e-06,-0.000317668252417431,16056.909284341637
2000-02-28,False,-0.0004998125530380921,1.3456413272669583e-06,-0.000501158194365359,16048.862232677606
2000-02-29,False,0.0041768349759671326,1.3410344585573774e-07,0.004176700872521277,16115.893529567806
2000-03-01,False,0.0019679750102272755,7.548259284976128e-07,0.001967220184298778,16147.597040607185
2000-03-02,False,-0.002599371329579627,1.279783743029561e-06,-0.0026006511133226566,16105.602774386043
2000-03-03,False,-0.0030613834669577043,6.774540956338282e-07,-0.003062060921053338,16056.286437520586
2000-03-06,False,0.0019846851032354128,6.545866677192397e-07,0.0019840305165676935,16088.14259979538
2000-03-07,False,0.003704815293568949,5.222625647347684e-07,0.003704293031004214,16147.737794309605
2000-03-08,False,-0.004903879461860532,2.4781727501422824e-06,-0.004906357634610675,16068.511217700801
2000-03-09,False,-0.003297335476210835,8.632906461721046e-07,-0.003298198766857007,16015.514073817354
2000-03-10,False,-0.0016673614565978908,1.3203964162129822e-07,-0.001667493496239512,15988.808308260332
2000-03-13,False,-0.0012656250520793185,8.150940948263158e-07,-0.0012664401461741448,15968.559439529266
2000-03-14,False,-0.004152067117193515,1.0257099998049745e-06,-0.00415309282719332,15902.240529860348
2000-03-15,False,-0.0006343748570443406,6.046544347298871e-07,-0.0006349795114790705,15892.142932937275
2000-03-16,False,-0.004116097843990593,1.0189810884650847e-06,-0.004117116825079058,15826.713123881518
2000-03-17,False,-0.005472900582401547,1.4120857739311765e-06,-0.005474312668175479,15740.072747731874
2000-03-20,False,-0.00017986581458920032,1.1435613851685233e-06,-0.00018100937597436884,15737.223646986016
2000-03-21,False,0.001455320511415668,6.731336229290064e-07,0.001454647377792739,15760.115758097843
2000-03-22,False,0.0033657779484853084,9.819542761127926e-07,0.0033647959942091957,15813.145332468963
2000-03-23,False,-0.007304447349165954,1.2263658160618918e-06,-0.007305673714982016,15697.619652262354
2000-03-24,False,0.0007976896258116199,8.630299656477158e-07,0.0007968265958459722,15710.127933092752
2000-03-27,False,-0.00026261347680369513,4.888973038213867e-07,-0.00026310237410751653,15705.994561136022
2000-03-28,False,-0.003782524150259444,1.4305094906332806e-06,-0.0037839546597500774,15646.563789830401
2000-03-29,False,-0.0020242211249960774,3.3805448452832457e-07,-0.0020245591794806057,15614.88639548237
2000-03-30,False,-0.007404565711614908,2.069489574720071e-06,-0.007406635201189627,15499.232628243013
2000-03-31,False,0.004659121101421606,4.5250829688277264e-07,0.004658668593124723,15571.438416505742
2000-04-03,False,-0.0024102233060644403,1.5821093524900493e-06,-0.0024118054154169304,15533.883137006984
2000-04-04,False,-0.0037164773183842154,1.991321146811692e-06,-0.003718468639531027,15476.120879711882
2000-04-05,False,0.005686779519065425,1.7186892662144626e-06,0.00568506082979921,15564.103568322367
2000-04-06,False,-0.001453003394571035,9.171427027575424e-07,-0.0014539205372737926,15541.474598500128
2000-04-07,False,0.0008884686491541107,6.641546942349891e-07,0.0008878044944598757,15555.27238949921
2000-04-10,False,-0.0005065012438556215,1.901546261570783e-06,-0.0005084027901171923,15547.364045615355
2000-04-11,False,-0.001162818791214792,4.514399594943153e-07,-0.0011632702311742862,15529.278259847863
2000-04-12,False,0.0006454070014701522,2.2643041020340705e-06,0.0006431426973681181,15539.26580175608
2000-04-13,False,0.0009472470427430698,6.006388870476859e-07,0.0009466464038560222,15553.975991845879
2000-04-14,False,-5.089060266956028e-05,8.565618238358524e-07,-5.1747164493396136e-05,15553.171117691702
2000-04-17,False,0.0012044068593406489,1.3592950458328341e-06,0.001203047564294816,15571.882322321899
2000-04-18,False,-0.00025808324980042003,6.265088997529228e-07,-0.000258709758700173,15567.853724403785
2000-04-19,False,0.0046612824439085515,7.529432448865892e-07,0.004660529500663665,15640.408165948385
2000-04-20,False,-0.0015390753669712164,6.356701332339843e-07,-0.0015397110371044504,15616.326456870454
2000-04-24,False,0.00028470899470895843,9.752073585114763e-08,0.0002846114739731073,15620.771042561391
2000-04-25,False,-0.00235008797182936,5.836470849781422e-07,-0.002350671618914338,15584.051739406084
2000-04-26,False,-0.0055435458281755485,1.0523232071779215e-06,-0.005544598151382726,15497.64443494072
2000-04-27,False,8.257328395317332e-05,1.1311443837014045e-06,8.144213956947192e-05,15498.906596261786
2000-04-28,False,0.0014690920883029038,8.199519907346881e-07,0.001468272136312169,15521.663208960383
2000-05-01,False,-0.0015621507239997401,2.5811616771272137e-07,-0.001562408840167453,15497.412025148602
2000-05-02,False,0.0029415062151461314,1.0666115197278946e-06,0.0029404396036264036,15542.981229221064
2000-05-03,False,-0.003088693215879857,6.047637626950125e-07,-0.003089297979642552,15494.96432871201
2000-05-04,False,0.007465273074169575,1.7285119080946155e-06,0.00746354456226148,15610.611685470005
2000-05-05,False,-0.002085285959458675,7.929772268022716e-07,-0.0020860789366854773,15578.04671724417
2000-05-08,False,0.0015407091450023818,2.537638712661633e-06,0.00153817150628972,15602.008424828284
2000-05-09,False,-0.0001694855812344693,9.341187798182354e-07,-0.00017041970001428755,15599.349535232905
2000-05-10,False,0.0035677148501496313,1.862302858788717e-07,0.0035675286198637523,15655.000661151107
2000-05-11,False,0.005259001305780539,1.923384699722544e-06,0.005257077921080816,15737.300219481349
2000-05-12,False,-0.004384323581884407,6.707942046526444e-07,-0.00438499437608906,15668.292246524097
2000-05-15,False,0.0023387260520158723,1.408584697601939e-06,0.0023373174673182702,15704.914019674945
2000-05-16,False,0.003812481871493669,3.632016550255829e-07,0.003812118669838643,15764.783015617557
2000-05-17,False,0.001322844814533192,2.3580731660511335e-06,0.001320486741367141,15785.60020257021
2000-05-18,False,0.0024404497471439512,1.8271326833143586e-06,0.002438622614460637,15824.09532420703
2000-05-19,False,-0.0006540385719413433,9.316028755574635e-07,-0.0006549701748169007,15813.731013726216
2000-05-22,False,-0.0013798644600507004,1.6456266650745205e-06,-0.0013815100867157748,15791.884184822144
2000-05-23,False,0.0013000572701405567,5.709148995773905e-07,0.0012994863552409793,15812.405522843865
2000-05-24,False,0.0052494983675332825,2.120618090871593e-06,0.005247377749442411,15895.379187749595
2000-05-25,False,0.002370478775104167,6.094060611199076e-07,0.002369869369043047,15933.049159995968
2000-05-26,False,-0.006524385387305802,1.5948262463421487e-06,-0.006525980213552144,15829.07039643628
2000-05-30,False,0.0029900009036114977,8.263685695749229e-07,0.002989174535041923,15876.386250578695
2000-05-31,False,-0.00046796311593643586,1.6765824787763617e-06,-0.0004696396984152122,15868.93006932805
2000-06-01,False,0.003789854691519793,2.9646938309915716e-07,0.0037895582221366938,15929.066303748785
2000-06-02,False,0.008666159375430867,3.895494373588215e-06,0.008662263881057279,16067.048079450715
2000-06-05,False,0.001404674418319294,8.312780613592418e-07,0.0014038431402579347,16089.603694681244
2000-06-06,False,0.003199012085219476,2.4864864465472396e-06,0.0031965255987729288,16141.034524765406
2000-06-07,False,-0.006135161261915702,1.4740975803431145e-06,-0.006136635359496045,16041.982881561882
2000-06-08,False,0.004410616315515909,7.318747007565713e-07,0.004409884440815153,16112.726172271106
2000-06-09,False,0.0012799308419780022,1.2151229197019108e-06,0.0012787157190583002,16133.32976850447
2000-06-12,False,0.002992169531272699,5.54645484800942e-07,0.002991614885787898,16181.59447799725
2000-06-13,False,0.008926098636534246,2.5278027950953465e-06,0.008923570833739151,16325.992082524504
2000-06-14,False,-0.0034678394693225443,1.918421061697012e-06,-0.003469757890384241,16269.344842677814
2000-06-15,False,0.00023332229553206722,2.2716737937425458e-07,0.00023309512815269297,16273.137147698875
2000-06-16,False,-0.00037725588844397573,2.339673340804191e-06,-0.0003795955617847799,16266.959937061294
2000-06-19,False,-0.005741903099445607,1.4670078164113892e-06,-0.005743370107262018,16173.53276562275
2000-06-20,False,0.0014237257424924831,4.6371883447601794e-07,0.0014232620236580072,16196.55194059645
2000-06-21,False,0.0018482237590885184,1.352795770866999e-06,0.0018468709633176514,16226.464882081405
2000-06-22,False,0.0046632674577976605,9.357913225102182e-07,0.00466233166647515,16302.118043136079
2000-06-23,False,-0.001507598155713211,1.0628687382350789e-06,-0.001508661024451446,16277.523673028394
2000-06-26,False,-0.000204399238725928,9.892921497568762e-07,-0.00020538853087568486,16274.180456354898
2000-06-27,False,-0.0004886619279525445,8.148347252953659e-08,-0.0004887434114250741,16266.22655788051
2000-06-28,False,0.004291015470317764,1.7412003059893155e-06,0.004289274270011775,16335.99686492541
2000-06-29,False,0.006863669187628682,6.217873924285745e-07,0.006863047400236254,16448.111585739505
2000-06-30,False,0.0010426482533639565,1.0955969018108664e-06,0.0010415526564621456,16465.24316005542
2000-07-03,False,0.0012345385349229827,4.969850136995191e-07,0.0012340415499092832,16485.561954244287
2000-07-05,False,-0.003218607192174075,7.710471659247293e-07,-0.00321937823934,16432.4886948255
2000-07-06,False,-0.00422756296191048,4.328599739353706e-07,-0.004227995821884416,16363.012201280619
2000-07-07,False,-0.0004928511485969341,1.120287943263451e-06,-0.0004939714365401976,16354.929340637425
2000-07-10,False,-0.0014422874501209494,1.0544729447412027e-06,-0.0014433419230656906,16331.323585471306
2000-07-11,False,-3.885214030549389e-05,1.0465160161046843e-06,-3.9898656321598574e-05,16330.671987604293
2000-07-12,False,-0.0020269428839858046,1.3763817723220078e-06,-0.0020283192657581267,16297.548170989061
2000-07-13,False,0.006371392525726907,9.652843734035964e-07,0.006370427241353504,16401.370515824798
2000-07-14,False,-0.004284802015840072,3.8670204697482947e-07,-0.004285188717887047,16331.0875479325
2000-07-17,False,0.0007468207595556978,1.1803377373364454e-06,0.0007456404218183614,16343.264666940495
2000-07-18,False,0.0037587483386580926,1.0745031566022079e-06,0.0037576738355014905,16404.677324966135
2000-07-19,False,-0.005536029106434376,1.179011282561593e-06,-0.005537208117716937,16313.841212513804
2000-07-20,False,0.0010457242922014094,1.2919957360691681e-06,0.0010444322964653402,16330.87991515556
2000-07-21,False,-0.0036816190362548118,1.1991449555196626e-06,-0.0036828181812103315,16270.736253688863
2000-07-24,False,-0.00205455784762641,6.2886573308929e-07,-0.002055186713359499,16237.296852723706
2000-07-25,False,0.0003386679313599423,1.0528718451084662e-07,0.00033856264417543146,16242.794194880425
2000-07-26,False,0.0005805220824276519,3.7469546726912053e-07,0.0005801473869603828,16252.217409489522
2000-07-27,False,0.003488620166761948,7.326739510849084e-07,0.003487887492810863,16308.903315322521
2000-07-28,False,-0.0013031154899543391,8.287480002444059e-07,-0.0013039442379545836,16287.637414817147
2000-07-31,False,-0.002004797216133151,1.052204533748491e-06,-0.0020058494206668994,16254.966866744602
2000-08-01,False,0.006590127411211,1.1937782804956332e-06,0.006588933632930504,16362.069764635069
2000-08-02,False,0.0041644821212282945,1.2241550081502627e-06,0.004163257966220144,16430.189281926534
2000-08-03,False,0.0011015593536733194,1.4454334011928665e-06,0.0011001139202721265,16448.26436186829
2000-08-04,False,0.0023423222087942852,1.3275970436634061e-06,0.002340994611750622,16486.76966011207
2000-08-07,False,-0.004298020273465978,4.94120360415587e-07,-0.004298514393826393,16415.901043420377
2000-08-08,False,0.003237061897092519,8.178422777427864e-07,0.003236244054814776,16469.026905576575
2000-08-09,False,0.002540099481644598,1.3565376790704575e-06,0.0025387429439655274,16510.837531427085
2000-08-10,False,0.0034756141738625846,7.149128763633828e-07,0.0034748992609862214,16568.211028563306
2000-08-11,False,-0.0002446326963728141,4.401489854360535e-07,-0.0002450728453582502,16564.150609944045
2000-08-14,False,0.004462769560906673,9.301056730162683e-07,0.004461839455233657,16638.057190677922
2000-08-15,False,-0.0043899174970112404,7.28210534665763e-07,-0.004390645707545906,16565.005376291767
2000-08-16,False,0.0014527639467395291,8.77189396276512e-07,0.0014518867573432527,16589.055888232928
2000-08-17,False,0.002413295941137422,4.0124766083828035e-07,0.002412894693476584,16629.08353315543
2000-08-18,False,0.002801765979736861,1.5719680501064954e-06,0.0028001940116867546,16675.64819328481
2000-08-21,False,0.0023552458512835542,1.3891871475202185e-06,0.002353856664136034,16714.900278913366
2000-08-22,False,-0.0018006200687897143,4.615905208234794e-07,-0.0018010816593105378,16684.79537858381
2000-08-23,False,0.0036990544901663136,1.062892554163905e-06,0.0036979915976121497,16746.495611701688
2000-08-24,False,-0.0017560342684417368,4.5368304778288514e-07,-0.0017564879514895197,16717.080593930063
2000-08-25,False,0.003528621116662141,5.860356217735896e-07,0.0035280350810403672,16776.059040718024
2000-08-28,False,0.0005707069128353622,5.129227859477364e-07,0.0005701939900494145,16785.624648759753
2000-08-29,False,-0.0008703500234074784,3.5588686871973476e-07,-0.0008707059102761981,16771.009306170403
2000-08-30,False,0.0026047968625018962,1.4537471402598507e-06,0.002603343115361636,16814.669997785288
2000-08-31,False,0.0072867350676820266,1.3678222198115487e-06,0.007285367245462215,16937.17104383041
2000-09-01,False,0.0016864844617891846,3.5920120266161315e-07,0.001686125260586523,16965.729235770286
2000-09-05,False,-0.000385325005252852,1.1422151258002888e-06,-0.00038646722037865227,16959.172537550843
2000-09-06,False,0.004125734737731636,2.203287364494502e-06,0.004123531450367142,17029.104218881635
2000-09-07,False,-0.0012343578534804208,7.933722808857042e-07,-0.0012351512257613064,17008.070699932065
2000-09-08,False,-0.002037234758713379,8.688976887877981e-07,-0.002038103656402167,16973.40648885019
2000-09-11,False,0.0022869895677870306,1.0447790066799161e-06,0.0022859447887803508,17012.206758961227
2000-09-12,False,0.0021463376459248213,9.218007197214912e-07,0.0021454158452051,17048.705016903805
2000-09-13,False,-0.0015739992995967775,1.046629789841755e-06,-0.0015750459293866193,17021.85252346562
2000-09-14,False,0.001559239240778564,5.786724470788623e-07,0.001558660568331485,17048.3838137939
2000-09-15,False,0.0006468620985828792,6.834142421319884e-07,0.0006461786843407472,17059.400116016834
2000-09-18,False,0.0006238183745006959,1.3785346264390263e-07,0.000623680521038052,17070.039731569785
2000-09-19,False,-0.0008594201213248336,5.619563303525532e-07,-0.0008599820776551861,17055.359803335778
2000-09-20,False,-0.0024385197822878028,2.141021285612804e-07,-0.002438733884416364,17013.766319472466
2000-09-21,False,-0.005730688264823616,1.12228518036174e-06,-0.005731810550003978,16916.246634187213
2000-09-22,False,0.0008410847327019917,2.787835982501499e-06,0.0008382968967194902,16930.427471244795
2000-09-25,False,-0.0025503801817617685,4.2615020867360634e-07,-0.002550806331970442,16887.241229648174
2000-09-26,False,0.0007786470748511708,1.2787787951070023e-06,0.0007773682960560637,16900.368835587953
2000-09-27,False,0.0004346348513330015,7.129017651582858e-07,0.0004339219495678432,16907.70227658151
2000-09-28,False,-0.0029435274326601473,1.1327463645549457e-06,-0.002944660179024702,16857.914838968856
2000-09-29,False,0.00029564807731952803,1.7096132122942226e-06,0.0002939384641072338,16862.87002856467
2000-10-02,False,0.0020618943030173936,1.1822466152696526e-06,0.002060712056402124,16897.619548138075
2000-10-03,False,-0.0004947082528340982,7.678312279175981e-07,-0.0004954760840620158,16889.247181774394
2000-10-04,False,-0.0013674442920702586,2.344413443810811e-07,-0.0013676787334146398,16866.1481175805
2000-10-05,False,-0.0002785813545879328,5.398586513719467e-07,-0.00027912121323930475,16861.440417855247
2000-10-06,False,0.0019483961951794722,5.774754831026629e-07,0.0019478187196963696,16894.28344714219
2000-10-09,False,0.004311375661375658,1.4335899781638267e-06,0.0043099420713974945,16967.09683013714
2000-10-10,False,0.0026919831471683337,5.897485489836929e-07,0.00269139339861935,17012.76196253951
2000-10-11,False,0.0070397989855157965,8.477531121955373e-07,0.007038951232403601,17132.51396432232
2000-10-12,False,0.008479310386378053,1.5734399168411128e-06,0.008477736946461213,17277.758910943416
2000-10-13,False,-0.00018768528173637635,4.2764202269229836e-07,-0.00018811292375906866,17274.50874119867
2000-10-16,False,-0.003699423589088689,4.592583811478812e-07,-0.003699882847469837,17210.595082608645
2000-10-17,False,-0.0006333311932100102,9.02184156520533e-07,-0.0006342333773665307,17199.679548762913
2000-10-18,False,0.004579836620021609,7.598262233742825e-07,0.004579076793798235,17278.438202245423
2000-10-19,False,-0.004738591269841252,7.935254041929186e-07,-0.004739384795245445,17196.549034944113
2000-10-20,False,0.0023798319573481294,5.437340115316963e-07,0.0023792882233365977,17237.464581544988
2000-10-23,False,0.006706647669236866,9.823040877068867e-07,0.00670566536514916,17353.053250772442
2000-10-24,False,-0.004217466078466317,3.892696278649105e-07,-0.004217855348094182,17279.860582312907
2000-10-25,False,-0.005254176509024641,1.2305938276827023e-06,-0.005255407102852324,17189.047880272323
2000-10-26,False,-0.0008383665310202438,1.398449965346743e-07,-0.0008385063760167785,17174.634754027058
2000-10-27,False,-0.007845745318871658,9.984985017909427e-07,-0.007846743817373448,17039.869794955248
2000-10-30,False,0.0025417609540657232,4.225527974759669e-07,0.002541338401268247,17083.173870417777
2000-10-31,False,-0.0003752021600030182,6.051838613670979e-07,-0.0003758073438643853,17076.753888220766
2000-11-01,False,0.0021612199115859172,2.666845356752157e-07,0.002160953227050242,17113.65595464306
2000-11-02,False,-0.00248468169272311,4.1859312187944586e-07,-0.0024851002858449897,17071.126803338324
2000-11-03,False,-0.003490138244586754,4.547760301760184e-07,-0.0034905930206169298,17011.538447264524
2000-11-06,False,0.0018277413639014167,7.812529934155405e-07,0.0018269601109080012,17042.617849432856
2000-11-07,False,0.00190713676362527,7.623566210567811e-07,0.0019063744070042133,17075.107459929368
2000-11-08,False,0.0008633423734933093,1.0244824158689437e-06,0.0008623178910774404,17089.831630584133
2000-11-09,False,0.00385083681034949,6.174827064725913e-07,0.0038502193276430175,17155.631230634375
2000-11-10,False,0.004518550367132159,1.2180710235406705e-06,0.004517332296108618,17233.128917652644
2000-11-13,False,0.0027762822166583004,7.668240439338003e-07,0.0027755153926143665,17280.9597322265
2000-11-14,False,0.004965669949476103,1.4286275820341865e-06,0.004964241321894068,17366.746586611203
2000-11-15,False,0.0058460837053906966,1.8432104863119054e-06,0.0058442404949043845,17468.24203027742
2000-11-16,False,0.003964833012193149,6.56675712477739e-07,0.003964176336480671,17537.48922197376
2000-11-17,False,0.0001291419327416549,1.1099996637077976e-06,0.0001280319330779471,17539.734580620185
2000-11-20,False,0.004555989652342342,7.937188829254677e-07,0.004555195933459417,17619.63150825578
2000-11-21,False,0.002528042328042325,8.431946469014545e-07,0.0025271991333954236,17664.159825734194
2000-11-22,False,0.0027243843293643156,4.554686857894674e-07,0.0027239288606785263,17712.275740483154
2000-11-24,False,0.0003743625673267731,6.606922336713922e-07,0.0003737018750931017,17718.89485113954
2000-11-27,False,-0.00035834287228567245,1.749236347662858e-06,-0.0003600921086333353,17712.51441692994
2000-11-28,False,0.0004965604845190343,1.4237197844338551e-06,0.0004951367647346005,17721.284534013652
2000-11-29,False,0.0029221338636627853,1.1828545633475045e-06,0.002920951009099438,17773.04753795582
2000-11-30,False,0.002280419134435919,1.27654083265015e-06,0.002279142593603269,17813.55484761771
2000-12-01,False,-0.004800363396163018,1.1956791282938528e-06,-0.004801559075291313,17728.02201167593
2000-12-04,False,0.0019692115536800066,5.966404826456967e-07,0.001968614913197361,17762.921660189608
2000-12-05,False,0.0020486020328599184,2.8502781001119026e-07,0.002048317005049907,17799.30575468554
2000-12-06,False,0.004640805975953796,2.8244193099094537e-07,0.004640523534022805,17881.903851929426
2000-12-07,False,0.004221056386273623,7.022477672021799e-07,0.004220354138506421,17957.37181885529
2000-12-08,False,-0.0032420462266486445,2.3077228096494984e-07,-0.0032422769989296093,17899.149045245787
2000-12-11,False,0.003526182277674924,2.697790054242713e-06,0.003523484487620681,17962.21641924832
2000-12-12,False,-0.002020389876921117,7.030220658448966e-07,-0.0020210928989869616,17925.91311119331
2000-12-13,False,-0.0009959169361928252,7.893582153205847e-07,-0.0009967062944081458,17908.04624076237
2000-12-14,False,-0.0034891960720987987,1.7562619302119998e-06,-0.0034909523340290105,17845.530104940284
2000-12-15,False,0.00605615878601816,1.2099790437800906e-06,0.00605494880697438,17953.583876159017
2000-12-18,False,0.0030232698015244283,7.920604207282827e-07,0.0030224777411037,18007.848183797745
2000-12-19,False,-0.0019395173896328847,8.047990957234242e-08,-0.001939597869542457,17972.920199825407
2000-12-20,False,0.0033109012962505673,1.606497926640693e-06,0.0033092947983239264,18032.39789115338
2000-12-21,False,0.0011967950393837314,3.0243721786854527e-07,0.001196492602165863,18053.97352182946
2000-12-22,False,0.00010121547038407918,7.884561077748514e-07,0.00010042701427630433,18055.786628486083
2000-12-26,False,0.0010452943130089944,5.035912134669917e-07,0.0010447907217955273,18074.65114683024
2000-12-27,False,0.0020802243573547156,9.561685879519027e-07,0.0020792681887667635,18112.233193982902
2000-12-28,False,-0.0023996694676630694,1.2702657718835497e-07,-0.0023997964942402577,18068.767520261117
2000-12-29,False,0.0030008193668356596,1.5910854345517617e-06,0.0029992282814011078,18122.959878817946
2001-01-02,False,-0.0033602650935124177,2.6607337695854495e-06,-0.003362925827282003,18062.013708974675
2001-01-03,False,-0.003971480915800228,1.0135400576174458e-06,-0.003972494455857845,17990.262459654143
2001-01-04,False,0.003013949780536162,7.234483259011549e-07,0.0030132263322102605,18044.471192220946
2001-01-05,False,0.0034692695842235208,4.864326681713049e-07,0.0034687831515553495,18107.06354987125
2001-01-08,False,-0.004592297612631602,1.8235559538909984e-06,-0.004594121168585493,18023.87750591586
2001-01-09,False,-0.0021941616523680958,3.906738377198599e-07,-0.0021945523262058156,17984.323163608005
2001-01-10,False,-0.0006396215314486372,6.52645787468778e-07,-0.000640274177236106,17972.808265891283
2001-01-11,False,-0.0021220462260072488,4.0050886064833815e-07,-0.002122446734867897,17934.66193767093
2001-01-12,False,-0.002960279908062442,5.777538498532714e-07,-0.0029608576619122953,17881.559956458972
2001-01-16,False,0.001683329143284693,6.012889137080452e-07,0.001682727854370985,17911.64975547731
2001-01-17,False,-0.0030431835960959626,1.6310998034829021e-06,-0.0030448146958994456,17857.11210107403
2001-01-18,False,0.0023480664085934757,5.257664376656091e-07,0.0023475406421558103,17899.032397482835
2001-01-19,False,0.002261894605326316,1.1356021658203153e-06,0.0022607590031604955,17939.497796123305
2001-01-22,False,-0.004485442914713657,4.439098488009663e-07,-0.004485886824562458,17859.023239320406
2001-01-23,False,-0.0050425968171860765,7.485433173132217e-08,-0.005042671671517808,17768.966048750506
2001-01-24,False,-0.0013686243386243416,4.5418421780397954e-07,-0.0013690785228421456,17744.63893896005
2001-01-25,False,0.001666957480151071,2.800049929199272e-07,0.001666677475158151,17774.21352898443
2001-01-26,False,0.0013062888183873994,7.263363918283972e-07,0.001305562481995571,17797.418875314852
2001-01-29,False,0.0007313857678829158,2.9168361927344595e-06,0.0007284689316901813,17810.383742029797
2001-01-30,False,-0.00230157421622028,1.0009838032615653e-06,-0.002302575200023542,17769.373994122496
2001-01-31,False,0.002381304162639888,1.354853904283429e-06,0.0023799493087356045,17811.66420347647
2001-02-01,False,0.005986901946389511,1.3805842530500157e-06,0.005985521362136461,17918.27630006158
2001-02-02,False,0.00045124914233784776,1.6923614662835151e-06,0.00044955678087156423,17926.331582673803
2001-02-05,False,-0.005697897670024266,9.550916260212816e-07,-0.005698852761650287,17824.172058427623
2001-02-06,False,-0.004803403139602556,1.1407208590900609e-06,-0.004804543860461646,17738.535041996493
2001-02-07,False,0.006804133251917042,2.103333099332791e-06,0.00680202991881771,17859.193088068147
2001-02-08,False,0.0021047089947089917,7.027361125315629e-07,0.00210400625859646,17896.768942098923
2001-02-09,False,0.0036024169881461224,1.76433909511442e-07,0.003602240554236611,17961.237408971952
2001-02-12,False,-0.005298565541913405,7.512347145919584e-07,-0.005299316776627996,17866.05512224159
2001-02-13,False,-0.0027596093986774154,2.524787952695312e-07,-0.002759861877472685,17816.74727780889
2001-02-14,False,-0.005532693855712557,1.238067539382673e-06,-0.00553393192325194,17718.15061127971
2001-02-15,False,-0.0031343772504214564,5.844356333499224e-07,-0.003134961686054806,17662.6048879656
2001-02-16,False,0.00637420846892546,2.2826067608483493e-07,0.006373980208249376,17775.185981947623
2001-02-20,False,-0.0002630191091368113,6.837451883948826e-07,-0.0002637028543252062,17770.49861466802
2001-02-21,False,-0.00011769170785274155,1.3326741777540395e-07,-0.00011782497527051695,17768.404806108203
2001-02-22,False,2.4708994708991765e-05,1.0881565342624188e-08,2.469811314364914e-05,17768.843652180487
2001-02-23,False,0.0065086980763155505,6.679706810481107e-07,0.006508030105634503,17884.48382161119
2001-02-26,False,0.004907248716563655,1.1683952944145925e-06,0.0049060803212692405,17972.22653574446
2001-02-27,False,-0.0015513191115844119,1.7804871178391802e-06,-0.001553099598702251,17944.313877924007
2001-02-28,False,0.0024286970576758867,9.3327787264752e-07,0.0024277637798032392,17987.878433210248
2001-03-01,False,0.0022157283742599405,4.380746165986299e-07,0.002215290299643342,18027.726805814502
2001-03-02,False,-0.0010434384285418245,5.807733080563093e-07,-0.0010440192018498808,18008.905512863526
2001-03-05,False,0.0035618899640987244,9.894938710281049e-07,0.0035609004702276963,18073.033432972574
2001-03-06,False,0.007983161992688689,2.5342642912078024e-06,0.007980627728397482,18217.26758472401
2001-03-07,False,0.0065589580492185,1.5715327080253332e-06,0.006557386516510475,18336.725249551742
2001-03-08,False,-0.000662645036015917,3.6980420958776517e-07,-0.0006630148402255048,18324.56772859015
2001-03-09,False,0.0008093239183575036,1.529105311229434e-06,0.0008077948130462741,18339.37021935262
2001-03-12,False,-0.011434629386922952,4.540124435936433e-06,-0.011439169511358888,18129.583054681876
2001-03-13,False,-0.001458434679063048,6.190770789841759e-07,-0.001459053756142032,18103.131018428656
2001-03-14,False,0.004613044290209502,7.792313230262915e-07,0.0046122650588864755,18186.627457081395
2001-03-15,False,0.0058762641153261574,1.5001407574778968e-06,0.00587476397456868,18293.46960088516
2001-03-16,False,0.004424701823172944,1.2669438473864592e-06,0.004423434879325558,18374.389572381595
2001-03-19,False,-0.0020755235561631864,7.285846852180533e-07,-0.0020762521408484043,18336.239706695156
2001-03-20,False,0.0024685175734523155,7.096677682182223e-07,0.0024678079056840974,18381.49002400386
2001-03-21,False,0.005415831185182549,1.4992418284873744e-06,0.005414331943354062,18481.01351260727
2001-03-22,False,0.005531842523637372,1.3886776334096628e-06,0.005530453846003962,18583.221904866117
2001-03-23,False,-0.0036733211651372444,2.1189148461894792e-07,-0.0036735330566218635,18514.95582490005
2001-03-26,False,-0.005235703472903472,4.3536353971346255e-07,-0.005236138836443185,18418.008945650265
2001-03-27,False,-0.005554450278849973,1.0817502410698093e-06,-0.005555532029091043,18315.687107040616
2001-03-28,False,-0.0001714641865776115,2.0645803572953704e-07,-0.00017167064461334105,18312.542841228413
2001-03-29,False,0.0015546125388331015,3.6865812298729486e-07,0.0015542438807101143,18341.004998879638
2001-03-30,False,0.004460392268861762,1.8694945804942908e-06,0.004458522774281268,18422.77878737035
2001-04-02,False,0.0009867429098761045,1.2316728022516433e-06,0.0009855112370738528,18440.934642883425
2001-04-03,False,0.0005177833607622348,5.79330592385921e-07,0.0005172040301698489,18450.472368600826
2001-04-04,False,1.9129262860316954e-05,2.990162036393823e-07,1.8830246656677573e-05,18450.819795546453
2001-04-05,False,-0.0001970052125264235,4.197722655210068e-07,-0.00019742498479194452,18447.17714272892
2001-04-06,False,0.0025139161714129786,4.872617478587776e-07,0.00251342890966512,18493.542811061172
2001-04-09,False,0.0008013508536773715,4.340956238644556e-07,0.000800916758053507,18508.35459941433
2001-04-10,False,-0.0026232750109819337,7.704673153369202e-07,-0.0026240454782972705,18459.787835217016
2001-04-11,False,-0.004175602576274777,1.0902855029090304e-06,-0.004176692861777686,18382.686971135732
2001-04-12,False,-0.005200908881083297,1.281513555049116e-06,-0.005202190394638346,18287.056733546848
2001-04-16,False,-0.001928229241635177,9.001666388682994e-07,-0.0019291294082740453,18251.778634611386
2001-04-17,False,0.008694318010432871,1.492526528049626e-06,0.008692825483904822,18410.43816105293
2001-04-18,False,-0.00017871826162989472,9.753879426992046e-07,-0.00017969364957259393,18407.12992222954
2001-04-19,False,-0.008671800197954221,1.991973967251162e-06,-0.008673792171921471,18247.470302802565
2001-04-20,False,-0.0027104825117722255,3.414012912529574e-07,-0.0027108239130634783,18198.004623952813
2001-04-23,False,0.008539094899396077,1.49901726607643e-06,0.008537595882130001,18353.371833293255
2001-04-24,False,0.00023760903843288769,6.533488813435795e-07,0.0002369556895515441,18357.72076917161
2001-04-25,False,-0.0026009177261589506,4.319642886230074e-07,-0.0026013496904475734,18309.965917931404
2001-04-26,False,0.0010792480881962156,4.319287071461453e-07,0.0010788161594890695,18329.719005043364
2001-04-27,False,-0.003366724681679209,8.640297304992328e-07,-0.003367588711409708,18267.992050238663
2001-04-30,False,0.00279316191347107,1.7672574161391037e-06,0.002791394656054931,18318.985225624554
2001-05-01,False,-0.0016705541141441157,9.882251979794754e-07,-0.0016715423393420953,18288.364266206143
2001-05-02,False,-0.00294843465530106,1.1369464363907843e-06,-0.002949571601737451,18234.421426324312
2001-05-03,False,0.004953267203376128,8.834130187047457e-07,0.004952383790357424,18324.725279422582
2001-05-04,False,0.0002978788432814105,2.5519576631964636e-07,0.0002976236475150908,18330.17915099996
2001-05-07,False,-0.00037641638102940965,8.95269904567092e-08,-0.00037650590801986634,18323.277730254547
2001-05-08,False,0.005367926187896136,8.898775675505039e-07,0.005367036310328585,18421.619427157057
2001-05-09,False,0.0018073606292392144,3.033240582246133e-07,0.0018070573051809898,18454.908349116165
2001-05-10,False,-0.0004026295014595599,6.935102255173908e-07,-0.0004033230116850773,18447.465059900427
2001-05-11,False,-0.0062619791037493685,7.943709345259037e-07,-0.006262773474683895,18331.932765048125
2001-05-14,False,0.0066303863207604445,2.385516329479226e-06,0.006628000804430966,18453.43683016164
2001-05-15,False,-0.0026049323322540167,1.7721459693338659e-07,-0.00260510954685095,18405.363605703176
2001-05-16,False,-0.0014396510823447984,6.326355941270179e-07,-0.0014402837179389254,18378.854660179135
2001-05-17,False,0.0005897077045672422,1.0087063588223866e-07,0.00058960683393136,18389.690958486608
2001-05-18,False,0.02459273551688219,6.871046700578143e-06,0.02458586447018161,18841.81740804048
2001-05-21,False,-0.0023332222903467304,2.5954632227606912e-06,-0.002335817753569491,18797.806356429268
2001-05-22,False,-0.0085116913367534,4.330759197796588e-06,-0.008516022095951196,18637.723822142503
2001-05-23,False,0.002281375661375658,7.613670920841448e-07,0.002280614294283574,18680.22928150419
2001-05-24,False,-0.004507049170503015,7.519182918184347e-07,-0.004507801088794834,18596.02252361009
2001-05-25,False,0.0003911313294153232,8.965421254594764e-08,0.0003910416752027773,18603.29434340983
2001-05-29,False,-0.012083223985075822,4.590137611125228e-06,-0.012087814122686946,18378.421179317058
2001-05-30,False,-0.00031183214171099147,1.0299732913592042e-07,-0.0003119351390401274,18372.688303951152
2001-05-31,False,0.004906182572048694,1.1092641077617704e-06,0.0049050733079409325,18462.807686945984
2001-06-01,False,-0.0009810077518239574,1.324464684818838e-06,-0.0009823322165087762,18444.67107614789
2001-06-04,False,0.0009550313484526851,4.1709643508702764e-07,0.000954614252017598,18462.278622030957
2001-06-05,False,0.0032176561154232983,1.0261251412030382e-07,0.003217553502909178,18521.681991282956
2001-06-06,False,-0.0009052910052910083,2.9938920013479475e-07,-0.0009055903944911432,18504.90893398183
2001-06-07,False,-0.0014735630421069082,2.4330686571083506e-07,-0.001473806348972619,18477.636281707768
2001-06-08,False,0.0012703148301964635,7.210341442624308e-07,0.001269593796052201,18501.095374096734
2001-06-11,False,0.006815128018474242,1.273638006053665e-06,0.0068138543804681885,18627.15914385498
2001-06-12,False,0.0007799759130880389,3.297474013786023e-07,0.0007796461656866603,18641.681737059123
2001-06-13,False,-0.0005119576719576415,1.6809311123160141e-07,-0.000512125765068873,18632.13485153736
2001-06-14,False,0.0005531642427379336,2.1358210424186898e-07,0.0005529506606336917,18642.437502812532
2001-06-15,False,0.001859794929809643,7.436511397457963e-07,0.0018590512786698973,18677.09475008966
2001-06-18,False,-0.0023747969012982207,4.536110839802737e-07,-0.002375250512382201,18632.731971214696
2001-06-19,False,0.003389771534559533,4.1245353838642584e-07,0.0033893590810211466,18695.884990525567
2001-06-20,False,0.000533123861256801,9.14507249580171e-08,0.000533032410531843,18705.850503169095
2001-06-21,False,-0.0006899453974676116,3.802714669704915e-07,-0.0006903256689345821,18692.937374407506
2001-06-22,False,0.0019650243094235646,5.72952004511712e-07,0.001964451357419053,18729.658740606814
2001-06-25,False,-0.0025978457752312873,1.6503883862893781e-06,-0.0025994961636175767,18680.971064564736
2001-06-26,False,-0.00219756083024444,1.0461749797591874e-06,-0.002198607005224199,18639.898950717794
2001-06-27,False,-0.0006292921212573462,2.0057809332077458e-07,-0.000629492699350667,18628.165270411682
2001-06-28,False,0.0029301989533871086,1.891092231291941e-06,0.0029283078611558166,18682.714273211936
2001-06-29,False,-0.004306261005516398,1.077653138827947e-06,-0.004307338658655226,18602.241495774324
2001-07-02,False,-0.0027216194728710685,1.073219206842238e-06,-0.0027226926920779107,18551.593308797506
2001-07-03,False,-0.004812094100128842,3.9153508699397986e-07,-0.004812485635215836,18462.314032488553
2001-07-05,False,0.0015949974696845223,8.411587756005784e-07,0.0015941563109089217,18491.745846917427
2001-07-06,False,0.00010463231876045702,1.0539951045083208e-06,0.0001035783236559487,18493.661190953728
2001-07-09,False,-0.0005934465788927835,4.747072835979832e-07,-0.0005939212861763815,18482.677411913082
2001-07-10,False,-0.0031972893458931625,1.5604409569309612e-06,-0.0031988497868500935,18423.554103213566
2001-07-11,False,-0.0025916748269832436,7.09894009938164e-07,-0.002592384720993182,18375.793163050002
2001-07-12,False,-0.0010611836312746528,8.123314276016619e-07,-0.0010619959627022545,18356.278144899392
2001-07-13,False,0.005069161583745804,8.405991311347533e-07,0.00506832098461467,18449.31365462061
2001-07-16,False,0.0054410493608519975,5.974213745381652e-07,0.005440451939477459,18549.68625887492
2001-07-17,False,-0.0042064110369127794,1.187258926232171e-06,-0.004207598295839012,18471.636630583733
2001-07-18,False,2.3801268661443587e-06,9.151033668721165e-07,1.465023499272242e-06,18471.663691965463
2001-07-19,False,6.848375255875747e-05,1.7690725930057107e-07,6.83068452994569e-05,18472.92543303969
2001-07-20,False,-0.002311212556377547,3.8609443904505384e-07,-0.002311598650816592,18430.223443532042
2001-07-23,False,-0.0002039164269271998,7.131175586936184e-07,-0.0002046295444858934,18426.45207530402
2001-07-24,False,-0.0036432751795996594,9.143263963035803e-07,-0.003644189505995963,18359.30259201846
2001-07-25,False,-0.00596828789187602,1.3885727533045205e-06,-0.005969676464629325,18249.703495427875
2001-07-26,False,0.0013418789648766713,2.976208014276033e-07,0.0013415813440752437,18274.186957172245
2001-07-27,False,0.00043532846639496623,4.0237957711494743e-07,0.0004349260868178513,18282.134877795306
2001-07-30,False,0.0013440147304928003,2.1116367196785669e-07,0.0013438035668208324,18306.702475853184
2001-07-31,False,0.004405539155617002,7.091228083564715e-07,0.004404830032808646,18387.340388720513
2001-08-01,False,-0.0015287243241411633,2.52527930300922e-07,-0.0015289768520714642,18359.226570895
2001-08-02,False,-0.003398784411234701,5.657413989411386e-07,-0.003399350152633642,18296.817131248994
2001-08-03,False,-7.494053974656303e-05,6.85874823120547e-07,-7.562641456968358e-05,18295.43340857132
2001-08-06,False,0.0034310008554320585,1.1679929005032618e-06,0.003429832862531555,18358.183687310295
2001-08-07,False,0.007939812513043066,2.236485222754575e-06,0.00793757602782031,18503.903166061013
2001-08-08,False,0.0009205778163995384,6.05613926699139e-07,0.0009199722024728392,18520.926242611036
2001-08-09,False,-0.0026113072035857977,7.183245655147802e-07,-0.0026120255281513126,18472.549110460328
2001-08-10,False,0.0006152312314140323,2.259036667542208e-07,0.0006150053277472781,18483.909826580337
2001-08-13,False,0.00032206062264592163,3.735564626140414e-07,0.0003216870661833076,18489.855861304048
2001-08-14,False,-0.0016313793036650485,1.3286042401826904e-06,-0.0016327079079052312,18459.667327423267
2001-08-15,False,-0.005315390990807797,1.4752765063159867e-06,-0.005316866267314113,18361.519744904253
2001-08-16,False,0.001589236690019748,2.6709380903447434e-07,0.0015889695962107136,18390.69564151913
2001-08-17,False,0.0013633521388789424,7.09463052248463e-07,0.001362642675826694,18415.755588238404
2001-08-20,False,-0.0027024787136413057,6.388061456175792e-07,-0.0027031175197869232,18365.975636667725
2001-08-21,False,-0.0028865342995438737,7.668525653949932e-07,-0.002887301152109269,18312.947534052364
2001-08-22,False,0.0015100597763025268,6.556666081778961e-07,0.0015094041096943489,18340.58917232088
2001-08-23,False,-0.0013888945256403315,7.629105146305936e-07,-0.001389657436154962,18315.1020361941
2001-08-24,False,0.0004827349335057034,4.643200342482057e-07,0.0004822706134714552,18323.934871688893
2001-08-27,False,-0.00022968147731078627,1.1227411040830304e-07,-0.00022979375142119458,18319.724145953925
2001-08-28,False,0.0041705077636865154,5.73152095860438e-07,0.004169934611590655,18396.116197744934
2001-08-29,False,0.0019658355768993915,3.2963675380397186e-07,0.0019655059401455875,18432.273873407208
2001-08-30,False,0.0011647089947089584,3.9042710025970205e-07,0.0011643185676086987,18453.734912121265
2001-08-31,False,-0.00031143836261809336,8.116797277690214e-07,-0.00031225004234586236,18447.972732613518
2001-09-04,False,-0.007546364165372573,6.195625996753273e-07,-0.007546983727972249,18308.74618258641
2001-09-05,False,-0.0004705431191696879,5.365344174420999e-07,-0.00047107965358713,18300.1213047771
2001-09-06,False,0.0051627903702735345,4.0030661541019806e-07,0.005162390063658124,18394.59366916462
2001-09-07,False,0.004566211013992342,1.850396722125891e-07,0.004566025974320129,18478.583861645093
2001-09-10,False,-0.003473383180220502,7.054179534855266e-07,-0.0034740885981739875,18414.38762414095
2001-09-17,False,0.03933297304471504,6.53630431551043e-06,0.039326436740399526,19138.559874154926
2001-09-18,False,-0.006085821509936951,1.6443105655985918e-06,-0.00608746582050255,19022.054545067367
2001-09-19,False,0.002355771326426054,1.1412490718831909e-06,0.002354630077354171,19066.844446832256
2001-09-20,False,-0.00396429865951453,8.930085540523603e-07,-0.003965191668068582,18991.240754095314
2001-09-21,False,0.0047911989211016645,1.5023894218914453e-06,0.0047896965316797735,19082.2030340675
2001-09-24,False,-0.005217848276311131,1.5914114256168066e-06,-0.005219439687736748,18982.604626222037
2001-09-25,False,4.370625756729419e-05,1.412000023018334e-07,4.356505756499236e-05,18983.43160448531
2001-09-26,False,0.005722427186912377,1.034194616340675e-06,0.005721392992296036,19092.043277036948
2001-09-27,False,0.0003823556805151798,1.0095285450223563e-06,0.00038134615197015745,19099.323954273892
2001-09-28,False,0.00409516735951928,1.2341405478313444e-06,0.004093933218971449,19177.51531107019
2001-10-01,False,-0.000811749912899693,1.2899637656076103e-06,-0.0008130398766653006,19161.92322638693
2001-10-02,False,0.0031009012227831514,2.2189213870811574e-07,0.003100679330644443,19221.33820567039
2001-10-03,False,-0.001695619970143498,7.244180246915172e-07,-0.0016963443881681897,19188.732196472116
2001-10-04,False,-0.001570592420443542,4.0337980000303144e-07,-0.001570995800243545,19158.586778779463
2001-10-05,False,0.0022505985358353257,2.2788457925398965e-07,0.002250370651256072,19201.700700185967
2001-10-08,False,0.001635411470143687,2.721235443915032e-07,0.0016351393465992956,19233.09815652246
2001-10-09,False,-0.005277650918193666,2.9477962245205714e-07,-0.005277945697816118,19131.586908851572
2001-10-10,False,-0.005421101076445933,9.084415998089345e-07,-0.005422009518045742,19027.855262536457
2001-10-11,False,-0.011291595042157987,1.2105418329277501e-06,-0.011292805583990914,18812.977392376313
2001-10-12,False,0.005017433705392858,1.5493207681917116e-06,0.005015884384624666,18907.34111190703
2001-10-15,False,0.0020995599498086583,3.223240912565567e-07,0.002099237625717402,18947.032113771416
2001-10-16,False,-0.001469800076713141,5.403309305682669e-07,-0.0014703404076437095,18919.173526849616
2001-10-17,False,0.001998050283670961,2.248756398854357e-07,0.001997825408031076,18956.970732420505
2001-10-18,False,0.0021778263287637995,1.0813406397570669e-06,0.0021767449881240426,18998.235223452317
2001-10-19,False,-0.008827565547184028,1.4145595257365057e-06,-0.008828980106709764,18830.500182601863
2001-10-22,False,-0.004632724777693417,1.1763580020948823e-06,-0.004633901135695512,18743.241506419992
2001-10-23,False,0.001818376919196036,6.64062996641332e-07,0.0018177128561993946,18777.311337473064
2001-10-24,False,-0.0020286031996968094,7.851589092594535e-07,-0.002029388358606069,18739.204880438872
2001-10-25,False,0.006349534727015501,6.542566534890465e-07,0.006348880470362012,18858.177852334404
2001-10-26,False,0.0003946739764150789,2.6275192874132546e-07,0.00039441122448633756,18865.61572935272
2001-10-29,False,0.0036765799973505382,1.954018021539522e-07,0.0036763845955483845,18934.972988405647
2001-10-30,False,0.007132081275373987,5.689288076085458e-07,0.0071315123465663785,19070.00798205436
2001-10-31,False,0.005055324092966155,1.8167415310095665e-06,0.005053507351435145,19166.378407583597
2001-11-01,False,0.007248987700135649,5.859213797688723e-07,0.007248401778755881,19305.304018925435
2001-11-02,False,-0.003946156818762063,4.955933402306101e-07,-0.003946652412102293,19229.112694252777
2001-11-05,False,0.0012495753227894889,1.191896844188134e-06,0.0012483834259453008,19253.11799983592
2001-11-06,False,0.0015206141008068423,4.876940889592396e-07,0.001520126406717883,19282.385172919123
2001-11-07,False,0.0032562884891743048,4.379553060405439e-07,0.003255850533868264,19345.165736978626
2001-11-08,False,-0.00892073064579725,1.9186607481015972e-06,-0.008922649306545353,19172.555607330567
2001-11-09,False,-0.007533217488126955,9.74182951099009e-07,-0.007534191671078053,19028.105898560538
2001-11-12,False,0.007895734626923506,1.3056467310490483e-06,0.007894428980192457,19178.321929204307
2001-11-13,False,-0.011792480452083537,1.550064724463937e-06,-0.011794030516808,18952.1322151101
2001-11-14,False,0.001979015825595579,1.63095710921346e-06,0.0019773848684863657,18989.60787457781
2001-11-15,False,-0.004978447455909995,2.2224723712407498e-06,-0.004980669928281236,18895.026905687046
2001-11-16,False,-0.010011671288983845,1.2926631705872938e-06,-0.010012963952154433,18705.831682405413
2001-11-19,False,-0.0001341134357339052,1.0678569850225418e-06,-0.00013518129271892774,18703.303003897203
2001-11-20,False,-0.004817857519104571,4.6760995830286144e-07,-0.004818325129062874,18613.18440903705
2001-11-21,False,-0.004636922947966499,6.81745778524298e-07,-0.004637604693745023,18526.863817656158
2001-11-23,False,-0.001720124004357475,4.6812861888946566e-07,-0.0017205921329763645,18494.986641522773
2001-11-26,False,0.0030826654378479164,1.1809153932907517e-06,0.003081484522454626,18551.97865660163
2001-11-27,False,-0.003520787169355577,1.9065814726937914e-06,-0.0035226937508282706,18486.62571732252
2001-11-28,False,0.0049296480600614975,9.702755397242857e-07,0.004928677784521773,18577.740338806263
2001-11-29,False,0.006673566345930193,8.661756117193665e-07,0.006672700170318474,18701.704029929148
2001-11-30,False,-0.001615692500529525,1.8904389512813675e-06,-0.0016175829394808063,18671.452472551115
2001-12-03,False,0.0015213149984382949,3.0142726725045087e-07,0.0015210135711710444,18699.852005155335
2001-12-04,False,0.004473284725763441,8.937877121187321e-07,0.004472390938051322,18783.485053806093
2001-12-05,False,-0.009540611570679034,6.362225440759567e-07,-0.00954124779322311,18604.267168487426
2001-12-06,False,-0.0005975820862663865,1.1269371184787353e-06,-0.0005987090233848652,18593.12862586019
2001-12-07,False,-0.006593613369774339,8.285834689280708e-07,-0.006594441953243267,18470.51731840777
2001-12-10,False,0.0017887100612107327,1.326176178458205e-06,0.0017873838850322745,18503.5312234109
2001-12-11,False,0.0028027703299066445,7.540914000135484e-07,0.002802016238506631,18555.37841836861
2001-12-12,False,0.006118395330159183,3.3488515189065984e-07,0.006118060445007293,18668.901345112175
2001-12-13,False,-0.002132731437387441,8.72639464071151e-07,-0.002133604076851512,18629.069301091906
2001-12-14,False,-0.003087913351966643,2.1588877139316206e-06,-0.003090072239680575,18571.504131193517
2001-12-17,False,0.0011335688742601005,2.2926307260356937e-07,0.0011333396111874968,18592.55195246473
2001-12-18,False,0.005027690219036434,7.101478932104998e-07,0.005026980071143224,18686.01634060147
2001-12-19,False,0.0032609973402801546,6.635180125240531e-07,0.0032603338222676305,18746.938991680177
2001-12-20,False,-0.0015822104702790782,1.4560054521176452e-06,-0.0015836664757311958,18717.250092876475
2001-12-21,False,-0.0010115858545702969,1.0291100574151418e-06,-0.001012614964627712,18698.296725335753
2001-12-24,False,-0.0013381851191741577,3.4095983137433226e-07,-0.001338526079005532,18673.268567535906
2001-12-26,False,-0.005904063527827498,1.3657193726326344e-06,-0.00590542924720013,18562.994901196354
2001-12-27,False,0.005052675138914332,9.199061565469541e-07,0.005051755232757785,18656.770607824128
2001-12-28,False,-0.001885696117904338,4.093249034008983e-07,-0.001886105442807739,18621.581971235497
2001-12-31,False,0.009322273324319568,1.5419829369655997e-06,0.009320731341382603,18795.148733940918
2002-01-02,False,-0.0042050343734398215,1.8209626658696881e-06,-0.004206855336105691,18716.080262196636
2002-01-03,False,0.004364671879716034,7.277117968311625e-07,0.004363944167919203,18797.756191503162
2002-01-04,False,-0.006667993114728939,1.450003091509014e-06,-0.006669443117820448,18672.38562584127
2002-01-07,False,0.003306241556358924,3.601590063718602e-07,0.003305881397352552,18734.114318125932
2002-01-08,False,0.000732303097179565,3.976582774152249e-07,0.0007319054389021498,18747.825918288385
2002-01-09,False,0.006478488218053721,9.224318253153729e-07,0.0064775657862284055,18869.266194022857
2002-01-10,False,0.010544526514549872,1.6318973728791376e-06,0.010542894617176992,19068.2028790099
2002-01-11,False,0.002541679900722645,1.062673838097078e-06,0.0025406172268845483,19116.64788373004
2002-01-14,False,0.003604610395922742,8.511634879223434e-07,0.0036037592324348194,19185.539680034235
2002-01-15,False,-0.003746017629766743,9.271418602232324e-07,-0.003746944771626966,19113.65252243929
2002-01-16,False,-0.0013204036662565913,4.525922453424841e-07,-0.0013208562585019339,19088.406134882192
2002-01-17,False,0.0032470854023862864,1.5936444001340283e-06,0.0032454917579861522,19150.35739966604
2002-01-18,False,0.0008007323644872322,1.1877646856111728e-06,0.000799544599801621,19165.668964509216
2002-01-22,False,-0.0011886928651413794,4.818811683576369e-07,-0.001189174746309737,19142.87763498049
2002-01-23,False,-0.0056769184513612405,2.2177257626999904e-07,-0.005677140223937511,19034.20083435703
2002-01-24,False,-0.0029177628800406675,4.3776873752457423e-07,-0.002918200648778192,18978.655217133233
2002-01-25,False,-0.0032016987406678723,6.451156759359062e-07,-0.0032023438563438082,18917.879037196977
2002-01-28,False,0.002224181411314066,6.827844616068696e-07,0.0022234986268524592,18959.942915259147
2002-01-29,False,0.0031717526702924794,1.2439032559791312e-06,0.0031705087670365,19020.055580494485
2002-01-30,False,0.005862740489422762,1.1723735081724945e-06,0.00586156811591459,19131.542931848035
2002-01-31,False,-0.0015859223548598076,1.152507394764843e-06,-0.0015870748622545724,19101.179740984753
2002-02-01,False,0.0005872232261395416,1.198833221644588e-06,0.000586024392917897,19112.37349824648
2002-02-04,False,0.008951215247368702,7.317475385405087e-07,0.008950483499830162,19283.43848188513
2002-02-05,False,0.006988489762254528,1.4609533962321453e-06,0.0069870288088582965,19418.172422091906
2002-02-06,False,0.008958179832381714,2.7893672190612978e-06,0.008955390465162652,19592.06973825159
2002-02-07,False,-0.0014460512823322978,3.294678803955481e-07,-0.0014463807502126933,19563.73214572536
2002-02-08,False,0.005362774109428839,1.7651687433918456e-06,0.0053610089406854475,19668.61348867177
2002-02-11,False,-0.013193776749528286,2.0761909490181335e-06,-0.013195852940477305,19409.069357532167
2002-02-12,False,-0.0006323236566524716,7.469206159354952e-07,-0.0006330705772684071,19396.78204678975
2002-02-13,False,-0.004217588698924533,4.03203339818109e-07,-0.004217991902264352,19314.966577186406
2002-02-14,False,0.0040575911627062705,2.2223474772360697e-07,0.004057368927958547,19393.334522421243
2002-02-15,False,0.0036509308059303742,1.4363732126947139e-07,0.003650787168609105,19464.13545925224
2002-02-19,False,-0.004678971360848788,1.0899292662792104e-06,-0.0046800612901150675,19373.042112343835
2002-02-20,False,-0.0044645124334163335,2.1912871733024836e-06,-0.004466703720589636,19286.508473061487
2002-02-21,False,-0.00026273028534037554,7.214011530407155e-07,-0.00026345168649341625,19281.42740987769
2002-02-22,False,0.0011720686519526248,2.4838698206353094e-07,0.0011718202649705612,19304.021777254147
2002-02-25,False,0.0034781838247049304,1.7608448205764098e-06,0.003476422979884354,19371.13072216478
2002-02-26,False,-0.0002476423167794061,1.323402077056099e-06,-0.00024896571885646223,19366.307974679472
2002-02-27,False,0.0053295185803908214,9.170111398282832e-07,0.005328601569250993,19469.50331374395
2002-02-28,False,-0.0027571705993083124,1.0918152209423576e-06,-0.0027582624145292547,19415.801314524095
2002-03-01,False,-0.011046824686675094,1.837494363652159e-06,-0.011048662181038746,19201.282684825754
2002-03-04,False,-0.002312971879589168,1.7502195620318766e-06,-0.0023147220991512,19156.83705146314
2002-03-05,False,-0.004938710533498618,1.7254028429452284e-06,-0.004940435936341563,19062.19392526745
2002-03-06,False,-0.010232412050217245,1.5704637527998166e-06,-0.010233982513970044,18867.111765958358
2002-03-07,False,-0.015408523627051118,2.5427595663474467e-06,-0.015411066386617465,18576.349454009443
2002-03-08,False,-0.006406020508914118,1.5834427183381016e-07,-0.006406178853185953,18457.346036967774
2002-03-11,False,-0.0033287465816153167,2.2961856565524575e-06,-0.003331042767271869,18395.8638279483
2002-03-12,False,0.002528714742002856,9.471116352328668e-07,0.002527767630367623,18442.364297065236
2002-03-13,False,0.0009472213021835182,4.15567621697574e-07,0.0009468057345618205,18459.825633340573
2002-03-14,False,-0.009208553400277064,8.95150810661785e-07,-0.009209448551087726,18289.820818908276
2002-03-15,False,-0.002892702758029599,7.924720163854787e-07,-0.0028934952300459847,18236.89930961037
2002-03-18,False,-8.677703964793625e-05,1.492333326993653e-06,-8.82693729749299e-05,18235.289549943303
2002-03-19,False,0.000509933738256203,5.113077602111604e-07,0.0005094224304959919,18244.579015466636
2002-03-20,False,-0.0016280281260501195,9.395342759015851e-07,-0.0016289676603260211,18214.859186274174
2002-03-21,False,-0.0030810263427504462,1.8522022936002664e-06,-0.0030828785450440466,18158.70498768781
2002-03-22,False,0.0018807390525992101,6.198996868308355e-07,0.0018801191529123793,18192.84551672725
2002-03-25,False,0.0020228882505518094,1.6110371354247921e-06,0.0020212772134163845,18229.618300817416
2002-03-26,False,-0.0033903541249664143,1.1856226107491708e-06,-0.0033915397475771636,18167.791825767035
2002-03-27,False,0.0019059866804615121,1.3094996712224165e-06,0.0019046771807902897,18202.395604282923
2002-03-28,False,0.004911338542298026,5.140448327750763e-07,0.0049108244974652515,18291.784374528987
2002-04-01,False,-0.003649740709317392,1.063926270133575e-06,-0.0036508046355875254,18225.00464334129
2002-04-02,False,0.0028250403361966005,1.2606121093089729e-06,0.0028237797240872916,18276.468041924556
2002-04-03,False,0.00045838102159156003,5.372521382563112e-07,0.00045784376945330374,18284.835808945165
2002-04-04,False,-0.0012561665130224695,9.19249825804852e-07,-0.0012570857628482744,18261.850202173722
2002-04-05,False,-3.2499557844504457e-06,6.115889694388172e-07,-3.861544753889263e-06,18261.779683221877
2002-04-08,False,7.231361127837462e-06,6.137903346058044e-07,6.617570793231658e-06,18261.90053184174
2002-04-09,False,-0.0005839400344916316,8.765847005911126e-07,-0.0005848166191922227,18251.220668912683
2002-04-10,False,0.00022276264225420053,6.194015800917024e-07,0.00022214324067410882,18255.275054218335
2002-04-11,False,0.004845220770518249,1.030433313433235e-06,0.004844190337204816,18343.707081238994
2002-04-12,False,-0.0024978703482520363,7.223185785824732e-07,-0.002498592666830619,18297.87362924332
2002-04-15,False,-0.0009788510312324188,4.890034896981032e-07,-0.0009793400347221169,18279.953789047915
2002-04-16,False,-0.0018949427738353898,9.938047092437618e-07,-0.0018959365785446336,18245.29615600515
2002-04-17,False,0.0031811634890995723,1.1985567301005113e-06,0.003179964932369472,18303.315557961945
2002-04-18,False,0.005452789038544756,9.668067909136824e-07,0.005451822231753843,18403.101980635645
2002-04-19,False,-0.0030623522061330537,8.368930818490605e-07,-0.003063189099214903,18346.729799256824
2002-04-22,False,0.001937085327407111,7.223510278708406e-07,0.0019363629763792401,18382.25572757774
2002-04-23,False,-0.000892518810382469,4.0578196977136826e-07,-0.0008929245923522404,18365.841759375675
2002-04-24,False,0.004749696713114434,3.318509556826665e-08,0.004749663528018866,18453.07332814155
2002-04-25,False,0.005070088774789618,8.407521079732694e-07,0.005069248022681645,18546.616533622633
2002-04-26,False,0.0005200558096885046,4.4167635962009953e-07,0.0005196141333288844,18556.25361769893
2002-04-29,False,0.0022655293276088884,1.301938892369875e-06,0.0022642273887165188,18598.269195372097
2002-04-30,False,-0.002525969772775194,1.3496179987120826e-06,-0.002527319390773906,18551.265428999803
2002-05-01,False,0.000763487029889206,1.742266220616656e-07,0.0007633128032671444,18565.425847418563
2002-05-02,False,-0.0025281704488114287,1.3397697516083496e-07,-0.0025283044257865895,18518.486799081922
2002-05-03,False,0.004622968126976201,7.675004321474055e-07,0.0046222006265440535,18604.082960367286
2002-05-06,False,-0.0015865175175059885,3.7617722550696565e-07,-0.0015868936947314954,18574.560258421217
2002-05-07,False,0.0017137657007318457,5.429086633322034e-07,0.0017132227920685136,18606.382618408596
2002-05-08,False,-0.006913398164825584,3.507430184461341e-07,-0.00691374890784403,18477.742760901645
2002-05-09,False,-0.00026338771553607865,8.446242324492287e-07,-0.00026423233976852786,18472.86034369829
2002-05-10,False,0.004071509460525707,5.576428937727751e-07,0.004070951817631934,18548.062468091328
2002-05-13,False,-0.006528925616530626,1.2130992990002088e-06,-0.006530138715829626,18426.94104726482
2002-05-14,False,-0.005751794654941563,3.544575711584008e-07,-0.005752149112512721,18320.946534673472
2002-05-15,False,0.0007554571686287175,1.8245870241762053e-07,0.0007552747099262999,18334.78388225302
2002-05-16,False,0.0034148818897678317,4.376524502017476e-07,0.00341444423731763,18397.386979422245
2002-05-17,False,0.0014214871179874316,6.896047785232701e-07,0.0014207975132089084,18423.52594109215
2002-05-20,False,0.0019070504257656887,2.98938313855579e-07,0.0019067514874518332,18458.655026584434
2002-05-21,False,0.00475828301277497,1.1783373146283666e-06,0.004757104675460341,18546.464780714112
2002-05-22,False,0.0037505316551529923,3.7549476656657813e-07,0.0037501561603864256,18616.016919864895
2002-05-23,False,-0.002831524178298645,6.683049585989726e-07,-0.002832192483257244,18563.292776676262
2002-05-24,False,0.0037718829739403163,1.3604960261828502e-06,0.0037705224779141333,18633.28608935482
2002-05-28,False,-0.00013277283535872834,3.700284090346201e-07,-0.00013314286376776296,18630.80520028348
2002-05-29,False,0.008544593287812846,2.12055961011276e-06,0.008542472728202733,18789.95834561136
2002-05-30,False,-0.0012150941453289803,5.033035668817049e-07,-0.001215597448895862,18767.117320181576
2002-05-31,False,0.001373933870220302,5.082906206703986e-07,0.0013734255795996317,18792.892559164462
2002-06-03,False,0.0008644764267375591,1.4659817643403184e-07,0.000864329828561125,18809.13581676829
2002-06-04,False,0.0015140658908193768,2.5460433005029814e-07,0.0015138112864893265,18837.609298856827
2002-06-05,False,-0.0064449999758290355,1.284135674171294e-06,-0.006446284111503207,18716.1767173349
2002-06-06,False,0.0046612777610746834,4.74987131836177e-07,0.004660802773942848,18803.409125696657
2002-06-07,False,0.0012362881388938752,9.728475022246774e-07,0.0012353152913916505,18826.637264519923
2002-06-10,False,-0.005844970157451639,1.1306540480923999e-06,-0.005846100811499732,18716.574845130006
2002-06-11,False,-0.00423379668558925,2.252237915523189e-06,-0.004236048923504774,18637.290518405596
2002-06-12,False,0.0035296930999481244,9.576455988721671e-07,0.003528735454349252,18703.0565862309
2002-06-13,False,-0.003369303744162839,1.0503215616765177e-06,-0.0033703540657245156,18640.02066342402
2002-06-14,False,0.004977091065587905,9.779810103822117e-07,0.004976113084577523,18732.77551414408
2002-06-17,False,-0.005800064111848937,1.26827077498623e-06,-0.005801332382623923,18624.100456937453
2002-06-18,False,0.0019549565920216664,2.1708284712006198e-07,0.0019547395091745463,18660.505721923462
2002-06-19,False,0.00532258173997906,3.154181179481352e-07,0.0053222663218611115,18759.82190307615
2002-06-20,False,0.0021970107173247683,1.1012060142866209e-06,0.0021959095113104816,18801.016774423606
2002-06-21,False,0.004255001710781698,6.447562758131048e-07,0.004254356954505885,18881.003010889657
2002-06-24,False,-0.001463164242528411,2.155298038382422e-06,-0.0014653195405667935,18853.3363082323
2002-06-25,False,-0.004575051418715641,1.6475547874395674e-06,-0.004576698973503081,18767.050263303303
2002-06-26,False,0.005342119698161969,9.655516140302524e-07,0.0053411541465479394,18867.287971635622
2002-06-27,False,-0.007120641541825714,2.4296681294923297e-07,-0.007120884508638663,18732.936192998375
2002-06-28,False,0.003255647595750326,6.998107516216073e-07,0.0032549477849987047,18793.910922166302
2002-07-01,False,-0.009769915194404996,1.7403077236741311e-06,-0.00977165550212867,18610.263299097198
2002-07-02,False,0.0029860097576744175,9.946981146694012e-07,0.0029850150595597483,18665.815215307375
2002-07-03,False,-0.0052714174240569124,1.0376088105154003e-06,-0.005272455032867428,18567.400543932854
2002-07-05,False,-0.004684392222341027,1.024154170829822e-06,-0.004685416376511857,18480.404541355056
2002-07-08,False,0.006586760297354609,1.6761661127046163e-06,0.006585084131241905,18602.099560039263
2002-07-09,False,0.005661883755772426,2.017742253531546e-07,0.005661681981547073,18707.418731937283
2002-07-10,False,0.004136968680790983,1.9471410919147392e-07,0.004136773966681792,18784.807094731375
2002-07-11,False,0.000773017336768423,4.752427337185311e-07,0.0007725420940347045,18799.31914894038
2002-07-12,False,0.004376265487203899,6.181073558320787e-07,0.004375647379848067,18881.578340517368
2002-07-15,False,0.005156407923869919,1.000439541051737e-06,0.005155407484328867,18978.920570810016
2002-07-16,False,-0.0031713018801124266,3.5038967220478443e-07,-0.0031716522697846313,18918.72603430354
2002-07-17,False,-0.001315553217679184,8.842968522385919e-07,-0.0013164375145314226,18893.820713624842
2002-07-18,False,0.0011763600034481337,9.81571985217422e-07,0.0011753784314629163,18916.028102979562
2002-07-19,False,0.009117572753569782,1.221185193737595e-06,0.009116351568376044,19088.47326544361
2002-07-22,False,-0.0020152877477242477,1.5472368361513222e-06,-0.002016834984560399,19049.974964760015
2002-07-23,False,-0.009691692735649774,2.0704863766026623e-06,-0.009693763222026376,18865.3090180661
2002-07-24,False,-0.005303503439455233,3.542618141840759e-06,-0.005307046057597074,18765.18995421642
2002-07-25,False,5.74415356545827e-05,9.760031511957812e-07,5.646553250338692e-05,18766.249540659715
2002-07-26,False,-0.01003030930530433,1.8345600060108574e-06,-0.010032143865310341,18577.9838254555
2002-07-29,False,-0.009877981836624939,6.433581069238136e-07,-0.009878625194731863,18394.458886370034
2002-07-30,False,0.00575215343676357,1.2429315442045592e-06,0.005750910505219365,18500.243773217488
2002-07-31,False,0.0033710169511674023,1.3244790943753304e-06,0.003369692472073027,18562.583905391613
2002-08-01,False,-4.5345804939332365e-05,1.3081084553526606e-06,-4.6653913394685023e-05,18561.71788820971
2002-08-02,False,0.008919354660430442,1.848719024523937e-07,0.00891916978852799,18727.27300162141
2002-08-05,False,0.004329865466894945,1.6996080029341166e-06,0.004328165858892011,18808.32774525718
2002-08-06,False,-0.010282553228078575,5.753983772701504e-07,-0.010283128626455845,18614.91929180416
2002-08-07,False,0.01228191530675244,1.44846725116983e-06,0.012280466839501271,18843.519190887153
2002-08-08,False,-0.006205204763892695,1.330723283140531e-06,-0.006206535487175836,18726.566220325632
2002-08-09,False,0.005360153282356988,4.663662991256645e-07,0.005359686916057862,18826.934752279405
2002-08-12,False,0.009377630638225685,1.1230386174524294e-06,0.009376507599608234,19003.465649061483
2002-08-13,False,0.0008646564991954181,1.671440614067321e-06,0.0008629850585813507,19019.865355977883
2002-08-14,False,0.005060497290168049,6.978872848784484e-07,0.005059799402883171,19116.102059348977
2002-08-15,False,-0.0059657352925662835,5.959191878534831e-07,-0.005966331211754137,19002.049062985207
2002-08-16,False,-0.004044475521614173,1.503772664329356e-06,-0.0040459792942785025,18925.167165927505
2002-08-19,False,-0.008550796698975566,1.5823782376119671e-06,-0.008552379077213177,18763.311962224863
2002-08-20,False,0.0027075754331791894,1.5782850053248366e-06,0.0027059971481738646,18814.08543088494
2002-08-21,False,-0.00269755654906708,3.3858567863777336e-07,-0.0026978951347457177,18763.327001336263
2002-08-22,False,-0.009694690964382665,1.7646593328253524e-06,-0.00969645562371549,18581.389233714544
2002-08-23,False,0.003802666565289273,3.3500132445700435e-07,0.0038023315639648158,18652.041836500215
2002-08-26,False,0.0021236039190475967,5.665295956890776e-07,0.0021230373894519077,18691.64081870872
2002-08-27,False,0.00749389796722866,1.806099616201401e-06,0.007492091867612459,18831.680308878906
2002-08-28,False,0.0006010809039114488,5.481839810623779e-07,0.0006005327199303864,18842.989349075655
2002-08-29,False,0.0051285414631464556,6.021549130368481e-07,0.005127939308233419,18939.615054843405
2002-08-30,False,0.003096144807773442,4.5448075474187334e-07,0.0030956903270187,18998.24623796614
2002-09-03,False,0.009692129199741694,1.425825845069617e-06,0.009690703373896626,19182.35260688252
2002-09-04,False,0.0015202863540362873,5.210462581227981e-07,0.0015197653077781645,19211.505280896028
2002-09-05,False,0.009437334286968897,1.1402340438829567e-06,0.009436194052925014,19392.78877277536
2002-09-06,False,0.0007811332324879743,1.2515662238462844e-06,0.000779881666264128,19407.912853196976
2002-09-09,False,0.005469323634136194,1.1877418154115083e-06,0.005468135892320782,19514.03795806458
2002-09-10,False,-0.003490492988180001,1.1821008385523857e-06,-0.0034916750890185535,19445.90127784024
2002-09-11,False,-0.006525848153300077,8.004864618893631e-07,-0.006526648639761967,19318.98471271628
2002-09-12,False,0.005476355876575613,8.496253372624746e-07,0.00547550625123835,19424.765934278337
2002-09-13,False,0.0009164390651087112,4.1055078949782385e-07,0.0009160285143192133,19442.559573758113
2002-09-16,False,-0.0022450442719415863,1.4353037936158526e-06,-0.002246479575735202,19398.882260775652
2002-09-17,False,0.0001432948058493765,3.8049461140676755e-07,0.00014291431123796973,19401.654638672735
2002-09-18,False,0.0058058502372494184,9.620561522683534e-07,0.00580488818109715,19514.279074378497
2002-09-19,False,0.007452028922497435,6.764415589378265e-07,0.007451352480938497,19659.686846173096
2002-09-20,False,-0.0034304523593335534,1.3110889014597283e-06,-0.0034317634482350133,19592.21945145065
2002-09-23,False,0.003350621862874182,4.5613248234888106e-07,0.0033501657303918334,19657.856633639218
2002-09-24,False,0.006650053936732691,9.630585778813705e-07,0.006649090878154809,19788.563508866024
2002-09-25,False,-0.006189680273930381,6.440396874271421e-07,-0.0061903243136178085,19666.065883045518
2002-09-26,False,-0.004784882378259251,2.0598167737361643e-06,-0.004786942195032987,19571.925562459674
2002-09-27,False,0.004034020195776466,5.521027736316298e-07,0.004033468093002835,19650.868299734477
2002-09-30,False,0.008685404355241889,4.651936641305449e-07,0.008684939161577759,19821.534895389846
2002-10-01,False,-0.005587785999115631,1.0128291099974207e-07,-0.005587887282026631,19710.77439263765
2002-10-02,False,-0.0011024312724313052,5.985880234177648e-07,-0.001103029860454723,19689.032819909884
2002-10-03,False,-0.002650613144073399,9.708043694764969e-07,-0.0026515839484428753,19636.825696524244
2002-10-04,False,-0.0034092700579603365,4.307302763340709e-07,-0.0034097007882366707,19569.86999646834
2002-10-07,False,0.004241843289085651,2.8833932321971344e-07,0.004241554949762431,19652.876675418072
2002-10-08,False,-0.0036089104517766078,8.286296910698377e-07,-0.0036097390814676775,19581.93491841955
2002-10-09,False,0.0030505613977336063,4.1862937908726526e-07,0.003050142768354519,19641.662615601355
2002-10-10,False,-0.006774363633926317,1.5027864831130417e-06,-0.0067758664204094305,19508.57333344329
2002-10-11,False,-0.00523271204224809,3.3051482930211707e-07,-0.005233042557077392,19406.484138961518
2002-10-14,False,0.003758180894436224,7.790420699042289e-07,0.00375740185236632,19479.402098413168
2002-10-15,False,-0.008213756849962997,5.579012120601468e-07,-0.008214314751175057,19319.392158412105
2002-10-16,False,-0.0027596571901568265,6.778041551745024e-07,-0.002760334994312001,19266.0641641684
2002-10-17,False,-0.007150914322021987,5.661607021357207e-07,-0.007151480482724123,19128.28328231944
2002-10-18,False,0.0019366888863348768,7.457852747251304e-07,0.0019359431010601516,19165.314550374973
2002-10-21,False,-0.0066253368212993895,1.5678312733818783e-06,-0.006626904652572771,19038.307838213073
2002-10-22,False,-0.001726903787120042,4.045479842594013e-07,-0.0017273083351043014,19005.422810397846
2002-10-23,False,0.0008466679115018866,3.833900144349645e-07,0.0008462845214874516,19021.506805546607
2002-10-24,False,0.0012600688679938368,5.02271834341303e-07,0.0012595665961594954,19045.465660127495
2002-10-25,False,1.9717519614047215e-05,1.0849315277770277e-06,1.8632588086270186e-05,19045.82052644405
2002-10-28,False,0.005241797529393351,5.50149970345748e-07,0.005241247379423005,19145.64438336724
2002-10-29,False,0.0069334012220311735,2.7095638472422746e-07,0.006933130265646449,19278.38362989686
2002-10-30,False,-0.002703103292121116,4.4401634001026147e-07,-0.002703547308461126,19226.263607722776
2002-10-31,False,0.006314585496947807,8.653366830245063e-07,0.0063137201602647824,19347.65285586942
2002-11-01,False,0.0018745921305159108,1.234072842548492e-06,0.0018733580576733623,19383.89793724403
2002-11-04,False,-0.005592191555755029,5.132445760187288e-07,-0.0055927048003310475,19275.48951820128
2002-11-05,False,-0.001948147622480311,8.653278493122308e-07,-0.0019490129503296231,19237.92133950636
2002-11-06,False,-0.0012301451214062375,4.877973748003695e-07,-0.0012306329187810377,19214.246520217046
2002-11-07,False,0.007222607314679277,1.80856138801061e-07,0.007222426458540476,19353.02000266558
2002-11-08,False,0.00373218455269448,6.519098039553528e-07,0.0037315326428905247,19425.23642854404
2002-11-11,False,-0.0011614366140197529,3.2752593862375724e-07,-0.0011617641399583765,19402.668885451145
2002-11-12,False,-9.061235095841154e-05,5.732832213807271e-07,-9.118563417979226e-05,19400.899640784046
2002-11-13,False,-0.0003379616867983364,1.4158182111778106e-06,-0.0003393775050095142,19394.315411869014
2002-11-14,False,-0.008965889799327385,1.2976992506317787e-06,-0.008967187498578017,19220.402949164225
2002-11-15,False,0.0015781401551509212,5.47778835698079e-07,0.0015775923763152232,19250.72491032653
2002-11-18,False,0.002377571227393917,8.350859856890297e-07,0.002376736141408228,19296.47880396921
2002-11-19,False,0.002815148738355065,1.868364204313383e-07,0.0028149619019346337,19350.797656643874
2002-11-20,False,-0.0031192463692669855,3.250003150132158e-07,-0.0031195713695819985,19290.431462295634
2002-11-21,False,-0.002467353215905315,3.738145351463301e-07,-0.0024677270304404616,19242.827943147266
2002-11-22,False,0.0002897147184331098,3.56610898168519e-07,0.0002893581075349413,19248.396011424513
2002-11-25,False,-0.0029550532820336282,7.112595963322394e-07,-0.0029557645416299605,19191.502285010694
2002-11-26,False,0.0038034175992751273,6.079855763443387e-07,0.003802809613698783,19264.483914401455
2002-11-27,False,-0.004904271030514406,1.0033779577095087e-06,-0.004905274408472116,19169.98633446372
2002-11-29,False,0.004525880093136244,2.5121634276584205e-07,0.004525628876793478,19256.742578186702
2002-12-02,False,-0.001343042987497787,1.1385113350943638e-06,-0.0013441814988328813,19230.858021085318
2002-12-03,False,0.0026780496095490567,1.2593107066368043e-06,0.00267679029884242,19282.334995274578
2002-12-04,False,0.0034313884518642605,6.742957661140802e-07,0.003430714156098146,19348.487174905495
2002-12-05,False,0.003023132711457488,4.015971333265339e-07,0.0030227311143241615,19406.97244910418
2002-12-06,False,0.00538917944091959,8.005075752199192e-07,0.00538837893334437,19511.54457060893
2002-12-09,False,0.0011954910527478592,5.33816433468351e-07,0.0011949572363143908,19534.86003198525
2002-12-10,False,-0.0004892428703256732,9.468775431956261e-07,-0.0004901897478688688,19525.284243871516
2002-12-11,False,0.003423332216251533,1.9933070397187837e-08,0.0034233122831811356,19592.125389256165
2002-12-12,False,0.007040317007225083,1.3752648648450717e-06,0.007038941742360238,19730.033218480155
2002-12-13,False,0.007229948693366988,1.7413276366337882e-06,0.007228207365730354,19872.64598991608
2002-12-16,False,0.0024470137282894835,8.384460230229651e-07,0.0024461752822664603,19921.25796532984
2002-12-17,False,0.007027109398588542,1.8163611652627921e-06,0.007025293037423279,20061.210640210385
2002-12-18,False,0.0016622746558409348,7.700455321668492e-07,0.001661504610308768,20094.542434177474
2002-12-19,False,0.010668849262337085,1.6531969842885909e-06,0.010667196065352796,20308.894858166397
2002-12-20,False,-0.004166929683306483,9.546210666276507e-07,-0.004167884304373111,20224.24973404788
2002-12-23,False,0.004557266516187767,8.957305597408899e-07,0.004556370785628026,20316.39891469734
2002-12-24,False,0.0038435315473093258,4.925183987784382e-07,0.0038430390289105475,20394.47562865344
2002-12-26,False,4.50097866368595e-05,1.326427946339026e-07,4.48771438422256e-05,20395.390874469813
2002-12-27,False,0.007908211268814665,7.506447417387069e-07,0.007907460624072927,20556.666624722257
2002-12-30,False,-0.00513824250786563,1.1410825956454097e-06,-0.005139383590461275,20451.018029596577
2002-12-31,False,-0.0026836240679163886,1.6960291350839042e-06,-0.0026853200970514725,20396.10049987654
2003-01-02,False,-0.002796682261736559,1.233600022586087e-06,-0.002797915861759145,20339.033926769902
2003-01-03,False,0.004597295236657411,1.3326575072137165e-06,0.004595962579150198,20432.511365593404
2003-01-06,False,0.005627414414174771,2.5525310608413148e-06,0.005624861883113929,20547.441419950017
2003-01-07,False,-0.004775591554154063,1.0872955470419832e-06,-0.004776678849701105,20449.29289110387
2003-01-08,False,0.004925164903221481,9.95900873434194e-07,0.004924169002348047,20549.98866527818
2003-01-09,False,0.0017175592150520055,1.5665974240148817e-06,0.0017159926176279906,20585.252294120135
2003-01-10,False,0.0007689035427514392,1.5285032043090008e-07,0.0007687506924310083,20601.077221075106
2003-01-13,False,0.0012237751726649265,4.787848795072408e-07,0.0012232963877854192,20626.278444424133
2003-01-14,False,0.0017993445482299443,1.3051922972423523e-07,0.0017992140290002201,20663.38953396741
2003-01-15,False,0.0008522992272524677,1.2768618604143134e-06,0.0008510223653920533,20680.974540605624
2003-01-16,False,0.0053225906329610094,1.1534289974621525e-06,0.0053214372039635475,20791.027047940228
2003-01-17,False,0.008567672639367889,9.897654444864513e-07,0.008566682873923401,20969.1371832831
2003-01-21,False,-0.0020423038229933914,1.158534804713965e-06,-0.002043462357798105,20926.28754077356
2003-01-22,False,0.006803685871963915,1.0701476656860693e-06,0.00680261572429823,21068.64103344961
2003-01-23,False,0.005830808193057284,1.896827629929515e-06,0.005828911365427355,21191.44827462359
2003-01-24,False,0.007812422688062083,1.7145348807875161e-06,0.007810708153181296,21356.968492439915
2003-01-27,False,-3.702998906377769e-05,1.1419838949590366e-06,-3.817197295873673e-05,21356.15325481614
2003-01-28,False,-3.518929377575495e-05,3.2087617370188394e-07,-3.5510169949456835e-05,21355.3948941846
2003-01-29,False,0.005443145658329686,1.5576637993318931e-06,0.005441587994530354,21471.602154659253
2003-01-30,False,-0.001619437534819373,7.702863494812029e-07,-0.0016202078211688543,21436.813696915244
2003-01-31,False,0.0002824123567780541,7.119203168843291e-07,0.0002817004364611698,21442.852456690005
2003-02-03,False,-9.996938336126934e-06,9.060447925824805e-07,-1.0902983128709415e-05,21442.61866563144
2003-02-04,False,0.013024108255674604,1.720170519044356e-06,0.01302238808515556,21721.852767457298
2003-02-05,False,0.002279400851472223,2.0692118791245384e-06,0.0022773316395930986,21771.320630035214
2003-02-06,False,-0.0020812539180576823,2.408711105610806e-06,-0.002083662629163293,21725.956542850876
2003-02-07,False,0.0016495609328283669,1.4061555369234563e-06,0.0016481547772914434,21761.764281918204
2003-02-10,False,-0.008887756059370732,1.3170798747423053e-06,-0.008889073139245475,21568.322367577213
2003-02-11,False,-0.003058174316005462,2.4242938924877445e-06,-0.0030605986098979497,21502.310390121176
2003-02-12,False,-0.00869163855376732,2.0978579632564553e-06,-0.008693736411730577,21315.37497134625
2003-02-13,False,0.0015004719485750568,1.8870638057129491e-06,0.0014985848847693438,21347.317870091498
2003-02-14,False,-0.002291366259124756,1.06667837246191e-06,-0.002292432937497218,21298.380575478877
2003-02-18,False,-0.011832500028004586,2.839430908978202e-06,-0.011835339458913564,21046.307011442954
2003-02-19,False,0.009256076305749046,1.5843226708409236e-06,0.009254491983078206,21241.07989095375
2003-02-20,False,0.006405402134447374,1.592951946685739e-06,0.006403809182500689,21377.103713405675
2003-02-21,False,0.003177375393148932,1.1268569868136958e-06,0.003176248536162118,21445.002707782765
2003-02-24,False,0.011439162901070032,1.995644349020595e-06,0.011437167256721012,21690.272790572515
2003-02-25,False,-0.0026345890341758237,2.290269078770932e-06,-0.0026368793032545946,21633.078159169105
2003-02-26,False,-0.0007793982340379956,2.5312760533842545e-06,-0.0007819295100913798,21616.162616962338
2003-02-27,False,-0.0029792731397063864,8.259151033988416e-07,-0.002980099054809785,21551.744311178914
2003-02-28,False,0.0009674448976242997,1.965040852798153e-06,0.0009654798567715015,21572.552086189648
2003-03-03,False,-0.0011869096382101955,7.410783617882166e-07,-0.0011876507165719838,21546.9314292462
2003-03-04,False,0.007630207647406895,2.517287381139738e-06,0.007627690360025756,21711.2847503972
2003-03-05,False,0.0033375856305220496,5.734883285084813e-07,0.003337012142193541,21783.7355712319
2003-03-06,False,0.0006477430577314786,2.477646102310299e-07,0.0006474952931212475,21797.84043748087
2003-03-07,False,0.0014762152454220457,2.207372235882729e-06,0.001474007873186163,21829.970625904174
2003-03-10,False,0.0036404790680481963,1.1445506910187363e-06,0.0036393345173571776,21909.417191515917
2003-03-11,False,-0.008991876481198218,1.3713609114314463e-06,-0.008993247842109649,21712.38037263644
2003-03-12,False,-0.004613345661583767,6.321378488390872e-07,-0.004613977799432606,21612.199931624258
2003-03-13,False,-0.02606421133052647,3.1681149357540155e-06,-0.026067379445462224,21048.826515355417
2003-03-14,False,-0.0012555273543836207,9.068840586790028e-07,-0.0012564342384422998,21022.38004904249
2003-03-17,False,-0.0028639169235683977,3.243465738087689e-06,-0.0028671603893064856,20962.10551367693
2003-03-18,False,-0.009210364956590346,1.5626652242552997e-06,-0.009211927621814602,20769.004114884097
2003-03-19,False,-0.010188559847919878,1.364138633454498e-06,-0.010189923986553332,20557.369541677017
2003-03-20,False,-0.0025545296302203475,5.656901338383508e-07,-0.0025550953203541857,20504.843502962285
2003-03-21,False,-0.011376087925782083,1.812942876604995e-06,-0.011377900868658688,20271.54142625822
2003-03-24,False,0.007090095172506679,3.362808174577556e-06,0.007086732364332102,20415.20041495858
2003-03-25,False,0.0005882479342878052,1.1823458099010088e-06,0.0005870655884779042,20427.18547660408
2003-03-26,False,-0.0009424277350962076,8.255472947086007e-07,-0.0009432532823909161,20407.917466853265
2003-03-27,False,0.0066545814851497525,9.604359632960912e-07,0.006653621049186456,20543.704016080785
2003-03-28,False,0.0009104659121802527,1.1550753316531549e-06,0.0009093108368485996,20562.384628771615
2003-03-31,False,0.009762378761323713,5.026334745430184e-07,0.00976187612784917,20763.11208041087
2003-04-01,False,-0.003279685075762394,8.444888113909449e-07,-0.0032805295645737848,20694.99807737852
2003-04-02,False,-0.01402895633196844,1.6484009467841037e-06,-0.014030604732915224,20404.63473940638
2003-04-03,False,-0.006390457632592499,1.7832147692971868e-06,-0.006392240847361796,20274.20339974965
2003-04-04,False,-0.001852316633240255,6.675170139945896e-07,-0.0018529841502542496,20236.635622190886
2003-04-07,False,-0.009651846351761214,9.01444104405319e-07,-0.00965274779586562,20041.296482293044
2003-04-08,False,0.007615146313363137,6.888509209849874e-07,0.007614457462442152,20193.900081849657
2003-04-09,False,0.003528174772408915,1.7989571692971635e-06,0.0035263758152396176,20265.11136271366
2003-04-10,False,0.0022677184966070902,1.3020192659640578e-06,0.002266416477341126,20311.040545021264
2003-04-11,False,-0.0011594468827052632,2.9362494785525886e-07,-0.0011597405076531186,20287.485008548618
2003-04-14,False,0.00036449685395112944,5.265104758584854e-07,0.00036397034347527093,20294.869051435428
2003-04-15,False,0.002946024762347796,8.066195517687224e-07,0.0029452181427960275,20354.641867971386
2003-04-16,False,0.0024721764982384036,1.3712472849824048e-06,0.002470805250953421,20404.934223980046
2003-04-17,False,0.003990713659757297,8.202477751724224e-07,0.003989893411982125,20486.347736612235
2003-04-21,False,-0.0006722829580858375,1.748997321590895e-07,-0.0006724578578179967,20472.571531098758
2003-04-22,False,0.009310921638108144,2.4491698508100764e-06,0.009308472468257334,20663.13989955042
2003-04-23,False,-0.006481114239265878,1.3703624356167787e-06,-0.006482484601701494,20529.19141332878
2003-04-24,False,0.00446183252676263,5.688232514542424e-07,0.0044612637035111756,20620.777549843493
2003-04-25,False,-0.0003858669670381896,2.0718566418316543e-07,-0.00038607415270237275,20612.816400622873
2003-04-28,False,-0.004002109892552473,1.0103585839919549e-06,-0.004003120251136465,20530.30081785658
2003-04-29,False,-0.0016593824970154026,3.3712316578318745e-07,-0.0016597196201811857,20496.226274780962
2003-04-30,False,0.011763573281025357,8.302923362163706e-07,0.01176274298868914,20737.31811668923
2003-05-01,False,0.006481528603042036,1.1122806345953417e-06,0.00648041632240744,20871.70457149558
2003-05-02,False,-0.0053780525234491915,1.0258416094816452e-06,-0.005379078365058673,20759.43403699315
2003-05-05,False,0.0022541621817939975,6.0959883506094e-07,0.0022535525829589366,20806.21651318798
2003-05-06,False,0.004426404195698268,4.0806515711630523e-07,0.004425996130541151,20898.304746966547
2003-05-07,False,-0.0003809009783217558,9.171413723443323e-07,-0.00038181811969410014,20890.325395543266
2003-05-08,False,0.007325936145997057,1.0116175353623581e-06,0.0073249245284616946,21043.34545244063
2003-05-09,False,0.0002997895586450678,6.447365675906342e-07,0.0002991448220774772,21049.640460271912
2003-05-12,True,0.044184494630945,0.0005,0.043684494630945,21969.183365941983
2003-05-13,True,-0.0115766916544394,0.0,-0.0115766916544394,21714.852904214633
2003-05-14,True,-0.0203914431082791,0.0,-0.0203914431082791,21272.055716613693
2003-05-15,True,0.038574254453631,0.0,0.038574254453631,22092.60940657816
2003-05-16,True,-0.02186917411773,0.0,-0.02186917411773,21609.462284750705
2003-05-19,True,-0.1091846341082411,0.0,-0.1091846341082411,19250.041051914366
2003-05-20,True,0.000900520577244,0.0,0.000900520577244,19267.37610999441
2003-05-21,True,0.0021667488862354,0.0,0.0021667488862354,19309.123675721417
2003-05-22,True,0.0477963649000677,0.0,0.0477963649000677,20232.029596826735
2003-05-23,True,-0.0037834771353507,0.0,-0.0037834771353507,20155.482175445402
2003-05-27,True,0.1128342099369601,0.0,0.1128342099369601,22429.71008261027
2003-05-28,True,0.0017948039923502,0.0,0.0017948039923502,22469.96701581379
2003-05-29,True,0.0216862572863591,0.0,0.0216862572863591,22957.256501734733
2003-05-30,True,0.0407204171768566,0.0,0.0407204171768566,23892.085563721477
2003-06-02,True,-0.0320300734387022,0.0,-0.0320300734387022,23126.82030851172
2003-06-03,True,0.0339497506683419,0.0,0.0339497506683419,23911.970091737243
2003-06-04,True,0.0654826816540689,0.0,0.0654826816540689,25477.79001697609
2003-06-05,True,0.0169779070315775,0.0,0.0169779070315775,25910.34956725436
2003-06-06,True,-0.0453974230300144,0.0,-0.0453974230300144,24734.086467094166
2003-06-09,True,-0.0434952918506289,0.0,-0.0434952918506289,23658.270157549214
2003-06-10,True,0.0436944383476335,0.0,0.0436944383476335,24692.004984359904
2003-06-11,True,0.0376501062408027,0.0,0.0376501062408027,25621.66159531949
2003-06-12,True,0.0025719279182057,0.0,0.0025719279182057,25687.558662087307
2003-06-13,True,-0.0620733908239443,0.0,-0.0620733908239443,24093.04479394257
2003-06-16,True,0.0938048722892682,0.0,0.0938048722892682,26353.08978389797
2003-06-17,True,-0.0047767812332433,0.0,-0.0047767812332433,26227.206839180268
2003-06-18,True,0.0199492853115628,0.0,0.0199492853115628,26750.420871340448
2003-06-19,True,-0.0529748147731047,0.0,-0.0529748147731047,25333.32228057859
2003-06-20,True,-0.0061561316581168,0.0,-0.0061561316581168,25177.367013281844
2003-06-23,True,-0.0570274976019298,0.0,-0.0570274976019298,23741.56477630901
2003-06-24,True,-0.0212348553420219,0.0,-0.0212348553420219,23237.416082690845
2003-06-25,True,-0.0085495525267664,0.0,-0.0085495525267664,23038.746573305554
2003-06-26,True,0.0662039498159335,0.0,0.0662039498159335,24564.002595266687
2003-06-27,True,-0.0231336929282859,0.0,-0.0231336929282859,23995.74650213817
2003-06-30,True,-0.0089016967150323,0.0,-0.0089016967150323,23782.143644325337
2003-07-01,True,0.0390802086474807,0.0,0.0390802086474807,24711.55478002993
2003-07-02,True,0.0698735913839002,0.0,0.0698735913839002,26438.239861190603
2003-07-03,True,-0.0347661424758939,0.0,-0.0347661424758939,25519.084247364593
2003-07-07,True,0.1230927469299176,0.0,0.1230927469299176,28660.29842650869
2003-07-08,True,0.0385021200183277,0.0,0.0385021200183277,29763.780676287217
2003-07-09,True,-0.007482062624897,0.0,-0.007482062624897,29541.08620531353
2003-07-10,True,-0.0614703599510371,0.0,-0.0614703599510371,27725.18500292829
2003-07-11,True,0.0281224597361336,0.0,0.0281224597361336,28504.885401849995
2003-07-14,True,0.035473442805924,0.0,0.035473442805924,29516.051823841943
2003-07-15,True,-0.0030063356462781,0.0,-0.0030063356462781,29427.316665106533
2003-07-16,True,-0.0058130041162833,0.0,-0.0058130041162833,29256.2555522011
2003-07-17,True,-0.0837733530272179,0.0,-0.0837733530272179,26805.360927572052
2003-07-18,True,0.0094176358922333,0.0,0.0094176358922333,27057.804056747824
2003-07-21,True,-0.0456171312218529,0.0,-0.0456171312218529,25823.504658515973
2003-07-22,True,0.0406741938015964,0.0,0.0406741938015964,26873.854891632876
2003-07-23,True,0.0259112204368918,0.0,0.0259112204368918,27570.189269719023
2003-07-24,True,-0.0349730912542737,0.0,-0.0349730912542737,26605.97452449154
2003-07-25,True,0.0586771683820084,0.0,0.0586771683820084,28167.13777163256
2003-07-28,True,0.0051422368628762,0.0,0.0051422368628762,28311.979865803558
2003-07-29,True,-0.012625688776849,0.0,-0.012625688776849,27954.52161936151
2003-07-30,True,-0.0268645211147047,0.0,-0.0268645211147047,27203.5367830667
2003-07-31,True,0.0311720696086551,0.0,0.0311720696086551,28051.52732527006
2003-08-01,True,-0.0296689343863025,0.0,-0.0296689343863025,27219.268401621055
2003-08-04,True,0.0071456445061096,0.0,0.0071456445061096,27413.76761733542
2003-08-05,True,-0.089211950476209,0.0,-0.089211950476209,24968.13193829139
2003-08-06,True,-0.0356603589586449,0.0,-0.0356603589586449,24077.75939084511
2003-08-07,True,0.0049696215096185,0.0,0.0049696215096185,24197.416741817273
2003-08-08,True,-0.0244435877062419,0.0,-0.0244435877062419,23605.945063424177
2003-08-11,True,0.0393435342870293,0.0,0.0393435342870293,24534.68637240474
2003-08-12,True,0.0430023476521543,0.0,0.0430023476521543,25589.735485327463
2003-08-13,True,-0.0008651659402835,0.0,-0.0008651659402835,25567.596117764693
2003-08-14,True,0.0278195756656664,0.0,0.0278195756656664,26278.87579255205
2003-08-15,True,0.0040786785906145,0.0,0.0040786785906145,26386.058880632547
2003-08-18,True,0.0745481098419157,0.0,0.0745481098419157,28353.089696361196
2003-08-19,True,0.0346768261866362,0.0,0.0346768261866362,29336.284859616015
2003-08-20,True,2.508435975302921e-05,0.0,2.508435975302921e-05,29337.02074153925
2003-08-21,True,0.0343703256968624,0.0,0.0343703256968624,30345.343699401565
2003-08-22,True,-0.0231388058718507,0.0,-0.0231388058718507,29643.188682426524
2003-08-25,True,0.0047597219368036,0.0,0.0047597219368036,29784.282017875077
2003-08-26,True,0.0054642067999357,0.0,0.0054642067999357,29947.029494208356
2003-08-27,True,0.0225735992403399,0.0,0.0225735992403399,30623.041736449257
2003-08-28,True,0.030410605864313,0.0,0.030410605864313,31554.30698906282
2003-08-29,True,0.0199044585596788,0.0,0.0199044585596788,32182.378384906002
2003-09-02,True,0.0444219828997872,0.0,0.0444219828997872,33611.983447194776
2003-09-03,True,-0.0020514560744561,0.0,-0.0020514560744561,33543.02993957751
2003-09-04,True,0.0287593091090191,0.0,0.0287593091090191,34507.7043060629
2003-09-05,True,-0.0248841624950091,0.0,-0.0248841624950091,33649.0089847811
2003-09-08,True,0.0546278500293496,0.0,0.0546278500293496,35487.18200123796
2003-09-09,True,-0.0350487423602571,0.0,-0.0350487423602571,34243.400902185014
2003-09-10,True,-0.0838579634242031,0.0,-0.0838579634242031,31371.81904180926
2003-09-11,True,0.0416356528702771,0.0,0.0416356528702771,32678.005209343177
2003-09-12,True,0.0151013551995945,0.0,0.0151013551995945,33171.48737322366
2003-09-15,True,-0.0218552718116801,0.0,-0.0218552718116801,32446.515500284142
2003-09-16,True,0.0779513503646969,0.0,0.0779513503646969,34975.76519816036
2003-09-17,True,-0.013127019261453,0.0,-0.013127019261453,34516.63765472005
2003-09-18,True,0.0507678371140155,0.0,0.0507678371140155,36268.97269289837
2003-09-19,True,-0.0169296824321932,0.0,-0.0169296824321932,35654.95050306572
2003-09-22,True,-0.0559618417539795,0.0,-0.0559618417539795,33659.633805267185
2003-09-23,True,0.0478655957445252,0.0,0.0478655957445252,35270.77222989885
2003-09-24,True,-0.1049043658067475,0.0,-0.1049043658067475,31570.714237607073
2003-09-25,True,-0.0311720146623319,0.0,-0.0311720146623319,30586.591470492094
2003-09-26,True,-0.0372680620252752,0.0,-0.0372680620252752,29446.688482428042
2003-09-29,True,0.059964169622983,0.0,0.059964169622983,31212.434705423493
2003-09-30,True,-0.0715229524890674,0.0,-0.0715229524890674,28980.029220919372
2003-10-01,True,0.0727412247589895,0.0,0.0727412247589895,31088.072040000356
2003-10-02,True,0.0038874605905998,0.0,0.0038874605905998,31208.925694893587
2003-10-03,True,0.0856860737127415,0.0,0.0856860737127415,33883.09600248172
2003-10-06,True,0.0138501617782839,0.0,0.0138501617782839,34352.38236366521
2003-10-07,True,0.0235139966381803,0.0,0.0235139966381803,35160.14416707792
2003-10-08,True,-0.0219533422578559,0.0,-0.0219533422578559,34388.2614883425
2003-10-09,True,0.0315098380936121,0.0,0.0315098380936121,35471.83004016097
2003-10-10,True,0.0169426920416644,0.0,0.0169426920416644,36072.81833268568
2003-10-13,True,0.0209680369194285,0.0,0.0209680369194285,36829.19451927327
2003-10-14,True,0.0125300188139503,0.0,0.0125300188139503,37290.6650195024
2003-10-15,True,-0.0065492946607858,0.0,-0.0065492946607858,37046.43746619302
2003-10-16,True,0.0192341038641683,0.0,0.0192341038641683,37758.99249221519
2003-10-17,True,-0.0688046931761929,0.0,-0.0688046931761929,35160.99659914616
2003-10-20,True,0.0328379469130132,0.0,0.0328379469130132,36315.61153887756
2003-10-21,True,0.0272235867824799,0.0,0.0272235867824799,37304.252741165015
2003-10-22,True,-0.0733306384865797,0.0,-0.0733306384865797,34568.70806939065
2003-10-23,True,-0.020155353897129,0.0,-0.020155353897129,33871.96352448554
2003-10-24,True,-0.0163936815543587,0.0,-0.0163936815543587,33316.67734084427
2003-10-27,True,0.0148159304197333,0.0,0.0148159304197333,33810.29491414291
2003-10-28,True,0.0927372418268265,0.0,0.0927372418268265,36945.768409832104
2003-10-29,True,-0.0002785485684295,0.0,-0.0002785485684295,36935.47721893202
2003-10-30,True,-0.0054339174056044,0.0,-0.0054339174056044,36734.77288638776
2003-10-31,True,-0.0021627303274889,0.0,-0.0021627303274889,36655.32547899295
2003-11-03,True,0.056569586425324,0.0,0.056569586425324,38728.90208162522
2003-11-04,True,-0.0286506764440469,0.0,-0.0286506764440469,37619.292839051406
2003-11-05,True,0.0003105633813612,0.0,0.0003105633813612,37630.976013839914
2003-11-06,True,0.0220091713002298,0.0,0.0220091713002298,38459.20261112335
2003-11-07,True,-0.0070460638294197,0.0,-0.0070460638294197,38188.216614696794
2003-11-10,True,-0.0462350063475393,0.0,-0.0462350063475393,36422.58417711507
2003-11-11,True,-0.0106287966866524,0.0,-0.0106287966866524,36035.45593509403
2003-11-12,True,0.0720365523707073,0.0,0.0720365523707073,38631.32594376476
2003-11-13,True,-0.0076522852723817,0.0,-0.0076522852723817,38335.70801719271
2003-11-14,True,-0.0674896962142285,0.0,-0.0674896962142285,35748.44272895501
2003-11-17,True,-0.0293957445613669,0.0,-0.0293957445613669,34697.59063802799
2003-11-18,True,-0.0625965886024975,0.0,-0.0625965886024975,32525.63983136148
2003-11-19,True,0.0311488408528097,0.0,0.0311488408528097,33538.775810104366
2003-11-20,True,-0.0335937710326879,0.0,-0.0335937710326879,32412.08185482307
2003-11-21,True,0.021561614298408,0.0,0.021561614298408,33110.9386623852
2003-11-24,True,0.1003974813549867,0.0,0.1003974813549867,36435.19350938812
2003-11-25,True,-0.0168710671240643,0.0,-0.0168710671240643,35820.49291401297
2003-11-26,True,0.0185324713235363,0.0,0.0185324713235363,36484.33517173684
2003-11-28,True,0.0086795842671705,0.0,0.0086795842671705,36801.004033291625
2003-12-01,True,0.0480214019864654,0.0,0.0480214019864654,38568.23984147985
2003-12-02,True,-0.0315574926602147,0.0,-0.0315574926602147,37351.12289576495
2003-12-03,True,-0.0254596121493985,0.0,-0.0254596121493985,36400.17779349426
2003-12-04,True,0.0265788813673148,0.0,0.0265788813673148,37367.65380081671
2003-12-05,True,-0.0534106069603293,0.0,-0.0534106069603293,35371.82473063164
2003-12-08,True,0.0236879672112664,0.0,0.0236879672112664,36209.7113550535
2003-12-09,True,-0.0728211160265252,0.0,-0.0728211160265252,33572.879763180164
2003-12-10,True,0.0114248550698554,0.0,0.0114248550698554,33956.44504875218
2003-12-11,True,0.0604117445036367,0.0,0.0604117445036367,36007.81313128918
2003-12-12,True,0.0005909355252789,0.0,0.0005909355252789,36029.091427256055
2003-12-15,True,-0.0433527622114226,0.0,-0.0433527622114226,34467.130793916614
2003-12-16,True,0.0138090273633244,0.0,0.0138090273633244,34943.08834618509
2003-12-17,True,-0.0070773662449135,0.0,-0.0070773662449135,34695.78331223077
2003-12-18,True,0.0670281843778027,0.0,0.0670281843778027,37021.378673215266
2003-12-19,True,-0.0108378136211408,0.0,-0.0108378136211408,36620.147871157285
2003-12-22,True,0.0115882539355254,0.0,0.0115882539355254,37044.51144384475
2003-12-23,True,0.0344252390713049,0.0,0.0344252390713049,38319.7776065788
2003-12-24,True,-0.010381841254958,0.0,-0.010381841254958,37921.947758542
2003-12-26,True,0.0013287660067157,0.0,0.0013287660067157,37972.337153632
2003-12-29,True,0.0550163776684158,0.0,0.0550163776684158,40061.43759542864
2003-12-30,True,-0.000801089722594,0.0,-0.000801089722594,40029.3447894986
2003-12-31,True,-0.0043321803875362,0.0,-0.0043321803875362,39855.93044707561
2004-01-02,True,-0.0089565777166799,0.0,-0.0089565777166799,39498.95770855578
2004-01-05,True,0.0675978156754344,0.0,0.0675978156754344,42169.00097111052
2004-01-06,True,0.0093159742746878,0.0,0.0093159742746878,42561.84629934667
2004-01-07,True,0.0259126549248549,0.0,0.0259126549248549,43664.73673546636
2004-01-08,True,0.0324068990616356,0.0,0.0324068990616356,45079.775451405505
2004-01-09,True,-0.0200361048618751,0.0,-0.0200361048618751,44176.552343311356
2004-01-12,True,0.0380356300140894,0.0,0.0380356300140894,45856.8353435396
2004-01-13,True,-0.0292704395115158,0.0,-0.0292704395115158,44514.58561842699
2004-01-14,True,0.0182331413167294,0.0,0.0182331413167294,45326.22634866341
2004-01-15,True,-0.0041123597329251,0.0,-0.0041123597329251,45139.82860058171
2004-01-16,True,0.0422521288780613,0.0,0.0422521288780613,47047.08245614709
2004-01-20,True,-0.0015130289116968,0.0,-0.0015130289116968,46975.89886017995
2004-01-21,True,-0.0121778912754273,0.0,-0.0121778912754273,46403.83147129521
2004-01-22,True,-0.0314492772527902,0.0,-0.0314492772527902,44944.46450976269
2004-01-23,True,0.0014832709635322,0.0,0.0014832709635322,45011.129328941526
2004-01-26,True,0.0439198063016844,0.0,0.0439198063016844,46988.0094104887
2004-01-27,True,-0.0665473525043374,0.0,-0.0665473525043374,43861.081784771784
2004-01-28,True,-0.0546864532935866,0.0,-0.0546864532935866,41462.47478434268
2004-01-29,True,0.0096481429063328,0.0,0.0096481429063328,41862.51066631224
2004-01-30,True,-0.0067219969704769,0.0,-0.0067219969704769,41581.11099643673
2004-02-02,True,-0.010595163105668,0.0,-0.010595163105668,41140.55234331459
2004-02-03,True,0.0080189561033505,0.0,0.0080189561033505,41470.45662662323
2004-02-04,True,-0.0588660690897999,0.0,-0.0588660690897999,39029.25386165488
2004-02-05,True,0.0048972088046829,0.0,0.0048972088046829,39220.38826730638
2004-02-06,True,0.0693929189596174,0.0,0.0693929189596174,41942.005491904296
2004-02-09,True,-0.0161577088832345,0.0,-0.0161577088832345,41264.31877718709
2004-02-10,True,0.0188074150646952,0.0,0.0188074150646952,42040.39394779154
2004-02-11,True,0.0277084106565759,0.0,0.0277084106565759,43205.266447461174
2004-02-12,True,-0.0255059331973048,0.0,-0.0255059331973048,42103.27580768048
2004-02-13,True,-0.033775762538851,0.0,-0.033775762538851,40681.205561892515
2004-02-17,True,0.0445953832435769,0.0,0.0445953832435769,42495.399514735844
2004-02-18,True,0.00176545291175,0.0,0.00176545291175,42570.42314154511
2004-02-19,True,-0.0452210226817773,0.0,-0.0452210226817773,40645.345071088435
2004-02-20,True,-0.005522038583223,0.0,-0.005522038583223,40420.899907377476
2004-02-23,True,-0.0372108918663484,0.0,-0.0372108918663484,38916.80217178356
2004-02-24,True,-0.0035517994385984,0.0,-0.0035517994385984,38778.577495677775
2004-02-25,True,0.0166966361684665,0.0,0.0166966361684665,39426.04929525378
2004-02-26,True,0.0140326651280852,0.0,0.0140326651280852,39979.30184233746
2004-02-27,True,-0.0137763522838452,0.0,-0.0137763522838452,39428.53289609523
2004-03-01,True,0.038922192980115,0.0,0.038922192980115,40963.17786239986
2004-03-02,True,-0.0328373432331174,0.0,-0.0328373432331174,39618.055931013005
2004-03-03,True,-0.0145869246183619,0.0,-0.0145869246183619,39040.15033562127
2004-03-04,True,0.0311790815911051,0.0,0.0311790815911051,40257.38636826461
2004-03-05,True,-0.0170172408378534,0.0,-0.0170172408378534,39572.316728933336
2004-03-08,True,-0.0649761169677739,0.0,-0.0649761169677739,37001.061248468366
2004-03-09,True,-0.0076656432796747,0.0,-0.0076656432796747,36717.424311968214
2004-03-10,True,-0.0417446667545484,0.0,-0.0417446667545484,35184.66766997975
2004-03-11,True,-0.0324487536970725,0.0,-0.0324487536970725,34042.96905484323
2004-03-12,True,0.0624060796687539,0.0,0.0624060796687539,36167.45729384071
2004-03-15,True,-0.0661495531227861,0.0,-0.0661495531227861,33774.99615626569
2004-03-16,True,0.015362564107546,0.0,0.015362564107546,34293.86669994845
2004-03-17,True,0.0464561050928395,0.0,0.0464561050928395,35887.026175401086
2004-03-18,True,-0.0234130313236817,0.0,-0.0234130313236817,35046.80210744263
2004-03-19,True,-0.0406727664965727,0.0,-0.0406727664965727,33621.35170887502
2004-03-22,True,-0.0369399626946323,0.0,-0.0369399626946323,32379.380231006067
2004-03-23,True,-0.0247160051224532,0.0,-0.0247160051224532,31579.091303354664
2004-03-24,True,0.0258160894873413,0.0,0.0258160894873413,32394.33995037099
2004-03-25,True,0.0954568153553129,0.0,0.0954568153553129,35486.60047757079
2004-03-26,True,-0.0220957223314574,0.0,-0.0220957223314574,34702.49840693102
2004-03-29,True,0.0569912356164165,0.0,0.0569912356164165,36680.23667011874
2004-03-30,True,0.0060477325729285,0.0,0.0060477325729285,36902.06893221135
2004-03-31,True,-0.0142651377132656,0.0,-0.0142651377132656,36375.65583698893
2004-04-01,True,0.0308218911948985,0.0,0.0308218911948985,37496.82234333968
2004-04-02,True,0.0764804434449905,0.0,0.0764804434449905,40364.59594393633
2004-04-05,True,0.0363085065453525,0.0,0.0363085065453525,41830.174139967254
2004-04-06,True,-0.0294825478969399,0.0,-0.0294825478969399,40596.914027348335
2004-04-07,True,-0.0234068586915537,0.0,-0.0234068586915537,39646.667797397036
2004-04-08,True,0.0071202796683249,0.0,0.0071202796683249,39928.96316003168
2004-04-12,True,0.0209767560694444,0.0,0.0209767560694444,40766.5432803455
2004-04-13,True,-0.0462921318549609,0.0,-0.0462921318549609,38879.37308354077
2004-04-14,True,0.0055954623445823,0.0,0.0055954623445823,39096.92115161069
2004-04-15,True,-0.033021886726652,0.0,-0.033021886726652,37805.86704998136
2004-04-16,True,-0.0214237511572994,0.0,-0.0214237511572994,36995.923562016615
2004-04-19,True,0.0504894134506156,0.0,0.0504894134506156,38863.82604272664
2004-04-20,True,-0.0745443584117981,0.0,-0.0745443584117981,35966.747064943855
2004-04-21,True,0.0293907985841924,0.0,0.0293907985841924,37023.83848365821
2004-04-22,True,0.0712412316705889,0.0,0.0712412316705889,39661.462338406964
2004-04-23,True,0.0231766580437145,0.0,0.0231766580437145,40580.68248853788
2004-04-26,True,-0.0330942150242543,0.0,-0.0330942150242543,39237.69665643122
2004-04-27,True,-0.0022160585944942,0.0,-0.0022160585944942,39150.743621527574
2004-04-28,True,-0.0536813743531619,0.0,-0.0536813743531619,37049.07789697569
2004-04-29,True,-0.0448087773242691,0.0,-0.0448087773242691,35388.954015420604
2004-04-30,True,-0.062945324657779,0.0,-0.062945324657779,33161.384815620746
2004-05-03,True,0.0297523609472683,0.0,0.0297523609472683,34148.014306166355
2004-05-04,True,0.0143875015650756,0.0,0.0143875015650756,34639.31891544055
2004-05-05,True,0.013242907441009,0.0,0.013242907441009,35098.04420965732
2004-05-06,True,-0.0269937821221661,0.0,-0.0269937821221661,34150.61525134767
2004-05-07,True,-0.0200134693537247,0.0,-0.0200134693537247,33467.14295960398
2004-05-10,True,-0.019464440314754,0.0,-0.019464440314754,32815.72375296143
2004-05-11,True,0.0531611814038147,0.0,0.0531611814038147,34560.24639629008
2004-05-12,True,-0.014966025678954,0.0,-0.014966025678954,34043.016861252225
2004-05-13,True,0.0047233306731358,0.0,0.0047233306731358,34203.81328699906
2004-05-14,True,-0.0365657321292183,0.0,-0.0365657321292183,32953.12581254885
2004-05-17,True,-0.0428254370365906,0.0,-0.0428254370365906,31541.893797904697
2004-05-18,True,0.0381277050989209,0.0,0.0381277050989209,32744.513822892684
2004-05-19,True,-0.0024960580664982,0.0,-0.0024960580664982,32662.78161503149
2004-05-20,True,0.001068881405179,0.0,0.001068881405179,32697.69425494122
2004-05-21,True,0.0241987754781016,0.0,0.0241987754781016,33488.93841686816
2004-05-24,True,0.0122849836779116,0.0,0.0122849836779116,33900.34947870997
2004-05-25,True,0.0715355730053689,0.0,0.0715355730053689,36325.43040375174
2004-05-26,True,0.0126725429009515,0.0,0.0126725429009515,36785.76597893882
2004-05-27,True,0.0189953737652933,0.0,0.0189953737652933,37484.52535295137
2004-05-28,True,0.0063051124720443,0.0,0.0063051124720443,37720.86950126293
2004-06-01,True,0.0046720930468922,0.0,0.0046720930468922,37897.104913382514
2004-06-02,True,-0.0089001781093234,0.0,-0.0089001781093234,37559.813929825694
2004-06-03,True,-0.0390240329279259,0.0,-0.0390240329279259,36094.078514261404
2004-06-04,True,0.0203291048062545,0.0,0.0203291048062545,36827.83881926301
2004-06-07,True,0.0749924336321204,0.0,0.0749924336321204,39589.64807773101
2004-06-08,True,0.0090132913021954,0.0,0.0090132913021954,39946.48110840701
2004-06-09,True,-0.0531611292562884,0.0,-0.0531611292562884,37822.8810628691
2004-06-10,True,0.023948961978166,0.0,0.023948961978166,38728.69980334845
2004-06-14,True,-0.0459159479126798,0.0,-0.0459159479126798,36950.434840452086
2004-06-15,True,0.0422047251592572,0.0,0.0422047251592572,38509.91778740841
2004-06-16,True,0.0015226376461356,0.0,0.0015226376461356,38568.55443798111
2004-06-17,True,-0.0324304251071019,0.0,-0.0324304251071019,37317.75982179098
2004-06-18,True,0.0011911591496569,0.0,0.0011911591496569,37362.21121284741
2004-06-21,True,-0.023472089920226,0.0,-0.023472089920226,36485.242031640984
2004-06-22,True,0.0445925479366288,0.0,0.0445925479366288,38112.211935916435
2004-06-23,True,0.0378563000589408,0.0,0.0378563000589408,39554.99926687243
2004-06-24,True,-0.0105444276936153,0.0,-0.0105444276936153,39137.914437181884
2004-06-25,True,0.0202180599986138,0.0,0.0202180599986138,39929.20713949343
2004-06-28,True,-0.0107141579783389,0.0,-0.0107141579783389,39501.399306251085
2004-06-29,True,0.0251943779039764,0.0,0.0251943779039764,40496.61248810865
2004-06-30,True,0.0218167531157316,0.0,0.0218167531157316,41380.117084785175
2004-07-01,True,-0.0536228905067311,0.0,-0.0536228905067311,39161.195597192025
2004-07-02,True,-0.0169570233549332,0.0,-0.0169570233549332,38497.13828884333
2004-07-06,True,-0.0719422108348757,0.0,-0.0719422108348757,35727.569049528
2004-07-07,True,0.0139896137967191,0.0,0.0139896137967191,36227.38394242651
2004-07-08,True,-0.0441958850374755,0.0,-0.0441958850374755,34626.28264649854
2004-07-09,True,0.0185147542547701,0.0,0.0185147542547701,35267.37976045466
2004-07-12,True,-0.0165186393892611,0.0,-0.0165186393892611,34684.81063198759
2004-07-13,True,-0.0072661679992115,0.0,-0.0072661679992115,34432.78497091473
2004-07-14,True,-0.0266021025329437,0.0,-0.0266021025329437,33516.80049462365
2004-07-15,True,-0.0003568956671405,0.0,-0.0003568956671405,33504.83849375071
2004-07-16,True,-0.0504021093506951,0.0,-0.0504021093506951,31816.123960211302
2004-07-19,True,0.0098310582637597,0.0,0.0098310582637597,32128.910128591146
2004-07-20,True,0.0521098507830628,0.0,0.0521098507830628,33803.14284121447
2004-07-21,True,-0.0729139172401306,0.0,-0.0729139172401306,31338.42328163384
2004-07-22,True,0.0473875982724525,0.0,0.0473875982724525,32823.47589459598
2004-07-23,True,-0.0704335588356773,0.0,-0.0704335588356773,30511.601673982517
2004-07-26,True,-0.0155268823733268,0.0,-0.0155268823733268,30037.85162376879
2004-07-27,True,0.0505575740379133,0.0,0.0505575740379133,31556.492531177337
2004-07-28,True,-0.0167940462061404,0.0,-0.0167940462061404,31026.53133750502
2004-07-29,True,0.0320017308329698,0.0,0.0320017308329698,32019.43404204856
2004-07-30,True,0.0038617756996357,0.0,0.0038617756996357,32143.085914348234
2004-08-02,True,0.012637992765709,0.0,0.012637992765709,32549.310001601327
2004-08-03,True,-0.0580880937462306,0.0,-0.0580880937462306,30658.58263085319
2004-08-04,True,6.560624664897886e-05,0.0,6.560624664897886e-05,30660.59402538718
2004-08-05,True,-0.0561400552516976,0.0,-0.0561400552516976,28939.306582752073
2004-08-06,True,-0.0846246337571383,0.0,-0.0846246337571383,26490.328362001135
2004-08-09,False,-0.002456672302716332,0.0005005235073689342,-0.0029571958100852664,26411.991273961245
2004-08-10,False,-0.0037139887764270334,1.006406319035577e-06,-0.003714995182746069,26313.870853611745
2004-08-11,False,-0.0042876374933316155,1.6521989273202835e-06,-0.004289289692258936,26201.003038595918
2004-08-12,False,0.0012300586053790416,1.3815362871029412e-07,0.0012299204517503314,26233.22818808946
2004-08-13,False,0.007554483519960409,9.719104650819239e-07,0.007553511609495327,26431.381181762736
2004-08-16,False,-0.0013638859327312891,2.2861452823004643e-06,-0.0013661720780135896,26395.271366808876
2004-08-17,False,-0.002108103259563588,9.990889727928693e-07,-0.002109102348536381,26339.601037978886
2004-08-18,False,-0.0013539142917665366,7.804042184636484e-07,-0.0013546946959850004,26303.918920158376
2004-08-19,False,0.004893205931577187,8.548376408781533e-07,0.004892351093936309,26432.606926662225
2004-08-20,False,-0.0024348141401560066,2.3281997102161946e-06,-0.0024371423398662226,26368.186901168214
2004-08-23,False,-0.008017358706008277,2.266948488196502e-06,-0.008019625654496473,26156.723913033053
2004-08-24,False,-0.007280576083006712,1.222328603564471e-06,-0.007281798411610277,25966.2559223902
2004-08-25,False,-0.0022379612935774,8.104869561739587e-07,-0.002238771780533574,25908.12340138504
2004-08-26,False,-0.0012145389677379796,7.18449423531567e-07,-0.0012152574171615113,25876.63836225677
2004-08-27,False,-0.001322953655151668,1.7231055422943508e-07,-0.0013231259657058973,25842.400310134486
2004-08-30,False,-0.002445118439836846,1.257220980897214e-06,-0.002446375660817743,25779.180090998663
2004-08-31,False,0.005162803334569421,2.2099294597649477e-07,0.005162582341623445,25912.267230917987
2004-09-01,False,0.004608769686989465,1.3688961252019682e-06,0.004607400790864263,26031.655431450803
2004-09-02,False,-8.814743013912044e-05,1.0464501469143878e-06,-8.919388028603483e-05,26029.333567092603
2004-09-03,False,-0.005777081094625841,1.0775106035538912e-06,-0.005778158605229395,25878.931949353522
2004-09-07,False,-0.0005657722147904418,1.1761856341541283e-06,-0.0005669484004245959,25864.25993028014
2004-09-08,False,0.0036279748183737325,1.3559561387065239e-06,0.003626618862235026,25958.059743201036
2004-09-09,False,0.006009734512119007,1.2873599751065529e-06,0.006008447152143901,26114.027373340257
2004-09-10,False,0.003354137459407844,5.442554055296172e-07,0.0033535932040023144,26201.60319806862
2004-09-13,False,0.001832610550629342,1.3154874653535654e-06,0.0018312950631639883,26249.586064652227
2004-09-14,False,0.009911782612185636,1.3452333592592902e-06,0.009910437378826378,26509.730943566075
2004-09-15,False,-0.002309072916042593,1.4549046207841532e-07,-0.0023092184065046715,26448.514184919706
2004-09-16,False,0.00593653524459143,1.6706595300528954e-06,0.005934864585061378,26605.48253508328
2004-09-17,False,0.004588657506926354,1.1975479303215491e-06,0.004587459958996032,26727.534120902747
2004-09-20,False,0.0035094647342212605,1.1586186534259108e-06,0.0035083061155678345,26821.30249231316
2004-09-21,False,0.007514095863645705,1.2430092201678872e-06,0.007512852854425537,27022.806991301943
2004-09-22,False,0.00415468591852393,2.371034775452127e-06,0.004152314883748478,27135.014194972588
2004-09-23,False,0.006506024482184309,1.4323370454642493e-06,0.0065045921451388445,27311.516395163435
2004-09-24,False,3.2950947285473785e-05,1.6377875421347972e-06,3.131315974333899e-05,27312.37160503915
2004-09-27,False,0.006875655372900012,1.4408175396587314e-06,0.006874214555360353,27500.122707467923
2004-09-28,False,0.0032527962654739263,6.85755941170374e-07,0.003252110509532756,27589.556145538318
2004-09-29,False,-0.0016808185897432982,7.848339604876464e-07,-0.0016816034237037859,27543.161453465513
2004-09-30,False,0.00656429656882001,7.725460173590021e-07,0.006563524022802651,27723.94165532926
2004-10-01,False,0.0006224506578971165,8.754492522704272e-07,0.0006215752086448462,27741.174170148133
2004-10-04,False,-0.0057725098516281485,1.2601892454476295e-06,-0.005773770040873596,27581.003009825876
2004-10-05,False,0.004210193299632917,8.450893894927231e-07,0.004209348210243424,27697.101055482006
2004-10-06,False,0.0022197342255482998,8.492144477250524e-07,0.0022188850111005748,27758.557737864954
2004-10-07,False,-0.00026597648038308505,2.0104955451674678e-07,-0.0002661775299376018,27751.16903353166
2004-10-08,False,0.010461446117599957,9.91057749817517e-07,0.01046045505985014,28041.458890065223
2004-10-11,False,0.0008185250734687702,2.950043526291496e-07,0.0008182300691161411,28064.40325491096
2004-10-12,False,-0.004901511033209418,1.96187897159035e-06,-0.004903472912181008,27926.790213753982
2004-10-13,False,-0.003442762406503272,8.695742527080192e-07,-0.00344363198075598,27830.620625854033
2004-10-14,False,0.007858734472665404,8.642257219139971e-07,0.00785787024694349,28049.310031623903
2004-10-15,False,0.0036006152406029856,1.4185156977339491e-06,0.0035991967249052515,28150.265016425576
2004-10-18,False,-0.002962705662030053,4.952515616107322e-07,-0.0029632009135916637,28066.850125411056
2004-10-19,False,-0.0005564553799461684,2.824145877923928e-07,-0.0005567377945339607,28051.22424917272
2004-10-20,False,0.01055254545625014,1.378363843511074e-06,0.01055116709240663,28347.197403372305
2004-10-21,False,0.0011647715387988007,9.68077154816227e-07,0.0011638034616439845,28380.187969838255
2004-10-22,False,0.002862667318222706,6.90910932150915e-07,0.002861976407290555,28461.411398242402
2004-10-25,False,0.005172571462525556,1.6299421082813792e-06,0.0051709415204172745,28608.58369217125
2004-10-26,False,-0.0005149203430038675,6.17804844116221e-07,-0.0005155381478479837,28593.834875922035
2004-10-27,False,-0.008145170787906589,2.1483031648642513e-06,-0.008147319091071453,28360.87177915049
2004-10-28,False,-0.006311438880360634,1.2059341735269487e-06,-0.0063126448145341615,28181.839668978166
2004-10-29,False,0.008449960911392704,1.2064784853925286e-06,0.008448754432907312,28419.941111808927
2004-11-01,False,-0.0016112812609442601,1.5608408839294653e-06,-0.0016128421018281895,28374.104234252325
2004-11-02,False,-0.006013169363127434,1.1556682724523509e-06,-0.006014325031399886,28203.45314891271
2004-11-03,False,0.005556870548316762,1.9728918042517946e-06,0.005554897656512511,28360.12044471517
2004-11-04,True,0.0244518843235645,0.0005,0.0239518843235645,29039.39876900934
2004-11-05,True,0.0177807818057296,0.0,0.0177807818057296,29555.74198229067
2004-11-08,True,0.003609908375727,0.0,0.003609908375727,29662.435502823366
2004-11-09,True,-0.0003633212628416,0.0,-0.0003633212628416,29651.658509297526
2004-11-10,True,-0.0196363027771423,0.0,-0.0196363027771423,29069.40956496453
2004-11-11,True,0.0486176799785106,0.0,0.0486176799785106,30482.696816358228
2004-11-12,True,0.0324082855993092,0.0,0.0324082855993092,31470.58876061992
2004-11-15,True,0.0047993278132306,0.0,0.0047993278132306,31621.626432557507
2004-11-16,True,-0.0239991197622929,0.0,-0.0239991197622929,30862.735232724073
2004-11-17,True,0.043654275948678,0.0,0.043654275948678,32210.025593104398
2004-11-18,True,0.0183931024892454,0.0,0.0183931024892454,32802.46789501958
2004-11-19,True,-0.0545763534084584,0.0,-0.0545763534084584,31012.22881451138
2004-11-22,True,0.0311420332077348,0.0,0.0311420332077348,31978.012674098765
2004-11-23,True,-0.0109774269152215,0.0,-0.0109774269152215,31626.976377074818
2004-11-24,True,0.0381901346862531,0.0,0.0381901346862531,32834.814864634245
2004-11-26,True,-0.0082451608703625,0.0,-0.0082451608703625,32564.08653392677
2004-11-29,True,0.0040303064587279,0.0,0.0040303064587279,32695.32978220703
2004-11-30,True,-0.0170832146516863,0.0,-0.0170832146516863,32136.78844542992
2004-12-01,True,0.0679430390056097,0.0,0.0679430390056097,34320.25951629279
2004-12-02,True,0.0110869449967081,0.0,0.0110869449967081,34700.76634582268
2004-12-03,True,0.0022120016952732,0.0,0.0022120016952732,34777.52449980692
2004-12-06,True,0.0095302484957621,0.0,0.0095302484957621,35108.96295035753
2004-12-07,True,-0.0561653345378219,0.0,-0.0561653345378219,33137.056300974706
2004-12-08,True,0.0236322733271905,0.0,0.0236322733271905,33920.16027273784
2004-12-09,True,0.0146436622342103,0.0,0.0146436622342103,34416.875642702085
2004-12-10,True,-0.0087425559588767,0.0,-0.0087425559588767,34115.98418146606
2004-12-13,True,0.0297898304101002,0.0,0.0297898304101002,35132.2935645056
2004-12-14,True,0.0115455403533462,0.0,0.0115455403533462,35537.91487756021
2004-12-15,True,-0.0071726431150083,0.0,-0.0071726431150083,35283.014097091924
2004-12-16,True,-0.0296941609602674,0.0,-0.0296941609602674,34235.31459732949
2004-12-17,True,-0.0206581985790205,0.0,-0.0206581985790205,33528.07466996262
2004-12-20,True,-0.008831504922832,0.0,-0.008831504922832,33231.97131346176
2004-12-21,True,0.0324700663479085,0.0,0.0324700663479085,34311.01562688166
2004-12-22,True,0.0079230752792824,0.0,0.0079230752792824,34582.86438660207
2004-12-23,True,0.0002600647796132,0.0,0.0002600647796132,34591.85817160717
2004-12-27,True,-0.011603180604159,0.0,-0.011603180604159,34190.48259380856
2004-12-28,True,0.0308639105582359,0.0,0.0308639105582359,35245.734590526794
2004-12-29,True,0.0012907896846286,0.0,0.0012907896846286,35291.2294211634
2004-12-30,True,-0.0023098876218428,0.0,-0.0023098876218428,35209.71064716384
2004-12-31,True,-0.0049906002036983,0.0,-0.0049906002036983,35033.993058035936
2005-01-03,True,-0.0327051833464209,0.0,-0.0327051833464209,33888.19989171564
2005-01-04,True,-0.0593870686942637,0.0,-0.0593870686942637,31875.67903682138
2005-01-05,True,-0.0155193190121917,0.0,-0.0155193190121917,31380.990205118716
2005-01-06,True,-0.0120873948231537,0.0,-0.0120873948231537,31001.67578656793
2005-01-07,True,0.0139249986802525,0.0,0.0139249986802525,31433.374080981506
2005-01-10,True,9.278068298059416e-05,0.0,9.278068298059416e-05,31436.290490897125
2005-01-11,True,-0.0222015873543133,0.0,-0.0222015873543133,30738.354941467904
2005-01-12,True,0.0237914996328767,0.0,0.0237914996328767,31469.666501773074
2005-01-13,True,-0.0395868158445011,0.0,-0.0395868158445011,30223.882609279517
2005-01-14,True,0.0308098598206812,0.0,0.0308098598206812,31155.076195708145
2005-01-18,True,0.0236716070520739,0.0,0.0236716070520739,31892.56691709037
2005-01-19,True,-0.0531978373758919,0.0,-0.0531978373758919,30195.95132873525
2005-01-20,True,-0.0604611944852802,0.0,-0.0604611944852802,28370.26804278053
2005-01-21,True,-0.0217482100267122,0.0,-0.0217482100267122,27753.26549487202
2005-01-24,True,-0.0459671428805206,0.0,-0.0459671428805206,26477.527174468214
2005-01-25,True,0.0199595383818765,0.0,0.0199595383818765,27006.006394364187
2005-01-26,True,0.0369935564278161,0.0,0.0369935564278161,28005.054615804063
2005-01-27,True,-0.0030234666822787,0.0,-0.0030234666822787,27920.382266237782
2005-01-28,True,-0.016220846919417,0.0,-0.016220846919417,27467.490019565535
2005-01-31,True,0.0402311003054795,0.0,0.0402311003054795,28572.537365682438
2005-02-01,True,0.0078324255113488,0.0,0.0078324255113488,28796.329636269376
2005-02-02,True,0.002711646482284,0.0,0.002711646482284,28874.415102230258
2005-02-03,True,-0.033287439002461,0.0,-0.033287439002461,27913.25977078303
2005-02-04,True,0.0520911094885064,0.0,0.0520911094885064,29367.292441684007
2005-02-07,True,-0.0107588572403642,0.0,-0.0107588572403642,29051.333934767903
2005-02-08,True,0.0070186869093962,0.0,0.0070186869093962,29255.236151956356
2005-02-09,True,-0.0507793249779362,0.0,-0.0507793249779362,27769.675008089893
2005-02-10,True,-8.390123010507204e-05,0.0,-8.390123010507204e-05,27767.345098197096
2005-02-11,True,0.0470204737755114,0.0,0.0470204737755114,29072.978820202447
2005-02-14,True,0.01496649645602,0.0,0.01496649645602,29508.099454680956
2005-02-15,True,0.0176021545070203,0.0,0.0176021545070203,30027.505580490775
2005-02-16,True,-0.0096067506141117,0.0,-0.0096067506141117,29739.038822815153
2005-02-17,True,-0.0450946311194556,0.0,-0.0450946311194556,28397.967837253138
2005-02-18,True,-0.0078083891087976,0.0,-0.0078083891087976,28176.225454480747
2005-02-22,True,-0.0423559444441515,0.0,-0.0423559444441515,26982.794814484874
2005-02-23,True,0.0059346967375697,0.0,0.0059346967375697,27142.92951884091
2005-02-24,True,0.0411901117538595,0.0,0.0411901117538595,28260.9498190491
2005-02-25,True,0.0180337988319417,0.0,0.0180337988319417,28770.60210288543
2005-02-28,True,-0.031333058352266,0.0,-0.031333058352266,27869.131148365894
2005-03-01,True,0.0320910119514261,0.0,0.0320910119514261,28763.47976912397
2005-03-02,True,-0.0040014956943201,0.0,-0.0040014956943201,28648.382828674155
2005-03-03,True,-0.0264687541364317,0.0,-0.0264687541364317,27890.095827175606
2005-03-04,True,0.0171106238193794,0.0,0.0171106238193794,28367.312765160856
2005-03-07,True,0.0484409846676441,0.0,0.0484409846676441,29741.453327880277
2005-03-08,True,-0.032263836951789,0.0,-0.032263836951789,28781.879927000304
2005-03-09,True,-0.0132226451043231,0.0,-0.0132226451043231,28401.307343290337
2005-03-10,True,0.0045985126987991,0.0,0.0045985126987991,28531.911115770952
2005-03-11,True,-0.0370131262143122,0.0,-0.0370131262143122,27475.855888507387
2005-03-14,True,0.0186950771856507,0.0,0.0186950771856507,27989.519135084844
2005-03-15,True,-0.0259346543784316,0.0,-0.0259346543784316,27263.62063009792
2005-03-16,True,-0.0317507622397684,0.0,-0.0317507622397684,26397.97989367644
2005-03-17,True,0.0026923263827691,0.0,0.0026923263827691,26469.051871395994
2005-03-18,True,-0.0066480670367031,0.0,-0.0066480670367031,26293.08384015698
2005-03-21,True,-3.493691944189936e-05,0.0,-3.493691944189936e-05,26292.16524080498
2005-03-22,True,-0.0392628634082051,0.0,-0.0392628634082051,25259.8595482493
2005-03-23,True,0.0135433359700239,0.0,0.0135433359700239,25601.962312666856
2005-03-24,True,-0.0038658389738614,0.0,-0.0038658389738614,25502.98924895122
2005-03-28,True,0.0055178546907781,0.0,0.0055178546907781,25643.71103780741
2005-03-29,True,-0.0171856678441304,0.0,-0.0171856678441304,25203.006737620788
2005-03-30,True,0.0559994406988926,0.0,0.0559994406988926,26614.361018857977
2005-03-31,True,-0.0186555810969131,0.0,-0.0186555810969131,26117.854648528148
2005-04-01,True,-0.0268047595670834,0.0,-0.0268047595670834,25417.771834266317
2005-04-04,True,0.0149134327099537,0.0,0.0149134327099537,25796.838064153606
2005-04-05,True,0.0141480459440261,0.0,0.0141480459440261,26161.812914295853
2005-04-06,True,-0.0063599530561587,0.0,-0.0063599530561587,25995.425012296928
2005-04-07,True,0.0384440211248728,0.0,0.0384440211248728,26994.793680619718
2005-04-08,True,-0.0283590934381263,0.0,-0.0283590934381263,26229.245804288083
2005-04-11,True,-0.0143691020953101,0.0,-0.0143691020953101,25852.355093443286
2005-04-12,True,0.0213952400829349,0.0,0.0213952400829349,26405.47243737679
2005-04-13,True,-0.0554929683166552,0.0,-0.0554929683166552,24940.154392023127
2005-04-14,True,-0.0423108956837841,0.0,-0.0423108956837841,23884.91412120477
2005-04-15,True,-0.0678722569226816,0.0,-0.0678722569226816,22263.79109339417
2005-04-18,True,0.0028227863788435,0.0,0.0028227863788435,22326.63701963402
2005-04-19,True,0.0228837343463089,0.0,0.0228837343463089,22837.553850037788
2005-04-20,True,-0.0295919548609915,0.0,-0.0295919548609915,22161.745987372007
2005-04-21,True,0.0862689161467419,0.0,0.0862689161467419,24073.615793621997
2005-04-22,True,-0.0543612968074704,0.0,-0.0543612968074704,22764.942820235905
2005-04-25,True,0.0338465929486882,0.0,0.0338465929486882,23535.45857337259
2005-04-26,True,-0.0353705062207957,0.0,-0.0353705062207957,22702.997489493835
2005-04-27,True,0.006895698801436,0.0,0.006895698801436,22859.550522071142
2005-04-28,True,-0.0306265545265291,0.0,-0.0306265545265291,22159.441251554985
2005-04-29,True,0.0243427593370665,0.0,0.0243427593370665,22698.86319698545
2005-05-02,True,0.0060266793284344,0.0,0.0060266793284344,22835.661966593685
2005-05-03,True,0.00808000284404,0.0,0.00808000284404,23020.174180229296
2005-05-04,True,0.0515371404191846,0.0,0.0515371404191846,24206.568129429867
2005-05-05,True,-0.0043485142102323,0.0,-0.0043485142102323,24101.305523938085
2005-05-06,True,0.0119447897674324,0.0,0.0119447897674324,24389.19055154218
2005-05-09,True,0.0150680394533438,0.0,0.0150680394533438,24756.687837007936
2005-05-10,True,-0.026829323759704,0.0,-0.026829323759704,24092.482643810923
2005-05-11,True,0.018872640362623,0.0,0.018872640362623,24547.1714041903
2005-05-12,True,-0.0099207844229181,0.0,-0.0099207844229181,24303.64420849691
2005-05-13,True,0.0325293220083613,0.0,0.0325293220083613,25094.225276931753
2005-05-16,True,0.0203642276480425,0.0,0.0203642276480425,25605.24979312245
2005-05-17,True,0.019029862243099,0.0,0.019029862243099,26092.51416938571
2005-05-18,True,0.0383568150118704,0.0,0.0383568150118704,27093.339908575446
2005-05-19,True,0.0240541854318589,0.0,0.0240541854318589,27745.048130704705
2005-05-20,True,0.0129355842210324,0.0,0.0129355842210324,28103.946537516033
2005-05-23,True,0.0139166772494224,0.0,0.0139166772494224,28495.060090913663
2005-05-24,True,0.0101200142197523,0.0,0.0101200142197523,28783.43050422641
2005-05-25,True,-0.0152517546258306,0.0,-0.0152517546258306,28344.4326848863
2005-05-26,True,0.031354308367419,0.0,0.031354308367419,29233.152767787775
2005-05-27,True,0.0017967941067555,0.0,0.0017967941067555,29285.67872440282
2005-05-31,True,-0.0140202090663349,0.0,-0.0140202090663349,28875.087386037176
2005-06-01,True,0.0326674088838491,0.0,0.0326674088838491,29818.361672233725
2005-06-02,True,0.0180578759820954,0.0,0.0180578759820954,30356.817949300184
2005-06-03,True,-0.0469496796373209,0.0,-0.0469496796373209,28931.575071772066
2005-06-06,True,0.001392571355578,0.0,0.001392571355578,28971.86435448877
2005-06-07,True,-0.0276129760476209,0.0,-0.0276129760476209,28171.864958013353
2005-06-08,True,-0.006882050865167,0.0,-0.006882050865167,27977.98475040569
2005-06-09,True,0.0229920196683185,0.0,0.0229920196683185,28621.25512606693
2005-06-10,True,-0.0360762042516188,0.0,-0.0360762042516188,27588.708880201248
2005-06-13,True,0.015853451753091,0.0,0.015853451753091,28026.085145363595
2005-06-14,True,-0.0093821110107858,0.0,-0.0093821110107858,27763.14130333206
2005-06-15,True,0.00983618257608,0.0,0.00983618257608,28036.22463007714
2005-06-16,True,0.0154137580327292,0.0,0.0154137580327292,28468.36821267639
2005-06-17,True,0.0012444474618854,0.0,0.0012444474618854,28503.795601242673
2005-06-20,True,-0.0017412414812231,0.0,-0.0017412414812231,28454.163609969484
2005-06-21,True,-0.0017618663372514,0.0,-0.0017618663372514,28404.031176950437
2005-06-22,True,-0.0042816860208382,0.0,-0.0042816860208382,28282.414033724635
2005-06-23,True,-0.0361393449485848,0.0,-0.0361393449485848,27260.306116981163
2005-06-24,True,-0.0313524901708774,0.0,-0.0313524901708774,26405.6276373934
2005-06-27,True,-0.0130052774564626,0.0,-0.0130052774564626,26062.215123557064
2005-06-28,True,0.0296979709789243,0.0,0.0296979709789243,26836.21003194294
2005-06-29,True,-0.0090946235323504,0.0,-0.0090946235323504,26592.144804667336
2005-06-30,True,-0.0212680460190119,0.0,-0.0212680460190119,26026.581845217443
2005-07-01,True,-0.0061533644267887,0.0,-0.0061533644267887,25866.430802340175
2005-07-05,True,0.0316916635424661,0.0,0.0316916635424661,26686.18102437242
2005-07-06,True,-0.0166780406533101,0.0,-0.0166780406533101,26241.107812366343
2005-07-07,True,0.0113281643825556,0.0,0.0113281643825556,26538.371395245194
2005-07-08,True,0.0586842849408229,0.0,0.0586842849408229,28095.756744069145
2005-07-11,True,0.0280073757243821,0.0,0.0280073757243821,28882.645159461135
2005-07-12,True,0.0152225721335039,0.0,0.0152225721335039,29322.313308807432
2005-07-13,True,0.0037657191793813,0.0,0.0037657191793813,29432.732906418238
2005-07-14,True,0.0303198460093711,0.0,0.0303198460093711,30325.128835775788
2005-07-15,True,0.0082004378121621,0.0,0.0082004378121621,30573.80816893937
2005-07-18,True,-0.0148496077473739,0.0,-0.0148496077473739,30119.799110287164
2005-07-19,True,0.0388261919425056,0.0,0.0388261919425056,31289.236211812888
2005-07-20,True,0.0229728171049116,0.0,0.0229728171049116,32008.038112659244
2005-07-21,True,-0.0017636685076439,0.0,-0.0017636685076439,31951.586543848483
2005-07-22,True,-0.0022713093298988,0.0,-0.0022713093298988,31879.01460722637
2005-07-25,True,-0.0136321930914714,0.0,-0.0136321930914714,31444.433724534825
2005-07-26,True,0.0099338916638004,0.0,0.0099338916638004,31756.7993225839
2005-07-27,True,0.02427286863602,0.0,0.02427286863602,32527.627940841434
2005-07-28,True,0.0122947395163814,0.0,0.0122947395163814,32927.54665345985
2005-07-29,True,-0.0251775049137996,0.0,-0.0251775049137996,32098.513185793003
2005-08-01,True,0.0091301799464555,0.0,0.0091301799464555,32391.57838719297
2005-08-02,True,0.0313295405665567,0.0,0.0313295405665567,33406.391656289336
2005-08-03,True,0.0001738214346578,0.0,0.0001738214346578,33412.19840321377
2005-08-04,True,-0.0341739191069969,0.0,-0.0341739191069969,32270.37263779542
2005-08-05,True,-0.0134935862407422,0.0,-0.0134935862407422,31834.92958158644
2005-08-08,True,-0.0219267108163152,0.0,-0.0219267108163152,31136.89428679323
2005-08-09,True,0.0209158282434208,0.0,0.0209158282434208,31788.148219729348
2005-08-10,True,-0.029070513494419,0.0,-0.029070513494419,30864.050427945112
2005-08-11,True,0.0281053000824357,0.0,0.0281053000824357,31731.493826981936
2005-08-12,True,-0.0168408933776487,0.0,-0.0168408933776487,31197.107122728215
2005-08-15,True,0.0167261510219139,0.0,0.0167261510219139,31718.914647909794
2005-08-16,True,-0.0502010536597501,0.0,-0.0502010536597501,30126.591711641042
2005-08-17,True,0.0156212795986173,0.0,0.0156212795986173,30597.20762412197
2005-08-18,True,-0.0125402446135993,0.0,-0.0125402446135993,30213.5111560224
2005-08-19,True,-0.0040440389417127,0.0,-0.0040440389417127,30091.32654034157
2005-08-22,True,0.0034043057540947,0.0,0.0034043057540947,30193.7666164312
2005-08-23,True,-0.008328697675709,0.0,-0.008328697675709,29942.29186259203
2005-08-24,True,-0.0184703339936789,0.0,-0.0184703339936789,29389.247731353742
2005-08-25,True,0.0078496853701377,0.0,0.0078496853701377,29619.944079309902
2005-08-26,True,-0.0136489101568453,0.0,-0.0136489101568453,29215.664123720617
2005-08-29,True,0.0242420155981531,0.0,0.0242420155981531,29923.910709118252
2005-08-30,True,-0.0112139170440161,0.0,-0.0112139170440161,29588.346456793653
2005-08-31,True,0.0304581443792704,0.0,0.0304581443792704,30489.55258511855
2005-09-01,True,-0.008617799932545,0.0,-0.008617799932545,30226.799720907187
2005-09-02,True,-0.008013403568663,0.0,-0.008013403568663,29984.58017615441
2005-09-06,True,0.0458948958390382,0.0,0.0458948958390382,31360.719360116305
2005-09-07,True,0.004705448834449,0.0,0.004705448834449,31508.285620476843
2005-09-08,True,-0.0042464041315888,0.0,-0.0042464041315888,31374.48870623877
2005-09-09,True,0.0188996643234386,0.0,0.0188996643234386,31967.456011106206
2005-09-12,True,0.0079940762613107,0.0,0.0079940762613107,32223.00629233908
2005-09-13,True,-0.0091273229929358,0.0,-0.0091273229929358,31928.896506105495
2005-09-14,True,-0.0332849447984294,0.0,-0.0332849447984294,30866.14494842501
2005-09-15,True,-0.0021957144300398,0.0,-0.0021957144300398,30798.371708562052
2005-09-16,True,0.0204063218952089,0.0,0.0204063218952089,31426.853195495263
2005-09-19,True,-0.0252771388556232,0.0,-0.0252771388556232,30632.47226347744
2005-09-20,True,-0.0150117785986165,0.0,-0.0150117785986165,30172.62437192986
2005-09-21,True,-0.031254830572994,0.0,-0.031254830572994,29229.5841092426
2005-09-22,True,0.0104446042688053,0.0,0.0104446042688053,29534.875548205404
2005-09-23,True,0.0082440178774613,0.0,0.0082440178774613,29778.3615902334
2005-09-26,True,0.0019585051696405,0.0,0.0019585051696405,29836.682665351294
2005-09-27,True,-0.0078266353762234,0.0,-0.0078266353762234,29603.161829293505
2005-09-28,True,-0.0002151395012129,0.0,-0.0002151395012129,29596.793019823228
2005-09-29,True,0.0402264397507768,0.0,0.0402264397507768,30787.366631051354
2005-09-30,True,0.0219718004938598,0.0,0.0219718004938598,31463.82050840013
2005-10-03,True,0.0071975981194343,0.0,0.0071975981194343,31690.28444372161
2005-10-04,True,-0.0189421188498448,0.0,-0.0189421188498448,31090.00330940325
2005-10-05,True,-0.0453257277336374,0.0,-0.0453257277336374,29680.82628416335
2005-10-06,True,-0.0356323806751426,0.0,-0.0356323806751426,28623.227783253264
2005-10-07,True,0.0055929094060509,0.0,0.0055929094060509,28783.314903153758
2005-10-10,True,-0.0173823234161958,0.0,-0.0173823234161958,28282.99401451693
2005-10-11,True,-0.0150610417608556,0.0,-0.0150610417608556,27857.02266054226
2005-10-12,True,-0.0354813997230427,0.0,-0.0354813997230427,26868.6165044297
2005-10-13,True,0.0247004402176288,0.0,0.0247004402176288,27532.28316012776
2005-10-14,True,0.0203481004909245,0.0,0.0203481004909245,28092.51282461463
2005-10-17,True,0.0106868446999012,0.0,0.0106868446999012,28392.733146401268
2005-10-18,True,-0.0223349970721987,0.0,-0.0223349970721987,27758.581534704674
2005-10-19,True,0.0606296630759618,0.0,0.0606296630759618,29441.57498062043
2005-10-20,True,-0.0269685884313874,0.0,-0.0269685884313874,28647.577262196246
2005-10-21,True,0.0182061252566508,0.0,0.0182061252566508,29169.138642131373
2005-10-24,True,0.0487609785032383,0.0,0.0487609785032383,30591.45438441832
2005-10-25,True,-0.0092846158903196,0.0,-0.0092846158903196,30307.424480932765
2005-10-26,True,-0.0203778276028898,0.0,-0.0203778276028898,29689.825009772714
2005-10-27,True,-0.0606630521127546,0.0,-0.0606630521127546,27888.74960798631
2005-10-28,True,0.0265131547060197,0.0,0.0265131547060197,28628.168340900298
2005-10-31,True,0.0423444154009678,0.0,0.0423444154009678,29840.411393296214
2005-11-01,True,-0.0052293927571485,0.0,-0.0052293927571485,29684.364162085778
2005-11-02,True,0.0393484502755167,0.0,0.0393484502755167,30852.397889277945
2005-11-03,True,0.0418583551161441,0.0,0.0418583551161441,32143.828516311914
2005-11-04,True,0.0153078107833124,0.0,0.0153078107833124,32635.88016109086
2005-11-07,True,0.0021088796321147,0.0,0.0021088796321147,32704.705304038718
2005-11-08,True,-0.0017780079292555,0.0,-0.0017780079292555,32646.55607868417
2005-11-09,True,0.0031572846599179,0.0,0.0031572846599179,32749.630549390553
2005-11-10,True,0.0379537935373724,0.0,0.0379537935373724,33992.60326568734
2005-11-11,True,0.0042391336428458,0.0,0.0042391336428458,34136.702453798825
2005-11-14,True,-0.0028273272151948,0.0,-0.0028273272151948,34040.18682591419
2005-11-15,True,-0.0139619498846909,0.0,-0.0139619498846909,33564.91944338526
2005-11-16,True,0.0128490219104934,0.0,0.0128490219104934,33996.19582873726
2005-11-17,True,0.045127872354556,0.0,0.045127872354556,35530.37181463701
2005-11-18,True,0.0060139218398475,0.0,0.0060139218398475,35744.04869367095
2005-11-21,True,0.0112163610020565,0.0,0.0112163610020565,36144.96684749425
2005-11-22,True,0.013897889149688,0.0,0.013897889149688,36647.30559005987
2005-11-23,True,0.0044815287698435,0.0,0.0044815287698435,36811.54154439897
2005-11-25,True,0.0073916607408846,0.0,0.0073916607408846,37083.639970844146
2005-11-28,True,-0.0295587092451844,0.0,-0.0295587092451844,35987.49543919286
2005-11-29,True,-0.0136238888258919,0.0,-0.0136238888258919,35497.205802207005
2005-11-30,True,-0.0078328043149924,0.0,-0.0078328043149924,35219.163135429306
2005-12-01,True,0.0567183304082597,0.0,0.0567183304082597,37216.73526684698
2005-12-02,True,0.0083072667509014,0.0,0.0083072667509014,37525.90461430636
2005-12-05,True,-0.0253324849934795,0.0,-0.0253324849934795,36575.28019879771
2005-12-06,True,0.0114685481118247,0.0,0.0114685481118247,36994.74555946109
2005-12-07,True,-0.0077783450672612,0.0,-0.0077783450672612,36706.98766282407
2005-12-08,True,-0.0204166023321243,0.0,-0.0204166023321243,35957.555692901995
2005-12-09,True,0.0123366442387801,0.0,0.0123366442387801,36401.15126518145
2005-12-12,True,0.0099819206979703,0.0,0.0099819206979703,36764.50467042531
2005-12-13,True,0.0129326565781131,0.0,0.0129326565781131,37239.96738359236
2005-12-14,True,-0.0121154248734156,0.0,-0.0121154248734156,36788.789356468
2005-12-15,True,0.0046278449125926,0.0,0.0046278449125926,36959.04216813177
2005-12-16,True,-0.0231283220995156,0.0,-0.0231283220995156,36104.24153637764
2005-12-19,True,-0.0433815363976424,0.0,-0.0433815363976424,34537.984068057995
2005-12-20,True,0.0011039907511395,0.0,0.0011039907511395,34576.113683032134
2005-12-21,True,0.0098048356151965,0.0,0.0098048356151965,34915.12679390661
2005-12-22,True,0.022701056197854,0.0,0.022701056197854,35707.73704941029
2005-12-23,True,-0.0009433671100399,0.0,-0.0009433671100399,35674.051544703914
2005-12-27,True,-0.0261139455615206,0.0,-0.0261139455615206,34742.46130470664
2005-12-28,True,-0.0024594112738152,0.0,-0.0024594112738152,34657.015303693755
2005-12-29,True,-0.0213043746373197,0.0,-0.0213043746373197,33918.66926585254
2005-12-30,True,-0.0185933972995537,0.0,-0.0185933972995537,33288.00597232038
2006-01-03,True,0.063146553575629,0.0,0.063146553575629,35390.02882487738
2006-01-04,True,0.0282094559138563,0.0,0.0282094559138563,36388.36228280286
2006-01-05,True,0.0165505438386587,0.0,0.0165505438386587,36990.609467981376
2006-01-06,True,0.0520635940797339,0.0,0.0520635940797339,38916.47354408432
2006-01-09,True,0.0117623959954378,0.0,0.0117623959954378,39374.22451665581
2006-01-10,True,0.003463143447353,0.0,0.003463143447353,39510.58310428528
2006-01-11,True,0.0242722819562502,0.0,0.0242722819562502,40469.59511764834
2006-01-12,True,-0.0187702271272372,0.0,-0.0187702271272372,39709.971625542756
2006-01-13,True,-0.0011680159784641,0.0,-0.0011680159784641,39663.589744179764
2006-01-17,True,-0.0180355825609916,0.0,-0.0180355825609916,38948.233796683315
2006-01-18,True,-0.0343473147831545,0.0,-0.0343473147831545,37610.46655022073
2006-01-19,True,0.0230532273848688,0.0,0.0230532273848688,38477.50918765397
2006-01-20,True,-0.0930384978972144,0.0,-0.0930384978972144,34897.61953000837
2006-01-23,True,-0.0003343826759013,0.0,-0.0003343826759013,34885.95037060734
2006-01-24,True,0.0175612244961032,0.0,0.0175612244961032,35498.59037682549
2006-01-25,True,-0.0165962471877333,0.0,-0.0165962471877333,34909.44699611561
2006-01-26,True,0.0239385288935544,0.0,0.0239385288935544,35745.12780169013
2006-01-27,True,0.0363990991692694,0.0,0.0363990991692694,37046.21825336205
2006-01-30,True,0.0039076199210817,0.0,0.0039076199210817,37190.98079380963
2006-01-31,True,-0.0049217770033516,0.0,-0.0049217770033516,37007.935079806564
2006-02-01,True,0.0037861866665845,0.0,0.0037861866665845,37148.05403016355
2006-02-02,True,-0.0479176549972997,0.0,-0.0479176549972997,35368.00639332512
2006-02-03,True,-0.0379936531575917,0.0,-0.0379936531575917,34024.246625541644
2006-02-06,True,-0.0127930532621362,0.0,-0.0127930532621362,33588.97262625703
2006-02-07,True,-0.010511908146857,0.0,-0.010511908146857,33235.88843126252
2006-02-08,True,0.0336393605251262,0.0,0.0336393605251262,34353.92246457463
2006-02-09,True,-0.0296312266237075,0.0,-0.0296312266237075,33335.97360261354
2006-02-10,True,0.0173417980083178,0.0,0.0173417980083178,33914.07932324068
2006-02-13,True,-0.0325100836490536,0.0,-0.0325100836490536,32811.52976756148
2006-02-14,True,0.0291858850824086,0.0,0.0291858850824086,33769.16330473556
2006-02-15,True,0.0200198900700833,0.0,0.0200198900700833,34445.21824185505
2006-02-16,True,0.0275226406481897,0.0,0.0275226406481897,35393.2416055741
2006-02-17,True,-0.0240037013700269,0.0,-0.0240037013700269,34543.672803556685
2006-02-21,True,-0.0351723741706604,0.0,-0.0351723741706604,33328.689818481114
2006-02-22,True,0.0393746187412427,0.0,0.0393746187412427,34640.99427322895
2006-02-23,True,-0.0095519649010906,0.0,-0.0095519649010906,34310.104711792184
2006-02-24,True,0.007353177817625,0.0,0.007353177817625,34562.39301267933
2006-02-27,True,0.034085780800199,0.0,0.034085780800199,35740.479164839846
2006-02-28,True,-0.044589944375421,0.0,-0.044589944375421,34146.813186928746
2006-03-01,True,0.0429177691278002,0.0,0.0429177691278002,35612.31823173548
2006-03-02,True,-0.0016161451607104,0.0,-0.0016161451607104,35554.76355596358
2006-03-03,True,-0.0169555641627596,0.0,-0.0169555641627596,34951.9124811987
2006-03-06,True,-0.0258119894223646,0.0,-0.0258119894223646,34049.73408594258
2006-03-07,True,-0.0162236577750687,0.0,-0.0162236577750687,33497.32285280016
2006-03-08,True,0.0013185334985808,0.0,0.0013185334985808,33541.49019509435
2006-03-09,True,-0.0304726134805093,0.0,-0.0304726134805093,32519.39332881895
2006-03-10,True,0.0055261626691542,0.0,0.0055261626691542,32699.10078625622
2006-03-13,True,0.0099204214290364,0.0,0.0099204214290364,33023.489646406415
2006-03-14,True,0.0494325175798418,0.0,0.0494325175798418,34655.923878900125
2006-03-15,True,0.0235511278849761,0.0,0.0235511278849761,35472.1099741441
2006-03-16,True,-0.0274828678902247,0.0,-0.0274828678902247,34497.23466193717
2006-03-17,True,0.0116095037661224,0.0,0.0116095037661224,34897.730437665734
2006-03-20,True,0.0057071246705272,0.0,0.0057071246705272,35096.89613599194
2006-03-21,True,-0.029527941186059,0.0,-0.029527941186059,34060.55705107515
2006-03-22,True,0.0067033779536222,0.0,0.0067033779536222,34288.87783829942
2006-03-23,True,-0.0102058025873868,0.0,-0.0102058025873868,33938.93232013871
2006-03-24,True,0.016103308693513,0.0,0.016103308693513,34485.46142401815
2006-03-27,True,0.0012639982577142,0.0,0.0012639982577142,34529.05098717458
2006-03-28,True,-0.0137673795918681,0.0,-0.0137673795918681,34053.67643528718
2006-03-29,True,0.0550465948039335,0.0,0.0550465948039335,35928.21536360469
2006-03-30,True,0.0083224496725417,0.0,0.0083224496725417,36227.226127792535
2006-03-31,True,-0.009014212314803,0.0,-0.009014212314803,35900.66621990023
2006-04-03,True,0.0052746119947509,0.0,0.0052746119947509,36090.02830456326
2006-04-04,True,0.0169882473377662,0.0,0.0169882473377662,36703.13463182817
2006-04-05,True,0.0280932167133407,0.0,0.0280932167133407,37734.24374709904
2006-04-06,True,0.0109823608484389,0.0,0.0109823608484389,38148.654828272636
2006-04-07,True,-0.0280945321820033,0.0,-0.0280945321820033,37076.88621749959
2006-04-10,True,-0.0074630738102796,0.0,-0.0074630738102796,36800.17867900305
2006-04-11,True,-0.0254404838559925,0.0,-0.0254404838559925,35863.96432742224
2006-04-12,True,0.0004131152874022,0.0,0.0004131152874022,35878.780279352744
2006-04-13,True,0.0126786653804118,0.0,0.0126786653804118,36333.675328771984
2006-04-17,True,-0.0313063204302592,0.0,-0.0313063204302592,35196.20164652044
2006-04-18,True,0.057023001584351,0.0,0.057023001584351,37203.19470877311
2006-04-19,True,0.0126534020648708,0.0,0.0126534020648708,37673.941689520885
2006-04-20,True,-0.0090965352442109,0.0,-0.0090965352442109,37331.23935115381
2006-04-21,True,-0.0347006368326337,0.0,-0.0347006368326337,36035.8215719173
2006-04-24,True,-0.004733754978487,0.0,-0.004733754978487,35865.236822147366
2006-04-25,True,-0.0089435937783585,0.0,-0.0089435937783585,35544.47271324546
2006-04-26,True,0.001080931486016,0.0,0.001080931486016,35582.893852955036
2006-04-27,True,0.0261249496219169,0.0,0.0261249496219169,36512.495162265506
2006-04-28,True,-0.0289102317540578,0.0,-0.0289102317540578,35456.910465205496
2006-05-01,True,-0.0250791665244622,0.0,-0.0250791665244622,34567.68070320566
2006-05-02,True,0.0056985770595924,0.0,0.0056985770595924,34764.667295464256
2006-05-03,True,-0.006651306139787,0.0,-0.006651306139787,34533.436850434286
2006-05-04,True,0.0259987471745117,0.0,0.0259987471745117,35431.262944175694
2006-05-05,True,0.0223844755650211,0.0,0.0223844755650211,36224.37318378743
2006-05-08,True,0.0022241022404589,0.0,0.0022241022404589,36304.93989334471
2006-05-09,True,-0.007310396062403,0.0,-0.007310396062403,36039.53640370263
2006-05-10,True,-0.0288741869007676,0.0,-0.0288741869007676,34998.9240937651
2006-05-11,True,-0.0663026999419195,0.0,-0.0663026999419195,32678.40093128617
2006-05-12,True,-0.0394303829347746,0.0,-0.0394303829347746,31389.87906886946
2006-05-15,True,-0.0020977197044689,0.0,-0.0020977197044689,31324.0319010258
2006-05-16,True,-0.0205591294244336,0.0,-0.0205591294244336,30680.037075077522
2006-05-17,True,-0.0459920382179064,0.0,-0.0459920382179064,29268.99963739377
2006-05-18,True,-0.0223477803107932,0.0,-0.0223477803107932,28614.902463580605
2006-05-19,True,0.0257833935289767,0.0,0.0257833935289767,29352.69175459239
2006-05-22,True,-0.0307350212735292,0.0,-0.0307350212735292,28450.536149079646
2006-05-23,True,-0.0296669456736828,0.0,-0.0296669456736828,27606.495638757755
2006-05-24,True,0.0211502565712474,0.0,0.0211502565712474,28190.380104550502
2006-05-25,True,0.0368138538229919,0.0,0.0368138538229919,29228.176636934
2006-05-26,True,0.0123381802512697,0.0,0.0123381802512697,29588.799148696442
2006-05-30,True,-0.0657220585263993,0.0,-0.0657220585263993,27644.16235931994
2006-05-31,True,0.0156189068727068,0.0,0.0156189068727068,28075.933956784145
2006-06-01,True,0.070045229193759,0.0,0.070045229193759,30042.51918561593
2006-06-02,True,-0.0070174530846231,0.0,-0.0070174530846231,29831.69721668698
2006-06-05,True,-0.0660525072525511,0.0,-0.0660525072525511,27861.238819925857
2006-06-06,True,-0.0042213440382066,0.0,-0.0042213440382066,27743.62694553631
2006-06-07,True,-0.0195754101361043,0.0,-0.0195754101361043,27200.53406941436
2006-06-08,True,-0.007243061399378,0.0,-0.007243061399378,27003.51893105372
2006-06-09,True,-0.0205355261588667,0.0,-0.0205355261588667,26448.98746166361
2006-06-12,True,-0.059515884063084,0.0,-0.059515884063084,24874.852590309278
2006-06-13,True,-0.0070374994184722,0.0,-0.0070374994184722,24699.795829670395
2006-06-14,True,0.0263119933539161,0.0,0.0263119933539161,25349.696693383765
2006-06-15,True,0.0837380819081182,0.0,0.0837380819081182,27472.43167144029
2006-06-16,True,-0.0197379686015462,0.0,-0.0197379686015462,26930.181677701275
2006-06-19,True,-0.0268934722067354,0.0,-0.0268934722067354,26205.93558522968
2006-06-20,True,-0.0014116801422682,0.0,-0.0014116801422682,26168.94118635445
2006-06-21,True,0.0486939701492715,0.0,0.0486939701492715,27443.210827320832
2006-06-22,True,-0.0365680475763054,0.0,-0.0365680475763054,26439.66618814079
2006-06-23,True,-0.0068517633640881,0.0,-0.0068517633640881,26258.507851994164
2006-06-26,True,0.0096881038304095,0.0,0.0096881038304095,26512.903002495907
2006-06-27,True,-0.056449879469689,0.0,-0.056449879469689,25016.252823613457
2006-06-28,True,0.0218880306433225,0.0,0.0218880306433225,25563.80933199781
2006-06-29,True,0.0920531705548276,0.0,0.0920531705548276,27917.0390324673
2006-06-30,True,-0.0197594224860421,0.0,-0.0197594224860421,27365.41446366545
2006-07-03,True,0.0207707811660006,0.0,0.0207707811660006,27933.81549900715
2006-07-05,True,-0.0613016932523821,0.0,-0.0613016932523821,26221.425309918377
2006-07-06,True,-0.0048469333256855,0.0,-0.0048469333256855,26094.33180973676
2006-07-07,True,-0.0347091994892321,0.0,-0.0347091994892321,25188.618441414386
2006-07-10,True,-0.0252727074146585,0.0,-0.0252727074146585,24552.03385736505
2006-07-11,True,0.0237702846343765,0.0,0.0237702846343765,25135.642690507466
2006-07-12,True,-0.0620532415708016,0.0,-0.0620532415708016,23575.894582596055
2006-07-13,True,-0.0467701219242014,0.0,-0.0467701219242014,22473.247118495918
2006-07-14,True,-0.0326684306939321,0.0,-0.0326684306939321,21739.081402537722
2006-07-17,True,0.012769700329655,0.0,0.012769700329655,22016.682957490106
2006-07-18,True,0.0076261897679192,0.0,0.0076261897679192,22184.58635978404
2006-07-19,True,0.0369883458560312,0.0,0.0369883458560312,23005.157512732723
2006-07-20,True,-0.0479356291302529,0.0,-0.0479356291302529,21902.390814119317
2006-07-21,True,-0.0309150105524011,0.0,-0.0309150105524011,21225.278170978007
2006-07-24,True,0.062721612382288,0.0,0.062721612382288,22556.56184112433
2006-07-25,True,0.0143127083397966,0.0,0.0143127083397966,22879.40733190493
2006-07-26,True,-0.0035208619843957,0.0,-0.0035208619843957,22798.852096404524
2006-07-27,True,-0.0190696700794026,0.0,-0.0190696700794026,22364.085508736993
2006-07-28,True,0.0642464089215219,0.0,0.0642464089215219,23800.897691487193
2006-07-31,True,-0.0019455162951109,0.0,-0.0019455162951109,23754.592657190136
2006-08-01,True,-0.048892341723269,0.0,-0.048892341723269,22593.174995497742
2006-08-02,True,0.0311778954767412,0.0,0.0311778954767412,23297.58264399509
2006-08-03,True,0.020015760749557,0.0,0.020015760749557,23763.901484240327
2006-08-04,True,-0.0136421788089095,0.0,-0.0136421788089095,23439.71009099501
2006-08-07,True,-0.0195884517405373,0.0,-0.0195884517405373,22980.562461065372
2006-08-08,True,-0.0189506139546854,0.0,-0.0189506139546854,22545.066693404184
2006-08-09,True,0.0014808239641905,0.0,0.0014808239641905,22578.451968438054
2006-08-10,True,0.0212701387538884,0.0,0.0212701387538884,23058.698774654735
2006-08-11,True,-0.0193438191827875,0.0,-0.0193438191827875,22612.65547496745
2006-08-14,True,0.0150972016818602,0.0,0.0150972016818602,22954.043295235453
2006-08-15,True,0.0802871121321993,0.0,0.0802871121321993,24796.95714316738
2006-08-16,True,0.0694447486844795,0.0,0.0694447486844795,26518.97560011445
2006-08-17,True,0.0065277575315883,0.0,0.0065277575315883,26692.0850428181
2006-08-18,True,0.0052541632634389,0.0,0.0052541632634389,26832.32961547466
2006-08-21,True,-0.0294096778130525,0.0,-0.0294096778130525,26043.199446509923
2006-08-22,True,0.0042218406780821,0.0,0.0042218406780821,26153.149685320604
2006-08-23,True,-0.0252005965324121,0.0,-0.0252005965324121,25494.074712049056
2006-08-24,True,0.0090319565216824,0.0,0.0090319565216824,25724.336086408806
2006-08-25,True,0.0046241161182909,0.0,0.0046241161182909,25843.288403538303
2006-08-28,True,0.0240300651311885,0.0,0.0240300651311885,26464.304307079416
2006-08-29,True,0.0062028631123131,0.0,0.0062028631123131,26628.458764058825
2006-08-30,True,0.0156073662975495,0.0,0.0156073662975495,27044.058873928683
2006-08-31,True,-0.0044255188497029,0.0,-0.0044255188497029,26924.374881609638
2006-09-01,True,0.0182823205067533,0.0,0.0182823205067533,27416.6149326392
2006-09-05,True,0.0266253122564986,0.0,0.0266253122564986,28146.590866236904
2006-09-06,True,-0.0591205581844471,0.0,-0.0591205581844471,26482.54870323572
2006-09-07,True,-0.0142566678714142,0.0,-0.0142566678714142,26104.995801985136
2006-09-08,True,0.0187108225679999,0.0,0.0187108225679999,26593.441746574463
2006-09-11,True,0.0170682719320181,0.0,0.0170682719320181,27047.345841913277
2006-09-12,True,0.0603474531611142,0.0,0.0603474531611142,28679.584278240593
2006-09-13,True,0.0150888725424832,0.0,0.0150888725424832,29112.32686998637
2006-09-14,True,0.0034641572756446,0.0,0.0034641572756446,29213.176548923977
2006-09-15,True,0.0117065756904903,0.0,0.0117065756904903,29555.16281135361
2006-09-18,True,-0.0007075945908731,0.0,-0.0007075945908731,29534.249738015922
2006-09-19,True,-0.0206140587340943,0.0,-0.0206140587340943,28925.428979249056
2006-09-20,True,0.0447221097083628,0.0,0.0447221097083628,30219.035187420486
2006-09-21,True,-0.0193192294087911,0.0,-0.0193192294087911,29635.226714122382
2006-09-22,True,-0.0231488344738072,0.0,-0.0231488344738072,28949.205756323412
2006-09-25,True,0.0515666869626074,0.0,0.0515666869626074,30442.020387375855
2006-09-26,True,0.0158414477956889,0.0,0.0158414477956889,30924.26606413777
2006-09-27,True,-0.0065918449859761,0.0,-0.0065918449859761,30720.41809593789
2006-09-28,True,0.0105175773554923,0.0,0.0105175773554923,31043.52246965498
2006-09-29,True,-0.0136787373821773,0.0,-0.0136787373821773,30618.886278374852
2006-10-02,True,-0.038876173055254,0.0,-0.038876173055254,29428.541156657608
2006-10-03,True,0.0135329991246423,0.0,0.0135329991246423,29826.797578370155
2006-10-04,True,0.074501121182359,0.0,0.074501121182359,32048.927439238
2006-10-05,True,0.0145820092776114,0.0,0.0145820092776114,32516.265196494467
2006-10-06,True,-0.0082916903319345,0.0,-0.0082916903319345,32246.650394734075
2006-10-09,True,0.0108273191640706,0.0,0.0108273191640706,32595.795170530066
2006-10-10,True,0.003706950827809,0.0,0.003706950827809,32716.626180420553
2006-10-11,True,-0.0037756248860409,0.0,-0.0037756248860409,32593.100472426464
2006-10-12,True,0.0481379832096774,0.0,0.0481379832096774,34162.06659571945
2006-10-13,True,0.0149192231158634,0.0,0.0149192231158634,34671.73808935998
2006-10-16,True,0.0004777743836065,0.0,0.0004777743836065,34688.303357654186
2006-10-17,True,-0.0314740849185462,0.0,-0.0314740849185462,33596.520752095086
2006-10-18,True,-0.0157644100869297,0.0,-0.0157644100869297,33066.891421465014
2006-10-19,True,0.0096958723762639,0.0,0.0096958723762639,33387.50378056731
2006-10-20,True,0.0054264603640058,0.0,0.0054264603640058,33568.67974648566
2006-10-23,True,0.0284733121283467,0.0,0.0284733121283467,34524.49124264385
2006-10-24,True,-0.0211637936858294,0.0,-0.0211637936858294,33793.82203287631
2006-10-25,True,0.022327226732306,0.0,0.022327226732306,34548.34435955554
2006-10-26,True,0.029855436040386,0.0,0.029855436040386,35579.80024488349
2006-10-27,True,-0.0457319174462431,0.0,-0.0457319174462431,33952.66775733066
2006-10-30,True,0.0175807051915729,0.0,0.0175807051915729,34549.57959963971
2006-10-31,True,0.008013434384683,0.0,0.008013434384683,34826.4403887798
2006-11-01,True,-0.0433149016283838,0.0,-0.0433149016283838,33317.93654927303
2006-11-02,True,0.0042108657608665,0.0,0.0042108657608665,33458.23390751109
2006-11-03,True,-0.0110757107981337,0.0,-0.0110757107981337,33087.66018493518
2006-11-06,True,0.0495723388163647,0.0,0.0495723388163647,34727.89288626352
2006-11-07,True,0.0158375380877163,0.0,0.0158375380877163,35277.89721255586
2006-11-08,True,0.0139425195190646,0.0,0.0139425195190646,35769.759983033466
2006-11-09,True,-0.0166936445146932,0.0,-0.0166936445146932,35172.63232550081
2006-11-10,True,0.0186948281928525,0.0,0.0186948281928525,35830.17864391641
2006-11-13,True,0.028718927293735,0.0,0.028718927293735,36859.18293931258
2006-11-14,True,0.0324130272465191,0.0,0.0324130272465191,38053.90064020895
2006-11-15,True,0.0108447233727998,0.0,0.0108447233727998,38466.58466590802
2006-11-16,True,0.0134131412418377,0.0,0.0134131412418377,38982.542399122955
2006-11-17,True,-0.0023812061710684,0.0,-0.0023812061710684,38889.71692859822
2006-11-20,True,0.0050147427191601,0.0,0.0050147427191601,39084.73885341611
2006-11-21,True,0.0082157571453128,0.0,0.0082157571453128,39405.84957592374
2006-11-22,True,0.017828742480024,0.0,0.017828742480024,40108.40632021945
2006-11-24,True,-0.0071886326387059,0.0,-0.0071886326387059,39820.08172145944
2006-11-27,True,-0.0669068242181575,0.0,-0.0669068242181575,37155.84651336909
2006-11-28,True,0.0085218412949084,0.0,0.0085218412949084,37472.482740534
2006-11-29,True,0.0207303104704685,0.0,0.0207303104704685,38249.29894184454
2006-11-30,True,-0.0027584379513293,0.0,-0.0027584379513293,38143.790624031615
2006-12-01,True,-0.0272295181187489,0.0,-0.0272295181187489,37105.15358611679
2006-12-04,True,0.0417155283751965,0.0,0.0417155283751965,38653.01467340446
2006-12-05,True,0.0079867828995917,0.0,0.0079867828995917,38961.727910015674
2006-12-06,True,-0.0097210722979017,0.0,-0.0097210722979017,38582.978136151236
2006-12-07,True,-0.0363472477633952,0.0,-0.0363472477633952,37180.59307038689
2006-12-08,True,0.0145555845215614,0.0,0.0145555845215614,37721.77833538468
2006-12-11,True,0.0090766403051115,0.0,0.0090766403051115,38064.16534900411
2006-12-12,True,-0.0165696638094166,0.0,-0.0165696638094166,37433.45492598507
2006-12-13,True,0.0022631465959561,0.0,0.0022631465959561,37518.17232207569
2006-12-14,True,0.0333802222474135,0.0,0.0333802222474135,38770.53725250334
2006-12-15,True,0.008356637992105,0.0,0.008356637992105,39094.528597081924
2006-12-18,True,-0.0293571645544745,0.0,-0.0293571645544745,37946.82408787779
2006-12-19,True,-0.010044860760525,0.0,-0.010044860760525,37565.65352361092
2006-12-20,True,-0.0123122630371831,0.0,-0.0123122630371831,37103.13531626453
2006-12-21,True,-0.0198536335878245,0.0,-0.0198536335878245,36366.50326273595
2006-12-22,True,-0.030225708777898,0.0,-0.030225708777898,35267.29992584601
2006-12-26,True,0.0082620066717217,0.0,0.0082620066717217,35558.678593126955
2006-12-27,True,0.016655931745149,0.0,0.016655931745149,36150.94151672177
2006-12-28,True,-0.0078185099833194,0.0,-0.0078185099833194,35868.29501956688
2006-12-29,True,-0.0036937197094336,0.0,-0.0036937197094336,35735.80759130933
2007-01-03,True,0.0040020257308179,0.0,0.0040020257308179,35878.823212801304
2007-01-04,True,0.056975775237074,0.0,0.056975775237074,37923.04697994459
2007-01-05,True,-0.012949044662253,0.0,-0.012949044662253,37431.97975087257
2007-01-08,True,0.0028751921517352,0.0,0.0028751921517352,37539.603885276185
2007-01-09,True,0.0140351371825379,0.0,0.0140351371825379,38066.47737558417
2007-01-10,True,0.0340662344970897,0.0,0.0340662344970897,39363.25892033897
2007-01-11,True,0.0306882175329817,0.0,0.0306882175329817,40571.24717289342
2007-01-12,True,0.0160513609198046,0.0,0.0160513609198046,41222.47090423213
2007-01-16,True,-0.0040720009003995,0.0,-0.0040720009003995,41054.6129655934
2007-01-17,True,-0.0242512824644112,0.0,-0.0242512824644112,40058.98595009771
2007-01-18,True,-0.0560265724623961,0.0,-0.0560265724623961,37814.618270994455
2007-01-19,True,0.0050162131169108,0.0,0.0050162131169108,38004.30445517639
2007-01-22,True,-0.0299211838657438,0.0,-0.0299211838657438,36867.17067388335
2007-01-23,True,-0.0096959619120052,0.0,-0.0096959619120052,36509.70799122599
2007-01-24,True,0.0492288755383174,0.0,0.0492288755383174,38307.03986186637
2007-01-25,True,-0.0416250180621612,0.0,-0.0416250180621612,36712.50863570825
2007-01-26,True,-0.008284905412873,0.0,-0.008284905412873,36408.34897419212
2007-01-29,True,0.0033514132565861,0.0,0.0033514132565861,36530.36839759464
2007-01-30,True,0.0043109842746138,0.0,0.0043109842746138,36687.85024130253
2007-01-31,True,0.0242846603723017,0.0,0.0242846603723017,37578.80222420242
2007-02-01,True,-0.0016079025346943,0.0,-0.0016079025346943,37518.379172855355
2007-02-02,True,0.0109677169186143,0.0,0.0109677169186143,37929.87013486846
2007-02-05,True,-0.0047906044041973,0.0,-0.0047906044041973,37748.16313194973
2007-02-06,True,-0.0041120734499143,0.0,-0.0041120734499143,37592.9399125518
2007-02-07,True,0.0297126858736606,0.0,0.0297126858736606,38709.92712724085
2007-02-08,True,-0.0008986232501261,0.0,-0.0008986232501261,38675.14148671363
2007-02-09,True,-0.0416598952946633,0.0,-0.0416598952946633,37063.93914187085
2007-02-12,True,-0.0121663002423392,0.0,-0.0121663002423392,36613.00813010705
2007-02-13,True,0.0088891145746022,0.0,0.0088891145746022,36938.465354296415
2007-02-14,True,0.0521848823318739,0.0,0.0521848823318739,38866.09482233037
2007-02-15,True,0.0137141970069315,0.0,0.0137141970069315,39399.112103613894
2007-02-16,True,-0.0033789185411889,0.0,-0.0033789185411889,39265.985713220616
2007-02-20,True,0.01990567723104,0.0,0.01990567723104,40047.601750986614
2007-02-21,True,0.0086470489533113,0.0,0.0086470489533113,40393.895323790115
2007-02-22,True,0.0115402772616562,0.0,0.0115402772616562,40860.052075504966
2007-02-23,True,-0.0108953787324838,0.0,-0.0108953787324838,40414.86633311333
2007-02-26,True,-0.0151900045626785,0.0,-0.0151900045626785,39800.964329113296
2007-02-27,True,-0.1220155543986409,0.0,-0.1220155543986409,34944.62760089601
2007-02-28,True,0.0088848801795976,0.0,0.0088848801795976,35255.10643005063
2007-03-01,True,-0.0140986744121229,0.0,-0.0140986744121229,34758.05616312861
2007-03-02,True,-0.0471312133284352,0.0,-0.0471312133284352,33119.86680322247
2007-03-05,True,-0.0229691773011097,0.0,-0.0229691773011097,32359.13071043011
2007-03-06,True,0.0526026841250594,0.0,0.0526026841250594,34061.307841752365
2007-03-07,True,-0.0122656192262508,0.0,-0.0122656192262508,33643.52480941732
2007-03-08,True,0.0176330969275631,0.0,0.0176330969275631,34236.76434336665
2007-03-09,True,-0.0031205666266778,0.0,-0.0031205666266778,34129.92623915131
2007-03-12,True,0.0198662839247639,0.0,0.0198662839247639,34807.96104414954
2007-03-13,True,-0.0581873264412242,0.0,-0.0581873264412242,32782.5788521202
2007-03-14,True,0.0357845522085533,0.0,0.0357845522085533,33955.6887565849
2007-03-15,True,0.0027445275886019,0.0,0.0027445275886019,34048.88108116734
2007-03-16,True,-0.004754263123837,0.0,-0.004754263123837,33887.00374143523
2007-03-19,True,0.0273349549818939,0.0,0.0273349549818939,34813.303463178636
2007-03-20,True,0.0151745686801536,0.0,0.0151745686801536,35341.58032756367
2007-03-21,True,0.0661586886416445,0.0,0.0661586886416445,37679.73293655862
2007-03-22,True,-0.0111772332017122,0.0,-0.0111772332017122,37258.577774548474
2007-03-23,True,-0.0097345911496406,0.0,-0.0097345911496406,36895.88075309616
2007-03-26,True,0.0146832433127272,0.0,0.0146832433127272,37437.63194743124
2007-03-27,True,-0.0218809919222369,0.0,-0.0218809919222369,36618.45942520182
2007-03-28,True,-0.0327144439103688,0.0,-0.0327144439103688,35420.50688825193
2007-03-29,True,0.0017836938610706,0.0,0.0017836938610706,35483.68622894452
2007-03-30,True,0.0008684996777139,0.0,0.0008684996777139,35514.50379899846
2007-04-02,True,0.0014266112222989,0.0,0.0014266112222989,35565.169188672495
2007-04-03,True,0.0386606070734855,0.0,0.0386606070734855,36940.14022017779
2007-04-04,True,0.0088521709519288,0.0,0.0088521709519288,37267.14065639502
2007-04-05,True,0.0184333406210206,0.0,0.0184333406210206,37954.09855408584
2007-04-09,True,-0.0080746540112599,0.0,-0.0080746540112599,37647.63233995233
2007-04-10,True,0.0142860199602812,0.0,0.0142860199602812,38185.467167018214
2007-04-11,True,-0.031322779483563,0.0,-0.031322779483563,36989.39219946887
2007-04-12,True,0.0254791166337036,0.0,0.0254791166337036,37931.84923752895
2007-04-13,True,0.0053438261888667,0.0,0.0053438261888667,38134.5504468766
2007-04-16,True,0.0280380404677694,0.0,0.0280380404677694,39203.76851552632
2007-04-17,True,0.0013400036503428,0.0,0.0013400036503428,39256.30170844432
2007-04-18,True,-0.0043338929398404,0.0,-0.0043338929398404,39086.16909962585
2007-04-19,True,-8.250100791716761e-05,0.0,-8.250100791716761e-05,39082.94445127951
2007-04-20,True,0.0217570127877212,0.0,0.0217570127877212,39933.27257348779
2007-04-23,True,0.0067592667935595,0.0,0.0067592667935595,40203.19221675192
2007-04-24,True,0.0138773824186261,0.0,0.0138773824186261,40761.10728959332
2007-04-25,True,0.0360350844040655,0.0,0.0360350844040655,42229.937231176984
2007-04-26,True,0.0129273071342232,0.0,0.0129273071342232,42775.856600023384
2007-04-27,True,0.0021538402265297,0.0,0.0021538402265297,42867.988960692775
2007-04-30,True,-0.0371898580075816,0.0,-0.0371898580075816,41273.73453817404
2007-05-01,True,0.0089132195069871,0.0,0.0089132195069871,41641.6163939859
2007-05-02,True,0.0258912320294925,0.0,0.0258912320294925,42719.769146125705
2007-05-03,True,0.0091722036327927,0.0,0.0091722036327927,43111.603567879865
2007-05-04,True,-0.0001152891530492,0.0,-0.0001152891530492,43106.63326761794
2007-05-07,True,0.0002016919968323,0.0,0.0002016919968323,43115.3275305584
2007-05-08,True,0.0059133958764191,0.0,0.0059133958764191,43370.285530588066
2007-05-09,True,0.0089809856113351,0.0,0.0089809856113351,43759.793440897774
2007-05-10,True,-0.0481455704061908,0.0,-0.0481455704061908,41652.95322482866
2007-05-11,True,0.0375310599314644,0.0,0.0375310599314644,43216.23270863219
2007-05-14,True,-0.0171297644647884,0.0,-0.0171297644647884,42475.94882127784
2007-05-15,True,-0.0260909120899494,0.0,-0.0260909120899494,41367.71257464469
2007-05-16,True,0.031497418355583,0.0,0.031497418355583,42670.688724021784
2007-05-17,True,-0.0111341419178993,0.0,-0.0111341419178993,42195.58722003402
2007-05-18,True,0.019291362201715,0.0,0.019291362201715,43009.59757640975
2007-05-21,True,0.0222953339992468,0.0,0.0222953339992468,43968.51091954901
2007-05-22,True,0.008092496091259,0.0,0.008092496091259,44324.325922303935
2007-05-23,True,-0.0190577243918304,0.0,-0.0190577243918304,43479.605135023
2007-05-24,True,-0.0471700231038237,0.0,-0.0471700231038237,41428.67115625884
2007-05-25,True,0.0232356224559022,0.0,0.0232356224559022,42391.29211809539
2007-05-29,True,0.0165267189122845,0.0,0.0165267189122845,43091.881087259695
2007-05-30,True,0.0286736767808842,0.0,0.0286736767808842,44327.48375743607
2007-05-31,True,0.0156086834677958,0.0,0.0156086834677958,45019.37742032974
2007-06-01,True,-9.713962078986842e-05,0.0,-9.713962078986842e-05,45015.004255078944
2007-06-04,True,0.0083033361912455,0.0,0.0083033361912455,45388.77896905921
2007-06-05,True,-0.0023485538827918,0.0,-0.0023485538827918,45282.18097597625
2007-06-06,True,-0.0273755103355903,0.0,-0.0273755103355903,44042.55816265034
2007-06-07,True,-0.0514062453066082,0.0,-0.0514062453066082,41778.49561381058
2007-06-08,True,0.0381916823515837,0.0,0.0381916823515837,43374.08664742026
2007-06-11,True,-0.0069712360950798,0.0,-0.0069712360950798,43071.71564899265
2007-06-12,True,-0.0180114341380945,0.0,-0.0180114341380945,42295.93227936608
2007-06-13,True,0.0366108241380254,0.0,0.0366108241380254,43844.42121779979
2007-06-14,True,0.0165242608305763,0.0,0.0165242608305763,44568.91786996837
2007-06-15,True,0.027658179064688,0.0,0.027658179064688,45801.612981135324
2007-06-18,True,0.0028267497929061,0.0,0.0028267497929061,45931.082681144515
2007-06-19,True,-0.0042435149763874,0.0,-0.0042435149763874,45736.17344390539
2007-06-20,True,-0.0305326637612639,0.0,-0.0305326637612639,44339.72623841578
2007-06-21,True,0.029763941100332,0.0,0.029763941100332,45659.451238580834
2007-06-22,True,-0.0301526847478605,0.0,-0.0301526847478605,44282.6961996236
2007-06-25,True,-0.0143178569130304,0.0,-0.0143178569130304,43648.66289171419
2007-06-26,True,-0.0068882146280829,0.0,-0.0068882146280829,43348.00153348724
2007-06-27,True,0.0381779887773778,0.0,0.0381779887773778,45002.94104955447
2007-06-28,True,-0.0023630181578088,0.0,-0.0023630181578088,44896.598282699575
2007-06-29,True,0.0035665865090687,0.0,0.0035665865090687,45056.72588443773
2007-07-02,True,0.0308412780101941,0.0,0.0308412780101941,46446.332893668776
2007-07-03,True,0.0167981911762302,0.0,0.0167981911762302,47226.54727305145
2007-07-05,True,0.0239994850766616,0.0,0.0239994850766616,48359.96008955331
2007-07-06,True,0.0107670148122012,0.0,0.0107670148122012,48880.65249615499
2007-07-09,True,0.0011300062020537,0.0,0.0011300062020537,48935.88793663607
2007-07-10,True,-0.0263178328762275,0.0,-0.0263178328762275,47648.001416269886
2007-07-11,True,0.0183336142422598,0.0,0.0183336142422598,48521.56149365043
2007-07-12,True,0.0556571543469772,0.0,0.0556571543469772,51222.13353085888
2007-07-13,True,0.0163086051320839,0.0,0.0163086051320839,52057.495080636545
2007-07-16,True,-0.0063247880954387,0.0,-0.0063247880954387,51728.24245547218
2007-07-17,True,0.0201425249241619,0.0,0.0201425249241619,52770.179868414605
2007-07-18,True,-0.0057957533727866,0.0,-0.0057957533727866,52464.33692045969
2007-07-19,True,0.0218823796985484,0.0,0.0218823796985484,53612.381461585755
2007-07-20,True,-0.0252152165895201,0.0,-0.0252152165895201,52260.533651151905
2007-07-23,True,0.0004485390492719,0.0,0.0004485390492719,52283.97454123023
2007-07-24,True,-0.0529268352137002,0.0,-0.0529268352137002,49516.749236369236
2007-07-25,True,0.0156671756393308,0.0,0.0156671756393308,50292.53684374413
2007-07-26,True,-0.0368170303504355,0.0,-0.0368170303504355,48440.91498836761
2007-07-27,True,-0.0461310652996168,0.0,-0.0461310652996168,46206.28397586604
2007-07-30,True,0.0269938011235957,0.0,0.0269938011235957,47453.56721617096
2007-07-31,True,-0.0638467844079074,0.0,-0.0638467844079074,44423.80954073395
2007-08-01,True,0.0200068226469895,0.0,0.0200068226469895,45312.58881951906
2007-08-02,True,0.032981686752798,0.0,0.032981686752798,46807.07442992278
2007-08-03,True,-0.0734920455642719,0.0,-0.0734920455642719,43367.12678318862
2007-08-06,True,0.0557856018537056,0.0,0.0557856018537056,45786.38805145475
2007-08-07,True,0.0109480431688276,0.0,0.0109480431688276,46287.659404386766
2007-08-08,True,0.0390918171158163,0.0,0.0390918171158163,48097.12812054225
2007-08-09,True,-0.076560132792859,0.0,-0.076560132792859,44414.80560467838
2007-08-10,True,-0.0181973072827119,0.0,-0.0181973072827119,43606.575739188134
2007-08-13,True,0.0142413888486588,0.0,0.0142413888486588,44227.5939406484
2007-08-14,True,-0.0515188278826809,0.0,-0.0515188278826809,41949.04014075504
2007-08-15,True,-0.0576187643070743,0.0,-0.0576187643070743,39531.988283976876
2007-08-16,False,-0.01640064259945524,0.0005032491511596655,-0.016903891750614904,38863.743833337954
2007-08-17,False,0.005174023033898472,8.698289791764652e-07,0.005173153204919296,39064.79193430455
2007-08-20,False,0.004869976284178293,8.757391238725931e-07,0.00486910054505442,39255.00233400432
2007-08-21,False,-0.0013394058405880912,7.79476395138215e-07,-0.0013401853169832294,39202.393356258144
2007-08-22,False,0.004716480585955823,1.2389114473173452e-06,0.004715241674508506,39387.24211515204
2007-08-23,False,0.0018612851900835139,1.0012555129284007e-06,0.0018602839345705855,39460.51356888589
2007-08-24,False,0.00807911006954905,1.6402647448339886e-06,0.008077469804804215,39779.25467572064
2007-08-27,False,0.0010630036077631127,5.043608039229791e-07,0.0010624992469591898,39821.520103858194
2007-08-28,False,-0.0018984240181947204,1.2397101838760167e-06,-0.0018996637283785964,39745.872606508
2007-08-29,False,0.00551187282024124,1.2173724473908133e-06,0.005510655447793849,39964.89841591437
2007-08-30,False,0.0005980630317773995,7.802978471658784e-07,0.0005972827339302336,39988.768759701474
2007-08-31,False,0.005480437749027243,9.0532402587995e-07,0.005479532425001364,40207.888514756145
2007-09-04,False,0.006424821561306516,1.2264027880548034e-06,0.006423595158518461,40466.16771275378
2007-09-05,False,0.0036091223039560333,3.136941135847005e-07,0.0036088086098424485,40612.202367202895
2007-09-06,False,0.007043536561737847,2.018890607866544e-06,0.00704151767112998,40898.173907835066
2007-09-07,False,0.006368458330839201,5.263907575347588e-07,0.0063679319400816664,41158.61069575378
2007-09-10,False,0.0030052535154292573,1.9842701342151494e-07,0.003005055088415836,41282.29458825718
2007-09-11,False,0.006671700511594925,1.553606557920667e-06,0.006670146905037005,41557.653557737875
2007-09-12,False,-0.0010680408050033022,1.2434843050590506e-07,-0.001068165153433808,41513.263120349024
2007-09-13,False,-0.0020947774380921796,9.594727882980824e-07,-0.0020957369108804778,41426.26224253661
2007-09-14,False,-0.001570920162569504,4.6223944750643787e-07,-0.0015713824020170105,41361.16574306735
2007-09-17,False,0.0046471120548663,1.5519440456676637e-06,0.004645560110820632,41553.31152478039
2007-09-18,False,0.007582506213468618,1.1034602637912671e-06,0.007581402753204827,41868.34391517914
2007-09-19,True,0.008653862069954,0.0005,0.008153862069953999,42209.732616560905
2007-09-20,True,-0.0130289851822247,0.0,-0.0130289851822247,41659.78263575407
2007-09-21,True,0.0247309159637216,0.0,0.0247309159637216,42690.06721918581
2007-09-24,True,0.0112019223897165,0.0,0.0112019223897165,43168.278038986915
2007-09-25,True,0.028382882726943,0.0,0.028382882726943,44393.51821209155
2007-09-26,True,0.016516062261491,0.0,0.016516062261491,45126.72432288909
2007-09-27,True,0.0113395301699122,0.0,0.0113395301699122,45638.4401748178
2007-09-28,True,-0.0077265370581932,0.0,-0.0077265370581932,45285.813075528946
2007-10-01,True,0.0369250927108059,0.0,0.0369250927108059,46957.99592182707
2007-10-02,True,-0.0017066725752697,0.0,-0.0017066725752697,46877.85399799766
2007-10-03,True,-0.0184377261874282,0.0,-0.0184377261874282,46013.53296172834
2007-10-04,True,0.0034616403151984,0.0,0.0034616403151984,46172.81526247337
2007-10-05,True,0.0626701695653453,0.0,0.0626701695653453,49066.47342428195
2007-10-08,True,0.0187883027218358,0.0,0.0187883027218358,49988.349180470264
2007-10-09,True,0.0108452622015966,0.0,0.0108452622015966,50530.485934357435
2007-10-10,True,0.0077928430762966,0.0,0.0077928430762966,50924.2620818129
2007-10-11,True,-0.0498746465555549,0.0,-0.0498746465555549,48384.432509380036
2007-10-12,True,0.0517602844581072,0.0,0.0517602844581072,50888.82449940963
2007-10-15,True,-0.0264558285467651,0.0,-0.0264558285467651,49542.518483506836
2007-10-16,True,-0.0109975858903352,0.0,-0.0109975858903352,48997.67038126095
2007-10-17,True,0.0388711795142996,0.0,0.0388711795142996,50902.26762243341
2007-10-18,True,0.0113680132180348,0.0,0.0113680132180348,51480.92527359318
2007-10-19,True,-0.0775750877857153,0.0,-0.0775750877857153,47487.28797620434
2007-10-22,True,0.0369443202222294,0.0,0.0369443202222294,49241.673549682455
2007-10-23,True,0.0661931970825733,0.0,0.0661931970825733,52501.13735163232
2007-10-24,True,-0.0227414597753566,0.0,-0.0227414597753566,51307.184848389705
2007-10-25,True,-0.0372815218080635,0.0,-0.0372815218080635,49394.374917554116
2007-10-26,True,0.0457222787341858,0.0,0.0457222787341858,51652.7982954354
2007-10-29,True,0.0118924795536523,0.0,0.0118924795536523,52267.0781430528
2007-10-30,True,0.0055289483602763,0.0,0.0055289483602763,52556.06011904826
2007-10-31,True,0.0424542901386148,0.0,0.0424542901386148,54787.29034388483
2007-11-01,True,-0.0563255532681531,0.0,-0.0563255532681531,51701.36590320257
2007-11-02,True,0.0227626538896788,0.0,0.0227626538896788,52878.22620088081
2007-11-05,True,-0.0182984100588255,0.0,-0.0182984100588255,51910.63873467376
2007-11-06,True,0.0318559945389186,0.0,0.0318559945389186,53564.3037587173
2007-11-07,True,-0.0737302270116949,0.0,-0.0737302270116949,49614.9954828637
2007-11-08,True,-0.0876481079136528,0.0,-0.0876481079136528,45266.33500464626
2007-11-09,True,-0.1025077684947486,0.0,-0.1025077684947486,40626.18401538424
2007-11-12,True,-0.0770423967244072,0.0,-0.0770423967244072,37496.24542907224
2007-11-13,False,0.0007980467757039813,0.000501611129314384,0.0002964356463895973,37507.3606528232
2007-11-14,False,0.007844297442419601,1.4457637454379085e-06,0.007842851678674163,37801.52531928183
2007-11-15,False,-0.009039307699738224,3.361070683240555e-06,-0.009042668770421465,37459.69864680286
2007-11-16,False,0.0011290527216618392,6.54419006163004e-07,0.0011283983026556762,37501.96810717391
2007-11-19,False,0.0006815451937239019,1.2060210754497454e-06,0.0006803391726484521,37527.48216512863
2007-11-20,False,0.015393308348562493,2.3807652844072827e-06,0.015390927583278086,38105.06492551488
2007-11-21,False,0.0010972472706277613,4.131175506841278e-07,0.0010968341530770771,38146.859862130405
2007-11-23,False,0.009945172106487701,2.288959934997503e-06,0.009942883146552704,38526.149632147484
2007-11-26,False,0.004547014792478304,7.165099203724074e-07,0.004546298282557932,38701.30100005369
2007-11-27,False,-0.010050912026505722,8.044823311212368e-07,-0.010051716508836843,38312.28649387798
2007-11-28,False,-0.005513509015367843,3.317785882726021e-07,-0.005513840793956116,38101.0386456983
2007-11-29,False,-0.003699833746651287,2.093130581047917e-06,-0.003701926877232335,37959.991386685324
2007-11-30,False,-0.007735335882772143,1.7456675936918937e-06,-0.007737081550365835,37666.29183767536
2007-12-03,False,0.009245578072658309,6.514380527268826e-07,0.009244926634605582,38014.513942312304
2007-12-04,False,0.006445147320049939,1.3020252031070017e-06,0.006443845294846832,38259.47358911536
2007-12-05,False,-0.007571603243900775,1.1242759266940905e-06,-0.007572727519827469,37969.74502057295
2007-12-06,False,0.0015094582111165502,1.3149781288135654e-06,0.0015081432329877367,38027.008834584
2007-12-07,False,-0.007798528945078592,3.196466170900941e-07,-0.007798848591695682,37730.441950288005
2007-12-10,False,0.005667848977043284,2.012572313498828e-06,0.005665836404729785,37944.216461856486
2007-12-11,False,-7.136753289229437e-05,2.404951342689879e-06,-7.377248423498425e-05,37941.41722274574
2007-12-12,False,0.0071175448192831005,2.285555492387334e-06,0.007115259263790713,38211.380243121224
2007-12-13,False,-0.012010736502437669,2.144558689082407e-06,-0.01201288106112675,37752.35147707912
2007-12-14,False,-0.005171421584309,1.1791945145799703e-06,-0.005172600778823581,37557.073634426364
2007-12-17,False,-9.387619134434515e-05,8.122435278325735e-07,-9.468843487217772e-05,37553.517413905545
2007-12-18,False,0.005383779353910204,1.4839008152183198e-06,0.005382295453094986,37755.64153993013
2007-12-19,False,0.0018364115362121767,3.3664652240725235e-07,0.0018360748896897694,37824.96372530572
2007-12-20,False,-0.0020754681237448273,8.547514957386038e-07,-0.002076322875240566,37746.426887867725
2007-12-21,False,0.0030386738961591386,2.515444100281372e-06,0.003036158452058857,37861.03102089834
2007-12-24,False,-0.00019711261030882997,4.1235001942369067e-07,-0.00019752496032825366,37853.55252224796
2007-12-26,False,0.008356308597769818,1.971395394903014e-06,0.008354337202374915,38169.79386432663
2007-12-27,False,0.003726765376763181,5.373436116664631e-07,0.0037262280331515144,38312.02322024349
2007-12-28,False,0.008592562250064757,1.49766154947302e-06,0.008591064588515284,38641.16428624531
2007-12-31,False,7.916291117399978e-05,1.1889660361845134e-06,7.797394513781527e-05,38644.17729026942
2008-01-02,False,0.020474356548012867,2.044200697341639e-06,0.020472312347315526,39435.31295816086
2008-01-03,False,0.0033597432770797065,8.317002894218939e-07,0.003358911576790285,39567.77268739037
2008-01-04,False,-0.0007075248272917188,8.500961157236059e-07,-0.0007083749234074424,39539.74386944353
2008-01-07,False,-0.005814859169321805,1.3872568416120195e-06,-0.005816246426163417,39309.77097547147
2008-01-08,False,0.00992708157692397,2.2747786127827878e-06,0.009924806798311186,39699.912857688876
2008-01-09,False,-0.0014465130469091877,6.788661524417261e-07,-0.0014471919130616294,39642.459464851985
2008-01-10,False,0.005015546286359492,2.42554179873683e-06,0.005013120744560755,39841.19190076064
2008-01-11,False,0.005140043005950155,3.598100598267984e-07,0.005139683195890328,40045.96300527722
2008-01-14,False,0.007479216770634178,1.237282226460884e-06,0.007477979488407717,40345.425895224216
2008-01-15,False,-0.003976053726922953,2.231318393076012e-06,-0.0039782850453160285,40184.92029073834
2008-01-16,False,-0.00798025588834385,1.3407421132009267e-06,-0.007981596630457052,39864.1804663506
2008-01-17,False,0.0016365974249812978,6.561540370087077e-07,0.001635941270944289,39929.39592440787
2008-01-18,False,0.003884085500174598,1.1209347738070642e-06,0.003882964565400791,40084.44035390021
2008-01-22,False,0.004677847980318545,1.5872165722164156e-06,0.004676260763746328,40271.885649563876
2008-01-23,False,-0.0034182347505748363,1.842573765384048e-07,-0.0034184190079513746,40134.21947017336
2008-01-24,False,0.006877996727645994,2.9860522338218675e-06,0.0068750106754121715,40410.14265748014
2008-01-25,False,0.0035520359743976744,3.4510152457030433e-07,0.0035516908728731042,40553.66699232821
2008-01-28,False,0.009885850495527685,1.6315128570681126e-06,0.009884218982670617,40954.508317430686
2008-01-29,False,-0.005685270605371766,3.7696845018371505e-07,-0.005685647573821949,40721.655416578615
2008-01-30,False,0.005094499972504117,8.447795991062824e-07,0.00509365519290501,40929.07748815496
2008-01-31,False,-7.298857064344522e-05,1.1827873264157878e-06,-7.417135796986101e-05,40926.04172289721
2008-02-01,False,-0.005625759799724507,2.816370430403295e-06,-0.005628576170154911,40695.68637971694
2008-02-04,False,-0.0008743251496515142,6.045827935500375e-07,-0.0008749297324450642,40660.08051372107
2008-02-05,False,-0.005811689225279924,1.6974382783488257e-06,-0.005813386663558273,40423.7077439234
2008-02-06,False,0.004552845920464426,1.6477654434929184e-06,0.004551198155020933,40607.684048026655
2008-02-07,False,-0.00026257699381953035,1.7305607954775648e-06,-0.0002643075546150079,40596.95113035734
2008-02-08,False,0.00571640756253058,1.1737436138793828e-06,0.005715233818916701,40828.972198402465
2008-02-11,False,0.007917462449838288,1.7350193081383665e-06,0.00791572743053015,41152.16321359372
2008-02-12,False,-0.013265340628499198,1.6616976085087332e-06,-0.013267002326107707,40606.19736851461
2008-02-13,False,0.0006271320127497628,1.044564941135584e-07,0.0006270275562556492,40631.65857321942
2008-02-14,False,0.003116793596335722,1.2483103415984327e-06,0.0031155452859941237,40758.248345549335
2008-02-15,False,0.00016026547675119466,1.0669247993507491e-06,0.00015919855195184392,40764.736999666035
2008-02-19,False,0.009942655884984513,2.8573863849807173e-06,0.009939798498599531,41169.93027129112
2008-02-20,False,0.004053734624741836,2.3359390773087657e-06,0.004051398685664527,41336.72607268113
2008-02-21,False,0.004653741111717746,7.542346689324714e-07,0.004652986877048813,41529.065316637476
2008-02-22,False,0.0009737779790828723,1.6213844300179413e-07,0.0009736158406398705,41569.49867247673
2008-02-25,False,-0.0033897770161971496,1.185648587029131e-06,-0.0033909626647841786,41428.53805448456
2008-02-26,False,0.010879469179391912,1.4328333373022916e-06,0.01087803634605461,41879.19919720515
2008-02-27,False,0.00676204618358215,9.757535078220303e-07,0.006761070430074328,42162.34741253256
2008-02-28,False,0.0116661449702313,7.799191796709071e-07,0.011665365051051629,42654.186586509015
2008-02-29,False,0.0068610628884087825,1.1078535218923408e-06,0.00685995503488689,42946.79238854214
2008-03-03,False,0.00788032562289599,1.3031186048842596e-06,0.007879022504291107,43285.17113225858
2008-03-04,False,-0.01390422224792187,1.6303738330932517e-06,-0.013905852621754963,42683.25392178595
2008-03-05,False,0.012525090928899548,2.3433339139024846e-06,0.012522747594985647,43217.765537181156
2008-03-06,False,-0.002632638034088806,1.6463382664483467e-06,-0.0026342843723552545,43103.91765281845
2008-03-07,False,-0.0013995654488603657,9.462596380970661e-07,-0.0014005117084984627,43043.550111463526
2008-03-10,False,0.004004069694315292,1.0447373535463905e-06,0.004003024956961745,43215.85451679595
2008-03-11,False,-0.0035228017669055238,1.1101186562977317e-06,-0.0035239118855618216,43063.5656534195
2008-03-12,False,0.011238288287953471,4.024293351240771e-07,0.011237885858618346,43547.50908889775
2008-03-13,False,0.006231149279390055,1.7337911850483363e-06,0.006229415488205007,43818.784616488876
2008-03-14,False,0.00490721214040225,4.564168371974653e-07,0.004906755723565052,44033.7926887055
2008-03-17,False,-0.0033106059273841776,2.451347791966124e-06,-0.003313057275176144,43887.90621148459
2008-03-18,False,-0.00886124224728032,3.0372815111635448e-06,-0.008864279528791484,43498.87154289261
2008-03-19,False,-0.020911686460802926,4.279753508645137e-06,-0.02091596621431157,42589.05061534079
2008-03-20,False,-0.01776630566626319,3.157565499827278e-06,-0.017769463231763018,41832.2660463558
2008-03-24,False,-0.004005074577112191,1.583561565765612e-06,-0.004006658138677957,41664.65845714183
2008-03-25,False,0.01524022554574643,2.290035716678157e-06,0.015237935510029752,42299.54183575917
2008-03-26,False,0.01001309665127098,1.5119736774802662e-06,0.0100115846775935,42723.02728067128
2008-03-27,False,-0.0012418692593467512,4.742338129518353e-07,-0.0012423434931597029,42669.95060572105
2008-03-28,False,-0.007280081049262959,1.6512689946345943e-06,-0.007281732318257594,42359.23944737692
2008-03-31,False,-0.006874774937338744,2.28395335729914e-06,-0.006877058890696043,42067.932463132216
2008-04-01,False,-0.024327833498273024,2.7092319326613295e-06,-0.024330542730205684,41044.39683476657
2008-04-02,False,0.014984516581991491,2.8812785672273357e-06,0.014981635303424263,41659.309019394066
2008-04-03,False,0.00030162989799895176,2.2971121057911715e-07,0.00030140018678837265,41671.865142913986
2008-04-04,False,0.009423216241323381,5.889144911813831e-07,0.0094226273268322,42064.523598169675
2008-04-07,False,0.0010277017363680516,1.526128893371656e-06,0.00102617560747468,42107.68918622617
2008-04-08,False,-0.0037289264317623,8.808273881572293e-07,-0.003729807259150457,41950.63562143333
2008-04-09,False,0.017138111234361375,1.967261199124076e-06,0.01713614397316225,42669.50775320788
2008-04-10,False,-0.004653317885272599,1.642880872348984e-07,-0.004653482173359834,42470.945959532284
2008-04-11,False,-8.258299162072422e-05,8.398771532547867e-07,-8.3422868773979e-05,42467.4029113808
2008-04-14,False,-0.00015120807098169712,5.802890895574703e-07,-0.00015178836007125458,42460.956853936405
2008-04-15,False,0.001965795446187544,8.94092654421863e-07,0.0019649013535331223,42544.38844553102
2008-04-16,False,0.005705257197342727,2.221380144693072e-06,0.0057030358171980345,42787.02061665668
2008-04-17,False,-0.00781295750062667,9.116296066015856e-07,-0.007813869130233271,42452.688437085526
2008-04-18,False,-0.010919349425884716,1.691802175428983e-06,-0.010921041228060145,41989.060876422125
2008-04-21,False,-0.0010637647769512273,5.037440813517175e-07,-0.001064268521032579,41944.37324070363
2008-04-22,False,0.0032256713736624767,1.178586372067844e-06,0.003224492787290409,42079.62256968569
2008-04-23,False,-0.0069755465290598714,1.0255920679476949e-06,-0.006976572121127819,41786.051047998444
2008-04-24,False,-0.01771923665462385,1.978053757134654e-06,-0.017721214708380985,41045.5514655615
2008-04-25,False,-0.0023764910460434886,4.927880342334434e-07,-0.002376983834077722,40947.98685326705
2008-04-28,False,0.004684081559441162,3.4248807508249767e-07,0.00468373907136608,41139.776539185485
2008-04-29,False,-0.011336405255143761,1.9110654887063844e-06,-0.011338316320632468,40673.32073942407
2008-04-30,False,0.00681222749947108,4.936748909108585e-07,0.006811733824580168,40950.37657406279
2008-05-01,False,-0.01650941763903657,2.797758977926043e-06,-0.016512215398014493,40274.19513544207
2008-05-02,False,0.0020356153027327353,1.2047912750400847e-06,0.002034410511457695,40356.1293813661
2008-05-05,False,0.011987743374747117,1.830643791688999e-06,0.011985912730955428,40839.834426290305
2008-05-06,False,0.003156401457339038,8.141219254618748e-07,0.003155587335413576,40968.7080905863
2008-05-07,False,-0.0021077625125240744,1.209602765982268e-06,-0.0021089721152900568,40882.30622762379
2008-05-08,False,0.009081779449586394,1.2328797391883833e-06,0.009080546569847206,41253.53991320648
2008-05-09,False,0.007679947447424162,1.9119914317138053e-06,0.007678035455992448,41570.28605534528
2008-05-12,False,-0.004481982703649671,6.051825969074221e-07,-0.004482587886246578,41383.94359464579
2008-05-13,False,-0.010279555978566933,1.3662689142099478e-06,-0.010280922247481143,40958.47848825509
2008-05-14,False,-0.004669900242878101,1.0448961871451086e-06,-0.0046709451390652456,40767.16368225686
2008-05-15,False,0.009383821941995704,1.938967606045866e-06,0.009381882974389659,41149.63644112158
2008-05-16,False,0.011425562551988197,2.1696749748026516e-06,0.011423392877013393,41619.704904934784
2008-05-19,False,3.232971638533032e-05,6.770330644439299e-07,3.165268332088639e-05,41621.022280274046
2008-05-20,False,0.012840464618271928,1.3956401002569036e-06,0.01283906897817167,42155.397456272505
2008-05-21,False,0.007512823635339459,1.8172625258161684e-06,0.0075110063728136426,42472.02691521506
2008-05-22,False,-0.009871174615555022,6.353401742196368e-07,-0.009871809955729241,42052.75113707344
2008-05-23,False,0.005996703730374427,8.057177277672189e-07,0.005995898012646659,42304.895144042544
2008-05-27,False,-0.013496935642145226,1.5431277267287104e-06,-0.013498478769871954,41733.84341507903
2008-05-28,False,-0.0027068021783625516,4.264274308336119e-07,-0.0027072286057933854,41620.860360356026
2008-05-29,False,-0.017979730325639234,2.453218119009573e-06,-0.017982183543758242,40872.42641010698
2008-05-30,False,0.007253928124105549,5.97632731706585e-07,0.007253330491373843,41168.88762684383
2008-06-02,False,0.0068324990803698355,4.2004685022052626e-07,0.006832079033519615,41450.15672083252
2008-06-03,False,-0.0022662824196901543,1.6724647519606728e-06,-0.002267954884442115,41356.149635436625
2008-06-04,False,-0.0033577677062303483,1.1881347287971689e-07,-0.003357886519703228,41217.28037806896
2008-06-05,False,0.001933363759645192,1.4649404439614212e-06,0.0019318988192012305,41296.90799336203
2008-06-06,False,0.020189217867474,2.436220310836776e-06,0.020186781647163164,42130.559657727026
2008-06-09,False,-0.009951049931224287,4.969904725963398e-07,-0.009951546921696884,41711.2954164558
2008-06-10,False,-0.017309621260211554,1.7673834657003229e-06,-0.017311388643677254,40989.214970670306
2008-06-11,False,0.010764926190888624,1.3361177989083401e-06,0.010763590073089715,41430.406078032356
2008-06-12,False,-0.00980741187607506,1.0958567699602823e-06,-0.00980850773284502,41024.03561964107
2008-06-13,False,-0.0007667718170630719,5.760628703278676e-07,-0.0007673478799333997,40992.555912882024
2008-06-16,False,0.005046036661626655,1.4430638010304865e-06,0.005044593597825624,41199.346697998655
2008-06-17,False,0.0015409122156395817,3.928799757194068e-07,0.0015405193356638623,41262.81508820364
2008-06-18,False,0.0071950089766788725,7.628669364736357e-07,0.007194246109742399,41559.66993512898
2008-06-19,False,-0.003365455204909098,8.280051936699478e-07,-0.003366283210102768,41419.768316008944
2008-06-20,False,0.004725883657992531,3.4044741512712085e-07,0.004725543210577404,41615.49922095835
2008-06-23,False,-0.008299917156963287,2.1193763763863866e-06,-0.008302036533339673,41270.00582607278
2008-06-24,False,0.00378745465216159,2.0546425547667003e-07,0.0037872491879061133,41426.305622122454
2008-06-25,False,-0.0015395750482686832,2.7048726072605165e-07,-0.0015398455355294092,41362.51551035675
2008-06-26,False,0.01946909282882196,2.782729688695626e-06,0.019466310099133265,42167.691063761566
2008-06-27,False,0.005754419995692238,6.615917257927484e-07,0.005753758403966446,42410.313770595545
2008-06-30,False,0.001637398904561779,4.176615707121023e-07,0.001636981242991067,42479.738658747374
2008-07-01,False,0.00577186037635061,1.32795535256916e-06,0.00577053242099804,42724.86936791319
2008-07-02,False,0.006280390456004359,8.777556093807343e-07,0.006279512700394978,42993.16072773172
2008-07-03,False,-0.006491237637888537,1.0889415178139961e-06,-0.006492326579406351,42714.035087606375
2008-07-07,False,-0.007391611346572152,1.6828680706999084e-06,-0.007393294214642852,42398.23765910912
2008-07-08,False,-0.007720011957217637,2.3531644649370103e-06,-0.007722365121682575,42070.82298738961
2008-07-09,False,0.0038971995804636846,5.223969994160721e-07,0.0038966771834642684,42234.75940341414
2008-07-10,False,0.011858700431608684,1.8099329054548502e-06,0.01185689049870323,42735.5323208995
2008-07-11,False,0.004747124395327547,2.103429987298372e-06,0.004745020965340249,42938.31331772715
2008-07-14,False,0.004412283992819819,5.756564574554146e-07,0.004411708336362364,43127.74463254031
2008-07-15,False,-0.0025665183257073537,1.7484009153720947e-06,-0.002568266726622726,43016.98108100627
2008-07-16,False,-0.011555244897281979,1.0848168022881688e-06,-0.011556329714084266,42519.86266432964
2008-07-17,False,-0.008683782777463208,1.7915940170253887e-06,-0.008685574371480233,42150.55323489348
2008-07-18,False,-0.0019640053814584855,2.393534423492938e-07,-0.0019642447349008346,42067.75923262868
2008-07-21,False,0.004790214940489308,8.787858168824298e-07,0.004789336154672426,42269.23587286757
2008-07-22,False,-0.013153267066990363,1.9236986355372634e-06,-0.0131551907656259,41713.17601144276
2008-07-23,False,-0.015338209092121614,2.2969799884360323e-06,-0.01534050607211005,41073.27478155223
2008-07-24,False,0.004155443710176254,1.0415790618680947e-06,0.004154402131114386,41243.90968183656
2008-07-25,False,-0.002328559768772391,1.0474918259180122e-06,-0.002329607260598309,41147.82757038629
2008-07-28,False,0.004870565754258357,7.354683846383242e-07,0.004869830285873718,41348.21050728646
2008-07-29,False,-0.008868965425931378,1.3435698048088196e-06,-0.008870308995736187,40981.43910366608
2008-07-30,False,-0.0027371517756892075,1.5165349114555222e-06,-0.002738668310600663,40869.204535070065
2008-07-31,False,0.004601361817531991,1.093528582257211e-06,0.004600268288949733,41057.21384068734
2008-08-01,False,-0.004348975371603349,5.814800021321092e-07,-0.0043495568516054815,40878.633154918745
2008-08-04,False,-0.010960119885783251,1.699447919354502e-06,-0.010961819333702607,40430.52896366582
2008-08-05,False,-0.013498136117150712,1.9843869511792375e-06,-0.013500120504101891,39884.71195061175
2008-08-06,False,-0.0010700702672026014,1.2639555170405881e-06,-0.001071334222719642,39841.98209373574
2008-08-07,False,-0.00016745657158230565,1.2007392774934512e-06,-0.0001686573108597991,39835.262452176496
2008-08-08,False,-0.013519706582108605,1.989005464231364e-06,-0.013521695587572836,39296.62215964709
2008-08-11,False,-0.017483671106017496,3.6644001617183454e-06,-0.017487335506179213,38609.428943681785
2008-08-12,False,-0.002247289157144745,1.1081948435666539e-06,-0.002248397351988312,38522.61960588303
2008-08-13,False,0.005217388304776396,1.2764518064102143e-06,0.005216111852969985,38723.557898616724
2008-08-14,False,-0.009599404214414462,2.944465339610389e-06,-0.009602348679754073,38351.72079355356
2008-08-15,False,-0.007843597624923317,2.3236485371795344e-06,-0.007845921273460496,38050.8162115056
2008-08-18,False,0.005978058224269515,1.506578582263371e-06,0.005976551645687251,38278.22887975421
2008-08-19,False,0.008481462299013986,2.0168576367588926e-06,0.008479445441377227,38602.807033132645
2008-08-20,False,-0.0003561181082471296,7.076169206660377e-07,-0.00035682572516779567,38589.03255851953
2008-08-21,False,0.010489268363681753,2.8847109659959485e-06,0.010486383652715757,38993.69195871531
2008-08-22,False,-0.0074011348885996255,1.2463401152971177e-06,-0.007402381228714922,38705.045785321825
2008-08-25,False,0.0021211621842746014,6.604666479414351e-07,0.00212050171762666,38787.11990139042
2008-08-26,False,0.002365648299462655,3.9334420253327177e-07,0.0023652549552601217,38878.861328937455
2008-08-27,False,0.0018830065941583488,2.1575929147167606e-07,0.001882790834866877,38952.06209271764
2008-08-28,False,0.002716917701300949,1.2236323591982152e-06,0.0027156940689417506,39057.84397671588
2008-08-29,False,-0.0014836502521224793,7.069685038764012e-07,-0.0014843572206263557,38999.868183986946
2008-09-02,False,-0.006690345229651905,4.031652409795458e-06,-0.0066943768820617,38738.78836801261
2008-09-03,False,-0.0013724951930392353,6.62429239788348e-07,-0.0013731576222790235,38685.59390548722
2008-09-04,False,-0.001069069209805831,8.7908475936542e-07,-0.0010699482945651965,38644.20232026381
2008-09-05,False,0.0037880688404021297,9.149313770291517e-07,0.0037871539090251006,38790.55386214215
2008-09-08,False,-0.0002155250147821175,2.1736046148543298e-07,-0.00021574237524360292,38782.185095914916
2008-09-09,False,-0.009768959735739267,3.4140742539439248e-06,-0.00977237380999321,38403.19108598929
2008-09-10,False,-0.00881576442584057,3.5078030465211103e-06,-0.008819272228887091,38064.50288934398
2008-09-11,False,-0.004776900533725426,1.7722713472321655e-06,-0.004778672805072659,37882.60508454807
2008-09-12,False,0.003697644242914642,4.99834265969458e-06,0.0036926459002549475,38022.492130904495
2008-09-15,False,0.014217592103267044,2.035597296616912e-06,0.014215556505970426,38563.003016289185
2008-09-16,False,-0.0020290978638533284,1.54966072390679e-06,-0.0020306475245772354,38484.6951496739
2008-09-17,False,0.03300441013517664,1.2891343945253903e-05,0.03299151879123138,39754.363692879175
2008-09-18,False,-0.012799304748378875,3.0939878925491103e-06,-0.012802398736271425,39245.41247737619
2008-09-19,False,-0.0008071614864819492,6.54077293635727e-06,-0.0008137022594183064,39213.47839657154
2008-09-22,False,0.0018713200082709329,5.880096575857946e-06,0.0018654399116950749,39286.6287842489
2008-09-23,False,-0.0016306242917935264,1.3376479221841874e-06,-0.0016319619397157105,39222.514501333266
2008-09-24,False,-0.0009039295065580849,2.8901531837045717e-06,-0.0009068196597417895,39186.94675407895
2008-09-25,False,-0.0044514757368539866,2.4324116867288636e-07,-0.00445171897802266,39012.49747952305
2008-09-26,False,0.0039059435053537205,9.320356040267292e-07,0.003905011469749694,39164.84172964417
2008-09-29,False,0.031278097771935943,2.9448742830775615e-06,0.03127515289765287,40389.728142951164
2008-09-30,False,-0.016800977919563344,5.668411180729472e-06,-0.016806646330744072,39710.91226665769
2008-10-01,False,0.006403402875107579,6.915944165850757e-07,0.006402711280690994,39965.169772593945
2008-10-02,False,0.0025051092966170765,7.4555651413135274e-06,0.002497653731475763,40064.98892800553
2008-10-03,False,0.003552328399989218,8.431242790302162e-08,0.003552244087561315,40207.30954804324
2008-10-06,False,0.03439477247565474,6.958211808725675e-06,0.03438781426384602,41589.95104083032
2008-10-07,False,0.005847094442977881,4.909603453978923e-06,0.005842184839523902,41832.92722227759
2008-10-08,False,0.007280911283421882,2.8716407875724744e-06,0.0072780396426343095,42137.38892496877
2008-10-09,False,-0.0029388352124028305,1.3885472953277662e-06,-0.002940223759698158,42013.49557287993
2008-10-10,False,-0.01025857993028796,1.0785006399442395e-05,-0.010269364936687403,41582.043654576126
2008-10-13,False,-0.019411954513319105,2.6035475272864346e-06,-0.019414558060846392,40774.746653755705
2008-10-14,False,-0.000966560823783537,6.028225273413679e-07,-0.0009671636463108783,40735.31080110466
2008-10-15,False,0.017063165091805544,2.6574611202131588e-06,0.01706050763068533,41430.275881865244
2008-10-16,False,-0.01213339767471089,6.093952756868443e-06,-0.012139491627467759,40927.33339467366
2008-10-17,False,-0.01377931170883751,2.6252095163480925e-06,-0.013781936918353858,40363.27546759183
2008-10-20,False,0.006928034361108684,1.6187284018303744e-06,0.006926415632706854,40642.848289777816
2008-10-21,False,-0.0014439224212619839,5.010745341205825e-06,-0.0014489331666031897,40583.95951890554
2008-10-22,False,-0.0023163351457474216,9.104979884264966e-06,-0.0023254401256316867,40489.58395098326
2008-10-23,False,-0.0015536119652327467,2.2374113966557723e-06,-0.0015558493766294026,40426.58825703314
2008-10-24,False,0.0151471589815357,3.1976195498502057e-06,0.01514396136198585,41038.80694759457
2008-10-27,False,-0.0008180066870826372,2.986735420648645e-07,-0.000818305360624702,41005.22467187571
2008-10-28,False,0.000497141842754755,3.632896312009651e-06,0.0004935089464427453,41025.461117102175
2008-10-29,False,-0.014495536042164294,5.532608789758434e-06,-0.014501068650954053,40430.54808900603
2008-10-30,False,-0.005066318753553072,2.0715159686788278e-06,-0.00506839026952175,40225.63029248028
2008-10-31,False,-0.0061278982260130795,2.132084321525854e-06,-0.006130030310334605,39979.04595953506
2008-11-03,False,0.002117798946079323,9.117259389613691e-07,0.0021168872201403617,40063.6770910002
2008-11-04,False,0.0062319539667646156,9.742941431955934e-06,0.00622221102533266,40312.96174431119
2008-11-05,False,0.0016499371332934266,6.18247163163553e-06,0.001643754661661791,40379.2263631038
2008-11-06,False,0.013807833290040586,5.9926160745973205e-06,0.013801840673965988,40936.534011905365
2008-11-07,False,0.0005118654133080573,5.605730602274012e-07,0.0005113048402478298,40957.46505988863
2008-11-10,False,0.0019597100644055247,2.1519273322922193e-06,0.0019575581370732324,41037.641678890504
2008-11-11,False,0.004688176880417584,5.1494954411241965e-06,0.00468302738497646,41229.8220786876
2008-11-12,False,0.004102741485885286,5.403704365227718e-06,0.004097337781520058,41398.754586415955
2008-11-13,False,0.005428401962152278,4.191564096965458e-06,0.005424210398055313,41623.310141510134
2008-11-14,False,0.004212979786982738,2.548094892220881e-06,0.004210431692090517,41798.56224565966
2008-11-17,False,0.002898286274142039,2.006137925629106e-06,0.00289628013621641,41919.622591214174
2008-11-18,False,0.007536704959370943,1.6712865134173027e-06,0.007535033672857526,42235.48835899245
2008-11-19,False,0.0033498089592103575,1.1291524152963334e-06,0.003348679806795061,42376.92148599033
2008-11-20,False,0.024736355817790805,3.70561072495354e-06,0.024732650207065852,43425.01506195563
2008-11-21,False,0.021702444121769252,8.452718786246399e-06,0.021693991402983007,44367.0769653841
2008-11-24,False,-0.01274612116696707,7.425290119738221e-06,-0.012753546457086807,43801.23938814093
2008-11-25,False,0.009399047835457993,1.6335520983757762e-06,0.009397414283359617,44212.8577807959
2008-11-26,False,-0.002238090993279325,9.37597251733091e-07,-0.002239028590531058,44113.86392815562
2008-11-28,False,0.0043784056371504836,8.710636747461531e-07,0.004377534573475737,44306.97389267073
2008-12-01,False,0.0010174786691093604,9.830428343410677e-06,0.0010076482407659498,44351.61973696734
2008-12-02,False,0.013204256081737009,1.8992269262767259e-06,0.013202356854810733,44937.16564782365
2008-12-03,False,0.0023822123318784955,2.0598707554263797e-06,0.002380152461123069,45044.12295323621
2008-12-04,False,0.007494599632850693,3.0000823120636957e-06,0.007491599550538629,45381.57548450709
2008-12-05,False,0.0013027380127613776,4.23402783553134e-06,0.0012985039849258463,45440.50364111593
2008-12-08,False,-0.009080855326406748,6.2886302538015945e-06,-0.00908714395666055,45027.57924306595
2008-12-09,False,0.007901142179405142,1.0928416065197761e-06,0.007900049337798622,45383.299340647805
2008-12-10,False,0.007988474985388598,6.087528261225231e-06,0.007982387457127373,45745.56642006765
2008-12-11,False,-0.0053056380776002705,4.084062209704378e-06,-0.005309722139809975,45502.670173248865
2008-12-12,False,0.003818979359806965,8.021068770908829e-07,0.0038181772529298744,45676.407433451925
2008-12-15,False,0.007696555130902293,2.3906305118012032e-06,0.007694164500390492,46027.84922603177
2008-12-16,False,0.005654841429319856,4.034658219102788e-06,0.005650806771100753,46287.94370809744
2008-12-17,False,0.005499232088055774,9.921288842076602e-07,0.005498239959171566,46542.44592982119
2008-12-18,False,0.0015001470932353006,3.28851385462664e-06,0.001496858579380674,46612.1133893166
2008-12-19,False,0.001632962684864721,3.6701796194905103e-06,0.0016292925052452305,46688.05815631545
2008-12-22,False,0.003737255217008434,1.0473433443312085e-06,0.0037362078736641025,46862.494446805154
2008-12-23,False,-0.004194968608353378,9.623599391859611e-07,-0.004195930968292565,46665.86265510437
2008-12-24,False,0.00394854971431513,1.0571094492247552e-06,0.003947492604865905,46850.07580283508
2008-12-26,False,0.0019045426612731055,4.169482818974654e-06,0.0019003731784541307,46939.10843029933
2008-12-29,False,0.0054167844860776235,5.544794896187727e-07,0.005416230006588005,47193.341437862015
2008-12-30,False,-0.00163793061450559,5.965409754353363e-07,-0.0016385271554810253,47116.01386635819
2008-12-31,False,-0.010602575821443834,3.873978177112824e-06,-0.010606449799620948,46616.28023052641
2009-01-02,False,-0.010421839694704838,1.5542245971502667e-06,-0.010423393919301988,46130.38037863107
2009-01-05,False,-0.015041548662069318,2.122164463958673e-06,-0.015043670826533276,45436.410121112174
2009-01-06,False,-0.0074965306509658935,4.230626580002131e-06,-0.007500761277545896,45095.602455485045
2009-01-07,False,0.0044375964986697325,6.111613044242029e-06,0.004431484885625491,45295.4429361747
2009-01-08,False,0.012075770491808203,1.4397967648107912e-06,0.012074330695043392,45842.35509316455
2009-01-09,False,0.0013627371477264092,1.290958619071525e-06,0.0013614461891073377,45904.766992805846
2009-01-12,False,0.006108794361573633,7.438096471286418e-06,0.006101356265102347,46184.84833049547
2009-01-13,False,0.0032186078669863157,8.225844454017028e-07,0.003217785282540914,46333.46125572973
2009-01-14,False,0.00226026757109333,2.6169148119604967e-06,0.0022576506562813695,46438.06602494152
2009-01-15,False,0.0017265733685782908,9.638602807010844e-07,0.0017256095082975897,46518.19999322111
2009-01-16,False,0.0009423963639370291,4.648437815528428e-06,0.0009377479261215007,46561.82233879166
2009-01-20,False,0.016659346797656873,3.2729689961782242e-06,0.016656073828660696,47337.35948926355
2009-01-21,False,-0.00836628423685887,6.830001337765068e-07,-0.008366967236992645,46941.28935333114
2009-01-22,False,0.002081658559622895,9.025560484174911e-07,0.0020807560035744775,47038.962722968616
2009-01-23,False,0.006907214596538553,6.586852553809267e-06,0.006900627743984744,47363.561094182995
2009-01-26,False,-0.00472475355854528,2.0957764340739373e-06,-0.004726849334979354,47139.680676922704
2009-01-27,False,0.006772637433350353,2.4678465975287305e-06,0.006770169586752824,47458.82430937084
2009-01-28,False,-0.010663184137692407,8.096008762424472e-07,-0.010663993738568649,46952.72370409588
2009-01-29,False,0.006545135212491175,2.855985285060453e-06,0.006542279227206115,47259.90153304594
2009-01-30,False,0.008377440905726825,1.9579301398131716e-06,0.008375482975587012,47655.72603376389
2009-02-02,False,0.001690136553426547,4.782060503129251e-06,0.0016853544929234178,47736.04282574842
2009-02-03,False,-0.009947916331332981,1.3706490468151783e-06,-0.009949286980379796,47261.10323636734
2009-02-04,False,0.0015020817902038068,1.0855738905431872e-06,0.0015009962163132636,47332.04197350392
2009-02-05,False,-0.0015552660701302786,2.5631086375429853e-06,-0.0015578291787678215,47258.30673742694
2009-02-06,False,-0.010060928046841323,1.8248718970439726e-06,-0.010062752918738366,46782.75807337026
2009-02-09,False,-0.007166113265032071,1.1766888011417315e-06,-0.007167289953833212,46447.45248141839
2009-02-10,False,0.024417743379241203,2.9353677145488865e-06,0.024414808011526654,47581.45811637673
2009-02-11,False,0.013215108306569872,1.7563092888593508e-06,0.013213351997281013,48210.168671012296
2009-02-12,False,0.011796440149836248,2.1765840317654605e-06,0.011794263565804482,48778.7721068701
2009-02-13,False,-0.0096577484630494,1.2793980271555012e-06,-0.009659027861076556,48307.61658806074
2009-02-17,False,0.03389107892767316,4.236249125259689e-06,0.0338868426785479,49944.60919155596
2009-02-18,False,0.005850948669584089,1.8034713092055094e-06,0.0058491451982748835,50236.742462588474
2009-02-19,False,-0.013541969237780624,1.5912200466251524e-06,-0.01354356045782725,49556.35810384211
2009-02-20,False,0.011599658510344266,1.5811633854812685e-06,0.011598077346958785,50131.11657816406
2009-02-23,False,0.0005064278701857792,4.2871157681161064e-07,0.0005059991586089676,50156.48288097274
2009-02-24,False,-0.01806160345913309,2.634858059873929e-06,-0.018064238317192966,49250.444221058635
2009-02-25,False,-0.010600833017106792,1.0238820176291519e-06,-0.01060185689912442,48728.29805920866
2009-02-26,False,-0.009183721987162689,2.783273815071319e-06,-0.00918650526097776,48280.65529272925
2009-02-27,False,0.0032721581593081676,1.5412637148085605e-06,0.003270616895593359,48438.56281965997
2009-03-02,False,0.012429736767875654,5.7041428775662235e-06,0.012424032624998088,49040.36510443944
2009-03-03,False,-0.00964183849460483,1.3369010310563117e-06,-0.009643175395635887,48567.46026227132
2009-03-04,False,-0.01776103255917327,3.327256755708663e-06,-0.017764359815928978,47704.690422826505
2009-03-05,False,0.02776922120484948,3.256764096440157e-06,0.027765964440753042,49029.25716076383
2009-03-06,False,-0.0008296540080777677,6.823846939948836e-07,-0.0008303363927717626,48988.546384232686
2009-03-09,False,-0.004525639482936108,2.3625719766642433e-06,-0.004528002054912773,48766.72614553769
2009-03-10,False,-0.013440553253942028,2.261990130497285e-06,-0.013442815244072525,48111.16405590494
2009-03-11,False,0.010371448295039819,1.2883640919901657e-06,0.01037015993094783,48610.08452162874
2009-03-12,False,0.0010764381969972057,3.717071834728983e-06,0.0010727211251624767,48662.229586191024
2009-03-13,False,0.0015778810526410221,1.2278643305393967e-07,0.0015777582662079683,48739.00682117275
2009-03-16,False,-0.010109836288048273,2.0541275115148193e-06,-0.010111890415559788,48246.16332523383
2009-03-17,False,-0.008499773984573824,1.0220582668382244e-06,-0.008500796042840661,47836.032530956436
2009-03-18,False,0.020922893072458426,2.8704245919335125e-06,0.020920022647866493,48836.763414888126
2009-03-19,False,-0.007742212915652536,4.595208261476705e-06,-0.007746808123914013,48458.43437932
2009-03-20,False,-0.0031383789030970852,8.220395058082253e-07,-0.0031392009426028933,48306.31361643938
2009-03-23,False,-0.016070032372409542,2.299296361060313e-06,-0.016072331668770604,47529.91852230032
2009-03-24,False,-0.0077120500407608554,1.1552241712974448e-06,-0.0077132052649321525,47163.310504512316
2009-03-25,False,0.007975417931227335,1.8707696261675565e-06,0.007973547161601167,47539.36938511728
2009-03-26,False,0.00018401110441626511,5.468413420361279e-07,0.00018346426307422898,47548.09116048854
2009-03-27,False,0.004472373176822659,4.0017073419519045e-06,0.004468371469480707,47760.55369445833
2009-03-30,False,0.012141117018772006,4.8706783543437665e-06,0.012136246340417663,48340.18753944903
2009-03-31,False,-0.007296262661657764,3.902429372779376e-06,-0.007300165091030543,47987.296189879664
2009-04-01,False,0.006682357393389879,9.67331468945412e-07,0.006681390061920933,48307.91803374118
2009-04-02,False,-0.028053433932982295,4.557274887816071e-06,-0.02805799120787011,46952.49489427996
2009-04-03,False,-0.014588361450442561,1.3465842155190173e-06,-0.01458970803465808,46267.47170227364
2009-04-06,False,-0.005962013032620109,3.4413551526726316e-06,-0.005965454387772782,45991.46521019616
2009-04-07,False,0.011473510238761026,1.7503097782424065e-06,0.011471759928982783,46519.0682578697
2009-04-08,False,0.0022576320460731595,6.246451578628826e-07,0.0022570074009152967,46624.0621392114
2009-04-09,False,-0.006807967729427017,1.1347305876511644e-06,-0.006809102460014668,46306.594123003415
2009-04-13,False,0.0040806896258444,2.511532818390408e-06,0.00407817809302601,46495.44066071849
2009-04-14,False,0.00043034139386430043,1.0384943090926551e-06,0.0004293028995552078,46515.401288210225
2009-04-15,False,0.0022200577605563927,3.5087807032424534e-07,0.0022197068824860683,46618.651844591266
2009-04-16,False,-0.008381182443552527,1.8375897033130196e-06,-0.00838302003325584,46227.84675225468
2009-04-17,False,-0.00576083837095983,2.1303364757122024e-07,-0.005761051404607401,45961.52575079063
2009-04-20,False,0.027074055588346635,4.802630711099626e-06,0.027069252957635535,47205.66991765766
2009-04-21,False,-0.0051091433594435,1.0287320462622206e-06,-0.0051101720914897624,46964.440820684365
2009-04-22,False,-0.0013467101948760245,1.1659034214068498e-06,-0.0013478760982974314,46901.13857343226
2009-04-23,False,0.0034051344758226063,2.133699584768556e-06,0.0034030007762378377,47060.74318440409
2009-04-24,False,-0.003337038398007091,2.2905399167095916e-06,-0.0033393289379238006,46903.59188284821
2009-04-27,False,0.009655199884778582,3.6489024698306283e-06,0.009651550982308752,47356.284291158925
2009-04-28,False,-0.007289947517490878,1.15270129593735e-06,-0.007291100218786815,47011.00487640272
2009-04-29,False,-0.008991042466821655,3.4188990554604866e-06,-0.008994461365877116,46588.16620927086
2009-04-30,False,-0.006979187516791764,1.4739765418619739e-06,-0.0069806614933336265,46262.94999136877
2009-05-01,False,-0.011466901228481768,2.9594522080802073e-06,-0.011469860680689848,45732.32040029005
2009-05-04,False,0.001688828831595562,2.9529559067913573e-06,0.0016858758756887707,45809.41941599217
2009-05-05,False,0.0009533957869514387,1.0500995416958397e-06,0.0009523456874097429,45853.04581901573
2009-05-06,False,-0.003901342461121103,3.894971875643125e-06,-0.0039052374329967463,45673.97878806639
2009-05-07,False,-0.006684116044992131,1.1922833527898552e-06,-0.006685308328344921,45368.63415728588
2009-05-08,False,-0.00975414094816951,4.299581903207145e-06,-0.009758440530072717,44925.907038931386
2009-05-11,False,0.0062271269716884245,1.5971995403815248e-06,0.006225529772148043,45205.594610743006
2009-05-12,False,0.0012269828644717329,1.6702782187372896e-06,0.0012253125862529955,45260.985594788595
2009-05-13,False,0.009542554497615197,1.8750151494829892e-06,0.009540679482465715,45692.806151408964
2009-05-14,False,-0.0025428874776076585,7.397331452171363e-07,-0.0025436272107528758,45576.58068634659
2009-05-15,False,0.010432721854828941,2.6403338224879338e-06,0.010430081521006452,46051.94813835392
2009-05-18,False,-0.014443965436764822,1.9643791856007314e-06,-0.014445929815950423,45386.684927659466
2009-05-19,False,-0.001472579419779042,1.4567152255651472e-06,-0.001474036135004607,45319.78331402803
2009-05-20,True,-0.0093307444007462,0.0005,-0.0098307444007462,44874.256107970614
2009-05-21,True,-0.0567149923435154,0.0,-0.0567149923435154,42329.213016386115
2009-05-22,True,-0.009297513922639,0.0,-0.009297513922639,41935.65656903191
2009-05-26,True,0.1087660150223516,0.0,0.1087660150223516,46496.83082139141
2009-05-27,True,-0.0228262661235273,0.0,-0.0228262661235273,45435.481787161705
2009-05-28,True,0.0394020332692203,0.0,0.0394020332692203,47225.7321521425
2009-05-29,True,0.0321945473522349,0.0,0.0321945473522349,48746.143222158615
2009-06-01,True,0.0867924753524245,0.0,0.0867924753524245,52976.941656293566
2009-06-02,True,0.0064413385224055,0.0,0.0064413385224055,53318.18407138348
2009-06-03,True,-0.0099074055273554,0.0,-0.0099074055273554,52789.939199806104
2009-06-04,True,0.0351384341172879,0.0,0.0351384341172879,54644.89500043412
2009-06-05,True,0.0009047240393678,0.0,0.0009047240393678,54694.33355056974
2009-06-08,True,-0.0095222937917256,0.0,-0.0095222937917256,54173.51803775858
2009-06-09,True,0.0262826692136134,0.0,0.0262826692136134,55597.3426924827
2009-06-10,True,-0.0125861567580082,0.0,-0.0125861567580082,54897.585822026405
2009-06-11,True,0.0034515623156351,0.0,0.0034515623156351,55087.06826046905
2009-06-12,True,-0.0141476267378513,0.0,-0.0141476267378513,54307.7169806374
2009-06-15,True,-0.0665031478731724,0.0,-0.0665031478731724,50696.08284761968
2009-06-16,True,-0.0282686349474496,0.0,-0.0282686349474496,49262.97378833465
2009-06-17,True,0.0262353633011075,0.0,0.0262353633011075,50555.40580296455
2009-06-18,True,-0.004345637474055,0.0,-0.004345637474055,50335.71033699113
2009-06-19,True,0.0359282398717094,0.0,0.0359282398717094,52144.183812091425
2009-06-22,True,-0.0910248741714562,0.0,-0.0910248741714562,47397.76604182252
2009-06-23,True,-0.0045610478197525,0.0,-0.0045610478197525,47181.58256435633
2009-06-24,True,0.0475577647369714,0.0,0.0475577647369714,49425.433167869975
2009-06-25,True,0.0595850426259744,0.0,0.0595850426259744,52370.44970998476
2009-06-26,True,0.0088637462545136,0.0,0.0088637462545136,52834.648087448826
2009-06-29,True,0.0073173352272278,0.0,0.0073173352272278,53221.2569191173
2009-06-30,True,-0.0133427486722742,0.0,-0.0133427486722742,52511.13906402299
2009-07-01,True,0.0082672030805938,0.0,0.0082672030805938,52945.25931465856
2009-07-02,True,-0.071041855344634,0.0,-0.071041855344634,49183.929861242446
2009-07-06,True,-0.0109709598607628,0.0,-0.0109709598607628,48644.334940940185
2009-07-07,True,-0.0754656487093703,0.0,-0.0754656487093703,44973.35864858624
2009-07-08,True,0.0143760043490545,0.0,0.0143760043490545,45619.895848109896
2009-07-09,True,0.0072929387351579,0.0,0.0072929387351579,45952.59895363445
2009-07-10,True,0.010264937748886,0.0,0.010264937748886,46424.29952129303
2009-07-13,True,0.0588266942585907,0.0,0.0588266942585907,49155.287595401365
2009-07-14,True,0.0106123448604743,0.0,0.0106123448604743,49676.94045907956
2009-07-15,True,0.0993662714019488,0.0,0.0993662714019488,54613.15280715491
2009-07-16,True,0.0357172423802686,0.0,0.0357172423802686,56563.78402311871
2009-07-17,True,0.0165328576915354,0.0,0.0165328576915354,57498.94501486767
2009-07-20,True,0.032842971125777,0.0,0.032842971125777,59387.381205753605
2009-07-21,True,0.0174670692999855,0.0,0.0174670692999855,60424.704708819154
2009-07-22,True,0.023122028156773,0.0,0.023122028156773,61821.84643246116
2009-07-23,True,0.0699670008578417,0.0,0.0699670008578417,66147.33561483453
2009-07-24,True,-0.0046471129569365,0.0,-0.0046471129569365,65839.94147443201
2009-07-27,True,0.0004295991767132,0.0,0.0004295991767132,65868.22625908427
2009-07-28,True,0.0115153914384907,0.0,0.0115153914384907,66626.72466781668
2009-07-29,True,-0.010989463653292,0.0,-0.010989463653292,65894.53269874182
2009-07-30,True,0.0192031448731267,0.0,0.0192031448731267,67159.91495650275
2009-07-31,True,-0.012170496474862,0.0,-0.012170496474862,66342.5454482726
2009-08-03,True,0.0462883041420264,0.0,0.0462883041420264,69413.42936953845
2009-08-04,True,0.000642695031573,0.0,0.000642695031573,69458.04103571869
2009-08-05,True,-0.0259220270992567,0.0,-0.0259220270992567,67657.54781372951
2009-08-06,True,-0.02633246805909,0.0,-0.02633246805909,65875.95759696812
2009-08-07,True,0.035953957409101,0.0,0.035953957409101,68244.45897069326
2009-08-10,True,-0.0168223702077303,0.0,-0.0168223702077303,67096.425417262
2009-08-11,True,-0.0293606335070969,0.0,-0.0293606335070969,65126.43186094951
2009-08-12,True,0.0468043062783511,0.0,0.0468043062783511,68174.62932458555
2009-08-13,True,0.016743432523662,0.0,0.016743432523662,69316.10663050742
2009-08-14,True,-0.0314824091943757,0.0,-0.0314824091943757,67133.8685978048
2009-08-17,True,-0.0869536620219827,0.0,-0.0869536620219827,61296.332877523084
2009-08-18,True,0.0413887396163755,0.0,0.0413887396163755,63833.31083842956
2009-08-19,True,0.0190788252200774,0.0,0.0190788252200774,65051.17541913482
2009-08-20,True,0.0330501283499044,0.0,0.0330501283499044,67201.12511604938
2009-08-21,True,0.043747261474237,0.0,0.043747261474237,70140.99030786411
2009-08-24,True,-0.0055339449084478,0.0,-0.0055339449084478,69752.8339316764
2009-08-25,True,0.0093570490998674,0.0,0.0093570490998674,70405.51462362999
2009-08-26,True,-0.0053432226523615,0.0,-0.0053432226523615,70029.32228304185
2009-08-27,True,0.0072374737485491,0.0,0.0072374737485491,70536.15766469405
2009-08-28,True,0.0041120437092092,0.0,0.0041120437092092,70826.20542809095
2009-08-31,True,-0.0329912559107276,0.0,-0.0329912559107276,68489.55995962703
2009-09-01,True,-0.0542158516552373,0.0,-0.0542158516552373,64776.340136923405
2009-09-02,True,-0.0029701196339777,0.0,-0.0029701196339777,64583.946657265515
2009-09-03,True,0.0219781391255439,0.0,0.0219781391255439,66003.3816221756
2009-09-04,True,0.0599070294641672,0.0,0.0599070294641672,69957.44814974995
2009-09-08,True,0.0306206230943712,0.0,0.0306206230943712,72099.58880218747
2009-09-09,True,0.0261042173694145,0.0,0.0261042173694145,73981.69214052518
2009-09-10,True,0.030389685773654,0.0,0.030389685773654,76229.97251767897
2009-09-11,True,-0.0012831777728241,0.0,-0.0012831777728241,76132.15591132129
2009-09-14,True,0.0147358881503456,0.0,0.0147358881503456,77254.0308454752
2009-09-15,True,0.0101826487767378,0.0,0.0101826487767378,78040.68150816194
2009-09-16,True,0.0426814413621473,0.0,0.0426814413621473,81371.57027981456
2009-09-17,True,-0.0046308768982371,0.0,-0.0046308768982371,80994.74855483249
2009-09-18,True,0.0071983912539673,0.0,0.0071983912539673,81577.7804444469
2009-09-21,True,0.0109879670278639,0.0,0.0109879670278639,82474.15440617679
2009-09-22,True,0.0043121198992928,0.0,0.0043121198992928,82829.79284856902
2009-09-23,True,-0.0170251717284828,0.0,-0.0170251717284828,81419.60140108746
2009-09-24,True,-0.0252816471511067,0.0,-0.0252816471511067,79361.17976728141
2009-09-25,True,-0.0274259474858443,0.0,-0.0274259474858443,77184.62421856931
2009-09-28,True,0.0538665060263766,0.0,0.0538665060263766,81342.29024418248
2009-09-29,True,-0.0120747596853188,0.0,-0.0120747596853188,80360.10163723053
2009-09-30,True,0.0022677407167415,0.0,0.0022677407167415,80542.33751171477
2009-10-01,True,-0.0917992745986843,0.0,-0.0917992745986843,73148.60935365695
2009-10-02,True,-0.0070933300092562,0.0,-0.0070933300092562,72629.7421277933
2009-10-05,True,0.0236940709013838,0.0,0.0236940709013838,74350.63638731846
2009-10-06,True,0.0529771142427927,0.0,0.0529771142427927,78289.51854523376
2009-10-07,True,0.0091123310420037,0.0,0.0091123310420037,79002.91855533702
2009-10-08,True,0.0128392452376708,0.0,0.0128392452376708,80017.25640116073
2009-10-09,True,0.0173767787199065,0.0,0.0173767787199065,81407.69855941772
2009-10-12,True,0.0032118933714259,0.0,0.0032118933714259,81669.17140680374
2009-10-13,True,0.0010750125273548,0.0,0.0010750125273548,81756.96678916476
2009-10-14,True,0.0415595701360619,0.0,0.0415595701360619,85154.75118455073
2009-10-15,True,-0.0015742291295985,0.0,-0.0015742291295985,85020.6980947123
2009-10-16,True,-0.0240575922434263,0.0,-0.0240575922434263,82975.30480769825
2009-10-19,True,0.0299074831133156,0.0,0.0299074831133156,85456.8873350567
2009-10-20,True,-0.0008724368930075,0.0,-0.0008724368930075,85382.33159378402
2009-10-21,True,-0.0045275570210742,0.0,-0.0045275570210742,84995.75821890088
2009-10-22,True,0.0163718507933318,0.0,0.0163718507933318,86387.29609052683
2009-10-23,True,-0.0162333913719593,0.0,-0.0162333913719593,84984.93730352398
2009-10-26,True,-0.0118053192937482,0.0,-0.0118053192937482,83981.6629834967
2009-10-27,True,-0.0417529817357947,0.0,-0.0417529817357947,80475.1781428051
2009-10-28,True,-0.0703993870980091,0.0,-0.0703993870980091,74809.77492494852
2009-10-29,True,0.0520620477383055,0.0,0.0520620477383055,78704.52499838309
2009-10-30,True,-0.0774155030604955,0.0,-0.0774155030604955,72611.57460249592
2009-11-02,True,0.0103664467587427,0.0,0.0103664467587427,73364.29862468116
2009-11-03,True,0.0112448825619623,0.0,0.0112448825619623,74189.27154695643
2009-11-04,True,0.0025920644519556,0.0,0.0025920644519556,74381.5749204498
2009-11-05,True,0.0721156665532994,0.0,0.0721156665532994,79745.65177512221
2009-11-06,True,0.0168209598375989,0.0,0.0168209598375989,81087.05018085467
2009-11-09,True,0.0652079627730576,0.0,0.0652079627730576,86374.57153042489
2009-11-10,True,0.0080570167628294,0.0,0.0080570167628294,87070.49290112773
2009-11-11,True,0.0165114025632244,0.0,0.0165114025632244,88508.14886079662
2009-11-12,True,-0.0165413223577061,0.0,-0.0165413223577061,87044.10703920636
2009-11-13,True,0.0261391419713725,0.0,0.0261391419713725,89319.36531087551
2009-11-16,True,0.0317495045513726,0.0,0.0317495045513726,92155.21090633888
2009-11-17,True,0.0076827093860178,0.0,0.0076827093860178,92863.21261013947
2009-11-18,True,-0.0173663697444959,0.0,-0.0173663697444959,91250.51572429006
2009-11-19,True,-0.0475707266872375,0.0,-0.0475707266872375,86909.66238070038
2009-11-20,True,-0.0149215626043706,0.0,-0.0149215626043706,85612.83441256205
2009-11-23,True,0.0485092124176393,0.0,0.0485092124176393,89765.8455827572
2009-11-24,True,-0.0112281592736226,0.0,-0.0112281592736226,88757.94037122259
2009-11-25,True,0.0124275832818339,0.0,0.0124275832818339,89860.98706711
2009-11-27,True,-0.0472163568466542,0.0,-0.0472163568466542,85618.07863515677
2009-11-30,True,0.0033130127711742,0.0,0.0033130127711742,85901.73242311843
2009-12-01,True,0.0343879896342788,0.0,0.0343879896342788,88855.7203072512
2009-12-02,True,0.0051845908485832,0.0,0.0051845908485832,89316.40086160046
2009-12-03,True,-0.0132854805740793,0.0,-0.0132854805740793,88129.78955300698
2009-12-04,True,0.0151090670822613,0.0,0.0151090670822613,89461.34845530895
2009-12-07,True,-0.013862825122594,0.0,-0.013862825122594,88221.16142644155
2009-12-08,True,-0.018400532772473,0.0,-0.018400532772473,86597.84505438869
2009-12-09,True,0.0286847410409925,0.0,0.0286847410409925,89081.88181448182
2009-12-10,True,0.0161762300834185,0.0,0.0161762300834185,90522.89083097677
2009-12-11,True,-0.012221120247187,0.0,-0.012221120247187,89416.59969700842
2009-12-14,True,0.0284749443487371,0.0,0.0284749443487371,91962.73239723404
2009-12-15,True,-0.018076580525443,0.0,-0.018076580525443,90300.36065971566
2009-12-16,True,0.0043203162865586,0.0,0.0043203162865586,90690.48677855595
2009-12-17,True,-0.0376000884479801,0.0,-0.0376000884479801,87280.51645429186
2009-12-18,True,0.0490413769744479,0.0,0.0490413769744479,91560.8731642513
2009-12-21,True,0.0355358700072178,0.0,0.0355358700072178,94814.56845076349
2009-12-22,True,0.0175499102247131,0.0,0.0175499102247131,96478.55561506932
2009-12-23,True,0.0203181374049729,0.0,0.0203181374049729,98438.8201646896
2009-12-24,True,0.0288804515916374,0.0,0.0288804515916374,101281.77774519382
2009-12-28,True,0.0133444385798602,0.0,0.0133444385798602,102633.32620757361
2009-12-29,True,-0.0098755310883771,0.0,-0.0098755310883771,101619.76760390718
2009-12-30,True,0.0105905422346232,0.0,0.0105905422346232,102695.97604458896
2009-12-31,True,-0.0293216474572039,0.0,-0.0293216474572039,99684.76083973607
2010-01-04,True,0.0425218093169063,0.0,0.0425218093169063,103923.53723196473
2010-01-05,True,0.0027159210282121,0.0,0.0027159210282121,104205.7853520592
2010-01-06,True,-0.0159368280525938,0.0,-0.0159368280525938,102545.07566881794
2010-01-07,True,-0.0027495166292336,0.0,-0.0027495166292336,102263.12627802051
2010-01-08,True,0.0253343690447627,0.0,0.0253343690447627,104853.89805881906
2010-01-11,True,-0.0100995225098101,0.0,-0.0100995225098101,103794.92375513268
2010-01-12,True,-0.038921160587832,0.0,-0.038921160587832,99755.1048594574
2010-01-13,True,0.0391855499086927,0.0,0.0391855499086927,103664.06349957452
2010-01-14,True,0.0005859891254507,0.0,0.0005859891254507,103724.8095134853
2010-01-15,True,-0.0350197659016356,0.0,-0.0350197659016356,100092.39096613132
2010-01-19,True,0.0497796516555463,0.0,0.0497796516555463,105074.95532179608
2010-01-20,True,-0.0436064755131259,0.0,-0.0436064755131259,100493.00685551339
2010-01-21,True,-0.0279476756961415,0.0,-0.0279476756961415,97684.46089018536
2010-01-22,True,-0.0904122763920496,0.0,-0.0904122763920496,88852.58641297357
2010-01-25,True,0.0126184796348456,0.0,0.0126184796348456,89973.77096512904
2010-01-26,True,0.002411625595801,0.0,0.002411625595801,90190.75401413928
2010-01-27,True,0.0249776534509033,0.0,0.0249776534509033,92443.50741238012
2010-01-28,True,-0.0788743774628404,0.0,-0.0788743774628404,85152.08331474716
2010-01-29,True,-0.0509528414097086,0.0,-0.0509528414097086,80813.34271790457
2010-02-01,True,0.0338744831786442,0.0,0.0338744831786442,83550.85293641222
2010-02-02,True,0.0275663054994071,0.0,0.0275663054994071,85854.0412731934
2010-02-03,True,0.0130987664753193,0.0,0.0130987664753193,86978.62331079338
2010-02-04,True,-0.0869579103016678,0.0,-0.0869579103016678,79415.14398677085
2010-02-05,True,0.022693346521743,0.0,0.022693346521743,81217.33936833675
2010-02-08,True,-0.0193482599713978,0.0,-0.0193482599713978,79645.92517205293
2010-02-09,True,0.0327491724976692,0.0,0.0327491724976692,82254.26331424895
2010-02-10,True,-0.0070154235277013,0.0,-0.0070154235277013,81677.21482014042
2010-02-11,True,0.0445066912050742,0.0,0.0445066912050742,85312.39739863091
2010-02-12,True,0.0040918741192776,0.0,0.0040918741192776,85661.4849895999
2010-02-16,True,0.038736176261662,0.0,0.038736176261662,88979.68337099277
2010-02-17,True,0.0169701471902148,0.0,0.0169701471902148,90489.68169473723
2010-02-18,True,0.0189580028791909,0.0,0.0189580028791909,92205.18534084313
2010-02-19,True,0.0,0.0,0.0,92205.18534084313
2010-02-22,True,-0.0070202975127159,0.0,-0.0070202975127159,91557.87750753529
2010-02-23,True,-0.0390419243827868,0.0,-0.0390419243827868,87983.28177723764
2010-02-24,True,0.0302402549825022,0.0,0.0302402549825022,90643.91865237866
2010-02-25,True,-0.0005700939572831,0.0,-0.0005700939572831,90592.24310209048
2010-02-26,True,0.0124750586337902,0.0,0.0124750586337902,91722.38664655563
2010-03-01,True,0.042893977731534,0.0,0.042893977731534,95656.72465685614
2010-03-02,True,0.0060123837523682,0.0,0.0060123837523682,96231.84959398779
2010-03-03,True,0.0055542188502628,0.0,0.0055542188502628,96766.34234699837
2010-03-04,True,0.0110389827327135,0.0,0.0110389827327135,97834.54432927474
2010-03-05,True,0.0442019466596661,0.0,0.0442019466596661,102159.02163919009
2010-03-08,True,0.0053325794934868,0.0,0.0053325794934868,102703.79274305791
2010-03-09,True,0.0177017841988975,0.0,0.0177017841988975,104521.83311860384
2010-03-10,True,0.0244703000785868,0.0,0.0244703000785868,107079.51373978006
2010-03-11,True,0.0092095495753365,0.0,0.0092095495753365,108065.6678300695
2010-03-12,True,0.0022814340298933,0.0,0.0022814340298933,108312.21252212017
2010-03-15,True,-0.0067338272232765,0.0,-0.0067338272232765,107582.8567968254
2010-03-16,True,0.0189083352725938,0.0,0.0189083352725938,109617.06952272324
2010-03-17,True,0.0069346294724565,0.0,0.0069346294724565,110377.22328371984
2010-03-18,True,0.010142166510572,0.0,0.010142166510572,111496.68746123793
2010-03-19,True,-0.0176891668046309,0.0,-0.0176891668046309,109524.40395857228
2010-03-22,True,0.0270116748964377,0.0,0.0270116748964377,112482.84155152735
2010-03-23,True,0.0209148148643814,0.0,0.0209148148643814,114835.3993579971
2010-03-24,True,-0.0142243224933341,0.0,-0.0142243224933341,113201.94360387814
2010-03-25,True,-0.0062619129654156,0.0,-0.0062619129654156,112493.08288551478
2010-03-26,True,0.0052071404941853,0.0,0.0052071404941853,113078.85017272369
2010-03-29,True,0.0137164806729361,0.0,0.0137164806729361,114629.8940356357
2010-03-30,True,0.0104852703098359,0.0,0.0104852703098359,115831.8194601872
2010-03-31,True,-0.0134786842360081,0.0,-0.0134786842360081,114270.55894120103
2010-04-01,True,-0.0019783050522419,0.0,-0.0019783050522419,114044.49691712514
2010-04-05,True,0.0289125278857105,0.0,0.0289125278857105,117341.81161445334
2010-04-06,True,0.0076173531380308,0.0,0.0076173531380308,118235.64563137693
2010-04-07,True,-0.0056480147521916,0.0,-0.0056480147521916,117567.84896061601
2010-04-08,True,0.0035830542315302,0.0,0.0035830542315302,117989.10093932626
2010-04-09,True,0.0180199917927901,0.0,0.0180199917927901,120115.26356989161
2010-04-12,True,0.0040196670918495,0.0,0.0040196670918495,120598.08694209234
2010-04-13,True,0.0150789352764395,0.0,0.0150789352764395,122416.57768955457
2010-04-14,True,0.0352416984128343,0.0,0.0352416984128343,126730.74580122116
2010-04-15,True,0.0133750270062176,0.0,0.0133750270062176,128425.77294883059
2010-04-16,True,-0.0355959341497124,0.0,-0.0355959341497124,123854.33759181811
2010-04-19,True,-0.0015731743242727,0.0,-0.0015731743242727,123659.49312796886
2010-04-20,True,0.0147853555561852,0.0,0.0147853555561852,125487.84270176353
2010-04-21,True,0.0175998099518261,0.0,0.0175998099518261,127696.40488457923
2010-04-22,True,0.0148029131966198,0.0,0.0148029131966198,129586.68368160608
2010-04-23,True,0.0132380330291441,0.0,0.0132380330291441,131302.15648032044
2010-04-26,True,-0.0074322902653809,0.0,-0.0074322902653809,130326.28074088822
2010-04-27,True,-0.0617178461264625,0.0,-0.0617178461264625,122282.82339988793
2010-04-28,True,0.0023514917048466,0.0,0.0023514917048466,122570.37044475798
2010-04-29,True,0.0510412680829293,0.0,0.0510412680829293,128826.51758165284
2010-04-30,True,-0.0589270784635376,0.0,-0.0589270784635376,121235.14727193446
2010-05-03,True,0.0408401818267496,0.0,0.0408401818267496,126186.41273031304
2010-05-04,True,-0.0884068007292306,0.0,-0.0884068007292306,115030.6756853278
2010-05-05,True,-0.0164326090223491,0.0,-0.0164326090223491,113140.42156621418
2010-05-06,True,-0.0979663045442504,0.0,-0.0979663045442504,102056.47257079356
2010-05-07,True,-0.0727727993860051,0.0,-0.0727727993860051,94629.53736635586
2010-05-10,True,0.1491523494365785,0.0,0.1491523494365785,108743.75519064434
2010-05-11,True,-0.0006600444364108,0.0,-0.0006600444364108,108671.97948003635
2010-05-12,True,0.0538810971808829,0.0,0.0538810971808829,114527.3449672391
2010-05-13,True,-0.0452057145572142,0.0,-0.0452057145572142,109350.05450165448
2010-05-14,True,-0.0615337309781566,0.0,-0.0615337309781566,102621.33766550291
2010-05-17,True,0.0135150814784961,0.0,0.0135150814784961,104008.27340548445
2010-05-18,True,-0.0382218012020034,0.0,-0.0382218012020034,100032.88985601641
2010-05-19,True,-0.0263927381485205,0.0,-0.0263927381485205,97392.74798780677
2010-05-20,True,-0.1011497305149852,0.0,-0.1011497305149852,87541.49777472625
2010-05-21,False,-0.002595066497380318,0.0005004607124904189,-0.003095527209870737,87270.51068637175
2010-05-24,False,0.008062232900393018,1.4773477268212183e-06,0.008060755552666197,87973.97693997093
2010-05-25,False,0.0030197355443521367,2.3775401277340015e-07,0.0030194977903393633,88239.61416894854
2010-05-26,False,0.002110831992100324,1.2219624540589364e-06,0.002109610029646265,88425.76534401147
2010-05-27,False,-0.0035975004981297055,9.123690809652724e-07,-0.0035984128672106705,88107.57293220464
2010-05-28,False,0.006185476927003303,7.908619869268774e-07,0.006184686065016376,88652.49061074085
2010-06-01,False,0.00428582237454774,7.266243051292226e-07,0.004285095750242611,89032.37502150536
2010-06-02,False,-0.0010797822104820312,5.505581846806663e-07,-0.001080332768666712,88936.19042929739
2010-06-03,False,-0.008884274672617938,1.3462893972129298e-06,-0.00888562096201515,88145.93715133707
2010-06-04,False,0.010977701780464385,4.5043825970374206e-07,0.010977251342204682,89113.53725824147
2010-06-07,False,0.007840506739109817,1.8945417231911178e-06,0.007838612197386626,89812.06371834618
2010-06-08,False,-0.0014903519615308391,6.10969219429769e-07,-0.001490962930750269,89678.15726060794
2010-06-09,False,-0.004265013720840992,9.64946556831242e-07,-0.004265978667397823,89295.59215480265
2010-06-10,False,-0.01129238690476247,7.288386553554737e-07,-0.011293115743417825,88287.16669722143
2010-06-11,False,0.00534601326885854,5.629395054385367e-07,0.005345450329353101,88759.10136152073
2010-06-14,False,-0.008439962838995028,2.116200177693775e-06,-0.008442079039172722,88009.79001238084
2010-06-15,False,3.4552385147768615e-05,1.9311859793265662e-06,3.2621199168442045e-05,88012.66099726959
2010-06-16,False,-0.0016911632739455898,6.283627160919292e-07,-0.0016917916366616817,87863.76191347408
2010-06-17,False,0.005540056423202061,1.2443385741111035e-06,0.005538812084627949,88350.4227797613
2010-06-18,False,0.002409107212439893,8.679256509454697e-07,0.0024082392867889476,88563.19173890394
2010-06-21,False,-0.007979218347115168,1.996876025842309e-06,-0.00798121522314101,87856.34984478744
2010-06-22,False,0.007843618579504948,5.750661680394286e-07,0.007843043513336909,88545.41101954307
2010-06-23,False,0.00020736637466496998,7.205650826222765e-07,0.0002066458095823477,88563.708557688
2010-06-24,False,0.0015146027624274173,2.520520350293848e-07,0.001514350710392388,88697.8250726573
2010-06-25,False,0.001680958072797413,1.7322478428041384e-06,0.0016792258249546089,88846.76875113661
2010-06-28,False,-4.898936349541765e-05,2.2592502401852093e-06,-5.124861373560286e-05,88842.21547740322
2010-06-29,False,0.0076533460608314815,1.7146528250835403e-06,0.007651631408006398,89522.003363707
2010-06-30,False,-0.0020022087532466644,1.607851128061416e-06,-0.002003816604374726,89342.6176869099
2010-07-01,False,-0.016411192379644935,3.680672537135971e-06,-0.01641487305218207,87876.06995942965
2010-07-02,False,0.0022795290625693687,1.6810632389317876e-06,0.002277847999330437,88076.23828957575
2010-07-06,False,-0.004768974200434729,1.9997469000742064e-06,-0.004770973947334803,87656.02885131692
2010-07-07,False,-0.0023030444601845495,2.231298035214935e-06,-0.0023052757582197646,87453.95753294416
2010-07-08,False,-0.004769972101071483,7.134075840942445e-07,-0.004770685508655577,87036.74220506717
2010-07-09,False,0.004398664041321442,1.016219084878367e-06,0.004397647822236564,87419.49914487985
2010-07-12,False,-0.0009477948975307821,1.2795489884969841e-06,-0.0009490744465192791,87336.53153211394
2010-07-13,False,-0.001783932858326165,1.7492300850305704e-06,-0.0017856820884111955,87180.57625209307
2010-07-14,False,0.00039862082075137905,6.554302365539694e-07,0.0003979653905148251,87215.27110416655
2010-07-15,False,-0.0037810576305037677,1.5992037430982709e-06,-0.003782656834246866,86885.36566287368
2010-07-16,False,-7.37301217484052e-05,2.1869835863562446e-06,-7.591710533476143e-05,86878.7695774166
2010-07-19,False,-0.0036068807572427306,7.443493730372869e-07,-0.003607625106615768,86565.34354705724
2010-07-20,False,0.0034057822873556597,7.547194859719442e-07,0.0034050275678696876,86860.10092825707
2010-07-21,False,-6.915325206720757e-05,1.1315774870674228e-06,-7.0284829554275e-05,86853.99598086826
2010-07-22,False,-0.0033685167467877876,2.155842533880861e-06,-0.0033706725893216686,86561.23959734249
2010-07-23,False,-0.004703303793771744,3.5709785471409185e-07,-0.0047036608916264586,86154.08487991776
2010-07-26,False,-0.002739958865401402,3.6266406697343935e-07,-0.0027403215294683754,85917.99498626968
2010-07-27,False,-0.008035969325665167,1.5732371716299237e-06,-0.008037542562836796,85227.42544465393
2010-07-28,False,0.001302900933189597,6.795980399445095e-07,0.0013022213351496525,85338.41041640785
2010-07-29,False,0.0005663563895431855,8.439147750654297e-07,0.0005655124747681201,85386.6703520752
2010-07-30,False,0.0073530656016917205,5.205910394496388e-07,0.007352545010652271,86014.47968914856
2010-08-02,False,-0.0023490206213902585,4.647558829087156e-07,-0.0023494853772731672,85812.38992688515
2010-08-03,False,0.00438398278587042,9.890261499334586e-08,0.004383883883255426,86188.58148006926
2010-08-04,False,0.0009128236937975268,8.959906797546269e-07,0.0009119277031177722,86267.17923521336
2010-08-05,False,0.00602977372357946,1.2044418674793251e-06,0.00602856928171198,86787.2469019707
2010-08-06,False,0.0045396966898854215,4.6653658965919996e-07,0.004539230153295762,87181.19419002965
2010-08-09,False,-0.001007229637382684,4.548919966323728e-07,-0.0010076845293793164,87093.34304939155
2010-08-10,False,0.0018060902724627672,5.733129238489481e-07,0.0018055169595389182,87250.59155733018
2010-08-11,False,0.003288329233637982,1.221262547722729e-06,0.0032871079710902595,87537.39367232063
2010-08-12,False,0.004575174143610559,1.262828407665839e-06,0.004573911315202893,87937.78194774182
2010-08-13,False,0.0005650443436218017,3.285922398375274e-07,0.0005647157513819642,87987.4417983493
2010-08-16,False,0.007065990748574472,4.7094052679794163e-07,0.007065519808047674,88609.11881123498
2010-08-17,False,-0.0023081170766896656,4.134762761195954e-07,-0.002308530552965785,88404.56195318786
2010-08-18,False,0.0019340188365226847,4.6190931610144706e-07,0.0019335569272065833,88575.49720634912
2010-08-19,False,0.003017824400446936,3.4764679627428964e-07,0.0030174767536506617,88842.77171011231
2010-08-20,False,-0.0025276646037042725,3.0037000190588637e-07,-0.0025279649737061784,88618.18029506218
2010-08-23,False,0.001561541731349434,5.233979141522765e-07,0.0015610183334352817,88756.51489917844
2010-08-24,False,0.0048481501562642765,1.0645884548757257e-07,0.004848043697418789,89186.81036184025
2010-08-25,False,0.0007037572517236005,1.2665504584552651e-06,0.0007024907012651452,89249.46326679495
2010-08-26,False,0.001669165604451259,8.261472013026544e-07,0.0016683394572499565,89398.3616679013
2010-08-27,False,-0.004229233049167576,7.770560293965113e-07,-0.004230010105196973,89020.20569465803
2010-08-30,False,0.004087329703321411,8.156154880054473e-07,0.004086514087833406,89383.98801933108
2010-08-31,False,0.006124237713979376,5.884571190151178e-07,0.00612364925686036,89931.34421114088
2010-09-01,False,-0.0044718768716818305,2.608536936525713e-07,-0.004472137725375483,89529.15885400052
2010-09-02,False,0.0004052023923488735,7.539188822469623e-07,0.00040444847346662654,89565.36878562978
2010-09-03,False,-0.002380680150788452,3.5596078724541013e-07,-0.0023810361115756975,89352.1104082046
2010-09-07,False,0.007327995703133007,4.437489259220412e-07,0.007327551954207085,90006.84263943876
2010-09-08,False,-0.0035051400914201413,7.634861105385999e-07,-0.00350590357753068,89691.28732782691
2010-09-09,False,-0.005303489305816117,6.816505510434251e-07,-0.00530417095636716,89215.54940654348
2010-09-10,False,-0.00318962508790351,1.0166385143935835e-06,-0.003190641726417904,88930.89455196165
2010-09-13,False,0.0021894202535210844,5.143845367589495e-07,0.0021889058689843256,89125.55590898047
2010-09-14,False,0.010317885040515598,1.5532505356436466e-06,0.010316331789979954,90045.00471470391
2010-09-15,False,-0.00382826499393648,8.90364385151457e-07,-0.0038291553583216314,89700.20840241051
2010-09-16,False,-0.0001648538370960844,9.554944850749675e-07,-0.00016580933158115936,89685.33527081262
2010-09-17,False,0.004897496040799232,1.4632510602591298e-06,0.004896032789738973,90124.43761305723
2010-09-20,False,0.001387470146839173,2.608830570197396e-07,0.0013872092637821532,90249.45906780723
2010-09-21,True,-0.0031511911226208,0.0005,-0.0036511911226208,89919.94104403752
2010-09-22,True,-0.0047440193868228,0.0,-0.0047440193868228,89493.35910046264
2010-09-23,True,-0.0029929965071789,0.0,-0.0029929965071789,89225.50578925924
2010-09-24,True,0.0566257318871032,0.0,0.0566257318871032,94277.96535757302
2010-09-27,True,-0.0114468944983396,0.0,-0.0114468944983396,93198.77543460677
2010-09-28,True,0.0025120955644188,0.0,0.0025120955644188,93432.89966498532
2010-09-29,True,-0.0080546514477607,0.0,-0.0080546514477607,92680.33022443026
2010-09-30,True,-0.0135407256534112,0.0,-0.0135407256534112,91425.37129939371
2010-10-01,True,-0.003109100286315,0.0,-0.003109100286315,91141.12065131031
2010-10-04,True,-0.0346924957276527,0.0,-0.0346924957276527,87979.20771250124
2010-10-05,True,0.074445327351593,0.0,0.074445327351593,94528.8486307922
2010-10-06,True,-0.025484622568942,0.0,-0.025484622568942,92119.81660155981
2010-10-07,True,0.0098048390287912,0.0,0.0098048390287912,93023.03657469987
2010-10-08,True,0.0201444521371334,0.0,0.0201444521371334,94896.93468262974
2010-10-11,True,0.002027223900723,0.0,0.002027223900723,95089.31201672372
2010-10-12,True,0.0207609125997731,0.0,0.0207609125997731,97063.4529126755
2010-10-13,True,0.0242994044034272,0.0,0.0242994044034272,99422.03700779361
2010-10-14,True,-0.0055503050333329,0.0,-0.0055503050333329,98870.21437536503
2010-10-15,True,0.0637887319506644,0.0,0.0637887319506644,105177.01997805994
2010-10-18,True,0.0,0.0,0.0,105177.01997805994
2010-10-19,True,-0.0397652065858012,0.0,-0.0397652065858012,100994.63405055345
2010-10-20,True,0.0207900451957503,0.0,0.0207900451957503,103094.31705699272
2010-10-21,True,0.0069760588055054,0.0,0.0069760588055054,103813.50907529573
2010-10-22,True,0.0194985902581281,0.0,0.0194985902581281,105837.72615201339
2010-10-25,True,0.0151741219145318,0.0,0.0151741219145318,107443.72071180088
2010-10-26,True,0.0059939981467587,0.0,0.0059939981467587,108087.73817462828
2010-10-27,True,0.0102938380960038,0.0,0.0102938380960038,109200.37585156114
2010-10-28,True,0.0057445649983705,0.0,0.0057445649983705,109827.68450848693
2010-10-29,True,-0.0047991170773606,0.0,-0.0047991170773606,109300.60859219528
2010-11-01,True,0.002297924991566,0.0,0.002297924991566,109551.77319227265
2010-11-02,True,0.0303108871016557,0.0,0.0303108871016557,112872.38462128982
2010-11-03,True,0.0144505035293296,0.0,0.0144505035293296,114503.44741362364
2010-11-04,True,0.0354321650635203,0.0,0.0354321650635203,118560.55246272527
2010-11-05,True,0.001197443724594,0.0,0.001197443724594,118702.52205225617
2010-11-08,True,0.0025381176843217,0.0,0.0025381176843217,119003.8030226506
2010-11-09,True,-0.0161675877744252,0.0,-0.0161675877744252,117079.79859179149
2010-11-10,True,0.0152894249945936,0.0,0.0152894249945936,118869.8813907428
2010-11-11,True,-0.0168182975395666,0.0,-0.0168182975395666,116870.69235702029
2010-11-12,True,-0.0508858017590863,0.0,-0.0508858017590863,110923.63347429379
2010-11-15,True,-0.010708106586865,0.0,-0.010708106586865,109735.8513840487
2010-11-16,True,-0.0496227326027536,0.0,-0.0496227326027536,104290.45857388254
2010-11-17,True,0.0094617864714527,0.0,0.0094617864714527,105277.23262391852
2010-11-18,True,0.0464823197401811,0.0,0.0464823197401811,110170.76261210494
2010-11-19,True,0.0023526429043378,0.0,0.0023526429043378,110429.9550750298
2010-11-22,True,0.0263612337174568,0.0,0.0263612337174568,113341.02493017091
2010-11-23,True,-0.0472334651756646,0.0,-0.0472334651756646,107987.53557615755
2010-11-24,True,0.0584029955092297,0.0,0.0584029955092297,114294.33113146467
2010-11-26,True,-0.0062923678173327,0.0,-0.0062923678173327,113575.14916054948
2010-11-29,True,-0.0139198269489562,0.0,-0.0139198269489562,111994.20273853275
2010-11-30,True,-0.0380154520674871,0.0,-0.0380154520674871,107736.69249248963
2010-12-01,True,0.0635865109071687,0.0,0.0635865109071687,114587.29286476561
2010-12-02,True,0.0303660293993213,0.0,0.0303660293993213,118066.85396868573
2010-12-03,True,0.0083603097608713,0.0,0.0083603097608713,119053.9294403555
2010-12-06,True,-0.0017565680572647,0.0,-0.0017565680572647,118844.80311080873
2010-12-07,True,0.0009163516910277,0.0,0.0009163516910277,118953.70674710919
2010-12-08,True,0.0138519555306928,0.0,0.0138519555306928,120601.44820318122
2010-12-09,True,0.0010388007795212,0.0,0.0010388007795212,120726.72908158608
2010-12-10,True,0.0209944744943983,0.0,0.0209944744943983,123261.32331608157
2010-12-13,True,-0.0117392431706658,0.0,-0.0117392431706658,121814.32866813605
2010-12-14,True,0.0041870738816791,0.0,0.0041870738816791,122324.37426211667
2010-12-15,True,-0.0101879760264363,0.0,-0.0101879760264363,121078.13646968541
2010-12-16,True,0.0208646662088236,0.0,0.0208646662088236,123604.39137231182
2010-12-17,True,0.0030454046132779,0.0,0.0030454046132779,123980.81675601845
2010-12-20,True,0.0026971685565027,0.0,0.0026971685565027,124315.2139165823
2010-12-21,True,0.0164844281719491,0.0,0.0164844281719491,126364.47913107071
2010-12-22,True,0.0010599634296317,0.0,0.0010599634296317,126498.42085775411
2010-12-23,True,-0.0076047363897895,0.0,-0.0076047363897895,125536.43371340624
2010-12-27,True,0.0004016188006901,0.0,0.0004016188006901,125586.85150535713
2010-12-28,True,-0.0043298694750881,0.0,-0.0043298694750881,125043.07683055167
2010-12-29,True,0.0059541199865138,0.0,0.0059541199865138,125787.59831348364
2010-12-30,True,-0.007515116698975,0.0,-0.007515116698975,124842.28983287403
2010-12-31,True,-0.0091798636142826,0.0,-0.0091798636142826,123696.25463891351
2011-01-03,True,0.0451720514958431,0.0,0.0451720514958431,129283.86822330543
2011-01-04,True,-0.0015526821984624,0.0,-0.0015526821984624,129083.13146256674
2011-01-05,True,0.0248188120396355,0.0,0.0248188120396355,132286.82143982375
2011-01-06,True,0.0090420308226539,0.0,0.0090420308226539,133482.96295671354
2011-01-07,True,-0.0023197750302212,0.0,-0.0023197750302212,133173.31251228662
2011-01-10,True,0.0112443142984948,0.0,0.0112443142984948,134670.75509434644
2011-01-11,True,0.0045960927243278,0.0,0.0045960927243278,135289.71437201533
2011-01-12,True,0.0202801852454366,0.0,0.0202801852454366,138033.414841282
2011-01-13,True,0.0031509860907208,0.0,0.0031509860907208,138468.35621150158
2011-01-14,True,0.021686637359805,0.0,0.021686637359805,141471.26923846873
2011-01-18,True,0.0079806664624584,0.0,0.0079806664624584,142600.3042522816
2011-01-19,True,-0.0334920432045208,0.0,-0.0334920432045208,137824.32870128637
2011-01-20,True,-0.0224568321075326,0.0,-0.0224568321075326,134729.2308913082
2011-01-21,True,-0.0228465464358939,0.0,-0.0228465464358939,131651.13326147763
2011-01-24,True,0.0412986440302582,0.0,0.0412986440302582,137088.14655022352
2011-01-25,True,0.0034768726659424,0.0,0.0034768726659424,137564.78457978868
2011-01-26,True,0.0155062992286436,0.0,0.0155062992286436,139697.9052928068
2011-01-27,True,0.0192793347306867,0.0,0.0192793347306867,142391.1879701226
2011-01-28,True,-0.075426400058538,0.0,-0.075426400058538,131651.13326147766
2011-01-31,True,0.0148047538044853,0.0,0.0148047538044853,133600.19587749534
2011-02-01,True,0.0555324175182867,0.0,0.0555324175182867,141019.3377354893
2011-02-02,True,-0.0045078085640881,0.0,-0.0045078085640881,140383.64955714322
2011-02-03,True,0.003873633227919,0.0,0.003873633227919,140927.44432672433
2011-02-04,True,0.0180444176312788,0.0,0.0180444176312788,143470.39798786453
2011-02-07,True,0.0145164637130776,0.0,0.0145164637130776,145553.08081415622
2011-02-08,True,0.0213219625035696,0.0,0.0213219625035696,148656.5581455547
2011-02-09,True,-0.0060780466117397,0.0,-0.0060780466117397,147753.01665600523
2011-02-10,True,0.0048695005275196,0.0,0.0048695005275196,148472.50004855427
2011-02-11,True,0.0205066256016692,0.0,0.0205066256016692,151517.17001919379
2011-02-14,True,0.0062939254011287,0.0,0.0062939254011287,152470.80778428476
2011-02-15,True,-0.0025785544793602,0.0,-0.0025785544793602,152077.65349990092
2011-02-16,True,0.0184811230996431,0.0,0.0184811230996431,154888.21933493746
2011-02-17,True,-0.0008648935473219,0.0,-0.0008648935473219,154754.2575134785
2011-02-18,True,-0.005674556565302,0.0,-0.005674556565302,153876.0957254969
2011-02-22,True,-0.0880637230016124,0.0,-0.0880637230016124,140325.19385495718
2011-02-23,True,-0.0246774816243859,0.0,-0.0246774816243859,136862.3214621631
2011-02-24,True,0.0142386968070462,0.0,0.0142386968070462,138811.06256177134
2011-02-25,True,0.0428452195146702,0.0,0.0428452195146702,144758.45300829504
2011-02-28,True,0.0072800612955508,0.0,0.0072800612955508,145812.30341924456
2011-03-01,True,-0.0480727628584515,0.0,-0.0480727628584515,138802.70313512662
2011-03-02,True,0.0141021896436468,0.0,0.0141021896436468,140760.12517778898
2011-03-03,True,0.0596627004407828,0.0,0.0596627004407828,149158.25436027852
2011-03-04,True,-0.0148047795840294,0.0,-0.0148047795840294,146949.999281336
2011-03-07,True,-0.0398449522935393,0.0,-0.0398449522935393,141094.78357043554
2011-03-08,True,0.0104335049119372,0.0,0.0104335049119372,142566.8966878664
2011-03-09,True,-0.0201823904508201,0.0,-0.0201823904508201,139689.55591355014
2011-03-10,True,-0.04574902582681,0.0,-0.04574902582681,133298.89481232554
2011-03-11,True,0.0166916911258141,0.0,0.0166916911258141,135523.87879194526
2011-03-14,True,-0.0097505506369922,0.0,-0.0097505506369922,134202.44634926284
2011-03-15,True,-0.04088920306576,0.0,-0.04088920306576,128715.01526856604
2011-03-16,True,-0.0734334655603704,0.0,-0.0734334655603704,119263.02562773925
2011-03-17,True,0.026091795883304,0.0,0.026091795883304,122374.81214884347
2011-03-18,True,-0.0054699746234819,0.0,-0.0054699746234819,121705.42503183594
2011-03-21,True,0.0558081508338754,0.0,0.0558081508338754,128497.57974931356
2011-03-22,True,-0.0027345047791671,0.0,-0.0027345047791671,128146.20250337764
2011-03-23,True,0.0151444455743572,0.0,0.0151444455743572,130086.9056927506
2011-03-24,True,0.0543973679218643,0.0,0.0543973679218643,137163.29096353604
2011-03-25,True,0.0073179502209148,0.0,0.0073179502209148,138167.04509894407
2011-03-28,True,-0.0169498119446849,0.0,-0.0169498119446849,135825.13966756416
2011-03-29,True,0.0286974404541702,0.0,0.0286974404541702,139722.97352535345
2011-03-30,True,0.0147263870917544,0.0,0.0147263870917544,141780.58811909874
2011-03-31,True,0.0042476222237544,0.0,0.0042476222237544,142382.81849609042
2011-04-01,True,0.0015274719133155,0.0,0.0015274719133155,142600.3042522819
2011-04-04,True,-0.0090325541715805,0.0,-0.0090325541715805,141312.25927923928
2011-04-05,True,-0.0113650769589443,0.0,-0.0113650769589443,139706.23457728841
2011-04-06,True,0.0075436189636737,0.0,0.0075436189636737,140760.12517778913
2011-04-07,True,-0.0002373368478697,0.0,-0.0002373368478697,140726.71761337368
2011-04-08,True,-0.0149774754915628,0.0,-0.0149774754915628,138618.98664931126
2011-04-11,True,-0.0090531525341173,0.0,-0.0090531525341173,137364.0478190503
2011-04-12,True,-0.0197286817112648,0.0,-0.0197286817112648,134654.03624105727
2011-04-13,True,0.0238540892911038,0.0,0.0238540892911038,137866.08564495898
2011-04-14,True,-0.0054611766789331,0.0,-0.0054611766789331,137113.17459321895
2011-04-15,True,-0.0064653967431858,0.0,-0.0064653967431858,136226.6835207561
2011-04-18,True,-0.0192802729639991,0.0,-0.0192802729639991,133600.1958774956
2011-04-19,True,0.0180316504284272,0.0,0.0180316504284272,136009.227906728
2011-04-20,True,0.0665432497769964,0.0,0.0665432497769964,145059.72393130185
2011-04-21,True,0.0253711223700188,0.0,0.0253711223700188,148740.05193812406
2011-04-25,True,0.0074222568948774,0.0,0.0074222568948774,149844.0388141662
2011-04-26,True,0.0171935513655168,0.0,0.0171935513655168,152420.3899923341
2011-04-27,True,0.0207448824998512,0.0,0.0207448824998512,155582.3330733066
2011-04-28,True,-0.0015051481919041,0.0,-0.0015051481919041,155348.1586059891
2011-04-29,True,-0.00484653961211,0.0,-0.00484653961211,154595.2576016368
2011-05-02,True,-0.0054104178359732,0.0,-0.0054104178359732,153758.83266255204
2011-05-03,True,-0.0150157181126973,0.0,-0.0150157181126973,151450.03337395377
2011-05-04,True,-0.0058535557561568,0.0,-0.0058535557561568,150563.51215932754
2011-05-05,True,-0.0149993270088851,0.0,-0.0149993270088851,148305.16080484353
2011-05-06,True,0.0086847600522717,0.0,0.0086847600522717,149593.15554094716
2011-05-09,True,0.0108476454152228,0.0,0.0108476454152228,151215.8890487996
2011-05-10,True,0.0256680461990412,0.0,0.0256680461990412,155097.3054749333
2011-05-11,True,-0.0215734962018788,0.0,-0.0215734962018788,151751.3143443482
2011-05-12,True,0.0176380282289756,0.0,0.0176380282289756,154427.90831053795
2011-05-13,True,-0.0354234585967585,0.0,-0.0354234585967585,148957.5376943156
2011-05-16,True,-0.0520000709588257,0.0,-0.0520000709588257,141211.7351643592
2011-05-17,True,0.0081748487253827,0.0,0.0081748487253827,142366.11973757666
2011-05-18,True,0.0243237818559993,0.0,0.0243237818559993,145829.00217775858
2011-05-19,True,0.00860568821219,0.0,0.00860568821219,147083.96110279518
2011-05-20,True,-0.0220652673248389,0.0,-0.0220652673248389,143838.5141818658
2011-05-23,True,-0.0433840823396964,0.0,-0.0433840823396964,137598.21223898014
2011-05-24,True,-0.0188429669270161,0.0,-0.0188429669270161,135005.45367654448
2011-05-25,True,0.0111512568662748,0.0,0.0111512568662748,136510.9341688396
2011-05-26,True,0.0187506039910032,0.0,0.0187506039910032,139070.5966358814
2011-05-27,True,0.0149156866887241,0.0,0.0149156866887241,141144.93008291614
2011-05-31,True,0.0481217045395252,0.0,0.0481217045395252,147937.0647056182
2011-06-01,True,-0.0638922358584489,0.0,-0.0638922358584489,138485.0348752402
2011-06-02,True,0.0057985133773115,0.0,0.0057985133773115,139288.04220252176
2011-06-03,True,-0.0454010680143199,0.0,-0.0454010680143199,132964.21632490362
2011-06-06,True,-0.0241570957803971,0.0,-0.0241570957803971,129752.18701577748
2011-06-07,True,-0.0058001295026445,0.0,-0.0058001295026445,128999.60752783463
2011-06-08,True,-0.0215279568637069,0.0,-0.0215279568637069,126222.50954154028
2011-06-09,True,0.0043743715034938,0.0,0.0043743715034938,126774.65369037827
2011-06-10,True,-0.0459223344906782,0.0,-0.0459223344906782,120952.86563866884
2011-06-13,True,0.0006903833118463,0.0,0.0006903833118463,121036.36947862577
2011-06-14,True,0.037179438330523,0.0,0.037179438330523,125536.43371340673
2011-06-15,True,-0.054637204483436,0.0,-0.054637204483436,118677.47391448604
2011-06-16,True,-0.0139550587405414,0.0,-0.0139550587405414,117021.32279483031
2011-06-17,True,-0.0074329394673622,0.0,-0.0074329394673622,116151.51038610569
2011-06-20,True,0.0132492310582819,0.0,0.0132492310582819,117690.42858497963
2011-06-21,True,0.066666467466909,0.0,0.066666467466909,125536.43371340675
2011-06-22,True,-0.0225213865212792,0.0,-0.0225213865212792,122709.17916724418
2011-06-23,True,0.0276759035401741,0.0,0.0276759035401741,126105.26657337077
2011-06-24,True,-0.0526665099732691,0.0,-0.0526665099732691,119463.74229370258
2011-06-27,True,0.0485932331541636,0.0,0.0485932331541636,125268.87177644939
2011-06-28,True,0.0448715712188312,0.0,0.0448715712188312,130889.88287786898
2011-06-29,True,0.0125252019707913,0.0,0.0125252019707913,132529.3050968475
2011-06-30,True,0.0379952153168086,0.0,0.0379952153168086,137564.78457978927
2011-07-01,True,0.0463340397763678,0.0,0.0463340397763678,143938.71678033672
2011-07-05,True,0.0144111566786615,0.0,0.0144111566786615,146013.04017998363
2011-07-06,True,0.0106559546305995,0.0,0.0106559546305995,147568.94851161743
2011-07-07,True,0.0404720542482466,0.0,0.0404720542482466,153541.36700113633
2011-07-08,True,-0.008279892577537,0.0,-0.008279892577537,152270.06097615874
2011-07-11,True,-0.0536151677158233,0.0,-0.0536151677158233,144106.07611882334
2011-07-12,True,-0.0243800287548158,0.0,-0.0243800287548158,140592.76583930277
2011-07-13,True,0.0133284813721064,0.0,0.0133284813721064,142466.65389984482
2011-07-14,True,-0.0344071344828637,0.0,-0.0344071344828637,137564.78457978927
2011-07-15,True,0.0397683338181806,0.0,0.0397683338181806,143035.50685458444
2011-07-18,True,-0.0164917485413303,0.0,-0.0164917485413303,140676.6012430569
2011-07-19,True,0.0705186821434078,0.0,0.0705186821434078,150596.929771131
2011-07-20,True,-0.0139958428585867,0.0,-0.0139958428585867,148489.1988070686
2011-07-21,True,0.0202792686810089,0.0,0.0202792686810089,151500.4511659049
2011-07-22,True,0.0310282306881326,0.0,0.0310282306881326,156201.24211403678
2011-07-25,True,-0.0058891890002176,0.0,-0.0058891890002176,155281.34347715846
2011-07-26,True,0.0054939867926651,0.0,0.0054939867926651,156134.45712736927
2011-07-27,True,-0.0758597629854581,0.0,-0.0758597629854581,144290.13421582387
2011-07-28,True,0.0053336267213333,0.0,0.0053336267213333,145059.72393130217
2011-07-29,True,-0.0096873736801436,0.0,-0.0096873736801436,143654.47617964118
2011-08-01,True,-0.0135095911270726,0.0,-0.0135095911270726,141713.76294288042
2011-08-02,True,-0.0759069882331487,0.0,-0.0759069882331487,130956.69800669995
2011-08-03,True,0.0259327500085353,0.0,0.0259327500085353,134352.76531805095
2011-08-04,True,-0.1360976105881658,0.0,-0.1360976105881658,116067.67498235161
2011-08-05,False,-0.0007192872328957422,0.0005012724405196234,-0.0012205596734153655,115926.00745888107
2011-08-08,False,0.01372266330186403,3.2021723787306472e-06,0.0137194611294853,117516.44981210961
2011-08-09,False,0.007308882047678194,3.7856944673321515e-07,0.0073085034782314606,118375.31919431082
2011-08-10,False,0.018646922995916693,2.7422384763601398e-06,0.018644180757440332,120582.33004258924
2011-08-11,False,-0.012665416462116436,1.5653187743596004e-06,-0.012666981780890796,119054.9158648424
2011-08-12,False,-0.0006182806159161572,7.974119594101187e-07,-0.0006190780278755673,118981.2115823199
2011-08-15,False,0.004976258227569922,1.2378567902913001e-06,0.004975020370779631,119573.14553368199
2011-08-16,False,0.005958165012702136,1.0573230444866494e-06,0.005957107689657649,120285.45563841725
2011-08-17,False,0.006886971153880639,1.3925808104820192e-06,0.006885578573070156,121113.69059441311
2011-08-18,False,0.007137791471602518,1.94976214850362e-06,0.007135841709454015,121977.93871934264
2011-08-19,False,0.006179267972507175,1.0549041222457507e-06,0.006178213068384929,122731.54441439312
2011-08-22,False,0.008321386267967487,2.886571562821766e-06,0.008318499696404665,123752.48672934354
2011-08-23,False,-0.013952780746808335,3.978122213324539e-06,-0.01395675886902166,122025.3031126203
2011-08-24,False,-0.01708446702993258,2.848430408806585e-06,-0.017087315460341385,119940.21826419118
2011-08-25,False,0.002155662216757522,5.248123845646297e-07,0.0021551374043729575,120198.70591486098
2011-08-26,False,0.01326542236190483,2.694560683821956e-06,0.013262727801221008,121792.86863346878
2011-08-29,False,-0.008445336972346057,1.9711632570405537e-06,-0.008447308135603097,120764.04674340284
2011-08-30,False,0.013606166618676146,2.6892992777891866e-06,0.013603477319398358,122406.85771427548
2011-08-31,False,-0.005053620842800507,8.188009000749396e-07,-0.005054439643700582,121788.15963998363
2011-09-01,False,0.0032063146288394974,3.924624203625882e-07,0.003205922166419135,122178.60300058086
2011-09-02,False,0.014394907447825468,2.595264794761784e-06,0.014392312183030706,123937.03559705178
2011-09-06,False,-0.006245184432960106,1.7836082234851252e-06,-0.006246968041183592,123162.80489655797
2011-09-07,False,-0.01144335922956917,3.435524858676764e-06,-0.011446794754427846,121752.98554752742
2011-09-08,False,0.008098877633663184,3.0771103589288528e-06,0.008095800523304254,122738.67343163695
2011-09-09,False,-1.4638147528795003e-05,1.0151215309825296e-06,-1.5653269059777534e-05,122736.7521701577
2011-09-12,False,-0.009787814291066217,2.1063393927355094e-06,-0.009789920630458953,121535.16910797155
2011-09-13,False,0.0031711272506227315,1.2316860285347399e-06,0.0031698955645941967,121920.42290146912
2011-09-14,False,-0.0036909312592551175,6.287046541723768e-07,-0.0036915599639092897,121470.34634950318
2011-09-15,False,-0.007207359683081995,1.4520663976106824e-06,-0.007208811749479605,120594.68948952552
2011-09-16,False,0.003114174583605965,1.0354726933393953e-06,0.003113139110912626,120970.11753394373
2011-09-19,False,-0.0028123945843551326,2.1125286079171497e-06,-0.00281450711296305,120629.64627768847
2011-09-20,False,0.005160641923908727,1.5074346442137677e-06,0.005159134489264514,121251.99084622749
2011-09-21,False,-0.005812269300700844,1.1142261720850782e-06,-0.005813383526872929,120547.10652004147
2011-09-22,False,-0.008452283457028753,2.975358354447691e-06,-0.0084552588153832,119527.84953496896
2011-09-23,False,-0.023847131403961493,5.270760313434028e-06,-0.02385240216427493,116676.82319802993
2011-09-26,False,-0.008762120618409806,9.210926572362637e-07,-0.008763041711067043,115654.37932963081
2011-09-27,False,0.0038267176333551534,2.5782254651626757e-06,0.0038241394078899907,116096.65779932031
2011-09-28,False,-0.00921814009017534,3.0676581324723535e-06,-0.009221207748307814,115026.10639886858
2011-09-29,False,0.0032012638500712206,1.0420852933786805e-06,0.003200221764777842,115394.21544808388
2011-09-30,False,0.004141834850149107,3.3663324566653164e-07,0.00414149821690344,115872.12038560309
2011-10-03,False,0.009864601394474029,1.4000094317463685e-06,0.009863201385042283,117014.99044387818
2011-10-04,False,-0.006322459147687291,2.399139803403297e-06,-0.0063248582874906945,116274.88721180856
2011-10-05,False,9.614027767052696e-05,1.9080164463576994e-06,9.423226122416926e-05,116285.8440573541
2011-10-06,False,-0.0024721675793258923,1.4922657627217119e-06,-0.002473659845088614,115998.19243435717
2011-10-07,False,-0.005505654623964336,4.452727341048568e-07,-0.005506099896698442,115359.49479897715
2011-10-10,False,0.0033956195657895154,3.7038626175176503e-06,0.0033919157031719977,115750.7844808958
2011-10-11,False,-0.003806925782582595,7.766534969988192e-07,-0.003807702436079594,115310.03993684976
2011-10-12,False,-0.0009243705425896325,1.3479752334069755e-06,-0.0009257185178230395,115203.29529758931
2011-10-13,False,0.0030461546272625025,1.5725174308743734e-06,0.0030445821098316283,115554.04118944601
2011-10-14,False,-0.0029269826709722216,1.8325333481920974e-06,-0.002928815204320414,115215.60475668969
2011-10-17,False,0.003955822128382125,1.5512266020843158e-06,0.003954270901780041,115671.19847001007
2011-10-18,False,-0.00035215021259592494,7.40977672977039e-07,-0.00035289119026890196,115630.37912310216
2011-10-19,False,-0.0038030419173541025,1.4002388279551608e-06,-0.0038044421561820576,115190.47003423091
2011-10-20,False,-0.005446556597258202,1.2885279187437454e-06,-0.005447845125176946,114562.9301935881
2011-10-21,False,-0.0001626347370445013,1.903203737531986e-06,-0.00016453794078203328,114544.08024496408
2011-10-24,False,-0.001457852190542745,1.812819751175504e-06,-0.0014596650102939204,114376.8842588942
2011-10-25,False,0.013861532727776153,2.3869112103682423e-06,0.013859145816565785,115962.0501758827
2011-10-26,False,0.003403769953488589,1.2545726139312902e-06,0.003402515380874658,116356.61283520388
2011-10-27,False,-0.008701152773201132,3.964301867319789e-06,-0.008705117075068452,115343.71489801501
2011-10-28,False,0.0004196963217337057,4.892249881681271e-07,0.0004192070967455376,115392.06780186524
2011-10-31,False,0.0025581413579056655,2.6598533284178247e-06,0.0025554815045772477,115686.95009690782
2011-11-01,False,0.01123408881590881,2.707238506190812e-06,0.011231381577402619,116986.27437697211
2011-11-02,False,0.0028689991372376038,1.1912486876221595e-06,0.0028678078885499814,117321.76853748247
2011-11-03,False,0.002010445161192255,2.28268339714556e-06,0.0020081624777951094,117557.369710888
2011-11-04,False,0.0008187754636860544,9.800532455820354e-07,0.0008177954104404724,117653.50758830101
2011-11-07,False,0.010321063265012193,2.2851030617368068e-06,0.010318778161950455,118867.54803308003
2011-11-08,False,-0.005070699847103229,5.387224075202729e-07,-0.00507123856951075,118264.74233883151
2011-11-09,False,0.0016883301692989974,1.6807975568294414e-06,0.001686649371742168,118464.21349219656
2011-11-10,False,-0.0023858561090724702,5.188806594365742e-07,-0.002386374989731907,118181.51345594051
2011-11-11,False,0.0030115559682649916,2.2376319813825347e-06,0.003009318336283609,118537.15925139323
2011-11-14,False,0.0009848233880000409,8.914054189385484e-07,0.0009839319825811024,118653.79175350498
2011-11-15,False,0.00029278726333329666,1.8631780890156213e-07,0.0002926009455243951,118688.50996516211
2011-11-16,False,-0.0027162617570851417,1.3294793098626024e-06,-0.0027175912363950044,118365.96311062
2011-11-17,False,-0.008829297643363916,2.8389697743778086e-06,-0.008832136613138294,117320.53875408131
2011-11-18,False,-0.001293634047805332,7.351972801701995e-07,-0.0012943692450855023,117168.68265690118
2011-11-21,False,-0.006444416186714497,3.0420980790806934e-06,-0.006447458284793577,116413.24246318659
2011-11-22,False,0.004640567775445939,1.0666756334026252e-06,0.004639501099812537,116953.34182962729
2011-11-23,False,4.873558753224441e-05,4.92033583621293e-07,4.8243553948623116e-05,116958.98407448332
2011-11-25,False,-0.0072662320495920155,6.670450896260754e-07,-0.007266899094681641,116109.0549389976
2011-11-28,False,0.0063944612646932705,2.2146797444839022e-06,0.006392246584948786,116851.25264891304
2011-11-29,False,-0.001784954141944394,7.08772769900598e-07,-0.0017856629147142947,116642.59570051996
2011-11-30,False,0.0049492051401262985,2.4090547933011687e-06,0.0049467960853329974,117219.60283631439
2011-12-01,False,-0.0011396429899679992,3.002231438573172e-07,-0.0011399432131118565,117085.97914561746
2011-12-02,False,0.002491154306442076,2.2923655196935288e-07,0.0024909250698901065,117377.6315464039
2011-12-05,False,-0.004353823052205735,1.7354970645285101e-06,-0.004355558549270264,116866.38639982887
2011-12-06,False,0.0012596193677408788,6.458772140273545e-07,0.0012589734905268514,117013.51808223993
2011-12-07,False,0.006280470618877466,4.924403782698983e-07,0.006279978178499196,117748.36042238581
2011-12-08,False,-0.003978668762859496,2.712495983467886e-06,-0.003981381258842964,117279.55930694065
2011-12-09,False,-0.0008227293521505565,5.593174565484554e-07,-0.0008232886696071049,117183.00437458672
2011-12-12,False,-0.0047840405295938235,3.637115875940511e-06,-0.004787677645469764,116621.96992411352
2011-12-13,False,-0.0051222434811165835,2.802858480644474e-06,-0.005125046339597228,116024.27692403733
2011-12-14,False,-0.006494801409490645,4.797008549778423e-06,-0.006499598418040423,115270.16571728759
2011-12-15,False,-0.002791313951095607,3.292724733145042e-07,-0.0027916432235689215,114948.37254028325
2011-12-16,False,0.007594211894073221,1.892852528831951e-06,0.007592319041544389,115821.09725791537
2011-12-19,False,-0.002026391570816512,4.7535662461348217e-07,-0.002026866927441125,115586.34330638335
2011-12-20,False,-0.0014671817973014687,2.518948463869339e-06,-0.001469700745765338,115416.46597142568
2011-12-21,False,-0.0009423741132956191,3.485063523734483e-07,-0.0009427226196479926,115307.66025827458
2011-12-22,False,-0.00390218704903351,6.529122940703152e-07,-0.0039028399613275804,114857.6329139714
2011-12-23,False,-0.0019882122089050812,6.209955411591028e-07,-0.0019888332044462405,114629.20023984801
2011-12-27,False,-0.004363319894515228,8.68771056711265e-07,-0.0043641886655719385,114128.93678341767
2011-12-28,False,-0.004047913665789363,3.5140443198499045e-06,-0.0040514277101092126,113666.55164640803
2011-12-29,False,0.0005657528768676697,8.55249111703052e-07,0.0005648976277559666,113730.76161178829
2011-12-30,False,0.004131594947410231,1.135905112089053e-06,0.004130459042298142,114200.52186447514
2012-01-03,False,0.002121103583473801,3.947595335913712e-06,0.0021171559881378874,114442.302183189
2012-01-04,False,0.002136573832604504,4.97870940273551e-07,0.0021360759616642308,114686.75963388002
2012-01-05,True,0.0246151457426833,0.0005,0.024115145742683298,117452.44755720712
2012-01-06,True,0.0103332213194387,0.0,0.0103332213194387,118666.10969232551
2012-01-09,True,-0.0083682539125342,0.0,-0.0083682539125342,117673.0815556075
2012-01-10,True,0.0204963930982282,0.0,0.0204963930982282,120084.95529225109
2012-01-11,True,0.006956178143249,0.0,0.006956178143249,120920.28763358809
2012-01-12,True,0.0118637716756737,0.0,0.0118637716756737,122354.85831702978
2012-01-13,True,-0.0114674774768361,0.0,-0.0114674774768361,120951.75673509778
2012-01-17,True,0.0268493095786712,0.0,0.0268493095786712,124199.22789576255
2012-01-18,True,0.039725680098033,0.0,0.039725680098033,129133.1266915723
2012-01-19,True,0.0200178900306371,0.0,0.0200178900306371,131718.09942099653
2012-01-20,True,-0.0044275720271977,0.0,-0.0044275720271977,131134.9080485245
2012-01-23,True,-0.0001200597020872,0.0,-0.0001200597020872,131119.16403053096
2012-01-24,True,-0.0055305575634094,0.0,-0.0055305575634094,130394.00194619398
2012-01-25,True,0.0382027188778888,0.0,0.0382027188778888,135375.40734590733
2012-01-26,True,-0.010597191271914,0.0,-0.010597191271914,133940.80826074947
2012-01-27,True,0.0098859739682899,0.0,0.0098859739682899,135264.94360450696
2012-01-30,True,0.0016310547676472,0.0,0.0016310547676472,135485.5681356686
2012-01-31,True,0.0034916519757437,0.0,0.0034916519757437,135958.6365873343
2012-02-01,True,0.0245780922723828,0.0,0.0245780922723828,139300.24050260516
2012-02-02,True,0.010298543726436,0.0,0.010298543726436,140734.8301205243
2012-02-03,True,0.0397635269470693,0.0,0.0397635269470693,146330.943330413
2012-02-06,True,-0.000970008850611,0.0,-0.000970008850611,146189.0010202642
2012-02-07,True,0.0043121918908877,0.0,0.0043121918908877,146819.3960450008
2012-02-08,True,0.0166419549354488,0.0,0.0166419549354488,149262.7578176315
2012-02-09,True,0.0221786551517673,0.0,0.0221786551517673,152573.2050502705
2012-02-10,True,-0.0213878033849026,0.0,-0.0213878033849026,149309.99933885087
2012-02-13,True,0.026922694044789,0.0,0.026922694044789,153329.8267688784
2012-02-14,True,0.0087384200159126,0.0,0.0087384200159126,154669.687196152
2012-02-15,True,-0.0223208645705303,0.0,-0.0223208645705303,151217.3260550804
2012-02-16,True,0.0418023356858479,0.0,0.0418023356858479,157538.5634803512
2012-02-17,True,-0.0085047876275992,0.0,-0.0085047876275992,156198.73145479374
2012-02-21,True,0.0084771265230361,0.0,0.0084771265230361,157522.8478640738
2012-02-22,True,-0.0132093599440149,0.0,-0.0132093599440149,155442.07186723093
2012-02-23,True,0.0189623632943529,0.0,0.0189623632943529,158389.62090520427
2012-02-24,True,0.0097545846045556,0.0,0.0097545846045556,159934.6458628076
2012-02-27,True,0.0048300279563411,0.0,0.0048300279563411,160707.13467351248
2012-02-28,True,0.0299156174816259,0.0,0.0299156174816259,165514.78784097344
2012-02-29,True,-0.0131419844533801,0.0,-0.0131419844533801,163339.59507236286
2012-03-01,True,0.0243195151723105,0.0,0.0243195151723105,167311.93483296427
2012-03-02,True,-0.0030156068717857,0.0,-0.0030156068717857,166807.3878125502
2012-03-05,True,-0.0311857917796904,0.0,-0.0311857917796904,161605.36734891398
2012-03-06,True,-0.0286764033045658,0.0,-0.0286764033045658,156971.106658634
2012-03-07,True,0.0226955801509163,0.0,0.0226955801509163,160533.65699118306
2012-03-08,True,0.0317165618234998,0.0,0.0317165618234998,165625.23264789642
2012-03-09,True,0.0120861529231419,0.0,0.0120861529231419,167627.00453760984
2012-03-12,True,0.0015996830002562,0.0,0.0015996830002562,167895.15460715254
2012-03-13,True,0.0563326546497493,0.0,0.0563326546497493,177353.13436900353
2012-03-14,True,0.0111983150481222,0.0,0.0111983150481222,179339.19064243961
2012-03-15,True,0.0076464636056037,0.0,0.0076464636056037,180710.50123674545
2012-03-16,True,-0.0021804293213992,0.0,-0.0021804293213992,180316.4747611641
2012-03-19,True,0.0217677242753524,0.0,0.0217677242753524,184241.55406606867
2012-03-20,True,0.0054752694625548,0.0,0.0054752694625548,185250.32622078023
2012-03-21,True,-0.0003397467864338,0.0,-0.0003397467864338,185187.3880177609
2012-03-22,True,-0.006043597456268,0.0,-0.006043597456268,184068.18999060386
2012-03-23,True,-0.0013699779988816,0.0,-0.0013699779988816,183816.02062002275
2012-03-26,True,0.0522260699056016,0.0,0.0522260699056016,193416.0089626936
2012-03-27,True,0.0038286769371014,0.0,0.0038286769371014,194156.53637547523
2012-03-28,True,-0.0116910001212194,0.0,-0.0116910001212194,191886.65228517403
2012-03-29,True,-0.0102677594366665,0.0,-0.0102677594366665,189916.4063004026
2012-03-30,True,-0.0069721510759018,0.0,-0.0069721510759018,188592.28042388387
2012-04-02,True,0.0305071414816764,0.0,0.0305071414816764,194345.69180512728
2012-04-03,True,8.25204934822299e-05,0.0,8.25204934822299e-05,194361.7293075212
2012-04-04,True,-0.0407948824759638,0.0,-0.0407948824759638,186432.76540259575
2012-04-05,True,0.0182633798236599,0.0,0.0182633798236599,189837.65780871865
2012-04-09,True,-0.0230006270676801,0.0,-0.0230006270676801,185471.27263805846
2012-04-10,True,-0.0482754910302012,0.0,-0.0482754910302012,176517.55587945986
2012-04-11,True,0.0144672909667282,0.0,0.0144672909667282,179071.2867211037
2012-04-12,True,0.033537797151633,0.0,0.033537797151633,185076.943210838
2012-04-13,True,-0.045225891596587,0.0,-0.045225891596587,176706.67344015697
2012-04-16,True,-0.0314889791466092,0.0,-0.0314889791466092,171142.36068513317
2012-04-17,True,0.0589475456713011,0.0,0.0589475456713011,181230.78280791437
2012-04-18,True,-0.0073061922567797,0.0,-0.0073061922567797,179906.67586587305
2012-04-19,True,-0.0323323411081089,0.0,-0.0323323411081089,174089.87185415166
2012-04-20,True,-0.0107748991443858,0.0,-0.0107748991443858,172214.07104286415
2012-04-23,True,-0.0251701324997273,0.0,-0.0251701324997273,167879.42005639776
2012-04-24,True,-0.0176530663459028,0.0,-0.0176530663459028,164915.83351603049
2012-04-25,True,0.0794297974343203,0.0,0.0794297974343203,178015.0647659209
2012-04-26,True,0.0178874187428657,0.0,0.0178874187428657,181199.29477192726
2012-04-27,True,0.0171371272168812,0.0,0.0171371272168812,184304.53013804293
2012-04-30,True,-0.0207830318377004,0.0,-0.0207830318377004,180474.12322035158
2012-05-01,True,0.0056781151523976,0.0,0.0056781151523976,181498.87607402474
2012-05-02,True,0.0066001928511942,0.0,0.0066001928511942,182696.80365838832
2012-05-03,True,-0.0310612737457217,0.0,-0.0310612737457217,177022.00822748677
2012-05-04,True,-0.0733752414246839,0.0,-0.0733752414246839,164032.97563631256
2012-05-07,True,0.0014409241861255,0.0,0.0014409241861255,164269.33471822907
2012-05-08,True,-0.0110345329981893,0.0,-0.0110345329981893,162456.69932369015
2012-05-09,True,-0.0055309238140448,0.0,-0.0055309238140448,161558.1636966496
2012-05-10,True,-0.0102453142026837,0.0,-0.0102453142026837,159902.94954756883
2012-05-11,True,-0.0009843615231991,0.0,-0.0009843615231991,159745.54723658814
2012-05-14,True,-0.0276310026781624,0.0,-0.0276310026781624,155331.61759306947
2012-05-15,True,-0.0087270417433044,0.0,-0.0087270417433044,153976.03208227974
2012-05-16,True,-0.0217042563276361,0.0,-0.0217042563276361,150634.09681365362
2012-05-17,True,-0.0615320470481879,0.0,-0.0615320470481879,141365.27248145462
2012-05-18,True,-0.0401426488755829,0.0,-0.0401426488755829,135690.4959850305
2012-05-21,True,0.0841090861367659,0.0,0.0841090861367659,147103.2995997759
2012-05-22,True,-0.0036437432480666,0.0,-0.0036437432480666,146567.2929450909
2012-05-23,True,0.005591955572852,0.0,0.005591955572852,147386.89073567305
2012-05-24,True,-0.0179678351181907,0.0,-0.0179678351181907,144738.66738435172
2012-05-25,True,-0.0056627350511879,0.0,-0.0056627350511879,143919.05065929212
2012-05-29,True,0.0372392791957898,0.0,0.0372392791957898,149278.4923683865
2012-05-30,True,-0.0242867440449592,0.0,-0.0242867440449592,145653.00383281813
2012-05-31,True,-0.0142857783557451,0.0,-0.0142857783557451,143572.237303214
2012-06-01,True,-0.0786129264007348,0.0,-0.0786129264007348,132285.60357890758
2012-06-04,True,0.0214488856248131,0.0,0.0214488856248131,135122.98235988096
2012-06-05,True,0.013766148670482,0.0,0.013766148670482,136983.10542384602
2012-06-06,True,0.0683558119289755,0.0,0.0683558119289755,146346.69681564547
2012-06-07,True,-0.011202968723962,0.0,-0.011202968723962,144707.17934836465
2012-06-08,True,0.0294129962055724,0.0,0.0294129962055724,148963.45106545716
2012-06-11,True,-0.0478314545151219,0.0,-0.0478314545151219,141838.31253140417
2012-06-12,True,0.0315633110766475,0.0,0.0315633110766475,146315.19931241966
2012-06-13,True,-0.019609383355968,0.0,-0.019609383355968,143446.04847829754
2012-06-14,True,0.0112096646241419,0.0,0.0112096646241419,145054.03057339764
2012-06-15,True,0.0369479645284398,0.0,0.0369479645284398,150413.48174973077
2012-06-18,True,0.0257816254849321,0.0,0.0257816254849321,154291.385804087
2012-06-19,True,0.0328978221742226,0.0,0.0328978221742226,159367.23637728425
2012-06-20,True,0.0035603898167646,0.0,0.0035603898167646,159934.64586280787
2012-06-21,True,-0.0749071653899219,0.0,-0.0749071653899219,147954.39489358393
2012-06-22,True,0.0311115129529031,0.0,0.0311115129529031,152557.47996675462
2012-06-25,True,-0.0593101026774247,0.0,-0.0593101026774247,143509.28016571724
2012-06-26,True,0.0193306534314212,0.0,0.0193306534314212,146283.40832479345
2012-06-27,True,0.0183208934721648,0.0,0.0183208934721648,148963.45106545716
2012-06-28,True,-0.0359802664505827,0.0,-0.0359802664505827,143603.7064047237
2012-06-29,True,0.0976944374617669,0.0,0.0976944374617669,157632.9897193579
2012-07-02,True,0.0080007850878474,0.0,0.0080007850878474,158894.17739285735
2012-07-03,True,0.0238099352093015,0.0,0.0238099352093015,162677.43746171656
2012-07-05,True,0.0034878257237098,0.0,0.0034878257237098,163244.82801276274
2012-07-06,True,-0.0393974295849999,0.0,-0.0393974295849999,156813.4013960145
2012-07-09,True,-0.003418238392832,0.0,-0.003418238392832,156277.37580685207
2012-07-10,True,-0.0306629674270147,0.0,-0.0306629674270147,151485.44772290724
2012-07-11,True,-0.0137356269292132,0.0,-0.0137356269292132,149404.70012778055
2012-07-12,True,-0.0289093380726335,0.0,-0.0289093380726335,145085.50914214613
2012-07-13,True,0.043458639630074,0.0,0.043458639630074,151390.72799950046
2012-07-16,True,-0.0074968363478183,0.0,-0.0074968363478183,150255.7764871111
2012-07-17,True,0.0153185689991828,0.0,0.0153185689991828,152557.47996675473
2012-07-18,True,0.0407089922194965,0.0,0.0407089922194965,158767.94123174733
2012-07-19,True,0.0325668409912602,0.0,0.0325668409912602,163938.5115283514
2012-07-20,True,-0.0384627245313431,0.0,-0.0384627245313431,157632.98971935798
2012-07-23,True,-0.0369982858034472,0.0,-0.0369982858034472,151800.83931366933
2012-07-24,True,-0.0228467280611832,0.0,-0.0228467280611832,148332.68681841056
2012-07-25,True,-0.0223155490372446,0.0,-0.0223155490372446,145022.56147188807
2012-07-26,True,0.0391303010981789,0.0,0.0391303010981789,150697.33796831223
2012-07-27,True,0.0757316460954238,0.0,0.0757316460954238,162109.8954348509
2012-07-30,True,-0.0060282948622486,0.0,-0.0060282948622486,161132.64918508136
2012-07-31,True,0.0005858980473942,0.0,0.0005858980473942,161227.05648961038
2012-08-01,True,-0.0097767480653844,0.0,-0.0097767480653844,159650.78017698796
2012-08-02,True,-0.0104663919115248,0.0,-0.0104663919115248,157979.8125426749
2012-08-03,True,0.0568760112662551,0.0,0.0568760112662551,166965.07414069297
2012-08-06,True,0.0224701733774324,0.0,0.0224701733774324,170716.8083046102
2012-08-07,True,0.0247454911099902,0.0,0.0247454911099902,174941.27956683782
2012-08-08,True,-0.0016228505672184,0.0,-0.0016228505672184,174657.3760120629
2012-08-09,True,0.0084840005273025,0.0,0.0084840005273025,176139.16928224653
2012-08-10,True,0.0041172524174251,0.0,0.0041172524174251,176864.3787027771
2012-08-13,True,0.0060607883810319,0.0,0.0060607883810319,177936.31627423732
2012-08-14,True,0.001417082478627,0.0,0.001417082478627,178188.466710341
2012-08-15,True,0.0070776174677715,0.0,0.0070776174677715,179449.6165148855
2012-08-16,True,0.0358398927976026,0.0,0.0358398927976026,185881.07153334992
2012-08-17,True,0.013737195898287,0.0,0.013737195898287,188434.55622678707
2012-08-20,True,0.0038485005116597,0.0,0.0038485005116597,189159.74671284025
2012-08-21,True,-0.0114993371522651,0.0,-0.0114993371522651,186984.53500975223
2012-08-22,True,0.0107896968076159,0.0,0.0107896968076159,189002.0414502205
2012-08-23,True,-0.0221848568093104,0.0,-0.0221848568093104,184809.05822398004
2012-08-24,True,0.0177406743048376,0.0,0.0177406743048376,188087.69553451543
2012-08-27,True,0.0048612744874496,0.0,0.0048612744874496,189002.04145022057
2012-08-28,True,-0.0001667017468319,0.0,-0.0001667017468319,188970.53447975602
2012-08-29,True,0.0003335592799167,0.0,0.0003335592799167,189033.56735516258
2012-08-30,True,-0.030519862445916,0.0,-0.030519862445916,183264.2888818222
2012-08-31,True,0.0213323522267636,0.0,0.0213323522267636,187173.7472428366
2012-09-04,True,-0.0042127028508882,0.0,-0.0042127028508882,186385.23986421528
2012-09-05,True,-0.0045657647290204,0.0,-0.0045657647290204,185534.24871003328
2012-09-06,True,0.0661003564535565,0.0,0.0661003564535565,197798.12868410925
2012-09-07,True,-0.0043043318148274,0.0,-0.0043043318148274,196946.73990590093
2012-09-10,True,-0.0368173284437765,0.0,-0.0368173284437765,189695.68709685435
2012-09-11,True,-0.0043202932006113,0.0,-0.0043202932006113,188876.14610970454
2012-09-12,True,0.0086784792361094,0.0,0.0086784792361094,190515.30382191399
2012-09-13,True,0.0398807571592416,0.0,0.0398807571592416,198113.19838875488
2012-09-14,True,0.0256209134335325,0.0,0.0256209134335325,203189.03949471342
2012-09-17,True,0.0018621460275476,0.0,0.0018621460275476,203567.40715744975
2012-09-18,True,0.0018582198183449,0.0,0.0018582198183449,203945.68014779882
2012-09-19,True,0.0066467504610474,0.0,0.0066467504610474,205301.25619134985
2012-09-20,True,-0.0023027430107258,0.0,-0.0023027430107258,204828.50015856198
2012-09-21,True,0.0,0.0,0.0,204828.50015856198
2012-09-24,True,-0.0184700094372648,0.0,-0.0184700094372648,201045.31582761253
2012-09-25,True,-0.040144852833631,0.0,-0.040144852833631,192974.38121082218
2012-09-26,True,-0.0263031863302789,0.0,-0.0263031863302789,187898.54010486364
2012-09-27,True,0.0424513476383967,0.0,0.0424513476383967,195875.08635160243
2012-09-28,True,-0.0239824686391059,0.0,-0.0239824686391059,191177.51823599296
2012-10-01,True,-0.0042884899899908,0.0,-0.0042884899899908,190357.6553627266
2012-10-02,True,0.0064597442441403,0.0,0.0064597442441403,191587.317131284
2012-10-03,True,0.0189232783679929,0.0,0.0189232783679929,195212.77726513622
2012-10-04,True,0.0116282284105071,0.0,0.0116282284105071,197482.75602782468
2012-10-05,True,-0.0172414669240446,0.0,-0.0172414669240446,194077.86362170178
2012-10-08,True,-0.0264778284272386,0.0,-0.0264778284272386,188939.10324720133
2012-10-09,True,-0.0513927088787727,0.0,-0.0513927088787727,179229.01091820153
2012-10-10,True,-0.0121381836767486,0.0,-0.0121381836767486,177053.49626347443
2012-10-11,True,-0.008902504285171,0.0,-0.008902504285171,175477.27675428436
2012-10-12,True,-0.0001793343394184,0.0,-0.0001793343394184,175445.80765277467
2012-10-15,True,0.0199451885312493,0.0,0.0199451885312493,178945.1073634266
2012-10-16,True,0.0435162058481042,0.0,0.0435162058481042,186732.11949096457
2012-10-17,True,-0.0030391352031876,0.0,-0.0030391352031876,186164.61533305378
2012-10-18,True,-0.0342069258437004,0.0,-0.0342069258437004,179796.49614163497
2012-10-19,True,-0.0722433896534439,0.0,-0.0722433896534439,166807.38781255094
2012-10-22,True,0.0156875640840676,0.0,0.0156875640840676,169424.18939855625
2012-10-23,True,-0.0295877701186421,0.0,-0.0295877701186421,164411.3054300945
2012-10-24,True,-0.0099699752544317,0.0,-0.0099699752544317,162772.12878340765
2012-10-25,True,0.0,0.0,0.0,162772.12878340765
2012-10-26,True,0.0104586697066282,0.0,0.0104586697066282,164474.50871579806
2012-10-31,True,-0.0193597911427939,0.0,-0.0193597911427939,161290.3165787466
2012-11-01,True,0.0424155410561213,0.0,0.0424155410561213,168131.53262354722
2012-11-02,True,-0.0365657430191505,0.0,-0.0365657430191505,161983.67820821868
2012-11-05,True,0.0245230865513206,0.0,0.0245230865513206,165956.01796882012
2012-11-06,True,0.0060802626155009,0.0,0.0060802626155009,166965.07414069332
2012-11-07,True,-0.0717536029811596,0.0,-0.0717536029811596,154984.72849908215
2012-11-08,True,-0.0467850456888147,0.0,-0.0467850456888147,147733.76089518404
2012-11-09,True,0.0108845801684822,0.0,0.0108845801684822,149341.78085923908
2012-11-12,True,0.001477249451919,0.0,0.001477249451919,149562.395923162
2012-11-13,True,-0.0217113171442515,0.0,-0.0217113171442515,146315.19931242013
2012-11-14,True,-0.0357688569519422,0.0,-0.0357688569519422,141081.67187831926
2012-11-15,True,-0.0089390127950482,0.0,-0.0089390127950482,139820.54100825218
2012-11-16,True,0.0112752602888113,0.0,0.0112752602888113,141397.05400184263
2012-11-19,True,0.0720159867097016,0.0,0.0720159867097016,151579.9023636303
2012-11-20,True,0.0002096059744947,0.0,0.0002096059744947,151611.67441677905
2012-11-21,True,0.0070687227392931,0.0,0.0070687227392931,152683.37530727123
2012-11-23,True,0.0458392597859402,0.0,0.0458392597859402,159682.26821297547
2012-11-26,True,0.0128331198768516,0.0,0.0128331198768516,161731.48990316014
2012-11-27,True,-0.0113060255407626,0.0,-0.0113060255407626,159902.9495475694
2012-11-28,True,0.0268142305070842,0.0,0.0268142305070842,164190.6240955006
2012-11-29,True,0.0172812919909275,0.0,0.0172812919909275,167028.05021266756
2012-11-30,True,-0.0035860638896153,0.0,-0.0035860638896153,166429.07695324704
2012-12-03,True,-0.0049248344973233,0.0,-0.0049248344973233,165609.44129371
2012-12-04,True,-0.006472912607162,0.0,-0.006472912607162,164537.46585329488
2012-12-05,True,-0.0308491508583478,0.0,-0.0308491508583478,159461.62474733635
2012-12-06,True,0.0183877241811687,0.0,0.0183877241811687,162393.7611206714
2012-12-07,True,-0.0170845917452067,0.0,-0.0170845917452067,159619.33000995612
2012-12-10,True,0.0088869761635967,0.0,0.0088869761635967,161037.86319100388
2012-12-11,True,0.0385672816024724,0.0,0.0385672816024724,167248.65580935177
2012-12-12,True,-0.0067861259713832,0.0,-0.0067861259713832,166113.685362485
2012-12-13,True,-0.0225847706848677,0.0,-0.0225847706848677,162362.04587095501
2012-12-14,True,-0.0283491713413338,0.0,-0.0283491713413338,157759.21641322982
2012-12-17,True,0.0389696789410323,0.0,0.0389696789410323,163907.0424268422
2012-12-18,True,0.0463546689964662,0.0,0.0463546689964662,171504.89912472822
2012-12-19,True,-0.0143379028705614,0.0,-0.0143379028705614,169045.87853925244
2012-12-20,True,0.00074474066806,0.0,0.00074474066806,169171.7738797686
2012-12-21,True,-0.0311206256941422,0.0,-0.0311206256941422,163907.04242684226
2012-12-24,True,-0.0084642372661868,0.0,-0.0084642372661868,162519.6943301425
2012-12-26,True,-0.0236656946981033,0.0,-0.0236656946981033,158673.55286169625
2012-12-27,True,-0.0055640485199589,0.0,-0.0055640485199589,157790.6855147395
2012-12-28,True,-0.0289709206017175,0.0,-0.0289709206017175,153219.34409300145
2012-12-31,True,0.0652269712541222,0.0,0.0652269712541222,163213.37784573113
2013-01-02,True,0.0932961666394429,0.0,0.0932961666394429,178440.5603430128
2013-01-03,True,-0.0144864638648029,0.0,-0.0144864638648029,175855.58761358858
2013-01-04,True,-0.0098598279466806,0.0,-0.0098598279466806,174121.68177625615
2013-01-07,True,0.0010861229846155,0.0,0.0010861229846155,174310.79933695326
2013-01-08,True,-0.0057886161199217,0.0,-0.0057886161199217,173301.78103403494
2013-01-09,True,0.0101886763592422,0.0,0.0101886763592422,175067.49679347101
2013-01-10,True,0.0176475919655321,0.0,0.0176475919655321,178157.0165433093
2013-01-11,True,0.0037150075357634,0.0,0.0037150075357634,178818.8712023168
2013-01-14,True,-0.0128695327701309,0.0,-0.0128695327701309,176517.5558794608
2013-01-15,True,-0.0148247040213366,0.0,-0.0148247040213366,173900.73535897804
2013-01-16,True,0.0112411960224045,0.0,0.0112411960224045,175855.58761358864
2013-01-17,True,0.0154170308624868,0.0,0.0154170308624868,178566.75863516808
2013-01-18,True,-0.0056490597324312,0.0,-0.0056490597324312,177558.02434941137
2013-01-22,True,0.004084138434367,0.0,0.004084138434367,178283.1959009871
2013-01-23,True,0.0162685113113632,0.0,0.0162685113113632,181183.5980901283
2013-01-24,True,-0.0398467840557267,0.0,-0.0398467840557267,173964.01438259138
2013-01-25,True,0.0148592382085368,0.0,0.0148592382085368,176548.98711201566
2013-01-28,True,0.0071432348080646,0.0,0.0071432348080646,177810.11798208277
2013-01-29,True,0.0,0.0,0.0,177810.11798208277
2013-01-30,True,-0.0054959038685898,0.0,-0.0054959038685898,176832.89066679063
2013-01-31,True,-0.006418429156841,0.0,-0.006418429156841,175697.90128544642
2013-02-01,True,0.0328362461739937,0.0,0.0328362461739937,181467.1608243094
2013-02-04,True,-0.050902059838768,0.0,-0.050902059838768,172230.10854525908
2013-02-05,True,0.0439318517551072,0.0,0.0439318517551072,179796.49614163543
2013-02-06,True,-0.0092938713441423,0.0,-0.0092938713441423,178125.49063836748
2013-02-07,True,0.0024772871935361,0.0,0.0024772871935361,178566.75863516828
2013-02-08,True,0.0303680302770514,0.0,0.0303680302770514,183989.47936787602
2013-02-11,True,-0.0003440303125386,0.0,-0.0003440303125386,183926.18140978526
2013-02-12,True,-0.0116551421973467,0.0,-0.0116551421973467,181782.49561163926
2013-02-13,True,0.0116196807535522,0.0,0.0116196807535522,183894.7501772305
2013-02-14,True,-0.002057214025628,0.0,-0.002057214025628,183516.43931792656
2013-02-15,True,-0.0085893953313308,0.0,-0.0085893953313308,181940.1440708267
2013-02-19,True,0.0218335353328475,0.0,0.0218335353328475,185912.5406348605
2013-02-20,True,-0.0456165873166297,0.0,-0.0456165873166297,177431.8449917339
2013-02-21,True,-0.0325151421954544,0.0,-0.0325151421954544,171662.62332182587
2013-02-22,True,0.0293835083067324,0.0,0.0293835083067324,176706.6734401582
2013-02-25,True,-0.0372886895146924,0.0,-0.0372886895146924,170117.51315907398
2013-02-26,True,0.0120462523555748,0.0,0.0120462523555748,172166.79165269103
2013-02-27,True,0.0303983374917669,0.0,0.0303983374917669,177400.37589022424
2013-02-28,True,-0.0037329872906591,0.0,-0.0037329872906591,176738.14254166788
2013-03-01,True,0.01034647115333,0.0,0.01034647115333,178566.75863516837
2013-03-04,True,0.0128883390576786,0.0,0.0128883390576786,180868.1875648891
2013-03-05,True,0.0439252453854142,0.0,0.0439252453854142,188812.86708609198
2013-03-06,True,-0.0063445230341073,0.0,-0.0063445230341073,187614.93950172843
2013-03-07,True,0.008738635298221,0.0,0.008738635298221,189254.43803453184
2013-03-08,True,0.0011661563732057,0.0,0.0011661563732057,189475.13830360328
2013-03-11,True,0.0103152979173839,0.0,0.0103152979173839,191429.63080314247
2013-03-12,True,-0.0121865154965193,0.0,-0.0121865154965193,189096.770640867
2013-03-13,True,-0.0031673485931873,0.0,-0.0031673485931873,188497.83525040137
2013-03-14,True,0.0102020336967254,0.0,0.0102020336967254,190420.8965173858
2013-03-15,True,-0.0094378608615792,0.0,-0.0094378608615792,188623.73059091755
2013-03-18,True,-0.006853097279751,0.0,-0.006853097279751,187331.07381590843
2013-03-19,True,-0.0040389546869916,0.0,-0.0040389546869916,186574.4520973005
2013-03-20,True,0.0190945746308819,0.0,0.0190945746308819,190137.01189708832
2013-03-21,True,-0.0320012037633338,0.0,-0.0320012037633338,184052.39863641816
2013-03-22,True,0.0275784451195362,0.0,0.0275784451195362,189128.2776113316
2013-03-25,True,-0.0101681262355377,0.0,-0.0101681262355377,187205.19740986975
2013-03-26,True,0.015324667206972,0.0,0.015324667206972,190074.05475959153
2013-03-27,True,0.0053071589466011,0.0,0.0053071589466011,191082.80797982565
2013-03-28,True,0.0057747920290074,0.0,0.0057747920290074,192186.2714562279
2013-04-01,True,-0.0193574034464787,0.0,-0.0193574034464787,188466.04426277522
2013-04-02,True,0.0225837087338629,0.0,0.0225837087338629,192722.3065126291
2013-04-03,True,-0.026501172092219,0.0,-0.026501172092219,187614.9395017285
2013-04-04,True,0.0005034999249644,0.0,0.0005034999249644,187709.40360968985
2013-04-05,True,-0.0245206851577071,0.0,-0.0245206851577071,183106.64042263568
2013-04-08,True,0.0153238583032737,0.0,0.0153238583032737,185912.54063486063
2013-04-09,True,0.0196705663898928,0.0,0.0196705663898928,189569.54560813232
2013-04-10,True,0.0585403068017955,0.0,0.0585403068017955,200667.0049683094
2013-04-11,True,-0.0017285387417155,0.0,-0.0017285387417155,200320.14427603764
2013-04-12,True,-0.0011012651647266,0.0,-0.0011012651647266,200099.53867935343
2013-04-15,True,-0.0608156757017104,0.0,-0.0608156757017104,187930.350026968
2013-04-16,True,0.0417704292837928,0.0,0.0417704292837928,195780.2814230479
2013-04-17,True,-0.0584530792079561,0.0,-0.0584530792079561,184336.32112567057
2013-04-18,True,-0.0432711878247462,0.0,-0.0432711878247462,176359.86955131896
2013-04-19,True,0.0414733645408165,0.0,0.0414733645408165,183674.10671159165
2013-04-22,True,0.0307246700715044,0.0,0.0307246700715044,189317.43304098363
2013-04-23,True,0.0294742560825782,0.0,0.0294742560825782,194897.42354332993
2013-04-24,True,-0.0024252772883527,0.0,-0.0024252772883527,194424.74324845182
2013-04-25,True,0.0162157445464152,0.0,0.0162157445464152,197577.4852184711
2013-04-26,True,-0.008457277571204,0.0,-0.008457277571204,195906.51758415802
2013-04-29,True,0.0265523290372153,0.0,0.0265523290372153,201108.2918995876
2013-04-30,True,0.0219480241308129,0.0,0.0219480241308129,205522.22154310637
2013-05-01,True,-0.012732266600678,0.0,-0.012732266600678,202905.45782605594
2013-05-02,True,0.0362027922237286,0.0,0.0362027922237286,210251.20195679317
2013-05-03,True,0.0349365903510274,0.0,0.0349365903510274,217596.6620703688
2013-05-06,True,0.0128951338429652,0.0,0.0128951338429652,220402.6001515487
2013-05-07,True,-0.0024322441068637,0.0,-0.0024322441068637,219866.52722619264
2013-05-08,True,0.0156306851371519,0.0,0.0156306851371519,223303.1916854643
2013-05-09,True,-0.0035306826574367,0.0,-0.0035306826574367,222514.77897923015
2013-05-10,True,0.0170021165212468,0.0,0.0170021165212468,226298.0011791345
2013-05-13,True,0.0039011392330607,0.0,0.0039011392330607,227180.82118989766
2013-05-14,True,0.0147102972080457,0.0,0.0147102972080457,230522.71858956898
2013-05-15,True,0.0073852790527286,0.0,0.0073852790527286,232225.1931943466
2013-05-16,True,-0.0036662205615901,0.0,-0.0036662205615901,231373.80441613824
2013-05-17,True,0.0282061545000784,0.0,0.0282061545000784,237899.96969077078
2013-05-20,True,-0.0045060719271464,0.0,-0.0045060719271464,236827.97531587823
2013-05-21,True,0.0037276047101624,0.0,0.0037276047101624,237710.7763921639
2013-05-22,True,-0.0244032604377051,0.0,-0.0244032604377051,231909.85840701684
2013-05-23,True,-0.010875145533727,0.0,-0.010875145533727,229387.8049461345
2013-05-24,True,-0.0005502351210967,0.0,-0.0005502351210967,229261.58771950184
2013-05-28,True,0.0206270897589269,0.0,0.0206270897589269,233990.58706766609
2013-05-29,True,-0.015090738232376,0.0,-0.015090738232376,230459.49636938798
2013-05-30,True,0.0162792002675775,0.0,0.0162792002675775,234211.1926643503
2013-05-31,True,-0.0285363378266748,0.0,-0.0285363378266748,227527.662947692
2013-06-03,True,0.0058197923202774,0.0,0.0058197923202774,228851.82669316564
2013-06-04,True,-0.0150156612568355,0.0,-0.0150156612568355,225415.46518553304
2013-06-05,True,-0.0383220466446653,0.0,-0.0383220466446653,216777.0832142641
2013-06-06,True,0.0122163000111277,0.0,0.0122163000111277,219425.29709834675
2013-06-07,True,0.0418110318842621,0.0,0.0418110318842621,228599.69519153945
2013-06-10,True,0.0004128980573332,0.0,0.0004128980573332,228694.083561591
2013-06-11,True,-0.0289493875030706,0.0,-0.0289493875030706,222073.52991690687
2013-06-12,True,-0.0346398145308443,0.0,-0.0346398145308443,214380.9440283753
2013-06-13,True,0.0358827876395271,0.0,0.0358827876395271,222073.52991690685
2013-06-14,True,-0.0176042566982196,0.0,-0.0176042566982196,218164.09049036985
2013-06-17,True,0.0277457450081604,0.0,0.0277457450081604,224217.2157150529
2013-06-18,True,0.0236220292907893,0.0,0.0236220292907893,229513.6813521731
2013-06-19,True,-0.031455675875589,0.0,-0.031455675875589,222294.17338254594
2013-06-20,True,-0.0737478471369263,0.0,-0.0737478471369263,205900.45666450055
2013-06-21,True,-0.0140873487164816,0.0,-0.0140873487164816,202999.86513058492
2013-06-24,True,-0.0309050984705409,0.0,-0.0309050984705409,196726.13430921765
2013-06-25,True,0.0213137126212856,0.0,0.0213137126212856,200919.09860098077
2013-06-26,True,0.0273026362599131,0.0,0.0273026362599131,206404.71966775297
2013-06-27,True,0.0111498955279236,0.0,0.0111498955279236,208706.11072851878
2013-06-28,True,0.0027191544891995,0.0,0.0027191544891995,209273.61488642963
2013-07-01,True,0.0213925046568581,0.0,0.0213925046568581,213750.5016674451
2013-07-02,True,0.0004429107135406,0.0,0.0004429107135406,213845.17405465827
2013-07-03,True,0.0135630054196238,0.0,0.0135630054196238,216745.557309322
2013-07-05,True,0.0221087595963951,0.0,0.0221087595963951,221537.53272946048
2013-07-08,True,0.0032731011274234,0.0,0.0032731011274234,222262.64747760387
2013-07-09,True,0.0182986519163625,0.0,0.0182986519163625,226329.75429780575
2013-07-10,True,0.0168544890563404,0.0,0.0168544890563404,230144.42666474235
2013-07-11,True,0.0623290538924559,0.0,0.0623290538924559,244489.11103737744
2013-07-12,True,0.0104442427602602,0.0,0.0104442427602602,247042.61466529203
2013-07-15,True,0.0077843301229219,0.0,0.0077843301229219,248965.67593227647
2013-07-16,True,-0.0039253769221999,0.0,-0.0039253769221999,247988.39181355204
2013-07-17,True,0.0071188568965228,0.0,0.0071188568965228,249753.78568687153
2013-07-18,True,-0.0073205379902875,0.0,-0.0073205379902875,247925.45361053266
2013-07-19,True,-0.0303918713675254,0.0,-0.0303918713675254,240390.53511566596
2013-07-22,True,0.0072129494240509,0.0,0.0072129494240509,242124.4598874758
2013-07-23,True,-0.022265040108337,0.0,-0.022265040108337,236733.54907687168
2013-07-24,True,0.0094542996327935,0.0,0.0094542996327935,238971.69898297905
2013-07-25,True,0.0180740294217993,0.0,0.0180740294217993,243290.8805013748
2013-07-26,True,0.016587550842106,0.0,0.016587550842106,247326.4803511121
2013-07-29,True,-0.0045888033351735,0.0,-0.0045888033351735,246191.5477732002
2013-07-30,True,0.0148542306666157,0.0,0.0148542306666157,249848.53381199445
2013-07-31,True,0.006308624472052,0.0,0.006308624472052,251424.7343867071
2013-08-01,True,0.0304708158714352,0.0,0.0304708158714352,259085.851173729
2013-08-02,True,0.0166710698490895,0.0,0.0166710698490895,263405.089495557
2013-08-05,True,0.0021543482323849,0.0,0.0021543482323849,263972.55578451295
2013-08-06,True,-0.0177956685748961,0.0,-0.0177956685748961,259274.98766890352
2013-08-07,True,-0.0057149955518307,0.0,-0.0057149955518307,257793.23226767473
2013-08-08,True,0.0133299870282939,0.0,0.0133299870282939,261229.61270978482
2013-08-09,True,-0.0107412710682887,0.0,-0.0107412710682887,258423.67462860493
2013-08-12,True,0.0062225272823095,0.0,0.0062225272823095,260031.72299437615
2013-08-13,True,0.0166101371562719,0.0,0.0166101371562719,264350.8855782944
2013-08-14,True,-0.0110918348804496,0.0,-0.0110918348804496,261418.74920495934
2013-08-15,True,-0.0501684207446148,0.0,-0.0501684207446148,248303.78340431402
2013-08-16,True,-0.0035557842536483,0.0,-0.0035557842536483,247420.86872116363
2013-08-19,True,-0.0039497325137554,0.0,-0.0039497325137554,246443.62247139405
2013-08-20,True,0.0136881874537957,0.0,0.0136881874537957,249816.98897257494
2013-08-21,True,-0.009969332476969,0.0,-0.009969332476969,247326.48035111206
2013-08-22,True,0.0285528603119726,0.0,0.0285528603119726,254388.35879602924
2013-08-23,True,0.0210679519080969,0.0,0.0210679519080969,259747.80050512368
2013-08-26,True,0.0008493068902035,0.0,0.0008493068902035,259968.4061018079
2013-08-27,True,-0.0629389326765476,0.0,-0.0629389326765476,243606.27209213682
2013-08-28,True,0.0129419572942146,0.0,0.0129419572942146,246759.01406215606
2013-08-29,True,0.0206974861380517,0.0,0.0206974861380517,251866.30533514687
2013-08-30,True,-0.0186505872728555,0.0,-0.0186505872728555,247168.85082640205
2013-09-03,True,0.016453315421961,0.0,0.016453315421961,251235.59789153247
2013-09-04,True,0.0326273502330751,0.0,0.0326273502330751,259432.74973495558
2013-09-05,True,0.0043746696555133,0.0,0.0043746696555133,260567.6823128675
2013-09-06,True,0.0036297520641939,0.0,0.0036297520641939,261513.47839560482
2013-09-09,True,0.0352011805816558,0.0,0.0352011805816558,270719.06157314545
2013-09-10,True,0.0151393813736748,0.0,0.0151393813736748,274817.58069142466
2013-09-11,True,-0.0050472174161796,0.0,-0.0050472174161796,273430.51661188656
2013-09-12,True,-0.0044973021034728,0.0,-0.0044973021034728,272200.8169743743
2013-09-13,True,0.0032434064288688,0.0,0.0032434064288688,273083.67485409236
2013-09-16,True,-0.0084274208701615,0.0,-0.0084274208701615,270782.2837933266
2013-09-17,True,0.020024869559976,0.0,0.020024869559976,276204.6637054404
2013-09-18,True,0.0367542713081083,0.0,0.0367542713081083,286356.364851835
2013-09-19,True,0.0061648917958505,0.0,0.0061648917958505,288121.7208561997
2013-09-20,True,-0.0109414102605301,0.0,-0.0109414102605301,284969.262903342
2013-09-23,True,-0.0056428171056439,0.0,-0.0056428171056439,283361.23347204836
2013-09-24,True,0.0002223134254455,0.0,0.0002223134254455,283424.22847850004
2013-09-25,True,-0.0094546715359431,0.0,-0.0094546715359431,280744.5454929077
2013-09-26,True,0.0229085662454193,0.0,0.0229085662454193,287176.0005113721
2013-09-27,True,-0.0047206304811222,0.0,-0.0047206304811222,285820.34872991143
2013-09-30,True,-0.0062866866645914,0.0,-0.0062866866645914,284023.4857550822
2013-10-01,True,0.0299700659998636,0.0,0.0299700659998636,292535.6883686733
2013-10-02,True,-0.0018323749125802,0.0,-0.0018323749125802,291999.65331227216
2013-10-03,True,-0.0347660762496202,0.0,-0.0347660762496202,281847.97110035503
2013-10-04,True,0.0257268228000293,0.0,0.0257268228000293,289099.0239094017
2013-10-07,True,-0.0247537527199982,0.0,-0.0247537527199982,281942.73815995554
2013-10-08,True,-0.056581194836258,0.0,-0.056581194836258,265990.081159459
2013-10-09,True,-0.0110224835372459,0.0,-0.0110224835372459,263058.20986880816
2013-10-10,True,0.0635184566705151,0.0,0.0635184566705151,279767.2613741833
2013-10-11,True,0.0225372366924891,0.0,0.0225372366924891,286072.4423625828
2013-10-14,True,0.0207192657242287,0.0,0.0207192657242287,291999.6533122722
2013-10-15,True,-0.0106892384926711,0.0,-0.0106892384926711,288878.3993782401
2013-10-16,True,0.0341588701124879,0.0,0.0341588701124879,298746.1591009048
2013-10-17,True,0.0161466426474055,0.0,0.0161466426474055,303569.9065741921
2013-10-18,True,0.0494333033965121,0.0,0.0494333033965121,318576.369867925
2013-10-21,True,0.005740080355657,0.0,0.005740080355657,320405.0238303804
2013-10-22,True,0.003444318912587,0.0,0.003444318912587,321508.6009136473
2013-10-23,True,-0.0160820967555949,0.0,-0.0160820967555949,316338.0684859981
2013-10-24,True,0.0124577220297112,0.0,0.0124577220297112,320278.9202106124
2013-10-25,True,0.0199824795783274,0.0,0.0199824795783274,326678.88719308976
2013-10-28,True,0.0020267633849961,0.0,0.0020267633849961,327340.988000304
2013-10-29,True,0.0048155690055329,0.0,0.0048155690055329,328917.3211163588
2013-10-30,True,-0.0031637160601966,0.0,-0.0031637160601966,327876.72010506614
2013-10-31,True,-0.0064418753428111,0.0,-0.0064418753428111,325764.5791463395
2013-11-01,True,-0.0004843986888337,0.0,-0.0004843986888337,325606.77921133256
2013-11-04,True,0.0048421475483793,0.0,0.0048421475483793,327183.4152790264
2013-11-05,True,0.0042395240214423,0.0,0.0042395240214423,328570.5172275193
2013-11-06,True,-0.0017273066118489,0.0,-0.0017273066118489,328002.97520065354
2013-11-07,True,-0.0554593895510572,0.0,-0.0554593895510572,309812.1304250948
2013-11-08,True,0.0394837458337224,0.0,0.0394837458337224,322044.67383900326
2013-11-11,True,-0.0047976367405844,0.0,-0.0047976367405844,320499.62047968374
2013-11-12,True,0.0049187163484312,0.0,0.0049187163484312,322076.06720260315
2013-11-13,True,0.0358260348951724,0.0,0.0358260348951724,333614.7756251035
2013-11-14,True,0.0077486030482023,0.0,0.0077486030482023,336199.8240924376
2013-11-15,True,0.0069397543134812,0.0,0.0069397543134812,338532.96827187465
2013-11-18,True,-0.0276590953657723,0.0,-0.0276590953657723,329169.4526179849
2013-11-19,True,-0.0098649038865298,0.0,-0.0098649038865298,325922.22760552686
2013-11-20,True,-0.0069644380271329,0.0,-0.0069644380271329,323652.3624497031
2013-11-21,True,0.030585700276869,0.0,0.030585700276869,333551.4966014903
2013-11-22,True,0.0157848857737572,0.0,0.0157848857737572,338816.56887501065
2013-11-25,True,0.0066066247311971,0.0,0.0066066247311971,341055.00279827963
2013-11-26,True,0.0165465085679961,0.0,0.0165465085679961,346698.2723242393
2013-11-27,True,0.0200058742501947,0.0,0.0200058742501947,353634.2743631178
2013-11-29,True,0.0164028643545783,0.0,0.0164028643545783,359434.8893966258
2013-12-02,True,-0.0062274371559108,0.0,-0.0062274371559108,357196.5312112666
2013-12-03,True,-0.0029125028876418,0.0,-0.0029125028876418,356156.19528265815
2013-12-04,True,0.0025672610158571,0.0,0.0025672610158571,357070.5411983633
2013-12-05,True,-0.0030904295315252,0.0,-0.0030904295315252,355967.0398530062
2013-12-06,True,0.0206359169231391,0.0,0.0206359169231391,363312.74611478864
2013-12-09,True,0.011975258983607,0.0,0.011975258983607,367663.5103415587
2013-12-10,True,-0.0018010396095845,0.0,-0.0018010396095845,367001.3337964347
2013-12-11,True,-0.0373672360024933,0.0,-0.0373672360024933,353287.5083432335
2013-12-12,True,-0.0081208359291223,0.0,-0.0081208359291223,350418.51845216966
2013-12-13,True,-0.0047684912364046,0.0,-0.0047684912364046,348747.5508178566
2013-12-16,True,0.0171755240285771,0.0,0.0171755240285771,354737.47275683616
2013-12-17,True,-0.0063092600684002,0.0,-0.0063092600684002,352499.3417852062
2013-12-18,True,0.0345224780330108,0.0,0.0345224780330108,364668.49256863684
2013-12-19,True,-0.00899088948122,0.0,-0.00899088948122,361389.7984546692
2013-12-20,True,0.0300962950667953,0.0,0.0300962950667953,372266.2924630906
2013-12-23,True,0.0323513369063379,0.0,0.0323513369063379,384309.6047094374
2013-12-24,True,0.0013947015137742,0.0,0.0013947015137742,384845.6018968836
2013-12-26,True,0.0097475420076158,0.0,0.0097475420076158,388596.9005678197
2013-12-27,True,-0.0073011849393789,0.0,-0.0073011849393789,385759.6827299046
2013-12-30,True,-0.0052300548754748,0.0,-0.0052300548754748,383742.13842048147
2013-12-31,True,0.0196352209909722,0.0,0.0196352209909722,391277.00011191587
2014-01-02,True,-0.0233667024925005,0.0,-0.0233667024925005,382134.14685814263
2014-01-03,True,-0.0217804825526528,0.0,-0.0217804825526528,373811.080739726
2014-01-06,True,-0.0106265971376254,0.0,-0.0106265971376254,369838.7409791246
2014-01-07,True,0.0259143759782385,0.0,0.0259143759782385,379422.88116417604
2014-01-08,True,0.0074782184300101,0.0,0.0074782184300101,382260.28834686556
2014-01-09,True,-0.010309192561499,0.0,-0.010309192561499,378319.4934256836
2014-01-10,True,0.0099999719726115,0.0,0.0099999719726115,382102.677756633
2014-01-13,True,-0.0444720732042104,0.0,-0.0444720732042104,365109.7794999152
2014-01-14,True,0.0572491487492325,0.0,0.0572491487492325,386012.00357630535
2014-01-15,True,0.023357943791465,0.0,0.023357943791465,395028.45025867154
2014-01-16,True,0.0020754527243025,0.0,0.0020754527243025,395848.3131319379
2014-01-17,True,-0.0177601706822343,0.0,-0.0177601706822343,388817.9795264401
2014-01-21,True,0.0223788551404144,0.0,0.0223788551404144,397519.2807662509
2014-01-22,True,0.0092789205232539,0.0,0.0092789205232539,401207.830578942
2014-01-23,True,-0.0120225921850838,0.0,-0.0120225921850838,396384.2724504292
2014-01-24,True,-0.0592543685254081,0.0,-0.0592543685254081,372896.77269297565
2014-01-27,True,-0.0290830809814653,0.0,-0.0290830809814653,362051.7856550188
2014-01-28,True,-0.0003486165008254,0.0,-0.0003486165008254,361925.5684283862
2014-01-29,True,-0.0315329115412736,0.0,-0.0315329115412736,350513.0014946087
2014-01-30,True,0.0527076324775446,0.0,0.0527076324775446,368987.7119559876
2014-01-31,True,-0.007006400477021,0.0,-0.007006400477021,366402.4362749243
2014-02-03,True,-0.0662533837918643,0.0,-0.0662533837918643,342127.03504212765
2014-02-04,True,0.0195351175532809,0.0,0.0195351175532809,348810.5268898311
2014-02-05,True,-0.0092189883192782,0.0,-0.0092189883192782,345594.84671679244
2014-02-06,True,0.0383139604515545,0.0,0.0383139604515545,358835.9540061607
2014-02-07,True,0.0530667350237643,0.0,0.0530667350237643,377878.20649440534
2014-02-10,True,0.0183539232806286,0.0,0.0183539232806286,384813.75410582527
2014-02-11,True,0.0342460691451773,0.0,0.0342460691451773,397992.1125369486
2014-02-12,True,0.0047528383249031,0.0,0.0047528383249031,399883.70470242336
2014-02-13,True,0.0257011795159147,0.0,0.0257011795159147,410161.18758246937
2014-02-14,True,0.0029214111592144,0.0,0.0029214111592144,411359.43705294945
2014-02-18,True,0.0156345898615162,0.0,0.0156345898615162,417790.8731369365
2014-02-19,True,-0.0218838032174449,0.0,-0.0218838032174449,408648.01988316333
2014-02-20,True,0.0145041626398176,0.0,0.0145041626398176,414575.1172259882
2014-02-21,True,-0.0051713499503316,0.0,-0.0051713499503316,412431.2042141129
2014-02-24,True,0.0175819306398643,0.0,0.0175819306398643,419682.5410403212
2014-02-25,True,-0.0036059566364833,0.0,-0.0036059566364833,418169.1839962406
2014-02-26,True,-0.0033177170491589,0.0,-0.0033177170491589,416781.8169650634
2014-02-27,True,0.0196677290365336,0.0,0.0196677290365336,424978.9688084865
2014-02-28,True,-0.0050448399525304,0.0,-0.0050448399525304,422835.01792765624
2014-03-03,True,-0.0219207982845387,0.0,-0.0219207982845387,413566.1367920247
2014-03-04,True,0.0402500471340441,0.0,0.0402500471340441,430212.1932909483
2014-03-05,True,0.0082078765369744,0.0,0.0082078765369744,433743.3218581813
2014-03-06,True,-0.0037799692102103,0.0,-0.0037799692102103,432103.78545642307
2014-03-07,True,-0.0142999843477525,0.0,-0.0142999843477525,425924.7080877916
2014-03-10,True,0.0020721358629762,0.0,0.0020721358629762,426807.281950348
2014-03-11,True,-0.0124095903000345,0.0,-0.0124095903000345,421510.7784442729
2014-03-12,True,0.0112191658908895,0.0,0.0112191658908895,426239.7777924372
2014-03-13,True,-0.0424551149946711,0.0,-0.0424551149946711,408143.7190109561
2014-03-14,True,-0.0205470656698515,0.0,-0.0205470656698515,399757.5632137006
2014-03-17,True,0.0266563979561098,0.0,0.0266563979561098,410413.65990468976
2014-03-18,True,0.0359504117742695,0.0,0.0359504117742695,425168.1999760484
2014-03-19,True,-0.0164617579118144,0.0,-0.0164617579118144,418169.1839962407
2014-03-20,True,0.0078405923713336,0.0,0.0078405923713336,421447.8781102085
2014-03-21,True,-0.0366549427613862,0.0,-0.0366549427613862,405999.73026117106
2014-03-24,True,-0.0251593668455774,0.0,-0.0251593668455774,395785.0341083248
2014-03-25,True,0.0092408336537039,0.0,0.0092408336537039,399442.41777114535
2014-03-26,True,-0.0380431660241763,0.0,-0.0380431660241763,384246.36355477927
2014-03-27,True,-0.0177224443954303,0.0,-0.0177224443954303,377436.5787425334
2014-03-28,True,0.0065152570309383,0.0,0.0065152570309383,379895.675065919
2014-03-31,True,0.0199167651031464,0.0,0.0199167651031464,387461.9679899082
2014-04-01,True,0.0541908579377015,0.0,0.0541908579377015,408458.8644535116
2014-04-02,True,0.0078726221510361,0.0,0.0078726221510361,411674.50675759534
2014-04-03,True,-0.0235868196101767,0.0,-0.0235868196101767,401964.41442859545
2014-04-04,True,-0.0793729137257532,0.0,-0.0793729137257532,370059.32764133165
2014-04-07,True,-0.0299875062716796,0.0,-0.0299875062716796,358962.1712327937
2014-04-08,True,0.0279292402560507,0.0,0.0279292402560507,368987.711955988
2014-04-09,True,0.0512644700915094,0.0,0.0512644700915094,387903.6714796903
2014-04-10,True,-0.0923284022478658,0.0,-0.0923284022478658,352089.14526588947
2014-04-11,True,-0.034921071286714,0.0,-0.034921071286714,339793.81512478116
2014-04-14,True,0.022453756795751,0.0,0.022453756795751,347423.46281029336
2014-04-15,True,0.0099816216083059,0.0,0.0099816216083059,350891.3123539131
2014-04-16,True,0.0388139956934734,0.0,0.0388139956934734,364510.80624049506
2014-04-17,True,0.0005188256629415,0.0,0.0005188256629415,364699.92380119214
2014-04-21,True,0.0226490040369331,0.0,0.0226490040369331,372960.01384763455
2014-04-22,True,0.0245137912096224,0.0,0.0245137912096224,382102.6777566334
2014-04-23,True,-0.0272280931960242,0.0,-0.0272280931960242,371698.7504362254
2014-04-24,True,0.0295167947902248,0.0,0.0295167947902248,382670.1061766345
2014-04-25,True,-0.0482782282317646,0.0,-0.0482782282317646,364195.4714531653
2014-04-28,True,0.010734141762043,0.0,0.010734141762043,368104.7972728376
2014-04-29,True,0.0220967255765913,0.0,0.0220967255765913,376238.7079616023
2014-04-30,True,0.0088822852619869,0.0,0.0088822852619869,379580.5674923187
2014-05-01,True,0.0089700942652033,0.0,0.0089700942652033,382985.44096396415
2014-05-02,True,-0.0049388729315769,0.0,-0.0049388729315769,381093.9245363992
2014-05-05,True,0.0142284606575928,0.0,0.0142284606575928,386516.30444851296
2014-05-06,True,-0.0386623270250463,0.0,-0.0386623270250463,371572.6846854122
2014-05-07,True,-0.0089932130501364,0.0,-0.0089932130501364,368231.05236842507
2014-05-08,True,-0.0034249900039325,0.0,-0.0034249900039325,366969.86469492567
2014-05-09,True,0.0116842027053243,0.0,0.0116842027053243,371257.6149807666
2014-05-12,True,0.04874269488418,0.0,0.04874269488418,389353.7116312025
2014-05-13,True,0.0021056046977869,0.0,0.0021056046977869,390173.53663551394
2014-05-14,True,-0.0148677272504924,0.0,-0.0148677272504924,384372.5429124571
2014-05-15,True,-0.0231295941801387,0.0,-0.0231295941801387,375482.16198090406
2014-05-16,True,0.0186394707252013,0.0,0.0186394707252013,382480.95074698236
2014-05-19,True,0.0214308366069746,0.0,0.0214308366069746,390677.83750772127
2014-05-20,True,-0.0109743807367039,0.0,-0.0109743807367039,386390.3901735194
2014-05-21,True,0.0282304202882286,0.0,0.0282304202882286,397298.3532834505
2014-05-22,True,0.0123791867624911,0.0,0.0123791867624911,402216.5837991765
2014-05-23,True,0.0224171768455294,0.0,0.0224171768455294,411233.14408840734
2014-05-27,True,0.0375657013010142,0.0,0.0375657013010142,426681.4055443094
2014-05-28,True,-0.0094581548006916,0.0,-0.0094581548006916,422645.7867600947
2014-05-29,True,0.0202900415438178,0.0,0.0202900415438178,431221.2873317766
2014-05-30,True,-0.000877564436835,0.0,-0.000877564436835,430842.862865608
2014-06-02,True,-0.0024880451745398,0.0,-0.0024880451745398,429770.90635967033
2014-06-03,True,-0.001466838454271,0.0,-0.001466838454271,429140.5018676951
2014-06-04,True,0.0105785690768762,0.0,0.0105785690768762,433680.19431038783
2014-06-05,True,0.0260246783786073,0.0,0.0260246783786073,444966.5818864876
2014-06-06,True,0.0161543222190525,0.0,0.0161543222190525,452154.7154269924
2014-06-09,True,-0.0018127327473805,0.0,-0.0018127327473805,451335.07976745535
2014-06-10,True,0.0057282306092962,0.0,0.0057282306092962,453920.43118642847
2014-06-11,True,-0.0015283719476673,0.0,-0.0015283719476673,453226.67193293007
2014-06-12,True,-0.0261546949351415,0.0,-0.0261546949351415,441372.66659205477
2014-06-13,True,0.0068569875379913,0.0,0.0068569875379913,444399.1534664865
2014-06-16,True,0.0036890772228197,0.0,0.0036890772228197,446038.5762613801
2014-06-17,True,0.0014134256418232,0.0,0.0014134256418232,446669.01862231025
2014-06-18,True,0.0182102367045908,0.0,0.0182102367045908,454802.96718002984
2014-06-19,True,-0.0038817090810626,0.0,-0.0038817090810626,453037.55437223293
2014-06-20,True,0.0036189020468186,0.0,0.0036189020468186,454677.05290503637
2014-06-23,True,0.0011089742292378,0.0,0.0011089742292378,455181.2780393339
2014-06-24,True,-0.0027699883842685,0.0,-0.0027699883842685,453920.4311864284
2014-06-25,True,0.0183662421346617,0.0,0.0183662421346617,462257.2437354684
2014-06-26,True,0.0027288977582913,0.0,0.0027288977582913,463518.69649165205
2014-06-27,True,0.0099313149409019,0.0,0.0099313149409019,468122.046647507
2014-06-30,True,0.0074101872155867,0.0,0.0074101872155867,471590.9186529086
2014-07-01,True,0.0335646173166437,0.0,0.0335646173166437,487419.68736749794
2014-07-02,True,0.0038815276344024,0.0,0.0038815276344024,489311.6203535667
2014-07-03,True,0.0192038173600386,0.0,0.0192038173600386,498708.27134298114
2014-07-07,True,-0.0096104452493626,0.0,-0.0096104452493626,493915.4628058351
2014-07-08,True,-0.0348569788251775,0.0,-0.0348569788251775,476699.06197738444
2014-07-09,True,0.0226219588099036,0.0,0.0226219588099036,487482.92852215655
2014-07-10,True,-0.0094441877896737,0.0,-0.0094441877896737,482879.0482009332
2014-07-11,True,0.0173703626064665,0.0,0.0173703626064665,491266.83236324886
2014-07-14,True,0.0191263081589403,0.0,0.0191263081589403,500662.9531872948
2014-07-15,True,-0.0104539512866488,0.0,-0.0104539512866488,495429.0470636451
2014-07-16,True,0.011328299162185,0.0,0.011328299162185,501041.41552241833
2014-07-17,True,-0.0398990153978617,0.0,-0.0398990153978617,481050.3563695229
2014-07-18,True,0.0473255705116584,0.0,0.0473255705116584,503816.33892954723
2014-07-21,True,-0.0036302808021975,0.0,-0.0036302808021975,501987.34414649784
2014-07-22,True,0.0198495659331345,0.0,0.0198495659331345,511951.5750317329
2014-07-23,True,0.0187240490831037,0.0,0.0187240490831037,521537.38145079935
2014-07-24,True,-0.0035068568028752,0.0,-0.0035068568028752,519708.4245367049
2014-07-25,True,-0.012255949763423,0.0,-0.012255949763423,513338.9041939553
2014-07-28,True,0.0012288588402813,0.0,0.0012288588402813,513969.7252444344
2014-07-29,True,-0.0050308259661352,0.0,-0.0050308259661352,511384.03300486726
2014-07-30,True,0.0119618241765206,0.0,0.0119618241765206,517501.11889435153
2014-07-31,True,-0.0609306873760251,0.0,-0.0609306873760251,485969.4200022566
2014-08-01,True,-0.0115498229398069,0.0,-0.0115498229398069,480356.5592470699
2014-08-04,True,0.0204806481127746,0.0,0.0204806481127746,490194.57290567225
2014-08-05,True,-0.0234145057934657,0.0,-0.0234145057934657,478716.9092384469
2014-08-06,True,-0.0017124674719778,0.0,-0.0017124674719778,477897.12210309034
2014-08-07,True,-0.0096330675068305,0.0,-0.0096330675068305,473293.5068645513
2014-08-08,True,0.0213190018749109,0.0,0.0213190018749109,483383.6520247799
2014-08-11,True,0.0181342336118788,0.0,0.0181342336118788,492149.44409476034
2014-08-12,True,-0.0023064577971315,0.0,-0.0023064577971315,491014.32217207405
2014-08-13,True,0.0324945488805306,0.0,0.0324945488805306,506969.6110649351
2014-08-14,True,0.0154247930135882,0.0,0.0154247930135882,514789.51237979106
2014-08-15,True,0.0135977181650808,0.0,0.0135977181650808,521789.47508347087
2014-08-18,True,0.0241723909719693,0.0,0.0241723909719693,534402.3742802471
2014-08-19,True,0.0172286680887303,0.0,0.0172286680887303,543609.415412551
2014-08-20,True,0.0,0.0,0.0,543609.415412551
2014-08-21,True,0.00568491220664,0.0,0.00568491220664,546699.7872138743
2014-08-22,True,0.0039217623069995,0.0,0.0039217623069995,548843.8138326143
2014-08-25,True,0.0111453347315944,0.0,0.0111453347315944,554960.8618531438
2014-08-26,True,0.0034092651464836,0.0,0.0034092651464836,556852.8705771223
2014-08-27,True,0.000113636881404,0.0,0.000113636881404,556916.1496007356
2014-08-28,True,-0.004076455399974,0.0,-0.004076455399974,554645.9057553629
2014-08-29,True,0.0117108209263483,0.0,0.0117108209263483,561141.2646351963
2014-09-02,True,0.0083167903632723,0.0,0.0083167903632723,565808.1588973488
2014-09-03,True,-0.0171650041288479,0.0,-0.0171650041288479,556096.05951374
2014-09-04,True,-0.0031751991930675,0.0,-0.0031751991930675,554330.343754304
2014-09-05,True,0.0154722043901673,0.0,0.0154722043901673,562907.0561325423
2014-09-08,True,0.0050413044948049,0.0,0.0050413044948049,565744.8420047807
2014-09-09,True,-0.0243001425344899,0.0,-0.0243001425344899,551997.1617059121
2014-09-10,True,0.0231916983689304,0.0,0.0231916983689304,564798.9133807012
2014-09-11,True,-0.0007813839399786,0.0,-0.0007813839399786,564357.5885804682
2014-09-12,True,-0.0157559842846789,0.0,-0.0157559842846789,555465.579283855
2014-09-15,True,-0.0300861754478204,0.0,-0.0300861754478204,538753.7444102957
2014-09-16,True,0.0270397571005467,0.0,0.0270397571005467,553321.5147961603
2014-09-17,True,0.0049003246145957,0.0,0.0049003246145957,556032.9698349014
2014-09-18,True,0.0215492905372318,0.0,0.0215492905372318,568015.0858501535
2014-09-19,True,-0.0022202085243953,0.0,-0.0022202085243953,566753.9739145639
2014-09-22,True,-0.0271505306293718,0.0,-0.0271505306293718,551366.3027864783
2014-09-23,True,-0.008692534607156,0.0,-0.008692534607156,546573.5321182872
2014-09-24,True,0.0324219955979538,0.0,0.0324219955979538,564294.5367705844
2014-09-25,True,-0.06347812303456,0.0,-0.06347812303456,528474.1787377312
2014-09-26,True,0.0319813037889937,0.0,0.0319813037889937,545375.4719925816
2014-09-29,True,-0.0033534349638107,0.0,-0.0033534349638107,543546.590816397
2014-09-30,True,0.0037127902352591,0.0,0.0037127902352591,545564.6652911885
2014-10-01,True,-0.0478556877252562,0.0,-0.0478556877252562,519456.2930350795
2014-10-02,True,-0.0004860318868119,0.0,-0.0004860318868119,519203.8207128593
2014-10-03,True,0.030122883562573,0.0,0.030122883562573,534843.7369494358
2014-10-06,True,-0.0068387240848453,0.0,-0.0068387240848453,531186.088203931
2014-10-07,True,-0.0422654840102847,0.0,-0.0422654840102847,508735.25108646206
2014-10-08,True,0.0577662154913563,0.0,0.0577662154913563,538122.961228772
2014-10-09,True,-0.0498063530008687,0.0,-0.0498063530008687,511321.019063939
2014-10-10,True,-0.0748645053686831,0.0,-0.0748645053686831,473041.2238871062
2014-10-13,True,-0.0467941039413023,0.0,-0.0467941039413023,450905.6836880121
2014-10-14,True,0.0018186779357791,0.0,0.0018186779357791,451725.7359060529
2014-10-15,True,-0.0213594054518798,0.0,-0.0213594054518798,442077.1427597868
2014-10-16,True,-0.015549945874833,0.0,-0.015549945874833,435202.8671173713
2014-10-17,True,0.0391249335753147,0.0,0.0391249335753147,452230.150385125
2014-10-20,True,0.0430900212829099,0.0,0.0430900212829099,471716.7571899936
2014-10-21,True,0.0782086958867283,0.0,0.0782086958867283,508609.1095977395
2014-10-22,True,-0.0154986680954259,0.0,-0.0154986680954259,500726.345817774
2014-10-23,True,0.0457178341821824,0.0,0.0457178341821824,523618.4698665212
2014-10-24,True,0.0230033491435706,0.0,0.0230033491435706,535663.4483468831
2014-10-27,True,0.0037676419548218,0.0,0.0037676419548218,537681.6364285393
2014-10-28,True,0.044686752054674,0.0,0.044686752054674,561708.8823999729
2014-10-29,True,-0.0120133769613829,0.0,-0.0120133769613829,554960.8618531448
2014-10-30,True,0.0062505241467096,0.0,0.0062505241467096,558429.6581206367
2014-10-31,True,0.041219293885933,0.0,0.041219293885933,581447.7343133324
2014-11-03,True,0.0103039518943539,0.0,0.0103039518943539,587438.9437967781
2014-11-04,True,-0.0106280679056097,0.0,-0.0106280679056097,581195.6028117063
2014-11-05,True,-0.0001082257569743,0.0,-0.0001082257569743,581132.7024776419
2014-11-06,True,0.0085726553310343,0.0,0.0085726553310343,586114.5528375752
2014-11-07,True,-0.0024748921688738,0.0,-0.0024748921688738,584663.9825206945
2014-11-10,True,0.0102472048793917,0.0,0.0102472048793917,590655.1541351852
2014-11-11,True,0.0095026429177529,0.0,0.0095026429177529,596267.9391524622
2014-11-12,True,0.0054993912252474,0.0,0.0054993912252474,599547.0498249336
2014-11-13,True,0.0128329995821161,0.0,0.0128329995821161,607241.036864796
2014-11-14,True,0.0092425311465447,0.0,0.0092425311465447,612853.481061479
2014-11-17,True,-0.009363962739162,0.0,-0.009363962739162,607114.7439002537
2014-11-18,True,0.0224368264677792,0.0,0.0224368264677792,620736.4720551738
2014-11-19,True,-0.0126994164973024,0.0,-0.0126994164973024,612853.4810614791
2014-11-20,True,0.0132743573359415,0.0,0.0132743573359415,620988.7171636649
2014-11-21,True,0.0072104166032711,0.0,0.0072104166032711,625466.3045203459
2014-11-24,True,0.0225851594862331,0.0,0.0225851594862331,639592.5607612028
2014-11-25,True,0.0032540681180188,0.0,0.0032540681180188,641673.8385216978
2014-11-26,True,0.0204421612375584,0.0,0.0204421612375584,654791.0385906814
2014-11-28,True,0.0149281370648219,0.0,0.0149281370648219,664565.8489635802
2014-12-01,True,-0.0369138144681429,0.0,-0.0369138144681429,640034.1885130748
2014-12-02,True,0.0107396536004056,0.0,0.0107396536004056,646907.9339901219
2014-12-03,True,0.0090660760376342,0.0,0.0090660760376342,652772.8505090253
2014-12-04,True,-0.0029947188942733,0.0,-0.0029947188942733,650817.9793199373
2014-12-05,True,0.0006781078800162,0.0,0.0006781078800162,651259.3041201704
2014-12-08,True,-0.0215934563380821,0.0,-0.0215934563380821,637196.3647718818
2014-12-09,True,0.0096989531658435,0.0,0.0096989531658435,643376.5024712501
2014-12-10,True,-0.0484220005827111,0.0,-0.0484220005827111,612222.9250936846
2014-12-11,True,0.0156572553693408,0.0,0.0156572553693408,621808.6557748412
2014-12-12,True,-0.0330628889347273,0.0,-0.0330628889347273,601249.8652503055
2014-12-15,True,-0.0299978875259351,0.0,-0.0299978875259351,583213.6394175433
2014-12-16,True,-0.0496321044348365,0.0,-0.0496321044348365,554267.5191581507
2014-12-17,True,0.053703278838834,0.0,0.053703278838834,584033.5022908096
2014-12-18,True,0.0733180664494599,0.0,0.0733180664494599,626853.709420478
2014-12-19,True,0.0111670014954781,0.0,0.0111670014954781,633853.7857310225
2014-12-22,True,0.0092247709340704,0.0,0.0092247709340704,639700.9417100847
2014-12-23,True,-0.0095646053364542,0.0,-0.0095646053364542,633582.4546692696
2014-12-24,True,0.0020903811625421,0.0,0.0020903811625421,634906.8834974275
2014-12-26,True,0.0202663812618641,0.0,0.0202663812618641,647774.1484641683
2014-12-29,True,0.0001950229625506,0.0,0.0001950229625506,647900.4792976655
2014-12-30,True,-0.020638828163914,0.0,-0.020638828163914,634528.5726381235
2014-12-31,True,-0.0313118886334035,0.0,-0.0313118886334035,614660.2846369661
2015-01-02,True,-0.0082094133875744,0.0,-0.0082094133875744,609614.2842674571
2015-01-05,True,-0.0450075897645892,0.0,-0.0450075897645892,582177.0146465137
2015-01-06,True,-0.039653327317773,0.0,-0.039653327317773,559091.7589278516
2015-01-07,True,0.0384698982752134,0.0,0.0384698982752134,580599.962020316
2015-01-08,True,0.0570339370690458,0.0,0.0570339370690458,613713.8637164731
2015-01-09,True,-0.0202461358587947,0.0,-0.0202461358587947,601288.5294532437
2015-01-12,True,-0.030735591872574,0.0,-0.030735591872574,582807.5706143086
2015-01-13,True,-0.0008658804693791,0.0,-0.0008658804693791,582302.9289215073
2015-01-14,True,-0.0153809745324592,0.0,-0.0153809745324592,573346.5424015892
2015-01-15,True,-0.0397139312954536,0.0,-0.0397139312954536,550576.6972081666
2015-01-16,True,0.0356278998299677,0.0,0.0356278998299677,570192.5886250136
2015-01-20,True,0.0221240721836026,0.0,0.0221240721836026,582807.5706143087
2015-01-21,True,0.0153677864005563,0.0,0.0153677864005563,591764.0328721366
2015-01-22,True,0.0556384304815107,0.0,0.0556384304815107,624688.8548765513
2015-01-23,True,0.0066641335377617,0.0,0.0066641335377617,628851.8648250002
2015-01-26,True,-0.0022066120679272,0.0,-0.0022066120679272,627464.2327111387
2015-01-27,True,-0.0774025811623226,0.0,-0.0774025811623226,578896.8815122604
2015-01-28,True,-0.0172146039804417,0.0,-0.0172146039804417,568931.4009515141
2015-01-29,True,0.0289356362475288,0.0,0.0289356362475288,585393.7930192441
2015-01-30,True,-0.0229502919737729,0.0,-0.0229502919737729,571958.8345498181
2015-02-02,True,0.0262460014589867,0.0,0.0262460014589867,586970.466955893
2015-02-03,True,0.0272944386480451,0.0,0.0272944386480451,602991.4963544351
2015-02-04,True,-0.0026154440065693,0.0,-0.0026154440065693,601414.4058592826
2015-02-05,True,0.0265342682849809,0.0,0.0265342682849809,617372.4970548053
2015-02-06,True,-0.0181857594854794,0.0,-0.0181857594854794,606145.1093104167
2015-02-09,True,-0.0110299726621612,0.0,-0.0110299726621612,599459.3453254201
2015-02-10,True,0.0478745326230796,0.0,0.0478745326230796,628158.1813094119
2015-02-11,True,0.0112460559588736,0.0,0.0112460559588736,635222.4833674419
2015-02-12,True,0.0349513551383706,0.0,0.0349513551383706,657424.3699754952
2015-02-13,True,0.0252328992639041,0.0,0.0252328992639041,674013.0928767225
2015-02-17,True,0.002714151241173,0.0,0.002714151241173,675842.4663493207
2015-02-18,True,0.0042929646951057,0.0,0.0042929646951057,678743.8341968115
2015-02-19,True,0.0150543225677588,0.0,0.0150543225677588,688961.8628176878
2015-02-20,True,0.0192254122338115,0.0,0.0192254122338115,702207.4386437327
2015-02-23,True,0.0039523078408183,0.0,0.0039523078408183,704982.7786093652
2015-02-24,True,0.0020574356622968,0.0,0.0020574356622968,706433.2353193813
2015-02-25,True,-0.008035624304464,0.0,-0.008035624304464,700756.6032441678
2015-02-26,True,0.0152117469336838,0.0,0.0152117469336838,711416.335354826
2015-02-27,True,-0.0132103938898348,0.0,-0.0132103938898348,702018.2453451259
2015-03-02,True,0.0269541194472311,0.0,0.0269541194472311,720940.528984294
2015-03-03,True,-0.0143478974325357,0.0,-0.0143478974325357,710596.5482194694
2015-03-04,True,-0.0110952420033019,0.0,-0.0110952420033019,702712.3075502632
2015-03-05,True,0.0043979383525551,0.0,0.0043979383525551,705802.7929584512
2015-03-06,True,-0.034405778464164,0.0,-0.034405778464164,681519.0984245345
2015-03-09,True,0.0096248350260068,0.0,0.0096248350260068,688078.6073139437
2015-03-10,True,-0.0553670029133749,0.0,-0.0553670029133749,649981.7570581615
2015-03-11,True,-0.0175638811850915,0.0,-0.0175638811850915,638565.5547047149
2015-03-12,True,0.0191621554753302,0.0,0.0191621554753302,650801.8471451573
2015-03-13,True,-0.0128900715306916,0.0,-0.0128900715306916,642412.96478315
2015-03-16,True,0.038291555122327,0.0,0.038291555122327,667011.9562354415
2015-03-17,True,0.005579070095939,0.0,0.005579070095939,670733.2626941085
2015-03-18,True,0.0287758167420921,0.0,0.0287758167420921,690034.1601442198
2015-03-19,True,0.0048444617913476,0.0,0.0048444617913476,693377.0042677631
2015-03-20,True,0.0207402484753336,0.0,0.0207402484753336,707757.8156233589
2015-03-23,True,-0.008376825300923,0.0,-0.008376825300923,701829.0520465192
2015-03-24,True,-0.0101555606083775,0.0,-0.0101555606083775,694701.5845717407
2015-03-25,True,-0.0697271239218519,0.0,-0.0697271239218519,646262.0410956
2015-03-26,True,-0.0081992304116994,0.0,-0.0081992304116994,640963.189714322
2015-03-27,True,0.0096446719101737,0.0,0.0096446719101737,647145.069385615
2015-03-30,True,0.0359686129130756,0.0,0.0359686129130756,670421.9798849516
2015-03-31,True,-0.0309560648667602,0.0,-0.0309560648667602,649668.3535875313
2015-04-01,True,-0.0168947949538398,0.0,-0.0168947949538398,638692.3399656712
2015-04-02,True,0.0016791320879296,0.0,0.0016791320879296,639764.7887680224
2015-04-06,True,0.0240579948971764,0.0,0.0240579948971764,655156.2467915966
2015-04-07,True,-0.0046214539412932,0.0,-0.0046214539412932,652128.4723726987
2015-04-08,True,0.0237956008892108,0.0,0.0237956008892108,667646.2612297703
2015-04-09,True,0.0186131507339748,0.0,0.0186131507339748,680073.2617270147
2015-04-10,True,0.0119658574645813,0.0,0.0119658574645813,688210.9214423131
2015-04-13,True,-0.0074248826009495,0.0,-0.0074248826009495,683101.0361459126
2015-04-14,True,-0.0085878299530727,0.0,-0.0085878299530727,677234.6806067238
2015-04-15,True,0.0176972940293245,0.0,0.0176972940293245,689219.9018762766
2015-04-16,True,-0.0034779971351852,0.0,-0.0034779971351852,686822.7970320383
2015-04-17,True,-0.0467486324787738,0.0,-0.0467486324787738,654714.7705155441
2015-04-20,True,0.0447052968721424,0.0,0.0447052968721424,683983.9886980181
2015-04-21,True,0.0128196056819378,0.0,0.0128196056819378,692752.3937258858
2015-04-22,True,0.0162082393377462,0.0,0.0162082393377462,703980.6903251916
2015-04-23,True,0.0120073700171641,0.0,0.0120073700171641,712433.6469588649
2015-04-24,True,0.0391352168262042,0.0,0.0391352168262042,740314.8922068835
2015-04-27,True,-0.0063900721598036,0.0,-0.0063900721598036,735584.2266247043
2015-04-28,True,-0.0065172447983897,0.0,-0.0065172447983897,730790.244149957
2015-04-29,True,-0.0190767147797435,0.0,-0.0190767147797435,716849.1670984891
2015-04-30,True,-0.0469904169800184,0.0,-0.0469904169800184,683164.1258247523
2015-05-01,True,0.0404431964672706,0.0,0.0404431964672706,710793.466784874
2015-05-04,True,0.0035497410204252,0.0,0.0035497410204252,713316.5995109706
2015-05-05,True,-0.047399913189578,0.0,-0.047399913189578,679505.4546174656
2015-05-06,True,-0.0213516773276625,0.0,-0.0213516773276625,664996.8734080868
2015-05-07,True,0.0171691245727052,0.0,0.0171691245727052,676414.2875680898
2015-05-08,True,0.0366502604919254,0.0,0.0366502604919254,701205.0474079205
2015-05-11,True,-0.0109747891353821,0.0,-0.0109747891353821,693509.4698719529
2015-05-12,True,-0.012916440875765,0.0,-0.012916440875765,684551.7958075686
2015-05-13,True,0.005160409495897,0.0,0.005160409495897,688084.3633950874
2015-05-14,True,0.0442793408791917,0.0,0.0442793408791917,718552.2854755
2015-05-15,True,-8.737948298120912e-05,0.0,-8.737948298120912e-05,718489.4987483002
2015-05-18,True,0.0122910140742804,0.0,0.0122910140742804,727320.4632896383
2015-05-19,True,-0.0028620897597583,0.0,-0.0028620897597583,725238.8068395943
2015-05-20,True,0.0016527358281506,0.0,0.0016527358281506,726437.4349996233
2015-05-21,True,0.0157174128996366,0.0,0.0157174128996366,737855.1521112653
2015-05-22,True,-0.0027359275614575,0.0,-0.0027359275614575,735836.4338642408
2015-05-26,True,-0.0346335050269346,0.0,-0.0346335050269346,710351.8390330019
2015-05-27,True,0.048130632016214,0.0,0.048130632016214,744541.5219995403
2015-05-28,True,-0.0073710391129647,0.0,-0.0073710391129647,739053.4773196554
2015-05-29,True,-0.016899809480163,0.0,-0.016899809480163,726563.6143573013
2015-06-01,True,0.0087689836372486,0.0,0.0087689836372486,732934.8388030208
2015-06-02,True,-0.0091232511047557,0.0,-0.0091232511047557,726248.0902251971
2015-06-03,True,0.0087728976769545,0.0,0.0087728976769545,732619.3904088264
2015-06-04,True,-0.0217841522566684,0.0,-0.0217841522566684,716659.8980619729
2015-06-05,True,-0.007569564782258,0.0,-0.007569564782258,711235.0945367465
2015-06-08,True,-0.0305988632845906,0.0,-0.0305988632845906,689472.1091158137
2015-06-09,True,-0.0049405743681341,0.0,-0.0049405743681341,686065.7208859728
2015-06-10,True,0.0396287696561619,0.0,0.0396287696561619,713253.6613079517
2015-06-11,True,0.0054834708501598,0.0,0.0054834708501598,717164.7669685036
2015-06-12,True,-0.0254204415593439,0.0,-0.0254204415593439,698934.1219213603
2015-06-15,True,-0.0138084632034022,0.0,-0.0138084632034022,689282.915817207
2015-06-16,True,0.0152833286652953,0.0,0.0152833286652953,699817.4531630144
2015-06-17,True,0.0083826939620814,0.0,0.0083826939620814,705683.8087022032
2015-06-18,True,0.0422817628652489,0.0,0.0422817628652489,735521.3641595956
2015-06-19,True,-0.0152661772969363,0.0,-0.0152661772969363,724292.7646086508
2015-06-22,True,0.0241245899493127,0.0,0.0241245899493127,741766.0305580887
2015-06-23,True,0.0024662405627038,0.0,0.0024662405627038,743595.4040306868
2015-06-24,True,-0.0153545403507513,0.0,-0.0153545403507513,732177.8383948643
2015-06-25,True,-0.0065476691061383,0.0,-0.0065476691061383,727383.7801822071
2015-06-26,True,-0.0185589088833053,0.0,-0.0185589088833053,713884.3308826113
2015-06-29,True,-0.0706897722402107,0.0,-0.0706897722402107,663420.0101266643
2015-06-30,True,0.0114100046372944,0.0,0.0114100046372944,670989.6355186835
2015-07-01,True,0.0204943628565621,0.0,0.0204943628565621,684741.1405819957
2015-07-02,True,0.0037771556687198,0.0,0.0037771556687198,687327.5144627508
2015-07-06,True,-0.0084438934360792,0.0,-0.0084438934360792,681523.7941749421
2015-07-07,True,0.0050909878923592,0.0,0.0050909878923592,684993.4235594415
2015-07-08,True,-0.0500970726077011,0.0,-0.0500970726077011,650677.2582835862
2015-07-09,True,-0.0029078693588882,0.0,-0.0029078693588882,648785.1738216981
2015-07-10,True,0.0464755151299505,0.0,0.0464755151299505,678937.798983736
2015-07-13,True,0.0511006652383352,0.0,0.0511006652383352,713631.9721672559
2015-07-14,True,0.0200656139399055,0.0,0.0200656139399055,727951.4358159376
2015-07-15,True,0.0047659802564732,0.0,0.0047659802564732,731420.8379867076
2015-07-16,True,0.039068733974495,0.0,0.039068733974495,759996.5241294126
2015-07-17,True,0.0457338483933373,0.0,0.0457338483933373,794754.0899434106
2015-07-20,True,0.0111911417739667,0.0,0.0111911417739667,803648.2956394072
2015-07-21,True,-0.0027473604530883,0.0,-0.0027473604530883,801440.3840937758
2015-07-22,True,-0.0328219502237813,0.0,-0.0328219502237813,775135.5476997216
2015-07-23,True,-0.0119625429651981,0.0,-0.0119625429651981,765862.9554065114
2015-07-24,True,-0.0284160942783318,0.0,-0.0284160942783318,744100.1214613982
2015-07-27,True,-0.0256866590558951,0.0,-0.0256866590558951,724986.6753379691
2015-07-28,True,0.0263638585005978,0.0,0.0263638585005978,744100.1214613982
2015-07-29,True,0.0111901954589426,0.0,0.0111901954589426,752426.7472615741
2015-07-30,True,0.0139164971918379,0.0,0.0139164971918379,762897.8919769037
2015-07-31,True,-0.0030590099124707,0.0,-0.0030590099124707,760564.1797631433
2015-08-03,True,-0.0092061843124922,0.0,-0.0092061843124922,753562.2857427644
2015-08-04,True,-0.0064458840325821,0.0,-0.0064458840325821,748704.9106375391
2015-08-05,True,0.0234222527181557,0.0,0.0234222527181557,766241.2662658158
2015-08-06,True,-0.0479950056395115,0.0,-0.0479950056395115,729465.5123701616
2015-08-07,True,-0.003978115433354,0.0,-0.003978115433354,726563.6143573024
2015-08-10,True,0.0337733357100342,0.0,0.0337733357100342,751102.0912196875
2015-08-11,True,-0.0381287030652642,0.0,-0.0381287030652642,722463.5426118731
2015-08-12,True,0.0088183293942392,0.0,0.0088183293942392,728834.4641059536
2015-08-13,True,-0.0045003108661406,0.0,-0.0045003108661406,725554.4824475198
2015-08-14,True,0.0053904014340164,0.0,0.0053904014340164,729465.5123701621
2015-08-17,True,0.0245586202278058,0.0,0.0245586202278058,747380.1788577427
2015-08-18,True,-0.0159518969434473,0.0,-0.0159518969434473,735458.0472670286
2015-08-19,True,-0.0187838671006543,0.0,-0.0187838671006543,721643.3010490581
2015-08-20,True,-0.082342717616666,0.0,-0.082342717616666,662221.2304908168
2015-08-21,True,-0.1244045638004527,0.0,-0.1244045638004527,579837.8871722076
2015-08-24,False,0.0012001964783957023,0.0005010985590195487,0.0006990979193761536,580243.2506327052
2015-08-25,False,-0.006699048288182737,9.556909878693925e-07,-0.006700003979170607,576355.6185445793
2015-08-26,False,-0.0019482574130888386,2.2106832154773633e-06,-0.001950468096304316,575231.4552984823
2015-08-27,False,-0.006627564505715809,2.3174315091954582e-06,-0.006629881937225005,571417.7386632753
2015-08-28,False,-0.0001631430180575449,1.5280950829045515e-06,-0.00016467111314044942,571323.6426681813
2015-08-31,False,-0.00444909865945838,1.6156718401751784e-06,-0.004450714331298555,568780.8443439484
2015-09-01,False,0.0079037834510591,1.6017098569626187e-06,0.007902181741202139,573275.4539468687
2015-09-02,False,-0.0014582327874924936,6.431160752712606e-07,-0.0014588759035677648,572439.1162009987
2015-09-03,False,-0.002447197776578473,7.909120210487646e-07,-0.0024479886885995215,571037.7917196268
2015-09-04,False,0.002932632556352635,1.3688801514433468e-06,0.0029312636762011918,572711.6540562325
2015-09-08,False,-0.0037428233806110645,8.610856614445217e-07,-0.003743684466272509,570567.602333289
2015-09-09,False,-0.0019978875398346343,1.8253025104939258e-06,-0.0019997128423451284,569426.630971477
2015-09-10,False,-0.0031373302539808388,1.1507218187122859e-06,-0.003138480975799551,567639.4963230594
2015-09-11,False,0.0004275513846361855,4.1574709679713387e-07,0.0004271356375393884,567881.9553812139
2015-09-14,False,0.0003699003663088127,1.1660692810604168e-07,0.00036978375938070664,568091.9489055594
2015-09-15,False,-0.004354097991807274,2.2455867929493946e-07,-0.0043543225504865685,565618.2933216899
2015-09-16,False,0.0008387922440150393,2.077527002072158e-06,0.0008367147170129671,566091.5544719241
2015-09-17,False,0.0056800839047349986,9.81107875735382e-07,0.005679102796859264,569306.4466022039
2015-09-18,False,0.011055673080122294,1.9969765665775465e-06,0.011053676103555716,575599.375666611
2015-09-21,False,-0.005085921741127338,2.6881641187295745e-07,-0.005086190557539211,572671.76755717
2015-09-22,False,0.0035906039677353493,1.8897805518298811e-06,0.0035887141871835193,574726.922854002
2015-09-23,False,0.0026692877374090225,5.885399602183761e-07,0.0026686991974488043,576260.6961317746
2015-09-24,False,0.007186526121206384,2.281807179757539e-06,0.007184244314026626,580400.6937613564
2015-09-25,False,-0.006621729981257603,8.973201481850962e-07,-0.006622627301405788,576556.9162810976
2015-09-28,False,0.0008398055178812537,2.2477836470837648e-06,0.0008375577342341699,577039.815985555
2015-09-29,False,-0.00044330563090512633,6.027569413573214e-07,-0.00044390838784648363,576783.6631711175
2015-09-30,False,-0.004280249408307273,1.0197090876003928e-06,-0.004281269117394874,574314.297086565
2015-10-01,False,0.0008169904279085697,3.3864162145427756e-07,0.0008166517862871153,574783.311883171
2015-10-02,False,0.006890308121525181,2.3644692667880025e-06,0.006887943652258393,578742.3869476807
2015-10-05,False,-0.005950874053604486,1.077935650359102e-06,-0.005951951989254845,575297.7400464214
2015-10-06,False,-0.0029940640639716056,2.8211025511071243e-06,-0.0029968851665227126,573573.6387829422
2015-10-07,False,-0.0013894318965425839,6.83335942992941e-08,-0.0013895002301368832,572776.6580798529
2015-10-08,False,-0.004730615532304581,6.46990359368882e-07,-0.00473126252266395,570066.701343623
2015-10-09,False,0.0017511471272709817,2.3459059755944757e-06,0.0017488012212953873,571063.6346871526
2015-10-12,False,0.006084883143788847,9.268795224526839e-07,0.006083956264266395,574537.9608647022
2015-10-13,False,0.004285936115117739,5.67453037008614e-07,0.00428536866208073,577000.0678373675
2015-10-14,False,0.00597528827427619,1.8981893158927094e-06,0.005973390084960297,580446.7143216088
2015-10-15,False,-0.0024423241917390266,3.7964792192722586e-07,-0.0024427038396609537,579028.8549038167
2015-10-16,False,-0.0023224136651052774,7.916947659268592e-07,-0.0023232053598712045,577683.6519645841
2015-10-19,False,0.002867279966727046,1.6473964586822543e-06,0.0028656325702683637,579339.0810529653
2015-10-20,False,-0.0012397283487515156,1.2645581042504268e-06,-0.001240992906855766,578620.1253627143
2015-10-21,False,0.0008850934270234872,1.624536515042921e-06,0.0008834688905084443,579131.3182428943
2015-10-22,False,0.0019095371326101054,5.506922439432183e-07,0.0019089864403661623,580236.8720766114
2015-10-23,False,0.0009619687563277019,1.1802032219863784e-06,0.0009607885531057155,580794.3570213924
2015-10-26,False,0.0012002478392110858,3.5952717175379013e-07,0.001199888312039332,581491.2453820808
2015-10-27,False,0.004719864705898628,9.057475431555051e-07,0.004718958958355472,584235.2787036819
2015-10-28,False,-0.006430513568726402,3.518837529976199e-07,-0.0064308654524793995,580478.1402337467
2015-10-29,False,-0.006826503551561024,5.61413346238257e-07,-0.006827064964907262,576515.1782596624
2015-10-30,False,-0.0035346685383019394,9.71529337725846e-07,-0.003535640067639665,574476.8280958051
2015-11-02,False,-0.002501242036674937,6.869251722293051e-07,-0.002501928961847166,573039.5278816822
2015-11-03,False,-0.00961211463642666,1.3230704819589961e-06,-0.00961343770690862,567530.6480767953
2015-11-04,False,0.000511966227408712,2.0352969587928842e-06,0.0005099309304499191,567820.049508228
2015-11-05,False,0.0011486312879327779,9.008600293287789e-07,0.001147730427903449,568471.7538566221
2015-11-06,False,-0.00504499667707958,1.6340766909894167e-06,-0.005046630753770569,565602.8868209595
2015-11-09,False,0.0032264609862407167,7.398693427239922e-07,0.0032257211168979926,567427.3639967563
2015-11-10,False,0.002949826552697514,1.0369700261662201e-06,0.0029487895826713476,569100.5878966326
2015-11-11,False,-0.0006104992946664337,5.037240723019254e-07,-0.0006110030187387357,568752.8657194618
2015-11-12,False,0.0017184370987658217,3.9291861095448743e-07,0.001718044180154867,569730.0082703576
2015-11-13,False,0.0026508031013975377,9.057983899191657e-07,0.0026498973030076186,571239.7342827157
2015-11-16,False,0.0023693172592449793,4.008307615510909e-07,0.0023689164284834284,572592.9534738606
2015-11-17,False,-0.003433312951743936,1.635051293363582e-06,-0.0034349480030372993,570626.1264517723
2015-11-18,False,0.00016024395207742776,1.7313432778860717e-07,0.00016007081774963917,570717.4670424627
2015-11-19,False,0.0028137995712419726,1.365839771071256e-06,0.0028124337314709012,572322.5720979125
2015-11-20,False,0.000677609267206406,1.1279674675897938e-06,0.0006764812997388162,572709.7376153553
2015-11-23,False,-0.0031905533678586125,8.126942870947673e-07,-0.003191366062145707,570882.0111952692
2015-11-24,False,-0.00038722230336693417,1.3843323271245239e-06,-0.0003886066356940587,570660.1626575204
2015-11-25,False,-0.0008943143110855473,6.286669962535102e-07,-0.0008949429780818008,570149.4543520791
2015-11-27,False,0.0008101740670031858,2.236492374043636e-06,0.0008079375746291421,570610.0995194043
2015-11-30,False,0.0029351791854448583,6.118851209759996e-07,0.0029345673003238824,572284.5932586885
2015-12-01,False,0.0004213512432556388,8.86518338271941e-07,0.00042046472491736686,572525.2187427673
2015-12-02,False,-0.0007853936280566512,2.622958993289404e-06,-0.0007880165870499406,572074.0593738937
2015-12-03,False,-0.007875828013079315,3.4008128818488885e-06,-0.007879228825961164,567566.5569546903
2015-12-04,False,0.008910860163127999,2.196792173126308e-06,0.008908663370954872,572622.8163512114
2015-12-07,False,0.005010717256589637,3.5222315508216667e-06,0.0050071950250388155,575490.0504684689
2015-12-08,False,0.001588010179381498,1.1810448767352045e-07,0.0015878920748938245,576403.866558788
2015-12-09,False,-0.003295407389572959,9.238097645959814e-07,-0.003296331199337555,574503.8485100314
2015-12-10,False,-0.0018504260719510981,1.7859279410395446e-07,-0.001850604664745202,573440.6690080647
2015-12-11,False,0.006344493433995725,3.238630142333998e-07,0.006344169570981492,577078.6738511489
2015-12-14,False,-0.004984434989604436,1.3094307832686446e-06,-0.004985744420387705,574201.5070728707
2015-12-15,False,-0.0005019414779814769,7.140153068953548e-07,-0.0005026554932883722,573912.881531086
2015-12-16,False,0.004488487260793816,1.2655505010413514e-06,0.004487221710292774,576488.155872909
2015-12-17,False,0.00027856840711565703,3.6950337846733128e-06,0.0002748733733309837,576646.6171169991
2015-12-18,False,0.0034778690547430224,1.9674114571683194e-06,0.0034759016432858543,578650.9840410315
2015-12-21,False,0.0026893643028628477,1.3611275331549683e-06,0.0026880031753296926,580206.3997235413
2015-12-22,False,-0.0018603310050749186,5.635103684287768e-07,-0.0018608945154433474,579126.6968164707
2015-12-23,False,-0.005397413757500536,1.0242929063744855e-06,-0.00539843805040691,576000.3172203702
2015-12-24,False,0.0007096869061115311,1.1308119619092561e-06,0.0007085560941496219,576408.4457553688
2015-12-28,False,-0.0006197343865179278,1.15896304475753e-06,-0.0006208933495626854,576050.5575847675
2015-12-29,False,-0.006040173870745712,1.3162547624993998e-06,-0.0060414901255082115,572570.3538293255
2015-12-30,False,0.0014659725942983016,1.7580939167834154e-06,0.0014642145003815183,573408.719643891
2015-12-31,False,0.000923753754523359,3.8016531221828074e-07,0.0009233735892111407,573938.1901114335
2016-01-04,False,0.00895628841247962,1.039300167109708e-06,0.00895524911231251,579077.9495789512
2016-01-05,False,0.002359517663678539,3.923272408915962e-07,0.0023591253364376474,580444.0670415753
2016-01-06,False,0.011491263143974861,1.309656404118481e-06,0.011489953487570743,587113.3423740194
2016-01-07,False,0.004871656192914968,1.5371868883721913e-06,0.004870119006026596,589972.654221407
2016-01-08,False,-0.0002785957282990612,6.917114351049636e-07,-0.0002792874397341662,589807.8822692963
2016-01-11,False,0.0008087927459368213,2.0435484018870994e-06,0.0008067491975349342,590283.7093050169
2016-01-12,False,0.002177676167041301,1.2036810318168389e-06,0.002176472486009484,591568.4455572589
2016-01-13,False,0.004703280699730906,3.4295751682172915e-07,0.004702937742214084,594350.5551269731
2016-01-14,False,-0.004416618305096163,1.978269168579655e-06,-0.004418596574264743,591724.3598001767
2016-01-15,False,0.010653742612117956,1.3829756975267393e-06,0.010652359636420429,598027.6204863988
2016-01-19,False,-0.0014518784667796804,1.7827909511598793e-07,-0.0014520567458747964,597159.2504458522
2016-01-20,False,0.007908304122930638,9.02801198829295e-07,0.007907401321731808,601881.228292112
2016-01-21,False,-0.004241508278844526,1.464292763404554e-06,-0.0042429725716079305,599327.4627491029
2016-01-22,False,-0.00778775153502267,1.5423864667368226e-06,-0.007789293921489407,594659.1249865296
2016-01-25,False,0.004002359430623169,1.0430540384503835e-06,0.004001316376584719,597038.5442818237
2016-01-26,False,0.003573520914372058,1.3008440614392657e-06,0.0035722200703106185,599171.2973524561
2016-01-27,False,-0.0009495209444578227,1.0844428771486087e-06,-0.0009506053873349714,598601.7218892564
2016-01-28,False,-0.005115380285233843,1.0031403806299021e-06,-0.005116383425614473,595539.045960838
2016-01-29,False,0.0013123128826034074,1.0173836880468662e-06,0.0013112954989153605,596319.9736312348
2016-02-01,False,0.004225922192029711,1.005636120164896e-06,0.004224916555909545,598839.375760449
2016-02-02,False,0.00922392228777002,2.2667710982505333e-06,0.00922165551667177,604361.6661935305
2016-02-03,False,-0.0035593893933743245,2.9857291404047914e-06,-0.0035623751225147293,602208.7032288812
2016-02-04,False,0.003298443577320502,1.4591759059396637e-06,0.0032969844014145624,604194.175929823
2016-02-05,False,0.01025902597096872,1.6924745217542503e-06,0.010257333496446966,610391.597088946
2016-02-08,False,0.010852973181438158,1.0762865717889592e-06,0.010851896894866368,617015.503766048
2016-02-09,False,0.003451247486080002,1.5112430784446351e-06,0.0034497362430015574,619144.0445118836
2016-02-10,False,0.0029066636341662975,8.04520693807445e-07,0.00290585911347249,620943.1898761807
2016-02-11,False,0.01763959934667497,3.6930395711836652e-06,0.017635906307103787,631894.0857948713
2016-02-12,False,-0.012646855025619625,2.5528091698762273e-06,-0.012649407834789501,623900.9997952605
2016-02-16,False,-0.007646014885884045,3.809999890394475e-06,-0.00764982488577444,619128.2664007671
2016-02-17,False,-0.0044459434442403155,2.3795889438247427e-06,-0.00444832303318414,616374.1838728413
2016-02-18,False,0.013196099000480722,1.8320074851917445e-06,0.013194266992995531,624506.7894224493
2016-02-19,False,0.0010952276586722067,1.5074776922912175e-06,0.0010937201809799154,625189.8251011997
2016-02-22,False,-0.008663161386365702,1.5319387498104603e-06,-0.008664693325115514,619772.7469967151
2016-02-23,False,0.008046121663858303,1.1463694383629098e-06,0.008044975294419941,624758.8034344584
2016-02-24,False,0.0009190240163427189,4.009728351155456e-07,0.0009186230435076034,625332.7212679276
2016-02-25,False,-6.523177551721159e-05,8.92519591384755e-07,-6.612429510859635e-05,625291.3715825254
2016-02-26,False,-0.0034773668100842093,7.053472193575411e-07,-0.003478072157303567,623116.5630728222
2016-02-29,False,0.005072412801806059,1.3253135937801863e-06,0.005071087488212279,626276.4416795186
2016-03-01,False,-0.00784328631166382,5.336377550892584e-07,-0.007843819949418908,621364.0420324217
2016-03-02,False,-0.0008426569483765689,1.4294734936148162e-06,-0.0008440864218701837,620839.5570815038
2016-03-03,False,0.004670928286143302,2.0906410087360577e-06,0.004668837645134566,623738.1561771946
2016-03-04,False,-0.007326217682827361,1.7585136399197177e-06,-0.007327976196467281,619167.4178158997
2016-03-07,False,-0.003087718558901864,1.5735723219787029e-06,-0.003089292131223843,617254.6287841309
2016-03-08,False,0.00513575978575958,1.7467358864514115e-06,0.005134013049873129,620423.6221034032
2016-03-09,False,-0.010979374136806774,1.863902122624203e-06,-0.010981238038929399,613610.6026241109
2016-03-10,False,0.002714909689319376,2.2175248604117126e-06,0.0027126921644589643,615275.1392978783
2016-03-11,False,-0.011002964571838384,1.4131634551040885e-06,-0.011004377735293489,608504.419253909
2016-03-14,False,-0.0014040114310441406,1.9181494632584533e-06,-0.001405929580507399,607648.9048910105
2016-03-15,False,0.0016465237144770812,5.663135988168838e-07,0.0016459574008782644,608649.0691031514
2016-03-16,False,0.006066532721850009,2.6885461174362136e-06,0.006063844175732573,612339.8222158976
2016-03-17,False,-0.0035345100562339895,7.368629051067028e-07,-0.003535246919139096,610175.0497459426
2016-03-18,False,0.001964716524082323,8.209343427179466e-07,0.001963895589739605,611373.3698351078
2016-03-21,False,-0.0033161960821793874,6.179698088391444e-07,-0.0033168140519882266,609345.5580510272
2016-03-22,False,0.0005565035377978761,3.973870346728886e-07,0.0005561061507632031,609684.4188637998
2016-03-23,False,0.0001401612835416922,3.7945113858591925e-06,0.000136366772155833,609767.559560034
2016-03-24,False,-0.0033101526714040355,5.601621102048343e-07,-0.00331071283351424,607748.794275138
2016-03-28,False,-0.0007530151614183371,6.383114646408561e-07,-0.000753653472882978,607290.762285692
2016-03-29,False,0.00941564495613306,1.5040480919704253e-06,0.00941414090804109,613007.8830940012
2016-03-30,True,0.0149779628314152,0.0005,0.0144779628314152,621882.9884408006
2016-03-31,True,-0.005825372414564,0.0,-0.005825372414564,618260.2884348509
2016-04-01,True,0.03330095248927,0.0,0.03330095248927,638848.9449260222
2016-04-04,True,-0.0123805150260662,0.0,-0.0123805150260662,630939.6659639791
2016-04-05,True,-0.0268897525659745,0.0,-0.0268897525659745,613973.8544621491
2016-04-06,True,0.0478904785659257,0.0,0.0478904785659257,643377.3561793076
2016-04-07,True,-0.0431681045143048,0.0,-0.0431681045143048,615603.9752256221
2016-04-08,True,-0.0023539630304159,0.0,-0.0023539630304159,614154.8662265638
2016-04-11,True,-0.0107159145956267,0.0,-0.0107159145956267,607573.6351315915
2016-04-12,True,0.0233530987965331,0.0,0.0233530987965331,621762.3622589883
2016-04-13,True,0.039037007630277,0.0,0.039037007630277,646034.1043387116
2016-04-14,True,0.0006538495546821,0.0,0.0006538495546821,646456.5134501429
2016-04-15,True,-0.007658284463093,0.0,-0.007658284463093,641505.7655771223
2016-04-18,True,0.0147763077796845,0.0,0.0147763077796845,650984.8522117321
2016-04-19,True,-0.0172510865655619,0.0,-0.0172510865655619,639754.656173358
2016-04-20,True,0.0024538784502992,0.0,0.0024538784502992,641324.5363376203
2016-04-21,True,0.0002825858504291,0.0,0.0002825858504291,641505.7655771223
2016-04-22,True,-0.0452709114062256,0.0,-0.0452709114062256,612464.2148970974
2016-04-25,True,-0.0007884006509838,0.0,-0.0007884006509838,611981.3477113682
2016-04-26,True,-0.0137136080891826,0.0,-0.0137136080891826,603588.8753509647
2016-04-27,True,-0.0240074919074368,0.0,-0.0240074919074368,589098.2203105575
2016-04-28,True,-0.0354614179288096,0.0,-0.0354614179288096,568207.9621190069
2016-04-29,True,-0.0159388276641887,0.0,-0.0159388276641887,559151.3933333721
2016-05-02,True,0.0264550923069213,0.0,0.0264550923069213,573943.7950575501
2016-05-03,True,-0.0266149517017828,0.0,-0.0266149517017828,558668.3086725555
2016-05-04,True,-0.0197774585009509,0.0,-0.0197774585009509,547619.2693819876
2016-05-05,True,-0.0005506845200529,0.0,-0.0005506845200529,547317.7039274563
2016-05-06,True,0.0144505858849472,0.0,0.0144505858849472,555226.7654144121
2016-05-09,True,0.0088082565001268,0.0,0.0088082565001268,560117.3451799181
2016-05-10,True,0.0419317370943119,0.0,0.0419317370943119,583604.0384399664
2016-05-11,True,-0.0273122001710921,0.0,-0.0273122001710921,567664.5281214364
2016-05-12,True,-0.0140395191905248,0.0,-0.0140395191905248,559694.7910850951
2016-05-13,True,-0.0120818242898658,0.0,-0.0120818242898658,552932.6569632519
2016-05-16,True,0.0385451071913047,0.0,0.0385451071913047,574245.5054954735
2016-05-17,True,-0.038376211176243,0.0,-0.038376211176243,552208.1387095707
2016-05-18,True,0.0113708020959268,0.0,0.0113708020959268,558487.1881705975
2016-05-19,True,-0.0157834980972602,0.0,-0.0157834980972602,549672.3066987627
2016-05-20,True,0.0333917766905893,0.0,0.0333917766905893,568026.841617049
2016-05-23,True,-0.0048891934473921,0.0,-0.0048891934473921,565249.6485050721
2016-05-24,True,0.0612046389584273,0.0,0.0612046389584273,599845.5491632029
2016-05-25,True,0.0215399883463764,0.0,0.0215399883463764,612766.2153018041
2016-05-26,True,0.0083747431064025,0.0,0.0083747431064025,617897.9749392392
2016-05-27,True,0.0150483821182496,0.0,0.0150483821182496,627196.3397762176
2016-05-31,True,0.0059683482673031,0.0,0.0059683482673031,630939.6659639798
2016-06-01,True,0.000383059311116,0.0,0.000383059311116,631181.3532777798
2016-06-02,True,0.0056435395782241,0.0,0.0056435395782241,634743.45022604
2016-06-03,True,-0.0136977884522592,0.0,-0.0136977884522592,626048.8687233864
2016-06-06,True,0.0107054697778383,0.0,0.0107054697778383,632751.0159669546
2016-06-07,True,-0.007061155282634,0.0,-0.007061155282634,628283.0627879675
2016-06-08,True,0.0044204627086341,0.0,0.0044204627086341,631060.3646374882
2016-06-09,True,-0.0044010082159352,0.0,-0.0044010082159352,628283.0627879675
2016-06-10,True,-0.0336344921625398,0.0,-0.0336344921625398,607151.0810367691
2016-06-13,True,-0.0256563910482735,0.0,-0.0256563910482735,591573.7754763078
2016-06-14,True,0.000510748448669,0.0,0.000510748448669,591875.9208644057
2016-06-15,True,-0.0089771984193987,0.0,-0.0089771984193987,586562.5332831416
2016-06-16,True,0.0072056355326912,0.0,0.0072056355326912,590789.0891151119
2016-06-17,True,-0.0342363325690356,0.0,-0.0342363325690356,570562.6373820094
2016-06-20,True,0.017989688632479,0.0,0.017989688632479,580826.8815738378
2016-06-21,True,0.009979065996216,0.0,0.009979065996216,586622.9913574394
2016-06-22,True,-0.0064840823261335,0.0,-0.0064840823261335,582819.2795870751
2016-06-23,True,0.0421627632253633,0.0,0.0421627632253633,607392.5508754818
2016-06-24,True,-0.1224649078124425,0.0,-0.1224649078124425,533008.2781265517
2016-06-27,True,-0.058224140162217,0.0,-0.058224140162217,501974.32943328936
2016-06-28,True,0.0626654884478863,0.0,0.0626654884478863,533430.7959755267
2016-06-29,True,0.0519524403652968,0.0,0.0519524403652968,561143.827592458
2016-06-30,True,0.0363676164541875,0.0,0.0363676164541875,581551.2910899753
2016-07-01,True,0.0137045835641478,0.0,0.0137045835641478,589521.2093555559
2016-07-05,True,-0.0177185095628723,0.0,-0.0177185095628723,579075.7721700734
2016-07-06,True,0.0235636661076314,0.0,0.0235636661076314,592720.9203165079
2016-07-07,True,0.0094734264081461,0.0,0.0094734264081461,598336.018335695
2016-07-08,True,0.0462162170020896,0.0,0.0462162170020896,625988.8455992639
2016-07-11,True,0.0170717511503339,0.0,0.0170717511503339,636675.5713942193
2016-07-12,True,0.0157416741795097,0.0,0.0157416741795097,646697.9107971604
2016-07-13,True,-0.0070021353004088,0.0,-0.0070021353004088,642169.6445272668
2016-07-14,True,0.0203084553447767,0.0,0.0203084553447767,655211.11807692
2016-07-15,True,-0.0056208876984166,0.0,-0.0056208876984166,651528.2499634557
2016-07-18,True,0.0199240600354309,0.0,0.0199240600354309,664509.3379305068
2016-07-19,True,-0.010357821400426,0.0,-0.010357821400426,657626.4688893073
2016-07-20,True,0.0342451053264369,0.0,0.0342451053264369,680146.9565818745
2016-07-21,True,-0.0059474045693154,0.0,-0.0059474045693154,676101.8474644935
2016-07-22,True,0.0116088255423112,0.0,0.0116088255423112,683950.5958605431
2016-07-25,True,0.0008826819455718,0.0,0.0008826819455718,684554.3067031723
2016-07-26,True,0.0033520381311016,0.0,0.0033520381311016,686848.9588420512
2016-07-27,True,0.0195142642680676,0.0,0.0195142642680676,700252.310937142
2016-07-28,True,0.0108641426768514,0.0,0.0108641426768514,707859.9519529581
2016-07-29,True,0.0065679410251453,0.0,0.0065679410251453,712509.1343714473
2016-08-01,True,0.0156761155286107,0.0,0.0156761155286107,723678.5098770446
2016-08-02,True,-0.0225261837322882,0.0,-0.0225261837322882,707376.7948004458
2016-08-03,True,0.0094740346907815,0.0,0.0094740346907815,714078.507093839
2016-08-04,True,0.0089630086309437,0.0,0.0089630086309437,720478.7989160925
2016-08-05,True,0.0289114042904876,0.0,0.0289114042904876,741308.8527542806
2016-08-08,True,-0.0031762776912184,0.0,-0.0031762776912184,738954.2499829744
2016-08-09,True,0.0066181462166605,0.0,0.0066181462166605,743844.7572567845
2016-08-10,True,-0.0077111593168882,0.0,-0.0077111593168882,738108.8518265453
2016-08-11,True,0.0129245024886126,0.0,0.0129245024886126,747648.5415188445
2016-08-12,True,0.0018570670208923,0.0,0.0018570670208923,749036.9749685174
2016-08-15,True,0.0125745108165045,0.0,0.0125745108165045,758455.7485122209
2016-08-16,True,-0.0157618662257589,0.0,-0.0157618662257589,746501.0704660134
2016-08-17,True,0.0046917063209754,0.0,0.0046917063209754,750003.4342569339
2016-08-18,True,0.0009657782769478,0.0,0.0009657782769478,750727.7712813754
2016-08-19,True,-0.0013677026727946,0.0,-0.0013677026727946,749700.9989020528
2016-08-22,True,0.0009666513503143,0.0,0.0009666513503143,750425.6983849736
2016-08-23,True,0.0059540846908558,0.0,0.0059540846908558,754893.7965473523
2016-08-24,True,-0.0192756129266941,0.0,-0.0192756129266941,740342.755924343
2016-08-25,True,-0.0047300474287447,0.0,-0.0047300474287447,736840.8995752933
2016-08-26,True,0.0048348726305615,0.0,0.0048348726305615,740403.4314737283
2016-08-29,True,0.0027722755991479,0.0,0.0027722755991479,742456.0338403282
2016-08-30,True,-0.0090269954557463,0.0,-0.0090269954557463,735753.8865967602
2016-08-31,True,-0.0026259442344503,0.0,-0.0026259442344503,733821.837920277
2016-09-01,True,0.0044433182782697,0.0,0.0044433182782697,737082.4419057016
2016-09-02,True,0.0117136231476977,0.0,0.0117136231476977,745716.3478589699
2016-09-06,True,0.0185409220115524,0.0,0.0185409220115524,759542.6165073628
2016-09-07,True,0.0018284634436156,0.0,0.0018284634436156,760931.4124155147
2016-09-08,True,-0.0171389245187679,0.0,-0.0171389245187679,747889.8663741658
2016-09-09,True,-0.0758052028011504,0.0,-0.0758052028011504,691195.9233807469
2016-09-12,True,0.0512753820755464,0.0,0.0512753820755464,726637.2584411548
2016-09-13,True,-0.0235978998239277,0.0,-0.0235978998239277,709490.1452081271
2016-09-14,True,0.0128496508498046,0.0,0.0128496508498046,718606.8458554287
2016-09-15,True,0.0463791116149636,0.0,0.0463791116149636,751935.1929666346
2016-09-16,True,-0.0011242001606524,0.0,-0.0011242001606524,751089.8673019013
2016-09-19,True,-0.0131031159302722,0.0,-0.0131031159302722,741248.2496965918
2016-09-20,True,0.0055389165191972,0.0,0.0055389165191972,745353.9618716623
2016-09-21,True,0.0290806524305475,0.0,0.0290806524305475,767029.3413745837
2016-09-22,True,0.0233788589600891,0.0,0.0233788589600891,784961.6121648301
2016-09-23,True,-0.0179986751379279,0.0,-0.0179986751379279,770833.3431117312
2016-09-26,True,-0.0248298710045947,0.0,-0.0248298710045947,751693.6506362265
2016-09-27,True,0.0283535865610429,0.0,0.0283535865610429,773006.861626927
2016-09-28,True,0.0054672132723332,0.0,0.0054672132723332,777233.0550004184
2016-09-29,True,-0.0212070230758526,0.0,-0.0212070230758526,760750.255667709
2016-09-30,True,0.0205553314658448,0.0,0.0205553314658448,776387.7293356851
2016-10-03,True,-0.0022549904888159,0.0,-0.0022549904888159,774636.9823903997
2016-10-04,True,-0.0056900363395705,0.0,-0.0056900363395705,770229.269810623
2016-10-05,True,0.0104259087635101,0.0,0.0104259087635101,778259.6099046536
2016-10-06,True,-0.0015517176337772,0.0,-0.0015517176337772,777051.9707443081
2016-10-07,True,-0.006526894859367,0.0,-0.006526894859367,771980.2342309961
2016-10-10,True,0.017910039070456,0.0,0.017910039070456,785806.430387693
2016-10-11,True,-0.0413365337168036,0.0,-0.0413365337168036,753323.916383091
2016-10-12,True,-0.0020839377724787,0.0,-0.0020839377724787,751754.0362188286
2016-10-13,True,-0.0117260896091871,0.0,-0.0117260896091871,742938.9010260586
2016-10-14,True,0.0022756263363401,0.0,0.0022756263363401,744629.5523555251
2016-10-17,True,-0.006891889537009,0.0,-0.006891889537009,739497.6477346984
2016-10-18,True,0.0256364585277562,0.0,0.0256364585277562,758455.7485122223
2016-10-19,True,0.0003982735934093,0.0,0.0003982735934093,758757.8214086242
2016-10-20,True,-0.004217325140845,0.0,-0.004217325140845,755557.8929725848
2016-10-21,True,0.0108676442397455,0.0,0.0108676442397455,763769.0273559425
2016-10-24,True,0.0364425540283404,0.0,0.0364425540283404,791602.7214005344
2016-10-25,True,-0.0099913836278305,0.0,-0.0099913836278305,783693.514930187
2016-10-26,True,-0.0191832170854268,0.0,-0.0191832170854268,768659.7521048401
2016-10-27,True,-0.0139820008982008,0.0,-0.0139820008982008,757912.3507604994
2016-10-28,True,-0.0172865821961039,0.0,-0.0172865821961039,744810.6366116357
2016-10-31,True,-0.005674185042144,0.0,-0.005674185042144,740584.4432381443
2016-11-01,True,-0.0205444763417216,0.0,-0.0205444763417216,725369.5236649911
2016-11-02,True,-0.0260536347158468,0.0,-0.0260536347158468,706471.0110614157
2016-11-03,True,-0.0288006498149308,0.0,-0.0288006498149308,686124.1868674357
2016-11-04,True,-0.0113515606031823,0.0,-0.0113515606031823,678335.6065789008
2016-11-07,True,0.0716510151029796,0.0,0.0716510151029796,726939.0413707746
2016-11-08,True,0.0196014237884845,0.0,0.0196014237884845,741188.0815890778
2016-11-09,True,0.0140109179413474,0.0,0.0140109179413474,751572.8069793271
2016-11-10,True,-0.0475577584208816,0.0,-0.0475577584208816,715829.6889893004
2016-11-11,True,-0.000843270906779,0.0,-0.000843270906779,715226.0506383671
2016-11-14,True,-0.0337667034213475,0.0,-0.0337667034213475,691075.2247072397
2016-11-15,True,0.0463041441435392,0.0,0.0463041441435392,723074.8715261123
2016-11-16,True,0.0162827761625066,0.0,0.0162827761625066,734848.5378079052
2016-11-17,True,0.0231697672379105,0.0,0.0231697672379105,751874.8073840332
2016-11-18,True,-0.0112426152455559,0.0,-0.0112426152455559,743421.7682117881
2016-11-21,True,0.0300498241489155,0.0,0.0300498241489155,765761.4616150282
2016-11-22,True,0.0089888357359446,0.0,0.0089888357359446,772644.7656064027
2016-11-23,True,-0.0120345568139278,0.0,-0.0120345568139278,763346.3282777284
2016-11-25,True,0.0096498416304997,0.0,0.0096498416304997,770712.4994548319
2016-11-28,True,-0.0055623094443193,0.0,-0.0055623094443193,766425.5580402594
2016-11-29,True,0.0096110719427713,0.0,0.0096110719427713,773791.729217363
2016-11-30,True,-0.0323813130187033,0.0,-0.0323813130187033,748735.3370222918
2016-12-01,True,-0.0549152655929907,0.0,-0.0549152655929907,707618.3371308553
2016-12-02,True,0.0040101948793873,0.0,0.0040101948793873,710456.024562978
2016-12-05,True,0.0231157216620023,0.0,0.0231157216620023,726878.7282798685
2016-12-06,True,0.0072265435279048,0.0,0.0072265435279048,732131.5490492911
2016-12-07,True,0.0371101684703327,0.0,0.0371101684703327,759301.074176956
2016-12-08,True,0.0061229762166854,0.0,0.0061229762166854,763950.2565954451
2016-12-09,True,0.0233933788378026,0.0,0.0233933788378026,781821.6343612189
2016-12-12,True,-0.0139008113319057,0.0,-0.0139008113319057,770953.6793267614
2016-12-13,True,0.0390794148637778,0.0,0.0390794148637778,801082.0980019278
2016-12-14,True,-0.0073110472718677,0.0,-0.0073110472718677,795225.3489147888
2016-12-15,True,0.0060739942325724,0.0,0.0060739942325724,800055.5430976927
2016-12-16,True,-0.012150033257787,0.0,-0.012150033257787,790334.8416409789
2016-12-19,True,0.012223434083757,0.0,0.012223434083757,799995.4474818739
2016-12-20,True,0.0120751917144419,0.0,0.0120751917144419,809655.5458808984
2016-12-21,True,-0.0035049873121375,0.0,-0.0035049873121375,806817.713465384
2016-12-22,True,-0.0086801239375927,0.0,-0.0086801239375927,799814.4357174593
2016-12-23,True,0.003094391493591,0.0,0.003094391493591,802289.3747037947
2016-12-27,True,0.0146000913680339,0.0,0.0146000913680339,814002.8728780729
2016-12-28,True,-0.023141957119265,0.0,-0.023141957119265,795165.25329897
2016-12-29,True,-0.0048596720245585,0.0,-0.0048596720245585,791301.010962612
2016-12-30,True,-0.0292232863220446,0.0,-0.0292232863220446,768176.5949523282
2017-01-03,True,0.0242081701819416,0.0,0.0242081701819416,786772.7446927187
2017-01-04,True,0.0170363229331296,0.0,0.0170363229331296,800176.4592462885
2017-01-05,True,0.0177315447173769,0.0,0.0177315447173769,814364.8239152065
2017-01-06,True,0.0253560983469238,0.0,0.0253560983469238,835013.9384806757
2017-01-09,True,0.0101229707764374,0.0,0.0101229707764374,843466.7601778335
2017-01-10,True,0.0057265110129409,0.0,0.0057265110129409,848296.8818690415
2017-01-11,True,0.0076867287581159,0.0,0.0076867287581159,854817.5099063243
2017-01-12,True,-0.0050853392449433,0.0,-0.0050853392449433,850470.4728759329
2017-01-13,True,0.0115005398496126,0.0,0.0115005398496126,860251.3424401616
2017-01-17,True,-0.0094045662323631,0.0,-0.0094045662323631,852161.0517137039
2017-01-18,True,0.0068017025863755,0.0,0.0068017025863755,857957.1977431535
2017-01-19,True,-0.0026742151917729,0.0,-0.0026742151917729,855662.8355710579
2017-01-20,True,0.006491834100077,0.0,0.006491834100077,861217.6567451867
2017-01-23,True,0.0022431393344823,0.0,0.0022431393344823,863149.4879465826
2017-01-24,True,0.020845269715628,0.0,0.020845269715628,881142.0718277353
2017-01-25,True,0.029190109547649,0.0,0.029190109547649,906862.7054314293
2017-01-26,True,0.004127536274517,0.0,0.004127536274517,910605.8141441041
2017-01-27,True,0.0047739449345258,0.0,0.0047739449345258,914952.9961578872
2017-01-30,True,-0.022700098649232,0.0,-0.022700098649232,894183.4728856927
2017-01-31,True,-0.0055371805284127,0.0,-0.0055371805284127,889232.2175708016
2017-02-01,True,0.0190117502890148,0.0,0.0190117502890148,906138.0784402046
2017-02-02,True,-0.00253210268764,0.0,-0.00253210268764,903843.6437764132
2017-02-03,True,0.0086839061528907,0.0,0.0086839061528907,911692.5371558543
2017-02-06,True,0.0037087395469808,0.0,0.0037087395469808,915073.7673230915
2017-02-07,True,0.0102929909825224,0.0,0.0102929909825224,924492.6133584909
2017-02-08,True,0.0056165242553507,0.0,0.0056165242553507,929685.0485453114
2017-02-09,True,0.0103910333729937,0.0,0.0103910333729937,939345.4369111191
2017-02-10,True,0.0098983073973066,0.0,0.0098983073973066,948643.3667979226
2017-02-13,True,0.0175660913929789,0.0,0.0175660913929789,965307.3228784382
2017-02-14,True,0.0093821701219176,0.0,0.0093821701219176,974364.0004016167
2017-02-15,True,0.017226564932498,0.0,0.017226564932498,991148.9451224237
2017-02-16,True,-0.0008530207818769,0.0,-0.0008530207818769,990303.4744742989
2017-02-17,True,0.0125597662764074,0.0,0.0125597662764074,1002741.4546564103
2017-02-21,True,0.0158956070200175,0.0,0.0158956070200175,1018680.6387623093
2017-02-22,True,0.0001188411042487,0.0,0.0001188411042487,1018801.6998942966
2017-02-23,True,-0.010786074644549,0.0,-0.010786074644549,1007812.8287112433
2017-02-24,True,0.0053919957613253,0.0,0.0053919957613253,1013246.9512118637
2017-02-27,True,0.0029792334365545,0.0,0.0029792334365545,1016265.650408401
2017-02-28,True,-0.007842178895979,0.0,-0.007842178895979,1008295.9133720599
2017-03-01,True,0.0323352521938298,0.0,0.0323352521938298,1040899.4160169534
2017-03-02,True,-0.0157772076620471,0.0,-0.0157772076620471,1024476.9297751505
2017-03-03,True,0.0051861210479371,0.0,0.0051861210479371,1029789.9911437832
2017-03-06,True,-0.0069183852286139,0.0,-0.0069183852286139,1022665.5072804797
2017-03-07,True,-0.0049591889956346,0.0,-0.0049591889956346,1017593.9157505592
2017-03-08,True,0.0051027306650968,0.0,0.0051027306650968,1022786.4234290755
2017-03-09,True,0.0030694559471373,0.0,0.0030694559471373,1025925.8212991212
2017-03-10,True,0.0109464015869622,0.0,0.0109464015869622,1037156.0173374956
2017-03-13,True,0.0058212489495701,0.0,0.0058212489495701,1043193.5607139617
2017-03-14,True,-0.0074078603803544,0.0,-0.0074078603803544,1035465.728466508
2017-03-15,True,0.0174926746309591,0.0,0.0174926746309591,1053578.7935460818
2017-03-16,True,-0.0005732160911134,0.0,-0.0005732160911134,1052974.8652283652
2017-03-17,True,-0.0024083238700611,0.0,-0.0024083238700611,1050438.9607258614
2017-03-20,True,0.0029890673686083,0.0,0.0029890673686083,1053578.793546082
2017-03-21,True,-0.0445848039870684,0.0,-0.0445848039870684,1006605.1895508978
2017-03-22,True,0.0196739114779127,0.0,0.0196739114779127,1026409.0509433297
2017-03-23,True,-0.008000077406662,0.0,-0.008000077406662,1018197.6990848846
2017-03-24,True,0.0054554004548719,0.0,0.0054554004548719,1023752.3752756218
2017-03-27,True,0.0053076898021149,0.0,0.0053076898021149,1029186.1353177633
2017-03-28,True,0.0187730805377952,0.0,0.0187730805377952,1048507.1295244659
2017-03-29,True,0.0132440770850088,0.0,0.0132440770850088,1062393.6387720695
2017-03-30,True,0.0050013019106152,0.0,0.0050013019106152,1067706.9901074856
2017-03-31,True,-0.0023750940342244,0.0,-0.0023750940342244,1065171.0856049815
2017-04-03,True,-0.002153984653829,0.0,-0.002153984653829,1062876.723432886
2017-04-04,True,0.004544522020389,0.0,0.004544522020389,1067706.9901074856
2017-04-05,True,-0.011423087472876,0.0,-0.011423087472876,1055510.4797640864
2017-04-06,True,0.0008010063986421,0.0,0.0008010063986421,1056355.9504122112
2017-04-07,True,-0.0011432809665815,0.0,-0.0011432809665815,1055148.23876017
2017-04-10,True,0.0011445895540331,0.0,0.0011445895540331,1056355.9504122112
2017-04-11,True,-0.012574306400397,0.0,-0.012574306400397,1043073.0070238456
2017-04-12,True,-0.0131972910713856,0.0,-0.0131972910713856,1029307.2689414464
2017-04-13,True,-0.0118491710101747,0.0,-0.0118491710101747,1017110.8310897433
2017-04-17,True,0.023744679710709,0.0,0.023744679710709,1041261.8020042623
2017-04-18,True,-0.0028992172517211,0.0,-0.0028992172517211,1038242.9578243335
2017-04-19,True,0.003489190547312,0.0,0.003489190547312,1041865.5853385874
2017-04-20,True,0.024223212497789,0.0,0.024223212497789,1067102.9168063775
2017-04-21,True,-0.0004522991203943,0.0,-0.0004522991203943,1066620.2670957358
2017-04-24,True,0.0363409883136716,0.0,0.0363409883136716,1105382.3017573871
2017-04-25,True,0.0221760330379603,0.0,0.0221760330379603,1129895.2962007355
2017-04-26,True,-0.0043816629570575,0.0,-0.0043816629570575,1124944.475836019
2017-04-27,True,0.0174964282384106,0.0,0.0174964282384106,1144626.9861296804
2017-04-28,True,0.0056969808357527,0.0,0.0056969808357527,1151147.9041337469
2017-05-01,True,0.0251755052875299,0.0,0.0251755052875299,1180128.634280995
2017-05-02,True,0.0059350099244441,0.0,0.0059350099244441,1187132.7094375733
2017-05-03,True,-0.0098668671211495,0.0,-0.0098668671211495,1175419.4287383826
2017-05-04,True,0.0010273495903891,0.0,0.0010273495903891,1176626.9954070325
2017-05-05,True,0.0108787417218829,0.0,0.0108787417218829,1189427.2165930609
2017-05-08,True,0.0059896614848133,0.0,0.0059896614848133,1196551.4829812772
2017-05-09,True,0.0110000279291548,0.0,0.0110000279291548,1209713.582712743
2017-05-10,True,0.0015968727947719,0.0,0.0015968727947719,1211645.3414224428
2017-05-11,True,-0.0023914902863805,0.0,-0.0023914902863805,1208747.703357893
2017-05-12,True,0.0064934691080136,0.0,0.0064934691080136,1216596.66922903
2017-05-15,True,0.0093299201087604,0.0,0.0093299201087604,1227947.4189575207
2017-05-16,True,0.012587175292072,0.0,0.012587175292072,1243403.8083693865
2017-05-17,True,-0.075653079150265,0.0,-0.075653079150265,1149336.4816390765
2017-05-18,True,0.0253203885552661,0.0,0.0253203885552661,1178438.1279349204
2017-05-19,True,0.012091708378493,0.0,0.012091708378493,1192687.4581200068
2017-05-22,True,0.0259188344608249,0.0,0.0259188344608249,1223600.5269105216
2017-05-23,True,0.0024671811702723,0.0,0.0024671811702723,1226619.3710904503
2017-05-24,True,0.0137818331090928,0.0,0.0137818331090928,1243524.4345511994
2017-05-25,True,0.0263160379959783,0.0,0.0263160379959783,1276249.0708197763
2017-05-26,True,0.0042576583662834,0.0,0.0042576583662834,1281682.9033536138
2017-05-30,True,0.0020728026103467,0.0,0.0020728026103467,1284339.5790213218
2017-05-31,True,-0.0012222119496363,0.0,-0.0012222119496363,1282769.8438404512
2017-06-01,True,0.0119551946934921,0.0,0.0119551946934921,1298105.6070705042
2017-06-02,True,0.0341394707174127,0.0,0.0341394707174127,1342422.245431197
2017-06-05,True,-0.0008094699888596,0.0,-0.0008094699888596,1341335.594911143
2017-06-06,True,-0.0113434900801479,0.0,-0.0113434900801479,1326120.1678961192
2017-06-07,True,0.010926996216342,0.0,0.010926996216342,1340610.6779531352
2017-06-08,True,0.0027022759594015,0.0,0.0027022759594015,1344233.377959085
2017-06-09,True,-0.0723138751010205,0.0,-0.0723138751010205,1247026.6533587286
2017-06-12,True,-0.018107771164594,0.0,-0.018107771164594,1224445.7800835595
2017-06-13,True,0.0233725470879426,0.0,0.0233725470879426,1253064.1967351951
2017-06-14,True,-0.0133949459967427,0.0,-0.0133949459967427,1236279.4694894752
2017-06-15,True,-0.0134793519253217,0.0,-0.0134793519253217,1219615.2234421768
2017-06-16,True,-0.0119798224058835,0.0,-0.0119798224058835,1205004.4496618276
2017-06-19,True,0.0484018347249581,0.0,0.0484018347249581,1263328.8758771988
2017-06-20,True,-0.022653753994756,0.0,-0.022653753994756,1234709.734308605
2017-06-21,True,0.0290464719361829,0.0,0.0290464719361829,1270573.6959555317
2017-06-22,True,-0.0011404013952743,0.0,-0.0011404013952743,1269124.7319398653
2017-06-23,True,0.0112271689308622,0.0,0.0112271689308622,1283373.4096996896
2017-06-26,True,-0.0132668087459535,0.0,-0.0132668087459535,1266347.1401235615
2017-06-27,True,-0.0550203110014404,0.0,-0.0550203110014404,1196672.3266381784
2017-06-28,True,0.0419774607220042,0.0,0.0419774607220042,1246905.592226742
2017-06-29,True,-0.0509391844549292,0.0,-0.0509391844549292,1183389.2382664215
2017-06-30,True,-0.0034693907554789,0.0,-0.0034693907554789,1179283.5985830466
2017-07-03,True,-0.0272374753532183,0.0,-0.0272374753532183,1147162.890632186
2017-07-05,True,0.0285264556170843,0.0,0.0285264556170843,1179887.3819173714
2017-07-06,True,-0.026404732857042,0.0,-0.026404732857042,1148732.7707964485
2017-07-07,True,0.0299589086609866,0.0,0.0299589086609866,1183147.5509526213
2017-07-10,True,0.0209229793054972,0.0,0.0209229793054972,1207902.5226765526
2017-07-11,True,0.0081973239163342,0.0,0.0081973239163342,1217804.0909142897
2017-07-12,True,0.0355976008888982,0.0,0.0355976008888982,1261154.9949035242
2017-07-13,True,0.0066067973793995,0.0,0.0066067973793995,1269487.1904188693
2017-07-14,True,0.0234941703982611,0.0,0.0234941703982611,1299312.7387889798
2017-07-17,True,0.0005578117977138,0.0,0.0005578117977138,1300037.5107635965
2017-07-18,True,0.0198773185939291,0.0,0.0198773185939291,1325878.770549103
2017-07-19,True,0.018306100170814,0.0,0.018306100170814,1350150.4401371304
2017-07-20,True,0.0037563695650844,0.0,0.0037563695650844,1355222.104158747
2017-07-21,True,-0.0015145339414148,0.0,-0.0015145339414148,1353169.5742838432
2017-07-24,True,0.0130283342188748,0.0,0.0130283342188748,1370799.1197524257
2017-07-25,True,-0.0066948567246297,0.0,-0.0066948567246297,1361621.8160474347
2017-07-26,True,0.0089572873377627,0.0,0.0089572873377627,1373818.253899138
2017-07-27,True,-0.0178433368574375,0.0,-0.0178433368574375,1349304.752013919
2017-07-28,True,-0.0032216865937092,0.0,-0.0032216865937092,1344957.7149835275
2017-07-31,True,-0.0130180853333315,0.0,-0.0130180853333315,1327448.9406801495
2017-08-01,True,0.006549787901072,0.0,0.006549787901072,1336143.4496911073
2017-08-02,True,0.0073200071442227,0.0,0.0073200071442227,1345924.0292885525
2017-08-03,True,-0.0104072927530711,0.0,-0.0104072927530711,1331916.6038923536
2017-08-04,True,0.0038982509902376,0.0,0.0038982509902376,1337108.749112391
2017-08-07,True,0.0177011733049274,0.0,0.0177011733049274,1360777.1428079642
2017-08-08,True,-0.0037271415321852,0.0,-0.0037271415321852,1355705.3338029564
2017-08-09,True,-0.0039194662510427,0.0,-0.0039194662510427,1350391.6925007573
2017-08-10,True,-0.0649198694497265,0.0,-0.0649198694497265,1262724.440117613
2017-08-11,True,0.0228558844527582,0.0,0.0228558844527582,1291585.1240166149
2017-08-14,True,0.0388927254228095,0.0,0.0388927254228095,1341818.3896051785
2017-08-15,True,0.0017997877899249,0.0,0.0017997877899249,1344233.3779590868
2017-08-16,True,0.0052105146049181,0.0,0.0052105146049181,1351237.525607361
2017-08-17,True,-0.061484040628128,0.0,-0.061484040628128,1268157.982684667
2017-08-18,True,-0.0035227261164759,0.0,-0.0035227261164759,1263690.6094392461
2017-08-21,True,-0.0018156043535955,0.0,-0.0018156043535955,1261396.2472671506
2017-08-22,True,0.0445145392430428,0.0,0.0445145392430428,1317546.720017151
2017-08-23,True,-0.0111813168976965,0.0,-0.0111813168976965,1302814.8126131187
2017-08-24,True,-0.0083416806152799,0.0,-0.0083416806152799,1291947.1475454443
2017-08-25,True,-0.0067296592156145,0.0,-0.0067296592156145,1283252.7835178783
2017-08-28,True,0.0087512949053516,0.0,0.0087512949053516,1294482.9070645566
2017-08-29,True,0.0123135029200343,0.0,0.0123135029200343,1310422.5261206306
2017-08-30,True,0.0346477132316755,0.0,0.0346477132316755,1355825.670017986
2017-08-31,True,0.028411416108464,0.0,0.028411416108464,1394346.5972994042
2017-09-01,True,-0.0006930230309282,0.0,-0.0006930230309282,1393380.2829943793
2017-09-05,True,-0.0267785012829557,0.0,-0.0267785012829557,1356067.6472985693
2017-09-06,True,0.0086372005830692,0.0,0.0086372005830692,1367780.2755724979
2017-09-07,True,0.006180061835598,0.0,0.006180061835598,1376233.2422530474
2017-09-08,True,-0.0246555358098325,0.0,-0.0246555358098325,1342301.4742659954
2017-09-11,True,0.0318460859819802,0.0,0.0318460859819802,1385048.5224292092
2017-09-12,True,0.0084567890831435,0.0,0.0084567890831435,1396761.5856533125
2017-09-13,True,0.0041494956062637,0.0,0.0041494956062637,1402557.441715979
2017-09-14,True,-0.0168746520282682,0.0,-0.0168746520282682,1378889.7729373637
2017-09-15,True,0.0080567370935014,0.0,0.0080567370935014,1389999.1253188378
2017-09-18,True,-0.0024321761530541,0.0,-0.0024321761530541,1386618.4025934713
2017-09-19,True,0.004266946996235,0.0,0.004266946996235,1392535.0298213419
2017-09-20,True,-0.0083244922585501,0.0,-0.0083244922585501,1380942.882745834
2017-09-21,True,-0.019237498602338,0.0,-0.019237498602338,1354376.9959691027
2017-09-22,True,-0.0024963600993019,0.0,-0.0024963600993019,1350995.983276953
2017-09-25,True,-0.0313728465582868,0.0,-0.0313728465582868,1308611.3935927432
2017-09-26,True,0.0068280976829007,0.0,0.0068280976829007,1317546.7200171512
2017-09-27,True,0.0271285943326984,0.0,0.0271285943326984,1353289.910498874
2017-09-28,True,-0.0016950745026061,0.0,-0.0016950745026061,1350995.9832769532
2017-09-29,True,0.0211834135502031,0.0,0.0211834135502031,1379614.6898953724
2017-10-02,True,0.0028005373029802,0.0,0.0028005373029802,1383478.3522981638
2017-10-03,True,0.006284528410954,0.0,0.006284528410954,1392172.8613091216
2017-10-04,True,0.0026019829432388,0.0,0.0026019829432388,1395795.271348288
2017-10-05,True,0.0288089768269885,0.0,0.0288089768269885,1436006.704975781
2017-10-06,True,0.0036158850573806,0.0,0.0036158850573806,1441199.1401626014
2017-10-09,True,-0.0025136706683998,0.0,-0.0025136706683998,1437576.4401566517
2017-10-10,True,0.002099651291882,0.0,0.002099651291882,1440594.8493864057
2017-10-11,True,0.0087178545279795,0.0,0.0087178545279795,1453153.745717113
2017-10-12,True,-0.0054017311160903,0.0,-0.0054017311160903,1445304.1999124095
2017-10-13,True,0.0111959795990612,0.0,0.0111959795990612,1461485.7962490665
2017-10-16,True,0.010328096189355,0.0,0.010328096189355,1476580.162132103
2017-10-17,True,0.0035163314212078,0.0,0.0035163314212078,1481772.3073521403
2017-10-18,True,-0.0038302239956009,0.0,-0.0038302239956009,1476096.7875045035
2017-10-19,True,-0.0110438473318912,0.0,-0.0110438473318912,1459794.9999362086
2017-10-20,True,0.007279287654172,0.0,0.007279287654172,1470421.2676568665
2017-10-23,True,-0.0186416917061115,0.0,-0.0186416917061115,1443010.1277070974
2017-10-24,True,0.0051048263758204,0.0,0.0051048263758204,1450376.4438675926
2017-10-25,True,-0.0121556513552628,0.0,-0.0121556513552628,1432746.1734820523
2017-10-26,True,-0.009270765239108,0.0,-0.009270765239108,1419463.5200604699
2017-10-27,True,0.0861759711557859,0.0,0.0861759711557859,1541787.1674218911
2017-10-30,True,0.0071271712778908,0.0,0.0071271712778908,1552775.748638161
2017-10-31,True,0.0105763525295226,0.0,0.0105763525295226,1569198.4523550516
2017-11-01,True,-0.0013083812346291,0.0,-0.0013083812346291,1567145.3425465813
2017-11-02,True,-0.0050855123771675,0.0,-0.0050855123771675,1559175.6055102402
2017-11-03,True,0.0278812854589296,0.0,0.0278812854589296,1602647.4256480709
2017-11-06,True,0.0101716056449032,0.0,0.0101716056449032,1618948.9232495823
2017-11-07,True,0.0016408088376209,0.0,0.0016408088376209,1621605.308950507
2017-11-08,True,0.0125104092477215,0.0,0.0125104092477215,1641892.255003756
2017-11-09,True,-0.0160331071255624,0.0,-0.0160331071255624,1615567.6205906495
2017-11-10,True,-0.0002988390506718,0.0,-0.0002988390506718,1615084.8258966159
2017-11-13,True,0.0029905405774184,0.0,0.0029905405774184,1619914.8026044325
2017-11-14,True,-0.0100632715737235,0.0,-0.0100632715737235,1603613.1600195293
2017-11-15,True,-0.014683652018124,0.0,-0.014683652018124,1580066.262406118
2017-11-16,True,0.0374474560473294,0.0,0.0374474560473294,1639235.7243194394
2017-11-17,True,-0.0111972287477969,0.0,-0.0111972287477969,1620880.8269426741
2017-11-20,True,-0.0024581903257572,0.0,-0.0024581903257572,1616896.3933746782
2017-11-21,True,0.0315156882171343,0.0,0.0315156882171343,1667853.9959876835
2017-11-22,True,0.0039822635366404,0.0,0.0039822635366404,1674495.8301403453
2017-11-24,True,0.011249682888627,0.0,0.011249682888627,1693333.3772277525
2017-11-27,True,-0.0016403100852185,0.0,-0.0016403100852185,1690555.7854114487
2017-11-28,True,0.0073571604809841,0.0,0.0073571604809841,1702993.4756267767
2017-11-29,True,-0.0514073233324207,0.0,-0.0514073233324207,1615447.139392228
2017-11-30,True,0.0248168890939932,0.0,0.0248168890939932,1655537.5118877336
2017-12-01,True,-0.0133482409022027,0.0,-0.0133482409022027,1633438.998356423
2017-12-04,True,-0.0345234013353171,0.0,-0.0345234013353171,1577047.128259406
2017-12-05,True,0.0014549388628732,0.0,0.0014549388628732,1579341.6354148933
2017-12-06,True,0.0132271710422013,0.0,0.0132271710422013,1600231.8573605963
2017-12-07,True,0.0098855286406713,0.0,0.0098855286406713,1616050.9952182493
2017-12-08,True,0.0132256387142244,0.0,0.0132256387142244,1637424.3018247688
2017-12-11,True,0.0229350864959989,0.0,0.0229350864959989,1674978.7698177705
2017-12-12,True,-0.0037490150742224,0.0,-0.0037490150742224,1668699.2491607212
2017-12-13,True,0.0049934015888839,0.0,0.0049934015888839,1677031.7346428495
2017-12-14,True,-0.0014402102660303,0.0,-0.0014402102660303,1674616.4563221585
2017-12-15,True,0.0325209460242164,0.0,0.0325209460242164,1729076.567709476
2017-12-18,True,0.0256999142715699,0.0,0.0256999142715699,1773513.6872685899
2017-12-19,True,-0.0162726762166125,0.0,-0.0162726762166125,1744653.8732699372
2017-12-20,True,-0.0041530816454167,0.0,-0.0041530816454167,1737408.1832912548
2017-12-21,True,-0.000486418907067,0.0,-0.000486418907067,1736563.075101609
2017-12-22,True,-0.0033377946911039,0.0,-0.0033377946911039,1730766.784088768
2017-12-26,True,-0.016186129812384,0.0,-0.016186129812384,1702752.3682465449
2017-12-27,True,0.0,0.0,0.0,1702752.3682465449
2017-12-28,True,0.0026945458988554,0.0,0.0026945458988554,1707340.51265717
2017-12-29,True,-0.0188836535253447,0.0,-0.0188836535253447,1675099.6859663676
2018-01-02,True,0.0513263459824897,0.0,0.0513263459824897,1761076.4320034373
2018-01-03,True,0.0292784586094085,0.0,0.0292784586094085,1812638.0354258548
2018-01-04,True,0.0058625618921959,0.0,0.0058625618921959,1823264.7380966872
2018-01-05,True,0.0302005935265528,0.0,0.0302005935265528,1878328.415343242
2018-01-08,True,0.0111217089487971,0.0,0.0111217089487971,1899218.637288945
2018-01-09,True,0.0007631554036928,0.0,0.0007631554036928,1900668.0362547864
2018-01-10,True,-0.0071157248105332,0.0,-0.0071157248105332,1887143.4055526205
2018-01-11,True,0.0200282369615327,0.0,0.0200282369615327,1924939.5608594224
2018-01-12,True,0.0212031122170532,0.0,0.0212031122170532,1965754.27037937
2018-01-16,True,-0.0077400274765333,0.0,-0.0077400274765333,1950539.278314521
2018-01-17,True,0.0315112696022814,0.0,0.0315112696022814,2012003.2473833293
2018-01-18,True,0.0009601170933557,0.0,0.0009601170933557,2013935.0060930294
2018-01-19,True,0.0095936172997403,0.0,0.0095936172997403,2033255.927808036
2018-01-22,True,0.0312389542515538,0.0,0.0312389542515538,2096772.7167185321
2018-01-23,True,0.0253395101892814,0.0,0.0253395101892814,2149903.910338429
2018-01-24,True,-0.0202761928923672,0.0,-0.0202761928923672,2106312.0439523524
2018-01-25,True,-0.0012612925398854,0.0,-0.0012612925398854,2103655.368284644
2018-01-26,True,0.0446588920599628,0.0,0.0446588920599628,2197602.28630823
2018-01-29,True,-0.0132425855414974,0.0,-0.0132425855414974,2168500.350045603
2018-01-30,True,-0.025559661876187,0.0,-0.025559661876187,2113074.214320044
2018-01-31,True,0.0123436020006044,0.0,0.0123436020006044,2139157.1614193507
2018-02-01,True,-0.0250068826469054,0.0,-0.0250068826469054,2085663.50932045
2018-02-02,True,-0.0610817088889436,0.0,-0.0610817088889436,1958267.6180038457
2018-02-05,True,-0.115434319542223,0.0,-0.115434319542223,1732216.3280380021
2018-02-06,True,0.0771001050579827,0.0,0.0771001050579827,1865770.388912885
2018-02-07,True,-0.039544540711311,0.0,-0.039544540711311,1791989.355810561
2018-02-08,True,-0.1239218110928002,0.0,-0.1239218110928002,1569922.789379496
2018-02-09,True,0.0470731585234016,0.0,0.0470731585234016,1643824.0137134579
2018-02-12,True,0.0559760190848204,0.0,0.0559760190848204,1735838.7380771686
2018-02-13,True,0.012173722609813,0.0,0.012173722609813,1756970.357369888
2018-02-14,True,0.0585569494385616,0.0,0.0585569494385616,1859853.1817514482
2018-02-15,True,0.0522659613785205,0.0,0.0522659613785205,1957060.196318588
2018-02-16,True,-0.0111681931187531,0.0,-0.0111681931187531,1935203.370101077
2018-02-20,True,0.0049919990314479,0.0,0.0049919990314479,1944863.9034502765
2018-02-21,True,-0.0090028686356317,0.0,-0.0090028686356317,1927354.5492133317
2018-02-22,True,0.0001880600946784,0.0,0.0001880600946784,1927717.0076923356
2018-02-23,True,0.0595715006547397,0.0,0.0595715006547397,2042554.0026782323
2018-02-26,True,0.0401417697784236,0.0,0.0401417697784236,2124545.73521374
2018-02-27,True,-0.0358077042290564,0.0,-0.0358077042290564,2048470.6299061025
2018-02-28,True,-0.0201012074313529,0.0,-0.0201012074313529,2007293.896857326
2018-03-01,True,-0.0481259938611737,0.0,-0.0481259938611737,1910690.883099599
2018-03-02,True,0.0274915833806825,0.0,0.0274915833806825,1963218.8008270415
2018-03-05,True,0.0313691220974889,0.0,0.0313691220974889,2024803.251094271
2018-03-06,True,0.0126431357835161,0.0,0.0126431357835161,2050403.1135327609
2018-03-07,True,0.0074792479401026,0.0,0.0074792479401026,2065738.586796031
2018-03-08,True,0.0149063331579883,0.0,0.0149063331579883,2096531.1743881248
2018-03-09,True,0.0582305913242786,0.0,0.0582305913242786,2218613.42440253
2018-03-12,True,0.014967520087358,0.0,0.014967520087358,2251820.565398357
2018-03-13,True,-0.0363039784243401,0.0,-0.0363039784243401,2170070.5201766496
2018-03-14,True,-0.0033945054282823,0.0,-0.0033945054282823,2162704.2040161546
2018-03-15,True,-0.0044667427771569,0.0,-0.0044667427771569,2153043.9606337384
2018-03-16,True,-0.006618057033268,0.0,-0.006618057033268,2138794.9929071316
2018-03-19,True,-0.0627823345986985,0.0,-0.0627823345986985,2004516.450024415
2018-03-20,True,0.007349357199764,0.0,0.007349357199764,2019248.3574284473
2018-03-21,True,-0.0144717847048195,0.0,-0.0144717847048195,1990026.2299341825
2018-03-22,True,-0.073058353734559,0.0,-0.073058353734559,1844638.1896866001
2018-03-23,True,-0.0807804701684338,0.0,-0.0807804701684338,1695627.449433068
2018-03-26,True,0.112519775000637,0.0,0.112519775000637,1886419.0685281807
2018-03-27,True,-0.0958904341211089,0.0,-0.0958904341211089,1705529.5251126757
2018-03-28,True,-0.0344805425540777,0.0,-0.0344805425540777,1646721.941744792
2018-03-29,True,0.0553643932507859,0.0,0.0553643932507859,1737891.7029022484
2018-04-02,True,-0.0887990180558951,0.0,-0.0887990180558951,1583568.6261970412
2018-04-03,True,0.0335515573755031,0.0,0.0335515573755031,1636699.8198169381
2018-04-04,True,0.0472921223880709,0.0,0.0472921223880709,1714102.8280082543
2018-04-05,True,0.0157098773864259,0.0,0.0157098773864259,1741031.17326399
2018-04-06,True,-0.0746288853874763,0.0,-0.0746288853874763,1611099.9573784485
2018-04-09,True,0.0200119561131635,0.0,0.0200119561131635,1643341.2190194256
2018-04-10,True,0.0660593509162936,0.0,0.0660593509162936,1751899.2732818397
2018-04-11,True,-0.0168184610882589,0.0,-0.0168184610882589,1722435.0235236
2018-04-12,True,0.0350532982419606,0.0,0.0350532982419606,1782812.0521055711
2018-04-13,True,-0.0148332100478634,0.0,-0.0148332100478634,1756367.2264608268
2018-04-16,True,0.0220695188688706,0.0,0.0220695188688706,1795129.40610587
2018-04-17,True,0.0639712683823869,0.0,0.0639712683823869,1909966.1111249835
2018-04-18,True,0.0069544681068454,0.0,0.0069544681068454,1923248.909529958
2018-04-19,True,-0.0271864084542345,0.0,-0.0271864084542345,1870962.6791163154
2018-04-20,True,-0.0479540389606273,0.0,-0.0479540389606273,1781242.461908092
2018-04-23,True,-0.0078639324399361,0.0,-0.0078639324399361,1767234.8915285014
2018-04-24,True,-0.0637513154037792,0.0,-0.0637513154037792,1654571.3425661041
2018-04-25,True,0.0039409772607146,0.0,0.0039409772607146,1661091.9706033873
2018-04-26,True,0.0620093061789792,0.0,0.0620093061789792,1764095.1311999767
2018-04-27,True,0.0023273346265526,0.0,0.0023273346265526,1768200.7708833513
2018-04-30,True,-0.0213071048144517,0.0,-0.0213071048144517,1730525.5317251456
2018-05-01,True,0.0325171041014824,0.0,0.0325171041014824,1786797.2105905253
2018-05-02,True,-0.0174358460878968,0.0,-0.0174358460878968,1755642.8894363856
2018-05-03,True,6.845995410631467e-05,0.0,6.845995410631467e-05,1755763.0806680233
2018-05-04,True,0.0562588345692991,0.0,0.0562588345692991,1854540.2653662087
2018-05-07,True,0.0237658932979805,0.0,0.0237658932979805,1898615.0714297106
2018-05-08,True,-0.0033073453214133,0.0,-0.0033073453214133,1892335.6957560526
2018-05-09,True,0.033501464823324,0.0,0.033501464823324,1955731.7135013444
2018-05-10,True,0.0311186973427184,0.0,0.0311186973427184,2016591.536777349
2018-05-11,True,-0.0029939346993961,0.0,-0.0029939346993961,2010553.9934008825
2018-05-14,True,0.0044442832359279,0.0,0.0044442832359279,2019489.464808682
2018-05-15,True,-0.0323483002394482,0.0,-0.0323483002394482,1954162.413270648
2018-05-16,True,0.0184141797107488,0.0,0.0184141797107488,1990146.7111326046
2018-05-17,True,-0.0112860156998881,0.0,-0.0112860156998881,1967685.8841056814
2018-05-18,True,-0.0160169592807204,0.0,-0.0160169592807204,1936169.5394227125
2018-05-21,True,0.0174628286074209,0.0,0.0174628286074209,1969980.5362445605
2018-05-22,True,-0.0052100333325262,0.0,-0.0052100333325262,1959716.8719862984
2018-05-23,True,0.0251401270874243,0.0,0.0251401270874243,2008984.4032034036
2018-05-24,True,-0.0008414731062019,0.0,-0.0008414731062019,2007293.896857329
2018-05-25,True,0.002526400881994,0.0,0.002526400881994,2012365.1259287705
2018-05-29,True,-0.0127810074517452,0.0,-0.0127810074517452,1986645.0722586429
2018-05-30,True,0.0213346109525438,0.0,0.0213346109525438,2029029.3719760694
2018-05-31,True,-0.0021424933881313,0.0,-0.0021424933881313,2024682.1899622865
2018-06-01,True,0.0465201209458696,0.0,0.0465201209458696,2118870.6503162803
2018-06-04,True,0.02564528903509,0.0,0.02564528903509,2173209.7005716106
2018-06-05,True,0.0103349240161527,0.0,0.0103349240161527,2195669.657698184
2018-06-06,True,0.0164991623242141,0.0,0.0164991623242141,2231896.367790898
2018-06-07,True,-0.0232106321933159,0.0,-0.0232106321933159,2180092.6421045056
2018-06-08,True,-0.0006647006512803,0.0,-0.0006647006512803,2178643.5331054474
2018-06-11,True,0.0078150116501469,0.0,0.0078150116501469,2195669.6576981833
2018-06-12,True,0.0158391113109077,0.0,0.0158391113109077,2230447.113808448
2018-06-13,True,-0.0011369489492956,0.0,-0.0011369489492956,2227911.209305944
2018-06-14,True,0.0304065976579823,0.0,0.0304065976579823,2295654.4090650184
2018-06-15,True,-0.0099416360314724,0.0,-0.0099416360314724,2272831.8484760495
2018-06-18,True,-0.0022315570735249,0.0,-0.0022315570735249,2267759.89448765
2018-06-19,True,-0.0089456168408239,0.0,-0.0089456168408239,2247473.383384576
2018-06-20,True,0.0209542994035709,0.0,0.0209542994035709,2294567.613561573
2018-06-21,True,-0.0258920259715133,0.0,-0.0258920259715133,2235156.6093178433
2018-06-22,True,-0.0100486234386106,0.0,-0.0100486234386106,2212696.362224487
2018-06-25,True,-0.0638506543461704,0.0,-0.0638506543461704,2071414.2516270627
2018-06-26,True,0.0110176540597171,0.0,0.0110176540597171,2094236.3772658573
2018-06-27,True,-0.0401314284638257,0.0,-0.0401314284638257,2010191.679905271
2018-06-28,True,0.0245090886902894,0.0,0.0245090886902894,2059459.6460725511
2018-06-29,True,0.0045733846108466,0.0,0.0045733846108466,2068878.3471245593
2018-07-02,True,0.0224128491009765,0.0,0.0224128491009765,2115247.8053269396
2018-07-03,True,-0.0344235926623557,0.0,-0.0344235926623557,2042433.376496423
2018-07-05,True,0.0367151803662872,0.0,0.0367151803662872,2117421.6863006144
2018-07-06,True,0.0449956078849507,0.0,0.0449956078849507,2212696.362224488
2018-07-09,True,0.0278323751518749,0.0,0.0278323751518749,2274280.957475109
2018-07-10,True,0.0023892529706925,0.0,0.0023892529706925,2279714.7900089463
2018-07-11,True,-0.0146193976941704,0.0,-0.0146193976941704,2246386.7328645233
2018-07-12,True,0.0493467931690372,0.0,0.0493467931690372,2357238.714348858
2018-07-13,True,0.0029199170584623,0.0,0.0029199170584623,2364121.655881753
2018-07-16,True,-0.0067421780303204,0.0,-0.0067421780303204,2348182.3267924623
2018-07-17,True,0.0185127192672658,0.0,0.0185127192672658,2391653.566996726
2018-07-18,True,-0.0063616433798826,0.0,-0.0063616433798826,2376438.719915269
2018-07-19,True,-0.0147866739958428,0.0,-0.0147866739958428,2341299.095292784
2018-07-20,True,-0.0013925544655496,0.0,-0.0013925544655496,2338038.7087824466
2018-07-23,True,0.0086767216585725,0.0,0.0086767216585725,2358325.21988552
2018-07-24,True,0.0127498320902117,0.0,0.0127498320902117,2388393.4704531725
2018-07-25,True,0.041710944673424,0.0,0.041710944673424,2488015.6183576123
2018-07-26,True,-0.0436808674520972,0.0,-0.0436808674520972,2379336.937913386
2018-07-27,True,-0.0417174960849668,0.0,-0.0417174960849668,2280076.9585211673
2018-07-30,True,-0.0430569606529628,0.0,-0.0430569606529628,2181903.7746323943
2018-07-31,True,0.0199237361701538,0.0,0.0199237361701538,2225375.449786833
2018-08-01,True,0.0136740899755198,0.0,0.0136740899755198,2255805.4339165315
2018-08-02,True,0.0398266322112883,0.0,0.0398266322112883,2345646.567273351
2018-08-03,True,0.0089574420136666,0.0,0.0089574420136666,2366657.560384258
2018-08-06,True,0.0183683228612039,0.0,0.0183683228612039,2410129.090555305
2018-08-07,True,0.0097701540784109,0.0,0.0097701540784109,2433676.4231188907
2018-08-08,True,0.002679391951506,0.0,0.002679391951506,2440197.1961395657
2018-08-09,True,-0.0008908628274443,0.0,-0.0008908628274443,2438023.315165891
2018-08-10,True,-0.023328425274205,0.0,-0.023328425274205,2381148.070441274
2018-08-13,True,-0.0028904760907357,0.0,-0.0028904760907357,2374265.418875162
2018-08-14,True,0.0184620654953675,0.0,0.0184620654953675,2418099.2625418217
2018-08-15,True,-0.0364045666814382,0.0,-0.0364045666814382,2330069.4066962814
2018-08-16,True,0.0091728819444121,0.0,0.0091728819444121,2351442.8582861926
2018-08-17,True,-0.0001540196951606,0.0,-0.0001540196951606,2351080.689773972
2018-08-20,True,-0.0020031811384746,0.0,-0.0020031811384746,2346371.049281185
2018-08-21,True,0.0103442205480159,0.0,0.0103442205480159,2370642.4289024295
2018-08-22,True,0.0116135085701412,0.0,0.0116135085701412,2398173.9050672282
2018-08-23,True,-0.004984394860657,0.0,-0.004984394860657,2386220.459379849
2018-08-24,True,0.027781622446362,0.0,0.027781622446362,2452513.5352561246
2018-08-27,True,0.0301329689880907,0.0,0.0301329689880907,2526415.04955687
2018-08-28,True,0.0044450825879336,0.0,0.0044450825879336,2537645.173103549
2018-08-29,True,0.0349751351282174,0.0,0.0349751351282174,2626399.6559403143
2018-08-30,True,-0.0056552583314675,0.0,-0.0056552583314675,2611546.6874042945
2018-08-31,True,0.0029129399041678,0.0,0.0029129399041678,2619153.965961632
2018-09-04,True,-0.0118948032681619,0.0,-0.0118948032681619,2587999.644807492
2018-09-05,True,-0.0397536895421134,0.0,-0.0397536895421134,2485117.1103927153
2018-09-06,True,-0.0272592686110522,0.0,-0.0272592686110522,2417374.6355505986
2018-09-07,True,-0.0098909290507746,0.0,-0.0098909290507746,2393464.5545412255
2018-09-10,True,0.0087787274746171,0.0,0.0087787274746171,2414476.127585699
2018-09-11,True,0.0222056464278579,0.0,0.0222056464278579,2468091.1307833707
2018-09-12,True,-0.0086600293198697,0.0,-0.0086600293198697,2446717.3892266764
2018-09-13,True,0.0296121450740898,0.0,0.0296121450740898,2519169.9395117555
2018-09-14,True,-0.007621617838741,0.0,-0.007621617838741,2499969.7889619526
2018-09-17,True,-0.042167711158973,0.0,-0.042167711158973,2394551.784994846
2018-09-18,True,0.0237519376615777,0.0,0.0237519376615777,2451427.0297194635
2018-09-19,True,-0.0022165406045422,0.0,-0.0022165406045422,2445993.342169018
2018-09-20,True,0.0313979400684683,0.0,0.0313979400684683,2522792.494534313
2018-09-21,True,-0.0159391403565011,0.0,-0.0159391403565011,2482581.350873603
2018-09-24,True,0.0086095996475428,0.0,0.0086095996475428,2503955.382397081
2018-09-25,True,0.0040506904320141,0.0,0.0040506904320141,2514098.130506747
2018-09-26,True,-0.0010085006315239,0.0,-0.0010085006315239,2511562.6609544177
2018-09-27,True,0.0276936480097738,0.0,0.0276936480097738,2581116.9932413804
2018-09-28,True,-0.0015437981095831,0.0,-0.0015437981095831,2577132.2697066017
2018-10-01,True,0.0057631456394531,0.0,0.0057631456394531,2591984.658309055
2018-10-02,True,-0.0057301221111943,0.0,-0.0057301221111943,2577132.269706602
2018-10-03,True,0.0029517261026807,0.0,0.0029517261026807,2584739.258297156
2018-10-04,True,-0.0570426125894177,0.0,-0.0570426125894177,2437298.9781414527
2018-10-05,True,-0.0376040903024492,0.0,-0.0376040903024492,2345646.567273354
2018-10-08,True,-0.0179150076464611,0.0,-0.0179150076464611,2303624.2910847566
2018-10-09,True,0.0077056387346021,0.0,0.0077056387346021,2321375.18765211
2018-10-10,True,-0.1296817039047004,0.0,-0.1296817039047004,2020335.2979152908
2018-10-11,True,-0.0405235959702167,0.0,-0.0405235959702167,1938464.046578204
2018-10-12,True,0.084470005008882,0.0,0.084470005008882,2102206.1143022026
2018-10-15,True,-0.037739021550475,0.0,-0.037739021550475,2022870.9124510111
2018-10-16,True,0.0861389612936296,0.0,0.0861389612936296,2197118.9116806383
2018-10-17,True,0.0032976162509865,0.0,0.0032976162509865,2204364.166709146
2018-10-18,True,-0.0693507270630132,0.0,-0.0693507270630132,2051489.9090362138
2018-10-19,True,-0.0040616044280965,0.0,-0.0040616044280965,2043157.568537477
2018-10-22,True,0.0150710072893418,0.0,0.0150710072893418,2073950.0111461794
2018-10-23,True,-0.0110043229021536,0.0,-0.0110043229021536,2051127.5955406018
2018-10-24,True,-0.1359944436150769,0.0,-0.1359944436150769,1772185.6394015271
2018-10-25,False,-5.504452659615475e-05,0.0005008208859397106,-0.0005558654125358654,1771200.5426999913
2018-10-26,False,0.0011238804482793083,7.79770372703853e-07,0.0011231006779066045,1773189.7792302063
2018-10-29,False,-0.00025645342038997394,6.139752628528533e-07,-0.0002570673956528268,1772733.9499516615
2018-10-30,False,-0.00032822072393142235,9.333431298796657e-07,-0.000329154067061302,1772150.4473622171
2018-10-31,False,-0.00032383185664587214,8.818367754605122e-07,-0.00032471369342133263,1771575.0058451558
2018-11-01,False,-0.002109891424277153,3.0080313822378193e-06,-0.0021128994556593905,1767831.8459796458
2018-11-02,False,-0.0012689735994236998,4.1376944607188216e-07,-0.0012693873688697716,1765587.7825640736
2018-11-05,False,0.0008132225299778565,6.70584244121461e-07,0.000812551945733735,1767022.41435216
2018-11-06,False,-0.0008754874921255099,3.37877055823832e-07,-0.0008758253691813337,1765474.8112937585
2018-11-07,False,-0.0010320651963448145,3.299963783862381e-07,-0.0010323951927232007,1763652.1435857047
2018-11-08,False,0.00043068548210869047,8.162008937731419e-07,0.00042986928121491733,1764410.2834649815
2018-11-09,False,-0.00014931444935218212,1.84674866778331e-06,-0.00015116119801996544,1764143.5730927342
2018-11-12,False,-0.00018057317618778903,1.1639180304718056e-06,-0.00018173709421826084,1763822.9627659763
2018-11-13,False,0.0014337782792160688,2.623275006581466e-07,0.0014335159517154107,1766351.4311191035
2018-11-14,False,0.00643439953602859,7.549081021313992e-07,0.006433644627926459,1777715.508514953
2018-11-15,False,-0.004382013101564066,1.6569251507917439e-06,-0.004383670026714858,1769922.59032425
2018-11-16,False,0.002031764199257917,1.023215101398453e-06,0.0020307409841565185,1773516.8446672058
2018-11-19,False,0.004111865670525412,1.138341680169755e-06,0.0041107273288452425,1780807.2888287466
2018-11-20,False,0.001395894847446173,6.198189899578877e-07,0.001395275028456215,1783292.0047693423
2018-11-21,False,-0.0013491249692689866,7.244565542149362e-07,-0.0013498494258232015,1780884.8290806294
2018-11-23,False,0.0018210553921082613,7.351520154402214e-07,0.0018203202400928211,1784126.609780279
2018-11-26,False,-0.0009489566338466568,2.9016835893139192e-08,-0.00094898565068255,1782433.4992285967
2018-11-27,False,-0.0004173213482131159,9.253016968959193e-07,-0.0004182466499100118,1781688.002388857
2018-11-28,False,-0.0007597467983423339,8.773754501321119e-07,-0.000760624173792466,1780332.8074240843
2018-11-29,False,0.0015058020858563313,3.288052320384871e-07,0.0015054732806242927,1783013.05089628
2018-11-30,False,0.0001046621651809897,4.961662458614347e-07,0.00010416599893512826,1783198.7802318411
2018-12-03,False,-0.002273055971105289,2.1727628163092094e-06,-0.002275228733921598,1779141.5951287635
2018-12-04,False,0.003503396533246107,4.3111094526680774e-07,0.0035029654223008404,1785373.866617877
2018-12-06,False,0.0036924821185801236,8.896346867305061e-07,0.003691592483893393,1791964.739364823
2018-12-07,False,8.765759350176187e-05,1.6311332843652465e-06,8.602646021739663e-05,1792118.895748185
2018-12-10,False,0.004996035099135403,2.232838809083204e-06,0.00499380226032632,1801068.3831405458
2018-12-11,False,-0.0021430930562063746,2.082641534266877e-07,-0.0021433013203598014,1797208.1508969024
2018-12-12,False,-0.00212004908536663,9.085847299980382e-07,-0.002120957670096628,1793396.3484844973
2018-12-13,False,-0.0023691120757551444,4.228163533693957e-07,-0.0023695348921085138,1789146.8332613832
2018-12-14,False,0.001798815996252278,9.645658249291949e-07,0.0017978514304273488,1792363.453454807
2018-12-17,False,0.0011404873604464255,1.0805155790470645e-06,0.0011394068448673785,1794405.6846421633
2018-12-18,False,0.007796480550260037,2.0330691244042214e-06,0.0077944474811356326,1808392.0855109578
2018-12-19,False,-0.002995546896770633,8.095692410075989e-07,-0.0029963564660116407,1802973.4981924528
2018-12-20,False,0.0060771537137092905,1.5466446773304831e-06,0.00607560706903196,1813927.6567233482
2018-12-21,False,0.002293960660780027,1.3346116765200061e-06,0.0022926260491035067,1818086.3145203413
2018-12-24,False,0.005094520658786944,9.709825495504143e-07,0.0050935496762373935,1827346.8274790382
2018-12-26,False,-0.0041733447190320195,2.7893999290763694e-07,-0.004173623659024927,1819720.1695266273
2018-12-27,False,0.005778533570934622,4.984165441799804e-07,0.005778035154390442,1830234.5766373056
2018-12-28,False,0.00011229332314408036,1.2535747857788522e-06,0.00011103974835830151,1830437.805424132
2018-12-31,False,0.00032841045163727365,8.261304320712343e-07,0.0003275843212052024,1831037.4281501302
2019-01-02,False,0.0017418317268920412,3.1747505739052054e-07,0.0017415142518346508,1834226.2059268963
2019-01-03,False,0.003943443680660936,1.258942710434391e-06,0.0039421847379505015,1841457.0644818502
2019-01-04,False,-0.010179881409895584,9.951502768204557e-07,-0.010180876560172405,1822709.4174175032
2019-01-07,False,-0.0028537012807935674,1.2262157065333345e-06,-0.0028549274965001007,1817505.7141835883
2019-01-08,False,-0.003013844593486839,2.484413313153938e-07,-0.0030140930348181542,1812027.5828697253
2019-01-09,False,-0.003394544227815162,2.362261429597903e-06,-0.0033969064892447596,1805872.294614785
2019-01-10,False,-0.00022468603003536364,1.059352360015406e-06,-0.00022574538239537905,1805464.6272830795
2019-01-11,False,0.0022546773410596324,1.571993426940921e-07,0.0022545201417169384,1809535.083650447
2019-01-14,False,0.0035136323997451736,7.716831889872933e-07,0.0035128607165561864,1815891.728361033
2019-01-15,False,-0.0011923342986951979,8.805513209382554e-08,-0.0011924223538272917,1813726.418472005
2019-01-16,False,-0.0009400454041211731,8.474557461925491e-07,-0.0009408928598673656,1812019.8962351119
2019-01-17,False,-0.002180945811892853,2.036197817280455e-07,-0.002181149431674581,1808067.6100682556
2019-01-18,False,-0.0059615789719191,6.913301454264248e-07,-0.005962270302064527,1797287.4222526208
2019-01-22,False,0.005378282205879002,8.888392042772364e-07,0.005377393366674725,1806952.14371505
2019-01-23,False,-0.001323245981108791,2.208332135137381e-07,-0.0013234668143223048,1804560.702517775
2019-01-24,False,0.002757006146780462,8.714297716330422e-07,0.002756134717008829,1809534.3149189341
2019-01-25,False,0.00025765736943985973,2.3926510511635553e-06,0.0002552647183886962,1809996.2251862464
2019-01-28,False,0.004323307024362721,8.540896707333185e-07,0.004322452934691988,1817819.848681584
2019-01-29,False,0.0021514139973880827,5.729617748583965e-07,0.0021508410356132243,1821729.6902074807
2019-01-30,False,-0.000676948512303078,1.6399520777354015e-06,-0.0006785884643808135,1820493.4854544858
2019-01-31,False,0.004070827493159195,5.958500178416676e-07,0.004070231643141353,1827903.3156451152
2019-02-01,False,-0.005127833581190842,7.709811997547445e-07,-0.005128604562390597,1818528.722360889
2019-02-04,False,-0.0017696691291980242,4.390551705810708e-07,-0.0017701081843686053,1815309.7297859285
2019-02-05,False,0.0031688290633526835,3.191837174674195e-07,0.003168509879635216,1821061.5565993532
2019-02-06,False,-0.0017196340149695664,8.413247756917652e-07,-0.0017204753397452581,1817928.465099066
2019-02-07,False,0.005924018090046346,1.2568845117409688e-06,0.005922761205534605,1828695.6212865917
2019-02-08,False,0.0019740207787011465,3.034469697394959e-07,0.001973717331731407,1832304.9495287864
2019-02-11,False,-0.0002779913928281531,8.782427093853851e-07,-0.00027886963553753845,1831793.9753153175
2019-02-12,False,-0.0022802462304607166,9.604824313667605e-07,-0.0022812067128920835,1827615.274602193
2019-02-13,False,-0.002525308945988694,2.390625788545736e-07,-0.0025255480085675484,1822999.5444849937
2019-02-14,False,0.003914313047535696,2.786719585100572e-07,0.003914034375577186,1830134.8273687698
2019-02-15,False,-0.002373138586891139,1.6366943380066167e-06,-0.0023747752812291454,1825788.668419418
2019-02-19,False,0.005141354738614552,1.6718966789350808e-06,0.005139682841935617,1835172.6431114937
2019-02-20,False,-0.002149755363928021,2.7563331688010286e-07,-0.002150030997244901,1831226.9650435082
2019-02-21,False,-0.005204849711443218,1.0222016993339938e-06,-0.005205871913142552,1821693.832019599
2019-02-22,False,0.0013534323202680717,4.5329188682120825e-07,0.0013529790283812505,1824158.545570453
2019-02-25,False,0.0025647217704702486,1.024917742740522e-06,0.0025636968527275083,1828835.135092608
2019-02-26,False,-0.00013039992934279696,4.7499528446105777e-07,-0.000130874924627258,1828595.786432147
2019-02-27,False,-0.005367841150847386,5.934234892716883e-07,-0.005368434574336657,1818779.0895897783
2019-02-28,False,-0.0013674041917551723,7.087282744021733e-07,-0.0013681129200295745,1816290.794418631
2019-03-01,False,-0.00411027923428626,2.1600831102357443e-06,-0.004112439317396496,1808821.4087438385
2019-03-04,False,-0.0005229441716264964,3.934795217331588e-07,-0.0005233376511482296,1807874.78439644
2019-03-05,False,0.0002487508646563158,1.7787270889528528e-07,0.0002485729919474205,1808324.173240664
2019-03-06,False,0.003909760746736129,1.1439008303128078e-06,0.003908616845905816,1815392.219567051
2019-03-07,False,0.004275822874749059,1.252009483419872e-06,0.00427457086526564,1823152.242257842
2019-03-08,False,0.0038762352991317094,1.1736702403998128e-06,0.0038750616288913096,1830217.0695554428
2019-03-11,False,-0.0011414633995665985,6.245340159098112e-07,-0.0011420879335825084,1828126.8007244668
2019-03-12,False,0.0006563721434810448,1.0936774978033138e-06,0.0006552784659832415,1829324.7328500682
2019-03-13,False,-0.00044282449452736256,1.239844737282475e-06,-0.000444064339264645,1828512.3949712748
2019-03-14,False,-0.004275699607202809,1.217103839475972e-06,-0.0042769167110422845,1820691.9997528743
2019-03-15,False,0.002346097711533129,3.7057590080610826e-07,0.002345727135632323,1824962.8463823232
2019-03-18,True,0.0090383938474591,0.0005,0.0085383938474591,1840545.0979217156
2019-03-19,True,0.0100322362192704,0.0,0.0100322362192704,1859009.8811162864
2019-03-20,True,0.0115329994752024,0.0,0.0115329994752024,1880449.8410995966
2019-03-21,True,0.0463076105817614,0.0,0.0463076105817614,1967528.980059772
2019-03-22,True,-0.0653813799967273,0.0,-0.0653813799967273,1838889.2201599109
2019-03-25,True,-0.0062780422673162,0.0,-0.0062780422673162,1827344.5959108346
2019-03-26,True,0.013718338184369,0.0,0.013718338184369,1852412.727056919
2019-03-27,True,-0.0195867612963867,0.0,-0.0195867612963867,1816129.9611496662
2019-03-28,True,0.0063566444643801,0.0,0.0063566444643801,1827674.4536138033
2019-03-29,True,0.0225590675463316,0.0,0.0225590675463316,1868905.0850655818
2019-04-01,True,0.0393576776241288,0.0,0.0393576776241288,1942460.8489136882
2019-04-02,True,0.01103759274234,0.0,0.01103759274234,1963900.9406819378
2019-04-03,True,0.0172991220090137,0.0,0.0172991220090137,1997874.7026684114
2019-04-04,True,-0.0014858067689992,0.0,-0.0014858067689992,1994906.2469115742
2019-04-05,True,0.0150463194634231,0.0,0.0150463194634231,2024922.2436021843
2019-04-08,True,0.0078186939266091,0.0,0.0078186939266091,2040754.4908500926
2019-04-09,True,-0.0109906750777227,0.0,-0.0109906750777227,2018325.221327756
2019-04-10,True,0.0161790549904523,0.0,0.0161790549904523,2050979.816072235
2019-04-11,True,-0.0075585928288497,0.0,-0.0075585928288497,2035477.2947423558
2019-04-12,True,0.0123156681706912,0.0,0.0123156681706912,2060545.5576733788
2019-04-15,True,0.0008003495597372,0.0,0.0008003495597372,2062194.7144032815
2019-04-16,True,0.0097568522656497,0.0,0.0097568522656497,2082315.243574718
2019-04-17,True,0.0099793308705558,0.0,0.0099793308705558,2103095.3563671517
2019-04-18,True,0.0031368782396836,0.0,0.0031368782396836,2109692.51042652
2019-04-22,True,0.0084427115148912,0.0,0.0084427115148912,2127504.0356771774
2019-04-23,True,0.0379845286323374,0.0,0.0379845286323374,2208316.2736357707
2019-04-24,True,-0.0097085570959427,0.0,-0.0097085570959427,2186876.709007279
2019-04-25,True,0.0111614336599277,0.0,0.0111614336599277,2211285.3883173047
2019-04-26,True,0.0035798444530528,0.0,0.0035798444530528,2219201.446048789
2019-04-29,True,0.0053507310876383,0.0,0.0053507310876383,2231075.7962158946
2019-04-30,True,-0.0229156241184117,0.0,-0.0229156241184117,2179949.301890125
2019-05-01,True,-0.01149916834515,0.0,-0.01149916834515,2154881.6978837983
2019-05-02,True,-0.0122457863503915,0.0,-0.0122457863503915,2128493.477001144
2019-05-03,True,0.0471100560853903,0.0,0.0471100560853903,2228766.9240800557
2019-05-06,True,-0.0179075377279012,0.0,-0.0179075377279012,2188855.196300394
2019-05-07,True,-0.0581675431536927,0.0,-0.0581675431536927,2061534.8672124064
2019-05-08,True,-0.0087998759842551,0.0,-0.0087998759842551,2043393.6160437195
2019-05-09,True,-0.0158192080921906,0.0,-0.0158192080921906,2011068.74721727
2019-05-10,True,0.002788227597064,0.0,0.002788227597064,2016676.0645978546
2019-05-13,True,-0.1033693810295004,0.0,-0.1033693810295004,1808213.5080633655
2019-05-14,True,0.0313755425830093,0.0,0.0313755425830093,1864947.1879847804
2019-05-15,True,0.0415634616509805,0.0,0.0415634616509805,1942460.8489136898
2019-05-16,True,0.0312447526657222,0.0,0.0312447526657222,2003152.557700847
2019-05-17,True,-0.031121442579267,0.0,-0.031121442579267,1940811.5603988483
2019-05-20,True,-0.0501360348179602,0.0,-0.0501360348179602,1843506.964431592
2019-05-21,True,0.0300591482314398,0.0,0.0300591482314398,1898921.2135411329
2019-05-22,True,-0.0130276101249732,0.0,-0.0130276101249732,1874182.8083130778
2019-05-23,True,-0.0471665310154852,0.0,-0.0471665310154852,1785784.10675609
2019-05-24,True,-0.0014776309346828,0.0,-0.0014776309346828,1783145.3769172824
2019-05-28,True,-0.0107287696842784,0.0,-0.0107287696842784,1764014.420854751
2019-05-29,True,-0.0250561164670509,0.0,-0.0250561164670509,1719815.0700762572
2019-05-30,True,0.011891038304193,0.0,0.011891038304193,1740265.4569506624
2019-05-31,True,-0.0481425550140912,0.0,-0.0481425550140912,1656484.6314502927
2019-06-03,True,-0.0639186354702474,0.0,-0.0639186354702474,1550604.3941305543
2019-06-04,True,0.0810464880977017,0.0,0.0810464880977017,1676275.4347037002
2019-06-05,True,0.0220384314823054,0.0,0.0220384314823054,1713217.9160168895
2019-06-06,True,0.0231037382470171,0.0,0.0231037382470171,1752799.654308644
2019-06-07,True,0.0570191019780901,0.0,0.0570191019780901,1852742.7165448295
2019-06-10,True,0.0364964806827876,0.0,0.0364964806827876,1920361.3053093834
2019-06-11,True,0.0037786338984677,0.0,0.0037786338984677,1927617.6476349311
2019-06-12,True,-0.0169402532782707,0.0,-0.0169402532782707,1894963.316460331
2019-06-13,True,0.0163618863623244,0.0,0.0163618863623244,1925968.4909050285
2019-06-14,True,-0.0130159942046522,0.0,-0.0130159942046522,1900900.096189066
2019-06-17,True,0.0182198614154114,0.0,0.0182198614154114,1935534.2325061732
2019-06-18,True,0.0432854973698968,0.0,0.0432854973698968,2019314.7944366646
2019-06-19,True,0.0117607717229824,0.0,0.0117607717229824,2043063.4947708752
2019-06-20,True,0.0274460214569918,0.0,0.0274460214569918,2099137.4592863536
2019-06-21,True,-0.0045569239755537,0.0,-0.0045569239755537,2089571.8494701486
2019-06-24,True,-0.0003155287774795,0.0,-0.0003155287774795,2088912.5294190298
2019-06-25,True,-0.0511606897265268,0.0,-0.0511606897265268,1982042.3236355686
2019-06-26,True,0.0126475600758937,0.0,0.0126475600758937,2007110.3229967137
2019-06-27,True,0.0108464139822241,0.0,0.0108464139822241,2028880.2724679317
2019-06-28,True,0.0042270451384531,0.0,0.0042270451384531,2037456.4409601707
2019-07-01,True,0.0398252575197446,0.0,0.0398252575197446,2118598.668406672
2019-07-02,True,0.0121436171847271,0.0,0.0121436171847271,2144326.119603875
2019-07-03,True,0.0221504535103145,0.0,0.0221504535103145,2191823.915627114
2019-07-05,True,-0.0064710881981434,0.0,-0.0064710881981434,2177640.4297542907
2019-07-08,True,-0.0210540929127089,0.0,-0.0210540929127089,2131792.185815773
2019-07-09,True,0.0150086274385681,0.0,0.0150086274385681,2163787.4605091326
2019-07-10,True,0.0295731551341487,0.0,0.0295731551341487,2227777.4827560945
2019-07-11,True,-0.0026651847859084,0.0,-0.0026651847859084,2221840.0441026636
2019-07-12,True,0.0167754969130329,0.0,0.0167754969130329,2259112.514903761
2019-07-15,True,0.0084684669338945,0.0,0.0084684669338945,2278243.734536171
2019-07-16,True,-0.0141885611804261,0.0,-0.0141885611804261,2245918.733924782
2019-07-17,True,-0.0148332073918182,0.0,-0.0148332073918182,2212604.555559306
2019-07-18,True,0.0043230564799092,0.0,0.0043230564799092,2222169.770020693
2019-07-19,True,-0.0241948033494301,0.0,-0.0241948033494301,2168404.8094259943
2019-07-22,True,0.0235781111803203,0.0,0.0235781111803203,2219531.699106582
2019-07-23,True,0.0193193546115519,0.0,0.0193193546115519,2262411.6190732024
2019-07-24,True,0.0212856281759226,0.0,0.0212856281759226,2310568.4715776816
2019-07-25,True,-0.0285511694832426,0.0,-0.0285511694832426,2244599.0395430303
2019-07-26,True,0.0296842091913898,0.0,0.0296842091913898,2311228.1869836184
2019-07-29,True,-0.0092763788184636,0.0,-0.0092763788184636,2289788.3587852474
2019-07-30,True,-0.013396803142872,0.0,-0.013396803142872,2259112.5149037614
2019-07-31,True,-0.042195797582348,0.0,-0.042195797582348,2163787.4605091335
2019-08-01,True,-0.0140245982113492,0.0,-0.0140245982113492,2133441.2107607373
2019-08-02,True,-0.0457636506799233,0.0,-0.0457636506799233,2035807.1524453303
2019-08-05,True,-0.1049902414236193,0.0,-0.1049902414236193,1822067.268018164
2019-08-06,True,0.0410933956195493,0.0,0.0410933956195493,1896942.1991082658
2019-08-07,True,0.01460620390426,0.0,0.01460620390426,1924649.3236630368
2019-08-08,True,0.0661524131890842,0.0,0.0661524131890842,2051969.5209660854
2019-08-09,True,-0.029577231231799,0.0,-0.029577231231799,1991277.9439638676
2019-08-12,True,-0.0334602311559777,0.0,-0.0334602311559777,1924649.3236630366
2019-08-13,True,0.065638187100375,0.0,0.065638187100375,2050979.8160722412
2019-08-14,True,-0.0895784652422958,0.0,-0.0895784652422958,1867256.1919055637
2019-08-15,True,-0.0042396180666689,0.0,-0.0042396180666689,1859339.7388192613
2019-08-16,True,0.0461238138155974,0.0,0.0461238138155974,1945099.5787525026
2019-08-19,True,0.0468034133600729,0.0,0.0468034133600729,2036136.8783633597
2019-08-20,True,-0.0205732492486303,0.0,-0.0205732492486303,1994246.9268604622
2019-08-21,True,0.0254712578537468,0.0,0.0254712578537468,2045042.9045585673
2019-08-22,True,-0.0096774513675444,0.0,-0.0096774513675444,2025252.10130516
2019-08-23,True,-0.0915309792380291,0.0,-0.0915309792380291,1839878.7932688226
2019-08-26,True,0.0405162957798392,0.0,0.0405162957798392,1914423.866655956
2019-08-27,True,-0.0060304074949615,0.0,-0.0060304074949615,1902879.1106219408
2019-08-28,True,0.0100537589280791,0.0,0.0100537589280791,1922010.1984694113
2019-08-29,True,0.045478178977671,0.0,0.045478178977671,2009419.722272312
2019-08-30,True,-0.0070584983891689,0.0,-0.0070584983891689,1995236.2363994888
2019-09-03,True,-0.029095858261901,0.0,-0.029095858261901,1937183.1256662004
2019-09-04,True,0.0420569868021389,0.0,0.0420569868021389,2018655.21081567
2019-09-05,True,0.0552289529324676,0.0,0.0552289529324676,2130143.4244406894
2019-09-06,True,-0.0027875277974805,0.0,-0.0027875277974805,2124205.590432441
2019-09-09,True,-0.0063663212134357,0.0,-0.0063663212134357,2110682.215320372
2019-09-10,True,-0.0082826598791678,0.0,-0.0082826598791678,2093200.1524178649
2019-09-11,True,0.0269461524586431,0.0,0.0269461524586431,2149603.842851372
2019-09-12,True,0.0124291195885493,0.0,0.0124291195885493,2176321.526082177
2019-09-13,True,-0.0106091791362458,0.0,-0.0106091791362458,2153232.5411539036
2019-09-16,True,-0.0137869615915012,0.0,-0.0137869615915012,2123546.006811444
2019-09-17,True,0.0132028457979573,0.0,0.0132028457979573,2151582.857284244
2019-09-18,True,-0.0006131147761886,0.0,-0.0006131147761886,2150263.690042249
2019-09-19,True,0.0044485752424239,0.0,0.0044485752424239,2159829.2998584537
2019-09-20,True,-0.0314601613455817,0.0,-0.0314601613455817,2091880.7216059922
2019-09-23,True,0.0009460455428604,0.0,0.0009460455428604,2093859.7360388634
2019-09-24,True,-0.0395398924754192,0.0,-0.0395398924754192,2011068.747217277
2019-09-25,True,0.0319829344665272,0.0,0.0319829344665272,2075388.6271672081
2019-09-26,True,-0.0100127004192642,0.0,-0.0100127004192642,2054608.382589835
2019-09-27,True,-0.0362818890542875,0.0,-0.0362818890542875,1980063.3092027016
2019-09-30,True,0.0266535169912942,0.0,0.0266535169912942,2032838.960258374
2019-10-01,True,-0.0241768347806514,0.0,-0.0241768347806514,1983691.3485805362
2019-10-02,True,-0.0512136564258575,0.0,-0.0512136564258575,1882099.2613993867
2019-10-03,True,0.0329475781278227,0.0,0.0329475781278227,1944109.8738586607
2019-10-04,True,0.0420768783376512,0.0,0.0420768783376512,2025911.948496038
2019-10-07,True,-0.0092805738735475,0.0,-0.0092805738735475,2007110.3229967179
2019-10-08,True,-0.0455216758551023,0.0,-0.0455216758551023,1915743.2974678318
2019-10-09,True,0.0303029719353333,0.0,0.0303029719353333,1973796.0128463025
2019-10-10,True,0.0218917806973466,0.0,0.0218917806973466,2017005.9223008312
2019-10-11,True,0.0374488967339645,0.0,0.0374488967339645,2092540.56879687
2019-10-14,True,0.0011033192786449,0.0,0.0011033192786449,2094849.3091477703
2019-10-15,True,0.0379467901579324,0.0,0.0379467901579324,2174342.1162944906
2019-10-16,True,-0.00743322239846,0.0,-0.00743322239846,2158179.7477737353
2019-10-17,True,0.0068777093655016,0.0,0.0068777093655016,2173023.080837435
2019-10-18,True,-0.028688542734224,0.0,-0.028688542734224,2110682.215320375
2019-10-21,True,0.0264101566229155,0.0,0.0264101566229155,2166425.6632081885
2019-10-22,True,-0.0231423875481253,0.0,-0.0231423875481253,2116289.40091602
2019-10-23,True,0.0046757951582383,0.0,0.0046757951582383,2126184.736650254
2019-10-24,True,0.0286998444130706,0.0,0.0286998444130706,2187205.907785562
2019-10-25,True,0.022771884332758,0.0,0.022771884332758,2237012.70772958
2019-10-28,True,0.0305222082576668,0.0,0.0305222082576668,2305291.275469949
2019-10-29,True,-0.0230364124085596,0.0,-0.0230364124085596,2252185.634926369
2019-10-30,True,0.0140599195218495,0.0,0.0140599195218495,2283851.1837016996
2019-10-31,True,0.0007222100597237,0.0,0.0007222100597237,2285500.604001481
2019-11-01,True,0.02713229474566,0.0,0.02713229474566,2347511.480030633
2019-11-04,True,0.0178445197943097,0.0,0.0178445197943097,2389401.6951034097
2019-11-05,True,0.0012422875475399,0.0,0.0012422875475399,2392370.0190753075
2019-11-06,True,-0.0063422159096667,0.0,-0.0063422159096667,2377197.0918785185
2019-11-07,True,0.0101291363153104,0.0,0.0101291363153104,2401276.0452705156
2019-11-08,True,0.0118131808425934,0.0,0.0118131808425934,2429642.7534462838
2019-11-11,True,-0.0042084087682523,0.0,-0.0042084087682523,2419417.8235789593
2019-11-12,True,0.0081798223133342,0.0,0.0081798223133342,2439208.2314775493
2019-11-13,True,-0.0014874920889863,0.0,-0.0014874920889863,2435579.9285298362
2019-11-14,True,-0.0002707576246353,0.0,-0.0002707576246353,2434920.476693778
2019-11-15,True,0.0188294625542648,0.0,0.0188294625542648,2480768.720632296
2019-11-18,True,0.0051852991430472,0.0,0.0051852991430472,2493632.2485534893
2019-11-19,True,0.0041007332107174,0.0,0.0041007332107174,2503857.9691304485
2019-11-20,True,-0.0175207067778775,0.0,-0.0175207067778775,2459988.6078398624
2019-11-21,True,-0.0077768474217978,0.0,-0.0077768474217978,2440857.651777331
2019-11-22,True,0.0027025856730349,0.0,0.0027025856730349,2447454.2786969417
2019-11-25,True,0.0346360443899813,0.0,0.0346360443899813,2532224.413736339
2019-11-26,True,0.0059921443985122,0.0,0.0059921443985122,2547397.868072885
2019-11-27,True,0.0201995223787816,0.0,0.0201995223787816,2598854.0883166837
2019-11-29,True,-0.0133265937872107,0.0,-0.0133265937872107,2564220.2155694556
2019-12-02,True,-0.0321588281234099,0.0,-0.0321588281234099,2481757.8983863844
2019-12-03,True,-0.0224611693002684,0.0,-0.0224611693002684,2426014.71406845
2019-12-04,True,0.014819794694868,0.0,0.014819794694868,2461967.7540576733
2019-12-05,True,0.0052251111086845,0.0,0.0052251111086845,2474831.809118623
2019-12-06,True,0.0309209246212402,0.0,0.0309209246212402,2551355.8969386276
2019-12-09,True,-0.0122820273309973,0.0,-0.0122820273309973,2520020.0740813264
2019-12-10,True,-0.0022249513340922,0.0,-0.0022249513340922,2514413.15205556
2019-12-11,True,0.0150857955090417,0.0,0.0150857955090417,2552345.0746927154
2019-12-12,True,0.0228739875694863,0.0,0.0228739875694863,2610727.3842042764
2019-12-13,True,0.0089705900614189,0.0,0.0089705900614189,2634147.1493300935
2019-12-16,True,0.0286751810791012,0.0,0.0286751810791012,2709681.795826133
2019-12-17,True,0.0013391116710386,0.0,0.0013391116710386,2713310.3623437244
2019-12-18,True,0.0023095910879469,0.0,0.0023095910879469,2719576.9997754274
2019-12-19,True,0.020376054479839,0.0,0.020376054479839,2774991.2488849685
2019-12-20,True,0.0118861366935638,0.0,0.0118861366935638,2807975.174192659
2019-12-23,True,0.0074004843608659,0.0,0.0074004843608659,2828755.550554971
2019-12-24,True,0.0012947626496755,0.0,0.0012947626496755,2832418.117586892
2019-12-26,True,0.0259788309814528,0.0,0.0259788309814528,2906001.029132487
2019-12-27,True,-0.0029523262482401,0.0,-0.0029523262482401,2897421.5660167662
2019-12-30,True,-0.0199293331606172,0.0,-0.0199293331606172,2839677.8863208606
2019-12-31,True,0.0056938479803383,0.0,0.0056938479803383,2855846.5805187
2020-01-02,True,0.0495667198941529,0.0,0.0495667198941529,2997401.528035945
2020-01-03,True,-0.0271908410613065,0.0,-0.0271908410613065,2915899.6594902026
2020-01-06,True,0.0190110384079542,0.0,0.0190110384079542,2971333.939910511
2020-01-07,True,-0.0012217233102288,0.0,-0.0012217233102288,2967703.7919736486
2020-01-08,True,0.0230154639839064,0.0,0.0230154639839064,3036006.8717127205
2020-01-09,True,0.0252146210110728,0.0,0.0252146210110728,3112558.63436997
2020-01-10,True,-0.0081628488212827,0.0,-0.0081628488212827,3087151.2887902297
2020-01-13,True,0.0349508803929501,0.0,0.0349508803929501,3195049.9442396783
2020-01-14,True,-0.0116699823431565,0.0,-0.0116699823431565,3157763.7678048983
2020-01-15,True,0.0006270894984334,0.0,0.0006270894984334,3159743.9683022224
2020-01-16,True,0.0278821970729861,0.0,0.0278821970729861,3247844.5723266047
2020-01-17,True,0.014934366498795,0.0,0.014934366498795,3296349.073500852
2020-01-21,True,-0.0005005378383018,0.0,-0.0005005378383018,3294699.126061314
2020-01-22,True,0.006810243636806,0.0,0.006810243636806,3317136.8298197635
2020-01-23,True,0.0092507860486465,0.0,0.0092507860486465,3347822.952926512
2020-01-24,True,-0.0259213584927288,0.0,-0.0259213584927288,3261042.833993518
2020-01-27,True,-0.0618232572590078,0.0,-0.0618232572590078,3059434.543934893
2020-01-28,True,0.0464839697927552,0.0,0.0464839697927552,3201649.2068580743
2020-01-29,True,0.0036070715594065,0.0,0.0036070715594065,3213197.784655329
2020-01-30,True,0.01129614096093,0.0,0.01129614096093,3249494.519766143
2020-01-31,True,-0.0491472877522817,0.0,-0.0491472877522817,3089790.677553734
2020-02-03,True,0.0459206513909755,0.0,0.0459206513909755,3231675.878128765
2020-02-04,True,0.0683070861164751,0.0,0.0683070861164751,3452422.2406366426
2020-02-05,True,0.0115646608540787,0.0,0.0115646608540787,3492348.3329746835
2020-02-06,True,0.0243763480948937,0.0,0.0243763480948937,3577479.0316078966
2020-02-07,True,-0.0129127526647973,0.0,-0.0129127526647973,3531283.929709245
2020-02-10,True,0.0360680297455482,0.0,0.0360680297455482,3658650.3835259746
2020-02-11,True,0.0007215545697254,0.0,0.0007215545697254,3661290.2994292355
2020-02-12,True,0.0292897869694934,0.0,0.0292897869694934,3768528.712332991
2020-02-13,True,-0.003852490116642,0.0,-0.003852490116642,3754010.492714446
2020-02-14,True,0.0067680539596384,0.0,0.0067680539596384,3779417.838294186
2020-02-18,True,0.0017459661146166,0.0,0.0017459661146166,3786016.5737728258
2020-02-19,True,0.028935125962668,0.0,0.028935125962668,3895565.4402316916
2020-02-20,True,-0.0284600619350055,0.0,-0.0284600619350055,3784697.4065308305
2020-02-21,True,-0.0571926902085536,0.0,-0.0571926902085536,3568240.3802259965
2020-02-24,True,-0.1152209549938215,0.0,-0.1152209549938215,3157104.315968841
2020-02-25,True,-0.0808944950528641,0.0,-0.0808944950528641,2901711.9564993237
2020-02-26,True,0.013759132076877,0.0,0.013759132076877,2941636.9945578515
2020-02-27,True,-0.1495232219202512,0.0,-0.1495232219202512,2501793.953411757
2020-02-28,True,0.0155630709241518,0.0,0.0155630709241518,2540729.5501463185
2020-03-02,False,-0.0021471498012524803,0.0005014986929513974,-0.0026486484942038774,2534000.050649144
2020-03-03,False,0.013711424408998278,2.9138649199395434e-06,0.013708510544078338,2568737.4170621634
2020-03-04,False,-0.0007820421472605642,4.230925236544114e-07,-0.0007824652397842186,2566727.469323179
2020-03-05,False,0.013057099048589324,1.4056210682121124e-06,0.013055693427521112,2600237.87627466
2020-03-06,False,0.008999638298552824,2.2184285622563747e-06,0.008997419869990567,2623633.3082093555
2020-03-09,False,0.0148033782864948,3.906605986023451e-06,0.014799471680508778,2662461.69505424
2020-03-10,False,-0.01563248361578499,1.0999227028308938e-06,-0.015633583538487823,2620837.877726585
2020-03-11,False,-0.0017816971472297948,4.1936336972446533e-07,-0.0017821165105995193,2616167.239273084
2020-03-12,False,-0.008686010162267091,5.24594107555329e-06,-0.008691256103342645,2593429.4597873865
2020-03-13,False,-0.013431196206099222,2.886272948557797e-06,-0.01343408247904778,2558589.1145210103
2020-03-16,False,0.005754354928969123,2.8503431559704084e-06,0.0057515045858131525,2573304.8515463895
2020-03-17,False,0.0023602928932983333,2.611318879761848e-06,0.0023576815744185712,2579371.8849802427
2020-03-18,False,-0.0039714611712146275,3.136031489160002e-06,-0.003974597202703788,2569119.9207014674
2020-03-19,False,-0.010997863327428442,2.1401659896861103e-06,-0.011000003493418129,2540859.592598741
2020-03-20,False,0.01646971773011406,5.739279470293457e-07,0.016469143802167033,2582705.374610366
2020-03-23,False,0.02180830253888379,3.6489701363244392e-06,0.021804653568747466,2639020.3705738867
2020-03-24,False,0.010009256406339975,6.356558402758325e-06,0.010002899847937216,2665418.2270374033
2020-03-25,False,-0.008031906598358793,1.4896023126423491e-06,-0.008033396200671436,2644005.8663791204
2020-03-26,False,0.006859526064782818,9.870124535955872e-07,0.006858539052329223,2662139.8838682696
2020-03-27,False,0.0003472741151480067,1.1342334300674662e-06,0.00034613988171793925,2663061.3566527884
2020-03-30,False,0.004680751944053751,9.60379378348808e-07,0.004679791564675403,2675523.928725865
2020-03-31,False,-0.012667591144452615,3.2375274311747387e-06,-0.01267082867188379,2641622.823417454
2020-04-01,False,0.010962201761457619,1.9186009490538142e-06,0.010960283160508564,2670575.757565371
2020-04-02,False,-0.0024025542726519556,3.6800825526185216e-06,-0.0024062343552045742,2664149.726429341
2020-04-03,False,-0.002164180315699224,1.5476526801827955e-06,-0.0021657279683794067,2658379.9028548626
2020-04-06,False,0.006684955125778272,3.480990847696888e-06,0.006681474134930575,2676141.7994166063
2020-04-07,False,-0.005978486148649621,8.285390511325458e-07,-0.0059793146877007534,2660140.3054489847
2020-04-08,False,-0.004832656262187805,8.093540402355076e-07,-0.00483346561622804,2647282.608748255
2020-04-09,False,0.013183055541091488,2.1286882892558173e-06,0.013180926852802232,2682176.2471728614
2020-04-13,False,0.002663777585425093,2.4063510740108265e-06,0.002661371234351082,2689314.5138825467
2020-04-14,False,0.0053766205500070776,6.158309905523878e-07,0.005376004719016525,2703772.281400099
2020-04-15,False,0.007589269659034076,2.6682053270946636e-06,0.007586601453706981,2724284.7241206616
2020-04-16,False,-0.0008216648838820445,1.370567620421481e-07,-0.0008218019406440866,2722045.901647512
2020-04-17,False,-0.010121312193988147,1.565201720869297e-06,-0.010122877395709017,2694490.964719642
2020-04-20,False,0.011027757868882923,2.3247370512099462e-06,0.011025433131831713,2724198.894675483
2020-04-21,False,0.01980245511007525,7.318009591882446e-06,0.01979513710048337,2778124.78528457
2020-04-22,False,-0.000589684415307757,3.378749799262004e-06,-0.000593063165107019,2776477.181806347
2020-04-23,False,0.00355162236007203,1.0634305496388664e-06,0.003550558929522391,2786335.2276568245
2020-04-24,False,-0.0009551735927844711,5.555885477707689e-07,-0.0009557291813322419,2783672.245770779
2020-04-27,False,-0.0026266458043201556,6.707281547559952e-07,-0.0026273165324749116,2776358.6576584736
2020-04-28,False,-0.0013202999444806695,6.351646720088588e-07,-0.0013209351091526783,2772691.2680319725
2020-04-29,False,-0.001865518092695611,1.5469662113401228e-06,-0.0018670650589069511,2767514.4730462935
2020-04-30,False,-0.010653265975958871,1.8783501217603528e-06,-0.010655144326080631,2738026.2069114684
2020-05-01,False,0.004353752537165987,7.224799240585777e-07,0.004353030057241928,2749944.9172876696
2020-05-04,False,0.0011839427180140316,3.8635277299151063e-07,0.00118355636524104,2753199.632098588
2020-05-05,False,-0.0063751011311050645,2.7114354869220705e-06,-0.006377812566591987,2735640.2408866533
2020-05-06,False,-0.0001509363874528409,2.2304927270899304e-06,-0.00015316688017993083,2735221.231405662
2020-05-07,False,0.005023132254858798,1.712667482331995e-06,0.005021419587376466,2748955.9248728505
2020-05-08,False,-0.00789626387921964,1.366412238398923e-06,-0.00789763029145804,2727245.6872906913
2020-05-11,False,0.0018750153408357024,1.9355349521327505e-06,0.0018730798058835697,2732354.036113238
2020-05-12,False,0.0015653638923353837,3.8667862456064074e-07,0.001564977213710823,2736630.107919546
2020-05-13,False,0.009708346459762552,1.3438952559557543e-06,0.009707002564506597,2763194.583395227
2020-05-14,False,-0.0006966467393317652,1.7084157056754674e-06,-0.0006983551550374407,2761264.892213541
2020-05-15,False,-0.0007087285034707201,1.1777132617123849e-06,-0.0007099062167324325,2759304.653100514
2020-05-18,False,-0.01592798636075911,3.555297672712884e-06,-0.015931541658431823,2715344.6760713384
2020-05-19,False,0.0019419393751922464,1.282221136828729e-06,0.0019406571540554177,2720614.229142682
2020-05-20,False,-0.0013431260296412051,9.824652363586289e-07,-0.0013441084948775637,2716957.428446007
2020-05-21,False,-0.0022754458658797,2.0548242633350035e-06,-0.002277500690143035,2710769.556027632
2020-05-22,False,0.006040734922835837,8.845342757706071e-07,0.006039850388560066,2727142.1985839023
2020-05-26,False,-0.014333182402770267,2.304162243932817e-06,-0.0143354865650142,2688047.2882352197
2020-05-27,False,0.006277477339036871,1.7809075036633593e-06,0.0062756964315332075,2704916.6570097897
2020-05-28,False,-0.0019798850778414818,1.2207694702841277e-06,-0.001981105847311766,2699557.9308040966
2020-05-29,False,0.0006735769884920253,1.4279676519313445e-06,0.0006721490208400939,2701372.4360239874
2020-06-01,False,-0.0009254103837691994,1.0767613822024181e-06,-0.0009264871451514018,2698869.649187745
2020-06-02,False,-0.006943973264290105,1.1053466199953538e-06,-0.006945078610910101,2680125.7873135367
2020-06-03,False,-0.011901696955816735,1.5900560144344323e-06,-0.011903287011831168,2648223.4808393335
2020-06-04,True,-0.0203186734802561,0.0005,-0.0208186734802561,2593090.9808889925
2020-06-05,True,0.0592741930549671,0.0,0.0592741930549671,2746794.3562993007
2020-06-08,True,0.0222492975227284,0.0,0.0222492975227284,2807908.601166355
2020-06-09,True,0.0223094709220952,0.0,0.0223094709220952,2870551.556455977
2020-06-10,True,0.0360866609094987,0.0,0.0360866609094987,2974140.1770970374
2020-06-11,True,-0.1472309858687943,0.0,-0.1472309858687943,2536254.58671105
2020-06-12,True,0.021687017152151,0.0,0.021687017152151,2591258.383435274
2020-06-15,True,0.0352592285862765,0.0,0.0352592285862765,2682624.155102924
2020-06-16,True,0.0528533352792581,0.0,0.0528533352792581,2824409.7890008152
2020-06-17,True,0.0097372196022027,0.0,0.0097372196022027,2851911.6873629275
2020-06-18,True,0.0077145365569426,0.0,0.0077145365569426,2873912.8643322606
2020-06-19,True,-0.0013823464439103,0.0,-0.0013823464439103,2869940.1211041426
2020-06-22,True,0.0355624517186605,0.0,0.0355624517186605,2972002.2280963557
2020-06-23,True,0.0261154543835122,0.0,0.0261154543835122,3049617.4167119027
2020-06-24,True,-0.0589179792268788,0.0,-0.0589179792268788,2869940.121104143
2020-06-25,True,0.0265121164846771,0.0,0.0265121164846771,2946028.3078989047
2020-06-26,True,-0.0718806386341126,0.0,-0.0718806386341126,2734265.9116929574
2020-06-29,True,0.0319625111843258,0.0,0.0319625111843258,2821659.9164763642
2020-06-30,True,0.0575047445495098,0.0,0.0575047445495098,2983918.749178929
2020-07-01,True,0.0357398542053788,0.0,0.0357398542053788,3090563.5702352803
2020-07-02,True,0.0212577486124978,0.0,0.0212577486124978,3156261.993682286
2020-07-06,True,0.0734823381804143,0.0,0.0734823381804143,3388191.5048880363
2020-07-07,True,-0.0196609212211676,0.0,-0.0196609212211676,3321576.538628204
2020-07-08,True,0.0384545404308453,0.0,0.0384545404308453,3449306.2379270294
2020-07-09,True,0.0249823055152871,0.0,0.0249823055152871,3535477.8601787086
2020-07-10,True,0.0211755828275073,0.0,0.0211755828275073,3610343.664441741
2020-07-13,True,-0.0617859348065843,0.0,-0.0617859348065843,3387275.206161179
2020-07-14,True,0.0211998859151139,0.0,0.0211998859151139,3459085.05409489
2020-07-15,True,0.0049469413618872,0.0,0.0049469413618872,3476196.945023278
2020-07-16,True,-0.0214487170097988,0.0,-0.0214487170097988,3401636.9804791464
2020-07-17,True,0.0046712075902908,0.0,0.0046712075902908,3417526.7329617743
2020-07-20,True,0.0851215927865107,0.0,0.0851215927865107,3708432.051861961
2020-07-21,True,-0.0319708126148257,0.0,-0.0319708126148257,3589870.4656370687
2020-07-22,True,0.0115761437676076,0.0,0.0115761437676076,3631427.322254372
2020-07-23,True,-0.0783404940710758,0.0,-0.0783404940710758,3346939.511645761
2020-07-24,True,-0.0295808077721527,0.0,-0.0295808077721527,3247934.337326745
2020-07-27,True,0.053720890769471,0.0,0.053720890769471,3422416.2630886897
2020-07-28,True,-0.0375893743800528,0.0,-0.0375893743800528,3293769.7768910676
2020-07-29,True,0.0340476298811156,0.0,0.0340476298811156,3405914.8311682595
2020-07-30,True,0.0162392176841912,0.0,0.0162392176841912,3461224.223525416
2020-07-31,True,0.0539418317560449,0.0,0.0539418317560449,3647928.9982607714
2020-08-03,True,0.0372757575427076,0.0,0.0372757575427076,3783908.3151329523
2020-08-04,True,0.0130017631510146,0.0,0.0130017631510146,3833105.794831466
2020-08-05,True,0.007971960116702,0.0,0.007971960116702,3863663.1613509622
2020-08-06,True,0.0382790363171443,0.0,0.0382790363171443,4011560.463821528
2020-08-07,True,-0.0326783685409537,0.0,-0.0326783685409537,3880469.212560449
2020-08-10,True,-0.0134655632882733,0.0,-0.0134655632882733,3828216.50879052
2020-08-11,True,-0.05675277160265,0.0,-0.05675277160265,3610954.6116216374
2020-08-12,True,0.0748073751526148,0.0,0.0748073751526148,3881080.6479122816
2020-08-13,True,0.007007467579881,0.0,0.007007467579881,3908277.1947274306
2020-08-14,True,-0.0028929755191892,0.0,-0.0028929755191892,3896970.6444808785
2020-08-17,True,0.0330118581452107,0.0,0.0330118581452107,4025616.886592532
2020-08-18,True,0.0293761106104495,0.0,0.0293761106104495,4143873.8535283674
2020-08-19,True,-0.0195414908122161,0.0,-0.0195414908122161,4062896.38069266
2020-08-20,True,0.0411400180831282,0.0,0.0411400180831282,4230044.011264233
2020-08-21,True,0.0208772693123078,0.0,0.0208772693123078,4318355.779290311
2020-08-24,True,0.018539509446841,0.0,0.018539509446841,4398415.977055284
2020-08-25,True,0.0233430222265926,0.0,0.0233430222265926,4501088.298969487
2020-08-26,True,0.06401868140199,0.0,0.06401868140199,4789242.03674344
2020-08-27,True,-0.0090599276453423,0.0,-0.0090599276453423,4745851.850414513
2020-08-28,True,0.0154531916856766,0.0,0.0154531916856766,4819190.40877079
2020-08-31,True,0.0231434396903051,0.0,0.0231434396903051,4930723.051352275
2020-09-01,True,0.0519335803338922,0.0,0.0519335803338922,5186793.153043853
2020-09-02,True,0.0282197597330278,0.0,0.0282197597330278,5333163.209607664
2020-09-03,True,-0.1535553536900202,0.0,-0.1535553536900202,4514227.4466697555
2020-09-04,True,-0.0412237942522759,0.0,-0.0412237942522759,4328133.863200264
2020-09-08,True,-0.1413441885819348,0.0,-0.1413441885819348,3716377.2942322283
2020-09-09,True,0.0859232652181938,0.0,0.0859232652181938,4035700.5661354177
2020-09-10,True,-0.0578481306109236,0.0,-0.0578481306109236,3802242.832679038
2020-09-11,True,-0.0218595774899063,0.0,-0.0218595774899063,3719127.4108426496
2020-09-14,True,0.0515159293289335,0.0,0.0515159293289335,3910721.715704919
2020-09-15,True,0.0425065611744122,0.0,0.0425065611744122,4076953.047549633
2020-09-16,True,-0.0480438203121019,0.0,-0.0480438203121019,3881080.647912282
2020-09-17,True,-0.0460593419085956,0.0,-0.0460593419085956,3702320.6273752567
2020-09-18,True,-0.0386263910030661,0.0,-0.0386263910030661,3559313.3432035428
2020-09-21,True,0.0118472423799627,0.0,0.0118472423799627,3601481.3910867106
2020-09-22,True,0.0546412459909273,0.0,0.0546412459909273,3798270.821708827
2020-09-23,True,-0.0925986368275816,0.0,-0.0925986368275816,3446556.1213166113
2020-09-24,True,0.0146289850997733,0.0,0.0146289850997733,3496975.7394608846
2020-09-25,True,0.0700803109133778,0.0,0.0700803109133778,3742044.886538843
2020-09-28,True,0.059284717975157,0.0,0.059284717975157,3963890.962287677
2020-09-29,True,-0.0104840393619771,0.0,-0.0104840393619771,3922333.3734124675
2020-09-30,True,0.0197881386915252,0.0,0.0197881386915252,3999949.0501999515
2020-10-01,True,0.0468293439007632,0.0,0.0468293439007632,4187264.0398572967
2020-10-02,True,-0.0824635027922676,0.0,-0.0824635027922676,3841967.5800145627
2020-10-05,True,0.06307178748357,0.0,0.06307178748357,4084287.342740007
2020-10-06,False,-0.006118915695848483,0.0005011642813372923,-0.006620079977185775,4057249.033881261
2020-10-07,False,0.0010508851201215701,6.99117787499648e-07,0.0010501860023340705,4061509.900024626
2020-10-08,False,0.0002196867703485006,6.564702438970199e-07,0.00021903030010460357,4062399.4937569066
2020-10-09,True,0.0444888625880499,0.0005,0.0439888625880499,4241099.826865542
2020-10-12,False,0.00031610583314421606,0.0005005837978192465,-0.00018447796467503045,4240317.437401498
2020-10-13,False,-0.006457018989613108,1.5553436398855204e-06,-0.006458574333252994,4212931.032035451
2020-10-14,False,0.0015915909820316864,2.648436409214139e-07,0.0015913261383907649,4219635.179305968
2020-10-15,False,0.0020020401280949006,3.3300666198227134e-07,0.0020017071214329185,4228081.653094233
2020-10-16,False,-0.0003058641918488908,6.12831475178724e-07,-0.00030647702332406955,4226785.843214821
2020-10-19,False,0.0021704658896560436,7.749071089430265e-07,0.0021696909825471007,4235956.662344002
2020-10-20,False,0.0009024836088721333,6.52480790359608e-07,0.0009018311280817737,4239776.77991931
2020-10-21,False,0.00732047160114474,1.2112119574532872e-06,0.007319260389187287,4270808.810163569
2020-10-22,False,-0.007381281787600801,8.241036416077319e-07,-0.007382105891242409,4239281.24728569
2020-10-23,False,0.0016045979302013276,5.733137402587906e-07,0.0016040246164610687,4246081.158762438
2020-10-26,False,0.0012126231729529006,2.8572172938043375e-07,0.00121233745122352,4251228.841972141
2020-10-27,False,0.0006988173143921139,3.428965969863446e-07,0.0006984744177951275,4254198.216562451
2020-10-28,False,-0.0056544812882661265,1.7581015819198715e-06,-0.005656239389848047,4230135.453037709
2020-10-29,False,-0.0038040046619934272,3.6082571757088677e-07,-0.003804365487710998,4214042.47171183
2020-10-30,False,0.0009333647233193756,6.040455809956935e-07,0.00093276067773838,4217973.164823762
2020-11-02,False,0.0035004392433048894,1.030472866623347e-06,0.003499408770438266,4232733.57711022
2020-11-03,False,0.0009417584099285248,7.884638421744167e-07,0.0009409699460863504,4236716.45219607
2020-11-04,True,0.1351700864205258,0.0005,0.1346700864205258,4807275.422952578
2020-11-05,True,0.0771701279396337,0.0,0.0771701279396337,5178253.482382885
2020-11-06,True,0.0033800920676729,0.0,0.0033800920676729,5195756.455903088
2020-11-09,True,-0.061030286799507,0.0,-0.061030286799507,4878657.949258933
2020-11-10,True,-0.0539532602712755,0.0,-0.0539532602712755,4615438.447148039
2020-11-11,True,0.0672166651145198,0.0,0.0672166651145198,4925672.827606668
2020-11-12,True,-0.0146312882416764,0.0,-0.0146312882416764,4853603.888681761
2020-11-13,True,0.0262324384356866,0.0,0.0262324384356866,4980925.753882815
2020-11-16,True,0.0230121051111447,0.0,0.0230121051111447,5095547.340881974
2020-11-17,True,-0.009226874309714,0.0,-0.009226874309714,5048531.366028459
2020-11-18,True,-0.0231799251965515,0.0,-0.0231799251965515,4931506.786611475
2020-11-19,True,0.0247741260122764,0.0,0.0247741260122764,5053680.557173384
2020-11-20,True,-0.0203045393413671,0.0,-0.0203045393413671,4951067.901481555
2020-11-23,True,0.0002079589592218,0.0,0.0002079589592218,4952097.520409384
2020-11-24,True,0.0408873240715257,0.0,0.0408873240715257,5154575.536560162
2020-11-25,True,0.018841562714287,0.0,0.018841562714287,5251695.79479779
2020-11-27,True,0.0273147435746197,0.0,0.0273147435746197,5395144.5187646
2020-11-30,True,0.0051523213035611,0.0,0.0051523213035611,5422942.036804422
2020-12-01,True,0.0392988192166561,0.0,0.0392988192166561,5636057.255531204
2020-12-02,True,0.0040187618093017,0.0,0.0040187618093017,5658707.22718477
2020-12-03,True,0.0040634239045396,0.0,0.0040634239045396,5681700.953400504
2020-12-04,True,0.0122611700826522,0.0,0.0122611700826522,5751365.255148915
2020-12-07,True,0.0169461441280658,0.0,0.0169461441280658,5848828.719695818
2020-12-08,True,0.0091534386277172,0.0,0.0091534386277172,5902365.614425584
2020-12-09,True,-0.0669807051459012,0.0,-0.0669807051459012,5507021.003542438
2020-12-10,True,0.0122763578266809,0.0,0.0122763578266809,5574627.163940973
2020-12-11,True,-0.0070179096448312,0.0,-0.0070179096448312,5535504.934200813
2020-12-14,True,0.0213268252853155,0.0,0.0213268252853155,5653559.680798517
2020-12-15,True,0.0310790697710501,0.0,0.0310790697710501,5829267.05657285
2020-12-16,True,0.016778835943803,0.0,0.016778835943803,5927075.372187701
2020-12-17,True,0.0204965533674434,0.0,0.0204965533674434,6048559.988866606
2020-12-18,True,-0.01089361388931,0.0,-0.01089361388931,5982669.311761565
2020-12-21,True,-0.0037286556275684,0.0,-0.0037286556275684,5960361.998164384
2020-12-22,True,0.0078882912436821,0.0,0.0078882912436821,6007379.069523679
2020-12-23,True,-0.0150815245415071,0.0,-0.0150815245415071,5916778.6346565215
2020-12-24,True,0.0129922356813958,0.0,0.0129922356813958,5993650.817152627
2020-12-28,True,0.0300027240444211,0.0,0.0300027240444211,6173476.668638276
2020-12-29,True,0.0029464652363637,0.0,0.0029464652363637,6191666.603029922
2020-12-30,True,-0.0001662910802279,0.0,-0.0001662910802279,6190636.984102094
2020-12-31,True,0.0078163607334744,0.0,0.0078163607334744,6239025.235939824
2021-01-04,True,-0.0437292961556283,0.0,-0.0437292961556283,5966197.053674973
2021-01-05,True,0.0250790304422847,0.0,0.0250790304422847,6115823.491208756
2021-01-06,True,-0.0413557405150678,0.0,-0.0413557405150678,5862899.081870371
2021-01-07,True,0.072231293949589,0.0,0.072231293949589,6286383.868849725
2021-01-08,True,0.0387597054720425,0.0,0.0387597054720425,6530042.2560905395
2021-01-11,True,-0.0441977966085614,0.0,-0.0441977966085614,6241428.776610539
2021-01-12,True,-0.0043439095273587,0.0,-0.0043439095273587,6214316.574683489
2021-01-13,True,0.019438959597126,0.0,0.019438959597126,6335116.423502512
2021-01-14,True,-0.0152220244932561,0.0,-0.0152220244932561,6238683.126136329
2021-01-15,True,-0.0243139965728719,0.0,-0.0243139965728719,6086995.805988217
2021-01-19,True,0.0433557819643499,0.0,0.0433557819643499,6350902.268970555
2021-01-20,True,0.0697073142601814,0.0,0.0697073142601814,6793606.609269383
2021-01-21,True,0.0248534181923651,0.0,0.0248534181923651,6962450.955363972
2021-01-22,True,-0.0090695250194852,0.0,-0.0090695250194852,6899304.8322273595
2021-01-25,True,0.0277557549507654,0.0,0.0277557549507654,7090800.246481295
2021-01-26,True,0.0010646812822072,0.0,0.0010646812822072,7098349.688779593
2021-01-27,True,-0.0806419572142833,0.0,-0.0806419572142833,6525924.876885008
2021-01-28,True,0.0147245316756627,0.0,0.0147245316756627,6622016.064447697
2021-01-29,True,-0.0622927860377499,0.0,-0.0622927860377499,6209512.234606515
2021-02-01,True,0.0735050326681969,0.0,0.0735050326681969,6665942.634264835
2021-02-02,True,0.0483937269328382,0.0,0.0483937269328382,6988532.4418574115
2021-02-03,True,-0.011490781219674,0.0,-0.011490781219674,6908228.744521434
2021-02-04,True,0.0353698703585159,0.0,0.0353698703585159,7152571.89962213
2021-02-05,True,0.0104597398245209,0.0,0.0104597398245209,7227385.940768357
2021-02-08,True,0.0195631703877019,0.0,0.0195631703877019,7368776.523385291
2021-02-09,True,-0.0004656087175523,0.0,-0.0004656087175523,7365345.556798307
2021-02-10,True,-0.0070824399674502,0.0,-0.0070824399674502,7313180.939052758
2021-02-11,True,0.0161426606737429,0.0,0.0161426606737429,7431235.137397571
2021-02-12,True,0.0169945640501938,0.0,0.0169945640501938,7557525.738912124
2021-02-16,True,-0.0083551787396269,0.0,-0.0083551787396269,7494381.260534183
2021-02-17,True,-0.0139208475467772,0.0,-0.0139208475467772,7390053.121548862
2021-02-18,True,-0.0134669675927746,0.0,-0.0134669675927746,7290531.515652081
2021-02-19,True,-0.0131801966843571,0.0,-0.0131801966843571,7194440.876342283
2021-02-22,True,-0.0774660380662627,0.0,-0.0774660380662627,6637116.045550074
2021-02-23,True,-0.0088936512896686,0.0,-0.0088936512896686,6578087.849871889
2021-02-24,True,0.0241028021282729,0.0,0.0241028021282729,6736638.199699747
2021-02-25,True,-0.1044320370393731,0.0,-0.1044320370393731,6033117.349707847
2021-02-26,True,0.0150170025063021,0.0,0.0150170025063021,6123716.688069224
2021-03-01,True,0.0872002364293298,0.0,0.0872002364293298,6657706.231095094
2021-03-02,True,-0.0479381759534631,0.0,-0.0479381759534631,6338547.93834239
2021-03-03,True,-0.086735139591733,0.0,-0.086735139591733,5788773.098101372
2021-03-04,True,-0.049442718728708,0.0,-0.049442718728708,5502560.418027634
2021-03-05,True,0.044779887724222,0.0,0.044779887724222,5748964.45574266
2021-03-08,True,-0.085482490321355,0.0,-0.085482490321355,5257528.657296824
2021-03-09,True,0.1177547980339128,0.0,0.1177547980339128,5876627.882494321
2021-03-10,True,-0.0085263060967398,0.0,-0.0085263060967398,5826521.954351539
2021-03-11,True,0.0693839106049578,0.0,0.0693839106049578,6230788.832770091
2021-03-12,True,-0.0248952731977522,0.0,-0.0248952731977522,6075671.642540775
2021-03-15,True,0.0319701227535622,0.0,0.0319701227535622,6269911.610763141
2021-03-16,True,0.0164201869385083,0.0,0.0164201869385083,6372864.731499795
2021-03-17,True,0.01260122311252,0.0,0.01260122311252,6453170.621847334
2021-03-18,True,-0.091788938498153,0.0,-0.091788938498153,5860840.940520502
2021-03-19,True,0.0127649758204653,0.0,0.0127649758204653,5935654.43341384
2021-03-22,True,0.0533069351193231,0.0,0.0533069351193231,6252065.979186554
2021-03-23,True,-0.0130638375525941,0.0,-0.0130638375525941,6170390.004866361
2021-03-24,True,-0.0505004957065715,0.0,-0.0505004957065715,5858782.250917735
2021-03-25,True,-0.0053891547074813,0.0,-0.0053891547074813,5827208.366970094
2021-03-26,True,0.044169801970836,0.0,0.044169801970836,6084595.006581962
2021-03-29,True,-0.0005642379804785,0.0,-0.0005642379804785,6081161.846983419
2021-03-30,True,-0.0142211986918011,0.0,-0.0142211986918011,5994680.436080467
2021-03-31,True,0.0448821271187742,0.0,0.0448821271187742,6263734.44544906
2021-04-01,True,0.0508437710614535,0.0,0.0508437710614535,6582206.325583212
2021-04-05,True,0.060062544848171,0.0,0.060062544848171,6977550.388213469
2021-04-06,True,-0.0023609080086616,0.0,-0.0023609080086616,6961077.033621096
2021-04-07,True,0.0073951494687338,0.0,0.0073951494687338,7012555.238748095
2021-04-08,True,0.0312224531967719,0.0,0.0312224531967719,7231504.416479685
2021-04-09,True,0.0181282324933516,0.0,0.0181282324933516,7362598.809818328
2021-04-12,True,-0.0039152735955568,0.0,-0.0039152735955568,7333772.221103569
2021-04-13,True,0.0342537126149102,0.0,0.0342537126149102,7584981.147148463
2021-04-14,True,-0.035110028882193,0.0,-0.035110028882193,7318672.24000119
2021-04-15,True,0.0441713553165195,0.0,0.0441713553165195,7641947.911959431
2021-04-16,True,0.0042213321043353,0.0,0.0042213321043353,7674207.112019844
2021-04-19,True,-0.0272783815017009,0.0,-0.0272783815017009,7464867.1626951005
2021-04-20,True,-0.0218829873109329,0.0,-0.0218829873109329,7301513.569296045
2021-04-21,True,0.0252865641911597,0.0,0.0252865641911597,7486143.760858673
2021-04-22,True,-0.0363986496803812,0.0,-0.0363986496803812,7213658.236650207
2021-04-23,True,0.0376784015368225,0.0,0.0376784015368225,7485457.348240121
2021-04-26,True,0.0198056981564813,0.0,0.0198056981564813,7633712.05704258
2021-04-27,True,-0.0131271085442338,0.0,-0.0131271085442338,7533503.490274357
2021-04-28,True,-0.0102950834179467,0.0,-0.0102950834179467,7455945.443412589
2021-04-29,True,0.0100339983987605,0.0,0.0100339983987605,7530758.388053036
2021-04-30,True,-0.0187750788607476,0.0,-0.0187750788607476,7389367.805436105
2021-05-03,True,-0.0163478663199097,0.0,-0.0163478663199097,7268567.408364191
2021-05-04,True,-0.0526911511212623,0.0,-0.0526911511212623,6885578.224614991
2021-05-05,True,-0.0116627523821717,0.0,-0.0116627523821717,6805273.430773232
2021-05-06,True,0.021886133295909,0.0,0.021886133295909,6954214.552194244
2021-05-07,True,0.0244768363204992,0.0,0.0244768363204992,7124431.723525936
2021-05-10,True,-0.0751444174823589,0.0,-0.0751444174823589,6589070.451768741
2021-05-11,True,-0.0050001227294531,0.0,-0.0050001227294531,6556124.290836885
2021-05-12,True,-0.0761097060329755,0.0,-0.0761097060329755,6057139.598345639
2021-05-13,True,0.0210764299593884,0.0,0.0210764299593884,6184802.4768444095
2021-05-14,True,0.0650319610173983,0.0,0.0650319610173983,6587012.310418864
2021-05-17,True,-0.0168805309495128,0.0,-0.0168805309495128,6475820.045248017
2021-05-18,True,-0.0209855635990602,0.0,-0.0209855635990602,6339921.311832395
2021-05-19,True,0.0036806904405559,0.0,0.0036806904405559,6363256.599598734
2021-05-20,True,0.0578148691078546,0.0,0.0578148691078546,6731147.447004226
2021-05-21,True,-0.0165189839909752,0.0,-0.0165189839909752,6619955.73008627
2021-05-24,True,0.0500779360774263,0.0,0.0500779360774263,6951469.449972922
2021-05-25,True,0.004837880793532,0.0,0.004837880793532,6985099.830511771
2021-05-26,True,0.010120909815219,0.0,0.010120909815219,7055795.395946682
2021-05-27,True,-0.0116730900727295,0.0,-0.0116730900727295,6973432.460755046
2021-05-28,True,0.0097441131527562,0.0,0.0097441131527562,7041382.375715747
2021-06-01,True,-0.0097474864542328,0.0,-0.0097474864542328,6972746.596389384
2021-06-02,True,0.0052168869914037,0.0,0.0052168869914037,7009122.6274024425
2021-06-03,True,-0.0314336065554535,0.0,-0.0314336065554535,6788800.6244337475
2021-06-04,True,0.051258910885332,0.0,0.051258910885332,7136787.150659884
2021-06-07,True,0.0088477457776086,0.0,0.0088477457776086,7199931.629037826
2021-06-08,True,0.0011438796006943,0.0,0.0011438796006943,7208167.483954677
2021-06-09,True,0.0011426486951191,0.0,0.0011426486951191,7216403.887124418
2021-06-10,True,0.0306258378888095,0.0,0.0306258378888095,7437412.302711666
2021-06-11,True,0.0079365839922274,0.0,0.0079365839922274,7496439.950136962
2021-06-14,True,0.0280168137596379,0.0,0.0280168137596379,7706466.312080259
2021-06-15,True,-0.0185252163995239,0.0,-0.0185252163995239,7563702.355973332
2021-06-16,True,-0.0107077336128343,0.0,-0.0107077336128343,7482712.246018803
2021-06-17,True,0.0373325998590592,0.0,0.0373325998590592,7762061.3481599055
2021-06-18,True,-0.0238746636839082,0.0,-0.0238746636839082,7576744.743978725
2021-06-21,True,0.0182988189625623,0.0,0.0182988189625623,7715390.224374337
2021-06-22,True,0.0279333332622737,0.0,0.0279333332622737,7930906.790760275
2021-06-23,True,0.0017306357858841,0.0,0.0017306357858841,7944632.301866876
2021-06-24,True,0.0184018609854779,0.0,0.0184018609854779,8090828.321066568
2021-06-25,True,-0.0031387483292365,0.0,-0.0031387483292365,8065433.247191681
2021-06-28,True,0.0354012312425502,0.0,0.0354012312425502,8350959.514646865
2021-06-29,True,0.0112598861288129,0.0,0.0112598861288129,8444990.367848115
2021-06-30,True,-0.0043886898643148,0.0,-0.0043886898643148,8407927.924216503
2021-07-01,True,0.0004897672167913,0.0,0.0004897672167913,8412045.85167493
2021-07-02,True,0.0339426780352267,0.0,0.0339426780352267,8697573.215635898
2021-07-06,True,0.0134152681108987,0.0,0.0134152681108987,8814253.492237825
2021-07-07,True,0.0063853390421151,0.0,0.0063853390421151,8870535.489188911
2021-07-08,True,-0.0173320893008633,0.0,-0.0173320893008633,8716790.575943813
2021-07-09,True,0.0169291376964209,0.0,0.0169291376964209,8864358.32387483
2021-07-12,True,0.0125435611185416,0.0,0.0125435611185416,8975548.944287006
2021-07-13,True,-0.0005355141082037,0.0,-0.0005355141082037,8970742.411198467
2021-07-14,True,0.005432571483785,0.0,0.005432571483785,9019476.610609924
2021-07-15,True,-0.0206985985976676,0.0,-0.0206985985976676,8832786.084685858
2021-07-16,True,-0.0245552855639339,0.0,-0.0245552855639339,8615894.500051256
2021-07-19,True,-0.0239782126622387,0.0,-0.0239782126622387,8409300.749453614
2021-07-20,True,0.0329741228544562,0.0,0.0329741228544562,8686590.065486168
2021-07-21,True,0.0228350183948251,0.0,0.0228350183948251,8884948.509419851
2021-07-22,True,0.0210117518086434,0.0,0.0210117518086434,9071636.842332358
2021-07-23,True,0.0332148668058385,0.0,0.0332148668058385,9372950.051761365
2021-07-26,True,0.0041743014783428,0.0,0.0041743014783428,9412075.571018865
2021-07-27,True,-0.0326699480026035,0.0,-0.0326699480026035,9104583.551517107
2021-07-28,True,0.010931235525281,0.0,0.010931235525281,9204107.89867834
2021-07-29,True,0.0049215901530075,0.0,0.0049215901530075,9249406.745479694
2021-07-30,True,-0.0149893063083237,0.0,-0.0149893063083237,9110764.554601423
2021-08-02,True,-0.0003017244024996,0.0,-0.0003017244024996,9108015.614609871
2021-08-03,True,0.0174079023403641,0.0,0.0174079023403641,9266567.06094351
2021-08-04,True,0.0049623730785846,0.0,0.0049623730785846,9312551.223857636
2021-08-05,True,0.0187943294979096,0.0,0.0187943294979096,9487574.380024977
2021-08-06,True,-0.0130218214207991,0.0,-0.0130218214207991,9364028.880731743
2021-08-09,True,0.0053506600384711,0.0,0.0053506600384711,9414132.615862964
2021-08-10,True,-0.014945999539926,0.0,-0.014945999539926,9273428.994117474
2021-08-11,True,-0.005402935113107,0.0,-0.005402935113107,9223325.258986253
2021-08-12,True,0.0104183991532607,0.0,0.0104183991532607,9319417.543054724
2021-08-13,True,0.0100160062198824,0.0,0.0100160062198824,9412760.88713164
2021-08-16,True,0.0017499339493709,0.0,0.0017499339493709,9429232.596965343
2021-08-17,True,-0.0262772889938374,0.0,-0.0262772889938374,9181457.927024772
2021-08-18,True,-0.0290799585854144,0.0,-0.0290799585854144,8914461.510753166
2021-08-19,True,0.0142438739263219,0.0,0.0142438739263219,9041437.976633385
2021-08-20,True,0.0308966559709675,0.0,0.0308966559709675,9320788.175280267
2021-08-23,True,0.044551074143639,0.0,0.044551074143639,9736039.300354332
2021-08-24,True,0.0098690753056316,0.0,0.0098690753056316,9832125.005388118
2021-08-25,True,0.0011173465968103,0.0,0.0011173465968103,9843110.896802302
2021-08-26,True,-0.0169446833937891,0.0,-0.0169446833937891,9676322.499046031
2021-08-27,True,0.0292241460293953,0.0,0.0292241460293953,9959104.760785677
2021-08-30,True,0.0331496007248157,0.0,0.0331496007248157,10289245.107182333
2021-08-31,True,-0.0028017831408553,0.0,-0.0028017831408553,10260416.8737089
2021-09-01,True,0.0054852984426403,0.0,0.0054852984426403,10316698.322407097
2021-09-02,True,-0.0013970043058002,0.0,-0.0013970043058002,10302285.850429052
2021-09-03,True,0.0089939290473373,0.0,0.0089939290473373,10394943.878393197
2021-09-07,True,0.004093854650544,0.0,0.004093854650544,10437499.267731903
2021-09-08,True,-0.0102583572656133,0.0,-0.0102583572656133,10330427.67128393
2021-09-09,True,-0.0106971227202407,0.0,-0.0106971227202407,10219921.818731636
2021-09-10,True,-0.0224982820026297,0.0,-0.0224982820026297,9989991.135608984
2021-09-13,True,-0.0022673213218098,0.0,-0.0022673213218098,9967340.615702525
2021-09-14,True,-0.0086075017486068,0.0,-0.0086075017486068,9881546.713923907
2021-09-15,True,0.0221573792109968,0.0,0.0221573792109968,10100495.891655497
2021-09-16,True,0.0019705738351827,0.0,0.0019705738351827,10120399.664581964
2021-09-17,True,-0.0353339367488501,0.0,-0.0353339367488501,9762806.102960542
2021-09-20,True,-0.0615156115626096,0.0,-0.0615156115626096,9162241.114969745
2021-09-21,True,0.0012734187640688,0.0,0.0012734187640688,9173908.484726472
2021-09-22,True,0.0292532947046453,0.0,0.0292532947046453,9442275.533223622
2021-09-23,True,0.0277675424482952,0.0,0.0277675424482952,9704464.319900908
2021-09-24,True,0.0028290393807977,0.0,0.0028290393807977,9731918.631631454
2021-09-27,True,-0.0241200614012316,0.0,-0.0241200614012316,9497184.156684712
2021-09-28,True,-0.0833996146313545,0.0,-0.0833996146313545,8705122.657934202
2021-09-29,True,-0.0066229653444185,0.0,-0.0066229653444185,8647468.932251792
2021-09-30,True,-0.0112708772724442,0.0,-0.0112708772724442,8550004.371199107
2021-10-01,True,0.0182226984147035,0.0,0.0182226984147035,8705808.522299867
2021-10-04,True,-0.0614947216431273,0.0,-0.0614947216431273,8170447.250542671
2021-10-05,True,0.0384743084775656,0.0,0.0384743084775656,8484799.558459729
2021-10-06,True,0.019738022620602,0.0,0.019738022620602,8652272.724075882
2021-10-07,True,0.0270505355118793,0.0,0.0270505355118793,8886321.334656961
2021-10-08,True,-0.0153703303249203,0.0,-0.0153703303249203,8749735.640369898
2021-10-11,True,-0.0221995868742663,0.0,-0.0221995868742663,8555495.123894643
2021-10-12,True,-0.0101884547891524,0.0,-0.0101884547891524,8468327.848626029
2021-10-13,True,0.0234235669047537,0.0,0.0234235669047537,8666686.29255971
2021-10-14,True,0.0551992411859796,0.0,0.0551992411859796,9145080.799505934
2021-10-15,True,0.0185379180818501,0.0,0.0185379180818501,9314611.558219075
2021-10-18,True,0.029990536578027,0.0,0.029990536578027,9593961.75686596
2021-10-19,True,0.0219631189027766,0.0,0.0219631189027766,9804675.0796807
2021-10-20,True,-0.0031503917859433,0.0,-0.0031503917859433,9773786.51184583
2021-10-21,True,0.0179074052779046,0.0,0.0179074052779046,9948809.66801317
2021-10-22,True,-0.025318978079825,0.0,-0.025318978079825,9696915.974108394
2021-10-25,True,0.0300112964707293,0.0,0.0300112964707293,9987932.994259112
2021-10-26,True,0.0093458313288776,0.0,0.0093458313288776,10081278.531347591
2021-10-27,True,0.0078975384391828,0.0,0.0078975384391828,10160895.816065017
2021-10-28,True,0.0328290355031515,0.0,0.0328290355031515,10494468.22555444
2021-10-29,True,0.0147806438481603,0.0,0.0147806438481603,10649583.222772194
2021-11-01,True,0.0098609071742188,0.0,0.0098609071742188,10754597.77437607
2021-11-02,True,0.0133383115504051,0.0,0.0133383115504051,10898045.950089993
2021-11-03,True,0.0317420886002717,0.0,0.0317420886002717,11243972.690207582
2021-11-04,True,0.0372971827515047,0.0,0.0372971827515047,11663341.194487182
2021-11-05,True,0.0037071209024195,0.0,0.0037071209024195,11706578.610421317
2021-11-08,True,-0.0041040596808357,0.0,-0.0041040596808357,11658534.113145754
2021-11-09,True,-0.0206050500910327,0.0,-0.0206050500910327,11418309.43375637
2021-11-10,True,-0.0438207264514047,0.0,-0.0438207264514047,10917950.81952224
2021-11-11,True,0.0081096398236464,0.0,0.0081096398236464,11006491.46828085
2021-11-12,True,0.0317411596799175,0.0,0.0317411596799175,11355850.271491203
2021-11-15,True,-0.0003021320733328,0.0,-0.0003021320733328,11352419.30490422
2021-11-16,True,0.0206770441297332,0.0,0.0206770441297332,11587153.779850962
2021-11-17,True,0.0011848767296682,0.0,0.0011848767296682,11600883.128727796
2021-11-18,True,0.0305878194097939,0.0,0.0305878194097939,11955728.846863447
2021-11-19,True,0.016935602211404,0.0,0.016935602211404,12158206.314761333
2021-11-22,True,-0.0346619093901887,0.0,-0.0346619093901887,11736779.669131856
2021-11-23,True,-0.0136255335838175,0.0,-0.0136255335838175,11576859.783584233
2021-11-24,True,0.0092486651772369,0.0,0.0092486651772369,11683930.283526424
2021-11-26,True,-0.0551605573143068,0.0,-0.0551605573143068,11039438.177465599
2021-11-29,True,0.062111373707592,0.0,0.062111373707592,11725112.847628025
2021-11-30,True,-0.0429665278583198,0.0,-0.0429665278583198,11221325.459818471
2021-12-01,True,-0.0513184217693031,0.0,-0.0513184217693031,10645464.74706089
2021-12-02,True,0.0188267333845941,0.0,0.0188267333845941,10845884.073608901
2021-12-03,True,-0.0502469085253073,0.0,-0.0502469085253073,10300911.928686187
2021-12-06,True,0.0233876751100428,0.0,0.0233876751100428,10541826.310211463
2021-12-07,True,0.0901752004208853,0.0,0.0901752004208853,11492437.610536944
2021-12-08,True,0.0139153230561617,0.0,0.0139153230561617,11652358.59259035
2021-12-09,True,-0.0431761742234969,0.0,-0.0431761742234969,11149254.327882009
2021-12-10,True,0.0309654272700048,0.0,0.0309654272700048,11494495.751886824
2021-12-13,True,-0.042992734507754,0.0,-0.042992734507754,11000315.947725449
2021-12-14,True,-0.0297622993265156,0.0,-0.0297622993265156,10672921.251803
2021-12-15,True,0.0661735282257547,0.0,0.0661735282257547,11379186.107510442
2021-12-16,True,-0.0763011578695816,0.0,-0.0763011578695816,10510941.031893939
2021-12-17,True,-0.0152801248423327,0.0,-0.0152801248423327,10350332.540716203
2021-12-20,True,-0.0299073731341196,0.0,-0.0299073731341196,10040781.283358783
2021-12-21,True,0.0668534731247578,0.0,0.0668534731247578,10712042.385037381
2021-12-22,True,0.0356893203605228,0.0,0.0356893203605228,11094347.897432478
2021-12-23,True,0.0237561884068757,0.0,0.0237561884068757,11357907.316335311
2021-12-27,True,0.0478004347056275,0.0,0.0478004347056275,11900820.223402366
2021-12-28,True,-0.0117652489486247,0.0,-0.0117652489486247,11760804.11078121
2021-12-29,True,-0.0015759328216097,0.0,-0.0015759328216097,11742269.873574506
2021-12-30,True,-0.0093522080141879,0.0,-0.0093522080141879,11632453.723158106
2021-12-31,True,-0.0185862357506704,0.0,-0.0185862357506704,11416250.195900725
2022-01-03,True,0.0288584276474761,0.0,0.0288584276474761,11745705.226184612
2022-01-04,True,-0.038859530686362,0.0,-0.038859530686362,11289272.63351473
2022-01-05,True,-0.0919869304407285,0.0,-0.0919869304407285,10250807.097049192
2022-01-06,True,-0.002745113392234,0.0,-0.002745113392234,10222667.469205875
2022-01-07,True,-0.0326977011243974,0.0,-0.0326977011243974,9888409.74360368
2022-01-10,True,0.003678819619632,0.0,0.003678819619632,9924787.41937541
2022-01-11,True,0.043983363248051,0.0,0.043983363248051,10361312.949601486
2022-01-12,True,0.0113936431042336,0.0,0.0113936431042336,10479366.05144052
2022-01-13,True,-0.0725700542688098,0.0,-0.0725700542688098,9718877.88838476
2022-01-14,True,0.0151132188315246,0.0,0.0151132188315246,9865761.416708782
2022-01-18,True,-0.0720747700321924,0.0,-0.0720747700321924,9154688.931407021
2022-01-19,True,-0.034787603326424,0.0,-0.034787603326424,8836219.24428443
2022-01-20,True,-0.0386828234695555,0.0,-0.0386828234695555,8494409.335119486
2022-01-21,True,-0.0841951678490152,0.0,-0.0841951678490152,7779221.115370859
2022-01-24,True,0.0144696168773363,0.0,0.0144696168773363,7891783.464514361
2022-01-25,True,-0.0737519019520199,0.0,-0.0737519019520199,7309749.424212926
2022-01-26,True,-0.0018779992748713,0.0,-0.0018779992748713,7296021.720094763
2022-01-27,True,-0.029915086430353,0.0,-0.029915086430353,7077760.599740395
2022-01-28,True,0.0932891824295349,0.0,0.0932891824295349,7738039.099522152
2022-01-31,True,0.0968600246166995,0.0,0.0968600246166995,8487545.757186852
2022-02-01,True,0.0190846528904511,0.0,0.0190846528904511,8649527.621854585
2022-02-02,True,0.0236468997711727,0.0,0.0236468997711727,8854062.13459657
2022-02-03,True,-0.120309952045237,0.0,-0.120309952045237,7788830.343777709
2022-02-04,True,0.0345435704070167,0.0,0.0345435704070167,8057884.353146302
2022-02-07,True,-0.0226578386115735,0.0,-0.0226578386115735,7875310.10992199
2022-02-08,True,0.0339899926032285,0.0,0.0339899926032285,8142991.84230637
2022-02-09,True,0.0620364622537976,0.0,0.0620364622537976,8648154.248364592
2022-02-10,True,-0.0663492080397494,0.0,-0.0663492080397494,8074356.062980006
2022-02-11,True,-0.0941856114746428,0.0,-0.0941856114746428,7313867.899924246
2022-02-14,True,0.0028153002049875,0.0,0.0028153002049875,7334458.633722154
2022-02-15,True,0.0724313091578445,0.0,0.0724313091578445,7865703.074526706
2022-02-16,True,-0.0001746027630312,0.0,-0.0001746027630312,7864329.70103671
2022-02-17,True,-0.0886717255236505,0.0,-0.0886717255236505,7166986.016358891
2022-02-18,True,-0.0339016320557289,0.0,-0.0339016320557289,6924013.493483737
2022-02-22,True,-0.0309276105682744,0.0,-0.0309276105682744,6709870.300587794
2022-02-23,False,0.0031635075010183387,0.0005008274178355188,0.0026626800831828197,6727736.538597909
2022-02-24,False,0.003059959906751937,1.7862076251565634e-06,0.0030581736991267807,6748311.125534904
2022-02-25,False,-0.01091632672353936,2.9646418787771384e-06,-0.010919291365418136,6674624.350130695
2022-02-28,False,0.008904297439136276,2.4135892698837205e-07,0.008904056080209288,6734055.57965859
2022-03-01,False,0.015417808359712607,1.3455543801572379e-06,0.015416462805332449,6837870.897031439
2022-03-02,False,0.0019190786805095828,4.009126390930748e-06,0.001915069554118652,6850965.895401336
2022-03-03,False,0.008864422637833191,1.6463357445179599e-06,0.008862776302088673,6911684.473585517
2022-03-04,False,0.011404212327350866,8.372388218732124e-07,0.011403375088528992,6990501.004131375
2022-03-07,False,0.010066590051011038,2.1054197988345238e-06,0.010064484631212203,7060856.794051928
2022-03-08,False,0.013339520762508673,3.0822107992616034e-06,0.013336438551709412,7155023.476808222
2022-03-09,False,-0.028356993868375608,4.243188815942822e-06,-0.02836123705719155,6952098.159832694
2022-03-10,False,0.0008619770863351667,5.973640234372552e-07,0.0008613797223117294,6958086.556215094
2022-03-11,False,0.002307224263180831,2.087313389373041e-06,0.002305136949791458,6974125.898635673
2022-03-14,False,-0.008408740122303466,1.1202485134276242e-06,-0.008409860370816893,6915474.473619649
2022-03-15,False,-0.011404642294292984,1.7678560653081322e-06,-0.011406410150358292,6836593.73538921
2022-03-16,False,-0.0019058101299722502,1.374985439517168e-06,-0.0019071851154117674,6823555.085576959
2022-03-17,False,0.008929244279037572,2.29463658291329e-06,0.008926949642454659,6884468.6182084195
2022-03-18,False,-0.0021226971620999517,1.1135562294293938e-06,-0.002123810718329381,6869847.309967066
2022-03-21,False,0.009324538067300388,3.186200474502063e-06,0.009321351866825886,6933883.574014636
2022-03-22,False,-0.0027215974248238155,9.227776667922599e-07,-0.0027225202024906076,6915005.935902663
2022-03-23,False,0.0079091747080624,9.508937301775516e-07,0.007908223814332222,6969691.350521217
2022-03-24,False,0.0035050201397760342,1.0447260172125745e-06,0.003503975413758822,6994112.977654931
2022-03-25,False,0.00015515257721822098,1.975501399663529e-06,0.00015317707581855746,6995184.3154287925
2022-03-28,False,-0.014264596694325152,2.4118366596297263e-06,-0.014267008530984782,6895383.961124758
2022-03-29,False,-0.0038195824658020295,1.8237020360192952e-06,-0.003821406167838049,6869033.8983261045
2022-03-30,False,0.007014856647529807,6.96564711239897e-07,0.007014160082818567,6917214.401703271
2022-03-31,False,-0.0030837282824168586,1.3301470984912466e-06,-0.00308505842951535,6895874.391104532
2022-04-01,False,-0.003960967248286492,6.761728398539113e-07,-0.003961643421126346,6868555.395690099
2022-04-04,False,0.005088228598812738,7.282563653325247e-07,0.0050875003424474055,6903499.17361779
2022-04-05,False,-0.0001731420257844353,2.3926045980377507e-06,-0.00017553463038247306,6902287.370442005
2022-04-06,False,0.0008658949250224696,3.0164327874111775e-07,0.0008655932817437285,6908261.944018522
2022-04-07,False,0.002378295413411662,3.9544209079113434e-07,0.0023778999713208707,6924689.099897081
2022-04-08,False,0.005399420493556409,1.3654819098375265e-06,0.005398055011646571,6962068.952596876
2022-04-11,False,0.0029709815074383437,9.667113776424263e-07,0.0029700147960607013,6982746.400397284
2022-04-12,False,0.008848035596577111,8.693024482310241e-07,0.008847166294128881,7044523.918991329
2022-04-13,False,0.00564751792406776,7.644298811995964e-07,0.005646753494186561,7084302.609045776
2022-04-14,False,0.00436337830957642,3.094268816300219e-06,0.00436028404076012,7115192.180651913
2022-04-18,False,0.007208665262915286,2.0305846511426835e-06,0.007206634678264144,7166468.771363514
2022-04-19,False,-0.012621737053950179,1.3266496680054279e-06,-0.012623063703618183,7076005.979532601
2022-04-20,False,-0.0018148136434528357,1.9026506825085277e-06,-0.0018167162941353442,7063150.884172185
2022-04-21,False,0.0021319578244433997,1.935547190947795e-06,0.002130022277252452,7078195.552903067
2022-04-22,False,-0.007478102080833969,1.4165748048956401e-06,-0.0074795186556388645,7025254.057216869
2022-04-25,False,-0.009804256266385557,2.2945767210829776e-06,-0.009806550843106639,6956360.546119031
2022-04-26,False,0.00788377840137528,1.5670162575118635e-06,0.007882211385117768,7011192.050414635
2022-04-27,False,0.0004954854981271458,1.8981452468689875e-06,0.0004935873528802768,7014652.686139333
2022-04-28,False,0.004061906273482101,9.900636149130505e-07,0.004060916209867188,7043138.602939066
2022-04-29,False,-0.004688406225036456,1.1355897351439244e-06,-0.004689541814771599,7010109.509953351
2022-05-02,False,-0.001141745919422149,3.5109662846657675e-06,-0.0011452568857068148,7002081.133767517
2022-05-03,False,0.0014137175241760661,2.056334495233736e-07,0.0014135118907265428,7011978.65870993
2022-05-04,False,0.006695153251901132,5.17765335194112e-07,0.006694635486565938,7058921.299869574
2022-05-05,False,0.003337510470460818,2.6947544836187916e-06,0.003334815715977199,7082461.501558225
2022-05-06,False,0.0010737205617343969,6.590312586559344e-07,0.001073061530475741,7090061.418536622
2022-05-09,False,-0.012781091115894145,3.1346162284529577e-06,-0.012784225732122598,6999420.472907437
2022-05-10,False,-0.004675536717528261,9.434326268263349e-07,-0.004676480150155087,6966687.822003297
2022-05-11,False,0.008250227532294985,9.025161146534039e-07,0.008249325016180331,7024158.294133268
2022-05-12,False,-0.002096060841029004,2.2109450886165366e-06,-0.0020982717861176207,7009419.700963464
2022-05-13,False,-0.003459040160983777,7.777780557497033e-07,-0.0034598179390395267,6985168.384939813
2022-05-16,False,0.008124742320105542,8.694359110911626e-07,0.008123872884194451,7041915.004973757
2022-05-17,False,-0.002331327727806681,1.22474323249179e-06,-0.002332552471039173,7025489.368728058
2022-05-18,False,-0.00413832034209588,1.9550371797813216e-06,-0.004140275379275662,6996401.90806735
2022-05-19,False,-0.0008823406671195055,3.22412132884424e-06,-0.0008855647884483497,6990206.140891734
2022-05-20,False,0.005311574103844437,1.1718466324659172e-06,0.005310402257211971,7027326.947360702
2022-05-23,False,0.0011373304022220417,8.216835827942887e-07,0.0011365087186392473,7035313.565705106
2022-05-24,False,0.0013672262367336624,1.7488133492946367e-06,0.0013654774233843679,7044920.127545506
2022-05-25,False,0.0006417594719800674,1.1112459193349383e-06,0.0006406482260607325,7049433.443127958
2022-05-26,False,-0.0014062994392444645,2.347133170802901e-07,-0.0014065341525615449,7039518.174233989
2022-05-27,False,-0.00030299297765348673,1.8789143350930737e-07,-0.00030318086908699606,7037383.926995972
2022-05-31,False,-0.005589178411502075,7.213368244132767e-07,-0.005589899748326488,6998045.65635358
2022-06-01,False,0.008313895725172061,2.4820485529506167e-06,0.00831141367661911,7056209.308731402
2022-06-02,False,5.165567085221289e-05,2.1934959719694116e-06,4.946217488024348e-05,7056558.324190224
2022-06-03,False,0.0016243701489308746,2.388724801915959e-06,0.0016219814241289585,7068003.930710343
2022-06-06,False,0.006595467264238413,3.7046548594428243e-06,0.00659176260937897,7114594.534743743
2022-06-07,False,0.0023664613107599436,6.903595464111262e-07,0.0023657709512135325,7131426.035823702
2022-06-08,False,-0.0008041591960558601,2.0585874254354375e-07,-0.0008043650547984036,7125689.765929606
2022-06-09,False,0.002411875062214574,1.4910911640368952e-06,0.002410383971050537,7142865.414324081
2022-06-10,False,0.005479523740963898,2.3427024703066847e-06,0.005477181038493591,7181988.181331928
2022-06-13,False,-0.0063871926135969795,4.2399467924341545e-06,-0.0063914325603894135,7136084.98822143
2022-06-14,False,-0.006173723933069097,3.068084311732139e-07,-0.00617403074150027,7092026.580130193
2022-06-15,False,-0.0037390772215161344,5.085836799610416e-06,-0.0037441630583157446,7065472.876200276
2022-06-16,False,0.007997785408026587,6.758630554081907e-07,0.007997109544971178,7121976.236778271
2022-06-17,False,-0.006782166233973247,9.746911580890417e-07,-0.006783140925131336,7073666.868298768
2022-06-21,False,0.0008777683188899727,1.2392841424932883e-06,0.0008765290347474794,7079867.142690963
2022-06-22,False,-0.00512080657638271,3.6921054618660327e-06,-0.005124498681844576,7043586.372850608
2022-06-23,False,-0.007044322238800805,1.9866072619146996e-06,-0.00704630884606272,6993955.087883584
2022-06-24,False,0.0007905053907961796,7.509887741928845e-07,0.0007897544020219868,6999478.594701784
2022-06-27,False,0.0005103746291318566,8.395090976669878e-07,0.0005095351200341896,7003045.074867711
2022-06-28,False,0.0035906596245720984,1.466291774565212e-06,0.003589193332797533,7028180.357559708
2022-06-29,False,-0.0026355751133534575,1.5631907210027775e-06,-0.0026371383040744603,7009646.073930844
2022-06-30,False,-0.013235985322978804,4.4732097852341614e-06,-0.013240458532764038,6916835.14575961
2022-07-01,False,0.004901328855070498,9.507372933213743e-07,0.004900378117777176,6950730.253352163
2022-07-05,False,-0.01642153066720709,3.1054261875044926e-06,-0.016424636093394594,6836567.038357506
2022-07-06,False,-0.010048643922877172,9.75392187244739e-07,-0.010049619315064416,6767862.142200096
2022-07-07,False,0.009063283658126696,3.6926518392424447e-06,0.009059591006287454,6829176.205195364
2022-07-08,False,0.0043218806354001936,2.0010383120351583e-06,0.004319879597088158,6858677.424149107
2022-07-11,False,0.003498648940197548,1.4713782296447292e-06,0.003497177561967903,6882663.436941618
2022-07-12,False,-0.011265427472194625,3.3333132870448783e-06,-0.01126876078548167,6805104.349103741
2022-07-13,False,0.004415737081725765,5.735036155103262e-07,0.004415163578110255,6835149.9979711445
2022-07-14,False,-0.0013773294526987633,2.524698917628243e-06,-0.0013798541516163916,6825718.487869523
2022-07-15,False,-0.0008744475412018476,4.670018821748417e-07,-0.0008749145430840225,6819746.567497489
2022-07-18,False,0.0018841054053858025,6.297958307067836e-07,0.0018834756095550958,6832591.393820719
2022-07-19,False,-0.0010494733681798902,5.734255744616612e-07,-0.001050046793754352,6825416.853134604
2022-07-20,False,-0.0050558450356633184,7.280452504083851e-07,-0.005056573080913727,6790903.634009029
2022-07-21,False,0.006278740809586579,1.697465522217223e-06,0.006277043344064362,6833530.430465068
2022-07-22,False,-0.003947102815089913,3.0207393663415487e-06,-0.003950123554456255,6806537.140951594
2022-07-25,False,0.003816674449464673,2.0377767280509025e-06,0.0038146366727366218,6832501.607143812
2022-07-26,False,0.0008141330866098155,6.271339150950156e-07,0.0008135059526947205,6838059.887873021
2022-07-27,False,7.151593488819175e-05,2.1500988894825048e-06,6.936583599870923e-05,6838534.215613753
2022-07-28,False,0.0015629871670487967,2.614744382593015e-06,0.0015603724226662037,6849204.875815256
2022-07-29,False,-0.00028890494066266824,8.804368724519424e-07,-0.00028978537753512017,6847220.076394503
2022-08-01,False,-0.004433209337689967,2.907354019371658e-06,-0.004436116691709339,6816845.009121802
2022-08-02,False,0.0017979827999376335,3.3093859809383147e-06,0.0017946734139566952,6829079.019626737
2022-08-03,False,0.0017403786674765303,1.4314731404777015e-07,0.0017402355201624824,6840963.225506688
2022-08-04,False,-0.0021539575466474003,4.116540595908075e-06,-0.0021580740872433083,6826199.920037936
2022-08-05,False,-0.0009608395071579214,3.2916359850906215e-06,-0.000964131143143012,6819618.568105709
2022-08-08,False,0.0027894564030251276,9.572392234231952e-07,0.0027884991638017042,6838635.068780318
2022-08-09,False,0.004854269512179661,1.419066549814857e-06,0.004852850445629846,6871821.9420213485
2022-08-10,False,-0.008358903958960185,2.5481490735522335e-06,-0.008361452108033737,6814363.531958201
2022-08-11,False,0.00778499848563178,3.6424769085113275e-06,0.007781356008723268,6867388.520573228
2022-08-12,False,0.0013911536753164816,1.3865966435359228e-06,0.0013897670786729456,6876932.591055577
2022-08-15,False,-0.003774908748703534,1.5210956783101442e-06,-0.0037764298443818444,6850962.337580912
2022-08-16,False,0.0016270828621693257,1.1502812533910473e-06,0.0016259325809159346,6862101.540456213
2022-08-17,False,0.0036506168464223916,3.080318795243342e-06,0.0036475365276271484,6887131.306481314
2022-08-18,False,0.005768251955434727,2.0269328149210148e-06,0.005766225022619806,6926844.055354814
2022-08-19,False,-0.0014182029999106817,1.5485633438315494e-06,-0.0014197515632545133,6917009.657678804
2022-08-22,False,-1.917707627892053e-05,1.5815598424069045e-06,-2.0758636121327434e-05,6916866.069992274
2022-08-23,False,0.0032950660654502413,7.077914394424539e-07,0.0032943582740107987,6939652.704960178
2022-08-24,False,0.0008390582796782379,6.229445600128697e-07,0.000838435335118225,6945471.155001465
2022-08-25,False,-6.253356557821826e-05,1.177984735989346e-06,-6.37115503142076e-05,6945028.648266517
2022-08-26,False,-0.002854969454448731,1.554059433432259e-06,-0.002856523513882163,6925190.010628158
2022-08-29,False,0.0025752723587981045,1.3971897959388357e-06,0.0025738751690021658,6943014.585237135
2022-08-30,False,-0.0030501929618702277,8.844286653804934e-07,-0.0030510773905356083,6921830.91041396
2022-08-31,False,-0.0019280242127674059,9.680815807966148e-07,-0.0019289922943482025,6908478.751924991
2022-09-01,False,-0.0027829713627877894,1.1904749514960872e-06,-0.0027841618377392853,6889244.429027048
2022-09-02,False,0.004565723354683637,7.574953781083749e-07,0.004564965859305529,6920693.594641966
2022-09-06,False,-0.0015731958719300838,1.7499523297695997e-06,-0.0015749458242598534,6909793.877164103
2022-09-07,False,-0.005408200865204736,4.338764767166922e-06,-0.005412539629971903,6872394.3439690145
2022-09-08,False,0.0007961379148694001,1.752581717434254e-06,0.0007943853331519659,6877853.6732395
2022-09-09,False,-0.00024837090242657594,9.222503052889464e-07,-0.0002492931527318649,6876139.07141327
2022-09-12,False,0.001498949798724329,5.939823868840038e-07,0.001498355816337445,6886441.9743848685
2022-09-13,False,0.002257516210961748,3.73032602669561e-06,0.0022537858849350522,6901962.54010416
2022-09-14,False,-0.0036178911521112258,4.4023123279002264e-07,-0.0036183313833440156,6876988.952438638
2022-09-15,False,-0.007437000821495027,1.8877294412703444e-06,-0.007438888550936298,6825831.798055425
2022-09-16,False,-0.00141353364831764,1.5632874847420763e-06,-0.0014150969358023822,6816172.584393696
2022-09-19,False,0.0039573354531218675,1.5144509009041713e-06,0.003955821002220963,6843136.143057804
2022-09-20,False,-0.002056935925791904,9.280649577850797e-07,-0.002057863990749689,6829053.899605207
2022-09-21,False,0.0012524025768889276,5.643883417399965e-07,0.0012518381885471875,6837602.77006838
2022-09-22,False,-0.0007578169092383628,1.3656943711663345e-06,-0.0007591826036095292,6832411.780994952
2022-09-23,False,-0.0007411530676491654,2.9690593720698295e-06,-0.0007441221270212352,6827327.632207792
2022-09-26,False,0.0007222590875378965,3.851841457913605e-06,0.0007184072460799829,6832232.433850133
2022-09-27,False,0.00043952759588367085,7.498015340211134e-07,0.00043877779434964975,6835230.265727943
2022-09-28,False,0.0013926017750278824,5.541050485762644e-06,0.0013870607245421197,6844711.145172735
2022-09-29,False,0.003061292845530542,1.550039401215661e-06,0.0030597428061293263,6865654.200859211
2022-09-30,False,-0.0005463722951430305,1.256732818756129e-07,-0.0005464979684249061,6861902.134786535
2022-10-03,False,0.0035045865305496694,4.046582822105183e-06,0.0035005399477275644,6885922.497326751
2022-10-04,False,-0.0010360236213396202,3.0705105178694683e-06,-0.0010390941318574897,6878767.375667353
2022-10-05,False,0.004710631711926955,3.4768498886690315e-06,0.004707154862038286,6911146.798964556
2022-10-06,False,0.0063530278927989535,2.9573737400071658e-06,0.006350070519058946,6955033.06850555
2022-10-07,False,-0.0016408768724001394,1.9566901663738286e-06,-0.0016428335625665133,6943607.106751849
2022-10-10,False,-0.003183334708155875,2.0094202588534782e-06,-0.0031853441284147286,6921489.328624338
2022-10-11,False,0.0013026145750754117,6.071067447264294e-07,0.0013020074683306852,6930501.159422179
2022-10-12,False,0.0012400464818228159,8.156629536611032e-07,0.0012392308188691548,6939089.650049143
2022-10-13,False,-0.0055198861887328305,2.3523950265634532e-07,-0.005520121428235487,6900785.03257946
2022-10-14,False,0.0006886941626031845,2.8132801499490823e-06,0.0006858808824532354,6905518.149107225
2022-10-17,False,-0.00578688200116696,2.7648528771561794e-06,-0.005789646854044116,6865537.637679702
2022-10-18,False,-0.00236009150643505,1.4884977398005456e-06,-0.0023615800041748504,6849324.121276648
2022-10-19,False,-0.003379003514112007,2.471518522123434e-06,-0.0033814750326341303,6826163.302770133
2022-10-20,False,-0.0018101177197775164,5.540069980374679e-07,-0.0018106717267755538,6813803.361875454
2022-10-21,False,0.003650503558890039,2.432869394764434e-06,0.0036480706894952745,6838660.598203897
2022-10-24,False,-0.002114531343490825,3.531686768184772e-07,-0.0021148845121676434,6824197.620820783
2022-10-25,False,-0.002460573316622028,2.2320632692175713e-06,-0.0024628053798912454,6807390.9502067845
2022-10-26,False,-0.0034484166870911493,2.7296769490261915e-06,-0.0034511463640401756,6783897.6476803785
2022-10-27,False,-0.0012617533819955183,1.2290536260653462e-06,-0.0012629824356215837,6775329.704106303
2022-10-28,False,-0.0009319316459681584,2.2357388300958956e-06,-0.0009341673847982543,6769000.412075473
2022-10-31,False,0.0011554965494863546,1.9468343480473214e-06,0.0011535497151383073,6776808.790572593
2022-11-01,False,0.001651525577892188,1.422967296304714e-06,0.0016501026105958832,6787991.220449427
2022-11-02,False,0.0008754806297582973,1.6226659490999746e-06,0.0008738579638091973,6793922.9606356835
2022-11-03,False,0.002799515925571844,2.242137113847159e-06,0.0027972737884579967,6812927.423254274
2022-11-04,False,0.005577287194789247,4.163280603406275e-06,0.00557312391418584,6850896.7120024245
2022-11-07,False,-0.002432059214087314,3.6289244492897223e-07,-0.002432422106532243,6834232.43939058
2022-11-08,False,0.004783377338695636,3.0380838311538374e-06,0.004780339254864482,6866902.388997467
2022-11-09,False,-0.0020688000451248717,8.583868191704008e-07,-0.002069658431944042,6852690.246566742
2022-11-10,False,-0.001683171869493412,8.370226551624074e-06,-0.001691542096045036,6841098.632543517
2022-11-11,False,-0.0016991348709959556,1.50269747384571e-06,-0.0017006375684698012,6829464.403199405
2022-11-14,False,0.0021458769882885943,6.911671212365134e-07,0.0021451858211673576,6844114.873403316
2022-11-15,False,-0.0012994452149745056,1.860843862156736e-06,-0.0013013060588366624,6835208.585251182
2022-11-16,False,-0.003439305253042337,1.4367237895026863e-06,-0.0034407419768318396,6811690.396151507
2022-11-17,False,0.0003609639608782144,2.162392127559615e-06,0.00035880156875065476,6814134.44135149
2022-11-18,False,-0.002251039801734536,9.022041978477142e-07,-0.0022519420059323838,6798789.40576894
2022-11-21,False,-0.0008166509835790919,7.962005458185678e-07,-0.0008174471841249104,6793231.754513736
2022-11-22,False,-0.0022547060820584616,1.2854472921513678e-06,-0.002255991529350613,6777906.281218637
2022-11-23,False,-0.006111994450443694,3.6000041301913615e-06,-0.006115594454573886,6736455.355151595
2022-11-25,False,0.0014828235387060334,3.5067608612736337e-07,0.0014824728626199061,6746441.9674058575
2022-11-28,False,0.0016091094967246161,1.684105174249856e-06,0.0016074253915503663,6757286.369526886
2022-11-29,False,0.0022002819572446443,8.647409101022741e-07,0.0021994172163345422,6772148.4615037255
2022-11-30,False,0.0023522456018616297,2.847010731837865e-06,0.0023493985911297918,6788058.937558104
2022-12-01,False,0.0007510218210103557,4.138728694607518e-06,0.0007468830923157482,6793128.82400821
2022-12-02,False,-0.0015258097444195333,4.1965090155526855e-07,-0.0015262293953210886,6782760.951110804
2022-12-05,False,-0.0031187491843614815,3.1462706263432756e-06,-0.0031218954549878247,6761585.880525263
2022-12-06,False,0.0007174139102928841,7.140567108317314e-07,0.0007166998535820524,6766431.908135818
2022-12-07,False,0.001823798725110428,1.8871912638307177e-06,0.0018219115338465974,6778759.748472239
2022-12-08,False,-0.0006408867770005278,5.509314362870388e-07,-0.0006414377084368149,6774411.596353135
2022-12-09,False,0.0036711420417105413,1.2884130457489347e-06,0.0036698536286647924,6799272.69533208
2022-12-12,False,-0.0024914522378504493,9.639152685989583e-07,-0.002492416153119048,6782326.078236774
2022-12-13,False,0.0037620738834854076,2.7433582641024775e-06,0.003759330525221305,6807823.083694694
2022-12-14,False,-0.0008815891548000105,3.11915477152383e-07,-0.0008819010702771629,6801819.257230925
2022-12-15,False,0.0012991790671115927,2.991250651916605e-06,0.001296187816459676,6810635.692481909
2022-12-16,False,0.005134282680704994,1.0148157020877513e-06,0.005133267865002906,6845596.509822369
2022-12-19,False,-0.00180463256236241,6.920209372442698e-07,-0.001805324583299654,6833237.986155837
2022-12-20,False,0.005038738079253556,1.9163017170355927e-06,0.005036821777536521,6867655.788055596
2022-12-21,False,0.00041007459167887264,3.4420687827403653e-07,0.0004097303848005986,6870469.675304313
2022-12-22,False,-0.0016435347716092015,1.743168906768594e-06,-0.0016452779405159701,6859165.843106552
2022-12-23,False,-0.0001899488987897518,5.314792768749826e-07,-0.00019048037806662678,6857859.306603534
2022-12-27,False,-0.0008782647630652514,1.552743081692551e-06,-0.000879817506146944,6851825.641930892
2022-12-28,False,0.0029867974982215107,1.908167772899469e-06,0.0029848893304486113,6872277.583183586
2022-12-29,False,-5.723044500619608e-05,1.2872019263046737e-06,-5.8517646932500756e-05,6871875.43367035
2022-12-30,False,0.0005281025347955948,6.913959465483649e-07,0.0005274111388490464,6875499.737318852
2023-01-03,False,0.006540315742339115,3.030745947004976e-07,0.006540012667744415,6920465.59269799
2023-01-04,False,0.0008919770907837299,1.9369351466867606e-06,0.0008900401556370431,6926625.084971197
2023-01-05,False,-0.0005418844924716294,2.2281881693605733e-06,-0.00054411268064099,6922856.220428418
2023-01-06,False,0.0014491690165289114,4.2936392937222014e-06,0.0014448753772351892,6932858.884921454
2023-01-09,False,-0.0005888234710428889,9.007264570384394e-07,-0.0005897241974999273,6928770.410279163
2023-01-10,False,0.0034748697209974213,1.0690028828362063e-06,0.003473800718114585,6952839.577906042
2023-01-11,False,-0.005538854111780224,2.239260585739311e-06,-0.005541093372365963,6914313.244601783
2023-01-12,False,0.0012027441136730286,2.6755726563490455e-06,0.0012000685410166795,6922610.894409366
2023-01-13,False,0.0042934339139780635,1.3632994580358298e-06,0.004292070614520028,6952323.229205016
2023-01-17,False,-0.00385984107840498,4.810896274881904e-07,-0.0038603221680324684,6925485.021723989
2023-01-18,False,0.00026824197240187436,1.432655100676014e-06,0.00026680931730119835,6927332.805654615
2023-01-19,False,0.005212025294813479,1.766873469121466e-06,0.005210258421344358,6963425.999742731
2023-01-20,False,-0.000926546759050305,9.002585915219852e-07,-0.000927447017641827,6956967.791066701
2023-01-23,False,-0.0018334499425718563,6.227891370101935e-07,-0.0018340727317088664,6944208.206145729
2023-01-24,True,-0.0059822374156704,0.0005,-0.006482237415670399,6899194.199889645
2023-01-25,True,-0.0074076022564583,0.0,-0.0074076022564583,6848087.713366798
2023-01-26,True,0.0578360563502438,0.0,0.0578360563502438,7244154.100248493
2023-01-27,True,0.0286594234794366,0.0,0.0286594234794366,7451767.380357812
2023-01-30,True,-0.0600085426504083,0.0,-0.0600085426504083,7004597.679692689
2023-01-31,True,0.0446876006117373,0.0,0.0446876006117373,7317616.343248698
2023-02-01,True,0.0646006734642061,0.0,0.0646006734642061,7790339.287175246
2023-02-02,True,0.1033209926340263,0.0,0.1033209926340263,8595244.875282045
2023-02-03,True,-0.0516536053437228,0.0,-0.0516536053437228,8151269.4886615705
2023-02-06,True,-0.0254702104370216,0.0,-0.0254702104370216,7943654.939456487
2023-02-07,True,0.0619219104746966,0.0,0.0619219104746966,8435541.229459394
2023-02-08,True,-0.053767618575361,0.0,-0.053767618575361,7981982.266157089
2023-02-09,True,-0.0268107013534534,0.0,-0.0268107013534534,7767979.72341059
2023-02-10,True,-0.0205590619972381,0.0,-0.0205590619972381,7608277.346683703
2023-02-13,True,0.0474391488427596,0.0,0.0474391488427596,7969207.548170028
2023-02-14,True,0.0216432602442495,0.0,0.0216432602442495,8141687.181075511
2023-02-15,True,0.0223616188996851,0.0,0.0223616188996851,8323748.487019173
2023-02-16,True,-0.0571757573124057,0.0,-0.0571757573124057,7847831.863595861
2023-02-17,True,-0.0215710474371898,0.0,-0.0215710474371898,7678545.910187145
2023-02-21,True,-0.0702993203597708,0.0,-0.0702993203597708,7138749.35134969
2023-02-22,True,0.0008947448186178,0.0,0.0008947448186178,7145136.710343222
2023-02-23,True,0.025033478532044,0.0,0.025033478532044,7324004.336790119
2023-02-24,True,-0.0505886155904441,0.0,-0.0505886155904441,6953493.096813498
2023-02-27,True,0.0215891591536372,0.0,0.0215891591536372,7103613.165954323
2023-02-28,True,-0.0049459733984542,0.0,-0.0049459733984542,7068478.884202603
2023-03-01,True,-0.0244013273971636,0.0,-0.0244013273971636,6895998.616749238
2023-03-02,True,0.0240852193561436,0.0,0.0240852193561436,7062090.256113307
2023-03-03,True,0.0610584144987755,0.0,0.0610584144987755,7493290.2901988365
2023-03-06,True,0.0042627297373625,0.0,0.0042627297373625,7525232.161549557
2023-03-07,True,-0.0373514139187937,0.0,-0.0373514139187937,7244154.1002485
2023-03-08,True,0.0136682420533196,0.0,0.0136682420533196,7343168.951962244
2023-03-09,True,-0.0526315243705111,0.0,-0.0526315243705111,6956686.776310263
2023-03-10,True,-0.0413223562643741,0.0,-0.0413223562643741,6669220.086919909
2023-03-13,True,0.0215516519584038,0.0,0.0215516519584038,6812952.797067204
2023-03-14,True,0.0679795214620799,0.0,0.0679795214620799,7276094.067955571
2023-03-15,True,0.0144864466998877,0.0,0.0144864466998877,7381498.816854379
2023-03-16,True,0.079186413460687,0.0,0.079186413460687,7966013.234125382
2023-03-17,True,-0.0148356984925968,0.0,-0.0148356984925968,7847831.863595862
2023-03-20,True,0.0105820080151388,0.0,0.0105820080151388,7930877.683277896
2023-03-21,True,0.0422875759993022,0.0,0.0422875759993022,8266255.27605068
2023-03-22,True,-0.0408083979427342,0.0,-0.0408083979427342,7928922.641249378
2023-03-23,True,0.0356564329449846,0.0,0.0356564329449846,8211639.739733056
2023-03-24,True,0.010172143733101,0.0,0.010172143733101,8295169.719450065
2023-03-27,True,-0.020526572937052,0.0,-0.020526572937052,8124898.313178548
2023-03-28,True,-0.0166073998034399,0.0,-0.0166073998034399,7989964.878529297
2023-03-29,True,0.0546841315554584,0.0,0.0546841315554584,8426889.169070287
2023-03-30,True,0.0270683750714506,0.0,0.0270683750714506,8654991.365784226
2023-03-31,True,0.0489976296258716,0.0,0.0489976296258716,9079065.427140038
2023-04-03,True,-0.0070769855705172,0.0,-0.0070769855705172,9014813.012118388
2023-04-04,True,-0.0099786924044344,0.0,-0.0099786924044344,8924856.965986967
2023-04-05,True,-0.032037467435796,0.0,-0.032037467435796,8638927.151570022
2023-04-06,True,0.0200818213021996,0.0,0.0200818213021996,8812412.542870572
2023-04-10,True,-0.002187402769198,0.0,-0.002187402769198,8793136.24727098
2023-04-11,True,-0.0193642712428264,0.0,-0.0193642712428264,8622863.571903698
2023-04-12,True,-0.0264531104155806,0.0,-0.0264531104155806,8394762.00973764
2023-04-13,True,0.0574052703511398,0.0,0.0574052703511398,8876665.592440108
2023-04-14,True,-0.0057907088310561,0.0,-0.0057907088310561,8825263.406603632
2023-04-17,True,0.0010922525993217,0.0,0.0010922525993217,8834902.823499195
2023-04-18,True,0.0007271345139956,0.0,0.0007271345139956,8841326.986269958
2023-04-19,True,-0.0021801773740119,0.0,-0.0021801773740119,8822051.325218251
2023-04-20,True,-0.0233068038429123,0.0,-0.0233068038429123,8616437.505489286
2023-04-21,True,0.0018645157351562,0.0,0.0018645157351562,8632502.98879926
2023-04-24,True,-0.0059547143565223,0.0,-0.0059547143565223,8581098.899319137
2023-04-25,True,-0.0565331205627083,0.0,-0.0565331205627083,8095982.600683404
2023-04-26,True,0.0166667149998396,0.0,0.0166667149998396,8230916.0353326555
2023-04-27,True,0.0807962466082834,0.0,0.0807962466082834,8895943.157135468
2023-04-28,True,0.0202239178004157,0.0,0.0202239178004157,9075853.980302544
2023-05-01,True,-0.0028318098742021,0.0,-0.0028318098742021,9050152.887384309
2023-05-02,True,-0.0266241276691577,0.0,-0.0266241276691577,8809200.461485194
2023-05-03,True,-0.0196937311855863,0.0,-0.0196937311855863,8635714.435636763
2023-05-04,True,-0.0111606526154289,0.0,-0.0111606526154289,8539334.226734577
2023-05-05,True,0.0613243229425819,0.0,0.0613243229425819,9063003.116569491
2023-05-08,True,0.008153058806108,0.0,0.008153058806108,9136894.313938823
2023-05-09,True,-0.0193388986032562,0.0,-0.0193388986032562,8960196.841252891
2023-05-10,True,0.032269591943685,0.0,0.032269591943685,9249338.737055218
2023-05-11,True,0.0083362227335861,0.0,0.0083362227335861,9326443.284905696
2023-05-12,True,-0.0103340797727438,0.0,-0.0103340797727438,9230063.076003509
2023-05-15,True,0.0153150488086359,0.0,0.0153150488086359,9371421.942519292
2023-05-16,True,0.0037709582318232,0.0,0.0037709582318232,9406761.183237324
2023-05-17,True,0.0358606568435504,0.0,0.0358606568435504,9744093.818038628
2023-05-18,True,0.053742054470957,0.0,0.053742054470957,10267761.438777776
2023-05-19,True,-0.0068835336560447,0.0,-0.0068835336560447,10197082.957341712
2023-05-22,True,0.0103969299009822,0.0,0.0103969299009822,10303101.314043695
2023-05-23,True,-0.038665406739469,0.0,-0.038665406739469,9904727.711058239
2023-05-24,True,-0.0162179009565567,0.0,-0.0162179009565567,9744093.818038633
2023-05-25,True,0.0722058264922884,0.0,0.0722058264922884,10447674.165588511
2023-05-26,True,0.0756456534756397,0.0,0.0756456534756397,11237995.305145014
2023-05-30,True,0.0140081670265337,0.0,0.0140081670265337,11395419.020422887
2023-05-31,True,-0.0202991057964861,0.0,-0.0202991057964861,11164102.204132034
2023-06-01,True,0.036259157350406,0.0,0.036259157350406,11568903.142627673
2023-06-02,True,0.0224935368159877,0.0,0.0224935368159877,11829128.691386964
2023-06-05,True,0.0021729635654712,0.0,0.0021729635654712,11854832.957044618
2023-06-06,True,-0.0010841260164016,0.0,-0.0010841260164016,11841980.82421579
2023-06-07,True,-0.0510037575669501,0.0,-0.0510037575669501,11237995.305145018
2023-06-08,True,0.0343053510285575,0.0,0.0343053510285575,11623518.6789453
2023-06-09,True,0.0121611792161022,0.0,0.0121611792161022,11764874.372721666
2023-06-12,True,0.0510651187380404,0.0,0.0510651187380404,12365649.079502828
2023-06-13,True,0.0223434314117196,0.0,0.0223434314117196,12641940.111572094
2023-06-14,True,0.0213468500737248,0.0,0.0213468500737248,12911805.711774832
2023-06-15,True,0.0350834773275461,0.0,0.0350834773275461,13364796.754721565
2023-06-16,True,-0.0192308203620562,0.0,-0.0192308203620562,13107780.749156123
2023-06-20,True,-0.004901901458313,0.0,-0.004901901458313,13043527.699586587
2023-06-21,True,-0.0400772070942726,0.0,-0.0400772070942726,12520779.538730374
2023-06-22,True,0.0332046544939714,0.0,0.0332046544939714,12936527.697309105
2023-06-23,True,-0.0296459508510325,0.0,-0.0296459508510325,12553012.033011656
2023-06-26,True,-0.039538062928811,0.0,-0.039538062928811,12056690.25330432
2023-06-27,True,0.0494519022241692,0.0,0.0494519022241692,12652916.52085782
2023-06-28,True,0.0061132243901094,0.0,0.0061132243901094,12730266.638739146
2023-06-29,True,-0.0068354279454816,0.0,-0.0068354279454816,12643249.818403276
2023-06-30,True,0.0451185095009158,0.0,0.0451185095009158,13213694.405457357
2023-07-03,True,0.0068293030559176,0.0,0.0068293030559176,13303934.72904051
2023-07-05,True,-0.0007267001640656,0.0,-0.0007267001640656,13294266.757490197
2023-07-06,True,-0.0235152216362453,0.0,-0.0235152216362453,12981649.128196446
2023-07-07,True,-0.0101786538618331,0.0,-0.0101786538618331,12849513.415164767
2023-07-10,True,0.0007523998176384,0.0,0.0007523998176384,12859181.386715079
2023-07-11,True,0.0142857368438402,0.0,0.0142857368438402,13042884.2680329
2023-07-12,True,0.037064386042839,0.0,0.037064386042839,13526310.765655344
2023-07-13,True,0.0497974944613208,0.0,0.0497974944613208,14199887.15109017
2023-07-14,True,-0.0009079469263507,0.0,-0.0009079469263507,14186994.40719681
2023-07-17,True,0.0277148189419975,0.0,0.0277148189419975,14580184.388523404
2023-07-18,True,0.0238724513954653,0.0,0.0238724513954653,14928249.131675351
2023-07-19,True,0.0,0.0,0.0,14928249.131675351
2023-07-20,True,-0.0701638932297489,0.0,-0.0701638932297489,13880825.05349339
2023-07-21,True,-0.008822799870282,0.0,-0.008822799870282,13758357.312012022
2023-07-24,True,0.0039821711341987,0.0,0.0039821711341987,13813145.445353908
2023-07-25,True,0.0200654303717244,0.0,0.0200654303717244,14090312.15350216
2023-07-26,True,-0.0102930483464336,0.0,-0.0102930483464336,13945279.88928982
2023-07-27,True,-0.0085506853207107,0.0,-0.0085506853207107,13826038.18924727
2023-07-28,True,0.054079154971439,0.0,0.054079154971439,14573738.651124606
2023-07-31,True,0.0019903233848803,0.0,0.0019903233848803,14602745.103967074
2023-08-01,True,-0.0077245592611496,0.0,-0.0077245592611496,14489945.334036019
2023-08-02,True,-0.0653915227761509,0.0,-0.0653915227761509,13542425.743700221
2023-08-03,True,-0.0071394935303171,0.0,-0.0071394935303171,13445739.682718275
2023-08-04,True,-0.0139023704215488,0.0,-0.0139023704215488,13258812.029057406
2023-08-07,True,0.0247936146703002,0.0,0.0247936146703002,13587545.905491797
2023-08-08,True,-0.0256166406917381,0.0,-0.0256166406917381,13239478.624148319
2023-08-09,True,-0.0333496801350126,0.0,-0.0333496801350126,12797946.246878635
2023-08-10,True,0.0045328864077169,0.0,0.0045328864077169,12855957.883467803
2023-08-11,True,-0.0200552536255133,0.0,-0.0200552536255133,12598128.387515938
2023-08-14,True,0.0332565584222352,0.0,0.0332565584222352,13017098.780246183
2023-08-15,True,-0.0307005361321019,0.0,-0.0307005361321019,12617466.868808096
2023-08-16,True,-0.0332056874951468,0.0,-0.0332056874951468,12198495.206982087
2023-08-17,True,-0.0338177715716194,0.0,-0.0338177715716194,11785969.282554872
2023-08-18,True,-0.0046484818458855,0.0,-0.0046484818458855,11731182.418308752
2023-08-21,True,0.0483514614712476,0.0,0.0483514614712476,12298402.233019786
2023-08-22,True,-0.0044546920902669,0.0,-0.0044546920902669,12243616.63786943
2023-08-23,True,0.0471176402786541,0.0,0.0471176402786541,12820506.962322308
2023-08-24,True,-0.0658622778675283,0.0,-0.0658622778675283,11976119.170367256
2023-08-25,True,0.0236811803744811,0.0,0.0236811803744811,12259727.808627006
2023-08-28,True,0.0223451733487698,0.0,0.0223451733487698,12533673.55171951
2023-08-29,True,0.0637694199289473,0.0,0.0637694199289473,13332938.643691452
2023-08-30,True,0.0166788868342677,0.0,0.0166788868342677,13555317.218497818
2023-08-31,True,0.0090346643687724,0.0,0.0090346643687724,13677784.959979188
2023-09-01,True,-0.0035344659373071,0.0,-0.0035344659373071,13629441.29494033
2023-09-05,True,0.0026011477267542,0.0,0.0026011477267542,13664893.485181596
2023-09-06,True,-0.0264150435224763,0.0,-0.0264150435224763,13303934.729040522
2023-09-07,True,-0.0218022450246365,0.0,-0.0218022450246365,13013879.084286211
2023-09-08,True,0.0029715879447458,0.0,0.0029715879447458,13052550.970487455
2023-09-11,True,0.0340740552043077,0.0,0.0340740552043077,13497304.312812885
2023-09-12,True,-0.0319959689229458,0.0,-0.0319959689229458,13065444.983476581
2023-09-13,True,0.0098666528348194,0.0,0.0098666528348194,13194357.193260979
2023-09-14,True,0.0234488768508347,0.0,0.0234488768508347,13503750.050211681
2023-09-15,True,-0.0513125854639606,0.0,-0.0513125854639606,12810837.721676232
2023-09-18,True,0.0022640138983152,0.0,0.0022640138983152,12839841.636327168
2023-09-19,True,-0.006024029102583,0.0,-0.006024029102583,12762494.056637375
2023-09-20,True,-0.0433592923409326,0.0,-0.0433592923409326,12209121.34583622
2023-09-21,True,-0.0569535497271351,0.0,-0.0569535497271351,11513768.54614151
2023-09-22,True,0.00084288435091,0.0,0.00084288435091,11523473.321469055
2023-09-25,True,0.0131909834135566,0.0,0.0131909834135566,11675479.266919116
2023-09-26,True,-0.0445981620769315,0.0,-0.0445981620769315,11154774.350247204
2023-09-27,True,0.0060884835335617,0.0,0.0060884835335617,11222690.010199282
2023-09-28,True,0.0242073445164909,0.0,0.0242073445164909,11494361.533677956
2023-09-29,True,0.0022510449505677,0.0,0.0022510449505677,11520235.858168341
2023-10-02,True,0.0238630285931777,0.0,0.0238630285931777,11795143.575851966
2023-10-03,True,-0.0529200575158606,0.0,-0.0529200575158606,11170943.899410045
2023-10-04,True,0.0405327661473393,0.0,0.0405327661473393,11623733.15612988
2023-10-05,True,-0.0105732385187268,0.0,-0.0105732385187268,11500832.652992085
2023-10-06,True,0.0503374115807748,0.0,0.0503374115807748,12079754.799767362
2023-10-09,True,0.0147256969268454,0.0,0.0147256969268454,12257637.607899344
2023-10-10,True,0.0163587532717093,0.0,0.0163587532717093,12458157.277220994
2023-10-11,True,0.0212875953923583,0.0,0.0212875953923583,12723361.488672841
2023-10-12,True,-0.0116930441503708,0.0,-0.0116930441503708,12574586.661044663
2023-10-13,True,-0.0378085896435959,0.0,-0.0378085896435959,12099159.27403939
2023-10-16,True,0.0336808904426777,0.0,0.0336808904426777,12506669.73199682
2023-10-17,True,-0.0095680394139376,0.0,-0.0095680394139376,12387005.423063973
2023-10-18,True,-0.0422977436497342,0.0,-0.0422977436497342,11863063.043091346
2023-10-19,True,-0.0267175172369525,0.0,-0.0267175172369525,11546111.4517545
2023-10-20,True,-0.0450979698181032,0.0,-0.0450979698181032,11025405.265986819
2023-10-23,True,0.0088001218287152,0.0,0.0088001218287152,11122430.175538462
2023-10-24,True,0.0282057663007517,0.0,0.0282057663007517,11436146.841766128
2023-10-25,True,-0.0732465041499209,0.0,-0.0732465041499209,10598489.064661602
2023-10-26,True,-0.0582850060224784,0.0,-0.0582850060224784,9980756.06569863
2023-10-27,True,0.0142579991957492,0.0,0.0142579991957492,10123061.67765633
2023-10-30,False,-0.003508692132209314,0.0005003565602076227,-0.004009048692416937,10082477.830474265
2023-10-31,False,-0.0008032873340196416,7.761693602321429e-07,-0.0008040635033798737,10074370.878027143
2023-11-01,False,-0.00043955950022233833,1.3058279643176908e-06,-0.00044086532818665605,10069929.437203728
2023-11-02,False,-0.0006404806754456028,1.2924143204893491e-06,-0.0006417730897660921,10063466.827475088
2023-11-03,False,-0.0045339407563734675,3.1770812387189594e-06,-0.0045371178376121864,10017807.692623932
2023-11-06,False,0.0004045725570767638,2.125044838996129e-06,0.00040244751223776767,10021839.334407905
2023-11-07,False,-0.0029789024105920533,1.0209289181552644e-06,-0.0029799233395102083,9991975.021470482
2023-11-08,False,-0.005289486356923691,1.23464249100734e-06,-0.005290720999414698,9939110.26939876
2023-11-09,False,0.003630526741486187,1.8087524343050055e-06,0.003628717989051882,9975176.497628497
2023-11-10,False,-0.002259917399304079,1.4449044979165104e-06,-0.0022613623038019955,9952619.00952299
2023-11-13,True,-0.0090753958629291,0.0005,-0.0095753958629291,9857318.742633892
2023-11-14,True,0.0628713030442806,0.0,0.0628713030442806,10477061.216506096
2023-11-15,True,0.0027946711719644,0.0,0.0027946711719644,10506341.157454772
2023-11-16,True,0.0016254537842854,0.0,0.0016254537842854,10523418.72944815
2023-11-17,True,0.0006957265087903,0.0,0.0006957265087903,10530740.150821328
2023-11-20,True,0.0356812211253079,0.0,0.0356812211253079,10906489.818755943
2023-11-21,True,-0.0181208891476394,0.0,-0.0181208891476394,10708854.525760408
2023-11-22,True,0.0116197752897388,0.0,0.0116197752897388,10833289.008960247
2023-11-24,True,-0.0049547336915705,0.0,-0.0049547336915705,10779612.946917031
2023-11-27,True,-0.0029427190308176,0.0,-0.0029427190308176,10747891.574753292
2023-11-28,True,0.0079455057406379,0.0,0.0079455057406379,10833289.008960247
2023-11-29,True,-0.0036035230283804,0.0,-0.0036035230283804,10794251.002543358
2023-11-30,True,-0.0083633840754483,0.0,-0.0083633840754483,10703974.535602296
2023-12-01,True,0.0084339201892527,0.0,0.0084339201892527,10794251.002543358
2023-12-04,True,-0.0284809722390747,0.0,-0.0284809722390747,10486820.239398316
2023-12-05,True,0.0072127117265314,0.0,0.0072127117265314,10562458.65071305
2023-12-06,True,-0.0177869908387874,0.0,-0.0177869908387874,10374584.295457747
2023-12-07,True,0.0418624696438285,0.0,0.0418624696438285,10808890.015593689
2023-12-08,True,0.011963980153689,0.0,0.011963980153689,10938207.361223659
2023-12-11,True,0.0254294627866025,0.0,0.0254294627866025,11216360.098268036
2023-12-12,True,0.0241462674295767,0.0,0.0241462674295767,11487193.328787249
2023-12-13,True,0.0352589814603592,0.0,0.0352589814603592,11892220.06539852
2023-12-14,True,-0.0016413254296594,0.0,-0.0016413254296594,11872701.062190074
2023-12-15,True,0.0119195153294917,0.0,0.0119195153294917,12014217.904503323
2023-12-18,True,0.0209179086362796,0.0,0.0209179086362796,12265530.216966078
2023-12-19,True,0.0149194791651217,0.0,0.0149194791651217,12448525.539487273
2023-12-20,True,-0.0444318122999025,0.0,-0.0444318122999025,11895414.989306234
2023-12-21,True,0.0331685339070004,0.0,0.0331685339070004,12289968.464716878
2023-12-22,True,0.0039878487079221,0.0,0.0039878487079221,12338978.999579303
2023-12-26,True,0.0182722498260936,0.0,0.0182722498260936,12564439.90645854
2023-12-27,True,0.0052661810726857,0.0,0.0052661810726857,12630606.52208283
2023-12-28,True,-0.002522308310443,0.0,-0.002522308310443,12598748.238286246
2023-12-29,True,-0.0138104656233153,0.0,-0.0138104656233153,12424753.658844588
2024-01-02,True,-0.0506903067624217,0.0,-0.0506903067624217,11794939.084430236
2024-01-03,True,-0.0319967966107583,0.0,-0.0319967966107583,11417538.817509437
2024-01-04,True,-0.0167415929988665,0.0,-0.0167415929988665,11226391.029577935
2024-01-05,True,0.0037108482356713,0.0,0.0037108482356713,11268050.462923001
2024-01-08,True,0.060243605030209,0.0,0.060243605030209,11946878.4444718
2024-01-09,True,0.0065640349833966,0.0,0.0065640349833966,12025298.1725237
2024-01-10,True,0.0197677478323143,0.0,0.0197677478323143,12263011.23440654
2024-01-11,True,0.0047960941695874,0.0,0.0047960941695874,12321825.791089462
2024-01-12,True,0.0011932615107543,0.0,0.0011932615107543,12336528.95154819
2024-01-16,True,-0.0005958032540775,0.0,-0.0005958032540775,12329178.807454837
2024-01-17,True,-0.0172929436567754,0.0,-0.0172929436567754,12115971.013003211
2024-01-18,True,0.0428804655323371,0.0,0.0428804655323371,12635509.490417091
2024-01-19,True,0.0577966784674741,0.0,0.0577966784674741,13365799.969707446
2024-01-22,True,0.0040336907120315,0.0,0.0040336907120315,13419713.472904127
2024-01-23,True,0.0118699567844391,0.0,0.0118699567844391,13579004.891887054
2024-01-24,True,0.0164230697150236,0.0,0.0164230697150236,13802013.835887162
2024-01-25,True,0.002840845240424,0.0,0.002840845240424,13841223.221201109
2024-01-26,True,-0.0184135654992037,0.0,-0.0184135654992037,13586356.950828424
2024-01-29,True,0.0294011507531113,0.0,0.0294011507531113,13985811.479725312
2024-01-30,True,-0.0199753541801198,0.0,-0.0199753541801198,13706439.941921415
2024-01-31,True,-0.0588237348592018,0.0,-0.0588237348592018,12900175.952914257
2024-02-01,True,0.0353344755963371,0.0,0.0353344755963371,13355996.905310962
2024-02-02,True,0.0502752379599924,0.0,0.0502752379599924,14027472.827918394
2024-02-05,True,-0.0050663202119407,0.0,-0.0050663202119407,13956405.15880786
2024-02-06,True,-0.0057946618369699,0.0,-0.0057946618369699,13875532.510452827
2024-02-07,True,0.0298481262948016,0.0,0.0298481262948016,14289691.15723245
2024-02-08,True,0.0041158061858566,0.0,0.0041158061858566,14348504.756491367
2024-02-09,True,0.029376762786262,0.0,0.029376762786262,14770017.377060367
2024-02-12,True,-0.0117802555677348,0.0,-0.0117802555677348,14596022.797618713
2024-02-13,True,-0.0473473506041089,0.0,-0.0473473506041089,13904939.788794292
2024-02-14,True,0.0317237500639491,0.0,0.0317237500639491,14346056.623308264
2024-02-15,True,0.0083703194123658,0.0,0.0083703194123658,14466137.69955324
2024-02-16,True,-0.027443709517436,0.0,-0.027443709517436,14069133.218687471
2024-02-20,True,-0.0231665970047318,0.0,-0.0231665970047318,13743199.279204255
2024-02-21,True,-0.0124822788910679,0.0,-0.0124822788910679,13571652.832945703
2024-02-22,True,0.0864933237155802,0.0,0.0864933237155802,14745510.194781147
2024-02-23,True,-0.0091407616520053,0.0,-0.0091407616520053,14610725.00065344
2024-02-26,True,-0.0013417687311269,0.0,-0.0013417687311269,14591120.786708469
2024-02-27,True,0.0062143134327359,0.0,0.0062143134327359,14681794.584611984
2024-02-28,True,-0.0161910737775881,0.0,-0.0161910737775881,14444080.565305138
2024-02-29,True,0.0240923629290197,0.0,0.0240923629290197,14792072.596460469
2024-03-01,True,0.0458913365332747,0.0,0.0458913365332747,15470900.578009268
2024-03-04,True,-0.0118801543250426,0.0,-0.0118801543250426,15287103.891595127
2024-03-05,True,-0.0535429176000291,0.0,-0.0535429176000291,14468587.747584367
2024-03-06,True,0.0184620879994938,0.0,0.0184620879994938,14735708.087808667
2024-03-07,True,0.0445700878988004,0.0,0.0445700878988004,15392479.892533364
2024-03-08,True,-0.0437827444258318,0.0,-0.0437827444258318,14718554.879318818
2024-03-11,True,-0.011655244860187,0.0,-0.011655244860187,14547006.518212259
2024-03-12,True,0.0424530183227456,0.0,0.0424530183227456,15164570.852471022
2024-03-13,True,-0.0232708284758395,0.0,-0.0232708284758395,14811678.725253453
2024-03-14,True,-0.0081071888252776,0.0,-0.0081071888252776,14691597.649008477
2024-03-15,True,-0.0365305189214699,0.0,-0.0365305189214699,14154905.963104751
2024-03-18,True,0.0282203530554068,0.0,0.0282203530554068,14554362.40684965
2024-03-19,True,0.0069033590905158,0.0,0.0069033590905158,14654836.396877637
2024-03-20,True,0.0354954458317029,0.0,0.0354954458317029,15175016.348375477
2024-03-21,True,0.0129659992129889,0.0,0.0129659992129889,15371775.598405607
2024-03-22,True,0.0020799922866823,0.0,0.0020799922866823,15403748.773082903
2024-03-25,True,-0.010218759787511,0.0,-0.010218759787511,15246341.564543601
2024-03-26,True,-0.0093562456858483,0.0,-0.0093562456858483,15103693.047055373
2024-03-27,True,0.0087932789294484,0.0,0.0087932789294484,15236504.0328829
2024-03-28,True,-0.0062953761456613,0.0,-0.0062953761456613,15140584.508851018
2024-04-01,True,0.006172869952945,0.0,0.006172869952945,15234045.36803573
2024-04-02,True,-0.0268001877636497,0.0,-0.0268001877636497,14825770.091772415
2024-04-03,True,0.0066356854108817,0.0,0.0066356854108817,14924149.238075476
2024-04-04,True,-0.0471324526797083,0.0,-0.0471324526797083,14220737.480326978
2024-04-05,True,0.0352819379949969,0.0,0.0352819379949969,14722472.658351002
2024-04-08,True,0.0006682633626171,0.0,0.0006682633626171,14732311.14743571
2024-04-09,True,0.0103505149359734,0.0,0.0103505149359734,14884798.154008653
2024-04-10,True,-0.0262722382188134,0.0,-0.0262722382188134,14493741.191067584
2024-04-11,True,0.0470047828456994,0.0,0.0470047828456994,15175016.348375484
2024-04-12,True,-0.0482981562147097,0.0,-0.0482981562147097,14442091.038220871
2024-04-15,True,-0.0502383899149322,0.0,-0.0502383899149322,13716543.637455784
2024-04-16,True,0.0001793179343272,0.0,0.0001793179343272,13719003.259726962
2024-04-17,True,-0.037110133673639,0.0,-0.037110133673639,13209889.214889405
2024-04-18,True,-0.0178736833316373,0.0,-0.0178736833316373,12973779.83821646
2024-04-19,True,-0.0619905296510183,0.0,-0.0619905296510183,12169528.35446972
2024-04-22,True,0.0291026480919736,0.0,0.0291026480919736,12523693.855615146
2024-04-23,True,0.0445797116251576,0.0,0.0445797116251576,13081996.516180228
2024-04-24,True,0.0097762370255181,0.0,0.0097762370255181,13209889.214889409
2024-04-25,True,-0.0160118730269724,0.0,-0.0160118730269724,12998374.146080226
2024-04-26,True,0.0459790417240855,0.0,0.0459790417240855,13596026.933288123
2024-04-29,True,0.0119393269300036,0.0,0.0119393269300036,13758354.343793785
2024-04-30,True,-0.0572041586955875,0.0,-0.0572041586955875,12971319.25852128
2024-05-01,True,-0.0216154314852697,0.0,-0.0216154314852697,12690938.595815154
2024-05-02,True,0.0370154691377695,0.0,0.0370154691377695,13160699.641737878
2024-05-03,True,0.0596150268875619,0.0,0.0596150268875619,13945275.104739208
2024-05-06,True,0.0328042900537244,0.0,0.0328042900537244,14402739.954154056
2024-05-07,True,0.0,0.0,0.0,14402739.954154056
2024-05-08,True,-0.0018783877387953,0.0,-0.0018783877387953,14375686.024019117
2024-05-09,True,0.0054746721653593,0.0,0.0054746721653593,14454388.192152759
2024-05-10,True,0.0068062447486001,0.0,0.0068062447486001,14552768.295879826
2024-05-13,True,0.0065912189011521,0.0,0.0065912189011521,14648688.777335718
2024-05-14,True,0.0186365375507855,0.0,0.0186365375507855,14921689.615804305
2024-05-15,True,0.0461514020278279,0.0,0.0461514020278279,15610346.512197755
2024-05-16,True,-0.0061446120979399,0.0,-0.0061446120979399,15514426.98816587
2024-05-17,True,-0.0022195284313594,0.0,-0.0022195284313594,15479992.276369387
2024-05-20,True,0.0206545777600311,0.0,0.0206545777600311,15799724.98056634
2024-05-21,True,0.0051371539821531,0.0,0.0051371539821531,15880890.60066718
2024-05-22,True,-0.0006195777526671,0.0,-0.0006195777526671,15871051.154158467
2024-05-23,True,-0.0148767924571325,0.0,-0.0148767924571325,15634940.82006152
2024-05-24,True,0.0280004869500807,0.0,0.0280004869500807,16072726.776458936
2024-05-28,True,0.0108645317013225,0.0,0.0108645317013225,16247349.426048469
2024-05-29,True,-0.0208899803404365,0.0,-0.0208899803404365,15907942.615954114
2024-05-30,True,-0.0321581996608197,0.0,-0.0321581996608197,15396371.8211174
2024-05-31,True,-0.0011183357691213,0.0,-0.0011183357691213,15379153.507795151
2024-06-03,True,0.0097554300695248,0.0,0.0097554300695248,15529183.764368936
2024-06-04,True,0.0074437001395089,0.0,0.0074437001395089,15644778.35172223
2024-06-05,True,0.0603677698546512,0.0,0.0603677698546512,16589218.730686026
2024-06-06,True,-0.0011857842098975,0.0,-0.0011857842098975,16569547.497060642
2024-06-07,True,-0.0037107693900702,0.0,-0.0037107693900702,16508061.727401232
2024-06-10,True,0.0105777905835948,0.0,0.0105777905835948,16682680.547294741
2024-06-11,True,0.0206399615071795,0.0,0.0206399615071795,17027010.43162748
2024-06-12,True,0.0394337892251488,0.0,0.0394337892251488,17698449.972122684
2024-06-13,True,0.0159810766153427,0.0,0.0159810766153427,17981290.25709999
2024-06-14,True,0.0144986615661673,0.0,0.0144986615661673,18241994.899060704
2024-06-17,True,0.0362679158843834,0.0,0.0362679158843834,18903594.035623193
2024-06-18,True,0.0005205573032396,0.0,0.0005205573032396,18913434.439555913
2024-06-20,True,-0.0235371157420217,0.0,-0.0235371157420217,18468266.744072944
2024-06-21,True,-0.0091889188844233,0.0,-0.0091889188844233,18298563.33902577
2024-06-24,True,-0.0338708793002701,0.0,-0.0338708793002701,17678774.90880128
2024-06-25,True,0.0333886850852138,0.0,0.0333886850852138,18269045.956923626
2024-06-26,True,0.0062571738490841,0.0,0.0062571738490841,18383358.553533006
2024-06-27,True,0.0072521774291913,0.0,0.0072521774291913,18516677.93150767
2024-06-28,True,-0.0157334227089391,0.0,-0.0157334227089391,18225347.210445978
2024-07-01,True,0.0163912069753142,0.0,0.0163912069753142,18524082.648769364
2024-07-02,True,0.0306545910354005,0.0,0.0306545910354005,19091930.826673348
2024-07-03,True,0.0245699600058892,0.0,0.0245699600058892,19561018.803519912
2024-07-05,True,0.0302915918860877,0.0,0.0302915918860877,20153553.20199223
2024-07-08,True,0.0066151797967559,0.0,0.0066151797967559,20286872.579966895
2024-07-09,True,0.0021906633134827,0.0,0.0021906633134827,20331314.287473127
2024-07-10,True,0.0313296163384275,0.0,0.0313296163384275,20968286.56375565
2024-07-11,True,-0.0657010916347453,0.0,-0.0657010916347453,19590647.24680674
2024-07-12,True,0.0162570014509944,0.0,0.0162570014509944,19909132.427523997
2024-07-15,True,0.0074404368313549,0.0,0.0074404368313549,20057265.06971807
2024-07-16,True,0.0007387394973306,0.0,0.0007387394973306,20072082.1636335
2024-07-17,True,-0.0879459418257588,0.0,-0.0879459418257588,18306823.99334874
2024-07-18,True,-0.0149697849203458,0.0,-0.0149697849203458,18032774.77559368
2024-07-19,True,-0.0271082917256889,0.0,-0.0271082917256889,17543937.05635324
2024-07-22,True,0.0436251616995844,0.0,0.0436251616995844,18309294.147283986
2024-07-23,True,-0.010787462710793,0.0,-0.010787462710793,18111783.31940922
2024-07-24,True,-0.1078247195330471,0.0,-0.1078247195330471,16158885.362750601
2024-07-25,True,-0.0333076185634568,0.0,-0.0333076185634568,15620671.372677479
2024-07-26,True,0.0286074823454187,0.0,0.0286074823454187,16067539.453194939
2024-07-29,True,0.0058390952429416,0.0,0.0058390952429416,16161359.346381867
2024-07-30,True,-0.0407883415469769,0.0,-0.0407883415469769,15502164.301498216
2024-07-31,True,0.0874340203075247,0.0,0.0874340203075247,16857580.849845994
2024-08-01,True,-0.0720560410822238,0.0,-0.0720560410822238,15642890.311582586
2024-08-02,True,-0.072916645627428,0.0,-0.072916645627428,14502263.222144192
2024-08-05,True,-0.0871638125909864,0.0,-0.0871638125909864,13238190.668504061
2024-08-06,True,0.0249907354397418,0.0,0.0249907354397418,13569022.789201505
2024-08-07,True,-0.0322053497114256,0.0,-0.0322053497114256,13132027.665032966
2024-08-08,True,0.0915586176727909,0.0,0.0915586176727909,14334377.965284232
2024-08-09,True,0.0136066308046223,0.0,0.0136066308046223,14529420.554071767
2024-08-12,True,0.0067969272119188,0.0,0.0067969272119188,14628175.96800915
2024-08-13,True,0.0727426667262705,0.0,0.0727426667262705,15692268.497263277
2024-08-14,True,0.0017306186121091,0.0,0.0017306186121091,15719425.829190856
2024-08-15,True,0.0752316691372601,0.0,0.0752316691372601,16902024.47220024
2024-08-16,True,0.0026292585678902,0.0,0.0026292585678902,16946464.264858466
2024-08-19,True,0.0387529715997605,0.0,0.0387529715997605,17603190.113230884
2024-08-20,True,-0.0061712199156835,0.0,-0.0061712199156835,17494556.95582455
2024-08-21,True,0.0136889652050333,0.0,0.0136889652050333,17734039.33727031
2024-08-22,True,-0.0480301425389225,0.0,-0.0480301425389225,16882270.900110357
2024-08-23,True,0.0314421573078771,0.0,0.0314421573078771,17413085.917465825
2024-08-26,True,-0.0293492748894649,0.0,-0.0293492748894649,16902024.47220025
2024-08-27,True,0.0084723574948766,0.0,0.0084723574948766,17045224.46591588
2024-08-28,True,-0.0338937677208172,0.0,-0.0338937677208172,16467497.587118939
2024-08-29,True,-0.0052473878178554,0.0,-0.0052473878178554,16381086.240889726
2024-08-30,True,0.0340619287179049,0.0,0.0340619287179049,16939057.632748764
2024-09-03,True,-0.0912402925426537,0.0,-0.0912402925426537,15393533.058939898
2024-09-04,True,-0.008500334586116,0.0,-0.008500334586116,15262682.87747647
2024-09-05,True,0.0032350350069543,0.0,0.0032350350069543,15312058.190885149
2024-09-06,True,-0.0811027966966746,0.0,-0.0811027966966746,14070207.44842214
2024-09-09,True,0.0371996271068801,0.0,0.0371996271068801,14593613.918819891
2024-09-10,True,0.0268988548003219,0.0,0.0268988548003219,14986165.420634184
2024-09-11,True,0.063756094039389,0.0,0.063756094039389,15941624.792481977
2024-09-12,True,0.029580425569432,0.0,0.029580425569432,16413184.838111803
2024-09-13,True,0.0130864557032615,0.0,0.0130864557032615,16627975.254445199
2024-09-16,True,-0.013362844546193,0.0,-0.013362844546193,16405778.206002105
2024-09-17,True,0.0006019142202788,0.0,0.0006019142202788,16415653.07719904
2024-09-18,True,-0.0130847213339176,0.0,-0.0130847213339176,16200858.831169624
2024-09-19,True,0.0755867456992074,0.0,0.0755867456992074,17425429.02775
2024-09-20,True,-0.0063758198616882,0.0,-0.0063758198616882,17314327.631256435
2024-09-23,True,0.0074149465911947,0.0,0.0074149465911947,17442712.44590465
2024-09-24,True,0.0141542787178967,0.0,0.0141542787178967,17689601.45946011
2024-09-25,True,0.003500386388014,0.0,0.003500386388014,17751521.8996182
2024-09-26,True,0.0212083327040946,0.0,0.0212083327040946,18128002.082069326
2024-09-27,True,-0.0172155675181902,0.0,-0.0172155675181902,17815918.238255568
2024-09-30,True,0.0077853933055247,0.0,0.0077853933055247,17954622.16883946
2024-10-01,True,-0.0423505464603841,0.0,-0.0423505464603841,17194234.10849938
2024-10-02,True,0.0037452286755554,0.0,0.0037452286755554,17258630.44713675
2024-10-03,True,-0.0022963357041535,0.0,-0.0022963357041535,17218998.837836195
2024-10-04,True,0.0352418131039711,0.0,0.0352418131039711,17825827.576716714
2024-10-07,True,-0.0329305267386845,0.0,-0.0329305267386845,17238813.685062464
2024-10-08,True,0.0433910648642752,0.0,0.0433910648642752,17986824.167854168
2024-10-09,True,0.0240979170035631,0.0,0.0240979170035631,18420269.1638088
2024-10-10,True,-0.0034959499269363,0.0,-0.0034959499269363,18355872.825171437
2024-10-11,True,0.0025636149443051,0.0,0.0025636149443051,18402930.215061814
2024-10-14,True,0.0255719489466266,0.0,0.0255719489466266,18873529.006989706
2024-10-15,True,-0.0398949475625559,0.0,-0.0398949475625559,18120570.556935474
2024-10-16,True,-0.0005468557642824,0.0,-0.0005468557642824,18110661.218474332
2024-10-17,True,0.0030088765983136,0.0,0.0030088765983136,18165153.963194586
2024-10-18,True,0.0177256605273634,0.0,0.0177256605273634,18487143.315773465
2024-10-21,True,0.005493117445138,0.0,0.005493117445138,18588695.365232106
2024-10-22,True,0.00293129313024,0.0,0.00293129313024,18643184.28025634
2024-10-23,True,-0.046233421393765,0.0,-0.046233421393765,17781246.08530563
2024-10-24,True,0.0238193414741336,0.0,0.0238193414741336,18204783.65764713
2024-10-25,True,0.016870637305385,0.0,0.016870637305385,18511909.9599583
2024-10-28,True,0.0009367409215208,0.0,0.0009367409215208,18529250.8235533
2024-10-29,True,0.0276700007864318,0.0,0.0276700007864318,19041955.208413016
2024-10-30,True,-0.0222425374601444,0.0,-0.0222425374601444,18618413.8063755
2024-10-31,True,-0.0760941301000156,0.0,-0.0760941301000156,17201661.803937234
2024-11-01,True,0.0213101994544546,0.0,0.0213101994544546,17568232.64792721
2024-11-04,True,-0.0093046778437317,0.0,-0.0093046778437317,17404765.902854517
2024-11-05,True,0.0379961343864021,0.0,0.0379961343864021,18066079.727063246
2024-11-06,True,0.081162763164575,0.0,0.081162763164575,19532372.67726321
2024-11-07,True,0.0467918084655214,0.0,0.0467918084655214,20446327.718454897
2024-11-08,True,0.0024226943781671,0.0,0.0024226943781671,20495862.92167256
2024-11-11,True,-0.0018128395453886,0.0,-0.0018128395453886,20458707.21085129
2024-11-12,True,-0.0054477405331175,0.0,-0.0054477405331175,20347253.48232355
2024-11-13,True,-0.0043823471036861,0.0,-0.0043823471036861,20258084.754957322
2024-11-14,True,-0.0211517132137193,0.0,-0.0211517132137193,19829591.555961244
2024-11-15,True,-0.0723207508908138,0.0,-0.0723207508908138,18395500.604775984
2024-11-18,True,0.0201966988273267,0.0,0.0201966988273267,18767028.990268555
2024-11-19,True,0.0200606216252092,0.0,0.0200606216252092,19143507.257871665
2024-11-20,True,-0.0011646024472555,0.0,-0.0011646024472555,19121212.682470094
2024-11-21,True,0.0098446187370815,0.0,0.0098446187370815,19309453.73111966
2024-11-22,True,0.003719928052831,0.0,0.003719928052831,19381283.509738892
2024-11-25,True,0.0046005672238063,0.0,0.0046005672238063,19470448.407409094
2024-11-26,True,0.0155196479829207,0.0,0.0155196479829207,19772622.912761703
2024-11-27,True,-0.0241763735226661,0.0,-0.0241763735226661,19294592.59569995
2024-11-29,True,0.0255455744938248,0.0,0.0255455744938248,19787484.048181407
2024-12-02,True,0.0324197214746688,0.0,0.0324197214746688,20428988.7697079
2024-12-03,True,0.0088505412923718,0.0,0.0088505412923718,20609796.378375597
2024-12-04,True,0.036534007237658,0.0,0.036534007237658,21362754.828429833
2024-12-05,True,-0.0082317090387187,0.0,-0.0082317090387187,21186902.84641671
2024-12-06,True,0.0257187491385766,0.0,0.0257187491385766,21731803.4857471
2024-12-09,True,-0.023364405691693,0.0,-0.023364405691693,21224052.812693957
2024-12-10,True,-0.0108530940633363,0.0,-0.0108530940633363,20993706.17111257
2024-12-11,True,0.0534451100688173,0.0,0.0534451100688173,22115717.10818009
2024-12-12,True,-0.0198230344720342,0.0,-0.0198230344720342,21677316.48557088
2024-12-13,True,0.0214807529534974,0.0,0.0214807529534974,22142961.56569221
2024-12-16,True,0.0435123439291957,0.0,0.0435123439291957,23106453.72494957
2024-12-17,True,-0.0133991149906385,0.0,-0.0133991149906385,22796847.694463104
2024-12-18,True,-0.1081051773226454,0.0,-0.1081051773226454,20332390.43205583
2024-12-19,True,-0.0141308210115782,0.0,-0.0141308210115782,20045077.062122922
2024-12-20,True,0.0259483118164915,0.0,0.0259483118164915,20565212.972116493
2024-12-23,True,0.0278533244406098,0.0,0.0278533244406098,21138022.521219093
2024-12-24,True,0.0397366321321626,0.0,0.0397366321321626,21977976.346146144
2024-12-26,True,-0.0021483471240351,0.0,-0.0021483471240351,21930760.02387079
2024-12-27,True,-0.0406798985384008,0.0,-0.0406798985384008,21038618.93122971
2024-12-30,True,-0.0401605665409676,0.0,-0.0401605665409676,20193696.075712
2024-12-31,True,-0.0262122116685163,0.0,-0.0262122116685163,19664374.63980575
2025-01-02,True,-0.0063186638230131,0.0,-0.0063186638230131,19540122.067167033
2025-01-03,True,0.0479459659529606,0.0,0.0479459659529606,20476992.094516117
2025-01-06,True,0.0341019254623826,0.0,0.0341019254623826,21175296.952617105
2025-01-07,True,-0.0538668355145565,0.0,-0.0538668355145565,20034650.71469859
2025-01-08,True,0.0007442566222066,0.0,0.0007442566222066,20049561.636166602
2025-01-10,True,-0.0477194377845116,0.0,-0.0477194377845116,19092807.827062823
2025-01-13,True,-0.0104125735162411,0.0,-0.0104125735162411,18894002.561932065
2025-01-14,True,-0.0035511943069814,0.0,-0.0035511943069814,18826906.28759804
2025-01-15,True,0.067581747594579,0.0,0.067581747594579,20099261.51631329
2025-01-16,True,-0.0204004542072042,0.0,-0.0204004542072042,19689227.452151116
2025-01-17,True,0.049349971606815,0.0,0.049349971606815,20660890.2678749
2025-01-21,True,0.0165984033302462,0.0,0.0165984033302462,21003828.057703044
2025-01-22,True,0.0388073509833732,0.0,0.0388073509833732,21818930.985132754
2025-01-23,True,0.0061503683937358,0.0,0.0061503683937358,21953125.448648818
2025-01-24,True,-0.0179985787657626,0.0,-0.0179985787657626,21558000.391106647
2025-01-27,True,-0.087723362291138,0.0,-0.087723362291138,19666860.112525105
2025-01-28,True,0.0443518251307892,0.0,0.0443518251307892,20539121.253107514
2025-01-29,True,-0.0061706612782613,0.0,-0.0061706612782613,20412381.29290145
2025-01-30,True,0.0125396187054604,0.0,0.0125396187054604,20668344.771184906
2025-01-31,True,-0.0054107358293141,0.0,-0.0054107358293141,20556513.817598842
2025-02-03,True,-0.0241779381786707,0.0,-0.0241779381786707,20059499.69734795
2025-02-04,True,0.0362983480157919,0.0,0.0362983480157919,20787626.39838496
2025-02-05,True,0.013030467245866,0.0,0.013030467245866,21058498.883288413
2025-02-06,True,0.0149869815606815,0.0,0.0149869815606815,21374102.21774789
2025-02-07,True,-0.0381350720196748,0.0,-0.0381350720196748,20558999.29031818
2025-02-10,True,0.0351747504941497,0.0,0.0351747504941497,21282156.960764524
2025-02-11,True,-0.0071229085464825,0.0,-0.0071229085464825,21130566.103061117
2025-02-12,True,0.00199934499997,0.0,0.00199934499997,21172813.394745808
2025-02-13,True,0.0421360714402963,0.0,0.0421360714402963,22064952.572538882
2025-02-14,True,0.0117131847440481,0.0,0.0117131847440481,22323403.43838969
2025-02-18,True,0.0062339729912064,0.0,0.0062339729912064,22462566.932496417
2025-02-19,True,0.0001106495409366,0.0,0.0001106495409366,22465052.405215755
2025-02-20,True,-0.0121682276782643,0.0,-0.0121682276782643,22191692.53274495
2025-02-21,True,-0.0625980702323727,0.0,-0.0625980702323727,20802535.40500496
2025-02-24,True,-0.0359573832556825,0.0,-0.0359573832556825,20054530.666757293
2025-02-25,True,-0.0381659002798674,0.0,-0.0381659002798674,19289131.44917029
2025-02-26,True,0.0064414853576026,0.0,0.0064414853576026,19413382.106960993
2025-02-27,True,-0.0829492714833718,0.0,-0.0829492714833718,17803056.204160254
2025-02-28,True,0.045784438249385,0.0,0.045784438249385,18618159.13158996
2025-03-03,True,-0.0646022728675205,0.0,-0.0646022728675205,17415383.735080067
2025-03-04,True,-0.0109873460087651,0.0,-0.0109873460087651,17224034.888107322
2025-03-05,True,0.0389554716470994,0.0,0.0389554716470994,17895005.29083964
2025-03-06,True,-0.0829051365635599,0.0,-0.0829051365635599,16411417.433396952
2025-03-07,True,0.0207449620569641,0.0,0.0207449620569641,16751871.665353773
2025-03-10,True,-0.1127429127676715,0.0,-0.1127429127676715,14863216.859491566
2025-03-11,True,-0.011703875516984,0.0,-0.011703875516984,14689259.619586136
2025-03-12,False,-0.0011710757893625742,0.0005009207230906979,-0.001671996512453272,14664699.228731668
2025-03-13,False,0.007940084656678526,1.6231222496921327e-06,0.007938461534428834,14781114.379472923
2025-03-14,False,-0.001243424435406781,2.981384827211164e-07,-0.0012437225738895022,14762730.773851931
2025-03-17,False,0.0005845109780793211,8.043668314497155e-07,0.0005837066112478714,14771347.877404701
2025-03-18,False,0.004228345286370431,1.2353781540945242e-06,0.004227109908216337,14833787.988374988
2025-03-19,False,0.004094691879604047,1.7566806680176238e-07,0.0040945162115372455,14894525.173771897
2025-03-20,False,-0.00045709669838767467,2.4451043717327314e-07,-0.00045734120882484793,14887713.293624053
2025-03-21,False,-0.0028960596328247933,8.614684607747281e-07,-0.002896921101285568,14844584.762833863
2025-03-24,False,-0.0029529052469853697,4.3175915169539614e-07,-0.002953337006137065,14800743.701313047
2025-03-25,False,0.002534481701334663,3.1019438249106636e-07,0.002534171506952172,14838251.324282616
2025-03-26,False,-0.0007793453084620389,4.6593864119745534e-08,-0.0007793919023261586,14826686.511355791
2025-03-27,False,0.004297517009732595,1.5115401094731862e-06,0.004296005469623122,14890382.037704961
2025-03-28,False,0.004985793204963945,5.84716923164974e-07,0.00498520848804078,14964613.6966295
2025-03-31,False,0.004665137021762408,1.7410671866373018e-06,0.004663395954575771,15034399.615604153
2025-04-01,False,-0.001332060143275293,5.580950947411955e-07,-0.0013326182383700343,15014364.500473453
2025-04-02,False,0.0005958520535199865,2.6650078512147067e-07,0.0005955855527348651,15023306.83905343
2025-04-03,False,-0.0026743169244808768,1.9585117199677345e-06,-0.0026762754362008446,14983100.331989562
2025-04-04,False,-0.007712052719889778,2.633679410526793e-06,-0.007714686399300305,14867510.41163901
2025-04-07,False,-0.010808738222469716,1.798955789145601e-06,-0.010810537178258861,14706784.637585836
2025-04-08,False,-0.00018503318827491774,9.383114485987109e-07,-0.00018597149972351645,14704049.594790673
2025-04-09,False,0.014273641482568976,3.732984933435754e-06,0.01426990849763554,14913875.037053028
2025-04-10,False,0.001663853214448113,3.7869867147426046e-06,0.0016600662277333703,14938633.057326674
2025-04-11,False,0.004423554255464933,2.4330888577014654e-06,0.0044211211666072316,15004678.5641366
2025-04-14,False,0.00013467889740255887,9.957550273118065e-07,0.00013368314237524706,15006684.436717385
2025-04-15,False,0.0012888151675749541,7.787988002229546e-07,0.0012880363687747312,15026013.592046605
2025-04-16,False,0.010553824566036164,3.6262270525779793e-06,0.010550198338983586,15184541.01568696
2025-04-17,False,-0.0022235640313482117,3.7141988111287494e-07,-0.0022239354512293245,15150771.576611528
2025-04-21,False,0.008888419644003304,3.642154610592946e-06,0.00888477748939271,15285382.810862338
2025-04-22,False,-0.004985222850654512,1.5427653124402973e-06,-0.0049867656159669526,15209158.189434236
2025-04-23,False,-0.00807654687652303,2.6719272545908806e-06,-0.00807921880377762,15086280.072600532
2025-04-24,False,0.004424972082796556,1.6811119491256244e-06,0.004423290970847431,15153011.079029342
2025-04-25,False,-0.0032425403344566377,1.2706433362368736e-06,-0.0032438109777928746,15103857.57534457
2025-04-28,False,0.0090790820336798,1.0015632869452285e-06,0.009078080470392855,15240971.609826902
2025-04-29,False,-0.0008509823112634839,1.4825855134491806e-06,-0.000852464896776933,15227979.216536751
2025-04-30,False,-0.0021100174764044737,1.2396466861771539e-06,-0.002111257123090651,15195829.036945561
2025-05-01,False,-0.009773357450365892,1.8512479230476664e-06,-0.00977520869828894,15047286.6367659
2025-05-02,False,0.0012539579942658918,1.2085318725794103e-06,0.0012527494623933125,15066137.117010584
2025-05-05,False,0.010250273011814193,3.2364062465358725e-06,0.010247036605567656,15220520.375553092
2025-05-06,False,0.01001340201895277,2.972006890211862e-06,0.010010430012062558,15372884.32951974
2025-05-07,False,-0.005124353600449482,1.6532564038889004e-06,-0.00512600685685337,15294082.819037007
2025-05-08,False,-0.01013146240001263,1.6101144641308268e-06,-0.01013307251447676,15139106.76878929
2025-05-09,False,0.002544891419815127,7.82971229840293e-07,0.0025441084485852868,15177622.298223801
2025-05-12,False,-0.01412213869779018,2.3783253193109117e-06,-0.01412451702310949,14963245.713702213
2025-05-13,False,0.0008242823659025377,5.719802323965878e-07,0.0008237103856701412,14975571.094599923
2025-05-14,False,-0.0075640282138921015,2.2627487933177397e-06,-0.007566290962685419,14862261.566365797
2025-05-15,False,0.0068935410824529295,1.501385545251907e-06,0.006892039696907677,14964692.863067016
2025-05-16,False,-0.005007111273070878,1.1859273970393213e-06,-0.0050082972004679175,14889745.233695056
2025-05-19,False,0.006216890373742124,1.103768119185708e-06,0.006215786605622938,14982296.712679796
2025-05-20,False,0.007990748488072734,1.7578694698822395e-06,0.007988990618602851,15101990.14056252
2025-05-21,False,0.003009342132808459,1.1747978995563652e-06,0.0030081673349089027,15147419.453995476
2025-05-22,False,-0.0020210300366310754,1.1423860216010773e-06,-0.0020221724226526763,15116788.760101253
2025-05-23,False,0.00927782238296505,2.0853963401693823e-06,0.00927573698662488,15257008.116722321
2025-05-27,False,-0.006890035754187988,1.688150884651185e-06,-0.006891723905072639,15151861.029164419
2025-05-28,False,-0.0015574782081268195,1.9655249424770093e-07,-0.0015576747606210672,15128259.357662851
2025-05-29,False,0.0033700864197863385,4.2434144131052454e-07,0.0033696620783450278,15179236.479531735
2025-05-30,False,0.0003544000352447742,1.1548144606648852e-06,0.00035324522078410933,15184598.472273283
2025-06-02,False,0.011127940551055775,2.547173654188953e-06,0.011125393377401586,15353533.103555214
2025-06-03,False,-0.005159208198123321,6.947736179563485e-07,-0.005159902971741277,15274310.362467451
2025-06-04,False,0.0033326236171682803,8.044230967842042e-07,0.003331819194071496,15325201.602909325
2025-06-05,False,-0.0011847189291566407,9.519142390106705e-07,-0.0011856708433956513,15307030.958199596
2025-06-06,False,-0.008370925412713144,8.479562256664825e-07,-0.00837177336893881,15178883.964066219
2025-06-09,True,0.0044468973433842,0.0005,0.003946897343384201,15238793.46085953
2025-06-10,True,0.0193185658659573,0.0,0.0193185658659573,15533185.096050866
2025-06-11,True,-0.0102661282078427,0.0,-0.0102661282078427,15373719.426378656
2025-06-12,True,0.0065162280457098,0.0,0.0065162280457098,15473898.088071698
2025-06-13,True,-0.0377857806974449,0.0,-0.0377857806974449,14889204.76838121
2025-06-16,True,0.0407797887189631,0.0,0.0407797887189631,15496383.393029176
2025-06-17,True,-0.0295513727773275,0.0,-0.0295513727773275,15038443.990681382
2025-06-18,True,-0.0013595184148581,0.0,-0.0013595184148581,15017998.949145239
2025-06-20,True,-0.0137489192556509,0.0,-0.0137489192556509,14811517.694211992
2025-06-23,True,0.0310557511086151,0.0,0.0310557511086151,15271500.501264287
2025-06-24,True,0.045515436079677,0.0,0.045515436079677,15966589.506170338
2025-06-25,True,0.0076784086956385,0.0,0.0076784086956385,16089187.505874205
2025-06-26,True,0.0273954616416092,0.0,0.0273954616416092,16529958.22503604
2025-06-27,True,0.0097977686951242,0.0,0.0097977686951242,16691914.932265012
2025-06-30,True,0.019405595886125,0.0,0.019405595886125,17015831.488006122
2025-07-01,True,-0.0254216433526477,0.0,-0.0254216433526477,16583261.088569278
2025-07-02,True,0.0199036357464554,0.0,0.0199036357464554,16913328.276764527
2025-07-03,True,0.027999929423258,0.0,0.027999929423258,17386900.27482633
2025-07-07,True,-0.0222851353689068,0.0,-0.0222851353689068,16999430.848556146
2025-07-08,True,0.0013264974259095,0.0,0.0013264974259095,17021980.549818683
2025-07-09,True,0.0207155700659473,0.0,0.0207155700659473,17374600.58055965
2025-07-10,True,-0.004601837046551,0.0,-0.004601837046551,17294645.499939002
2025-07-11,True,-0.0075865496197597,0.0,-0.0075865496197597,17163438.81369756
2025-07-14,True,0.0106307287533902,0.0,0.0106307287533902,17345898.67620139
2025-07-15,True,0.0026000943513255,0.0,0.0026000943513255,17390999.649368044
2025-07-16,True,0.0028292501859328,0.0,0.0028292501859328,17440203.13835958
2025-07-17,True,0.0232750341502496,0.0,0.0232750341502496,17846124.46199219
2025-07-18,True,-0.0034463927465485,0.0,-0.0034463927465485,17784619.708092377
2025-07-21,True,0.0152160758007748,0.0,0.0152160758007748,18055231.82965867
2025-07-22,True,-0.0155558068627152,0.0,-0.0155558068627152,17774368.13045495
2025-07-23,True,0.013148791923814,0.0,0.013148791923814,18008079.598579574
2025-07-24,True,0.0066029801414322,0.0,0.0066029801414322,18126986.590554327
2025-07-25,True,0.0056547297991056,0.0,0.0056547297991056,18229489.801795922
2025-07-28,True,0.0097841733313102,0.0,0.0097841733313102,18407850.28975805
2025-07-29,True,-0.0045663140714862,0.0,-0.0045663140714862,18323794.263954114
2025-07-30,True,0.0034684962566555,0.0,0.0034684962566555,18387350.275766365
2025-07-31,True,-0.0165012884704615,0.0,-0.0165012884704615,18083935.30465853
2025-08-01,True,-0.0599706003052877,0.0,-0.0599706003052877,16999430.848556172
2025-08-04,True,0.0547516270543755,0.0,0.0547516270543755,17930177.346512966
2025-08-05,True,-0.0208095250192057,0.0,-0.0208095250192057,17557058.87242191
2025-08-06,True,0.0373657037509911,0.0,0.0373657037509911,18213090.732987538
2025-08-07,True,0.0101305144655601,0.0,0.0101305144655601,18397598.712120626
2025-08-08,True,0.0269668258543249,0.0,0.0269668258543249,18893723.55272814
2025-08-11,True,-0.0087890379018634,0.0,-0.0087890379018634,18727665.90031588
2025-08-12,True,0.0368911107799279,0.0,0.0368911107799279,19418550.297693912
2025-08-13,True,0.0014779045106418,0.0,0.0014779045106418,19447249.060769003
2025-08-14,True,-0.0027407332565911,0.0,-0.0027407332565911,19393949.33851894
2025-08-15,True,-0.0141649662271493,0.0,-0.0141649662271493,19119234.70112778
2025-08-18,True,-0.0012867125467904,0.0,-0.0012867125467904,19094633.741952807
2025-08-19,True,-0.0407988043976176,0.0,-0.0407988043976176,18315595.514870726
2025-08-20,True,-0.0182449193347624,0.0,-0.0182449193347624,17981428.952133775
2025-08-21,True,-0.0139094678315278,0.0,-0.0139094678315278,17731316.844559167
2025-08-22,True,0.0449762733808247,0.0,0.0449762733808247,18528805.39836208
2025-08-25,True,-0.0087408067464126,0.0,-0.0087408067464126,18366848.691133108
2025-08-26,True,0.0116084085559153,0.0,0.0116084085559153,18580058.57462446
2025-08-27,True,0.0045239068986113,0.0,0.0045239068986113,18664113.029786807
2025-08-28,True,0.0182336885769167,0.0,0.0182336885769167,19004428.654336315
2025-08-29,True,-0.0360301383817748,0.0,-0.0360301383817748,18319696.460054014
2025-09-02,True,-0.0255147751639041,0.0,-0.0255147751639041,17852273.523804765
2025-09-03,True,0.0233118633003204,0.0,0.0233118633003204,18268443.28379163
2025-09-04,True,0.0270451934529873,0.0,0.0270451934529873,18762516.866486706
2025-09-05,True,0.0032780652157424,0.0,0.0032780652157424,18824021.620386515
2025-09-08,True,0.0142669228217948,0.0,0.0142669228217948,19092582.48404037
2025-09-09,True,0.0081607198077182,0.0,0.0081607198077182,19248391.70009837
2025-09-10,True,0.0010650247725154,0.0,0.0010650247725154,19268891.714090057
2025-09-11,True,0.0168103366061398,0.0,0.0168103366061398,19592808.26983117
2025-09-12,True,0.0124516629980862,0.0,0.0124516629980862,19836771.315593224
2025-09-15,True,0.0255270007858445,0.0,0.0255270007858445,20343144.592554994
2025-09-16,True,-0.0027209436846034,0.0,-0.0027209436846034,20287792.041750904
2025-09-17,True,-0.0063662422556775,0.0,-0.0063662422556775,20158635.04278031
2025-09-18,True,0.0269501700474885,0.0,0.0269501700474885,20701913.6851085
2025-09-19,True,0.0198058562976071,0.0,0.0198058562976071,21111932.812641226
2025-09-22,True,0.0168964285347619,0.0,0.0168964285347619,21468649.076640714
2025-09-23,True,-0.020148934285181,0.0,-0.020148934285181,21036078.67720387
2025-09-24,True,-0.0107499247945036,0.0,-0.0107499247945036,20809942.413452666
2025-09-25,True,-0.0134109463379495,0.0,-0.0134109463379495,20530861.392450035
2025-09-26,True,0.0119939808623861,0.0,0.0119939808623861,20777108.151079383
2025-09-29,True,0.0133333373650565,0.0,0.0133333373650565,21054136.343527988
2025-09-30,True,0.0077972815707805,0.0,0.0077972815707805,21218301.37282808
2025-10-01,True,0.0141198806364879,0.0,0.0141198806364879,21517901.255521443
2025-10-02,True,0.0122067250600379,0.0,0.0122067250600379,21780564.36001664
2025-10-03,True,-0.0135669485575566,0.0,-0.0135669485575566,21485068.563789744
2025-10-06,True,0.0223496065220929,0.0,0.0223496065220929,21965251.392290633
2025-10-07,True,-0.0161622282218717,0.0,-0.0161622282218717,21610243.986337647
2025-10-08,True,0.0338999644156667,0.0,0.0338999644156667,22342830.48848837
2025-10-09,True,-0.0039493046503308,0.0,-0.0039493046503308,22254591.844138626
2025-10-10,True,-0.1049331330572727,0.0,-0.1049331330572727,19919347.79702233
2025-10-13,True,0.0634593882813054,0.0,0.0634593882813054,21183417.42318394
2025-10-14,True,-0.0203430519701365,0.0,-0.0203430519701365,20752482.061639015
2025-10-15,True,0.0204688020094541,0.0,0.0204688020094541,21177260.50816345
2025-10-16,True,-0.0111434303645182,0.0,-0.0111434303645182,20941273.18037947
2025-10-17,True,0.0190102829518046,0.0,0.0190102829518046,21339372.708909523
2025-10-20,True,0.0375035927458367,0.0,0.0375035927458367,22139675.852436088
2025-10-21,True,-0.0011122348386174,0.0,-0.0011122348386174,22115051.333637312
2025-10-22,True,-0.0294145011180896,0.0,-0.0294145011180896,21464548.13145743
2025-10-23,True,0.025047815390226,0.0,0.025047815390226,22002188.170488797
2025-10-24,True,0.0311508631102122,0.0,0.0311508631102122,22687575.322312824
2025-10-27,True,0.0530933592490354,0.0,0.0530933592490354,23892134.909389928
2025-10-28,True,0.0228463556745517,0.0,0.0228463556745517,24437983.121354226
2025-10-29,True,0.012763480160594,0.0,0.012763480160594,24749896.834088564
2025-10-30,True,-0.045767417408975,0.0,-0.045767417408975,23617157.97485376
2025-10-31,True,0.0141628799695889,0.0,0.0141628799695889,23951644.948474437
2025-11-03,True,0.0137080379784562,0.0,0.0137080379784562,24279975.007074624
2025-11-04,True,-0.0611899433552832,0.0,-0.0611899433552832,22794284.711724035
2025-11-05,True,0.0194453528428368,0.0,0.0194453528428368,23237527.620743588
2025-11-06,True,-0.0560755723904552,0.0,-0.0560755723904552,21934469.958471376
2025-11-07,True,-0.010384529705177,0.0,-0.010384529705177,21706690.80362032
2025-11-10,True,0.0655133365701248,0.0,0.0655133365701248,23128768.54406153
2025-11-11,True,-0.0082512307409599,0.0,-0.0082512307409599,22937927.738050226
2025-11-12,True,-0.0020575620248919,0.0,-0.0020575620248919,22890731.529006697
2025-11-13,True,-0.0617660281287497,0.0,-0.0617660281287497,21476861.961498413
2025-11-14,True,0.000764300448254,0.0,0.000764300448254,21493276.736722678
2025-11-17,True,-0.0256826152245116,0.0,-0.0256826152245116,20941273.18037948
2025-11-18,True,-0.0361587112581753,0.0,-0.0361587112581753,20184063.73007157
2025-11-19,True,0.0171817562120453,0.0,0.0171817562120453,20530861.392450046
2025-11-20,True,-0.0714642539115214,0.0,-0.0714642539115214,19063638.70087774
2025-11-21,True,0.0221742807509133,0.0,0.0221742807509133,19486361.177564982
2025-11-24,True,0.0758215872568084,0.0,0.0758215872568084,20963848.01190741
2025-11-25,True,0.0182065831217739,0.0,0.0182065831217739,21345528.053288434
2025-11-26,True,0.0261488982896949,0.0,0.0261488982896949,21903690.095293704
2025-11-28,True,0.0219223909656427,0.0,0.0219223909656427,22383871.35315301
2025-12-01,True,-0.008984298335485,0.0,-0.008984298335485,22182767.975013163
2025-12-02,True,0.0231268294133557,0.0,0.0231268294133557,22695785.065887347
2025-12-03,True,0.0070523831507647,0.0,0.0070523831507647,22855844.438079387
2025-12-04,True,-0.0032321516974122,0.0,-0.0032321516974122,22781970.88168306
2025-12-05,True,0.0115294974478248,0.0,0.0115294974478248,23044635.556819845
2025-12-08,True,-0.0062333885582692,0.0,-0.0062333885582692,22900989.38921048
2025-12-09,True,0.0037634101449048,0.0,0.0037634101449048,22987175.205006193
2025-12-10,True,0.0114266430492584,0.0,0.0114266430492584,23249841.450784568
2025-12-11,True,-0.0095322043507136,0.0,-0.0095322043507136,23028219.210953996
2025-12-12,True,-0.0586348179851891,0.0,-0.0586348179851891,21677963.768996675
2025-12-15,True,-0.0151457979217474,0.0,-0.0151457979217474,21349633.710396487
2025-12-16,True,0.0059592709096443,0.0,0.0059592709096443,21476861.961498417
2025-12-17,True,-0.0559908766616094,0.0,-0.0559908766616094,20274353.632333748
2025-12-18,True,0.0427125097398377,0.0,0.0427125097398377,21140322.15932372
2025-12-19,True,0.0390216017877997,0.0,0.0390216017877997,21965251.392290648
2025-12-22,True,0.0136397916866137,0.0,0.0136397916866137,22264852.845625594
2025-12-23,True,0.0140091715070118,0.0,0.0140091715070118,22576764.987718347
2025-12-24,True,0.0079383029255617,0.0,0.0079383029255617,22755986.18727007
2025-12-26,True,-0.0009032091879689,0.0,-0.0009032091879689,22735432.771464434
2025-12-29,True,-0.0148255104643428,0.0,-0.0148255104643428,22398368.374999728
2025-12-30,True,-0.0071573180154703,0.0,-0.0071573180154703,22238056.129512202
2025-12-31,True,-0.025508276570936,0.0,-0.025508276570936,21670801.643360607
2026-01-02,True,-0.0070182686328313,0.0,-0.0070182686328313,21518710.1359387
2026-01-05,True,0.0238777377843546,0.0,0.0238777377843546,22032528.25402218
2026-01-06,True,0.0263059762007025,0.0,0.0263059762007025,22612115.417913795
2026-01-07,True,0.0029085755398201,0.0,0.0029085755398201,22677884.46372193
2026-01-08,True,-0.0177632725361689,0.0,-0.0177632725361689,22275051.021449085
2026-01-09,True,0.0289720835403131,0.0,0.0289720835403131,22920405.660507247
2026-01-12,True,0.0023314569341057,0.0,0.0023314569341057,22973843.599216953
2026-01-13,True,-0.0051887449029346,0.0,-0.0051887449029346,22854638.1853407
2026-01-14,True,-0.0318344641948525,0.0,-0.0318344641948525,22127073.024343163
2026-01-15,True,0.01021733513535,0.0,0.01021733513535,22353152.74499724
2026-01-16,True,-0.0044134776189845,0.0,-0.0044134776189845,22254497.605643455
2026-01-20,True,-0.0629848199409854,0.0,-0.0629848199409854,20852802.081074912
2026-01-21,True,0.0394244345734537,0.0,0.0394244345734537,21674912.01239343
2026-01-22,True,0.0221884912337553,0.0,0.0221884912337553,22155845.60757284
2026-01-23,True,0.0089054212111392,0.0,0.0089054212111392,22353152.744997244
2026-01-26,True,0.0128723854174799,0.0,0.0128723854174799,22640891.142426647
2026-01-27,True,0.0265068634127685,0.0,0.0265068634127685,23241030.15148231
2026-01-28,True,0.0091970369713587,0.0,0.0091970369713587,23454778.765037958
2026-01-29,True,-0.0178759515596306,0.0,-0.0178759515596306,23035502.275992285
2026-01-30,True,-0.0364025666730827,0.0,-0.0364025666730827,22196950.86854253
2026-02-02,True,0.0203703402321331,0.0,0.0203703402321331,22649110.30985068
2026-02-03,True,-0.0468239478091012,0.0,-0.0468239478091012,21588589.55077966
2026-02-04,True,-0.052551397129314,0.0,-0.052551397129314,20454079.00783488
2026-02-05,True,-0.042604505928623,0.0,-0.042604505928623,19582643.077481057
2026-02-06,True,0.0619228089740024,0.0,0.0619228089740024,20795255.34397399
2026-02-09,True,0.0227317649768976,0.0,0.0227317649768976,21267968.20108778
2026-02-10,True,-0.0139157959678288,0.0,-0.0139157959678288,20972007.494951174
2026-02-11,True,0.0074481127518346,0.0,0.0074481127518346,21128209.37140589
2026-02-12,True,-0.0610895318533855,0.0,-0.0610895318533855,19837496.952006392
2026-02-13,True,0.0043514795149113,0.0,0.0043514795149113,19923819.413620163
2026-02-17,True,-0.002475808912581,0.0,-0.002475808912581,19874491.843943268
2026-02-18,True,0.0215098444009562,0.0,0.0215098444009562,20301989.071054563
2026-02-19,True,-0.0113383023151696,0.0,-0.0113383023151696,20071798.981367677
2026-02-20,True,0.025189440193537,0.0,0.025189440193537,20577396.361385535
2026-02-23,True,-0.036356404586182,0.0,-0.036356404586182,19829276.213940777
2026-02-24,True,0.0319236832010385,0.0,0.0319236832010385,20462299.745900508
2026-02-25,True,0.0419847638791193,0.0,0.0419847638791193,21321404.569155905
2026-02-26,True,-0.0350877516074626,0.0,-0.0350877516074626,20573284.421711147
2026-02-27,True,-0.0105893355422124,0.0,-0.0105893355422124,20355427.009764273
2026-03-02,True,0.0036348922495343,0.0,0.0036348922495343,20429416.79363803
2026-03-03,True,-0.0321932287193131,0.0,-0.0321932287193131,19771727.906198267
2026-03-04,True,0.0449064143861055,0.0,0.0449064143861055,20659605.312683333
2026-03-05,True,-0.0091523930808646,0.0,-0.0091523930808646,20470520.483966134
2026-03-06,True,-0.045381487401964,0.0,-0.045381487401964,19541537.81651138
2026-03-09,True,0.0389146065004495,0.0,0.0389146065004495,20301989.071054574
2026-03-10,True,0.0002024613952074,0.0,0.0002024613952074,20306099.440087385
2026-03-11,True,-0.001012179412707,0.0,-0.001012179412707,20285546.024281748
2026-03-12,True,-0.0510637180951932,0.0,-0.0510637180951932,19249690.620690756
2026-03-13,True,-0.0192185161465774,0.0,-0.0192185161465774,18879740.13068039
2026-03-16,True,0.0333115370536754,0.0,0.0333115370536754,19508653.293607313
2026-03-17,True,0.0147492701366367,0.0,0.0147492701366367,19796391.691036716
2026-03-18,True,-0.0427741443679537,0.0,-0.0427741443679537,18949617.974879753
2026-03-19,True,-0.0088936575468155,0.0,-0.0088936575468155,18781086.56196819
2026-03-20,True,-0.0571240573664139,0.0,-0.0571240573664139,17708234.695798732
2026-03-23,True,0.0345867403880413,0.0,0.0345867403880413,18320704.81195283
2026-03-24,True,-0.0213148096201868,0.0,-0.0213148096201868,17930202.476778414
2026-03-25,True,0.0193350540993633,0.0,0.0193350540993633,18276883.91167946
2026-03-26,True,-0.0711872018666666,0.0,-0.0711872018666666,16975803.687165104
2026-03-27,False,0.016002071246053236,0.0005031318458491429,0.015498939400204094,17238910.63978224
2026-03-30,False,0.004081980486378742,7.256061066438363e-07,0.004081254880272098,17309267.027961425
2026-03-31,False,0.013134720918056708,4.0730195777693295e-06,0.01313064789847894,17536548.918686338
2026-04-01,False,0.0030149376841597836,2.406890845809889e-06,0.0030125307933139738,17589378.312312335
2026-04-02,False,-0.0019009315977705904,2.890141247102143e-06,-0.0019038217390176925,17555891.27150555
2026-04-06,False,-0.0002728639362364948,9.273970425802414e-07,-0.00027379133327907503,17551084.620627422
2026-04-07,False,0.0043805199039385215,8.872914959367622e-07,0.004379632612442585,17627951.92321566
2026-04-08,False,-0.005056873695014345,3.0861272063200524e-06,-0.005059959822220665,17538755.194736153
2026-04-09,False,0.005226176859524676,8.665009891690723e-07,0.005225310358535507,17630400.63393103
2026-04-10,False,-0.00045482269166114575,3.12612631928888e-07,-0.00045513530429307464,17622376.416173693
2026-04-13,False,0.002421702404715199,1.3115401060521114e-06,0.0024203908646091466,17665029.455064103
2026-04-14,False,0.005989409629245437,2.7104222476709295e-06,0.005986699206997766,17770784.672894325
2026-04-15,True,0.041939743210378,0.0005,0.041439743210378,18507201.426385984
2026-04-16,True,0.0140161501870605,0.0,0.0140161501870605,18766601.141120393
2026-04-17,True,0.0382775090506954,0.0,0.0382775090506954,19484939.886150423
