Date,risk_on,gross_return,trading_cost,net_return,nav_1000
1996-01-02,False,0.004993229045662498,0.0005008280700972822,0.004492400975565216,1004.4924009755651
1996-01-03,False,0.005457949709421872,9.029455218602934e-07,0.005457046763900012,1009.9739629816709
1996-01-04,False,-0.002710026359406731,8.113270150391094e-07,-0.00271083768642177,1007.2360875005153
1996-01-05,False,0.000808875595453244,5.947640867637743e-07,0.0008082808313664803,1008.0502171227026
1996-01-08,False,-0.0016992592726237023,8.599180115508864e-07,-0.0017001191906352532,1006.3364116034484
1996-01-09,False,-0.0008982423082977857,7.150563966742407e-07,-0.0008989573646944599,1005.4317580748773
1996-01-10,False,-0.0008473863065690616,2.4428198371576337e-06,-0.0008498291264062192,1004.5773128822515
1996-01-11,False,-0.005306447916390216,1.6677753100875215e-06,-0.005308115691700303,999.2449002842151
1996-01-12,False,-0.000736171346598332,8.028958444819545e-07,-0.000736974242442814,998.5084825308132
1996-01-15,False,-0.004650282425282455,9.210439227945594e-07,-0.004651203469205249,993.864216412835
1996-01-16,False,-0.0003712702766466326,1.6020497473451107e-06,-0.0003728723263939777,993.4936319503415
1996-01-17,False,0.0049642628293348826,9.960117310965772e-07,0.004963266817603786,998.4246059273014
1996-01-18,False,0.003032588197195056,7.888430643012423e-07,0.0030317993541307546,1001.4516290027
1996-01-19,False,0.0007320271652113351,5.765824535162584e-07,0.0007314505827578188,1002.1841413803378
1996-01-22,False,-0.0027059925971917604,1.7476412895399002e-06,-0.0027077402384813004,999.4704870543545
1996-01-23,False,0.0011130862494686045,4.916309085098991e-07,0.0011125946185600946,1000.582492539661
1996-01-24,False,0.0012961812337548293,6.926042387771503e-07,0.0012954886295160522,1001.8787357816387
1996-01-25,False,-0.002626633306766577,2.1384392301659337e-06,-0.002628771745996743,999.2450252681011
1996-01-26,False,0.003901965623270942,7.251761171748056e-07,0.0039012404471537674,1003.1433203772941
1996-01-29,False,-0.00017239807042292223,1.0722511991082123e-06,-0.00017347032162203044,1002.9693047828752
1996-01-30,False,0.00658075339072202,7.31725794542823e-07,0.006580021664927477,1009.5688645376038
1996-01-31,False,0.0029772602074554285,9.06104994909826e-07,0.002976354102460519,1012.5736989692866
1996-02-01,False,0.0009258442026929894,1.3007437814750444e-06,0.0009245434589115144,1013.5098673593345
1996-02-02,False,0.003630530362423477,1.586422740030541e-06,0.0036289439396834464,1017.1878378502977
1996-02-05,False,-0.009930530622164887,3.3077593686739044e-06,-0.00993383838153356,1007.0832582654313
1996-02-06,False,0.002709179608074602,1.7520567622019007e-06,0.0027074275513124,1009.8098632253245
1996-02-07,False,0.004134116255821243,6.861826172577524e-07,0.004133430073203985,1013.983841682198
1996-02-08,False,-0.003678558347959613,1.93162504475336e-06,-0.0036804899730043666,1010.2518843200983
1996-02-09,False,0.002193430316103587,5.382476718883145e-07,0.0021928920684316988,1012.4672576643421
1996-02-12,False,-0.0011490266302223507,1.2422843499040603e-06,-0.0011502689145722548,1011.3026480508285
1996-02-13,False,0.007037429959061563,2.5607406405882965e-06,0.007034869218420975,1018.4170299201089
1996-02-14,False,-0.0016241637191994139,2.2708194610325529e-07,-0.0016243908011455172,1016.7627226649766
1996-02-15,False,-0.0013193367125256077,8.385339140504627e-07,-0.0013201752464396582,1015.4204176870119
1996-02-16,False,-0.0034140855060498057,6.716425281609873e-07,-0.003414757148577967,1011.9530035569031
1996-02-20,False,-0.011461157953846368,8.26093766379113e-07,-0.011461984047612747,1000.3540143731999
1996-02-21,False,-0.001382334445003676,2.0126958185077565e-06,-0.0013843471408221837,998.9691771535925
1996-02-22,False,0.005066003597823904,3.483136180288532e-07,0.005065655284205875,1004.0296106445994
1996-02-23,False,-0.0030921579360744696,1.7757541390443776e-07,-0.003092335511488374,1000.9248142250174
1996-02-26,False,0.000915343966507488,4.640166534561757e-07,0.0009148799498540318,1001.840540268863
1996-02-27,False,0.0009286565653590734,6.227428182086353e-07,0.0009280338225408647,1002.770282175025
1996-02-28,False,-0.0007923118321326135,1.3364441858969013e-06,-0.0007936482763185105,1001.9744352690334
1996-02-29,False,0.0045238204280604296,5.929543191481868e-07,0.004523227473741282,1006.5065935626287
1996-03-01,False,0.0036977311672816617,1.569892371772047e-06,0.00369616127490989,1010.2268042566961
1996-03-04,False,-0.0031695310498543235,1.424399416322164e-06,-0.003170955449270646,1007.0234200667392
1996-03-05,False,-0.002658226956419068,3.99120530335792e-07,-0.0026586260769494038,1004.346121342051
1996-03-06,False,-0.000907515167133012,6.304316793763753e-07,-0.0009081455988123883,1003.4340288322701
1996-03-07,False,-0.0011046345726143342,3.362656886028298e-07,-0.001104970838302937,1002.3252634922495
1996-03-08,False,-0.009775751609307916,2.881844937104902e-06,-0.00977863345424502,992.5238921386292
1996-03-11,False,0.003982171503678734,1.1029697638540171e-06,0.00398106853391488,996.475197774781
1996-03-12,False,-0.001722251505115567,4.958176416139521e-07,-0.001722747322757181,994.7585227956205
1996-03-13,False,0.001708343932034816,4.6614633972330566e-07,0.0017078777856950928,996.4574487788341
1996-03-14,False,0.000687888832188433,8.114603334674203e-07,0.0006870773718549656,997.1420921439063
1996-03-15,False,-0.0038662472500747267,7.288270269314029e-07,-0.0038669760771016582,993.2861675281148
1996-03-18,False,0.0030128630148566343,1.3969805863827124e-06,0.0030114660342702515,996.277415083936
1996-03-19,False,0.0011899794715735854,2.640160545841486e-07,0.0011897154555190013,997.4627017226459
1996-03-20,False,0.0035863775491803127,6.822936194644109e-07,0.0035856952555608484,1001.0392989998115
1996-03-21,False,0.00386127369488537,3.4512177455614525e-07,0.0038609285731108136,1004.9042402321269
1996-03-22,False,0.0018554664435073316,9.442571705571418e-07,0.0018545221863367745,1006.7678574407812
1996-03-25,False,0.004376838913567393,6.454795541349922e-07,0.004376193434013258,1011.1736683280892
1996-03-26,False,0.0013034785800053426,6.170219184809811e-07,0.0013028615580868617,1012.4910876291035
1996-03-27,False,-0.00010836922570067915,9.361229292920576e-07,-0.00010930534862997122,1012.3804169377854
1996-03-28,False,-0.006695354289324035,7.474453632985018e-07,-0.006696101734687334,1005.6014146717649
1996-03-29,False,0.003910567296113902,1.630374769907364e-06,0.003908936921343994,1009.5322471697312
1996-04-01,False,0.0038096833081801315,1.8496727811168485e-06,0.0038078336353990147,1013.3763780165241
1996-04-02,False,0.0028727226939000623,4.168166423603181e-07,0.002872305877257702,1016.2871049429751
1996-04-03,False,-0.0006783531662020822,2.3736328373892558e-07,-0.0006785905294858211,1015.5974621383224
1996-04-04,False,-0.00031813512482844363,9.149802748353448e-07,-0.000319050105103279,1015.2734356612845
1996-04-08,False,-0.002722175055096039,2.2742704780838315e-06,-0.002724449325574123,1012.5073746342237
1996-04-09,False,0.005195539532467429,2.1374541038851614e-07,0.005195325787057041,1017.7676803072462
1996-04-10,False,0.002052382391420344,2.067027271056246e-06,0.0020503153641492876,1019.8544250193147
1996-04-11,False,0.0008435031118332867,8.77009720932409e-07,0.0008426261021123542,1020.7137809781908
1996-04-12,False,0.0035063661576538955,1.0442319485596679e-06,0.0035053219257053358,1024.2917113745232
1996-04-15,False,0.001809731467867626,9.569478380371254e-07,0.0018087745200295888,1026.144424123135
1996-04-16,False,-0.005790437725448627,1.9042870345769848e-06,-0.005792342012483204,1020.2006446644111
1996-04-17,False,-0.003862865198142286,3.767924238126663e-07,-0.0038632419905660987,1016.259362695141
1996-04-18,False,-0.0024176647484956356,1.4496407311379022e-07,-0.0024178097125687496,1013.8022409375278
1996-04-19,False,0.004194251291202722,5.785316111757005e-07,0.004193672759591547,1018.0537957789604
1996-04-22,False,0.005143827900644581,1.1832754512788174e-06,0.005142644625193302,1023.2892846599806
1996-04-23,False,0.004377952185545457,1.2979920884419877e-06,0.004376654193457015,1027.7678679988073
1996-04-24,False,-0.0012481864403541233,4.7529099183024614e-07,-0.0012486617313459535,1026.48453359333
1996-04-25,False,0.005310373205890962,7.195809423881094e-07,0.005309653624948573,1031.9348109180778
1996-04-26,False,-0.003891520089664306,8.664517996409966e-07,-0.003892386541463947,1027.918121748392
1996-04-29,False,-0.0021177013130072773,9.643490148032729e-08,-0.0021177977479087578,1025.7411990651187
1996-04-30,False,-0.003725158228971114,1.6486149801645812e-06,-0.0037268068439512783,1021.9184597443199
1996-05-01,False,0.002858144151761234,6.900038442543e-07,0.00285745414791698,1024.8385448859492
1996-05-02,False,-0.007130619253052948,1.237096119742237e-06,-0.0071318563491726905,1017.5295436027274
1996-05-03,False,-0.0007735582005338786,8.064725918642408e-07,-0.0007743646731257428,1016.7416046702997
1996-05-06,False,-0.0003874732654279435,4.5559765433951515e-07,-0.000387928863082283,1016.3471812555516
1996-05-07,False,0.0017362629391406688,8.707776112485549e-07,0.0017353921615294201,1018.1109421872951
1996-05-08,False,0.004327689109820236,3.206640805805267e-07,0.004327368445739656,1022.5166833527788
1996-05-09,False,-0.002530291510535226,3.4166111098893337e-07,-0.002530633171646215,1019.9290687153247
1996-05-10,False,0.0038914656351783784,5.642112042385239e-07,0.00389090142397414,1023.8975121811416
1996-05-13,False,0.0008195395320384477,1.0708625067324395e-06,0.0008184686695317153,1024.7355402156732
1996-05-14,False,0.0006054903321500827,5.50350922586873e-07,0.0006049399812274958,1025.3554437141345
1996-05-15,False,0.0013744429683257952,4.075874504034238e-07,0.0013740353808753918,1026.764318371771
1996-05-16,False,-0.0019317155281146972,3.277421583869761e-07,-0.0019320432702730841,1024.7805652803042
1996-05-17,False,0.0003204345956253839,5.980018236979995e-07,0.0003198365938016859,1025.1083276056977
1996-05-20,False,0.0018006037484034913,9.066002807356227e-07,0.0017996971481227557,1026.9532121394063
1996-05-21,False,-0.0017150907699635713,4.716270882720169e-07,-0.0017155623970518433,1025.1914098251282
1996-05-22,False,-0.0003510845719646619,2.2094502108160887e-07,-0.0003513055169857435,1024.8312544268904
1996-05-23,False,-0.0009263912826859592,4.0801232521488207e-07,-0.0009267992950111741,1023.8814415427819
1996-05-24,False,0.0007000160722830702,3.5326584864102396e-07,0.0006996628064344292,1024.5978133056278
1996-05-28,False,-0.0006822123555187213,6.018435632106217e-07,-0.0006828141990819319,1023.8982033703545
1996-05-29,False,-0.006177004760657693,8.239219094474531e-07,-0.006177828682567141,1017.5727356815443
1996-05-30,False,-0.002596212144033268,8.294514078123067e-07,-0.00259704159544108,1014.9300569605925
1996-05-31,False,-0.0011377769675630213,4.366595912802945e-07,-0.0011382136271543017,1013.7748497391517
1996-06-03,False,0.0007315876610290683,3.461488182908007e-07,0.0007312415122107775,1014.516163993316
1996-06-04,False,-0.0003503137421542869,3.7096782528579785e-07,-0.0003506847099795727,1014.1603886865764
1996-06-05,False,-0.003452448613267619,9.06688470625694e-07,-0.0034533553017382446,1010.6581325314927
1996-06-06,False,0.0013036800062749343,1.4218877831188164e-06,0.0013022581184918155,1011.9742702896017
1996-06-07,False,0.0006060077402771178,1.8937299712131624e-06,0.0006041140103059047,1012.5856181243529
1996-06-10,False,0.0009524239385919276,8.937447863052173e-07,0.0009515301938056224,1013.5491239138117
1996-06-11,False,-0.0003303598354132467,3.8185278805974446e-07,-0.00033074168820130645,1013.2139009654935
1996-06-12,False,-0.0014896962766824584,2.4765491713357733e-07,-0.001489943931599592,1011.7042690623374
1996-06-13,False,1.0709340073342411e-05,3.2952360950144755e-07,1.0379816463840963e-05,1011.714770366966
1996-06-14,False,0.0017539615450382344,5.539395246987877e-07,0.0017534076055135356,1013.4887187399378
1996-06-17,False,0.004221216105359012,5.225913447724218e-07,0.004220693514014239,1017.76634400165
1996-06-18,False,-0.0006837296084831766,5.036476851258409e-08,-0.0006837799732516892,1017.070415758172
1996-06-19,False,-0.0007840367645199278,7.565607791020362e-07,-0.0007847933252990299,1016.272225684526
1996-06-20,False,0.0006753913171391139,1.211616465236487e-06,0.0006741797006738774,1016.9573757894412
1996-06-21,False,0.003084327509704865,1.3816838495422923e-06,0.0030829458258553226,1020.0926002862041
1996-06-24,False,0.0014171573272790167,2.891164976500799e-07,0.0014168682107813665,1021.5379370636028
1996-06-25,False,0.0023237834106725735,5.8040611538745514e-08,0.0023237253700610348,1023.9117106844374
1996-06-26,False,-0.00038385533064319317,5.01477605066289e-07,-0.0003843568082482595,1023.5181632473906
1996-06-27,False,0.0004085146559394493,7.526195984614432e-07,0.0004077620363409879,1023.9355150978683
1996-06-28,False,0.005773141334357572,1.370374730426227e-06,0.005771770959627146,1029.8454363684414
1996-07-01,False,0.0019270817650983666,1.0018889838255412e-06,0.001926079876114541,1031.8290009389389
1996-07-02,False,-0.003094364999354902,7.39895339683147e-07,-0.003095104894694585,1028.6353819476449
1996-07-03,False,0.0018199088987901207,3.271828718798137e-07,0.001819581715918241,1030.5070680809833
1996-07-05,False,-0.0057120019597589585,1.8254243145002653e-06,-0.005713827384073459,1024.618928575901
1996-07-08,False,0.000504201044332045,8.802263367352347e-08,0.0005041130216983714,1025.1354523200746
1996-07-09,False,0.002640894127348874,5.6387140706951054e-08,0.002640837740208167,1027.8426687113868
1996-07-10,False,0.002951839331717077,4.4976431767661253e-07,0.0029513895673994005,1030.8762328407495
1996-07-11,False,0.003165646115228132,1.020827402494276e-06,0.003164625287825638,1034.1385698358158
1996-07-12,False,0.0029340558180297456,9.941741031394003e-08,0.0029339564006194314,1037.1726873119133
1996-07-15,False,-0.0016623191754299301,1.4562861046998888e-07,-0.0016624648040404,1035.448424223545
1996-07-16,False,-0.0046847720539797,2.7169328688465417e-06,-0.0046874889868485465,1030.5947711385475
1996-07-17,False,-0.005189505427401733,1.2013166681356936e-06,-0.005190706744069868,1025.2452559095955
1996-07-18,False,-0.00029515259430751804,1.5029181578087303e-06,-0.0002966555124653268,1024.941111252801
1996-07-19,False,-0.00445347114287551,1.2165058164025772e-06,-0.004454687648691912,1020.3753187438666
1996-07-22,False,-0.004047103757201335,1.0129154142451691e-06,-0.0040481166726155805,1016.2447204037342
1996-07-23,False,0.002348964924270555,3.493518972686599e-07,0.0023486155723732864,1018.6314885794166
1996-07-24,False,-0.003120512438699232,2.4568124493087875e-07,-0.003120758119944163,1015.4525860902015
1996-07-25,False,-0.0012784356022440626,5.976915097311991e-07,-0.0012790332937537938,1014.1537884243637
1996-07-26,False,-0.001508283039650844,8.382170953533247e-07,-0.0015091212567461974,1012.6233073846427
1996-07-29,False,-0.0027361401297379385,1.9874350509667404e-07,-0.0027363388732430352,1009.8524268646943
1996-07-30,False,-0.00017143928811381428,5.131814314403016e-07,-0.00017195246954525458,1009.6787802460185
1996-07-31,False,0.002754446912731657,1.2674108452735145e-06,0.0027531795018863833,1012.4586071672817
1996-08-01,False,0.009032414318993804,1.286312439933171e-06,0.009031128006553871,1021.6022504499465
1996-08-02,False,0.0035568115371742066,6.992795483289072e-07,0.003556112257625878,1025.2351827351897
1996-08-05,False,0.0013769036638976342,1.232868164633194e-06,0.001375670795733001,1026.6455688348367
1996-08-06,False,-0.0031225897825687536,3.6076429146017496e-07,-0.0031229505468602136,1023.4394054942122
1996-08-07,False,0.0009723820419058239,5.407438500732858e-07,0.0009718412980557506,1024.434026174529
1996-08-08,False,0.00041953046849818755,4.748790290287769e-07,0.00041905558946915875,1024.86332097924
1996-08-09,False,0.0018269600193809334,3.3901691155507895e-07,0.0018266210024693783,1026.735357846001
1996-08-12,False,0.0012778133693339539,7.926848684551014e-07,0.0012770206844654988,1028.0465201354423
1996-08-13,False,0.0007177992676940182,9.21147164093597e-07,0.0007168781205299246,1028.7835041926144
1996-08-14,False,-0.0004900024204845476,3.081201734123212e-07,-0.0004903105406579599,1028.2790807964536
1996-08-15,False,-0.0026125514909993634,2.1785365645482502e-07,-0.0026127693446558182,1025.5924247363978
1996-08-16,False,0.004783788170230461,1.1074043836381276e-06,0.0047826807658468235,1030.497505899783
1996-08-19,False,0.0006650368613219045,2.9896170256069055e-07,0.0006647378996193437,1031.1825166474177
1996-08-20,False,-0.0009981025228126402,6.326143268201023e-07,-0.0009987351371394603,1030.1526384352383
1996-08-21,False,-0.003034886476660819,5.592160778687683e-07,-0.003035445692738688,1027.0256660460363
1996-08-22,False,0.0019970606194907887,5.809962786300776e-07,0.0019964796232121588,1029.0761018608132
1996-08-23,False,-0.0033095093485530345,7.668053309095452e-07,-0.0033102761538839442,1025.6695757802916
1996-08-26,False,-0.0031448878101339828,5.23147706555413e-07,-0.003145410957840538,1022.4434234575086
1996-08-27,False,0.0005658338458341073,5.306720354403272e-07,0.0005653031737986669,1023.0214139698186
1996-08-28,False,0.0006683006329490385,5.166046472957348e-07,0.0006677840283017427,1023.7045713306785
1996-08-29,False,0.0002312917061347604,9.462325265753858e-07,0.00023034547360818502,1023.9403770449964
1996-08-30,False,-0.002048997458654806,5.213069754689825e-07,-0.0020495187656302746,1021.8417920273562
1996-09-03,False,0.004367569733864248,8.666200209815761e-07,0.004366703113843267,1026.303871762457
1996-09-04,False,-0.002309450667937452,2.2110788662323134e-07,-0.0023096717758240752,1023.9334466764283
1996-09-05,False,0.002705702547125934,1.3853013620551691e-06,0.002704317245763879,1026.70248755479
1996-09-06,False,0.003406798262629705,8.991371108147267e-07,0.00340589912551889,1030.1993326593206
1996-09-09,False,0.0006529675772982942,4.571303558688067e-07,0.0006525104469424254,1030.8715484863137
1996-09-10,False,0.0007619136869065126,1.2337410479916906e-06,0.000760679945858521,1031.6557118000037
1996-09-11,True,0.0152740083222615,0.0005,0.0147740083222615,1046.8974018718454
1996-09-12,True,0.0465678952164299,0.0,0.0465678952164299,1095.6492103845662
1996-09-13,True,0.0969563064601493,0.0,0.0969563064601493,1201.879310999433
1996-09-16,True,0.005542772513478,0.0,0.005542772513478,1208.5410546089586
1996-09-17,True,0.0559495108554326,0.0,0.0559495108554326,1276.1583354630386
1996-09-18,True,0.0210771415509081,0.0,0.0210771415509081,1303.0561053409645
1996-09-19,True,0.0374199484581187,0.0,0.0374199484581187,1351.8163976408603
1996-09-20,True,0.0268943471333103,0.0,0.0268943471333103,1388.1726170995148
1996-09-23,True,-0.0406194379715575,0.0,-0.0406194379715575,1331.7858255854262
1996-09-24,True,0.012869661287833,0.0,0.012869661287833,1348.9254580686477
1996-09-25,True,0.0367639853386506,0.0,0.0367639853386506,1398.5173338320158
1996-09-26,True,-0.0045588058295282,0.0,-0.0045588058295282,1392.1417648578463
1996-09-27,True,0.0002682370806805,0.0,0.0002682370806805,1392.5151889007452
1996-09-30,True,-0.0290614027800192,0.0,-0.0290614027800192,1352.046744118806
1996-10-01,True,-0.012704372624348,0.0,-0.012704372624348,1334.8698384759844
1996-10-02,True,0.053086660462267,0.0,0.053086660462267,1405.73362035248
1996-10-03,True,-0.0173510290734642,0.0,-0.0173510290734642,1381.3426954361983
1996-10-04,True,0.0637185672988967,0.0,0.0637185672988967,1469.359872938189
1996-10-07,True,0.0223083761959268,0.0,0.0223083761959268,1502.1389057508934
1996-10-08,True,-0.0456406364213747,0.0,-0.0456406364213747,1433.5803300991151
1996-10-09,True,0.0026892446286839,0.0,0.0026892446286839,1437.4355783016213
1996-10-10,True,-0.0102857924859828,0.0,-0.0102857924859828,1422.6504142312422
1996-10-11,True,0.0564727216001346,0.0,0.0564727216001346,1502.9913550084393
1996-10-14,True,0.024662569111806,0.0,0.024662569111806,1540.058983175782
1996-10-15,True,0.0117881023146707,0.0,0.0117881023146707,1558.2133560400857
1996-10-16,True,-0.0290158786114364,0.0,-0.0290158786114364,1513.0004264505078
1996-10-17,True,-0.0464899114048757,0.0,-0.0464899114048757,1442.6611706692845
1996-10-18,True,0.0038703820445258,0.0,0.0038703820445258,1448.2448205605776
1996-10-21,True,-0.0420379598491333,0.0,-0.0420379598491333,1387.3635629421367
1996-10-22,True,-0.0389718356373156,0.0,-0.0389718356373156,1333.2954581979552
1996-10-23,True,0.0529689547624971,0.0,0.0529689547624971,1403.9187250082857
1996-10-24,True,-0.0053810634475352,0.0,-0.0053810634475352,1396.3641492738332
1996-10-25,True,-0.0197000847307102,0.0,-0.0197000847307102,1368.8556572182126
1996-10-28,True,-0.0079268204051296,0.0,-0.0079268204051296,1358.0049842628982
1996-10-29,True,-0.0424090929315656,0.0,-0.0424090929315656,1300.413224683764
1996-10-30,True,0.0209103676456427,0.0,0.0209103676456427,1327.6053433031573
1996-10-31,True,0.0634581836342412,0.0,0.0634581836342412,1411.8527669722887
1996-11-01,True,0.013822888267634,0.0,0.013822888267634,1431.3686500204963
1996-11-04,True,0.0026382248639414,0.0,0.0026382248639414,1435.1449223824466
1996-11-05,True,0.0540492463967109,0.0,0.0540492463967109,1512.7134239072839
1996-11-06,True,0.0659828154753637,0.0,0.0659828154753637,1612.5265146240638
1996-11-07,True,0.032262164419698,0.0,0.032262164419698,1664.550110169988
1996-11-08,True,0.0119996304777188,0.0,0.0119996304777188,1684.524096403674
1996-11-11,True,0.0225428276149169,0.0,0.0225428276149169,1722.4980327220758
1996-11-12,True,-0.0398487750509204,0.0,-0.0398487750509204,1653.858596090481
1996-11-13,True,0.0171961762034996,0.0,0.0171961762034996,1682.298639924525
1996-11-14,True,0.0412849692882365,0.0,0.0412849692882365,1751.752287607451
1996-11-15,True,-0.0384165326361748,0.0,-0.0384165326361748,1684.4560386800856
1996-11-18,True,-0.0232990388246025,0.0,-0.0232990388246025,1645.2098320365421
1996-11-19,True,0.0470139378597048,0.0,0.0470139378597048,1722.5576248460832
1996-11-20,True,0.0094973079072951,0.0,0.0094973079072951,1738.9172849973054
1996-11-21,True,-0.0296122087517849,0.0,-0.0296122087517849,1687.4241033518779
1996-11-22,True,0.0668653889521212,0.0,0.0668653889521212,1800.2543723496856
1996-11-25,True,0.0103006034667917,0.0,0.0103006034667917,1818.7980787786175
1996-11-26,True,0.0153788676773742,0.0,0.0153788676773742,1846.7691337640165
1996-11-27,True,0.0247107848671696,0.0,0.0247107848671696,1892.4042485277882
1996-11-29,True,0.0056924058164411,0.0,0.0056924058164411,1903.1765814791659
1996-12-02,True,0.0379842951390986,0.0,0.0379842951390986,1975.467402451891
1996-12-03,True,-0.0240841323100993,0.0,-0.0240841323100993,1927.8899841569514
1996-12-04,True,-0.011886570118573,0.0,-0.011886570118573,1904.9739846793755
1996-12-05,True,0.0039181195431441,0.0,0.0039181195431441,1912.437900477929
1996-12-06,True,-0.0310474682408219,0.0,-0.0310474682408219,1853.061545500296
1996-12-09,True,0.1065199211393592,0.0,0.1065199211393592,2050.449515193367
1996-12-10,True,-0.0271080709208987,0.0,-0.0271080709208987,1994.8657843157828
1996-12-11,True,0.0260079373793797,0.0,0.0260079373793797,2046.7481287145351
1996-12-12,True,-0.0457882768310118,0.0,-0.0457882768310118,1953.0310587935985
1996-12-13,True,-0.0532835991647239,0.0,-0.0532835991647239,1848.966534700584
1996-12-16,True,-0.0859269031955473,0.0,-0.0859269031955473,1690.0905662615603
1996-12-17,True,0.0408283118091526,0.0,0.0408283118091526,1759.0941108865948
1996-12-18,True,0.076091549068074,0.0,0.076091549068074,1892.9463067404822
1996-12-19,True,0.0255706591416856,0.0,0.0255706591416856,1941.3501915236554
1996-12-20,True,-0.0346330612938933,0.0,-0.0346330612938933,1874.1152913477054
1996-12-23,True,-0.0335247838542363,0.0,-0.0335247838542363,1811.2859812873544
1996-12-24,True,0.0383747811488129,0.0,0.0383747811488129,1880.7936844171693
1996-12-26,True,0.0270029420030793,0.0,0.0270029420030793,1931.580647197244
1996-12-27,True,-0.0269798087030038,0.0,-0.0269798087030038,1879.466970841438
1996-12-30,True,-0.0324312932983248,0.0,-0.0324312932983248,1818.5134262655652
1996-12-31,True,-0.0188423124868732,0.0,-0.0188423124868732,1784.248428026295
1997-01-02,True,-0.0212589686982421,0.0,-0.0212589686982421,1746.3171465449961
1997-01-03,True,0.1195814739857278,0.0,0.1195814739857278,1955.144324975397
1997-01-06,True,0.0177482270647234,0.0,0.0177482270647234,1989.8446703993654
1997-01-07,True,0.0395108322000775,0.0,0.0395108322000775,2068.465089275733
1997-01-08,True,-0.0399857847581745,0.0,-0.0399857847581745,1985.7558894361555
1997-01-09,True,0.0133556513862782,0.0,0.0133556513862782,2012.2769528337137
1997-01-10,True,0.0299918845547625,0.0,0.0299918845547625,2072.6289308953114
1997-01-13,True,-0.0043757708558163,0.0,-0.0043757708558163,2063.559581624578
1997-01-14,True,0.0587811728901586,0.0,0.0587811728901586,2184.858034161196
1997-01-15,True,-0.0583898006704156,0.0,-0.0583898006704156,2057.284609053368
1997-01-16,True,0.0322002006866934,0.0,0.0322002006866934,2123.529586334532
1997-01-17,True,0.0334681790132897,0.0,0.0334681790132897,2194.6002546699933
1997-01-20,True,0.0552688878782347,0.0,0.0552688878782347,2315.8933700828948
1997-01-21,True,0.0462909129115701,0.0,0.0462909129115701,2423.0981883898844
1997-01-22,True,0.0384893024565929,0.0,0.0384893024565929,2516.361547444845
1997-01-23,True,-0.0416457471871901,0.0,-0.0416457471871901,2411.5657906083907
1997-01-24,True,-0.0474509648706691,0.0,-0.0474509648706691,2297.1346669949244
1997-01-27,True,-0.0287730493006347,0.0,-0.0287730493006347,2231.039097971282
1997-01-28,True,0.0030499333151779,0.0,0.0030499333151779,2237.8436184436496
1997-01-29,True,0.00540407711487,0.0,0.00540407711487,2249.9370979287387
1997-01-30,True,0.0644884886536144,0.0,0.0644884886536144,2395.032140939862
1997-01-31,True,0.0321593988175081,0.0,0.0321593988175081,2472.0549347410974
1997-02-03,True,-0.0117421088234743,0.0,-0.0117421088234743,2443.0277966797607
1997-02-04,True,-0.0058056387331875,0.0,-0.0058056387331875,2428.844459877103
1997-02-05,True,-0.0948707996887824,0.0,-0.0948707996887824,2198.418043648893
1997-02-06,True,-0.0065407361027279,0.0,-0.0065407361027279,2184.0387713819105
1997-02-07,True,0.0482950489081572,0.0,0.0482950489081572,2289.5170306631117
1997-02-10,True,-0.0928364898218995,0.0,-0.0928364898218995,2076.96630614889
1997-02-11,True,-0.0014228040021423,0.0,-0.0014228040021423,2074.0111901761866
1997-02-12,True,0.0988614710033057,0.0,0.0988614710033057,2279.050987314321
1997-02-13,True,0.023235083730388,0.0,0.023235083730388,2332.0049278303927
1997-02-14,True,-0.025439438099167,0.0,-0.025439438099167,2272.680032821899
1997-02-18,True,-0.0081520572694404,0.0,-0.0081520572694404,2254.1530150392214
1997-02-19,True,0.000183329441706,0.0,0.000183329441706,2254.5662676529882
1997-02-20,True,-0.0582689537923353,0.0,-0.0582689537923353,2123.1950499813584
1997-02-21,True,-0.054745132989151,0.0,-0.054745132989151,2006.960454608222
1997-02-24,True,0.0552484983450149,0.0,0.0552484983450149,2117.842005963155
1997-02-25,True,0.0058478013053111,0.0,0.0058478013053111,2130.2267252100687
1997-02-26,True,-0.00464326882058,0.0,-0.00464326882058,2120.335509876135
1997-02-27,True,-0.1097658986683315,0.0,-0.1097658986683315,1887.594977156206
1997-02-28,True,0.0064246725933585,0.0,0.0064246725933585,1899.7221568733028
1997-03-03,True,0.0196020808334295,0.0,0.0196020808334295,1936.96066415339
1997-03-04,True,0.0206629317926022,0.0,0.0206629317926022,1976.983950241745
1997-03-05,True,0.0346842960839315,0.0,0.0346842960839315,2045.5542469251102
1997-03-06,True,-0.0709503627364255,0.0,-0.0709503627364255,1900.421431108738
1997-03-07,True,-0.037144316115433,0.0,-0.037144316115433,1829.8315767190913
1997-03-10,True,0.0490399976139564,0.0,0.0490399976139564,1919.5665128753376
1997-03-11,True,-0.0224701635042148,0.0,-0.0224701635042148,1876.4335394738134
1997-03-12,True,-0.0326786312423145,0.0,-0.0326786312423145,1815.1142597866376
1997-03-13,True,0.0039944819542113,0.0,0.0039944819542113,1822.3647009421868
1997-03-14,True,-0.0056478787307549,0.0,-0.0056478787307549,1812.072206108057
1997-03-17,True,-0.0243234887570385,0.0,-0.0243234887570385,1767.9962881758458
1997-03-18,True,-0.0170568543306473,0.0,-0.0170568543306473,1737.8398330313053
1997-03-19,True,-0.0573917190665387,0.0,-0.0573917190665387,1638.102217551332
1997-03-20,True,0.0364701125580399,0.0,0.0364701125580399,1697.843989807004
1997-03-21,True,-0.0330861374438263,0.0,-0.0330861374438263,1641.668890202075
1997-03-24,True,-0.0384696955245599,0.0,-0.0384696955245599,1578.514387843859
1997-03-25,True,0.017791922379647,0.0,0.017791922379647,1606.599193307533
1997-03-26,True,0.1008278294916792,0.0,0.1008278294916792,1768.5891028318142
1997-03-27,True,-0.0564606021210593,0.0,-0.0564606021210593,1668.7334971811858
1997-03-31,True,-0.079665566280785,0.0,-0.079665566280785,1535.792898156532
1997-04-01,True,-0.0012416747904138,0.0,-0.0012416747904138,1533.8859428315943
1997-04-02,True,-0.0486815580967071,0.0,-0.0486815580967071,1459.2139851919158
1997-04-03,True,0.0791850605255411,0.0,0.0791850605255411,1574.7619329290537
1997-04-04,True,0.0658775086224077,0.0,0.0658775086224077,1678.503325743827
1997-04-07,True,0.035927000917879,0.0,0.035927000917879,1738.8069162684883
1997-04-08,True,0.0287927578647514,0.0,0.0287927578647514,1788.871962782162
1997-04-09,True,-0.0417404060053854,0.0,-0.0417404060053854,1714.2037207639837
1997-04-10,True,-0.0556101883574095,0.0,-0.0556101883574095,1618.8765289693263
1997-04-11,True,-0.0867475894449945,0.0,-0.0867475894449945,1478.4428924721576
1997-04-14,True,0.0636512318706068,0.0,0.0636512318706068,1572.5476038283534
1997-04-15,True,-0.0329100086802949,0.0,-0.0329100086802949,1520.7950485361855
1997-04-16,True,0.0023320842001217,0.0,0.0023320842001217,1524.3416706405
1997-04-17,True,0.0356097648607154,0.0,0.0356097648607154,1578.6231190993983
1997-04-18,True,0.030250179210201,0.0,0.030250179210201,1626.3767513575215
1997-04-21,True,-0.051413052126487,0.0,-0.051413052126487,1542.7597586626707
1997-04-22,True,0.0580162381023595,0.0,0.0580162381023595,1632.2648761559828
1997-04-23,True,0.0727117263376387,0.0,0.0727117263376387,1750.9496731415763
1997-04-24,True,-0.0010128794500793,0.0,-0.0010128794500793,1749.176172199528
1997-04-25,True,-0.0689089528606136,0.0,-0.0689089528606136,1628.6422738045223
1997-04-28,True,0.0394280919723192,0.0,0.0394280919723192,1692.8565311660939
1997-04-29,True,0.0969658012240747,0.0,0.0969658012240747,1857.0057210680218
1997-04-30,True,0.0645227031354412,0.0,0.0645227031354412,1976.8247499293097
1997-05-01,True,0.025087928009999,0.0,0.025087928009999,2026.4191869439205
1997-05-02,True,0.0928600907492897,0.0,0.0928600907492897,2214.5926565396353
1997-05-05,True,0.0769644546090057,0.0,0.0769644546090057,2385.0375725313174
1997-05-06,True,-0.0580738272047099,0.0,-0.0580738272047099,2246.5293126673932
1997-05-07,True,-0.0186173467145358,0.0,-0.0186173467145358,2204.7048975490966
1997-05-08,True,0.0328374457798168,0.0,0.0328374457798168,2277.1017750828614
1997-05-09,True,-0.0009711538638345,0.0,-0.0009711538638345,2274.8903588956455
1997-05-12,True,0.0179261080999461,0.0,0.0179261080999461,2315.670289384733
1997-05-13,True,-0.0458726889961203,0.0,-0.0458726889961203,2209.444266382232
1997-05-14,True,-0.0023622508484911,0.0,-0.0023622508484911,2204.2250047892767
1997-05-15,True,0.0720187538572256,0.0,0.0720187538572256,2362.9705428551374
1997-05-16,True,-0.0534711982576823,0.0,-0.0534711982576823,2236.6196764810675
1997-05-19,True,-0.0058650029582626,0.0,-0.0058650029582626,2223.5018954619977
1997-05-20,True,0.0934922636610207,0.0,0.0934922636610207,2431.38212092331
1997-05-21,True,0.0265941785669845,0.0,0.0265941785669845,2496.0427312117185
1997-05-22,True,-0.014202134689864,0.0,-0.014202134689864,2460.5935961513933
1997-05-23,True,0.0409382803588752,0.0,0.0409382803588752,2561.326066639892
1997-05-27,True,0.0796373874529284,0.0,0.0796373874529284,2765.303383002178
1997-05-28,True,-0.0063445743075949,0.0,-0.0063445743075949,2747.7587102056773
1997-05-29,True,-0.0370355286601134,0.0,-0.0370355286601134,2645.9940137427784
1997-05-30,True,-0.036346849587333,0.0,-0.036346849587333,2549.820467316286
1997-06-02,True,-0.0007168208621328,0.0,-0.0007168208621328,2547.992702810621
1997-06-03,True,-0.0905889172617915,0.0,-0.0905889172617915,2317.1728026720607
1997-06-04,True,-0.0255447065380958,0.0,-0.0255447065380958,2257.981303429746
1997-06-05,True,0.0279286824776037,0.0,0.0279286824776037,2321.043746293601
1997-06-06,True,0.0461404020464026,0.0,0.0461404020464026,2428.1376379148764
1997-06-09,True,0.0308003208147413,0.0,0.0308003208147413,2502.925056145003
1997-06-10,True,-0.0428860428633595,0.0,-0.0428860428633595,2395.584504903392
1997-06-11,True,0.0247131369797794,0.0,0.0247131369797794,2454.786912919707
1997-06-12,True,0.0029485417089722,0.0,0.0029485417089722,2462.02495451909
1997-06-13,True,0.045259993307327,0.0,0.045259993307327,2573.456187483096
1997-06-16,True,0.035838542162754,0.0,0.035838542162754,2665.685105562209
1997-06-17,True,0.0409119057052451,0.0,0.0409119057052451,2774.7433632408465
1997-06-18,True,-0.0542492633636114,0.0,-0.0542492633636114,2624.215579761961
1997-06-19,True,0.0318970409918338,0.0,0.0318970409918338,2707.9202916810373
1997-06-20,True,-0.0018665654763875,0.0,-0.0018665654763875,2702.8657811517764
1997-06-23,True,-0.0379676752184777,0.0,-0.0379676752184777,2600.244251013869
1997-06-24,True,0.0535264518935822,0.0,0.0535264518935822,2739.4260998273267
1997-06-25,True,-0.0221137089347663,0.0,-0.0221137089347663,2678.8472284074433
1997-06-26,True,-0.0366160742548418,0.0,-0.0366160742548418,2580.758359374699
1997-06-27,True,-0.0136478348132765,0.0,-0.0136478348132765,2545.5365955929706
1997-06-30,True,-0.0180108749652425,0.0,-0.0180108749652425,2499.689254250297
1997-07-01,True,-0.0123167679350724,0.0,-0.0123167679350724,2468.9011617959018
1997-07-02,True,0.0705437614901021,0.0,0.0705437614901021,2643.0667364962683
1997-07-03,True,0.0323348046971658,0.0,0.0323348046971658,2728.5297832224505
1997-07-07,True,0.0135270424964384,0.0,0.0135270424964384,2765.438721552898
1997-07-08,True,0.0444925496739974,0.0,0.0444925496739974,2888.4801412419865
1997-07-09,True,0.0125778367021181,0.0,0.0125778367021181,2924.810972775839
1997-07-10,True,-0.0003973977812927,0.0,-0.0003973977812927,2923.6486593845575
1997-07-11,True,0.0163548097728183,0.0,0.0163548097728183,2971.4643770513476
1997-07-14,True,0.0773466690481163,0.0,0.0773466690481163,3201.2972488114056
1997-07-15,True,0.0491313923880078,0.0,0.0491313923880078,3358.5814400934087
1997-07-16,True,0.1255851542598599,0.0,0.1255851542598599,3780.369408341842
1997-07-17,True,-0.0235477648478074,0.0,-0.0235477648478074,3691.3501584763635
1997-07-18,True,-0.0656012472954691,0.0,-0.0656012472954691,3449.1929838759866
1997-07-21,True,-0.0353500424670352,0.0,-0.0353500424670352,3327.2638654189705
1997-07-22,True,0.0918671707682624,0.0,0.0918671707682624,3632.9301831344837
1997-07-23,True,0.0028592180247917,0.0,0.0028592180247917,3643.3175225969117
1997-07-24,True,-0.0108808723580073,0.0,-0.0108808723580073,3603.675049673843
1997-07-25,True,-0.0079143164461202,0.0,-0.0079143164461202,3575.1544249617364
1997-07-28,True,-0.0284426296651685,0.0,-0.0284426296651685,3473.467631656761
1997-07-29,True,0.0353250402428734,0.0,0.0353250402428734,3596.1680155273543
1997-07-30,True,0.0357910340219149,0.0,0.0357910340219149,3724.878587319616
1997-07-31,True,0.016262617010112,0.0,0.016262617010112,3785.4548611943624
1997-08-01,True,0.0049518563876794,0.0,0.0049518563876794,3804.1998900290396
1997-08-04,True,0.0407337945441939,0.0,0.0407337945441939,3959.1593867545275
1997-08-05,True,0.0326828410878399,0.0,0.0326828410878399,4088.555963833255
1997-08-06,True,0.0140573056078601,0.0,0.0140573056078601,4146.030044511699
1997-08-07,True,-0.0165405966561632,0.0,-0.0165405966561632,4077.452233821096
1997-08-08,True,-0.0546178635345595,0.0,-0.0546178635345595,3854.75050414557
1997-08-11,True,-0.0374619117752197,0.0,-0.0374619117752197,3710.3441808437856
1997-08-12,True,-0.0285583118080716,0.0,-0.0285583118080716,3604.383014811985
1997-08-13,True,0.0226571928373635,0.0,0.0226571928373635,3686.048215838298
1997-08-14,True,0.0118111233162466,0.0,0.0118111233162466,3729.5845858651946
1997-08-15,True,-0.0731913540751255,0.0,-0.0731913540751255,3456.611239888005
1997-08-18,True,0.0356663414195827,0.0,0.0356663414195827,3579.895916524618
1997-08-19,True,0.0868681809973012,0.0,0.0868681809973012,3890.874962952778
1997-08-20,True,0.0637009657640598,0.0,0.0637009657640598,4138.72745576007
1997-08-21,True,-0.0692585744292555,0.0,-0.0692585744292555,3852.085092222908
1997-08-22,True,-0.0211662381188274,0.0,-0.0211662381188274,3770.550941906932
1997-08-25,True,-0.0087575533969029,0.0,-0.0087575533969029,3737.5301406974395
1997-08-26,True,-0.0396011383500105,0.0,-0.0396011383500105,3589.519692508346
1997-08-27,True,-0.0038461293606311,0.0,-0.0038461293606311,3575.7139354284263
1997-08-28,True,-0.0587999832111763,0.0,-0.0587999832111763,3365.462016057266
1997-08-29,True,0.009529635323391,0.0,0.009529635323391,3397.5336417650155
1997-09-02,True,0.079942346122797,0.0,0.079942346122797,3669.1404521188415
1997-09-03,True,-0.0065032910725716,0.0,-0.0065032910725716,3645.2789637725655
1997-09-04,True,0.0144480322277673,0.0,0.0144480322277673,3697.946071720354
1997-09-05,True,0.0142401407291413,0.0,0.0142401407291413,3750.605344190427
1997-09-08,True,0.0177885910748651,0.0,0.0177885910748651,3817.3233289414347
1997-09-09,True,0.0236931412007218,0.0,0.0236931412007218,3907.767709582853
1997-09-10,True,-0.0635338015714393,0.0,-0.0635338015714393,3659.4923713349385
1997-09-11,True,0.005520966589519,0.0,0.005520966589519,3679.6963064516785
1997-09-12,True,0.0025242349697359,0.0,0.0025242349697359,3688.9847245464316
1997-09-15,True,-0.0701396611666769,0.0,-0.0701396611666769,3430.240585917698
1997-09-16,True,0.1003947847509608,0.0,0.1003947847509608,3774.618851184915
1997-09-17,True,-0.0214172309315597,0.0,-0.0214172309315597,3693.776967570469
1997-09-18,True,0.0015686880286838,0.0,0.0015686880286838,3699.571351280125
1997-09-19,True,0.0251787177665196,0.0,0.0251787177665196,3792.721814191109
1997-09-22,True,0.0131136361256339,0.0,0.0131136361256339,3842.4581879881653
1997-09-23,True,0.0301953706586744,0.0,0.0301953706586744,3958.4826372149264
1997-09-24,True,-0.0508530689448777,0.0,-0.0508530689448777,3757.181646747534
1997-09-25,True,-0.0254828309030764,0.0,-0.0254828309030764,3661.4380221713245
1997-09-26,True,0.0007083440397065,0.0,0.0007083440397065,3664.0315799710847
1997-09-29,True,0.0321739854253439,0.0,0.0321739854253439,3781.9180786230745
1997-09-30,True,-0.0581634698661804,0.0,-0.0581634698661804,3561.948600420719
1997-10-01,True,0.0131809019248563,0.0,0.0131809019248563,3608.8982955842434
1997-10-02,True,0.0291284854320145,0.0,0.0291284854320145,3714.020037012791
1997-10-03,True,0.0310564215669304,0.0,0.0310564215669304,3829.3642089902864
1997-10-06,True,0.0037589443375437,0.0,0.0037589443375437,3843.7585759000626
1997-10-07,True,0.0392445987242053,0.0,0.0392445987242053,3994.6053388039836
1997-10-08,True,0.0118803162406141,0.0,0.0118803162406141,4042.06251348542
1997-10-09,True,0.0072985634501132,0.0,0.0072985634501132,4071.5637632094176
1997-10-10,True,-0.0274959304556497,0.0,-0.0274959304556497,3959.612329130468
1997-10-13,True,0.0069266111457539,0.0,0.0069266111457539,3987.039024022288
1997-10-14,True,-0.0240222413927909,0.0,-0.0240222413927909,3891.261410144747
1997-10-15,True,-0.032988911907704,0.0,-0.032988911907704,3762.8929302756337
1997-10-16,True,-0.0530010524009436,0.0,-0.0530010524009436,3563.455644898955
1997-10-17,True,-0.0664169187207198,0.0,-0.0664169187207198,3326.781900966811
1997-10-20,True,0.0364207543488313,0.0,0.0364207543488313,3447.9458073540613
1997-10-21,True,0.0612586743432864,0.0,0.0612586743432864,3659.162396720063
1997-10-22,True,-0.0322039553214761,0.0,-0.0322039553214761,3541.322894382065
1997-10-23,True,-0.0659135333505255,0.0,-0.0659135333505255,3307.9017896782334
1997-10-24,True,-0.0485420770421038,0.0,-0.0485420770421038,3147.329366155959
1997-10-27,True,-0.2249597876470318,0.0,-0.2249597876470318,2439.3068202902473
1997-10-28,True,0.2106080107315843,0.0,0.2106080107315843,2953.0443772755625
1997-10-29,True,-0.0492524889003317,0.0,-0.0492524889003317,2807.599591861611
1997-10-30,False,0.004326148806530855,0.0005008649193388954,0.0038252838871919597,2818.339457342046
1997-10-31,False,-0.0031598998868307532,2.6388581088333393e-06,-0.0031625387449395865,2809.42634961181
1997-11-03,False,0.0009252555386237088,1.4494956095587458e-06,0.0009238060430141501,2812.0217146509844
1997-11-04,False,-0.0010009653096972849,6.956555134722542e-07,-0.0010016609652107572,2809.2050222660932
1997-11-05,False,-0.0002915241026023897,4.832911739170026e-07,-0.0002920073937763067,2808.384713628958
1997-11-06,False,-0.0009446272327103272,8.81055317430296e-07,-0.0009455082880277575,2805.729362606251
1997-11-07,False,-0.0030899308464506204,1.1201046614281452e-06,-0.0030910509511120486,2797.056710191404
1997-11-10,False,0.000917854835603392,9.222637157790815e-07,0.0009169325718876129,2799.621422594395
1997-11-11,False,0.002168297691352357,7.062345703290756e-07,0.002167591456782028,2805.6898580722345
1997-11-12,False,-0.004400180555752967,1.8599598545488984e-06,-0.004402040515607516,2793.339097642772
1997-11-13,False,0.00022020348364256768,1.2048149911650373e-07,0.00022008300214345117,2793.9538640973856
1997-11-14,False,-0.008518694427265808,1.8452842215030685e-06,-0.00852053971148731,2770.1478692462806
1997-11-17,False,0.0021897576556474704,7.345217030542556e-07,0.0021890231339444163,2776.211787016507
1997-11-18,False,-0.0007019576719576748,2.3150289323906058e-07,-0.0007021891748509139,2774.2623611525705
1997-11-19,False,0.00477827218642901,6.36363540453197e-07,0.004777635822888557,2787.5167763913046
1997-11-20,False,-0.0049268664535974775,8.194996508552599e-07,-0.004927685953248333,2773.780769127837
1997-11-21,False,0.0009720837551381053,3.8501254818992804e-07,0.0009716987425899153,2776.476048413419
1997-11-24,False,0.0005475293534583542,4.5408789038618724e-07,0.0005470752655679681,2777.994989784948
1997-11-25,False,-0.0031568063145112056,1.6675328497334219e-06,-0.003158473847360939,2769.2207652616125
1997-11-26,False,-0.004182181752703511,1.526804853888536e-06,-0.004183708557557399,2757.6351526482217
1997-11-28,False,0.001374836673935114,6.067568690281549e-07,0.0013742299170660859,2761.424777375344
1997-12-01,False,0.000774425738870208,1.942757855167537e-06,0.0007724829810150405,2763.5579310192197
1997-12-02,False,0.0012851445128315437,3.495988858539939e-07,0.0012847949139456897,2767.108536193387
1997-12-03,False,-0.0014700919870417513,8.888624482483037e-07,-0.0014709808494899996,2763.038172528186
1997-12-04,False,-0.004259177817505456,1.5747664829738468e-06,-0.00426075258398843,2751.265550494928
1997-12-05,False,-0.003851897746555951,2.844656611323132e-07,-0.0038521822122170833,2740.667174280226
1997-12-08,False,-0.00017024649736228177,4.4383582281432024e-07,-0.00017069033318509608,2740.199368887099
1997-12-09,False,-0.0037027490223142568,1.8561224296163304e-06,-0.0037046051447438733,2730.0480122074955
1997-12-10,False,0.00535089487780837,8.953646796379943e-07,0.0053499995131287325,2744.6537677436236
1997-12-11,False,0.0016652183369128988,1.1514605181517091e-06,0.0016640668763947472,2749.221055165698
1997-12-12,False,0.001237735179398938,1.2607283177670931e-06,0.0012364744510811709,2752.620396760785
1997-12-15,False,0.0004336687045661391,3.843162115386989e-07,0.0004332843883546004,2753.8130642057677
1997-12-16,False,0.00401076708242749,5.09965205940724e-07,0.00401025711722155,2764.8565626459967
1997-12-17,False,-0.0009505272069421355,1.5290695751589146e-06,-0.0009520562765172944,2762.2242636018595
1997-12-18,False,0.006761152181683637,8.080155558561064e-07,0.006760344166127781,2780.897850287837
1997-12-19,False,0.002058675550642764,9.759228592703812e-07,0.0020576996277834937,2786.620102759278
1997-12-22,False,0.002636406694980551,4.509466861311179e-07,0.0026359557482944196,2793.9655100374594
1997-12-23,False,0.002065563544072231,8.277011366294301e-07,0.002064735842935602,2799.7343107699594
1997-12-24,False,0.0052305413105413244,1.1707235854369197e-06,0.005229370586955887,2814.3751590259913
1997-12-26,False,0.0013847089947089917,4.635732534946924e-07,0.0013842454214554971,2818.2709449541308
1997-12-29,True,0.076682585463918,0.0005,0.076182585463918,3032.9741120785757
1997-12-30,True,0.0608717540339727,0.0,0.0608717540339727,3217.5965662204294
1997-12-31,True,-0.0231521355752898,0.0,-0.0231521355752898,3143.102334292707
1998-01-02,True,0.0524576256629702,0.0,0.0524576256629702,3307.9820199654423
1998-01-05,True,0.0271228543441363,0.0,0.0271228543441363,3397.703934465986
1998-01-06,True,-0.0330400621198323,0.0,-0.0330400621198323,3285.4435854064313
1998-01-07,True,-0.0452388767523538,0.0,-0.0452388767523538,3136.813807969418
1998-01-08,True,0.0099510698267755,0.0,0.0099510698267755,3168.0284612061155
1998-01-09,True,-0.115926160412288,0.0,-0.115926160412288,2800.7710856216413
1998-01-12,True,0.0467808485117353,0.0,0.0467808485117353,2931.793533494156
1998-01-13,True,0.0735467804000612,0.0,0.0735467804000612,3147.41750868037
1998-01-14,True,0.003759429423696,0.0,0.003759429423696,3159.2500026711587
1998-01-15,True,-0.0025970482330604,0.0,-0.0025970482330604,3151.0452780339256
1998-01-16,True,0.0307877795735082,0.0,0.0307877795735082,3248.0589654801774
1998-01-20,True,0.0624433600811844,0.0,0.0624433600811844,3450.8786810265756
1998-01-21,True,-0.0012701666472655,0.0,-0.0012701666472655,3446.495490022176
1998-01-22,True,-0.0174320204511602,0.0,-0.0174320204511602,3386.4161101552777
1998-01-23,True,0.0110671158909433,0.0,0.0110671158909433,3423.8939697013234
1998-01-26,True,-0.0238533169674142,0.0,-0.0238533169674142,3342.2227415792195
1998-01-27,True,0.0569203455745529,0.0,0.0569203455745529,3532.463215017038
1998-01-28,True,0.0792555963569996,0.0,0.0792555963569996,3812.430693732377
1998-01-29,True,0.0161448098831252,0.0,0.0161448098831252,3873.9816624752775
1998-01-30,True,0.005756908137943,0.0,0.005756908137943,3896.283819034223
1998-02-02,True,0.0834080719760098,0.0,0.0834080719760098,4221.265340251191
1998-02-03,True,0.0277607669888392,0.0,0.0277607669888392,4338.450903759967
1998-02-04,True,0.0353632922334035,0.0,0.0353632922334035,4491.872810909905
1998-02-05,True,-0.0257781160419513,0.0,-0.0257781160419513,4376.080792344583
1998-02-06,True,0.0521452852232079,0.0,0.0521452852232079,4604.272773421193
1998-02-09,True,-0.0309008523551391,0.0,-0.0309008523551391,4461.996820246917
1998-02-10,True,0.0453912454767149,0.0,0.0453912454767149,4664.532413231067
1998-02-11,True,-0.0028011130755239,0.0,-0.0028011130755239,4651.46653049716
1998-02-12,True,0.0155578610293955,0.0,0.0155578610293955,4723.83340036152
1998-02-13,True,-0.0214746431886751,0.0,-0.0214746431886751,4622.39076360601
1998-02-17,True,-0.0214931412976053,0.0,-0.0214931412976053,4523.041065791082
1998-02-18,True,0.031968412438758,0.0,0.031968412438758,4667.6355080597305
1998-02-19,True,0.0418828945728475,0.0,0.0418828945728475,4863.129593948275
1998-02-20,True,0.0075071195729425,0.0,0.0075071195729425,4899.637689308761
1998-02-23,True,0.0665158828120549,0.0,0.0665158828120549,5225.54141567235
1998-02-24,True,-0.0334492117779865,0.0,-0.0334492117779865,5050.7511742048855
1998-02-25,True,0.0713972825674811,0.0,0.0713972825674811,5411.361082967629
1998-02-26,True,0.0162184539328639,0.0,0.0162184539328639,5499.124993405831
1998-02-27,True,-0.0321399116268912,0.0,-0.0321399116268912,5322.38360209254
1998-03-02,True,-0.0417765545590682,0.0,-0.0417765545590682,5100.03275315543
1998-03-03,True,-0.0049860592871095,0.0,-0.0049860592871095,5074.603687481997
1998-03-04,True,0.0103686638284535,0.0,0.0103686638284535,5127.220547180128
1998-03-05,True,-0.1350827074400032,0.0,-0.1350827074400032,4434.621714025022
1998-03-06,True,0.0963704245843832,0.0,0.0963704245843832,4861.988091476739
1998-03-09,True,-0.0898223255416586,0.0,-0.0898223255416586,4425.273014344448
1998-03-10,True,0.0535950802491266,0.0,0.0535950802491266,4662.445876672533
1998-03-11,True,0.0135213401794539,0.0,0.0135213401794539,4725.488393439314
1998-03-12,True,0.0242228908424547,0.0,0.0242228908424547,4839.953382970881
1998-03-13,True,0.0153082205115862,0.0,0.0153082205115862,4914.044456623195
1998-03-16,True,0.0276962695054288,0.0,0.0276962695054288,5050.14515625549
1998-03-17,True,-0.0314347574891216,0.0,-0.0314347574891216,4891.395067983736
1998-03-18,True,0.0232069212318274,0.0,0.0232069212318274,5004.909288040183
1998-03-19,True,0.0231015767656644,0.0,0.0231015767656644,5120.530584163031
1998-03-20,True,-0.0425336141084334,0.0,-0.0425336141084334,4902.735912265809
1998-03-23,True,0.0247922545118394,0.0,0.0247922545118394,5024.285788807038
1998-03-24,True,0.047177424417561,0.0,0.047177424417561,5261.318651860708
1998-03-25,True,0.0423821744400608,0.0,0.0423821744400608,5484.304776748614
1998-03-26,True,0.0074830913985697,0.0,0.0074830913985697,5525.344330650636
1998-03-27,True,-0.0157392057408578,0.0,-0.0157392057408578,5438.3797994414435
1998-03-30,True,-0.0126002068961914,0.0,-0.0126002068961914,5369.855088788413
1998-03-31,True,0.0346376047442044,0.0,0.0346376047442044,5555.854006887521
1998-04-01,True,0.0188289548817912,0.0,0.0188289548817912,5660.464931313025
1998-04-02,True,0.0041053160127913,0.0,0.0041053160127913,5683.702928635388
1998-04-03,True,0.0082698472879317,0.0,0.0082698472879317,5730.7062838851725
1998-04-06,True,-0.0690127777100639,0.0,-0.0690127777100639,5335.214324993739
1998-04-07,True,-0.0580574419310933,0.0,-0.0580574419310933,5025.465429130479
1998-04-08,True,0.0224466756032405,0.0,0.0224466756032405,5138.27042137347
1998-04-09,True,0.0144931944079117,0.0,0.0144931944079117,5212.740373510858
1998-04-13,True,0.0149935140059081,0.0,0.0149935140059081,5290.897669310255
1998-04-14,True,0.025092846123491,0.0,0.025092846123491,5423.661350381394
1998-04-15,True,0.0448901403486675,0.0,0.0448901403486675,5667.130269603658
1998-04-16,True,-0.0095462569223717,0.0,-0.0095462569223717,5613.030388037471
1998-04-17,True,0.008875775400785,0.0,0.008875775400785,5662.850385079474
1998-04-20,True,0.0530462408174904,0.0,0.0530462408174904,5963.243310319817
1998-04-21,True,0.0395007970870166,0.0,0.0395007970870166,6198.79617430127
1998-04-22,True,0.0498737174464734,0.0,0.0498737174464734,6507.953183206652
1998-04-23,True,-0.0753275756552134,0.0,-0.0753275756552134,6017.724847438066
1998-04-24,True,-0.0203344393506564,0.0,-0.0203344393506564,5895.357786498898
1998-04-27,True,-0.0724244974989435,0.0,-0.0724244974989435,5468.3894612352315
1998-04-28,True,0.0058082802192322,0.0,0.0058082802192322,5500.151399573982
1998-04-29,True,0.0416488692665041,0.0,0.0416488692665041,5729.226486160819
1998-04-30,True,0.0205031060166976,0.0,0.0205031060166976,5846.693424200245
1998-05-01,True,0.0079819165495907,0.0,0.0079819165495907,5893.361243203252
1998-05-04,True,0.0100658213198479,0.0,0.0100658213198479,5952.682764450653
1998-05-05,True,-0.0206424825880609,0.0,-0.0206424825880609,5829.804614133231
1998-05-06,True,-0.0122921722367592,0.0,-0.0122921722367592,5758.143651709652
1998-05-07,True,-0.0474790060829525,0.0,-0.0474790060829525,5484.752714243615
1998-05-08,True,0.0767022838429267,0.0,0.0767022838429267,5905.445773739792
1998-05-11,True,-0.0393805723391848,0.0,-0.0393805723391848,5672.885939251899
1998-05-12,True,0.0452305505279728,0.0,0.0452305505279728,5929.473693366658
1998-05-13,True,0.0157080253243564,0.0,0.0157080253243564,6022.614016302166
1998-05-14,True,0.0070715700523641,0.0,0.0070715700523641,6065.203353216797
1998-05-15,True,-0.0396943684154975,0.0,-0.0396943684154975,5824.448936799299
1998-05-18,True,-0.0170038412187892,0.0,-0.0170038412187892,5725.410931891018
1998-05-19,True,0.0313834467735558,0.0,0.0313834467735558,5905.094061128754
1998-05-20,True,-0.0428466783876422,0.0,-0.0428466783876422,5652.080395042794
1998-05-21,True,-0.0342763118266865,0.0,-0.0342763118266865,5458.347924952806
1998-05-22,True,-0.0236832440587763,0.0,-0.0236832440587763,5329.076538888434
1998-05-26,True,-0.0348373341001742,0.0,-0.0348373341001742,5143.425719057777
1998-05-27,True,0.0231305497778367,0.0,0.0231305497778367,5262.395983681049
1998-05-28,True,0.0131036771688938,0.0,0.0131036771688938,5331.352721786088
1998-05-29,True,-0.0564202765128888,0.0,-0.0564202765128888,5030.556327035175
1998-06-01,True,-0.0669574596936571,0.0,-0.0669574596936571,4693.723054531046
1998-06-02,True,0.0553793377030883,0.0,0.0553793377030883,4953.658328652692
1998-06-03,True,-0.0587705840568227,0.0,-0.0587705840568227,4662.528935459829
1998-06-04,True,0.0802213096439557,0.0,0.0802213096439557,5036.563112915255
1998-06-05,True,0.0286727124214052,0.0,0.0286727124214052,5180.975038644132
1998-06-08,True,0.0005761608090996,0.0,0.0005761608090996,5183.960113414321
1998-06-09,True,0.0406906450521787,0.0,0.0406906450521787,5394.898794353916
1998-06-10,True,-0.0594840259535707,0.0,-0.0594840259535707,5073.98849445368
1998-06-11,True,-0.0357383607425807,0.0,-0.0357383607425807,4892.652463235189
1998-06-12,True,0.0045405843850838,0.0,0.0045405843850838,4914.867964611398
1998-06-15,True,-0.0341374033178002,0.0,-0.0341374033178002,4747.087134649723
1998-06-16,True,0.0952059616586658,0.0,0.0952059616586658,5199.03813038153
1998-06-17,True,0.0324311237774985,0.0,0.0324311237774985,5367.648779511868
1998-06-18,True,0.0077445112850898,0.0,0.0077445112850898,5409.218596059197
1998-06-19,True,0.0300408933067605,0.0,0.0300408933067605,5571.716354776356
1998-06-22,True,0.0583929528115026,0.0,0.0583929528115026,5897.065324959888
1998-06-23,True,0.0910692118414132,0.0,0.0910692118414132,6434.106416281312
1998-06-24,True,0.0660552983956959,0.0,0.0660552983956959,6859.1132355184345
1998-06-25,True,-0.0447471018972259,0.0,-0.0447471018972259,6552.187796644081
1998-06-26,True,0.0216096841258276,0.0,0.0216096841258276,6693.778505262661
1998-06-29,True,0.0424092130254269,0.0,0.0424092130254269,6977.6563838373695
1998-06-30,True,-0.0055245004920923,0.0,-0.0055245004920923,6939.10831771121
1998-07-01,True,0.0419563498277165,0.0,0.0419563498277165,7230.247973781518
1998-07-02,True,-0.0524453931150524,0.0,-0.0524453931150524,6851.0547764772355
1998-07-06,True,0.0224089367429976,0.0,0.0224089367429976,7004.579629586126
1998-07-07,True,0.0081403546994444,0.0,0.0081403546994444,7061.5993922914595
1998-07-08,True,0.07001891852498,0.0,0.07001891852498,7556.044944796363
1998-07-09,True,0.0114976928356097,0.0,0.0114976928356097,7642.922028623692
1998-07-10,True,0.0168963347332712,0.0,0.0168963347332712,7772.059397559609
1998-07-13,True,0.06333502269114,0.0,0.06333502269114,8264.302955860936
1998-07-14,True,-0.0053934073879144,0.0,-0.0053934073879144,8219.730203242832
1998-07-15,True,0.066312331188107,0.0,0.066312331188107,8764.799674757158
1998-07-16,True,0.0060716288014991,0.0,0.0060716288014991,8818.016284901783
1998-07-17,True,0.0232215115000158,0.0,0.0232215115000158,9022.783951468957
1998-07-20,True,0.0037175668771457,0.0,0.0037175668771457,9056.32675422658
1998-07-21,True,-0.0697993309515807,0.0,-0.0697993309515807,8424.201205902664
1998-07-22,True,-0.002961052168202,0.0,-0.002961052168202,8399.256706656557
1998-07-23,True,-0.0521817744537158,0.0,-0.0521817744537158,7960.968587610944
1998-07-24,True,0.0057584212509928,0.0,0.0057584212509928,8006.81119830433
1998-07-27,True,0.037630187827696,0.0,0.037630187827696,8308.10900759742
1998-07-28,True,-0.0698124813646948,0.0,-0.0698124813646948,7728.099302328674
1998-07-29,True,-0.0286386028639733,0.0,-0.0286386028639733,7506.7773355159325
1998-07-30,True,0.0910177408945699,0.0,0.0910177408945699,8190.0272499931525
1998-07-31,True,-0.0947078201701994,0.0,-0.0947078201701994,7414.367622011768
1998-08-03,True,-0.0194306874285523,0.0,-0.0194306874285523,7270.301362268078
1998-08-04,True,-0.1124618900180342,0.0,-0.1124618900180342,6452.669530066722
1998-08-05,True,0.0286164248891428,0.0,0.0286164248891428,6637.321863008336
1998-08-06,True,0.0809265162580863,0.0,0.0809265162580863,7174.457198665232
1998-08-07,True,-0.0041670369314217,0.0,-0.0041670369314217,7144.56097055549
1998-08-10,True,-0.0028333441751211,0.0,-0.0028333441751211,7124.317970345769
1998-08-11,True,-0.0723048410240526,0.0,-0.0723048410240526,6609.195292095117
1998-08-12,True,0.0551109922800288,0.0,0.0551109922800288,6973.434602814973
1998-08-13,True,-0.0362464414269557,0.0,-0.0362464414269557,6720.672413939335
1998-08-14,True,-0.0189313180481723,0.0,-0.0189313180481723,6593.441226973471
1998-08-17,True,0.0849315074058775,0.0,0.0849315074058775,7153.432129372386
1998-08-18,True,0.0731504736321623,0.0,0.0731504736321623,7676.7090777315025
1998-08-19,True,-0.0065963267979501,0.0,-0.0065963267979501,7626.070995921996
1998-08-20,True,-0.0003440749635011,0.0,-0.0003440749635011,7623.4470558224175
1998-08-21,True,-0.0504857635397979,0.0,-0.0504857635397979,7238.571510403998
1998-08-24,True,-0.0086180195839891,0.0,-0.0086180195839891,7176.189359367231
1998-08-25,True,0.0379250885006893,0.0,0.0379250885006893,7448.3469759189375
1998-08-26,True,-0.031115774214699,0.0,-0.031115774214699,7216.585893143508
1998-08-27,True,-0.1367150262478218,0.0,-0.1367150262478218,6229.970163342732
1998-08-28,True,-0.1065519297143389,0.0,-0.1065519297143389,5566.154820375809
1998-08-31,False,0.005733286659018966,0.0005009527309992213,0.005232333928019745,5595.278801091072
1998-09-01,False,-0.004130992455152863,4.352816041032034e-06,-0.004135345271193895,5572.140391359969
1998-09-02,False,0.0002893150058786502,6.35917744640932e-07,0.0002886790881340093,5573.748951767101
1998-09-03,False,-0.0076710989125028635,2.586323457646186e-06,-0.007673685235960509,5530.977756726976
1998-09-04,False,0.00471939647850675,2.690779955319994e-06,0.00471670569855143,5557.065751030692
1998-09-08,False,-0.0032607955072867837,1.3225131938664204e-06,-0.00326211802048065,5538.937946703259
1998-09-09,False,0.005270548268116936,2.009215101278161e-06,0.005268539053015658,5568.120057587695
1998-09-10,False,0.0072421408359337434,3.5066279789726654e-06,0.0072386342079547705,5608.425641910549
1998-09-11,False,-0.0009261112434378127,1.788448595532441e-06,-0.0009278996920333452,5603.221585484627
1998-09-14,False,-0.004729084396271111,1.0088784753303494e-06,-0.004730093274746441,5576.7178247462125
1998-09-15,False,-0.003361059333925514,1.2306263190887678e-06,-0.0033622899602446027,5557.967282392951
1998-09-16,False,-0.0009447846825178666,1.2225402823876492e-06,-0.0009460072228002543,5552.70940519972
1998-09-17,False,0.005830902400891516,3.245782294553079e-07,0.005830577822662061,5585.084909513365
1998-09-18,False,-0.0013535251641623794,9.72272186222381e-07,-0.0013544974363486019,5577.519926321639
1998-09-21,False,0.00459610294940296,8.647035082035154e-07,0.004595238245894757,5603.149959204313
1998-09-22,False,-0.008806176599962218,8.82468702901637e-07,-0.00880705906866512,5553.802686543012
1998-09-23,False,0.0006416076412319702,4.87868362986546e-07,0.0006411197728689837,5557.363339259969
1998-09-24,False,0.0022924348726531423,1.8661278355817379e-06,0.0022905687448175607,5570.092862028472
1998-09-25,False,0.007765550007296309,1.7641682547874794e-06,0.007763785839041522,5613.337870112836
1998-09-28,False,-0.0065187958600334646,2.2011912516149285e-06,-0.006520997051285079,5576.7333104139625
1998-09-29,False,0.001074242921569635,1.954760160337951e-06,0.0010722881614092972,5582.713175522057
1998-09-30,False,0.005792011829996128,2.1660016702881034e-06,0.005789845828325839,5615.036224112093
1998-10-01,False,0.014365837768334966,1.7604040266242933e-06,0.014364077364308342,5695.691038838633
1998-10-02,False,0.003898881492859972,1.1352011495340543e-06,0.003897746291710438,5717.8913974639945
1998-10-05,False,0.0026776789044326977,1.5805350542338614e-06,0.002676098369378464,5733.193037309033
1998-10-06,False,-0.008736871211008385,8.411209888139343e-07,-0.008737712331997199,5683.098045805216
1998-10-07,False,-0.007499880304153366,3.40052346829145e-06,-0.007503280827621657,5640.456165196632
1998-10-08,False,-0.0028108703794497217,1.72920782353439e-06,-0.002812599587273256,5624.591820514368
1998-10-09,False,-0.015337575242548742,2.2092892666009114e-06,-0.015339784531815344,5538.311793908267
1998-10-12,False,-0.0014627982988010071,1.015751939809892e-06,-0.001463814050740817,5530.2047352869595
1998-10-13,False,0.0029476120636182843,6.833836395369331e-07,0.0029469286799787475,5546.501854227531
1998-10-14,False,0.0033568241152625816,1.2046018968709938e-06,0.0033556195133657104,5565.113804080496
1998-10-15,False,0.006519826394364618,9.107001256773855e-07,0.00651891569423894,5601.392311798142
1998-10-16,False,1.0447684001216795e-05,2.6492261817200046e-07,1.0182761383044794e-05,5601.4493494394665
1998-10-19,False,0.004845951905925111,1.2761571528255022e-06,0.004844675748772286,5628.586555260673
1998-10-20,False,-0.005420997900474103,8.622918359431769e-07,-0.005421860192310046,5598.069145877733
1998-10-21,False,-0.0025394494983988335,4.6460492434227674e-07,-0.002539914103323176,5583.850531102739
1998-10-22,False,-0.003427426870933897,7.605527863080302e-07,-0.003428187423720205,5564.70804493608
1998-10-23,False,-0.002980057655230081,1.2454321739666098e-07,-0.0029801821984474777,5548.124201081005
1998-10-26,False,-0.004814403981153337,1.1514763420933382e-06,-0.00481555545749543,5521.406901305626
1998-10-27,False,0.010828020402743686,1.6639790009704837e-06,0.010826356423742715,5581.183620379674
1998-10-28,False,-8.869437076076019e-05,4.0858717758915367e-07,-8.910295793834935e-05,5580.686320410301
1998-10-29,False,0.003762617945558351,4.7610560557807827e-07,0.003762141839952773,5601.681653911968
1998-10-30,False,-0.0034205266875779326,6.166159484982253e-07,-0.0034211433035264307,5582.517498233201
1998-11-02,False,-0.0029281420654385403,8.489602860125012e-07,-0.002928991025724553,5566.166354579926
1998-11-03,False,-0.0050826969484981,1.6693839555695507e-06,-0.0050843663324536695,5537.865925765863
1998-11-04,False,-0.0033228332533787146,1.1910191699401745e-06,-0.0033240242725486547,5519.457925010498
1998-11-05,False,0.0004144656161077191,7.004539552711714e-07,0.0004137651621524479,5521.741684413833
1998-11-06,False,-0.004826248355957799,8.056173326748129e-07,-0.004827053973290474,5495.0879392766
1998-11-09,False,0.006194919612724858,6.269627473922679e-07,0.006194292649977466,5529.126122109841
1998-11-10,False,0.0019303419030170627,2.0983021341670905e-07,0.0019301320728036461,5539.798065772701
1998-11-11,False,0.0006837396861605489,5.958391631710747e-07,0.0006831438469973778,5543.5825447349425
1998-11-12,False,0.0008921681442522581,6.897459879772888e-07,0.0008914783982642808,5548.524528822569
1998-11-13,False,0.005228487368138873,1.165048489569831e-06,0.005227322319649303,5577.528454933204
1998-11-16,False,0.0046464798264453724,2.950211928715238e-06,0.004643529614516658,5603.427873489496
1998-11-17,False,-0.00012632019048933502,7.044756879179687e-07,-0.00012702466617725298,5602.716099934418
1998-11-18,False,0.004278910630837005,8.123565988118476e-07,0.004278098274238194,5626.685070012593
1998-11-19,False,0.0019083877134794044,4.675076500799541e-07,0.0019079202058293243,5637.420336149508
1998-11-20,False,-0.0027710111472391157,7.649639213816451e-07,-0.0027717761111604976,5621.794669133199
1998-11-23,False,0.003398254047055877,1.589888148322935e-06,0.003396664158907554,5640.890017594582
1998-11-24,False,0.002868984889638184,6.26701368538471e-07,0.0028683581882696456,5657.070110665677
1998-11-25,False,8.032438592772738e-05,1.370725355919339e-07,8.018731339213545e-05,5657.523735919522
1998-11-27,False,-0.000756564998590619,3.158114321105965e-07,-0.0007568808100227296,5653.241664771556
1998-11-30,False,0.008302728670062568,2.184312818617459e-06,0.008300544357243951,5700.166647972213
1998-12-01,False,0.0029867192870121685,1.2883372185249348e-06,0.0029854309497936433,5717.18410190205
1998-12-02,False,0.006852507790692908,1.1996944526347226e-06,0.006851308096240273,5756.354291627107
1998-12-03,False,0.0006548944272215289,9.568909329236569e-07,0.0006539375362886053,5760.118587770578
1998-12-04,False,-0.0021883226442585366,8.062768872971193e-08,-0.002188403271947266,5747.513125406296
1998-12-07,False,-0.00043602371047751315,1.9239535322655018e-06,-0.00043794766400977864,5744.99601545916
1998-12-08,False,0.005745556427522311,1.957825133963878e-06,0.005743598602388347,5777.992966544278
1998-12-09,False,0.0039621722166714385,8.37984392078453e-07,0.00396133423227936,5800.881527876519
1998-12-10,False,0.00426798367017089,1.4126402627317043e-06,0.004266571029908158,5825.631400951286
1998-12-11,False,-0.002928814920376816,1.557698029292412e-06,-0.0029303726184061085,5808.560130209012
1998-12-14,False,-0.0008614827963660216,1.075679546696226e-06,-0.0008625584759127179,5803.549907435851
1998-12-15,True,0.0921602820871386,0.0005,0.0916602820871386,6335.504929058208
1998-12-16,False,-0.0031952714348015983,0.0005024001238079097,-0.003697671558609508,6312.078312672599
1998-12-17,False,0.007954668983842722,3.0830306808265486e-06,0.007951585953161895,6362.269345918905
1998-12-18,False,-0.00019413106147437233,1.0525595114076052e-06,-0.00019518362098577995,6361.027535150281
1998-12-21,True,0.0902363534609909,0.0005,0.0897363534609909,6931.842950419624
1998-12-22,False,-0.0065579276500974506,0.0005004992320009421,-0.007058426882098392,6882.915043795898
1998-12-23,False,-0.0038511953935965403,4.603052912166006e-07,-0.003851655698887757,6856.404424842501
1998-12-24,False,-0.0032582267050164405,1.0394558241838686e-06,-0.0032592661608406245,6834.057577915574
1998-12-28,False,0.00359537790513076,5.997189372842215e-07,0.003594778186193476,6858.624499019857
1998-12-29,False,0.00020162393426697875,5.680722771003871e-07,0.00020105586198987835,6860.003465680571
1998-12-30,False,0.0023343916699219503,3.366128254778805e-07,0.0023340550570964723,6876.015091461342
1998-12-31,False,0.00015788100022499628,6.195251920683709e-07,0.0001572614750329279,6877.096423736974
1999-01-04,False,-0.002839476393841297,6.21853004620171e-07,-0.002840098246845917,6857.5647942405285
1999-01-05,False,-0.002030613758947366,2.1052979786209682e-07,-0.002030824288745228,6843.63828509474
1999-01-06,False,-0.006019988904993497,3.0500296605508184e-06,-0.006023038934654048,6802.418785248926
1999-01-07,False,0.004883872426139013,1.10826794034119e-06,0.0048827641581986716,6835.633391882597
1999-01-08,False,-0.0030550368240964635,1.0558153500427325e-06,-0.0030560926394465064,6814.74306298771
1999-01-11,False,-0.002962886797301155,8.286407023799514e-07,-0.002963715438003535,6794.546103765905
1999-01-12,False,0.003962225032251713,1.48541029809178e-06,0.003960739621953622,6821.4575317322815
1999-01-13,False,0.005570649210534506,3.737405357374074e-06,0.005566911805177132,6859.431984194196
1999-01-14,False,0.00630661513062743,1.0804170371283424e-06,0.006305534713590301,6902.6843706860445
1999-01-15,False,-0.003545121652582318,7.659601334307347e-07,-0.003545887612715749,6878.208227681542
1999-01-19,False,0.00520572144694612,1.5592626717107761e-06,0.005204162184274409,6914.003538835607
1999-01-20,False,-0.0008046837811874714,4.7616379147810694e-07,-0.0008051599449789495,6908.436660126694
1999-01-21,False,0.0027289471438653374,7.078927221552678e-07,0.002728239251143182,6927.284528186889
1999-01-22,False,0.0020022001399511596,7.692033968410838e-07,0.0020014309365543187,6941.149009747915
1999-01-25,False,0.004195816545931759,1.139250489623711e-06,0.004194677295442135,6970.264889903387
1999-01-26,False,0.0011576702974674987,1.034191031516349e-06,0.0011566361064359824,6978.326949946471
1999-01-27,False,-0.0063470232818405746,1.366321554264846e-06,-0.00634838960339484,6934.0258116883415
1999-01-28,False,-0.0019289203589978859,4.944670610813051e-07,-0.0019294148260589673,6920.647199482994
1999-01-29,False,0.003724076481707594,9.371892491761707e-07,0.003723139292458418,6946.4137330006315
1999-02-01,False,0.0022945186909614913,1.2755378440088976e-06,0.0022932431531174826,6962.343548732557
1999-02-02,False,0.0033774021864680977,1.0099829019143276e-06,0.003376392203566183,6985.851151209046
1999-02-03,False,-0.001722244252259737,8.635279146977093e-07,-0.0017231077801744346,6973.813776739257
1999-02-04,False,-0.0006154927525321653,5.019001472773426e-07,-0.0006159946526794426,6969.517944744003
1999-02-05,False,0.0034077462831394686,1.0187425466481742e-06,0.0034067275405928205,6993.261193471019
1999-02-08,False,-0.0007752290803573243,2.811960660763224e-07,-0.0007755102764234006,6987.837847549769
1999-02-09,False,0.0010900701722747156,1.2503952900960042e-06,0.0010888197769846196,6995.446343596544
1999-02-10,False,0.003152451511542019,6.745970757657677e-07,0.0031517769144662534,7017.4944298886785
1999-02-11,False,0.0008037817285909136,7.904010686309582e-07,0.0008029913275222826,7023.129417056814
1999-02-12,False,-0.0005620100832652379,1.2719326782435343e-06,-0.0005632820159434814,7019.173414560543
1999-02-16,False,-0.0015841940462639388,1.9608323536682432e-06,-0.001586154878617607,7008.039918405175
1999-02-17,False,0.0028168946211081496,2.198981332798139e-07,0.00281667472297487,7027.779287300947
1999-02-18,False,-0.003144201772389071,5.610638024037551e-07,-0.0031447628361914747,7005.678588177286
1999-02-19,False,0.001801718015101137,6.048716246796621e-07,0.0018011131434764573,7018.296607961424
1999-02-22,False,0.0054656969915919465,8.659839621314308e-07,0.005464831007629815,7056.650412885355
1999-02-23,False,-0.0017195951574586511,3.305008539110088e-07,-0.0017199256583125622,7044.51349877849
1999-02-24,False,0.0004597140079438909,8.42318903187797e-07,0.0004588716890407031,7047.7460265861455
1999-02-25,False,-0.004161184130984308,3.8511087558762427e-07,-0.004161569241859895,7018.416343497465
1999-02-26,False,0.007434304652537068,1.2202111365807456e-06,0.007433084441400487,7070.584824823587
1999-03-01,False,-0.0024022232212240536,5.29487448206925e-07,-0.0024027527086722604,7053.595957983845
1999-03-02,False,-0.0024608519879672727,2.0348655048282593e-06,-0.002462886853472101,7036.223749229223
1999-03-03,False,-0.007802622533180026,1.5298329535453348e-06,-0.007804152366133571,6981.311987008031
1999-03-04,False,-0.0034930644799805294,1.4662777226339685e-06,-0.0034945307577031633,6956.91557754031
1999-03-05,False,-0.0003139622933742414,8.412704116254055e-07,-0.0003148035637858668,6954.725515723542
1999-03-08,False,-0.0028852510700055657,2.2021452302141837e-06,-0.00288745321523578,6934.644071172083
1999-03-09,False,0.0018021797333126605,2.1531495929928146e-06,0.0018000265837196676,6947.126614848828
1999-03-10,False,-0.010193411423275277,2.4578183160869767e-06,-0.010195869241591365,6876.29462027905
1999-03-11,False,0.005037805955372773,8.35425613763166e-07,0.00503697052975901,6910.930313635336
1999-03-12,False,-0.0008324580477040271,7.148241944401335e-07,-0.0008331728718984672,6905.172313978434
1999-03-15,False,-0.002005171730354985,1.2664058464272598e-06,-0.0020064381362014123,6891.317512910627
1999-03-16,False,-0.010231855722922602,2.1740821172908655e-06,-0.010234029805039893,6820.791564087506
1999-03-17,False,-0.004700049204512939,2.423046905595666e-06,-0.0047024722514185345,6788.716981024676
1999-03-18,False,-0.00025206355520110093,5.461748329510658e-07,-0.000252609730034052,6787.002085060822
1999-03-19,False,-0.003963361040648407,8.611863523294988e-07,-0.003964222227000737,6760.096900540523
1999-03-22,False,-0.008934581886416054,2.8917395023082134e-06,-0.008937473625918362,6699.6787127832895
1999-03-23,False,-0.000670924192797388,2.6642803650984984e-07,-0.0006711906208338979,6695.181951268669
1999-03-24,False,0.0016214242450747387,1.845877943900398e-07,0.0016212396572803487,6706.036445760773
1999-03-25,False,-0.007205869745440379,1.6559543000840838e-06,-0.007207525699740463,6657.702515734556
1999-03-26,False,-0.012328785632706335,2.08044699041611e-06,-0.012330866079696752,6575.607277614573
1999-03-29,False,-0.0021329170888985866,6.091464106391248e-07,-0.002133526235309226,6561.5780469746915
1999-03-30,False,-0.00486872587376633,1.9212329777472393e-06,-0.004870647106744078,6529.618915844519
1999-03-31,False,0.0017255308358272773,3.7899204135100063e-07,0.0017251518437859262,6540.883499956408
1999-04-01,False,0.002085324666499864,6.552533545722133e-07,0.0020846694131452918,6554.519079723714
1999-04-05,False,0.000406489128629995,7.061881543813237e-07,0.00040578294047561366,6557.178791749287
1999-04-06,False,0.00046940617183944405,1.2980970968811262e-06,0.00046810807474256295,6560.248260089236
1999-04-07,False,0.004852876331063038,8.049066096093433e-07,0.0048520714244534285,6592.079053209335
1999-04-08,False,0.004906338410898648,3.131586553199867e-07,0.004906025252243328,6624.419959509163
1999-04-09,False,-0.0028347940873605037,5.541050926135827e-07,-0.0028353481924531174,6605.637422350918
1999-04-12,False,0.00562661292694791,9.325218814849462e-07,0.005625680405066426,6642.798627360812
1999-04-13,False,-0.0014544763328468862,3.874564906889699e-07,-0.0014548637893375752,6633.134260178003
1999-04-14,False,0.0015732636340675893,7.083416528258502e-07,0.0015725552924147634,6643.565230564144
1999-04-15,False,-0.0015280835333185319,3.99667707759066e-07,-0.0015284832010262909,6633.410652714304
1999-04-16,False,-0.0006270695493258845,4.2529587309587946e-07,-0.0006274948451989804,6629.248221723638
1999-04-19,False,0.0014287012652193498,2.404188934048701e-07,0.001428460846325945,6638.717843248947
1999-04-20,False,0.00010750943214526958,2.028964254114224e-07,0.00010730653571985816,6639.430221062326
1999-04-21,False,-0.001394761188378235,4.15499919287271e-07,-0.0013951766882975224,6630.167042794323
1999-04-22,False,-0.00041003054542764075,6.992445764696376e-07,-0.0004107297900041104,6627.443835677144
1999-04-23,False,0.0006637581446755947,2.8251945130054744e-07,0.0006634756252242942,6631.840983119659
1999-04-26,False,-0.0011876516545149148,8.646617800624201e-07,-0.0011885163162949771,6623.958931904148
1999-04-27,False,0.00048112627788819603,3.49090869932997e-07,0.000480777187018263,6627.143580246354
1999-04-28,False,0.0017413152163906064,8.619938051956655e-07,0.0017404532225854107,6638.6778136471285
1999-04-29,False,0.001368392639275396,3.882451106523022e-07,0.0013680043941647437,6647.759554067643
1999-04-30,False,0.003951274979523417,1.4531744652475364e-06,0.0039498218050581695,6674.017019709083
1999-05-03,False,-0.0016452910052910082,5.466842871919425e-07,-0.0016458376895782001,6663.03267095716
1999-05-04,False,-0.0060870646383652345,9.66371593292187e-07,-0.006088031009958527,6622.467921436007
1999-05-05,False,-0.0009206798414539893,8.690201157266903e-07,-0.000921548861569716,6616.364993662225
1999-05-06,False,0.0007239560930957584,1.0499546107968632e-06,0.0007229061384849615,6621.148004530602
1999-05-07,False,-0.004370256364192897,2.497496409140279e-06,-0.004372753860602037,6592.195354032174
1999-05-10,False,-0.007067277496066639,1.5009085462543566e-06,-0.007068778404612893,6545.596585874602
1999-05-11,False,0.001856100003028733,9.312168226674467e-07,0.0018551687862060654,6557.739772347813
1999-05-12,False,-0.0013554170955773234,9.11137905152723e-07,-0.0013563282334824762,6548.845324746746
1999-05-13,False,0.001034620325168909,7.699734240404488e-07,0.0010338503517448685,6555.615850789258
1999-05-14,False,-0.006098563554999779,7.946065510527484e-07,-0.006099358161550832,6515.630801745755
1999-05-17,False,-0.00024316939927688784,2.738630738137599e-07,-0.0002434432623507016,6514.044615327105
1999-05-18,False,-0.0013039097760986277,4.19692710361394e-07,-0.0013043294688089891,6505.548154974197
1999-05-19,False,-0.002630545191782486,1.1122963280065373e-06,-0.0026316574881104925,6488.427780457896
1999-05-20,False,0.0029828755885636543,4.956674171884973e-07,0.002982379921146466,6507.778737190142
1999-05-21,False,0.0011922707455894407,6.26394457464749e-07,0.0011916443511319759,6515.533694960731
1999-05-24,False,0.000779769929356449,9.326444303589948e-07,0.00077883728492609,6520.608235533558
1999-05-25,False,-0.0024209095008727688,4.993907296165085e-07,-0.002421408891602385,6504.819176773382
1999-05-26,False,-0.002614109372323771,9.531766032794265e-07,-0.0026150625489270505,6487.808667756659
1999-05-27,False,-0.002156278681199412,4.2690392615239715e-07,-0.0021567055851255644,6473.816374567682
1999-05-28,False,-0.0011877316767399421,1.039859429902354e-06,-0.0011887715361698446,6466.120485931206
1999-06-01,False,-0.007542369629103235,1.6983692226822666e-07,-0.007542539466025503,6417.3495169739945
1999-06-02,False,-0.0009617387055344619,3.467103271521388e-07,-0.000962085415861614,6411.175478595226
1999-06-03,False,-0.0025383283168117915,1.079593548423366e-06,-0.0025394079103602148,6394.894888870174
1999-06-04,False,0.0004938418494037542,2.611516488546656e-07,0.0004935806977548995,6398.051285551493
1999-06-07,False,-0.00011836521298640649,2.2529913208201025e-07,-0.0001185905121184885,6397.292537372979
1999-06-08,False,-0.00478855897314536,1.24991288096879e-06,-0.004789808886026329,6366.650728730959
1999-06-09,False,-0.0024078712769435642,3.4547707715484877e-07,-0.002408216754020719,6351.318453779031
1999-06-10,False,-0.006768601592467578,2.5272613683157696e-06,-0.006771128853835894,6308.312858136747
1999-06-11,False,0.00020230964123722946,2.6365084930268512e-06,0.0001996731327442026,6309.572458727463
1999-06-14,False,0.0022400520321038692,2.1233621236453614e-07,0.0022398396958915046,6323.704889584625
1999-06-15,False,0.0014048048322438474,5.334498017667416e-07,0.0014042713824420805,6332.585087392077
1999-06-16,False,0.000126150759051659,8.568826385789291e-07,0.00012529387641308006,6333.378521525393
1999-06-17,False,-0.0018686523288441229,1.755705686978845e-06,-0.0018704080345311018,6321.532519453005
1999-06-18,False,-0.004071312255432592,1.4004830947484255e-06,-0.004072712738527341,6295.7867334340135
1999-06-21,False,0.000408441924346458,7.04517905623217e-07,0.0004077374064408348,6298.353761188209
1999-06-22,False,0.0003178874432188128,9.10062795261693e-07,0.00031697738042355114,6300.3501968644105
1999-06-23,False,0.0004076212334497339,7.079584191947291e-07,0.00040691327503053915,6302.913892996857
1999-06-24,False,0.0012312096314284194,5.260881957530467e-07,0.0012306835432326663,6310.670785399381
1999-06-25,False,-0.0011417928207186545,8.92386784036886e-07,-0.0011426852075026913,6303.459675243485
1999-06-28,False,0.0002120140023858999,4.472730575896394e-07,0.00021156672932831026,6304.79327759043
1999-06-29,False,0.003169731700456308,5.557745891604238e-07,0.0031691759258671475,6324.774276663339
1999-06-30,False,-4.726682829592095e-06,1.9638681091339453e-06,-6.690550938726041e-06,6324.731960438865
1999-07-01,False,0.00685880234544271,1.574401103114173e-06,0.006857227944339596,6368.102089178444
1999-07-02,False,0.004634599866702019,1.065959725415025e-06,0.004633533906976604,6397.608906131741
1999-07-06,False,-0.0011485896762728164,3.5855499383550676e-06,-0.0011521752262111714,6390.2377396431075
1999-07-07,False,0.002235290664709042,1.2280398631731166e-06,0.0022340626248458693,6404.513930941124
1999-07-08,False,0.001616495553985301,2.09647203428448e-07,0.0016162859067818725,6414.865456547492
1999-07-09,False,0.0031709744336650106,9.916929613626308e-07,0.003169982740703648,6435.2004693286835
1999-07-12,False,-0.0014162553569390234,1.0340895415782148e-06,-0.0014172894464806016,6426.079927617518
1999-07-13,False,-0.000689141792841073,7.67209552445608e-07,-0.0006899090023935186,6421.646517225354
1999-07-14,False,-0.0007266997380502626,5.115324746693545e-07,-0.000727211270524932,6416.976623502701
1999-07-15,False,-6.13484866357755e-05,1.265739703913249e-06,-6.261422633968874e-05,6416.5748294759815
1999-07-16,False,0.006024676487523115,6.829128815791786e-07,0.006023993574641536,6455.228235019951
1999-07-19,False,-0.006775004668508514,1.3147399243741004e-06,-0.006776319408432888,6411.485546645121
1999-07-20,False,-0.005122059425382333,1.1136945052069997e-06,-0.00512317311988754,6378.638396234001
1999-07-21,False,-0.002149490520938732,1.680363505269858e-06,-0.0021511708844440015,6364.916855033626
1999-07-22,False,-0.0024394698792418,7.020460951904922e-07,-0.0024401719253369907,6349.385363616869
1999-07-23,False,0.002184806956958995,8.399042675054647e-07,0.00218396705269149,6363.252212055851
1999-07-26,False,-0.0014239445807627418,1.0237819054900038e-06,-0.0014249683626682318,6354.184778969991
1999-07-27,False,0.004337608602835581,2.443387204581898e-07,0.004337364264115123,6381.74519295788
1999-07-28,False,-0.0004257488284061788,3.47772868625737e-07,-0.00042609660127480457,6379.02595302096
1999-07-29,False,0.0005154799986637233,9.43600259828703e-07,0.0005145363984038946,6382.308194060151
1999-07-30,False,0.003909193696013071,4.599314453034853e-07,0.003908733764567768,6407.254937594152
1999-08-02,False,-0.0036486841243698986,8.934793364754751e-07,-0.003649577603706374,6383.8711634726715
1999-08-03,False,0.0005533038351254351,4.136052602361912e-07,0.0005528902298651988,6387.400743467673
1999-08-04,False,-0.0019416836433632139,7.09430215151019e-07,-0.001942393073578365,6374.993900505393
1999-08-05,False,0.0027907405208387006,3.690271108754001e-07,0.0027903714937278254,6392.782501758053
1999-08-06,False,0.0007610173797003954,1.8600815489968199e-06,0.0007591572981513985,6397.635629249757
1999-08-09,False,-0.0005444207136499046,8.797244706643531e-07,-0.0005453004381205689,6394.1469957381905
1999-08-10,False,-0.0026337171549623505,7.145958508575079e-07,-0.002634431750813208,6377.302051873251
1999-08-11,False,0.004099958203492184,3.564431928478329e-07,0.004099601760299336,6403.446450591072
1999-08-12,False,0.005647502613426563,7.743389502753995e-07,0.005646728274476287,6439.60497271772
1999-08-13,False,0.0012731168411714473,5.985475925652656e-07,0.001272518293578882,6447.799487848924
1999-08-16,True,0.0076202014164013,0.0005,0.0071202014164013,6493.709118894978
1999-08-17,False,0.0020312029694024816,0.0005005440953268569,0.0015306588740756247,6503.64877238348
1999-08-18,False,0.0010810341427792902,8.75337103052376e-07,0.0010801588056762379,6510.673745873995
1999-08-19,False,-0.006869816854904087,9.69160887965781e-07,-0.006870786015792053,6465.94029974746
1999-08-20,True,0.0475542586392555,0.0005,0.0470542586392555,6770.1903269577615
1999-08-23,True,0.0915326159536558,0.0,0.0915326159536558,7389.883558088342
1999-08-24,True,0.0236143179800231,0.0,0.0236143179800231,7564.390618264384
1999-08-25,False,-0.004605849248783239,0.0005021422252249793,-0.005107991474008218,7525.751775480222
1999-08-26,True,-0.0533863130067587,0.0005,-0.0538863130067587,7120.216759695524
1999-08-27,True,-0.0184937449086852,0.0,-0.0184937449086852,6988.537287247171
1999-08-30,False,0.00010625692039894907,0.0005010005175346881,-0.00039474359713573905,6985.778606899686
1999-08-31,False,0.0007296249473900887,1.1074627920836105e-06,0.0007285174845980051,6990.867868758342
1999-09-01,False,0.0004038895118486432,2.0260325202998975e-07,0.00040368690859661325,6993.689990596689
1999-09-02,False,-0.003712663942846268,5.867343570169492e-07,-0.0037132506772032847,6967.720666502956
1999-09-03,False,0.0010228820464326211,9.614944272747921e-07,0.0010219205520053463,6974.841123452688
1999-09-07,False,0.0025507910970322366,1.0655239126601823e-06,0.002549725573119576,6992.625054233601
1999-09-08,False,0.0026140376688682716,1.9215808006230183e-07,0.002613845510788209,7010.902695840235
1999-09-09,False,0.007033191204619603,2.1659015991528224e-06,0.00703102530302045,7060.196530091702
1999-09-10,False,0.0014148269319751606,8.211636988490062e-07,0.0014140057682763116,7070.179688710416
1999-09-13,False,0.003445327794312218,9.524970364343383e-07,0.003444375297275784,7094.53204097751
1999-09-14,False,-0.0013278932430762543,5.119710650371978e-07,-0.0013284052141412915,7085.107627622384
1999-09-15,False,0.004118406529243372,7.903439540919017e-07,0.00411761618528928,7114.2813814644
1999-09-16,False,-0.003908582498229226,9.770868487331552e-07,-0.003909559585077959,7086.467674498554
1999-09-17,False,-0.0002959490558811551,4.744896777024721e-07,-0.00029642354555885756,7084.367078624991
1999-09-20,False,-0.0015881701020398198,4.5877658649585985e-07,-0.0015886288786263157,7073.112648497098
1999-09-21,False,0.0038820630055107063,1.5954848869161598e-06,0.00388046752062379,7100.559632399305
1999-09-22,False,0.007816158534644705,1.6116426733570194e-06,0.007814546891971348,7156.047288605928
1999-09-23,False,0.004032454001692336,1.0251096231109203e-07,0.004032351490730025,7184.902986557873
1999-09-24,False,0.00660672293682595,2.442238852450096e-06,0.0066042806979735,7232.354102668809
1999-09-27,False,0.010369654677048477,5.068265645588738e-06,0.010364586411402888,7307.314461723783
1999-09-28,False,0.02072228547451738,8.463406865673013e-06,0.020713822067651707,7458.676873276308
1999-09-29,False,0.005737789090760718,2.0694875594574335e-06,0.00573571960320126,7501.457752432302
1999-09-30,False,-0.006087443306721704,3.3515101282136225e-06,-0.006090794816849918,7455.767912434969
1999-10-01,False,0.011204929855002793,2.83602908223804e-06,0.011202093825920556,7539.288124134354
1999-10-04,False,0.0010677331584539411,2.806625466002244e-06,0.0010649265329879388,7547.3169120975845
1999-10-05,False,0.00974652785100613,5.117511716672505e-06,0.009741410339289457,7620.838423098986
1999-10-06,False,-0.009449745128372402,2.1602807424714184e-06,-0.009451905409114874,7548.806979185706
1999-10-07,False,0.004470520991000626,1.992726339682463e-06,0.004468528264660944,7582.5390365366675
1999-10-08,False,-0.003472082111110331,1.192125472341668e-06,-0.003473274236582673,7556.2027990531815
1999-10-11,False,-0.004436765816750395,2.108275865207801e-06,-0.004438874092615603,7522.661766209915
1999-10-12,False,0.006177002541378182,1.3446636142738777e-06,0.006175657877763908,7569.119151608163
1999-10-13,False,0.001307699652996928,7.028299230317225e-07,0.0013069968230738963,7579.011966292782
1999-10-14,False,-0.003368854181755301,4.0823291353198066e-07,-0.003369262414668833,7553.476286134426
1999-10-15,False,-0.004228217073692665,2.0323493012981836e-06,-0.004230249422993963,7521.523197433407
1999-10-18,False,-0.0068606086442109014,9.772568243277825e-07,-0.006861585901035229,7469.913619907589
1999-10-19,False,-0.0022481438816224584,8.326947084077996e-07,-0.002248976576330866,7453.113959149203
1999-10-20,False,-0.00150776307579217,1.0992450930933373e-06,-0.0015088623208852632,7441.868236322978
1999-10-21,False,-0.004194524585078299,1.5630645075310202e-06,-0.00419608764958583,7410.641504926699
1999-10-22,False,0.0017101243267040303,9.816338962101573e-07,0.00170914269280782,7423.307348703862
1999-10-25,False,-0.0010222317835583044,5.2782549168239876e-08,-0.0010222845661074726,7415.71861617181
1999-10-26,False,-0.007709293922239408,1.8222702699804416e-06,-0.007711116192509388,7358.535148271554
1999-10-27,False,-0.007724239396113467,1.9919654448454365e-06,-0.007726231361558312,7301.681403233848
1999-10-28,False,0.0003950792464872596,3.756029278530734e-06,0.0003913232172087289,7304.538720691596
1999-10-29,False,0.003834777571689313,2.320232021564131e-06,0.003832457339667749,7332.533053724597
1999-11-01,False,-0.0073070058924256664,3.1260961311185555e-06,-0.007310131988556785,7278.9312692914145
1999-11-02,False,-0.0034389943291781772,9.65153435662336e-07,-0.0034399594826138398,7253.892040648321
1999-11-03,False,0.001306683694086809,1.0476457659014393e-07,0.0013065789295102189,7263.369823145574
1999-11-04,False,-0.0014071175494835971,7.214956375929393e-07,-0.0014078390451211901,7253.144167509395
1999-11-05,False,-0.0024540360713739807,8.929901499383358e-07,-0.002454929061523919,7235.338213105154
1999-11-08,False,-0.004307484173400808,3.9938752074338e-07,-0.004307883560921552,7204.16921855921
1999-11-09,False,0.005882338734472248,9.746565292240717e-07,0.005881364077943024,7246.539560612667
1999-11-10,False,0.00913890852739909,1.8271256524226982e-06,0.009137081401746669,7312.751782458962
1999-11-11,False,-0.0027535259652842065,1.0589949759493567e-06,-0.0027545849602601557,7292.608186380885
1999-11-12,True,0.0409383792259323,0.0005,0.0404383792259323,7587.509441767895
1999-11-15,True,-0.0137655061953122,0.0,-0.0137655061953122,7483.0635335402485
1999-11-16,True,0.0669344033707155,0.0,0.0669344033707155,7983.937926542924
1999-11-17,True,-0.0293629059633992,0.0,-0.0293629059633992,7749.506307988228
1999-11-18,True,0.0943621925982891,0.0,0.0943621925982891,8480.76671476427
1999-11-19,True,0.0250985368896678,0.0,0.0250985368896678,8693.621551007447
1999-11-22,True,0.0203486966926614,0.0,0.0203486966926614,8870.525419109683
1999-11-23,True,-0.0492430122631097,0.0,-0.0492430122631097,8433.714027116239
1999-11-24,True,0.108523684780413,0.0,0.108523684780413,9348.971749723149
1999-11-26,True,0.0075926774159273,0.0,0.0075926774159273,9419.955476389416
1999-11-29,True,-0.0516191594689688,0.0,-0.0516191594689688,8933.705292463084
1999-11-30,True,-0.0947523332014056,0.0,-0.0947523332014056,8087.21587186846
1999-12-01,True,0.0306895468114885,0.0,0.0306895468114885,8335.408861942782
1999-12-02,True,0.1110680146018784,0.0,0.1110680146018784,9261.20617513367
1999-12-03,True,0.0614475232846821,0.0,0.0614475232846821,9830.284357224436
1999-12-06,True,0.017481082666797,0.0,0.017481082666797,10002.128370711198
1999-12-07,False,0.0021619515523849,0.0005015351650730238,0.0016604163873118762,10018.736068565924
1999-12-08,False,0.0036375114433974463,9.260884212856229e-07,0.003636585354976161,10055.170057428244
1999-12-09,False,-0.002734751678916495,7.055541742018307e-07,-0.002735457233090697,10027.664569764696
1999-12-10,True,0.0336441353361647,0.0005,0.0331441353361647,10360.02284137064
1999-12-13,True,0.0363815285850688,0.0,0.0363815285850688,10736.936308515933
1999-12-14,True,-0.0696956777627147,0.0,-0.0696956777627147,9988.618255398816
1999-12-15,True,0.0678663556669388,0.0,0.0678663556669388,10666.50937454099
1999-12-16,True,0.0860255266133733,0.0,0.0860255266133733,11584.101460612363
1999-12-17,True,0.0245729418331151,0.0,0.0245729418331151,11868.756911992894
1999-12-20,True,0.0266840737299727,0.0,0.0266840737299727,12185.463696515637
1999-12-21,True,0.1223485731819843,0.0,0.1223485731819843,13676.337793345192
1999-12-22,True,0.0284691135016066,0.0,0.0284691135016066,14065.69100627025
1999-12-23,True,0.0233411038734452,0.0,0.0233411038734452,14393.999761099387
1999-12-27,True,0.0066460811276172,0.0,0.0066460811276172,14489.663451262557
1999-12-28,True,-0.0157017483273887,0.0,-0.0157017483273887,14262.15040240227
1999-12-29,True,0.0917316786215433,0.0,0.0917316786215433,15570.441399567548
1999-12-30,True,-0.0051083527091798,0.0,-0.0051083527091798,15490.902093060942
1999-12-31,True,0.0194504282106796,0.0,0.0194504282106796,15792.20677214069
2000-01-03,True,0.0666974437749585,0.0,0.0666974437749585,16845.506595408064
2000-01-04,True,-0.1936182506362419,0.0,-0.1936182506362419,13583.909077323879
2000-01-05,True,-0.033129631308714,0.0,-0.033129631308714,13133.879177861045
2000-01-06,False,-0.002147636641148344,0.0005006905702923843,-0.0026483272114407284,13099.09636824254
2000-01-07,False,0.00031989620064768604,1.99601085048709e-06,0.00031790018979719893,13103.260573464178
2000-01-10,False,-0.0016772029119227658,2.3325837361057313e-07,-0.0016774361702963764,13081.28069022943
2000-01-11,False,0.002158779316101669,1.183240702708116e-06,0.002157596075398961,13109.504810107863
2000-01-12,False,0.0012726178982019143,5.921434446203855e-07,0.001272025754757294,13126.180437858435
2000-01-13,False,-0.001559736555639859,1.0950852852777e-06,-0.0015608316409251367,13105.692680106535
2000-01-14,False,0.006234051738177715,1.6921093464247888e-06,0.006232359628831291,13187.3720700739
2000-01-18,False,0.005844397510661015,1.4630757846083863e-06,0.005842934434876406,13264.425020447665
2000-01-19,False,0.0007283095704614372,9.98990687265236e-07,0.0007273105797741719,13274.07237709966
2000-01-20,False,-0.001278607589596228,4.7178838620302865e-07,-0.001279079377982431,13257.093784860263
2000-01-21,False,0.0012164301049201942,6.098531387956907e-07,0.0012158202517813985,13273.21202796366
2000-01-24,False,-0.003243734319379732,1.5978940906706819e-06,-0.003245332213470403,13230.136045393087
2000-01-25,False,-0.00017823136494209382,4.913924907000711e-07,-0.0001787227574327939,13227.771518997843
2000-01-26,False,-0.0026707140520463926,7.748543961495352e-07,-0.002671488906442542,13192.433674127884
2000-01-27,False,-0.0002681166786813657,2.8309534903162017e-07,-0.00026839977403039734,13188.892827910839
2000-01-28,False,-0.0013994138486037773,1.331961657488681e-06,-0.001400745810261266,13170.418541540157
2000-01-31,False,-0.002466397069172094,1.6007265601717253e-06,-0.002467997795732266,13137.913977610766
2000-02-01,False,-0.000666540499013072,4.439164417348041e-07,-0.0006669844154548069,13129.151193736114
2000-02-02,False,0.00012042010208094106,1.5082917387151812e-06,0.00011891181034222588,13130.712404872816
2000-02-03,False,-0.0002092019233722609,8.640489122725137e-07,-0.0002100659722845334,13127.954089004697
2000-02-04,False,0.01294463814282963,2.831539337651998e-06,0.012941806603491977,13297.853531924116
2000-02-07,False,0.020354527689602313,7.268995997659706e-06,0.020347258693604653,13568.42839780784
2000-02-08,False,-0.020591270980609755,5.45058428496005e-06,-0.020596721564894716,13288.963256024983
2000-02-09,False,0.016079711508341563,4.1977542359579595e-06,0.016075513754105604,13502.590167625016
2000-02-10,False,0.0032154954857753684,1.3530666393665736e-06,0.0032141424191360016,13545.98941545099
2000-02-11,False,0.0025452599311794884,9.192192675670647e-07,0.0025443407119119213,13580.45502780385
2000-02-14,False,0.00010641083533311495,1.7055656573544133e-06,0.00010470526967576054,13581.876973009854
2000-02-15,False,-0.004567816838697943,1.464091649773472e-06,-0.004569280930347717,13519.817561558752
2000-02-16,False,0.00013745649158959476,1.0069521726222414e-06,0.0001364495394169725,13521.662334438026
2000-02-17,False,-0.0001540416869635552,1.262872391037187e-06,-0.0001553045593545924,13519.562358627434
2000-02-18,False,2.128007691895844e-05,6.626566455942007e-07,2.061742027336424e-05,13519.841097126493
2000-02-22,False,-0.005638205659418735,2.336807793020451e-06,-0.0056405424672117555,13443.581859268195
2000-02-23,False,0.0017056414883103467,1.5297838225257626e-06,0.001704111704487821,13466.491224464815
2000-02-24,False,-0.0016408934019712482,1.5252357824979413e-06,-0.0016424186377537462,13444.373608292606
2000-02-25,False,-0.0003150674105067361,2.6008419106948456e-06,-0.000317668252417431,13440.102757623614
2000-02-28,False,-0.0004998125530380921,1.3456413272669583e-06,-0.000501158194365359,13433.367139993517
2000-02-29,False,0.0041768349759671326,1.3410344585573774e-07,0.004176700872521277,13489.474296248029
2000-03-01,False,0.0019679750102272755,7.548259284976128e-07,0.001967220184298778,13516.011062359188
2000-03-02,False,-0.002599371329579627,1.279783743029561e-06,-0.0026006511133226566,13480.860633142183
2000-03-03,False,-0.0030613834669577043,6.774540956338282e-07,-0.003062060921053338,13439.581416615272
2000-03-06,False,0.0019846851032354128,6.545866677192397e-07,0.0019840305165676935,13466.245956275732
2000-03-07,False,0.003704815293568949,5.222625647347684e-07,0.003704293031004214,13516.128877325356
2000-03-08,False,-0.004903879461860532,2.4781727501422824e-06,-0.004906357634610675,13449.813915217708
2000-03-09,False,-0.003297335476210835,8.632906461721046e-07,-0.003298198766857007,13405.45375554808
2000-03-10,False,-0.0016673614565978908,1.3203964162129822e-07,-0.001667493496239512,13383.100248596564
2000-03-13,False,-0.0012656250520793185,8.150940948263158e-07,-0.0012664401461741448,13366.15135316147
2000-03-14,False,-0.004152067117193515,1.0257099998049745e-06,-0.00415309282719332,13310.640485849473
2000-03-15,False,-0.0006343748570443406,6.046544347298871e-07,-0.0006349795114790705,13302.188501856297
2000-03-16,False,-0.004116097843990593,1.0189810884650847e-06,-0.004117116825079058,13247.42183776493
2000-03-17,False,-0.005472900582401547,1.4120857739311765e-06,-0.005474312668175479,13174.90130857779
2000-03-20,False,-0.00017986581458920032,1.1435613851685233e-06,-0.00018100937597436884,13172.5165279134
2000-03-21,False,0.001455320511415668,6.731336229290064e-07,0.001454647377792739,13191.67789453966
2000-03-22,False,0.0033657779484853084,9.819542761127926e-07,0.0033647959942091957,13236.065199476105
2000-03-23,False,-0.007304447349165954,1.2263658160618918e-06,-0.007305673714982016,13139.366825858504
2000-03-24,False,0.0007976896258116199,8.630299656477158e-07,0.0007968265958459722,13149.836622797926
2000-03-27,False,-0.00026261347680369513,4.888973038213867e-07,-0.00026310237410751653,13146.37686956334
2000-03-28,False,-0.003782524150259444,1.4305094906332806e-06,-0.0037839546597500774,13096.631575548925
2000-03-29,False,-0.0020242211249960774,3.3805448452832457e-07,-0.0020245591794806057,13070.116669872372
2000-03-30,False,-0.007404565711614908,2.069489574720071e-06,-0.007406635201189627,12973.311083661638
2000-03-31,False,0.004659121101421606,4.5250829688277264e-07,0.004658668593124723,13033.74944055593
2000-04-03,False,-0.0024102233060644403,1.5821093524900493e-06,-0.0024118054154169304,13002.31457307201
2000-04-04,False,-0.0037164773183842154,1.991321146811692e-06,-0.003718468639531027,12953.965874090723
2000-04-05,False,0.005686779519065425,1.7186892662144626e-06,0.00568506082979921,13027.609958072071
2000-04-06,False,-0.001453003394571035,9.171427027575424e-07,-0.0014539205372737926,13008.668848402438
2000-04-07,False,0.0008884686491541107,6.641546942349891e-07,0.0008878044944598757,13020.218003072989
2000-04-10,False,-0.0005065012438556215,1.901546261570783e-06,-0.0005084027901171923,13013.598487912292
2000-04-11,False,-0.001162818791214792,4.514399594943153e-07,-0.0011632702311742862,12998.46015619085
2000-04-12,False,0.0006454070014701522,2.2643041020340705e-06,0.0006431426973681181,13006.820020917336
2000-04-13,False,0.0009472470427430698,6.006388870476859e-07,0.0009466464038560222,13019.13288031574
2000-04-14,False,-5.089060266956028e-05,8.565618238358524e-07,-5.1747164493396136e-05,13018.45917710502
2000-04-17,False,0.0012044068593406489,1.3592950458328341e-06,0.001203047564294816,13034.121002708907
2000-04-18,False,-0.00025808324980042003,6.265088997529228e-07,-0.000258709758700173,13030.748948409428
2000-04-19,False,0.0046612824439085515,7.529432448865892e-07,0.004660529500663665,13091.479138299233
2000-04-20,False,-0.0015390753669712164,6.356701332339843e-07,-0.0015397110371044504,13071.32204337797
2000-04-24,False,0.00028470899470895843,9.752073585114763e-08,0.0002846114739731073,13075.042291611513
2000-04-25,False,-0.00235008797182936,5.836470849781422e-07,-0.002350671618914338,13044.307160780518
2000-04-26,False,-0.0055435458281755485,1.0523232071779215e-06,-0.005544598151382726,12971.981719410785
2000-04-27,False,8.257328395317332e-05,1.1311443837014045e-06,8.144213956947192e-05,12973.038185356469
2000-04-28,False,0.0014690920883029038,8.199519907346881e-07,0.001468272136312169,12992.086135847341
2000-05-01,False,-0.0015621507239997401,2.5811616771272137e-07,-0.001562408840167453,12971.787185616477
2000-05-02,False,0.0029415062151461314,1.0666115197278946e-06,0.0029404396036264036,13009.929942386876
2000-05-03,False,-0.003088693215879857,6.047637626950125e-07,-0.003089297979642552,12969.738392100568
2000-05-04,False,0.007465273074169575,1.7285119080946155e-06,0.00746354456226148,13066.538612550885
2000-05-05,False,-0.002085285959458675,7.929772268022716e-07,-0.0020860789366854773,13039.280781575855
2000-05-08,False,0.0015407091450023818,2.537638712661633e-06,0.00153817150628972,13059.337431736585
2000-05-09,False,-0.0001694855812344693,9.341187798182354e-07,-0.00017041970001428755,13057.111863369084
2000-05-10,False,0.0035677148501496313,1.862302858788717e-07,0.0035675286198637523,13103.693483634415
2000-05-11,False,0.005259001305780539,1.923384699722544e-06,0.005257077921080816,13172.580621331841
2000-05-12,False,-0.004384323581884407,6.707942046526444e-07,-0.00438499437608906,13114.81892938872
2000-05-15,False,0.0023387260520158723,1.408584697601939e-06,0.0023373174673182702,13145.472424753096
2000-05-16,False,0.003812481871493669,3.632016550255829e-07,0.003812118669838643,13195.584525607346
2000-05-17,False,0.001322844814533192,2.3580731660511335e-06,0.001320486741367141,13213.009120018
2000-05-18,False,0.0024404497471439512,1.8271326833143586e-06,0.002438622614460637,13245.23066286315
2000-05-19,False,-0.0006540385719413433,9.316028755574635e-07,-0.0006549701748169007,13236.555431820407
2000-05-22,False,-0.0013798644600507004,1.6456266650745205e-06,-0.0013815100867157748,13218.268996977975
2000-05-23,False,0.0013000572701405567,5.709148995773905e-07,0.0012994863552409793,13235.44595717945
2000-05-24,False,0.0052494983675332825,2.120618090871593e-06,0.005247377749442411,13304.897341799102
2000-05-25,False,0.002370478775104167,6.094060611199076e-07,0.002369869369043047,13336.428210467693
2000-05-26,False,-0.006524385387305802,1.5948262463421487e-06,-0.006525980213552144,13249.394943846723
2000-05-30,False,0.0029900009036114977,8.263685695749229e-07,0.002989174535041923,13288.999697817582
2000-05-31,False,-0.00046796311593643586,1.6765824787763617e-06,-0.0004696396984152122,13282.75865600726
2000-06-01,False,0.003789854691519793,2.9646938309915716e-07,0.0037895582221366938,13333.094443284792
2000-06-02,False,0.008666159375430867,3.895494373588215e-06,0.008662263881057279,13448.589225703581
2000-06-05,False,0.001404674418319294,8.312780613592418e-07,0.0014038431402579347,13467.46893543423
2000-06-06,False,0.003199012085219476,2.4864864465472396e-06,0.0031965255987729288,13510.518044637025
2000-06-07,False,-0.006135161261915702,1.4740975803431145e-06,-0.006136635359496045,13427.608921879195
2000-06-08,False,0.004410616315515909,7.318747007565713e-07,0.004409884440815153,13486.82312554114
2000-06-09,False,0.0012799308419780022,1.2151229197019108e-06,0.0012787157190583002,13504.068938271928
2000-06-12,False,0.002992169531272699,5.54645484800942e-07,0.002991614885787898,13544.467911926366
2000-06-13,False,0.008926098636534246,2.5278027950953465e-06,0.008923570833739151,13665.332930743749
2000-06-14,False,-0.0034678394693225443,1.918421061697012e-06,-0.003469757890384241,13617.917533982572
2000-06-15,False,0.00023332229553206722,2.2716737937425458e-07,0.00023309512815269297,13621.091804215326
2000-06-16,False,-0.00037725588844397573,2.339673340804191e-06,-0.0003795955617847799,13615.921298219784
2000-06-19,False,-0.005741903099445607,1.4670078164113892e-06,-0.005743370107262018,13537.720022852756
2000-06-20,False,0.0014237257424924831,4.6371883447601794e-07,0.0014232620236580072,13556.987745648199
2000-06-21,False,0.0018482237590885184,1.352795770866999e-06,0.0018468709633176514,13582.02575266569
2000-06-22,False,0.0046632674577976605,9.357913225102182e-07,0.00466233166647515,13645.349661427224
2000-06-23,False,-0.001507598155713211,1.0628687382350789e-06,-0.001508661024451446,13624.763454228018
2000-06-26,False,-0.000204399238725928,9.892921497568762e-07,-0.00020538853087568486,13621.965084078623
2000-06-27,False,-0.0004886619279525445,8.148347252953659e-08,-0.0004887434114250741,13615.307438393118
2000-06-28,False,0.004291015470317764,1.7412003059893155e-06,0.004289274270011775,13673.707226266919
2000-06-29,False,0.006863669187628682,6.217873924285745e-07,0.006863047400236254,13767.550527097741
2000-06-30,False,0.0010426482533639565,1.0955969018108664e-06,0.0010415526564621456,13781.890155922218
2000-07-03,False,0.0012345385349229827,4.969850136995191e-07,0.0012340415499092832,13798.897581010911
2000-07-05,False,-0.003218607192174075,7.710471659247293e-07,-0.00321937823934,13754.473710411721
2000-07-06,False,-0.00422756296191048,4.328599739353706e-07,-0.004227995821884416,13696.319853031882
2000-07-07,False,-0.0004928511485969341,1.120287943263451e-06,-0.0004939714365401976,13689.554262238767
2000-07-10,False,-0.0014422874501209494,1.0544729447412027e-06,-0.0014433419230656906,13669.795554663995
2000-07-11,False,-3.885214030549389e-05,1.0465160161046843e-06,-3.9898656321598574e-05,13669.250148189172
2000-07-12,False,-0.0020269428839858046,1.3763817723220078e-06,-0.0020283192657581267,13641.524544765134
2000-07-13,False,0.006371392525726907,9.652843734035964e-07,0.006370427241353504,13728.426884338698
2000-07-14,False,-0.004284802015840072,3.8670204697482947e-07,-0.004285188717887047,13669.59798433959
2000-07-17,False,0.0007468207595556978,1.1803377373364454e-06,0.0007456404218183614,13679.790589146724
2000-07-18,False,0.0037587483386580926,1.0745031566022079e-06,0.0037576738355014905,13731.1947803187
2000-07-19,False,-0.005536029106434376,1.179011282561593e-06,-0.005537208117716937,13655.162297115165
2000-07-20,False,0.0010457242922014094,1.2919957360691681e-06,0.0010444322964653402,13669.424189631747
2000-07-21,False,-0.0036816190362548118,1.1991449555196626e-06,-0.0036828181812103315,13619.082185699495
2000-07-24,False,-0.00205455784762641,6.2886573308929e-07,-0.002055186713359499,13591.092428943295
2000-07-25,False,0.0003386679313599423,1.0528718451084662e-07,0.00033856264417543146,13595.693865133271
2000-07-26,False,0.0005805220824276519,3.7469546726912053e-07,0.0005801473869603828,13603.581371403041
2000-07-27,False,0.003488620166761948,7.326739510849084e-07,0.003487887492810863,13651.029132725793
2000-07-28,False,-0.0013031154899543391,8.287480002444059e-07,-0.0013039442379545836,13633.228951946025
2000-07-31,False,-0.002004797216133151,1.052204533748491e-06,-0.0020058494206668994,13605.882747550944
2000-08-01,False,0.006590127411211,1.1937782804956332e-06,0.006588933632930504,13695.531005991994
2000-08-02,False,0.0041644821212282945,1.2241550081502627e-06,0.004163257966220144,13752.549034554304
2000-08-03,False,0.0011015593536733194,1.4454334011928665e-06,0.0011001139202721265,13767.678405186445
2000-08-04,False,0.0023423222087942852,1.3275970436634061e-06,0.002340994611750622,13799.908466149302
2000-08-07,False,-0.004298020273465978,4.94120360415587e-07,-0.004298514393826393,13740.58936097407
2000-08-08,False,0.003237061897092519,8.178422777427864e-07,0.003236244054814776,13785.057261603175
2000-08-09,False,0.002540099481644598,1.3565376790704575e-06,0.0025387429439655274,13820.05397845823
2000-08-10,False,0.0034756141738625846,7.149128763633828e-07,0.0034748992609862214,13868.077273814768
2000-08-11,False,-0.0002446326963728141,4.401489854360535e-07,-0.0002450728453582502,13864.678584657628
2000-08-14,False,0.004462769560906673,9.301056730162683e-07,0.004461839455233657,13926.540554600784
2000-08-15,False,-0.0043899174970112404,7.28210534665763e-07,-0.004390645707545906,13865.394049093762
2000-08-16,False,0.0014527639467395291,8.77189396276512e-07,0.0014518867573432527,13885.525031098987
2000-08-17,False,0.002413295941137422,4.0124766083828035e-07,0.002412894693476584,13919.02934076266
2000-08-18,False,0.002801765979736861,1.5719680501064954e-06,0.0028001940116867546,13958.005323371155
2000-08-21,False,0.0023552458512835542,1.3891871475202185e-06,0.002353856664136034,13990.860467219622
2000-08-22,False,-0.0018006200687897143,4.615905208234794e-07,-0.0018010816593105378,13965.661785034137
2000-08-23,False,0.0036990544901663136,1.062892554163905e-06,0.0036979915976121497,14017.306684970286
2000-08-24,False,-0.0017560342684417368,4.5368304778288514e-07,-0.0017564879514895197,13992.685454665801
2000-08-25,False,0.003528621116662141,5.860356217735896e-07,0.0035280350810403672,14042.052139827823
2000-08-28,False,0.0005707069128353622,5.129227859477364e-07,0.0005701939900494145,14050.058833565912
2000-08-29,False,-0.0008703500234074784,3.5588686871973476e-07,-0.0008707059102761981,14037.825364299799
2000-08-30,False,0.0026047968625018962,1.4537471402598507e-06,0.002603343115361636,14074.370640316598
2000-08-31,False,0.0072867350676820266,1.3678222198115487e-06,0.007285367245462215,14176.907599180056
2000-09-01,False,0.0016864844617891846,3.5920120266161315e-07,0.001686125260586523,14200.811641200033
2000-09-05,False,-0.000385325005252852,1.1422151258002888e-06,-0.00038646722037865227,14195.323492997939
2000-09-06,False,0.004125734737731636,2.203287364494502e-06,0.004123531450367142,14253.858355869452
2000-09-07,False,-0.0012343578534804208,7.933722808857042e-07,-0.0012351512257613064,14236.252685249372
2000-09-08,False,-0.002037234758713379,8.688976887877981e-07,-0.002038103656402167,14207.237726598101
2000-09-11,False,0.0022869895677870306,1.0447790066799161e-06,0.0022859447887803508,14239.714687642183
2000-09-12,False,0.0021463376459248213,9.218007197214912e-07,0.0021454158452051,14270.26479716425
2000-09-13,False,-0.0015739992995967775,1.046629789841755e-06,-0.0015750459293866193,14247.788474684206
2000-09-14,False,0.001559239240778564,5.786724470788623e-07,0.001558660568331485,14269.995940765624
2000-09-15,False,0.0006468620985828792,6.834142421319884e-07,0.0006461786843407472,14279.216907968177
2000-09-18,False,0.0006238183745006959,1.3785346264390263e-07,0.000623680521038052,14288.122577409355
2000-09-19,False,-0.0008594201213248336,5.619563303525532e-07,-0.0008599820776551861,14275.835048069443
2000-09-20,False,-0.0024385197822878028,2.141021285612804e-07,-0.002438733884416364,14241.020085409376
2000-09-21,False,-0.005730688264823616,1.12228518036174e-06,-0.005731810550003978,14159.393256241008
2000-09-22,False,0.0008410847327019917,2.787835982501499e-06,0.0008382968967194902,14171.263031667148
2000-09-25,False,-0.0025503801817617685,4.2615020867360634e-07,-0.002550806331970442,14135.114884193952
2000-09-26,False,0.0007786470748511708,1.2787787951070023e-06,0.0007773682960560637,14146.103074366036
2000-09-27,False,0.0004346348513330015,7.129017651582858e-07,0.0004339219495678432,14152.241378990853
2000-09-28,False,-0.0029435274326601473,1.1327463645549457e-06,-0.002944660179024702,14110.567837358192
2000-09-29,False,0.00029564807731952803,1.7096132122942226e-06,0.0002939384641072338,14114.715475995987
2000-10-02,False,0.0020618943030173936,1.1822466152696526e-06,0.002060712056402124,14143.801840350054
2000-10-03,False,-0.0004947082528340982,7.678312279175981e-07,-0.0004954760840620158,14136.793924800448
2000-10-04,False,-0.0013674442920702586,2.344413443810811e-07,-0.0013676787334146398,14117.459332390836
2000-10-05,False,-0.0002785813545879328,5.398586513719467e-07,-0.00027912121323930475,14113.518850014123
2000-10-06,False,0.0019483961951794722,5.774754831026629e-07,0.0019478187196963696,14141.009426230967
2000-10-09,False,0.004311375661375658,1.4335899781638267e-06,0.0043099420713974945,14201.956357689107
2000-10-10,False,0.0026919831471683337,5.897485489836929e-07,0.00269139339861935,14240.179409277674
2000-10-11,False,0.0070397989855157965,8.477531121955373e-07,0.007038951232403601,14340.415337680257
2000-10-12,False,0.008479310386378053,1.5734399168411128e-06,0.008477736946461213,14461.989606616109
2000-10-13,False,-0.00018768528173637635,4.2764202269229836e-07,-0.00018811292375906866,14459.269119467835
2000-10-16,False,-0.003699423589088689,4.592583811478812e-07,-0.003699882847469837,14405.771517665766
2000-10-17,False,-0.0006333311932100102,9.02184156520533e-07,-0.0006342333773665307,14396.634896542546
2000-10-18,False,0.004579836620021609,7.598262233742825e-07,0.004579076793798235,14462.558193306091
2000-10-19,False,-0.004738591269841252,7.935254041929186e-07,-0.004739384795245445,14394.014564904382
2000-10-20,False,0.0023798319573481294,5.437340115316963e-07,0.0023792882233365977,14428.262074245196
2000-10-23,False,0.006706647669236866,9.823040877068867e-07,0.00670566536514916,14525.013171515757
2000-10-24,False,-0.004217466078466317,3.892696278649105e-07,-0.004217855348094182,14463.748767029141
2000-10-25,False,-0.005254176509024641,1.2305938276827023e-06,-0.005255407102852324,14387.735879025024
2000-10-26,False,-0.0008383665310202438,1.398449965346743e-07,-0.0008385063760167785,14375.671670754016
2000-10-27,False,-0.007845745318871658,9.984985017909427e-07,-0.007846743817373448,14262.869457950936
2000-10-30,False,0.0025417609540657232,4.225527974759669e-07,0.002541338401268247,14299.116235816702
2000-10-31,False,-0.0003752021600030182,6.051838613670979e-07,-0.0003758073438643853,14293.742522924513
2000-11-01,False,0.0021612199115859172,2.666845356752157e-07,0.002160953227050242,14324.630631956054
2000-11-02,False,-0.00248468169272311,4.1859312187944586e-07,-0.0024851002858449897,14289.032488277953
2000-11-03,False,-0.003490138244586754,4.547760301760184e-07,-0.0034905930206169298,14239.155291203002
2000-11-06,False,0.0018277413639014167,7.812529934155405e-07,0.0018269601109080012,14265.169659933053
2000-11-07,False,0.00190713676362527,7.623566210567811e-07,0.0019063744070042133,14292.364414284324
2000-11-08,False,0.0008633423734933093,1.0244824158689437e-06,0.0008623178910774404,14304.688975824558
2000-11-09,False,0.00385083681034949,6.174827064725913e-07,0.0038502193276430175,14359.7651657952
2000-11-10,False,0.004518550367132159,1.2180710235406705e-06,0.004517332296108618,14424.63299674318
2000-11-13,False,0.0027762822166583004,7.668240439338003e-07,0.0027755153926143665,14464.668787658453
2000-11-14,False,0.004965669949476103,1.4286275820341865e-06,0.004964241321894068,14536.474894161658
2000-11-15,False,0.0058460837053906966,1.8432104863119054e-06,0.0058442404949043845,14621.42954939128
2000-11-16,False,0.003964833012193149,6.56675712477739e-07,0.003964176336480671,14679.391474416494
2000-11-17,False,0.0001291419327416549,1.1099996637077976e-06,0.0001280319330779471,14681.27090528337
2000-11-20,False,0.004555989652342342,7.937188829254677e-07,0.004555195933459417,14748.146970809134
2000-11-21,False,0.002528042328042325,8.431946469014545e-07,0.0025271991333954236,14785.418475052951
2000-11-22,False,0.0027243843293643156,4.554686857894674e-07,0.0027239288606785263,14825.692903154359
2000-11-24,False,0.0003743625673267731,6.606922336713922e-07,0.0003737018750931017,14831.233292391822
2000-11-27,False,-0.00035834287228567245,1.749236347662858e-06,-0.0003600921086333353,14825.892682321932
2000-11-28,False,0.0004965604845190343,1.4237197844338551e-06,0.0004951367647346005,14833.233526858958
2000-11-29,False,0.0029221338636627853,1.1828545633475045e-06,0.002920951009099438,14876.560675297445
2000-11-30,False,0.002280419134435919,1.27654083265015e-06,0.002279142593603269,14910.46647837884
2000-12-01,False,-0.004800363396163018,1.1956791282938528e-06,-0.004801559075291313,14838.872992742752
2000-12-04,False,0.0019692115536800066,5.966404826456967e-07,0.001968614913197361,14868.085019411308
2000-12-05,False,0.0020486020328599184,2.8502781001119026e-07,0.002048317005049907,14898.539570789095
2000-12-06,False,0.004640805975953796,2.8244193099094537e-07,0.004640523534022805,14967.676594289913
2000-12-07,False,0.004221056386273623,7.022477672021799e-07,0.004220354138506421,15030.84549014845
2000-12-08,False,-0.0032420462266486445,2.3077228096494984e-07,-0.0032422769989296093,14982.111325541275
2000-12-11,False,0.003526182277674924,2.697790054242713e-06,0.003523484487620681,15034.900562388624
2000-12-12,False,-0.002020389876921117,7.030220658448966e-07,-0.0020210928989869616,15004.513631625006
2000-12-13,False,-0.0009959169361928252,7.893582153205847e-07,-0.0009967062944081458,14989.558538443833
2000-12-14,False,-0.0034891960720987987,1.7562619302119998e-06,-0.0034909523340290105,14937.230704077989
2000-12-15,False,0.00605615878601816,1.2099790437800906e-06,0.00605494880697438,15027.674871309146
2000-12-18,False,0.0030232698015244283,7.920604207282827e-07,0.0030224777411037,15073.095684108219
2000-12-19,False,-0.0019395173896328847,8.047990957234242e-08,-0.001939597869542457,15043.859939831913
2000-12-20,False,0.0033109012962505673,1.606497926640693e-06,0.0033092947983239264,15093.644507277513
2000-12-21,False,0.0011967950393837314,3.0243721786854527e-07,0.001196492602165863,15111.703941270192
2000-12-22,False,0.00010121547038407918,7.884561077748514e-07,0.00010042701427630433,15113.221564577643
2000-12-26,False,0.0010452943130089944,5.035912134669917e-07,0.0010447907217955273,15129.01171824475
2000-12-27,False,0.0020802243573547156,9.561685879519027e-07,0.0020792681887667635,15160.468991037975
2000-12-28,False,-0.0023996694676630694,1.2702657718835497e-07,-0.0023997964942402577,15124.086950702243
2000-12-29,False,0.0030008193668356596,1.5910854345517617e-06,0.0029992282814011078,15169.44754001516
2001-01-02,False,-0.0033602650935124177,2.6607337695854495e-06,-0.003362925827282003,15118.433813097243
2001-01-03,False,-0.003971480915800228,1.0135400576174458e-06,-0.003972494455857845,15058.37591859346
2001-01-04,False,0.003013949780536162,7.234483259011549e-07,0.0030132263322102605,15103.750213431684
2001-01-05,False,0.0034692695842235208,4.864326681713049e-07,0.0034687831515553495,15156.141847697338
2001-01-08,False,-0.004592297612631602,1.8235559538909984e-06,-0.004594121168585493,15086.512695600748
2001-01-09,False,-0.0021941616523680958,3.906738377198599e-07,-0.0021945523262058156,15053.404554070283
2001-01-10,False,-0.0006396215314486372,6.52645787468778e-07,-0.000640274177236106,15043.766247854825
2001-01-11,False,-0.0021220462260072488,4.0050886064833815e-07,-0.002122446734867897,15011.836655301948
2001-01-12,False,-0.002960279908062442,5.777538498532714e-07,-0.0029608576619122953,14967.38874372172
2001-01-16,False,0.001683329143284693,6.012889137080452e-07,0.001682727854370985,14992.574785667979
2001-01-17,False,-0.0030431835960959626,1.6310998034829021e-06,-0.0030448146958994456,14946.925173631205
2001-01-18,False,0.0023480664085934757,5.257664376656091e-07,0.0023475406421558103,14982.013687951567
2001-01-19,False,0.002261894605326316,1.1356021658203153e-06,0.0022607590031604955,15015.884410282077
2001-01-22,False,-0.004485442914713657,4.439098488009663e-07,-0.004485886824562458,14948.52485224684
2001-01-23,False,-0.0050425968171860765,7.485433173132217e-08,-0.005042671671517808,14873.144349443433
2001-01-24,False,-0.0013686243386243416,4.5418421780397954e-07,-0.0013690785228421456,14852.781846947479
2001-01-25,False,0.001666957480151071,2.800049929199272e-07,0.001666677475158151,14877.536643895224
2001-01-26,False,0.0013062888183873994,7.263363918283972e-07,0.001305562481995571,14896.960197562008
2001-01-29,False,0.0007313857678829158,2.9168361927344595e-06,0.0007284689316901813,14907.812170242558
2001-01-30,False,-0.00230157421622028,1.0009838032615653e-06,-0.002302575200023542,14873.485811652748
2001-01-31,False,0.002381304162639888,1.354853904283429e-06,0.0023799493087356045,14908.88395392868
2001-02-01,False,0.005986901946389511,1.3805842530500157e-06,0.005985521362136461,14998.121397320534
2001-02-02,False,0.00045124914233784776,1.6923614662835151e-06,0.00044955678087156423,15004.863904495034
2001-02-05,False,-0.005697897670024266,9.550916260212816e-07,-0.005698852761650287,14919.353394394715
2001-02-06,False,-0.004803403139602556,1.1407208590900609e-06,-0.004804543860461646,14847.672706641617
2001-02-07,False,0.006804133251917042,2.103333099332791e-06,0.00680202991881771,14948.667020617006
2001-02-08,False,0.0021047089947089917,7.027361125315629e-07,0.00210400625859646,14980.119109586058
2001-02-09,False,0.0036024169881461224,1.76433909511442e-07,0.003602240554236611,15034.081102149903
2001-02-12,False,-0.005298565541913405,7.512347145919584e-07,-0.005299316776627996,14954.410743944096
2001-02-13,False,-0.0027596093986774154,2.524787952695312e-07,-0.002759861877472685,14913.138635831816
2001-02-14,False,-0.005532693855712557,1.238067539382673e-06,-0.00553393192325194,14830.610341859105
2001-02-15,False,-0.0031343772504214564,5.844356333499224e-07,-0.003134961686054806,14784.11694665657
2001-02-16,False,0.00637420846892546,2.2826067608483493e-07,0.006373980208249376,14878.350615471003
2001-02-20,False,-0.0002630191091368113,6.837451883948826e-07,-0.0002637028543252062,14874.427151946053
2001-02-21,False,-0.00011769170785274155,1.3326741777540395e-07,-0.00011782497527051695,14872.674572934713
2001-02-22,False,2.4708994708991765e-05,1.0881565342624188e-08,2.469811314364914e-05,14873.041899934062
2001-02-23,False,0.0065086980763155505,6.679706810481107e-07,0.006508030105634503,14969.836104381198
2001-02-26,False,0.004907248716563655,1.1683952944145925e-06,0.0049060803212692405,15043.279322705528
2001-02-27,False,-0.0015513191115844119,1.7804871178391802e-06,-0.001553099598702251,15019.91561162627
2001-02-28,False,0.0024286970576758867,9.3327787264752e-07,0.0024277637798032392,15056.380418723875
2001-03-01,False,0.0022157283742599405,4.380746165986299e-07,0.002215290299643342,15089.734672213213
2001-03-02,False,-0.0010434384285418245,5.807733080563093e-07,-0.0010440192018498808,15073.980699464602
2001-03-05,False,0.0035618899640987244,9.894938710281049e-07,0.0035609004702276963,15127.65764442553
2001-03-06,False,0.007983161992688689,2.5342642912078024e-06,0.007980627728397482,15248.385848488337
2001-03-07,False,0.0065589580492185,1.5715327080253332e-06,0.006557386516510475,15348.375408249763
2001-03-08,False,-0.000662645036015917,3.6980420958776517e-07,-0.0006630148402255048,15338.199207580743
2001-03-09,False,0.0008093239183575036,1.529105311229434e-06,0.0008077948130462741,15350.589325342098
2001-03-12,False,-0.011434629386922952,4.540124435936433e-06,-0.011439169511358888,15174.991331950252
2001-03-13,False,-0.001458434679063048,6.190770789841759e-07,-0.001459053756142032,15152.850203847947
2001-03-14,False,0.004613044290209502,7.792313230262915e-07,0.0046122650588864755,15222.739165385696
2001-03-15,False,0.0058762641153261574,1.5001407574778968e-06,0.00587476397456868,15312.169165028758
2001-03-16,False,0.004424701823172944,1.2669438473864592e-06,0.004423434879325558,15379.901548191478
2001-03-19,False,-0.0020755235561631864,7.285846852180533e-07,-0.0020762521408484043,15347.968994676008
2001-03-20,False,0.0024685175734523155,7.096677682182223e-07,0.0024678079056840974,15385.844833897265
2001-03-21,False,0.005415831185182549,1.4992418284873744e-06,0.005414331943354062,15469.148905056925
2001-03-22,False,0.005531842523637372,1.3886776334096628e-06,0.005530453846003962,15554.700319113304
2001-03-23,False,-0.0036733211651372444,2.1189148461894792e-07,-0.0036735330566218635,15497.559613305195
2001-03-26,False,-0.005235703472903472,4.3536353971346255e-07,-0.005236138836443185,15416.412239543875
2001-03-27,False,-0.005554450278849973,1.0817502410698093e-06,-0.005555532029091043,15330.765867573416
2001-03-28,False,-0.0001714641865776115,2.0645803572953704e-07,-0.00017167064461334105,15328.134025114516
2001-03-29,False,0.0015546125388331015,3.6865812298729486e-07,0.0015542438807101143,15351.957683625755
2001-03-30,False,0.004460392268861762,1.8694945804942908e-06,0.004458522774281268,15420.404736588001
2001-04-02,False,0.0009867429098761045,1.2316728022516433e-06,0.0009855112370738528,15435.601718736134
2001-04-03,False,0.0005177833607622348,5.79330592385921e-07,0.0005172040301698489,15443.58507415316
2001-04-04,False,1.9129262860316954e-05,2.990162036393823e-07,1.8830246656677573e-05,15443.875880669368
2001-04-05,False,-0.0001970052125264235,4.197722655210068e-07,-0.00019742498479194452,15440.826873708496
2001-04-06,False,0.0025139161714129786,4.872617478587776e-07,0.00251342890966512,15479.63629436201
2001-04-09,False,0.0008013508536773715,4.340956238644556e-07,0.000800916758053507,15492.03419447874
2001-04-10,False,-0.0026232750109819337,7.704673153369202e-07,-0.0026240454782972705,15451.38239220109
2001-04-11,False,-0.004175602576274777,1.0902855029090304e-06,-0.004176692861777686,15386.846713658986
2001-04-12,False,-0.005200908881083297,1.281513555049116e-06,-0.005202190394638346,15306.801407481418
2001-04-16,False,-0.001928229241635177,9.001666388682994e-07,-0.0019291294082740453,15277.272606739634
2001-04-17,False,0.008694318010432871,1.492526528049626e-06,0.008692825483904822,15410.075271380065
2001-04-18,False,-0.00017871826162989472,9.753879426992046e-07,-0.00017969364957259393,15407.306178714362
2001-04-19,False,-0.008671800197954221,1.991973967251162e-06,-0.008673792171921471,15273.666406991031
2001-04-20,False,-0.0027104825117722255,3.414012912529574e-07,-0.0027108239130634783,15232.262186854807
2001-04-23,False,0.008539094899396077,1.49901726607643e-06,0.008537595882130001,15362.309085776824
2001-04-24,False,0.00023760903843288769,6.533488813435795e-07,0.0002369556895515441,15365.94927231935
2001-04-25,False,-0.0026009177261589506,4.319642886230074e-07,-0.0026013496904475734,15325.977064936369
2001-04-26,False,0.0010792480881962156,4.319287071461453e-07,0.0010788161594890695,15342.510976653979
2001-04-27,False,-0.003366724681679209,8.640297304992328e-07,-0.003367588711409708,15290.843709884319
2001-04-30,False,0.00279316191347107,1.7672574161391037e-06,0.002791394656054931,15333.526489302662
2001-05-01,False,-0.0016705541141441157,9.882251979794754e-07,-0.0016715423393420953,15307.89585056437
2001-05-02,False,-0.00294843465530106,1.1369464363907843e-06,-0.002949571601737451,15262.744115681191
2001-05-03,False,0.004953267203376128,8.834130187047457e-07,0.004952383790357424,15338.331082236062
2001-05-04,False,0.0002978788432814105,2.5519576631964636e-07,0.0002976236475150908,15342.896132279553
2001-05-07,False,-0.00037641638102940965,8.95269904567092e-08,-0.00037650590801986634,15337.119441239613
2001-05-08,False,0.005367926187896136,8.898775675505039e-07,0.005367036310328585,15419.434318176593
2001-05-09,False,0.0018073606292392144,3.033240582246133e-07,0.0018070573051809898,15447.298119603012
2001-05-10,False,-0.0004026295014595599,6.935102255173908e-07,-0.0004033230116850773,15441.067868803015
2001-05-11,False,-0.0062619791037493685,7.943709345259037e-07,-0.006262773474683895,15344.363958533484
2001-05-14,False,0.0066303863207604445,2.385516329479226e-06,0.006628000804430966,15446.066415194126
2001-05-15,False,-0.0026049323322540167,1.7721459693338659e-07,-0.00260510954685095,15405.82772011461
2001-05-16,False,-0.0014396510823447984,6.326355941270179e-07,-0.0014402837179389254,15383.638957287956
2001-05-17,False,0.0005897077045672422,1.0087063588223866e-07,0.00058960683393136,15392.709255947904
2001-05-18,False,0.02459273551688219,6.871046700578143e-06,0.02458586447018161,15771.152319543547
2001-05-21,False,-0.0023332222903467304,2.5954632227606912e-06,-0.002335817753569491,15734.313781961308
2001-05-22,False,-0.0085116913367534,4.330759197796588e-06,-0.008516022095951196,15600.320018129498
2001-05-23,False,0.002281375661375658,7.613670920841448e-07,0.002280614294283574,15635.898330958242
2001-05-24,False,-0.004507049170503015,7.519182918184347e-07,-0.004507801088794834,15565.414811437662
2001-05-25,False,0.0003911313294153232,8.965421254594764e-08,0.0003910416752027773,15571.501537320755
2001-05-29,False,-0.012083223985075822,4.590137611125228e-06,-0.012087814122686946,15383.276121126488
2001-05-30,False,-0.00031183214171099147,1.0299732913592042e-07,-0.0003119351390401274,15378.47753675075
2001-05-31,False,0.004906182572048694,1.1092641077617704e-06,0.0049050733079409325,15453.910096433036
2001-06-01,False,-0.0009810077518239574,1.324464684818838e-06,-0.0009823322165087762,15438.72922267428
2001-06-04,False,0.0009550313484526851,4.1709643508702764e-07,0.000954614252017598,15453.467253623285
2001-06-05,False,0.0032176561154232983,1.0261251412030382e-07,0.003217553502909178,15503.18961131727
2001-06-06,False,-0.0009052910052910083,2.9938920013479475e-07,-0.0009055903944911432,15489.150071721286
2001-06-07,False,-0.0014735630421069082,2.4330686571083506e-07,-0.001473806348972619,15466.322064005393
2001-06-08,False,0.0012703148301964635,7.210341442624308e-07,0.001269593796052201,15485.9580105456
2001-06-11,False,0.006815128018474242,1.273638006053665e-06,0.0068138543804681885,15591.477073371501
2001-06-12,False,0.0007799759130880389,3.297474013786023e-07,0.0007796461656866603,15603.632908689146
2001-06-13,False,-0.0005119576719576415,1.6809311123160141e-07,-0.000512125765068873,15595.641886247931
2001-06-14,False,0.0005531642427379336,2.1358210424186898e-07,0.0005529506606336917,15604.265506731937
2001-06-15,False,0.001859794929809643,7.436511397457963e-07,0.0018590512786698973,15633.274636474931
2001-06-18,False,-0.0023747969012982207,4.536110839802737e-07,-0.002375250512382201,15596.141692884434
2001-06-19,False,0.003389771534559533,4.1245353838642584e-07,0.0033893590810211466,15649.002617360105
2001-06-20,False,0.000533123861256801,9.14507249580171e-08,0.000533032410531843,15657.344042947658
2001-06-21,False,-0.0006899453974676116,3.802714669704915e-07,-0.0006903256689345821,15646.535376447473
2001-06-22,False,0.0019650243094235646,5.72952004511712e-07,0.001964451357419053,15677.27223410664
2001-06-25,False,-0.0025978457752312873,1.6503883862893781e-06,-0.0025994961636175767,15636.519225078093
2001-06-26,False,-0.00219756083024444,1.0461749797591874e-06,-0.002198607005224199,15602.140664372513
2001-06-27,False,-0.0006292921212573462,2.0057809332077458e-07,-0.000629492699350667,15592.319230730049
2001-06-28,False,0.0029301989533871086,1.891092231291941e-06,0.0029283078611558166,15637.978341707045
2001-06-29,False,-0.004306261005516398,1.077653138827947e-06,-0.004307338658655226,15570.620273052597
2001-07-02,False,-0.0027216194728710685,1.073219206842238e-06,-0.0027226926920779107,15528.226259024035
2001-07-03,False,-0.004812094100128842,3.9153508699397986e-07,-0.004812485635215836,15453.496893212101
2001-07-05,False,0.0015949974696845223,8.411587756005784e-07,0.0015941563109089217,15478.132182810026
2001-07-06,False,0.00010463231876045702,1.0539951045083208e-06,0.0001035783236559487,15479.73538179485
2001-07-09,False,-0.0005934465788927835,4.747072835979832e-07,-0.0005939212861763815,15470.541637447222
2001-07-10,False,-0.0031972893458931625,1.5604409569309612e-06,-0.0031988497868500935,15421.053698627818
2001-07-11,False,-0.0025916748269832436,7.09894009938164e-07,-0.002592384720993182,15381.07639463788
2001-07-12,False,-0.0010611836312746528,8.123314276016619e-07,-0.0010619959627022545,15364.74175360476
2001-07-13,False,0.005069161583745804,8.405991311347533e-07,0.00506832098461467,15442.61519665774
2001-07-16,False,0.0054410493608519975,5.974213745381652e-07,0.005440451939477459,15526.630002455002
2001-07-17,False,-0.0042064110369127794,1.187258926232171e-06,-0.004207598295839012,15461.30018051655
2001-07-18,False,2.3801268661443587e-06,9.151033668721165e-07,1.465023499272242e-06,15461.322831684642
2001-07-19,False,6.848375255875747e-05,1.7690725930057107e-07,6.83068452994569e-05,15462.37894587143
2001-07-20,False,-0.002311212556377547,3.8609443904505384e-07,-0.002311598650816592,15426.636131561738
2001-07-23,False,-0.0002039164269271998,7.131175586936184e-07,-0.0002046295444858934,15423.479386037186
2001-07-24,False,-0.0036432751795996594,9.143263963035803e-07,-0.003644189505995963,15367.273304312645
2001-07-25,False,-0.00596828789187602,1.3885727533045205e-06,-0.005969676464629325,15275.535654542364
2001-07-26,False,0.0013418789648766713,2.976208014276033e-07,0.0013415813440752437,15296.029028197252
2001-07-27,False,0.00043532846639496623,4.0237957711494743e-07,0.0004349260868178513,15302.681670246338
2001-07-30,False,0.0013440147304928003,2.1116367196785669e-07,0.0013438035668208324,15323.245468456738
2001-07-31,False,0.004405539155617002,7.091228083564715e-07,0.004404830032808646,15390.741760296294
2001-08-01,False,-0.0015287243241411633,2.52527930300922e-07,-0.0015289768520714642,15367.209672408591
2001-08-02,False,-0.003398784411234701,5.657413989411386e-07,-0.003399350152633642,15314.971145863137
2001-08-03,False,-7.494053974656303e-05,6.85874823120547e-07,-7.562641456968358e-05,15313.812929506137
2001-08-06,False,0.0034310008554320585,1.1679929005032618e-06,0.003429832862531555,15366.336748342415
2001-08-07,False,0.007939812513043066,2.236485222754575e-06,0.00793757602782031,15488.308214551475
2001-08-08,False,0.0009205778163995384,6.05613926699139e-07,0.0009199722024728392,15502.557027572195
2001-08-09,False,-0.0026113072035857977,7.183245655147802e-07,-0.0026120255281513126,15462.063952864553
2001-08-10,False,0.0006152312314140323,2.259036667542208e-07,0.0006150053277472781,15471.573204573537
2001-08-13,False,0.00032206062264592163,3.735564626140414e-07,0.0003216870661833076,15476.550209566956
2001-08-14,False,-0.0016313793036650485,1.3286042401826904e-06,-0.0016327079079052312,15451.281523652704
2001-08-15,False,-0.005315390990807797,1.4752765063159867e-06,-0.005316866267314113,15369.12912613282
2001-08-16,False,0.001589236690019748,2.6709380903447434e-07,0.0015889695962107136,15393.550205034482
2001-08-17,False,0.0013633521388789424,7.09463052248463e-07,0.001362642675826694,15414.526113476344
2001-08-20,False,-0.0027024787136413057,6.388061456175792e-07,-0.0027031175197869232,15372.858837879792
2001-08-21,False,-0.0028865342995438737,7.668525653949932e-07,-0.002887301152109269,15328.47276484597
2001-08-22,False,0.0015100597763025268,6.556666081778961e-07,0.0015094041096943489,15351.609624632567
2001-08-23,False,-0.0013888945256403315,7.629105146305936e-07,-0.001389657436154962,15330.27614616075
2001-08-24,False,0.0004827349335057034,4.643200342482057e-07,0.0004822706134714552,15337.669487842446
2001-08-27,False,-0.00022968147731078627,1.1227411040830304e-07,-0.00022979375142119458,15334.144987232776
2001-08-28,False,0.0041705077636865154,5.73152095860438e-07,0.004169934611590655,15398.087369154187
2001-08-29,False,0.0019658355768993915,3.2963675380397186e-07,0.0019655059401455875,15428.352401345139
2001-08-30,False,0.0011647089947089584,3.9042710025970205e-07,0.0011643185676086987,15446.315918513636
2001-08-31,False,-0.00031143836261809336,8.116797277690214e-07,-0.00031225004234586236,15441.492805713991
2001-09-04,False,-0.007546364165372573,6.195625996753273e-07,-0.007546983727972249,15324.956110773668
2001-09-05,False,-0.0004705431191696879,5.365344174420999e-07,-0.00047107965358713,15317.736835757765
2001-09-06,False,0.0051627903702735345,4.0030661541019806e-07,0.005162390063658124,15396.812968196411
2001-09-07,False,0.004566211013992342,1.850396722125891e-07,0.004566025974320129,15467.115216130944
2001-09-10,False,-0.003473383180220502,7.054179534855266e-07,-0.0034740885981739875,15413.38108751194
2001-09-17,False,0.03933297304471504,6.53630431551043e-06,0.039326436740399526,16019.53444380565
2001-09-18,False,-0.006085821509936951,1.6443105655985918e-06,-0.00608746582050255,15922.01607541862
2001-09-19,False,0.002355771326426054,1.1412490718831909e-06,0.002354630077354171,15959.506533361919
2001-09-20,False,-0.00396429865951453,8.930085540523603e-07,-0.003965191668068582,15896.224031029345
2001-09-21,False,0.0047911989211016645,1.5023894218914453e-06,0.0047896965316797735,15972.362120137574
2001-09-24,False,-0.005217848276311131,1.5914114256168066e-06,-0.005219439687736748,15888.995339380823
2001-09-25,False,4.370625756729419e-05,1.412000023018334e-07,4.356505756499236e-05,15889.687544377432
2001-09-26,False,0.005722427186912377,1.034194616340675e-06,0.005721392992296036,15980.598691343608
2001-09-27,False,0.0003823556805151798,1.0095285450223563e-06,0.00038134615197015745,15986.692831160733
2001-09-28,False,0.00409516735951928,1.2341405478313444e-06,0.004093933218971449,16052.141284003717
2001-10-01,False,-0.000811749912899693,1.2899637656076103e-06,-0.0008130398766653006,16039.090253033957
2001-10-02,False,0.0031009012227831514,2.2189213870811574e-07,0.003100679330644443,16088.82232866388
2001-10-03,False,-0.001695619970143498,7.244180246915172e-07,-0.0016963443881681897,16061.530145194414
2001-10-04,False,-0.001570592420443542,4.0337980000303144e-07,-0.001570995800243545,16036.297548790828
2001-10-05,False,0.0022505985358353257,2.2788457925398965e-07,0.002250370651256072,16072.385162149434
2001-10-08,False,0.001635411470143687,2.721235443915032e-07,0.0016351393465992956,16098.665751521761
2001-10-09,False,-0.005277650918193666,2.9477962245205714e-07,-0.005277945697816118,16013.697867877938
2001-10-10,False,-0.005421101076445933,9.084415998089345e-07,-0.005422009518045742,15926.871445619196
2001-10-11,False,-0.011291595042157987,1.2105418329277501e-06,-0.011292805583990914,15747.012382822602
2001-10-12,False,0.005017433705392858,1.5493207681917116e-06,0.005015884384624666,15825.997576338093
2001-10-15,False,0.0020995599498086583,3.223240912565567e-07,0.002099237625717402,15859.220105914854
2001-10-16,False,-0.001469800076713141,5.403309305682669e-07,-0.0014703404076437095,15835.901653759413
2001-10-17,False,0.001998050283670961,2.248756398854357e-07,0.001997825408031076,15867.539020442375
2001-10-18,False,0.0021778263287637995,1.0813406397570669e-06,0.0021767449881240426,15902.078606478985
2001-10-19,False,-0.008827565547184028,1.4145595257365057e-06,-0.008828980106709764,15761.679470807047
2001-10-22,False,-0.004632724777693417,1.1763580020948823e-06,-0.004633901135695512,15688.641406406803
2001-10-23,False,0.001818376919196036,6.64062996641332e-07,0.0018177128561993946,15717.15885158753
2001-10-24,False,-0.0020286031996968094,7.851589092594535e-07,-0.002029388358606069,15685.262632383756
2001-10-25,False,0.006349534727015501,6.542566534890465e-07,0.006348880470362012,15784.846489982996
2001-10-26,False,0.0003946739764150789,2.6275192874132546e-07,0.00039441122448633756,15791.072210615437
2001-10-29,False,0.0036765799973505382,1.954018021539522e-07,0.0036763845955483845,15849.126265237735
2001-10-30,False,0.007132081275373987,5.689288076085458e-07,0.0071315123465663785,15962.154504880567
2001-10-31,False,0.005055324092966155,1.8167415310095665e-06,0.005053507351435145,16042.819370015724
2001-11-01,False,0.007248987700135649,5.859213797688723e-07,0.007248401778755881,16159.104170473607
2001-11-02,False,-0.003946156818762063,4.955933402306101e-07,-0.003946652412102293,16095.329803021794
2001-11-05,False,0.0012495753227894889,1.191896844188134e-06,0.0012483834259453008,16115.42294598301
2001-11-06,False,0.0015206141008068423,4.876940889592396e-07,0.001520126406717883,16139.920425958628
2001-11-07,False,0.0032562884891743048,4.379553060405439e-07,0.003255850533868264,16192.469594494078
2001-11-08,False,-0.00892073064579725,1.9186607481015972e-06,-0.008922649306545353,16047.98986689551
2001-11-09,False,-0.007533217488126955,9.74182951099009e-07,-0.007534191671078053,15927.081235302801
2001-11-12,False,0.007895734626923506,1.3056467310490483e-06,0.007894428980192457,16052.816446976656
2001-11-13,False,-0.011792480452083537,1.550064724463937e-06,-0.011794030516808,15863.489039920296
2001-11-14,False,0.001979015825595579,1.63095710921346e-06,0.0019773848684863657,15894.857263109232
2001-11-15,False,-0.004978447455909995,2.2224723712407498e-06,-0.004980669928281236,15815.69022552454
2001-11-16,False,-0.010011671288983845,1.2926631705872938e-06,-0.010012963952154433,15657.328289417923
2001-11-19,False,-0.0001341134357339052,1.0678569850225418e-06,-0.00013518129271892774,15655.211711539234
2001-11-20,False,-0.004817857519104571,4.6760995830286144e-07,-0.004818325129062874,15579.779811548726
2001-11-21,False,-0.004636922947966499,6.81745778524298e-07,-0.004637604693745023,15507.526951567172
2001-11-23,False,-0.001720124004357475,4.6812861888946566e-07,-0.0017205921329763645,15480.844822692387
2001-11-26,False,0.0030826654378479164,1.1809153932907517e-06,0.003081484522454626,15528.548806408036
2001-11-27,False,-0.003520787169355577,1.9065814726937914e-06,-0.0035226937508282706,15473.846484568272
2001-11-28,False,0.0049296480600614975,9.702755397242857e-07,0.004928677784521773,15550.112087977865
2001-11-29,False,0.006673566345930193,8.661756117193665e-07,0.006672700170318474,15653.873323555785
2001-11-30,False,-0.001615692500529525,1.8904389512813675e-06,-0.0016175829394808063,15628.55188513081
2001-12-03,False,0.0015213149984382949,3.0142726725045087e-07,0.0015210135711710444,15652.323124645844
2001-12-04,False,0.004473284725763441,8.937877121187321e-07,0.004472390938051322,15722.32643274796
2001-12-05,False,-0.009540611570679034,6.362225440759567e-07,-0.00954124779322311,15572.31582036717
2001-12-06,False,-0.0005975820862663865,1.1269371184787353e-06,-0.0005987090233848652,15562.992534370516
2001-12-07,False,-0.006593613369774339,8.285834689280708e-07,-0.006594441953243267,15460.363283483852
2001-12-10,False,0.0017887100612107327,1.326176178458205e-06,0.0017873838850322745,15487.996887673495
2001-12-11,False,0.0028027703299066445,7.540914000135484e-07,0.002802016238506631,15531.394506454697
2001-12-12,False,0.006118395330159183,3.3488515189065984e-07,0.006118060445007293,15626.416516840442
2001-12-13,False,-0.002132731437387441,8.72639464071151e-07,-0.002133604076851512,15593.075930853533
2001-12-14,False,-0.003087913351966643,2.1588877139316206e-06,-0.003090072239680575,15544.89219978837
2001-12-17,False,0.0011335688742601005,2.2926307260356937e-07,0.0011333396111874968,15562.509841870029
2001-12-18,False,0.005027690219036434,7.101478932104998e-07,0.005026980071143224,15640.74226870208
2001-12-19,False,0.0032609973402801546,6.635180125240531e-07,0.0032603338222676305,15691.7363097261
2001-12-20,False,-0.0015822104702790782,1.4560054521176452e-06,-0.0015836664757311958,15666.885832986376
2001-12-21,False,-0.0010115858545702969,1.0291100574151418e-06,-0.001012614964627712,15651.02130994278
2001-12-24,False,-0.0013381851191741577,3.4095983137433226e-07,-0.001338526079005532,15630.07200975635
2001-12-26,False,-0.005904063527827498,1.3657193726326344e-06,-0.00590542924720013,15537.76972537409
2001-12-27,False,0.005052675138914332,9.199061565469541e-07,0.005051755232757785,15616.262734889635
2001-12-28,False,-0.001885696117904338,4.093249034008983e-07,-0.001886105442807739,15586.808816749042
2001-12-31,False,0.009322273324319568,1.5419829369655997e-06,0.009320731341382603,15732.089274199454
2002-01-02,False,-0.0042050343734398215,1.8209626658696881e-06,-0.004206855336105691,15665.906650488198
2002-01-03,False,0.004364671879716034,7.277117968311625e-07,0.004363944167919203,15734.271792450765
2002-01-04,False,-0.006667993114728939,1.450003091509014e-06,-0.006669443117820448,15629.332961730686
2002-01-07,False,0.003306241556358924,3.601590063718602e-07,0.003305881397352552,15681.001682821901
2002-01-08,False,0.000732303097179565,3.976582774152249e-07,0.0007319054389021498,15692.478693240992
2002-01-09,False,0.006478488218053721,9.224318253153729e-07,0.0064775657862284055,15794.127756325446
2002-01-10,False,0.010544526514549872,1.6318973728791376e-06,0.010542894617176992,15960.643580830616
2002-01-11,False,0.002541679900722645,1.062673838097078e-06,0.0025406172268845483,16001.193466864237
2002-01-14,False,0.003604610395922742,8.511634879223434e-07,0.0036037592324348194,16058.857915550423
2002-01-15,False,-0.003746017629766743,9.271418602232324e-07,-0.003746944771626966,15998.68626184545
2002-01-16,False,-0.0013204036662565913,4.525922453424841e-07,-0.0013208562585019339,15977.554296968683
2002-01-17,False,0.0032470854023862864,1.5936444001340283e-06,0.0032454917579861522,16029.409317752272
2002-01-18,False,0.0008007323644872322,1.1877646856111728e-06,0.000799544599801621,16042.225545410292
2002-01-22,False,-0.0011886928651413794,4.818811683576369e-07,-0.001189174746309737,16023.148535917087
2002-01-23,False,-0.0056769184513612405,2.2177257626999904e-07,-0.005677140223937511,15932.182874849706
2002-01-24,False,-0.0029177628800406675,4.3776873752457423e-07,-0.002918200648778192,15885.689568447866
2002-01-25,False,-0.0032016987406678723,6.451156759359062e-07,-0.0032023438563438082,15834.818128054563
2002-01-28,False,0.002224181411314066,6.827844616068696e-07,0.0022234986268524592,15870.026824418754
2002-01-29,False,0.0031717526702924794,1.2439032559791312e-06,0.0031705087670365,15920.342883598674
2002-01-30,False,0.005862740489422762,1.1723735081724945e-06,0.00586156811591459,16013.661057839607
2002-01-31,False,-0.0015859223548598076,1.152507394764843e-06,-0.0015870748622545724,15988.246178922043
2002-02-01,False,0.0005872232261395416,1.198833221644588e-06,0.000586024392917897,15997.615681182868
2002-02-04,False,0.008951215247368702,7.317475385405087e-07,0.008950483499830162,16140.802076373919
2002-02-05,False,0.006988489762254528,1.4609533962321453e-06,0.0069870288088582965,16253.578325479622
2002-02-06,False,0.008958179832381714,2.7893672190612978e-06,0.008955390465162652,16399.135465840398
2002-02-07,False,-0.0014460512823322978,3.294678803955481e-07,-0.0014463807502126933,16375.416071982478
2002-02-08,False,0.005362774109428839,1.7651687433918456e-06,0.0053610089406854475,16463.20482395182
2002-02-11,False,-0.013193776749528286,2.0761909490181335e-06,-0.013195852940477305,16245.958794165994
2002-02-12,False,-0.0006323236566524716,7.469206159354952e-07,-0.0006330705772684071,16235.673955653894
2002-02-13,False,-0.004217588698924533,4.03203339818109e-07,-0.004217991902264352,16167.192014381144
2002-02-14,False,0.0040575911627062705,2.2223474772360697e-07,0.004057368927958547,16232.788276912632
2002-02-15,False,0.0036509308059303742,1.4363732126947139e-07,0.003650787168609105,16292.050732064734
2002-02-19,False,-0.004678971360848788,1.0899292662792104e-06,-0.0046800612901150675,16215.802936097007
2002-02-20,False,-0.0044645124334163335,2.1912871733024836e-06,-0.004466703720589636,16143.371748789992
2002-02-21,False,-0.00026273028534037554,7.214011530407155e-07,-0.00026345168649341625,16139.11875027708
2002-02-22,False,0.0011720686519526248,2.4838698206353094e-07,0.0011718202649705612,16158.030896687425
2002-02-25,False,0.0034781838247049304,1.7608448205764098e-06,0.003476422979884354,16214.20304660635
2002-02-26,False,-0.0002476423167794061,1.323402077056099e-06,-0.00024896571885646223,16210.166265889167
2002-02-27,False,0.0053295185803908214,9.170111398282832e-07,0.005328601569250993,16296.543783291405
2002-02-28,False,-0.0027571705993083124,1.0918152209423576e-06,-0.0027582624145292547,16251.593639087221
2002-03-01,False,-0.011046824686675094,1.837494363652159e-06,-0.011048662181038746,16072.035271065432
2002-03-04,False,-0.002312971879589168,1.7502195620318766e-06,-0.0023147220991512,16034.832975845158
2002-03-05,False,-0.004938710533498618,1.7254028429452284e-06,-0.004940435936341563,15955.613910778058
2002-03-06,False,-0.010232412050217245,1.5704637527998166e-06,-0.010233982513970044,15792.3244370155
2002-03-07,False,-0.015408523627051118,2.5427595663474467e-06,-0.015411066386617465,15548.947876717653
2002-03-08,False,-0.006406020508914118,1.5834427183381016e-07,-0.006406178853185953,15449.338535640534
2002-03-11,False,-0.0033287465816153167,2.2961856565524575e-06,-0.003331042767271869,15397.876128252254
2002-03-12,False,0.002528714742002856,9.471116352328668e-07,0.002527767630367623,15436.79838110566
2002-03-13,False,0.0009472213021835182,4.15567621697574e-07,0.0009468057345618205,15451.414030336167
2002-03-14,False,-0.009208553400277064,8.95150810661785e-07,-0.009209448551087726,15309.11502778223
2002-03-15,False,-0.002892702758029599,7.924720163854787e-07,-0.0028934952300459847,15264.818176473116
2002-03-18,False,-8.677703964793625e-05,1.492333326993653e-06,-8.82693729749299e-05,15263.470760544104
2002-03-19,False,0.000509933738256203,5.113077602111604e-07,0.0005094224304959919,15271.246314916745
2002-03-20,False,-0.0016280281260501195,9.395342759015851e-07,-0.0016289676603260211,15246.369948536872
2002-03-21,False,-0.0030810263427504462,1.8522022936002664e-06,-0.0030828785450440466,15199.367241732723
2002-03-22,False,0.0018807390525992101,6.198996868308355e-07,0.0018801191529123793,15227.943863196053
2002-03-25,False,0.0020228882505518094,1.6110371354247921e-06,0.0020212772134163845,15258.723759133916
2002-03-26,False,-0.0033903541249664143,1.1856226107491708e-06,-0.0033915397475771636,15206.973191007515
2002-03-27,False,0.0019059866804615121,1.3094996712224165e-06,0.0019046771807902897,15235.937565833316
2002-03-28,False,0.004911338542298026,5.140448327750763e-07,0.0049108244974652515,15310.75858127346
2002-04-01,False,-0.003649740709317392,1.063926270133575e-06,-0.0036508046355875254,15254.861992870585
2002-04-02,False,0.0028250403361966005,1.2606121093089729e-06,0.0028237797240872916,15297.938362859803
2002-04-03,False,0.00045838102159156003,5.372521382563112e-07,0.00045784376945330374,15304.94242862472
2002-04-04,False,-0.0012561665130224695,9.19249825804852e-07,-0.0012570857628482744,15285.702803396483
2002-04-05,False,-3.2499557844504457e-06,6.115889694388172e-07,-3.861544753889263e-06,15285.643776971014
2002-04-08,False,7.231361127837462e-06,6.137903346058044e-07,6.617570793231658e-06,15285.744930800825
2002-04-09,False,-0.0005839400344916316,8.765847005911126e-07,-0.0005848166191922227,15276.80557312856
2002-04-10,False,0.00022276264225420053,6.194015800917024e-07,0.00022214324067410882,15280.199212225725
2002-04-11,False,0.004845220770518249,1.030433313433235e-06,0.004844190337204816,15354.219405600152
2002-04-12,False,-0.0024978703482520363,7.223185785824732e-07,-0.002498592666830619,15315.855465588409
2002-04-15,False,-0.0009788510312324188,4.890034896981032e-07,-0.0009793400347221169,15300.856035164941
2002-04-16,False,-0.0018949427738353898,9.938047092437618e-07,-0.0018959365785446336,15271.846582524826
2002-04-17,False,0.0031811634890995723,1.1985567301005113e-06,0.003179964932369472,15320.41051910978
2002-04-18,False,0.005452789038544756,9.668067909136824e-07,0.005451822231753843,15403.934673777458
2002-04-19,False,-0.0030623522061330537,8.368930818490605e-07,-0.003063189099214903,15356.749508999725
2002-04-22,False,0.001937085327407111,7.223510278708406e-07,0.0019363629763792401,15386.485750186484
2002-04-23,False,-0.000892518810382469,4.0578196977136826e-07,-0.0008929245923522404,15372.746778670265
2002-04-24,False,0.004749696713114434,3.318509556826665e-08,0.004749663528018866,15445.762153370386
2002-04-25,False,0.005070088774789618,8.407521079732694e-07,0.005069248022681645,15524.06055262517
2002-04-26,False,0.0005200558096885046,4.4167635962009953e-07,0.0005196141333288844,15532.127073894966
2002-04-29,False,0.0022655293276088884,1.301938892369875e-06,0.0022642273887165188,15567.295341420704
2002-04-30,False,-0.002525969772775194,1.3496179987120826e-06,-0.002527319390773906,15527.951814042428
2002-05-01,False,0.000763487029889206,1.742266220616656e-07,0.0007633128032671444,15539.804498470601
2002-05-02,False,-0.0025281704488114287,1.3397697516083496e-07,-0.0025283044257865895,15500.515141981261
2002-05-03,False,0.004622968126976201,7.675004321474055e-07,0.0046222006265440535,15572.161632782281
2002-05-06,False,-0.0015865175175059885,3.7617722550696565e-07,-0.0015868936947314954,15547.45026767388
2002-05-07,False,0.0017137657007318457,5.429086633322034e-07,0.0017132227920685136,15574.086513831007
2002-05-08,False,-0.006913398164825584,3.507430184461341e-07,-0.00691374890784403,15466.411190205341
2002-05-09,False,-0.00026338771553607865,8.446242324492287e-07,-0.00026423233976852786,15462.324464188729
2002-05-10,False,0.004071509460525707,5.576428937727751e-07,0.004070951817631934,15525.270842071031
2002-05-13,False,-0.006528925616530626,1.2130992990002088e-06,-0.006530138715829626,15423.888669871481
2002-05-14,False,-0.005751794654941563,3.544575711584008e-07,-0.005752149112512721,15335.168162347583
2002-05-15,False,0.0007554571686287175,1.8245870241762053e-07,0.0007552747099262999,15346.75042703307
2002-05-16,False,0.0034148818897678317,4.376524502017476e-07,0.00341444423731763,15399.151050590206
2002-05-17,False,0.0014214871179874316,6.896047785232701e-07,0.0014207975132089084,15421.030126108415
2002-05-20,False,0.0019070504257656887,2.98938313855579e-07,0.0019067514874518332,15450.43419823941
2002-05-21,False,0.00475828301277497,1.1783373146283666e-06,0.004757104675460341,15523.933531001749
2002-05-22,False,0.0037505316551529923,3.7549476656657813e-07,0.0037501561603864256,15582.150705966462
2002-05-23,False,-0.002831524178298645,6.683049585989726e-07,-0.002832192483257244,15538.019055864042
2002-05-24,False,0.0037718829739403163,1.3604960261828502e-06,0.0037705224779141333,15596.605505976437
2002-05-28,False,-0.00013277283535872834,3.700284090346201e-07,-0.00013314286376776296,15594.528929254315
2002-05-29,False,0.008544593287812846,2.12055961011276e-06,0.008542472728202733,15727.744767341637
2002-05-30,False,-0.0012150941453289803,5.033035668817049e-07,-0.001215597448895862,15708.62616092557
2002-05-31,False,0.001373933870220302,5.082906206703986e-07,0.0013734255795996317,15730.200789915352
2002-06-03,False,0.0008644764267375591,1.4659817643403184e-07,0.000864329828561125,15743.796871667331
2002-06-04,False,0.0015140658908193768,2.5460433005029814e-07,0.0015138112864893265,15767.63000906386
2002-06-05,False,-0.0064449999758290355,1.284135674171294e-06,-0.006446284111503207,15665.98738626037
2002-06-06,False,0.0046612777610746834,4.74987131836177e-07,0.004660802773942848,15739.003463726805
2002-06-07,False,0.0012362881388938752,9.728475022246774e-07,0.0012353152913916505,15758.446095376816
2002-06-10,False,-0.005844970157451639,1.1306540480923999e-06,-0.005846100811499732,15666.320630870658
2002-06-11,False,-0.00423379668558925,2.252237915523189e-06,-0.004236048923504774,15599.957330226976
2002-06-12,False,0.0035296930999481244,9.576455988721671e-07,0.003528735454349252,15655.005452744483
2002-06-13,False,-0.003369303744162839,1.0503215616765177e-06,-0.0033703540657245156,15602.242541467886
2002-06-14,False,0.004977091065587905,9.779810103822117e-07,0.004976113084577523,15679.881064727237
2002-06-17,False,-0.005800064111848937,1.26827077498623e-06,-0.005801332382623923,15588.916862950744
2002-06-18,False,0.0019549565920216664,2.1708284712006198e-07,0.0019547395091745463,15619.38913464799
2002-06-19,False,0.00532258173997906,3.154181179481352e-07,0.0053222663218611115,15702.51968340737
2002-06-20,False,0.0021970107173247683,1.1012060142866209e-06,0.0021959095113104816,15737.000995731703
2002-06-21,False,0.004255001710781698,6.447562758131048e-07,0.004254356954505885,15803.95181536096
2002-06-24,False,-0.001463164242528411,2.155298038382422e-06,-0.0014653195405667935,15780.793975947736
2002-06-25,False,-0.004575051418715641,1.6475547874395674e-06,-0.004576698973503081,15708.570032356953
2002-06-26,False,0.005342119698161969,9.655516140302524e-07,0.0053411541465479394,15792.471926321616
2002-06-27,False,-0.007120641541825714,2.4296681294923297e-07,-0.007120884508638663,15680.01555762836
2002-06-28,False,0.003255647595750326,6.998107516216073e-07,0.0032549477849987047,15731.05318953641
2002-07-01,False,-0.009769915194404996,1.7403077236741311e-06,-0.00977165550212867,15577.334757082595
2002-07-02,False,0.0029860097576744175,9.946981146694012e-07,0.0029850150595597483,15623.833335920292
2002-07-03,False,-0.0052714174240569124,1.0376088105154003e-06,-0.005272455032867428,15541.457377215638
2002-07-05,False,-0.004684392222341027,1.024154170829822e-06,-0.004685416376511857,15468.639178305571
2002-07-08,False,0.006586760297354609,1.6761661127046163e-06,0.006585084131241905,15570.501468690536
2002-07-09,False,0.005661883755772426,2.017742253531546e-07,0.005661681981547073,15658.656696299473
2002-07-10,False,0.004136968680790983,1.9471410919147392e-07,0.004136773966681792,15723.433019673932
2002-07-11,False,0.000773017336768423,4.752427337185311e-07,0.0007725420940347045,15735.580033544366
2002-07-12,False,0.004376265487203899,6.181073558320787e-07,0.004375647379848067,15804.433383088533
2002-07-15,False,0.005156407923869919,1.000439541051737e-06,0.005155407484328867,15885.911677237287
2002-07-16,False,-0.0031713018801124266,3.5038967220478443e-07,-0.0031716522697846313,15835.527089408579
2002-07-17,False,-0.001315553217679184,8.842968522385919e-07,-0.0013164375145314226,15814.680607485701
2002-07-18,False,0.0011763600034481337,9.81571985217422e-07,0.0011753784314629163,15833.268841972216
2002-07-19,False,0.009117572753569782,1.221185193737595e-06,0.009116351568376044,15977.61048721225
2002-07-22,False,-0.0020152877477242477,1.5472368361513222e-06,-0.002016834984560399,15945.386283411963
2002-07-23,False,-0.009691692735649774,2.0704863766026623e-06,-0.009693763222026376,15790.81548429682
2002-07-24,False,-0.005303503439455233,3.542618141840759e-06,-0.005307046057597074,15707.012899234642
2002-07-25,False,5.74415356545827e-05,9.760031511957812e-07,5.646553250338692e-05,15707.899804082035
2002-07-26,False,-0.01003030930530433,1.8345600060108574e-06,-0.010032143865310341,15550.315893425604
2002-07-29,False,-0.009877981836624939,6.433581069238136e-07,-0.009878625194731863,15396.70015105477
2002-07-30,False,0.00575215343676357,1.2429315442045592e-06,0.005750910505219365,15485.245195699186
2002-07-31,False,0.0033710169511674023,1.3244790943753304e-06,0.003369692472073027,15537.425709863337
2002-08-01,False,-4.5345804939332365e-05,1.3081084553526606e-06,-4.6653913394685023e-05,15536.700828149893
2002-08-02,False,0.008919354660430442,1.848719024523937e-07,0.00891916978852799,15675.275300789726
2002-08-05,False,0.004329865466894945,1.6996080029341166e-06,0.004328165858892011,15743.120492175338
2002-08-06,False,-0.010282553228078575,5.753983772701504e-07,-0.010283128626455845,15581.231959172506
2002-08-07,False,0.01228191530675244,1.44846725116983e-06,0.012280466839501271,15772.576761565702
2002-08-08,False,-0.006205204763892695,1.330723283140531e-06,-0.006206535487175836,15674.683704170839
2002-08-09,False,0.005360153282356988,4.663662991256645e-07,0.005359686916057862,15758.69510133343
2002-08-12,False,0.009377630638225685,1.1230386174524294e-06,0.009376507599608234,15906.456625710991
2002-08-13,False,0.0008646564991954181,1.671440614067321e-06,0.0008629850585813507,15920.183660113951
2002-08-14,False,0.005060497290168049,6.978872848784484e-07,0.005059799402883171,16000.736595891187
2002-08-15,False,-0.0059657352925662835,5.959191878534831e-07,-0.005966331211754137,15905.270901728065
2002-08-16,False,-0.004044475521614173,1.503772664329356e-06,-0.0040459792942785025,15840.918504989782
2002-08-19,False,-0.008550796698975566,1.5823782376119671e-06,-0.008552379077213177,15705.440965003869
2002-08-20,False,0.0027075754331791894,1.5782850053248366e-06,0.0027059971481738646,15747.93984346598
2002-08-21,False,-0.00269755654906708,3.3858567863777336e-07,-0.0026978951347457177,15705.453553180025
2002-08-22,False,-0.009694690964382665,1.7646593328253524e-06,-0.00969645562371549,15553.16631975129
2002-08-23,False,0.003802666565289273,3.3500132445700435e-07,0.0038023315639648158,15612.304614968474
2002-08-26,False,0.0021236039190475967,5.665295956890776e-07,0.0021230373894519077,15645.450121401565
2002-08-27,False,0.00749389796722866,1.806099616201401e-06,0.007492091867612459,15762.667271021253
2002-08-28,False,0.0006010809039114488,5.481839810623779e-07,0.0006005327199303864,15772.133268470878
2002-08-29,False,0.0051285414631464556,6.021549130368481e-07,0.005127939308233419,15853.011810632968
2002-08-30,False,0.003096144807773442,4.5448075474187334e-07,0.0030956903270187,15902.087825949257
2002-09-03,False,0.009692129199741694,1.425825845069617e-06,0.009690703373896626,16056.190242096185
2002-09-04,False,0.0015202863540362873,5.210462581227981e-07,0.0015197653077781645,16080.591883001209
2002-09-05,False,0.009437334286968897,1.1402340438829567e-06,0.009436194052925014,16232.3314684951
2002-09-06,False,0.0007811332324879743,1.2515662238462844e-06,0.000779881666264128,16244.9907662081
2002-09-09,False,0.005469323634136194,1.1877418154115083e-06,0.005468135892320782,16333.820583287225
2002-09-10,False,-0.003490492988180001,1.1821008385523857e-06,-0.0034916750890185535,16276.788188848062
2002-09-11,False,-0.006525848153300077,8.004864618893631e-07,-0.006526648639761967,16170.555311355623
2002-09-12,False,0.005476355876575613,8.496253372624746e-07,0.00547550625123835,16259.097288048948
2002-09-13,False,0.0009164390651087112,4.1055078949782385e-07,0.0009160285143192133,16273.991084781894
2002-09-16,False,-0.0022450442719415863,1.4353037936158526e-06,-0.002246479575735202,16237.431896194234
2002-09-17,False,0.0001432948058493765,3.8049461140676755e-07,0.00014291431123796973,16239.752457589952
2002-09-18,False,0.0058058502372494184,9.620561522683534e-07,0.00580488818109715,16334.022404694959
2002-09-19,False,0.007452028922497435,6.764415589378265e-07,0.007451352480938497,16455.73296306389
2002-09-20,False,-0.0034304523593335534,1.3110889014597283e-06,-0.0034317634482350133,16399.26078016733
2002-09-23,False,0.003350621862874182,4.5613248234888106e-07,0.0033501657303918334,16454.201021636803
2002-09-24,False,0.006650053936732691,9.630585778813705e-07,0.006649090878154809,16563.606499557092
2002-09-25,False,-0.006189680273930381,6.440396874271421e-07,-0.0061903243136178085,16461.072403521688
2002-09-26,False,-0.004784882378259251,2.0598167737361643e-06,-0.004786942195032987,16382.274201457776
2002-09-27,False,0.004034020195776466,5.521027736316298e-07,0.004033468093002835,16448.351581740175
2002-09-30,False,0.008685404355241889,4.651936641305449e-07,0.008684939161577759,16591.20451453583
2002-10-01,False,-0.005587785999115631,1.0128291099974207e-07,-0.005587887282026631,16498.494733835552
2002-10-02,False,-0.0011024312724313052,5.985880234177648e-07,-0.001103029860454723,16480.296401491578
2002-10-03,False,-0.002650613144073399,9.708043694764969e-07,-0.0026515839484428753,16436.597512087803
2002-10-04,False,-0.0034092700579603365,4.307302763340709e-07,-0.0034097007882366707,16380.55363259491
2002-10-07,False,0.004241843289085651,2.8833932321971344e-07,0.004241554949762431,16450.032650935093
2002-10-08,False,-0.0036089104517766078,8.286296910698377e-07,-0.0036097390814676775,16390.65232518359
2002-10-09,False,0.0030505613977336063,4.1862937908726526e-07,0.003050142768354519,16440.646154841863
2002-10-10,False,-0.006774363633926317,1.5027864831130417e-06,-0.0067758664204094305,16329.246532631438
2002-10-11,False,-0.00523271204224809,3.3051482930211707e-07,-0.005233042557077392,16243.79489060117
2002-10-14,False,0.003758180894436224,7.790420699042289e-07,0.00375740185236632,16304.829355612572
2002-10-15,False,-0.008213756849962997,5.579012120601468e-07,-0.008214314751175057,16170.89635532137
2002-10-16,False,-0.0027596571901568265,6.778041551745024e-07,-0.002760334994312001,16126.259264222384
2002-10-17,False,-0.007150914322021987,5.661607021357207e-07,-0.007151480482724123,16010.932635834948
2002-10-18,False,0.0019366888863348768,7.457852747251304e-07,0.0019359431010601516,16041.92889041283
2002-10-21,False,-0.0066253368212993895,1.5678312733818783e-06,-0.006626904652572771,15935.620557212711
2002-10-22,False,-0.001726903787120042,4.045479842594013e-07,-0.0017273083351043014,15908.094826999179
2002-10-23,False,0.0008466679115018866,3.833900144349645e-07,0.0008462845214874516,15921.557601417622
2002-10-24,False,0.0012600688679938368,5.02271834341303e-07,0.0012595665961594954,15941.611863531194
2002-10-25,False,1.9717519614047215e-05,1.0849315277770277e-06,1.8632588086270186e-05,15941.908897018478
2002-10-28,False,0.005241797529393351,5.50149970345748e-07,0.005241247379423005,16025.464385247978
2002-10-29,False,0.0069334012220311735,2.7095638472422746e-07,0.006933130265646449,16136.571017398377
2002-10-30,False,-0.002703103292121116,4.4401634001026147e-07,-0.002703547308461126,16092.945034256498
2002-10-31,False,0.006314585496947807,8.653366830245063e-07,0.0063137201602647824,16194.551385757315
2002-11-01,False,0.0018745921305159108,1.234072842548492e-06,0.0018733580576733623,16224.889579086228
2002-11-04,False,-0.005592191555755029,5.132445760187288e-07,-0.0055927048003310475,16134.14856125243
2002-11-05,False,-0.001948147622480311,8.653278493122308e-07,-0.0019490129503296231,16102.702896764007
2002-11-06,False,-0.0012301451214062375,4.877973748003695e-07,-0.0012306329187810377,16082.886380497901
2002-11-07,False,0.007222607314679277,1.80856138801061e-07,0.007222426458540476,16199.04384462211
2002-11-08,False,0.00373218455269448,6.519098039553528e-07,0.0037315326428905247,16259.491105511934
2002-11-11,False,-0.0011614366140197529,3.2752593862375724e-07,-0.0011617641399583765,16240.601411811578
2002-11-12,False,-9.061235095841154e-05,5.732832213807271e-07,-9.118563417979226e-05,16239.120502272383
2002-11-13,False,-0.0003379616867983364,1.4158182111778106e-06,-0.0003393775050095142,16233.609310072772
2002-11-14,False,-0.008965889799327385,1.2976992506317787e-06,-0.008967187498578017,16088.039491610687
2002-11-15,False,0.0015781401551509212,5.47778835698079e-07,0.0015775923763152232,16113.419860062511
2002-11-18,False,0.002377571227393917,8.350859856890297e-07,0.002376736141408228,16151.717207405607
2002-11-19,False,0.002815148738355065,1.868364204313383e-07,0.0028149619019346337,16197.183675995277
2002-11-20,False,-0.0031192463692669855,3.250003150132158e-07,-0.0031195713695819985,16146.655405531781
2002-11-21,False,-0.002467353215905315,3.738145351463301e-07,-0.0024677270304404616,16106.809867536342
2002-11-22,False,0.0002897147184331098,3.56610898168519e-07,0.0002893581075349413,16111.47050355804
2002-11-25,False,-0.0029550532820336282,7.112595963322394e-07,-0.0029557645416299605,16063.848790330105
2002-11-26,False,0.0038034175992751273,6.079855763443387e-07,0.003802809613698783,16124.936548942977
2002-11-27,False,-0.004904271030514406,1.0033779577095087e-06,-0.004905274408472116,16045.839310351208
2002-11-29,False,0.004525880093136244,2.5121634276584205e-07,0.004525628876793478,16118.456824086521
2002-12-02,False,-0.001343042987497787,1.1385113350943638e-06,-0.0013441814988328813,16096.79069263385
2002-12-03,False,0.0026780496095490567,1.2593107066368043e-06,0.00267679029884242,16139.87842580239
2002-12-04,False,0.0034313884518642605,6.742957661140802e-07,0.003430714156098146,16195.249735195492
2002-12-05,False,0.003023132711457488,4.015971333265339e-07,0.0030227311143241615,16244.203620474316
2002-12-06,False,0.00538917944091959,8.005075752199192e-07,0.00538837893334437,16331.733545051837
2002-12-09,False,0.0011954910527478592,5.33816433468351e-07,0.0011949572363143908,16351.249268233054
2002-12-10,False,-0.0004892428703256732,9.468775431956261e-07,-0.0004901897478688688,16343.23405347692
2002-12-11,False,0.003423332216251533,1.9933070397187837e-08,0.0034233122831811356,16399.182047359092
2002-12-12,False,0.007040317007225083,1.3752648648450717e-06,0.007038941742360238,16514.614934412813
2002-12-13,False,0.007229948693366988,1.7413276366337882e-06,0.007228207365730354,16633.985995723935
2002-12-16,False,0.0024470137282894835,8.384460230229651e-07,0.0024461752822664603,16674.67564111224
2002-12-17,False,0.007027109398588542,1.8163611652627921e-06,0.007025293037423279,16791.820123795038
2002-12-18,False,0.0016622746558409348,7.700455321668492e-07,0.001661504610308768,16819.7198103462
2002-12-19,False,0.010668849262337085,1.6531969842885909e-06,0.010667196065352796,16999.139059327463
2002-12-20,False,-0.004166929683306483,9.546210666276507e-07,-0.004167884304373111,16928.288614454235
2002-12-23,False,0.004557266516187767,8.957305597408899e-07,0.004556370785628026,17005.42017414781
2002-12-24,False,0.0038435315473093258,4.925183987784382e-07,0.0038430390289105475,17070.772667580084
2002-12-26,False,4.50097866368595e-05,1.326427946339026e-07,4.48771438422256e-05,17071.538755100584
2002-12-27,False,0.007908211268814665,7.506447417387069e-07,0.007907460624072927,17206.531275598878
2002-12-30,False,-0.00513824250786563,1.1410825956454097e-06,-0.005139383590461275,17118.100311112303
2002-12-31,False,-0.0026836240679163886,1.6960291350839042e-06,-0.0026853200970514725,17072.13273232353
2003-01-02,False,-0.002796682261736559,1.233600022586087e-06,-0.002797915861759145,17024.366341357705
2003-01-03,False,0.004597295236657411,1.3326575072137165e-06,0.004595962579150198,17102.60969199633
2003-01-06,False,0.005627414414174771,2.5525310608413148e-06,0.005624861883113929,17198.809509354614
2003-01-07,False,-0.004775591554154063,1.0872955470419832e-06,-0.004776678849701105,17116.656319731243
2003-01-08,False,0.004925164903221481,9.95900873434194e-07,0.004924169002348047,17200.941628204706
2003-01-09,False,0.0017175592150520055,1.5665974240148817e-06,0.0017159926176279906,17230.458317054956
2003-01-10,False,0.0007689035427514392,1.5285032043090008e-07,0.0007687506924310083,17243.704243817094
2003-01-13,False,0.0012237751726649265,4.787848795072408e-07,0.0012232963877854192,17264.7984049306
2003-01-14,False,0.0017993445482299443,1.3051922972423523e-07,0.0017992140290002201,17295.86147242861
2003-01-15,False,0.0008522992272524677,1.2768618604143134e-06,0.0008510223653920533,17310.580637370367
2003-01-16,False,0.0053225906329610094,1.1534289974621525e-06,0.0053214372039635475,17402.697805196283
2003-01-17,False,0.008567672639367889,9.897654444864513e-07,0.008566682873923401,17551.781198444125
2003-01-21,False,-0.0020423038229933914,1.158534804713965e-06,-0.002043462357798105,17515.914794252796
2003-01-22,False,0.006803685871963915,1.0701476656860693e-06,0.00680261572429823,17635.06883165765
2003-01-23,False,0.005830808193057284,1.896827629929515e-06,0.005828911365427355,17737.86208480059
2003-01-24,False,0.007812422688062083,1.7145348807875161e-06,0.007810708153181296,17876.407348806348
2003-01-27,False,-3.702998906377769e-05,1.1419838949590366e-06,-3.817197295873673e-05,17875.72497106843
2003-01-28,False,-3.518929377575495e-05,3.2087617370188394e-07,-3.5510169949456835e-05,17875.09020103674
2003-01-29,False,0.005443145658329686,1.5576637993318931e-06,0.005441587994530354,17972.359077275847
2003-01-30,False,-0.001619437534819373,7.702863494812029e-07,-0.0016202078211688543,17943.24012053399
2003-01-31,False,0.0002824123567780541,7.119203168843291e-07,0.0002817004364611698,17948.294739107474
2003-02-03,False,-9.996938336126934e-06,9.060447925824805e-07,-1.0902983128709415e-05,17948.099049152745
2003-02-04,False,0.013024108255674604,1.720170519044356e-06,0.01302238808515556,18181.826160361623
2003-02-05,False,0.002279400851472223,2.0692118791245384e-06,0.0022773316395930986,18223.2322083422
2003-02-06,False,-0.0020812539180576823,2.408711105610806e-06,-0.002083662629163293,18185.261140407114
2003-02-07,False,0.0016495609328283669,1.4061555369234563e-06,0.0016481547772914434,18215.23326543197
2003-02-10,False,-0.008887756059370732,1.3170798747423053e-06,-0.008889073139245475,18053.316724687127
2003-02-11,False,-0.003058174316005462,2.4242938924877445e-06,-0.0030605986098979497,17998.062768615506
2003-02-12,False,-0.00869163855376732,2.0978579632564553e-06,-0.008693736411730577,17841.59235498338
2003-02-13,False,0.0015004719485750568,1.8870638057129491e-06,0.0014985848847693438,17868.329495606773
2003-02-14,False,-0.002291366259124756,1.06667837246191e-06,-0.002292432937497218,17827.36754853299
2003-02-18,False,-0.011832500028004586,2.839430908978202e-06,-0.011835339458913564,17616.37460193728
2003-02-19,False,0.009256076305749046,1.5843226708409236e-06,0.009254491983078206,17779.40519946181
2003-02-20,False,0.006405402134447374,1.592951946685739e-06,0.006403809182500689,17893.261117737522
2003-02-21,False,0.003177375393148932,1.1268569868136958e-06,0.003176248536162118,17950.094562169907
2003-02-24,False,0.011439162901070032,1.995644349020595e-06,0.011437167256721012,18155.392795951404
2003-02-25,False,-0.0026345890341758237,2.290269078770932e-06,-0.0026368793032545946,18107.5192164453
2003-02-26,False,-0.0007793982340379956,2.5312760533842545e-06,-0.0007819295100913798,18093.360412815415
2003-02-27,False,-0.0029792731397063864,8.259151033988416e-07,-0.002980099054809785,18039.44040655085
2003-02-28,False,0.0009674448976242997,1.965040852798153e-06,0.0009654798567715015,18056.857122890804
2003-03-03,False,-0.0011869096382101955,7.410783617882166e-07,-0.0011876507165719838,18035.411883589764
2003-03-04,False,0.007630207647406895,2.517287381139738e-06,0.007627690360025756,18172.980420953314
2003-03-05,False,0.0033375856305220496,5.734883285084813e-07,0.003337012142193541,18233.62387727788
2003-03-06,False,0.0006477430577314786,2.477646102310299e-07,0.0006474952931212475,18245.430062914962
2003-03-07,False,0.0014762152454220457,2.207372235882729e-06,0.001474007873186163,18272.323970477366
2003-03-10,False,0.0036404790680481963,1.1445506910187363e-06,0.0036393345173571776,18338.823069815455
2003-03-11,False,-0.008991876481198218,1.3713609114314463e-06,-0.008993247842109649,18173.89748881601
2003-03-12,False,-0.004613345661583767,6.321378488390872e-07,-0.004613977799432606,18090.043529273444
2003-03-13,False,-0.02606421133052647,3.1681149357540155e-06,-0.026067379445462224,17618.483500410945
2003-03-14,False,-0.0012555273543836207,9.068840586790028e-07,-0.0012564342384422998,17596.3470345116
2003-03-17,False,-0.0028639169235683977,3.243465738087689e-06,-0.0028671603893064856,17545.895485297755
2003-03-18,False,-0.009210364956590346,1.5626652242552997e-06,-0.009211927621814602,17384.26396602727
2003-03-19,False,-0.010188559847919878,1.364138633454498e-06,-0.010189923986553332,17207.11963765127
2003-03-20,False,-0.0025545296302203475,5.656901338383508e-07,-0.0025550953203541857,17163.153806788334
2003-03-21,False,-0.011376087925782083,1.812942876604995e-06,-0.011377900868658688,16967.873144181154
2003-03-24,False,0.007090095172506679,3.362808174577556e-06,0.007086732364332102,17088.119919945904
2003-03-25,False,0.0005882479342878052,1.1823458099010088e-06,0.0005870655884779042,17098.151767122687
2003-03-26,False,-0.0009424277350962076,8.255472947086007e-07,-0.0009432532823909161,17082.023879345532
2003-03-27,False,0.0066545814851497525,9.604359632960912e-07,0.006653621049186456,17195.68119299185
2003-03-28,False,0.0009104659121802527,1.1550753316531549e-06,0.0009093108368485996,17211.31741224763
2003-03-31,False,0.009762378761323713,5.026334745430184e-07,0.00976187612784917,17379.332160823084
2003-04-01,False,-0.003279685075762394,8.444888113909449e-07,-0.0032805295645737848,17322.318747856953
2003-04-02,False,-0.01402895633196844,1.6484009467841037e-06,-0.014030604732915224,17079.276140448208
2003-04-03,False,-0.006390457632592499,1.7832147692971868e-06,-0.006392240847361796,16970.10129385986
2003-04-04,False,-0.001852316633240255,6.675170139945896e-07,-0.0018529841502542496,16938.65596513413
2003-04-07,False,-0.009651846351761214,9.01444104405319e-07,-0.00965274779586562,16775.151391101754
2003-04-08,False,0.007615146313363137,6.888509209849874e-07,0.007614457462442152,16902.885067795327
2003-04-09,False,0.003528174772408915,1.7989571692971635e-06,0.0035263758152396176,16962.490992906176
2003-04-10,False,0.0022677184966070902,1.3020192659640578e-06,0.002266416477341126,17000.93506198925
2003-04-11,False,-0.0011594468827052632,2.9362494785525886e-07,-0.0011597405076531186,16981.218388929883
2003-04-14,False,0.00036449685395112944,5.265104758584854e-07,0.00036397034347527093,16987.39904881953
2003-04-15,False,0.002946024762347796,8.066195517687224e-07,0.0029452181427960275,17037.43064469703
2003-04-16,False,0.0024721764982384036,1.3712472849824048e-06,0.002470805250953421,17079.5268177967
2003-04-17,False,0.003990713659757297,8.202477751724224e-07,0.003989893411982125,17147.6723093268
2003-04-21,False,-0.0006722829580858375,1.748997321590895e-07,-0.0006724578578179967,17136.141222339105
2003-04-22,False,0.009310921638108144,2.4491698508100764e-06,0.009308472468257334,17295.652521119417
2003-04-23,False,-0.006481114239265878,1.3703624356167787e-06,-0.006482484601701494,17183.533719974883
2003-04-24,False,0.00446183252676263,5.688232514542424e-07,0.0044612637035111756,17260.193995257865
2003-04-25,False,-0.0003858669670381896,2.0718566418316543e-07,-0.00038607415270237275,17253.530280485666
2003-04-28,False,-0.004002109892552473,1.0103585839919549e-06,-0.004003120251136465,17184.46232401626
2003-04-29,False,-0.0016593824970154026,3.3712316578318745e-07,-0.0016597196201811857,17155.940934734826
2003-04-30,False,0.011763573281025357,8.302923362163706e-07,0.01176274298868914,17357.74185867924
2003-05-01,False,0.006481528603042036,1.1122806345953417e-06,0.00648041632240744,17470.227252340363
2003-05-02,False,-0.0053780525234491915,1.0258416094816452e-06,-0.005379078365058673,17376.25353089464
2003-05-05,False,0.0022541621817939975,6.0959883506094e-07,0.0022535525829589366,17415.41183192134
2003-05-06,False,0.004426404195698268,4.0806515711630523e-07,0.004425996130541151,17492.492377301205
2003-05-07,False,-0.0003809009783217558,9.171413723443323e-07,-0.00038181811969410014,17485.813426752942
2003-05-08,False,0.007325936145997057,1.0116175353623581e-06,0.0073249245284616946,17613.89569042267
2003-05-09,False,0.0002997895586450678,6.447365675906342e-07,0.0002991448220774772,17619.164796115074
2003-05-12,False,0.003399013615683108,9.605704717331603e-07,0.003398053045211375,17679.03565270459
2003-05-13,True,-0.0115766916544394,0.0005,-0.0120766916544394,17465.531390379037
2003-05-14,True,-0.0203914431082791,0.0,-0.0203914431082791,17109.384000676262
2003-05-15,True,0.038574254453631,0.0,0.038574254453631,17769.365732663227
2003-05-16,True,-0.02186917411773,0.0,-0.02186917411773,17380.76437949399
2003-05-19,True,-0.1091846341082411,0.0,-0.1091846341082411,15483.051980197388
2003-05-20,True,0.000900520577244,0.0,0.000900520577244,15496.994787104095
2003-05-21,True,0.0021667488862354,0.0,0.0021667488862354,15530.572883299048
2003-05-22,True,0.0477963649000677,0.0,0.0477963649000677,16272.877811936305
2003-05-23,True,-0.0037834771353507,0.0,-0.0037834771353507,16211.309750808488
2003-05-27,True,0.1128342099369601,0.0,0.1128342099369601,18040.5000785843
2003-05-28,True,0.0017948039923502,0.0,0.0017948039923502,18072.879240149337
2003-05-29,True,0.0216862572863591,0.0,0.0216862572863591,18464.812349256514
2003-05-30,True,0.0407204171768566,0.0,0.0407204171768566,19216.707211210614
2003-06-02,True,-0.0320300734387022,0.0,-0.0320300734387022,18601.1946679855
2003-06-03,True,0.0339497506683419,0.0,0.0339497506683419,19232.700589096898
2003-06-04,True,0.0654826816540689,0.0,0.0654826816540689,20492.109399120753
2003-06-05,True,0.0169779070315775,0.0,0.0169779070315775,20840.02252737994
2003-06-06,True,-0.0453974230300144,0.0,-0.0453974230300144,19893.939208749445
2003-06-09,True,-0.0434952918506289,0.0,-0.0434952918506289,19028.646516806217
2003-06-10,True,0.0436944383476335,0.0,0.0436944383476335,19860.092538873716
2003-06-11,True,0.0376501062408027,0.0,0.0376501062408027,20607.827132914488
2003-06-12,True,0.0025719279182057,0.0,0.0025719279182057,20660.828978851187
2003-06-13,True,-0.0620733908239443,0.0,-0.0620733908239443,19378.341266900283
2003-06-16,True,0.0938048722892682,0.0,0.0938048722892682,21196.124094619718
2003-06-17,True,-0.0047767812332433,0.0,-0.0047767812332433,21094.874846827042
2003-06-18,True,0.0199492853115628,0.0,0.0199492853115628,21515.702523758104
2003-06-19,True,-0.0529748147731047,0.0,-0.0529748147731047,20375.912167848797
2003-06-20,True,-0.0061561316581168,0.0,-0.0061561316581168,20250.475369889293
2003-06-23,True,-0.0570274976019298,0.0,-0.0570274976019298,19095.641434294994
2003-06-24,True,-0.0212348553420219,0.0,-0.0212348553420219,18690.14825077462
2003-06-25,True,-0.0085495525267664,0.0,-0.0085495525267664,18530.35584657157
2003-06-26,True,0.0662039498159335,0.0,0.0662039498159335,19757.138595109383
2003-06-27,True,-0.0231336929282859,0.0,-0.0231336929282859,19300.083017708537
2003-06-30,True,-0.0089016967150323,0.0,-0.0089016967150323,19128.27953210995
2003-07-01,True,0.0390802086474807,0.0,0.0390802086474807,19875.81668729214
2003-07-02,True,0.0698735913839002,0.0,0.0698735913839002,21264.611380921295
2003-07-03,True,-0.0347661424758939,0.0,-0.0347661424758939,20525.32287195767
2003-07-07,True,0.1230927469299176,0.0,0.1230927469299176,23051.841245890406
2003-07-08,True,0.0385021200183277,0.0,0.0385021200183277,23939.386004183114
2003-07-09,True,-0.007482062624897,0.0,-0.007482062624897,23760.27001889823
2003-07-10,True,-0.0614703599510371,0.0,-0.0614703599510371,22299.71766830272
2003-07-11,True,0.0281224597361336,0.0,0.0281224597361336,22926.840580556713
2003-07-14,True,0.035473442805924,0.0,0.035473442805924,23740.134548611633
2003-07-15,True,-0.0030063356462781,0.0,-0.0030063356462781,23668.763735870703
2003-07-16,True,-0.0058130041162833,0.0,-0.0058130041162833,23531.177114846752
2003-07-17,True,-0.0837733530272179,0.0,-0.0837733530272179,21559.891507258704
2003-07-18,True,0.0094176358922333,0.0,0.0094176358922333,21762.93471535012
2003-07-21,True,-0.0456171312218529,0.0,-0.0456171312218529,20770.172066667375
2003-07-22,True,0.0406741938015964,0.0,0.0406741938015964,21614.982070599504
2003-07-23,True,0.0259112204368918,0.0,0.0259112204368918,22175.052635770273
2003-07-24,True,-0.0349730912542737,0.0,-0.0349730912542737,21399.52249637116
2003-07-25,True,0.0586771683820084,0.0,0.0586771683820084,22655.18588118531
2003-07-28,True,0.0051422368628762,0.0,0.0051422368628762,22771.68421315885
2003-07-29,True,-0.012625688776849,0.0,-0.012625688776849,22484.17601535882
2003-07-30,True,-0.0268645211147047,0.0,-0.0268645211147047,21880.149394047476
2003-07-31,True,0.0311720696086551,0.0,0.0311720696086551,22562.198934006497
2003-08-01,True,-0.0296689343863025,0.0,-0.0296689343863025,21892.802534222752
2003-08-04,True,0.0071456445061096,0.0,0.0071456445061096,22049.24071837476
2003-08-05,True,-0.089211950476209,0.0,-0.089211950476209,20082.1849473691
2003-08-06,True,-0.0356603589586449,0.0,-0.0356603589586449,19366.04702347202
2003-08-07,True,0.0049696215096185,0.0,0.0049696215096185,19462.28894731615
2003-08-08,True,-0.0244435877062419,0.0,-0.0244435877062419,18986.560780468208
2003-08-11,True,0.0393435342870293,0.0,0.0393435342870293,19733.559185527327
2003-08-12,True,0.0430023476521543,0.0,0.0430023476521543,20582.148558037738
2003-08-13,True,-0.0008651659402835,0.0,-0.0008651659402835,20564.34158412747
2003-08-14,True,0.0278195756656664,0.0,0.0278195756656664,21136.432840841713
2003-08-15,True,0.0040786785906145,0.0,0.0040786785906145,21222.641556951614
2003-08-18,True,0.0745481098419157,0.0,0.0745481098419157,22804.749370874848
2003-08-19,True,0.0346768261866362,0.0,0.0346768261866362,23595.545701038474
2003-08-20,True,2.508435975302921e-05,0.0,2.508435975302921e-05,23596.13758019541
2003-08-21,True,0.0343703256968624,0.0,0.0343703256968624,24407.1445140147
2003-08-22,True,-0.0231388058718507,0.0,-0.0231388058718507,23842.39233521871
2003-08-25,True,0.0047597219368036,0.0,0.0047597219368036,23955.875493042528
2003-08-26,True,0.0054642067999357,0.0,0.0054642067999357,24086.77535081002
2003-08-27,True,0.0225735992403399,0.0,0.0225735992403399,24630.500564571306
2003-08-28,True,0.030410605864313,0.0,0.030410605864313,25379.529009481226
2003-08-29,True,0.0199044585596788,0.0,0.0199044585596788,25884.694792914608
2003-09-02,True,0.0444219828997872,0.0,0.0444219828997872,27034.54426237167
2003-09-03,True,-0.0020514560744561,0.0,-0.0020514560744561,26979.084082324476
2003-09-04,True,0.0287593091090191,0.0,0.0287593091090191,27754.98390092626
2003-09-05,True,-0.0248841624950091,0.0,-0.0248841624950091,27064.324371489252
2003-09-08,True,0.0546278500293496,0.0,0.0546278500293496,28542.790224400636
2003-09-09,True,-0.0350487423602571,0.0,-0.0350487423602571,27542.40132358275
2003-09-10,True,-0.0838579634242031,0.0,-0.0838579634242031,25232.751640775026
2003-09-11,True,0.0416356528702771,0.0,0.0416356528702771,26283.33372905225
2003-09-12,True,0.0151013551995945,0.0,0.0151013551995945,26680.24768752415
2003-09-15,True,-0.0218552718116801,0.0,-0.0218552718116801,26097.14362231036
2003-09-16,True,0.0779513503646969,0.0,0.0779513503646969,28131.45120833089
2003-09-17,True,-0.013127019261453,0.0,-0.013127019261453,27762.169106466506
2003-09-18,True,0.0507678371140155,0.0,0.0507678371140155,29171.59438559535
2003-09-19,True,-0.0169296824321932,0.0,-0.0169296824321932,28677.72855660647
2003-09-22,True,-0.0559618417539795,0.0,-0.0559618417539795,27072.87004925808
2003-09-23,True,0.0478655957445252,0.0,0.0478655957445252,28368.729102679925
2003-09-24,True,-0.1049043658067475,0.0,-0.1049043658067475,25392.72556741987
2003-09-25,True,-0.0311720146623319,0.0,-0.0311720146623319,24601.183153715687
2003-09-26,True,-0.0372680620252752,0.0,-0.0372680620252752,23684.344734047856
2003-09-29,True,0.059964169622983,0.0,0.059964169622983,25104.5567990895
2003-09-30,True,-0.0715229524890674,0.0,-0.0715229524890674,23309.00477588913
2003-10-01,True,0.0727412247589895,0.0,0.0727412247589895,25004.530331200443
2003-10-02,True,0.0038874605905998,0.0,0.0038874605905998,25101.734457449442
2003-10-03,True,0.0856860737127415,0.0,0.0856860737127415,27252.603526488125
2003-10-06,True,0.0138501617782839,0.0,0.0138501617782839,27630.056494209413
2003-10-07,True,0.0235139966381803,0.0,0.0235139966381803,28279.749549726985
2003-10-08,True,-0.0219533422578559,0.0,-0.0219533422578559,27658.914528895384
2003-10-09,True,0.0315098380936121,0.0,0.0315098380936121,28530.442447545935
2003-10-10,True,0.0169426920416644,0.0,0.0169426920416644,29013.824947747136
2003-10-13,True,0.0209680369194285,0.0,0.0209680369194285,29622.187900425335
2003-10-14,True,0.0125300188139503,0.0,0.0125300188139503,29993.354472128038
2003-10-15,True,-0.0065492946607858,0.0,-0.0065492946607858,29796.91915582467
2003-10-16,True,0.0192341038641683,0.0,0.0192341038641683,30370.03619370003
2003-10-17,True,-0.0688046931761929,0.0,-0.0688046931761929,28280.435171642628
2003-10-20,True,0.0328379469130132,0.0,0.0328379469130132,29209.10660048594
2003-10-21,True,0.0272235867824799,0.0,0.0272235867824799,30004.283248862976
2003-10-22,True,-0.0733306384865797,0.0,-0.0733306384865797,27804.050000891664
2003-10-23,True,-0.020155353897129,0.0,-0.020155353897129,27243.64953335022
2003-10-24,True,-0.0163936815543587,0.0,-0.0163936815543587,26797.025818521925
2003-10-27,True,0.0148159304197333,0.0,0.0148159304197333,27194.048688504943
2003-10-28,True,0.0927372418268265,0.0,0.0927372418268265,29715.949757981318
2003-10-29,True,-0.0002785485684295,0.0,-0.0002785485684295,29707.672422716707
2003-10-30,True,-0.0054339174056044,0.0,-0.0054339174056044,29546.243384458914
2003-10-31,True,-0.0021627303274889,0.0,-0.0021627303274889,29482.34282782798
2003-11-03,True,0.056569586425324,0.0,0.056569586425324,31150.146768447823
2003-11-04,True,-0.0286506764440469,0.0,-0.0286506764440469,30257.67399220045
2003-11-05,True,0.0003105633813612,0.0,0.0003105633813612,30267.070917747587
2003-11-06,True,0.0220091713002298,0.0,0.0220091713002298,30933.224066332496
2003-11-07,True,-0.0070460638294197,0.0,-0.0070460638294197,30715.266595111374
2003-11-10,True,-0.0462350063475393,0.0,-0.0462350063475393,29295.146049120038
2003-11-11,True,-0.0106287966866524,0.0,-0.0106287966866524,28983.773897858155
2003-11-12,True,0.0720365523707073,0.0,0.0720365523707073,31071.665044151952
2003-11-13,True,-0.0076522852723817,0.0,-0.0076522852723817,30833.895799346214
2003-11-14,True,-0.0674896962142285,0.0,-0.0674896962142285,28752.92553874716
2003-11-17,True,-0.0293957445613669,0.0,-0.0293957445613669,27907.711884218148
2003-11-18,True,-0.0625965886024975,0.0,-0.0625965886024975,26160.784324564716
2003-11-19,True,0.0311488408528097,0.0,0.0311488408528097,26975.662432075263
2003-11-20,True,-0.0335937710326879,0.0,-0.0335937710326879,26069.448204877048
2003-11-21,True,0.021561614298408,0.0,0.021561614298408,26631.547592042934
2003-11-24,True,0.1003974813549867,0.0,0.1003974813549867,29305.287894869503
2003-11-25,True,-0.0168710671240643,0.0,-0.0168710671240643,28810.87641570513
2003-11-26,True,0.0185324713235363,0.0,0.0185324713235363,29344.81315668513
2003-11-28,True,0.0086795842671705,0.0,0.0086795842671705,29599.513935282954
2003-12-01,True,0.0480214019864654,0.0,0.0480214019864654,31020.924092573157
2003-12-02,True,-0.0315574926602147,0.0,-0.0315574926602147,30041.981508208704
2003-12-03,True,-0.0254596121493985,0.0,-0.0254596121493985,29277.124310810308
2003-12-04,True,0.0265788813673148,0.0,0.0265788813673148,30055.277524643465
2003-12-05,True,-0.0534106069603293,0.0,-0.0534106069603293,28450.006909691114
2003-12-08,True,0.0236879672112664,0.0,0.0236879672112664,29123.929740528183
2003-12-09,True,-0.0728211160265252,0.0,-0.0728211160265252,27003.092673744814
2003-12-10,True,0.0114248550698554,0.0,0.0114248550698554,27311.599093980225
2003-12-11,True,0.0604117445036367,0.0,0.0604117445036367,28961.540440431512
2003-12-12,True,0.0005909355252789,0.0,0.0005909355252789,28978.654843544566
2003-12-15,True,-0.0433527622114226,0.0,-0.0433527622114226,27722.35011090549
2003-12-16,True,0.0138090273633244,0.0,0.0138090273633244,28105.16880216264
2003-12-17,True,-0.0070773662449135,0.0,-0.0070773662449135,27906.25822917462
2003-12-18,True,0.0670281843778027,0.0,0.0670281843778027,29776.764051054306
2003-12-19,True,-0.0108378136211408,0.0,-0.0108378136211408,29454.0490320283
2003-12-22,True,0.0115882539355254,0.0,0.0115882539355254,29795.370031640858
2003-12-23,True,0.0344252390713049,0.0,0.0344252390713049,30821.082768198088
2003-12-24,True,-0.010381841254958,0.0,-0.010381841254958,30501.103179592737
2003-12-26,True,0.0013287660067157,0.0,0.0013287660067157,30541.632008665103
2003-12-29,True,0.0550163776684158,0.0,0.0550163776684158,32221.9219698636
2003-12-30,True,-0.000801089722594,0.0,-0.000801089722594,32196.10931933132
2003-12-31,True,-0.0043321803875362,0.0,-0.0043321803875362,32056.629965983142
2004-01-02,True,-0.0089565777166799,0.0,-0.0089565777166799,31769.512268357965
2004-01-05,True,0.0675978156754344,0.0,0.0675978156754344,33917.06190277288
2004-01-06,True,0.0093159742746878,0.0,0.0093159742746878,34233.032378932105
2004-01-07,True,0.0259126549248549,0.0,0.0259126549248549,35120.10113399876
2004-01-08,True,0.0324068990616356,0.0,0.0324068990616356,36258.23470648269
2004-01-09,True,-0.0200361048618751,0.0,-0.0200361048618751,35531.76091379712
2004-01-12,True,0.0380356300140894,0.0,0.0380356300140894,36883.23382566339
2004-01-13,True,-0.0292704395115158,0.0,-0.0292704395115158,35803.64536098022
2004-01-14,True,0.0182331413167294,0.0,0.0182331413167294,36456.45828650103
2004-01-15,True,-0.0041123597329251,0.0,-0.0041123597329251,36306.536215438566
2004-01-16,True,0.0422521288780613,0.0,0.0422521288780613,37840.56466272927
2004-01-20,True,-0.0015130289116968,0.0,-0.0015130289116968,37783.310794359626
2004-01-21,True,-0.0121778912754273,0.0,-0.0121778912754273,37323.18974348024
2004-01-22,True,-0.0314492772527902,0.0,-0.0314492772527902,36149.402401279025
2004-01-23,True,0.0014832709635322,0.0,0.0014832709635322,36203.021760209886
2004-01-26,True,0.0439198063016844,0.0,0.0439198063016844,37793.05146345397
2004-01-27,True,-0.0665473525043374,0.0,-0.0665473525043374,35278.023945500936
2004-01-28,True,-0.0546864532935866,0.0,-0.0546864532935866,33348.793936715265
2004-01-29,True,0.0096481429063328,0.0,0.0096481429063328,33670.54786637054
2004-01-30,True,-0.0067219969704769,0.0,-0.0067219969704769,33444.2145456185
2004-02-02,True,-0.010595163105668,0.0,-0.010595163105668,33089.86763756672
2004-02-03,True,0.0080189561033505,0.0,0.0080189561033505,33355.21383361804
2004-02-04,True,-0.0588660690897999,0.0,-0.0588660690897999,31391.723511583237
2004-02-05,True,0.0048972088046829,0.0,0.0048972088046829,31545.45533635833
2004-02-06,True,0.0693929189596174,0.0,0.0693929189596174,33734.48656205847
2004-02-09,True,-0.0161577088832345,0.0,-0.0161577088832345,33189.41454886334
2004-02-10,True,0.0188074150646952,0.0,0.0188074150646952,33813.62164403805
2004-02-11,True,0.0277084106565759,0.0,0.0277084106565759,34750.54335833714
2004-02-12,True,-0.0255059331973048,0.0,-0.0255059331973048,33864.19832086935
2004-02-13,True,-0.033775762538851,0.0,-0.033775762538851,32720.40919981511
2004-02-17,True,0.0445953832435769,0.0,0.0445953832435769,34179.58838796752
2004-02-18,True,0.00176545291175,0.0,0.00176545291175,34239.930841809466
2004-02-19,True,-0.0452210226817773,0.0,-0.0452210226817773,32691.566152589516
2004-02-20,True,-0.005522038583223,0.0,-0.005522038583223,32511.04206294893
2004-02-23,True,-0.0372108918663484,0.0,-0.0372108918663484,31301.277192282236
2004-02-24,True,-0.0035517994385984,0.0,-0.0035517994385984,31190.101333523275
2004-02-25,True,0.0166966361684665,0.0,0.0166966361684665,31710.871107546707
2004-02-26,True,0.0140326651280852,0.0,0.0140326651280852,32155.859142718782
2004-02-27,True,-0.0137763522838452,0.0,-0.0137763522838452,31712.868699178984
2004-03-01,True,0.038922192980115,0.0,0.038922192980115,32947.203094641474
2004-03-02,True,-0.0328373432331174,0.0,-0.0328373432331174,31865.304478051505
2004-03-03,True,-0.0145869246183619,0.0,-0.0145869246183619,31400.487683689018
2004-03-04,True,0.0311790815911051,0.0,0.0311790815911051,32379.526051179248
2004-03-05,True,-0.0170172408378534,0.0,-0.0170172408378534,31828.515858150782
2004-03-08,True,-0.0649761169677739,0.0,-0.0649761169677739,29760.42248884093
2004-03-09,True,-0.0076656432796747,0.0,-0.0076656432796747,29532.28970618907
2004-03-10,True,-0.0417446667545484,0.0,-0.0417446667545484,28299.474113905424
2004-03-11,True,-0.0324487536970725,0.0,-0.0324487536970725,27381.19144862663
2004-03-12,True,0.0624060796687539,0.0,0.0624060796687539,29089.94426359503
2004-03-15,True,-0.0661495531227861,0.0,-0.0661495531227861,27165.657450191462
2004-03-16,True,0.015362564107546,0.0,0.015362564107546,27582.991604293664
2004-03-17,True,0.0464561050928395,0.0,0.0464561050928395,28864.389961037643
2004-03-18,True,-0.0234130313236817,0.0,-0.0234130313236817,28188.587094740902
2004-03-19,True,-0.0406727664965727,0.0,-0.0406727664965727,27042.079273968204
2004-03-22,True,-0.0369399626946323,0.0,-0.0369399626946323,26043.145874402526
2004-03-23,True,-0.0247160051224532,0.0,-0.0247160051224532,25399.463347565998
2004-03-24,True,0.0258160894873413,0.0,0.0258160894873413,26055.17816627721
2004-03-25,True,0.0954568153553129,0.0,0.0954568153553129,28542.32249754531
2004-03-26,True,-0.0220957223314574,0.0,-0.0220957223314574,27911.65926494464
2004-03-29,True,0.0569912356164165,0.0,0.0569912356164165,29502.379214558234
2004-03-30,True,0.0060477325729285,0.0,0.0060477325729285,29680.801714313006
2004-03-31,True,-0.0142651377132656,0.0,-0.0142651377132656,29257.400990418202
2004-04-01,True,0.0308218911948985,0.0,0.0308218911948985,30159.169420390386
2004-04-02,True,0.0764804434449905,0.0,0.0764804434449905,32465.75607159445
2004-04-05,True,0.0363085065453525,0.0,0.0363085065453525,33644.53918841976
2004-04-06,True,-0.0294825478969399,0.0,-0.0294825478969399,32652.6124503267
2004-04-07,True,-0.0234068586915537,0.0,-0.0234068586915537,31888.317364791837
2004-04-08,True,0.0071202796683249,0.0,0.0071202796683249,32115.371102581455
2004-04-12,True,0.0209767560694444,0.0,0.0209767560694444,32789.04740827999
2004-04-13,True,-0.0462921318549609,0.0,-0.0462921318549609,31271.17250225733
2004-04-14,True,0.0055954623445823,0.0,0.0055954623445823,31446.149170464643
2004-04-15,True,-0.033021886726652,0.0,-0.033021886726652,30407.737994568157
2004-04-16,True,-0.0214237511572994,0.0,-0.0214237511572994,29756.29018251617
2004-04-19,True,0.0504894134506156,0.0,0.0504894134506156,31258.66782029772
2004-04-20,True,-0.0745443584117981,0.0,-0.0745443584117981,28928.51048282611
2004-04-21,True,0.0293907985841924,0.0,0.0293907985841924,29778.74250776755
2004-04-22,True,0.0712412316705889,0.0,0.0712412316705889,31900.216801622228
2004-04-23,True,0.0231766580437145,0.0,0.0231766580437145,32639.557217953778
2004-04-26,True,-0.0330942150242543,0.0,-0.0330942150242543,31559.376693086364
2004-04-27,True,-0.0022160585944942,0.0,-0.0022160585944942,31489.43926512877
2004-04-28,True,-0.0536813743531619,0.0,-0.0536813743531619,29799.042887766238
2004-04-29,True,-0.0448087773242691,0.0,-0.0448087773242691,28463.784210531972
2004-04-30,True,-0.062945324657779,0.0,-0.062945324657779,26672.122072411075
2004-05-03,True,0.0297523609472683,0.0,0.0297523609472683,27465.68067553905
2004-05-04,True,0.0143875015650756,0.0,0.0143875015650756,27860.843199244235
2004-05-05,True,0.013242907441009,0.0,0.013242907441009,28229.801766960292
2004-05-06,True,-0.0269937821221661,0.0,-0.0269937821221661,27467.772648711027
2004-05-07,True,-0.0200134693537247,0.0,-0.0200134693537247,26918.047222590973
2004-05-10,True,-0.019464440314754,0.0,-0.019464440314754,26394.10249903712
2004-05-11,True,0.0531611814038147,0.0,0.0531611814038147,27797.24416997931
2004-05-12,True,-0.014966025678954,0.0,-0.014966025678954,27381.229899927246
2004-05-13,True,0.0047233306731358,0.0,0.0047233306731358,27510.560502981753
2004-05-14,True,-0.0365657321292183,0.0,-0.0365657321292183,26504.616716905068
2004-05-17,True,-0.0428254370365906,0.0,-0.0428254370365906,25369.544922516285
2004-05-18,True,0.0381277050989209,0.0,0.0381277050989209,26336.827449815806
2004-05-19,True,-0.0024960580664982,0.0,-0.0024960580664982,26271.089199213722
2004-05-20,True,0.001068881405179,0.0,0.001068881405179,26299.169877952558
2004-05-21,True,0.0241987754781016,0.0,0.0241987754781016,26935.577585089584
2004-05-24,True,0.0122849836779116,0.0,0.0122849836779116,27266.48071607753
2004-05-25,True,0.0715355730053689,0.0,0.0715355730053689,29217.004037941977
2004-05-26,True,0.0126725429009515,0.0,0.0126725429009515,29587.25777505007
2004-05-27,True,0.0189953737652933,0.0,0.0189953737652933,30149.278795177226
2004-05-28,True,0.0063051124720443,0.0,0.0063051124720443,30339.37338893184
2004-06-01,True,0.0046720930468922,0.0,0.0046720930468922,30481.121764389336
2004-06-02,True,-0.0089001781093234,0.0,-0.0089001781093234,30209.834351714297
2004-06-03,True,-0.0390240329279259,0.0,-0.0390240329279259,29030.92478122581
2004-06-04,True,0.0203291048062545,0.0,0.0203291048062545,29621.097493725843
2004-06-07,True,0.0749924336321204,0.0,0.0749924336321204,31842.455681634645
2004-06-08,True,0.0090132913021954,0.0,0.0090132913021954,32129.461010470466
2004-06-09,True,-0.0531611292562884,0.0,-0.0531611292562884,30421.422580757964
2004-06-10,True,0.023948961978166,0.0,0.023948961978166,31149.98407346626
2004-06-14,True,-0.0459159479126798,0.0,-0.0459159479126798,29719.703027268177
2004-06-15,True,0.0422047251592572,0.0,0.0422047251592572,30974.014925348776
2004-06-16,True,0.0015226376461356,0.0,0.0015226376461356,31021.17712652608
2004-06-17,True,-0.0324304251071019,0.0,-0.0324304251071019,30015.147164990132
2004-06-18,True,0.0011911591496569,0.0,0.0011911591496569,30050.89998216401
2004-06-21,True,-0.023472089920226,0.0,-0.023472089920226,29345.54255559894
2004-06-22,True,0.0445925479366288,0.0,0.0445925479366288,30654.13506873586
2004-06-23,True,0.0378563000589408,0.0,0.0378563000589408,31814.587203945222
2004-06-24,True,-0.0105444276936153,0.0,-0.0105444276936153,31479.120589571005
2004-06-25,True,0.0202180599986138,0.0,0.0202180599986138,32115.567338354544
2004-06-28,True,-0.0107141579783389,0.0,-0.0107141579783389,31771.476076327435
2004-06-29,True,0.0251943779039764,0.0,0.0251943779039764,32571.938651161574
2004-06-30,True,0.0218167531157316,0.0,0.0218167531157316,33282.55259521472
2004-07-01,True,-0.0536228905067311,0.0,-0.0536228905067311,31497.845921617005
2004-07-02,True,-0.0169570233549332,0.0,-0.0169570233549332,30963.736212694057
2004-07-06,True,-0.0719422108348757,0.0,-0.0719422108348757,28736.136573844946
2004-07-07,True,0.0139896137967191,0.0,0.0139896137967191,29138.14402652281
2004-07-08,True,-0.0441958850374755,0.0,-0.0441958850374755,27850.357962921204
2004-07-09,True,0.0185147542547701,0.0,0.0185147542547701,28366.00049651207
2004-07-12,True,-0.0165186393892611,0.0,-0.0165186393892611,27897.432763394587
2004-07-13,True,-0.0072661679992115,0.0,-0.0072661679992115,27694.725330189056
2004-07-14,True,-0.0266021025329437,0.0,-0.0266021025329437,26957.987407333654
2004-07-15,True,-0.0003568956671405,0.0,-0.0003568956671405,26948.36621843315
2004-07-16,True,-0.0504021093506951,0.0,-0.0504021093506951,25590.111717469106
2004-07-19,True,0.0098310582637597,0.0,0.0098310582637597,25841.689596739667
2004-07-20,True,0.0521098507830628,0.0,0.0521098507830628,27188.296185608
2004-07-21,True,-0.0729139172401306,0.0,-0.0729139172401306,25205.89100763042
2004-07-22,True,0.0473875982724525,0.0,0.0473875982724525,26400.337644799234
2004-07-23,True,-0.0704335588356773,0.0,-0.0704335588356773,24540.867910012523
2004-07-26,True,-0.0155268823733268,0.0,-0.0155268823733268,24159.82474063441
2004-07-27,True,0.0505575740379133,0.0,0.0505575740379133,25381.286868702045
2004-07-28,True,-0.0167940462061404,0.0,-0.0167940462061404,24955.032364257757
2004-07-29,True,0.0320017308329698,0.0,0.0320017308329698,25753.636592906787
2004-07-30,True,0.0038617756996357,0.0,0.0038617756996357,25853.091360878523
2004-08-02,True,0.012637992765709,0.0,0.012637992765709,26179.82254246852
2004-08-03,True,-0.0580880937462306,0.0,-0.0580880937462306,24659.086556361926
2004-08-04,True,6.560624664897886e-05,0.0,6.560624664897886e-05,24660.704346476683
2004-08-05,True,-0.0561400552516976,0.0,-0.0561400552516976,23276.251041919702
2004-08-06,True,-0.0846246337571383,0.0,-0.0846246337571383,21306.50682225804
2004-08-09,True,0.0079639125834603,0.0,0.0079639125834603,21476.189980049407
2004-08-10,False,-0.0037139887764270334,0.0005010064063190356,-0.004214995182746069,21385.667942739758
2004-08-11,False,-0.0042876374933316155,1.6521989273202835e-06,-0.004289289692258936,21293.938617670894
2004-08-12,False,0.0012300586053790416,1.3815362871029412e-07,0.0012299204517503314,21320.128468275085
2004-08-13,False,0.007554483519960409,9.719104650819239e-07,0.007553511609495327,21481.170306176133
2004-08-16,False,-0.0013638859327312891,2.2861452823004643e-06,-0.0013661720780135896,21451.82333110078
2004-08-17,False,-0.002108103259563588,9.990889727928693e-07,-0.002109102348536381,21406.579240132767
2004-08-18,False,-0.0013539142917665366,7.804042184636484e-07,-0.0013546946959850004,21377.579860776976
2004-08-19,False,0.004893205931577187,8.548376408781533e-07,0.004892351093936309,21482.166486994556
2004-08-20,False,-0.0024348141401560066,2.3281997102161946e-06,-0.0024371423398662226,21429.81138949705
2004-08-23,False,-0.008017358706008277,2.266948488196502e-06,-0.008019625654496473,21257.952324306818
2004-08-24,False,-0.007280576083006712,1.222328603564471e-06,-0.007281798411610277,21103.15620083759
2004-08-25,False,-0.0022379612935774,8.104869561739587e-07,-0.002238771780533574,21055.911050254967
2004-08-26,False,-0.0012145389677379796,7.18449423531567e-07,-0.0012152574171615113,21030.32269817605
2004-08-27,False,-0.001322953655151668,1.7231055422943508e-07,-0.0013231259657058973,21002.496932146918
2004-08-30,False,-0.002445118439836846,1.257220980897214e-06,-0.002446375660817743,20951.116934835714
2004-08-31,False,0.005162803334569421,2.2099294597649477e-07,0.005162582341623445,21059.278801160788
2004-09-01,False,0.004608769686989465,1.3688961252019682e-06,0.004607400790864263,21156.307338964285
2004-09-02,False,-8.814743013912044e-05,1.0464501469143878e-06,-8.919388028603483e-05,21154.4203258202
2004-09-03,False,-0.005777081094625841,1.0775106035538912e-06,-0.005778158605229395,21032.186729975925
2004-09-07,False,-0.0005657722147904418,1.1761856341541283e-06,-0.0005669484004245959,21020.262565351935
2004-09-08,False,0.0036279748183737325,1.3559561387065239e-06,0.003626618862235026,21096.495046060572
2004-09-09,False,0.006009734512119007,1.2873599751065529e-06,0.006008447152143901,21223.252221640294
2004-09-10,False,0.003354137459407844,5.442554055296172e-07,0.0033535932040023144,21294.426376057614
2004-09-13,False,0.001832610550629342,1.3154874653535654e-06,0.0018312950631639883,21333.422753952997
2004-09-14,False,0.009911782612185636,1.3452333592592902e-06,0.009910437378826378,21544.846304232076
2004-09-15,False,-0.002309072916042593,1.4549046207841532e-07,-0.0023092184065046715,21495.09454858103
2004-09-16,False,0.00593653524459143,1.6706595300528954e-06,0.005934864585061378,21622.665023969952
2004-09-17,False,0.004588657506926354,1.1975479303215491e-06,0.004587459958996032,21721.858133974198
2004-09-20,False,0.0035094647342212605,1.1586186534259108e-06,0.0035083061155678345,21798.06506170712
2004-09-21,False,0.007514095863645705,1.2430092201678872e-06,0.007512852854425537,21961.830717026918
2004-09-22,False,0.00415468591852393,2.371034775452127e-06,0.004152314883748478,22053.023153587597
2004-09-23,False,0.006506024482184309,1.4323370454642493e-06,0.0065045921451388445,22196.469074768986
2004-09-24,False,3.2950947285473785e-05,1.6377875421347972e-06,3.131315974333899e-05,22197.16411635086
2004-09-27,False,0.006875655372900012,1.4408175396587314e-06,0.006874214555360353,22349.752185007204
2004-09-28,False,0.0032527962654739263,6.85755941170374e-07,0.003252110509532756,22422.436048973515
2004-09-29,False,-0.0016808185897432982,7.848339604876464e-07,-0.0016816034237037859,22384.73040374578
2004-09-30,False,0.00656429656882001,7.725460173590021e-07,0.006563524022802651,22531.653119494727
2004-10-01,False,0.0006224506578971165,8.754492522704272e-07,0.0006215752086448462,22545.658236483592
2004-10-04,False,-0.0057725098516281485,1.2601892454476295e-06,-0.005773770040873596,22415.484790406008
2004-10-05,False,0.004210193299632917,8.450893894927231e-07,0.004209348210243424,22509.839371190243
2004-10-06,False,0.0022197342255482998,8.492144477250524e-07,0.0022188850111005748,22559.78611637326
2004-10-07,False,-0.00026597648038308505,2.0104955451674678e-07,-0.0002661775299376018,22553.781208228884
2004-10-08,False,0.010461446117599957,9.91057749817517e-07,0.01046045505985014,22789.704022987255
2004-10-11,False,0.0008185250734687702,2.950043526291496e-07,0.0008182300691161411,22808.35124408512
2004-10-12,False,-0.004901511033209418,1.96187897159035e-06,-0.004903472912181008,22696.51111158824
2004-10-13,False,-0.003442762406503272,8.695742527080192e-07,-0.00344363198075598,22618.35268007279
2004-10-14,False,0.007858734472665404,8.642257219139971e-07,0.00785787024694349,22796.084760632402
2004-10-15,False,0.0036006152406029856,1.4185156977339491e-06,0.0035991967249052515,22878.132354243535
2004-10-18,False,-0.002962705662030053,4.952515616107322e-07,-0.0029632009135916637,22810.33985155017
2004-10-19,False,-0.0005564553799461684,2.824145877923928e-07,-0.0005567377945339607,22797.640473248648
2004-10-20,False,0.01055254545625014,1.378363843511074e-06,0.01055116709240663,23038.182187194503
2004-10-21,False,0.0011647715387988007,9.68077154816227e-07,0.0011638034616439845,23064.994103373945
2004-10-22,False,0.002862667318222706,6.90910932150915e-07,0.002861976407290555,23131.005572332095
2004-10-25,False,0.005172571462525556,1.6299421082813792e-06,0.0051709415204172745,23250.614649455074
2004-10-26,False,-0.0005149203430038675,6.17804844116221e-07,-0.0005155381478479837,23238.628070642368
2004-10-27,False,-0.008145170787906589,2.1483031648642513e-06,-0.008147319091071453,23049.295552512114
2004-10-28,False,-0.006311438880360634,1.2059341735269487e-06,-0.0063126448145341615,22903.79353646388
2004-10-29,False,0.008449960911392704,1.2064784853925286e-06,0.008448754432907312,23097.30206363547
2004-11-01,False,-0.0016112812609442601,1.5608408839294653e-06,-0.0016128421018281895,23060.049762428596
2004-11-02,False,-0.006013169363127434,1.1556682724523509e-06,-0.006014325031399886,22921.359127917098
2004-11-03,False,0.005556870548316762,1.9728918042517946e-06,0.005554897656512511,23048.684932020846
2004-11-04,False,0.0029642634133542674,2.251414020242884e-06,0.0029620119993340245,23116.955413358362
2004-11-05,True,0.0177807818057296,0.0005,0.0172807818057296,23516.434475869388
2004-11-08,True,0.003609908375727,0.0,0.003609908375727,23601.326649651066
2004-11-09,True,-0.0003633212628416,0.0,-0.0003633212628416,23592.75178584798
2004-11-10,True,-0.0196363027771423,0.0,-0.0196363027771423,23129.477368435106
2004-11-11,True,0.0486176799785106,0.0,0.0486176799785106,24253.978897203884
2004-11-12,True,0.0324082855993092,0.0,0.0324082855993092,25040.008772224086
2004-11-15,True,0.0047993278132306,0.0,0.0047993278132306,25160.18398276816
2004-11-16,True,-0.0239991197622929,0.0,-0.0239991197622929,24556.361714124385
2004-11-17,True,0.043654275948678,0.0,0.043654275948678,25628.351904688323
2004-11-18,True,0.0183931024892454,0.0,0.0183931024892454,26099.736807901703
2004-11-19,True,-0.0545763534084584,0.0,-0.0545763534084584,24675.30834800591
2004-11-22,True,0.0311420332077348,0.0,0.0311420332077348,25443.747619990605
2004-11-23,True,-0.0109774269152215,0.0,-0.0109774269152215,25164.440740042817
2004-11-24,True,0.0381901346862531,0.0,0.0381901346862531,26125.474121209285
2004-11-26,True,-0.0082451608703625,0.0,-0.0082451608703625,25910.065384265417
2004-11-29,True,0.0040303064587279,0.0,0.0040303064587279,26014.490888129687
2004-11-30,True,-0.0170832146516863,0.0,-0.0170832146516863,25570.07975623343
2004-12-01,True,0.0679430390056097,0.0,0.0679430390056097,27307.388682487748
2004-12-02,True,0.0110869449967081,0.0,0.0110869449967081,27610.144198814218
2004-12-03,True,0.0022120016952732,0.0,0.0022120016952732,27671.217884588732
2004-12-06,True,0.0095302484957621,0.0,0.0095302484957621,27934.931467209237
2004-12-07,True,-0.0561653345378219,0.0,-0.0561653345378219,26365.9566960623
2004-12-08,True,0.0236322733271905,0.0,0.0236322733271905,26989.044191236517
2004-12-09,True,0.0146436622342103,0.0,0.0146436622342103,27384.262638397162
2004-12-10,True,-0.0087425559588767,0.0,-0.0087425559588767,27144.854189888396
2004-12-13,True,0.0297898304101002,0.0,0.0297898304101002,27953.49479271207
2004-12-14,True,0.0115455403533462,0.0,0.0115455403533462,28276.232994858383
2004-12-15,True,-0.0071726431150083,0.0,-0.0071726431150083,28073.41766694944
2004-12-16,True,-0.0296941609602674,0.0,-0.0296941609602674,27239.801084042232
2004-12-17,True,-0.0206581985790205,0.0,-0.0206581985790205,26677.07586399507
2004-12-20,True,-0.008831504922832,0.0,-0.008831504922832,26441.477137175432
2004-12-21,True,0.0324700663479085,0.0,0.0324700663479085,27300.033654156225
2004-12-22,True,0.0079230752792824,0.0,0.0079230752792824,27516.33387592505
2004-12-23,True,0.0002600647796132,0.0,0.0002600647796132,27523.489905230253
2004-12-27,True,-0.011603180604159,0.0,-0.011603180604159,27204.12988100312
2004-12-28,True,0.0308639105582359,0.0,0.0308639105582359,28043.755712465034
2004-12-29,True,0.0012907896846286,0.0,0.0012907896846286,28079.95430305693
2004-12-30,True,-0.0023098876218428,0.0,-0.0023098876218428,28015.092764190387
2004-12-31,True,-0.0049906002036983,0.0,-0.0049906002036983,27875.280636534793
2005-01-03,True,-0.0327051833464209,0.0,-0.0327051833464209,26963.614472483987
2005-01-04,True,-0.0593870686942637,0.0,-0.0593870686942637,25362.324447560935
2005-01-05,True,-0.0155193190121917,0.0,-0.0155193190121917,24968.71844356853
2005-01-06,True,-0.0120873948231537,0.0,-0.0120873948231537,24666.911685512958
2005-01-07,True,0.0139249986802525,0.0,0.0139249986802525,25010.398398179634
2005-01-10,True,9.278068298059416e-05,0.0,9.278068298059416e-05,25012.718880024633
2005-01-11,True,-0.0222015873543133,0.0,-0.0222015873543133,24457.396816840883
2005-01-12,True,0.0237914996328767,0.0,0.0237914996328767,25039.274964229877
2005-01-13,True,-0.0395868158445011,0.0,-0.0395868158445011,24048.04979734108
2005-01-14,True,0.0308098598206812,0.0,0.0308098598206812,24788.966840557918
2005-01-18,True,0.0236716070520739,0.0,0.0236716070520739,25375.7615228345
2005-01-19,True,-0.0531978373758919,0.0,-0.0531978373758919,24025.825888053332
2005-01-20,True,-0.0604611944852802,0.0,-0.0604611944852802,22573.19575636626
2005-01-21,True,-0.0217482100267122,0.0,-0.0217482100267122,22082.269154082718
2005-01-24,True,-0.0459671428805206,0.0,-0.0459671428805206,21067.21033275088
2005-01-25,True,0.0199595383818765,0.0,0.0199595383818765,21487.70212598649
2005-01-26,True,0.0369935564278161,0.0,0.0369935564278161,22282.608647088273
2005-01-27,True,-0.0030234666822787,0.0,-0.0030234666822787,22215.237922249547
2005-01-28,True,-0.016220846919417,0.0,-0.016220846919417,21854.887948634307
2005-01-31,True,0.0402311003054795,0.0,0.0402311003054795,22734.13413786083
2005-02-01,True,0.0078324255113488,0.0,0.0078324255113488,22912.19755006064
2005-02-02,True,0.002711646482284,0.0,0.002711646482284,22974.327329948657
2005-02-03,True,-0.033287439002461,0.0,-0.033287439002461,22209.57081033042
2005-02-04,True,0.0520911094885064,0.0,0.0520911094885064,23366.491995104076
2005-02-07,True,-0.0107588572403642,0.0,-0.0107588572403642,23115.095243520638
2005-02-08,True,0.0070186869093962,0.0,0.0070186869093962,23277.332859915783
2005-02-09,True,-0.0507793249779362,0.0,-0.0507793249779362,22095.325610002525
2005-02-10,True,-8.390123010507204e-05,0.0,-8.390123010507204e-05,22093.471785004276
2005-02-11,True,0.0470204737755114,0.0,0.0470204737755114,23132.31729568107
2005-02-14,True,0.01496649645602,0.0,0.01496649645602,23478.527040506415
2005-02-15,True,0.0176021545070203,0.0,0.0176021545070203,23891.799701070664
2005-02-16,True,-0.0096067506141117,0.0,-0.0096067506141117,23662.277139620168
2005-02-17,True,-0.0450946311194556,0.0,-0.0450946311194556,22595.23548056267
2005-02-18,True,-0.0078083891087976,0.0,-0.0078083891087976,22418.80308992553
2005-02-22,True,-0.0423559444441515,0.0,-0.0423559444441515,21469.23351174427
2005-02-23,True,0.0059346967375697,0.0,0.0059346967375697,21596.64690182454
2005-02-24,True,0.0411901117538595,0.0,0.0411901117538595,22486.21520121934
2005-02-25,True,0.0180337988319417,0.0,0.0180337988319417,22891.72708264988
2005-02-28,True,-0.031333058352266,0.0,-0.031333058352266,22174.459262185064
2005-03-01,True,0.0320910119514261,0.0,0.0320910119514261,22886.060099384256
2005-03-02,True,-0.0040014956943201,0.0,-0.0040014956943201,22794.48162843662
2005-03-03,True,-0.0264687541364317,0.0,-0.0264687541364317,22191.140098546126
2005-03-04,True,0.0171106238193794,0.0,0.0171106238193794,22570.844348895494
2005-03-07,True,0.0484409846676441,0.0,0.0484409846676441,23664.198273936123
2005-03-08,True,-0.032263836951789,0.0,-0.032263836951789,22900.70043923104
2005-03-09,True,-0.0132226451043231,0.0,-0.0132226451043231,22597.892604682675
2005-03-10,True,0.0045985126987991,0.0,0.0045985126987991,22701.809300791403
2005-03-11,True,-0.0370131262143122,0.0,-0.0370131262143122,21861.544367847964
2005-03-14,True,0.0186950771856507,0.0,0.0186950771856507,22270.247627202407
2005-03-15,True,-0.0259346543784316,0.0,-0.0259346543784316,21692.676452068827
2005-03-16,True,-0.0317507622397684,0.0,-0.0317507622397684,21003.91743969497
2005-03-17,True,0.0026923263827691,0.0,0.0026923263827691,21060.466840759364
2005-03-18,True,-0.0066480670367031,0.0,-0.0066480670367031,20920.455445377735
2005-03-21,True,-3.493691944189936e-05,0.0,-3.493691944189936e-05,20919.724549111153
2005-03-22,True,-0.0392628634082051,0.0,-0.0392628634082051,20098.356261602126
2005-03-23,True,0.0135433359700239,0.0,0.0135433359700239,20370.55505289824
2005-03-24,True,-0.0038658389738614,0.0,-0.0038658389738614,20291.80576725556
2005-03-28,True,0.0055178546907781,0.0,0.0055178546907781,20403.773002892765
2005-03-29,True,-0.0171856678441304,0.0,-0.0171856678441304,20053.120537298015
2005-03-30,True,0.0559994406988926,0.0,0.0559994406988926,21176.084071654182
2005-03-31,True,-0.0186555810969131,0.0,-0.0186555810969131,20781.031917940385
2005-04-01,True,-0.0268047595670834,0.0,-0.0268047595670834,20224.001353824107
2005-04-04,True,0.0149134327099537,0.0,0.0149134327099537,20525.610637140373
2005-04-05,True,0.0141480459440261,0.0,0.0141480459440261,20816.007919463827
2005-04-06,True,-0.0063599530561587,0.0,-0.0063599530561587,20683.61908627941
2005-04-07,True,0.0384440211248728,0.0,0.0384440211248728,21478.780575371162
2005-04-08,True,-0.0283590934381263,0.0,-0.0283590934381263,20869.6618300972
2005-04-11,True,-0.0143691020953101,0.0,-0.0143691020953101,20569.78352856594
2005-04-12,True,0.0213952400829349,0.0,0.0213952400829349,21009.878985613606
2005-04-13,True,-0.0554929683166552,0.0,-0.0554929683166552,19843.978436728194
2005-04-14,True,-0.0423108956837841,0.0,-0.0423108956837841,19004.361935140525
2005-04-15,True,-0.0678722569226816,0.0,-0.0678722569226816,17714.492999227037
2005-04-18,True,0.0028227863788435,0.0,0.0028227863788435,17764.497228773373
2005-04-19,True,0.0228837343463089,0.0,0.0228837343463089,18171.015264152364
2005-04-20,True,-0.0295919548609915,0.0,-0.0295919548609915,17633.299400677177
2005-04-21,True,0.0862689161467419,0.0,0.0862689161467419,19154.505028064592
2005-04-22,True,-0.0543612968074704,0.0,-0.0543612968074704,18113.24129503379
2005-04-25,True,0.0338465929486882,0.0,0.0338465929486882,18726.312800128166
2005-04-26,True,-0.0353705062207957,0.0,-0.0353705062207957,18063.953636738668
2005-04-27,True,0.006895698801436,0.0,0.006895698801436,18188.51722018072
2005-04-28,True,-0.0306265545265291,0.0,-0.0306265545265291,17631.465605780144
2005-04-29,True,0.0243427593370665,0.0,0.0243427593370665,18060.664129781413
2005-05-02,True,0.0060266793284344,0.0,0.0060266793284344,18169.509960950163
2005-05-03,True,0.00808000284404,0.0,0.00808000284404,18316.319653109455
2005-05-04,True,0.0515371404191846,0.0,0.0515371404191846,19260.29039103443
2005-05-05,True,-0.0043485142102323,0.0,-0.0043485142102323,19176.536744575813
2005-05-06,True,0.0119447897674324,0.0,0.0119447897674324,19405.596444457213
2005-05-09,True,0.0150680394533438,0.0,0.0150680394533438,19698.000737297963
2005-05-10,True,-0.026829323759704,0.0,-0.026829323759704,19169.51669809811
2005-05-11,True,0.018872640362623,0.0,0.018872640362623,19531.29609266661
2005-05-12,True,-0.0099207844229181,0.0,-0.0099207844229181,19337.53031463108
2005-05-13,True,0.0325293220083613,0.0,0.0325293220083613,19966.567065082163
2005-05-16,True,0.0203642276480425,0.0,0.0203642276480425,20373.170782145404
2005-05-17,True,0.019029862243099,0.0,0.019029862243099,20760.869415584766
2005-05-18,True,0.0383568150118704,0.0,0.0383568150118704,21557.19024324395
2005-05-19,True,0.0240541854318589,0.0,0.0240541854318589,22075.7308947448
2005-05-20,True,0.0129355842210324,0.0,0.0129355842210324,22361.293370974618
2005-05-23,True,0.0139166772494224,0.0,0.0139166772494224,22672.488273698116
2005-05-24,True,0.0101200142197523,0.0,0.0101200142197523,22901.93417742511
2005-05-25,True,-0.0152517546258306,0.0,-0.0152517546258306,22552.6394968941
2005-05-26,True,0.031354308367419,0.0,0.031354308367419,23259.76191017895
2005-05-27,True,0.0017967941067555,0.0,0.0017967941067555,23301.5549133037
2005-05-31,True,-0.0140202090663349,0.0,-0.0140202090663349,22974.862241848496
2005-06-01,True,0.0326674088838491,0.0,0.0326674088838491,23725.391460753064
2005-06-02,True,0.0180578759820954,0.0,0.0180578759820954,24153.821637378005
2005-06-03,True,-0.0469496796373209,0.0,-0.0469496796373209,23019.80744948612
2005-06-06,True,0.001392571355578,0.0,0.001392571355578,23051.864173951195
2005-06-07,True,-0.0276129760476209,0.0,-0.0276129760476209,22415.33360066287
2005-06-08,True,-0.006882050865167,0.0,-0.006882050865167,22261.07013466342
2005-06-09,True,0.0229920196683185,0.0,0.0229920196683185,22772.897097037418
2005-06-10,True,-0.0360762042516188,0.0,-0.0360762042516188,21951.3374099636
2005-06-13,True,0.015853451753091,0.0,0.015853451753091,22299.34187850828
2005-06-14,True,-0.0093821110107858,0.0,-0.0093821110107858,22090.12697753665
2005-06-15,True,0.00983618257608,0.0,0.00983618257608,22307.40949961649
2005-06-16,True,0.0154137580327292,0.0,0.0154137580327292,22651.250511980583
2005-06-17,True,0.0012444474618854,0.0,0.0012444474618854,22679.438803188747
2005-06-20,True,-0.0017412414812231,0.0,-0.0017412414812231,22639.94842357377
2005-06-21,True,-0.0017618663372514,0.0,-0.0017618663372514,22600.059860569167
2005-06-22,True,-0.0042816860208382,0.0,-0.0042816860208382,22503.29350019406
2005-06-23,True,-0.0361393449485848,0.0,-0.0361393449485848,21690.039213911303
2005-06-24,True,-0.0313524901708774,0.0,-0.0313524901708774,21010.002472651202
2005-06-27,True,-0.0130052774564626,0.0,-0.0130052774564626,20736.761561133408
2005-06-28,True,0.0296979709789243,0.0,0.0296979709789243,21352.60130417282
2005-06-29,True,-0.0090946235323504,0.0,-0.0090946235323504,21158.407433874996
2005-06-30,True,-0.0212680460190119,0.0,-0.0212680460190119,20708.40945088234
2005-07-01,True,-0.0061533644267887,0.0,-0.0061533644267887,20580.983060831906
2005-07-05,True,0.0316916635424661,0.0,0.0316916635424661,21233.228651368983
2005-07-06,True,-0.0166780406533101,0.0,-0.0166780406533101,20879.10000072042
2005-07-07,True,0.0113281643825556,0.0,0.0113281643825556,21115.621877688398
2005-07-08,True,0.0586842849408229,0.0,0.0586842849408229,22354.777048661337
2005-07-11,True,0.0280073757243821,0.0,0.0280073757243821,22980.87568869799
2005-07-12,True,0.0152225721335039,0.0,0.0152225721335039,23330.70372656028
2005-07-13,True,0.0037657191793813,0.0,0.0037657191793813,23418.56060505185
2005-07-14,True,0.0303198460093711,0.0,0.0303198460093711,24128.607756358146
2005-07-15,True,0.0082004378121621,0.0,0.0082004378121621,24326.47290375821
2005-07-18,True,-0.0148496077473739,0.0,-0.0148496077473739,23965.234323260283
2005-07-19,True,0.0388261919425056,0.0,0.0388261919425056,24895.71311104231
2005-07-20,True,0.0229728171049116,0.0,0.0229728171049116,25467.637775038635
2005-07-21,True,-0.0017636685076439,0.0,-0.0017636685076439,25422.721304330717
2005-07-22,True,-0.0022713093298988,0.0,-0.0022713093298988,25364.97844024077
2005-07-25,True,-0.0136321930914714,0.0,-0.0136321930914714,25019.1981563824
2005-07-26,True,0.0099338916638004,0.0,0.0099338916638004,25267.736160383054
2005-07-27,True,0.02427286863602,0.0,0.02427286863602,25881.056600933647
2005-07-28,True,0.0122947395163814,0.0,0.0122947395163814,26199.25745025085
2005-07-29,True,-0.0251775049137996,0.0,-0.0251775049137996,25539.62551705926
2005-08-01,True,0.0091301799464555,0.0,0.0091301799464555,25772.8068937951
2005-08-02,True,0.0313295405665567,0.0,0.0313295405665567,26580.25709288829
2005-08-03,True,0.0001738214346578,0.0,0.0001738214346578,26584.87731130975
2005-08-04,True,-0.0341739191069969,0.0,-0.0341739191069969,25676.367864603617
2005-08-05,True,-0.0134935862407422,0.0,-0.0134935862407422,25329.901580473568
2005-08-08,True,-0.0219267108163152,0.0,-0.0219267108163152,24774.500153512796
2005-08-09,True,0.0209158282434208,0.0,0.0209158282434208,25292.679343540272
2005-08-10,True,-0.029070513494419,0.0,-0.029070513494419,24557.408167373873
2005-08-11,True,0.0281053000824357,0.0,0.0281053000824357,25247.60149316477
2005-08-12,True,-0.0168408933776487,0.0,-0.0168408933776487,24822.409328377016
2005-08-15,True,0.0167261510219139,0.0,0.0167261510219139,25237.592695531217
2005-08-16,True,-0.0502010536597501,0.0,-0.0502010536597501,23970.638950379936
2005-08-17,True,0.0156212795986173,0.0,0.0156212795986173,24345.09100358133
2005-08-18,True,-0.0125402446135993,0.0,-0.0125402446135993,24039.797607256085
2005-08-19,True,-0.0040440389417127,0.0,-0.0040440389417127,23942.57972958145
2005-08-22,True,0.0034043057540947,0.0,0.0034043057540947,24024.087591522733
2005-08-23,True,-0.008328697675709,0.0,-0.008328697675709,23823.99822903819
2005-08-24,True,-0.0184703339936789,0.0,-0.0184703339936789,23383.961024683038
2005-08-25,True,0.0078496853701377,0.0,0.0078496853701377,23567.517761434363
2005-08-26,True,-0.0136489101568453,0.0,-0.0136489101568453,23245.846828888687
2005-08-29,True,0.0242420155981531,0.0,0.0242420155981531,23809.373010306885
2005-08-30,True,-0.0112139170440161,0.0,-0.0112139170440161,23542.376676499265
2005-08-31,True,0.0304581443792704,0.0,0.0304581443792704,24259.433784343248
2005-09-01,True,-0.008617799932545,0.0,-0.008617799932545,24050.370837512954
2005-09-02,True,-0.008013403568663,0.0,-0.008013403568663,23857.64551001596
2005-09-06,True,0.0458948958390382,0.0,0.0458948958390382,24952.58966566284
2005-09-07,True,0.004705448834449,0.0,0.004705448834449,25070.002799621612
2005-09-08,True,-0.0042464041315888,0.0,-0.0042464041315888,24963.545436154356
2005-09-09,True,0.0188996643234386,0.0,0.0188996643234386,25435.348065220584
2005-09-12,True,0.0079940762613107,0.0,0.0079940762613107,25638.680177386937
2005-09-13,True,-0.0091273229929358,0.0,-0.0091273229929358,25404.667662295346
2005-09-14,True,-0.0332849447984294,0.0,-0.0332849447984294,24559.074701533402
2005-09-15,True,-0.0021957144300398,0.0,-0.0021957144300398,24505.14998682282
2005-09-16,True,0.0204063218952089,0.0,0.0204063218952089,25005.209965544298
2005-09-19,True,-0.0252771388556232,0.0,-0.0252771388556232,24373.149801131225
2005-09-20,True,-0.0150117785986165,0.0,-0.0150117785986165,24007.265472565727
2005-09-21,True,-0.031254830572994,0.0,-0.031254830572994,23256.922457699795
2005-09-22,True,0.0104446042688053,0.0,0.0104446042688053,23499.83180928076
2005-09-23,True,0.0082440178774613,0.0,0.0082440178774613,23693.564842833803
2005-09-26,True,0.0019585051696405,0.0,0.0019585051696405,23739.968812065705
2005-09-27,True,-0.0078266353762234,0.0,-0.0078266353762234,23554.16473233075
2005-09-28,True,-0.0002151395012129,0.0,-0.0002151395012129,23549.097301078753
2005-09-29,True,0.0402264397507768,0.0,0.0402264397507768,24496.39364484578
2005-09-30,True,0.0219718004938598,0.0,0.0219718004938598,25034.623518829383
2005-10-03,True,0.0071975981194343,0.0,0.0071975981194343,25214.81267798926
2005-10-04,True,-0.0189421188498448,0.0,-0.0189421188498448,24737.19069946621
2005-10-05,True,-0.0453257277336374,0.0,-0.0453257277336374,23615.95952892714
2005-10-06,True,-0.0356323806751426,0.0,-0.0356323806751426,22774.466668983645
2005-10-07,True,0.0055929094060509,0.0,0.0055929094060509,22901.842197834398
2005-10-10,True,-0.0173823234161958,0.0,-0.0173823234161958,22503.754969924958
2005-10-11,True,-0.0150610417608556,0.0,-0.0150610417608556,22164.824976546857
2005-10-12,True,-0.0354813997230427,0.0,-0.0354813997230427,21378.385961762717
2005-10-13,True,0.0247004402176288,0.0,0.0247004402176288,21906.44150616063
2005-10-14,True,0.0203481004909245,0.0,0.0203481004909245,22352.195979326545
2005-10-17,True,0.0106868446999012,0.0,0.0106868446999012,22591.07042645936
2005-10-18,True,-0.0223349970721987,0.0,-0.0223349970721987,22086.498934626557
2005-10-19,True,0.0606296630759618,0.0,0.0606296630759618,23425.595923560555
2005-10-20,True,-0.0269685884313874,0.0,-0.0269685884313874,22793.840668338064
2005-10-21,True,0.0182061252566508,0.0,0.0182061252566508,23208.828186625964
2005-10-24,True,0.0487609785032383,0.0,0.0487609785032383,24340.513358919383
2005-10-25,True,-0.0092846158903196,0.0,-0.0092846158903196,24114.521041808624
2005-10-26,True,-0.0203778276028898,0.0,-0.0203778276028898,23623.119489292392
2005-10-27,True,-0.0606630521127546,0.0,-0.0606630521127546,22190.06896064762
2005-10-28,True,0.0265131547060197,0.0,0.0265131547060197,22778.397691938517
2005-10-31,True,0.0423444154009678,0.0,0.0423444154009678,23742.935625974405
2005-11-01,True,-0.0052293927571485,0.0,-0.0052293927571485,23618.77449037849
2005-11-02,True,0.0393484502755167,0.0,0.0393484502755167,24548.136663981793
2005-11-03,True,0.0418583551161441,0.0,0.0418583551161441,25575.681285902378
2005-11-04,True,0.0153078107833124,0.0,0.0153078107833124,25967.188975681274
2005-11-07,True,0.0021088796321147,0.0,0.0021088796321147,26021.950651615363
2005-11-08,True,-0.0017780079292555,0.0,-0.0017780079292555,25975.683417022094
2005-11-09,True,0.0031572846599179,0.0,0.0031572846599179,26057.696043805543
2005-11-10,True,0.0379537935373724,0.0,0.0379537935373724,27046.68445951174
2005-11-11,True,0.0042391336428458,0.0,0.0042391336428458,27161.33896953149
2005-11-14,True,-0.0028273272151948,0.0,-0.0028273272151948,27084.544976661804
2005-11-15,True,-0.0139619498846909,0.0,-0.0139619498846909,26706.391917047993
2005-11-16,True,0.0128490219104934,0.0,0.0128490219104934,27049.542931940367
2005-11-17,True,0.045127872354556,0.0,0.045127872354556,28270.231252622052
2005-11-18,True,0.0060139218398475,0.0,0.0060139218398475,28440.246213769733
2005-11-21,True,0.0112163610020565,0.0,0.0112163610020565,28759.242282290747
2005-11-22,True,0.013897889149688,0.0,0.013897889149688,29158.93504355904
2005-11-23,True,0.0044815287698435,0.0,0.0044815287698435,29289.611649854745
2005-11-25,True,0.0073916607408846,0.0,0.0073916607408846,29506.11052240273
2005-11-28,True,-0.0295587092451844,0.0,-0.0295587092451844,28633.947980514753
2005-11-29,True,-0.0136238888258919,0.0,-0.0136238888258919,28243.842256581847
2005-11-30,True,-0.0078328043149924,0.0,-0.0078328043149924,28022.613767082526
2005-12-01,True,0.0567183304082597,0.0,0.0567183304082597,29612.009633626956
2005-12-02,True,0.0083072667509014,0.0,0.0083072667509014,29858.00449668376
2005-12-05,True,-0.0253324849934795,0.0,-0.0253324849934795,29101.627045836274
2005-12-06,True,0.0114685481118247,0.0,0.0114685481118247,29435.380455743827
2005-12-07,True,-0.0077783450672612,0.0,-0.0077783450672612,29206.421909372933
2005-12-08,True,-0.0204166023321243,0.0,-0.0204166023321243,28610.12600770503
2005-12-09,True,0.0123366442387801,0.0,0.0123366442387801,28963.07895388875
2005-12-12,True,0.0099819206979703,0.0,0.0099819206979703,29252.18611117552
2005-12-13,True,0.0129326565781131,0.0,0.0129326565781131,29630.494588310405
2005-12-14,True,-0.0121154248734156,0.0,-0.0121154248734156,29271.508557163586
2005-12-15,True,0.0046278449125926,0.0,0.0046278449125926,29406.972559123762
2005-12-16,True,-0.0231283220995156,0.0,-0.0231283220995156,28726.83862580473
2005-12-19,True,-0.0433815363976424,0.0,-0.0433815363976424,27480.62423037018
2005-12-20,True,0.0011039907511395,0.0,0.0011039907511395,27510.962585356043
2005-12-21,True,0.0098048356151965,0.0,0.0098048356151965,27780.703051121283
2005-12-22,True,0.022701056197854,0.0,0.022701056197854,28411.35435230068
2005-12-23,True,-0.0009433671100399,0.0,-0.0009433671100399,28384.55201505303
2005-12-27,True,-0.0261139455615206,0.0,-0.0261139455615206,27643.319368943787
2005-12-28,True,-0.0024594112738152,0.0,-0.0024594112738152,27575.33307764213
2005-12-29,True,-0.0213043746373197,0.0,-0.0213043746373197,26987.85785100717
2005-12-30,True,-0.0185933972995537,0.0,-0.0185933972995537,26486.061887719516
2006-01-03,True,0.063146553575629,0.0,0.063146553575629,28158.56541371982
2006-01-04,True,0.0282094559138563,0.0,0.0282094559138563,28952.90322335559
2006-01-05,True,0.0165505438386587,0.0,0.0165505438386587,29432.089517410175
2006-01-06,True,0.0520635940797339,0.0,0.0520635940797339,30964.42987896301
2006-01-09,True,0.0117623959954378,0.0,0.0117623959954378,31328.645764972338
2006-01-10,True,0.003463143447353,0.0,0.003463143447353,31437.14135926775
2006-01-11,True,0.0242722819562502,0.0,0.0242722819562502,32200.19251823839
2006-01-12,True,-0.0187702271272372,0.0,-0.0187702271272372,31595.78759113029
2006-01-13,True,-0.0011680159784641,0.0,-0.0011680159784641,31558.883206371695
2006-01-17,True,-0.0180355825609916,0.0,-0.0180355825609916,30989.700362770483
2006-01-18,True,-0.0343473147831545,0.0,-0.0343473147831545,29925.287369374768
2006-01-19,True,0.0230532273848688,0.0,0.0230532273848688,30615.161823658505
2006-01-20,True,-0.0930384978972144,0.0,-0.0930384978972144,27766.773154705174
2006-01-23,True,-0.0003343826759013,0.0,-0.0003343826759013,27757.48842679656
2006-01-24,True,0.0175612244961032,0.0,0.0175612244961032,28244.94391250752
2006-01-25,True,-0.0165962471877333,0.0,-0.0165962471877333,27776.18384153188
2006-01-26,True,0.0239385288935544,0.0,0.0239385288935544,28441.10482097507
2006-01-27,True,0.0363990991692694,0.0,0.0363990991692694,29476.335415837326
2006-01-30,True,0.0039076199210817,0.0,0.0039076199210817,29591.517731308737
2006-01-31,True,-0.0049217770033516,0.0,-0.0049217770033516,29445.87487984451
2006-02-01,True,0.0037861866665845,0.0,0.0037861866665845,29557.362458700492
2006-02-02,True,-0.0479176549972997,0.0,-0.0479176549972997,28141.042961774343
2006-02-03,True,-0.0379936531575917,0.0,-0.0379936531575917,27071.8619359918
2006-02-06,True,-0.0127930532621362,0.0,-0.0127930532621362,26725.53016433946
2006-02-07,True,-0.010511908146857,0.0,-0.010511908146857,26444.59384607587
2006-02-08,True,0.0336393605251262,0.0,0.0336393605251262,27334.173072404545
2006-02-09,True,-0.0296312266237075,0.0,-0.0296312266237075,26524.227995524485
2006-02-10,True,0.0173417980083178,0.0,0.0173417980083178,26984.205799749438
2006-02-13,True,-0.0325100836490536,0.0,-0.0325100836490536,26106.947011996304
2006-02-14,True,0.0291858850824086,0.0,0.0291858850824086,26868.901367340957
2006-02-15,True,0.0200198900700833,0.0,0.0200198900700833,27406.813819019033
2006-02-16,True,0.0275226406481897,0.0,0.0275226406481897,28161.121707071732
2006-02-17,True,-0.0240037013700269,0.0,-0.0240037013700269,27485.1505513702
2006-02-21,True,-0.0351723741706604,0.0,-0.0351723741706604,26518.43255204047
2006-02-22,True,0.0393746187412427,0.0,0.0393746187412427,27562.58572339243
2006-02-23,True,-0.0095519649010906,0.0,-0.0095519649010906,27299.308871979283
2006-02-24,True,0.007353177817625,0.0,0.007353177817625,27500.045544413217
2006-02-27,True,0.034085780800199,0.0,0.034085780800199,28437.406068835575
2006-02-28,True,-0.044589944375421,0.0,-0.044589944375421,27169.383714044936
2006-03-01,True,0.0429177691278002,0.0,0.0429177691278002,28335.433051628934
2006-03-02,True,-0.0016161451607104,0.0,-0.0016161451607104,28289.63887862591
2006-03-03,True,-0.0169555641627596,0.0,-0.0169555641627596,27809.97209147807
2006-03-06,True,-0.0258119894223646,0.0,-0.0258119894223646,27092.14138601658
2006-03-07,True,-0.0162236577750687,0.0,-0.0162236577750687,26652.607755776073
2006-03-08,True,0.0013185334985808,0.0,0.0013185334985808,26687.7501119266
2006-03-09,True,-0.0304726134805093,0.0,-0.0304726134805093,25874.50461810144
2006-03-10,True,0.0055261626691542,0.0,0.0055261626691542,26017.491339604854
2006-03-13,True,0.0099204214290364,0.0,0.0099204214290364,26275.59581822004
2006-03-14,True,0.0494325175798418,0.0,0.0494325175798418,27574.46467042502
2006-03-15,True,0.0235511278849761,0.0,0.0235511278849761,28223.874414237955
2006-03-16,True,-0.0274828678902247,0.0,-0.0274828678902247,27448.20140236116
2006-03-17,True,0.0116095037661224,0.0,0.0116095037661224,27766.861399915157
2006-03-20,True,0.0057071246705272,0.0,0.0057071246705272,27925.33033963372
2006-03-21,True,-0.029527941186059,0.0,-0.029527941186059,27100.75282776375
2006-03-22,True,0.0067033779536222,0.0,0.0067033779536222,27282.419416795947
2006-03-23,True,-0.0102058025873868,0.0,-0.0102058025873868,27003.98043012184
2006-03-24,True,0.016103308693513,0.0,0.016103308693513,27438.833862941676
2006-03-27,True,0.0012639982577142,0.0,0.0012639982577142,27473.516501138143
2006-03-28,True,-0.0137673795918681,0.0,-0.0137673795918681,27095.27817074352
2006-03-29,True,0.0550465948039335,0.0,0.0550465948039335,28586.780969308304
2006-03-30,True,0.0083224496725417,0.0,0.0083224496725417,28824.693015225348
2006-03-31,True,-0.009014212314803,0.0,-0.009014212314803,28564.86111247709
2006-04-03,True,0.0052746119947509,0.0,0.0052746119947509,28715.52967152935
2006-04-04,True,0.0169882473377662,0.0,0.0169882473377662,29203.356192024257
2006-04-05,True,0.0280932167133407,0.0,0.0280932167133407,30023.77240628368
2006-04-06,True,0.0109823608484389,0.0,0.0109823608484389,30353.50430888089
2006-04-07,True,-0.0280945321820033,0.0,-0.0280945321820033,29500.73680523846
2006-04-10,True,-0.0074630738102796,0.0,-0.0074630738102796,29280.570629003334
2006-04-11,True,-0.0254404838559925,0.0,-0.0254404838559925,28535.658744621927
2006-04-12,True,0.0004131152874022,0.0,0.0004131152874022,28547.447261485424
2006-04-13,True,0.0126786653804118,0.0,0.0126786653804118,28909.39079277875
2006-04-17,True,-0.0313063204302592,0.0,-0.0313063204302592,28004.344141176436
2006-04-18,True,0.057023001584351,0.0,0.057023001584351,29601.235901507447
2006-04-19,True,0.0126534020648708,0.0,0.0126534020648708,29975.79224098631
2006-04-20,True,-0.0090965352442109,0.0,-0.0090965352442109,29703.116390393032
2006-04-21,True,-0.0347006368326337,0.0,-0.0347006368326337,28672.399335732553
2006-04-24,True,-0.004733754978487,0.0,-0.004733754978487,28536.67122263186
2006-04-25,True,-0.0089435937783585,0.0,-0.0089435937783585,28281.450827430068
2006-04-26,True,0.001080931486016,0.0,0.001080931486016,28312.02113809965
2006-04-27,True,0.0261249496219169,0.0,0.0261249496219169,29051.671264027154
2006-04-28,True,-0.0289102317540578,0.0,-0.0289102317540578,28211.780714941426
2006-05-01,True,-0.0250791665244622,0.0,-0.0250791665244622,27504.252768439797
2006-05-02,True,0.0056985770595924,0.0,0.0056985770595924,27660.987872307258
2006-05-03,True,-0.006651306139787,0.0,-0.006651306139787,27477.006173839603
2006-05-04,True,0.0259987471745117,0.0,0.0259987471745117,28191.37391046576
2006-05-05,True,0.0223844755650211,0.0,0.0223844755650211,28822.423030908954
2006-05-08,True,0.0022241022404589,0.0,0.0022241022404589,28886.527046547457
2006-05-09,True,-0.007310396062403,0.0,-0.007310396062403,28675.355092969876
2006-05-10,True,-0.0288741869007676,0.0,-0.0288741869007676,27847.37753056959
2006-05-11,True,-0.0663026999419195,0.0,-0.0663026999419195,26001.02121399088
2006-05-12,True,-0.0394303829347746,0.0,-0.0394303829347746,24975.790990828023
2006-05-15,True,-0.0020977197044689,0.0,-0.0020977197044689,24923.398781931865
2006-05-16,True,-0.0205591294244336,0.0,-0.0205591294244336,24410.99540067736
2006-05-17,True,-0.0459920382179064,0.0,-0.0459920382179064,23288.283967272266
2006-05-18,True,-0.0223477803107932,0.0,-0.0223477803107932,22767.8425133563
2006-05-19,True,0.0257833935289767,0.0,0.0257833935289767,23354.87475668393
2006-05-22,True,-0.0307350212735292,0.0,-0.0307350212735292,22637.062184196642
2006-05-23,True,-0.0296669456736828,0.0,-0.0296669456736828,21965.4896901663
2006-05-24,True,0.0211502565712474,0.0,0.0211502565712474,22430.065432826406
2006-05-25,True,0.0368138538229919,0.0,0.0368138538229919,23255.802582910623
2006-05-26,True,0.0123381802512697,0.0,0.0123381802512697,23542.736867066516
2006-05-30,True,-0.0657220585263993,0.0,-0.0657220585263993,21995.459736817553
2006-05-31,True,0.0156189068727068,0.0,0.0156189068727068,22339.00477406928
2006-06-01,True,0.070045229193759,0.0,0.070045229193759,23903.745483429437
2006-06-02,True,-0.0070174530846231,0.0,-0.0070174530846231,23736.002070952698
2006-06-05,True,-0.0660525072525511,0.0,-0.0660525072525511,22168.179622014526
2006-06-06,True,-0.0042213440382066,0.0,-0.0042213440382066,22074.600109129242
2006-06-07,True,-0.0195754101361043,0.0,-0.0195754101361043,21642.480758402544
2006-06-08,True,-0.007243061399378,0.0,-0.007243061399378,21485.72294143458
2006-06-09,True,-0.0205355261588667,0.0,-0.0205355261588667,21044.502315928585
2006-06-12,True,-0.059515884063084,0.0,-0.059515884063084,19792.020155928476
2006-06-13,True,-0.0070374994184722,0.0,-0.0070374994184722,19652.73382559074
2006-06-14,True,0.0263119933539161,0.0,0.0263119933539161,20169.836427395967
2006-06-15,True,0.0837380819081182,0.0,0.0837380819081182,21858.819842226596
2006-06-16,True,-0.0197379686015462,0.0,-0.0197379686015462,21427.37114251387
2006-06-19,True,-0.0268934722067354,0.0,-0.0268934722067354,20851.11473222927
2006-06-20,True,-0.0014116801422682,0.0,-0.0014116801422682,20821.67962761763
2006-06-21,True,0.0486939701492715,0.0,0.0486939701492715,21835.569873862532
2006-06-22,True,-0.0365680475763054,0.0,-0.0365680475763054,21037.085715859386
2006-06-23,True,-0.0068517633640881,0.0,-0.0068517633640881,20892.94458266428
2006-06-26,True,0.0096881038304095,0.0,0.0096881038304095,21095.357599104125
2006-06-27,True,-0.056449879469689,0.0,-0.056449879469689,19904.52720526471
2006-06-28,True,0.0218880306433225,0.0,0.0218880306433225,20340.19810667439
2006-06-29,True,0.0920531705548276,0.0,0.0920531705548276,22212.577832107065
2006-06-30,True,-0.0197594224860421,0.0,-0.0197594224860421,21773.67012221837
2006-07-03,True,0.0207707811660006,0.0,0.0207707811660006,22225.92625950765
2006-07-05,True,-0.0613016932523821,0.0,-0.0613016932523821,20863.439345697247
2006-07-06,True,-0.0048469333256855,0.0,-0.0048469333256855,20762.31564624417
2006-07-07,True,-0.0347091994892321,0.0,-0.0347091994892321,20041.672290620274
2006-07-10,True,-0.0252727074146585,0.0,-0.0252727074146585,19535.16497071896
2006-07-11,True,0.0237702846343765,0.0,0.0237702846343765,19999.52140245245
2006-07-12,True,-0.0620532415708016,0.0,-0.0620532415708016,18758.486269565652
2006-07-13,True,-0.0467701219242014,0.0,-0.0467701219242014,17881.14957962461
2006-07-14,True,-0.0326684306939321,0.0,-0.0326684306939321,17297.00048385481
2006-07-17,True,0.012769700329655,0.0,0.012769700329655,17517.877996635532
2006-07-18,True,0.0076261897679192,0.0,0.0076261897679192,17651.472658569135
2006-07-19,True,0.0369883458560312,0.0,0.0369883458560312,18304.371434132565
2006-07-20,True,-0.0479356291302529,0.0,-0.0479356291302529,17426.939873603595
2006-07-21,True,-0.0309150105524011,0.0,-0.0309150105524011,16888.18584351508
2006-07-24,True,0.062721612382288,0.0,0.062721612382288,17947.440089832075
2006-07-25,True,0.0143127083397966,0.0,0.0143127083397966,18204.316565283814
2006-07-26,True,-0.0035208619843957,0.0,-0.0035208619843957,18140.2216791372
2006-07-27,True,-0.0190696700794026,0.0,-0.0190696700794026,17794.293636548828
2006-07-28,True,0.0642464089215219,0.0,0.0642464089215219,18937.513101992183
2006-07-31,True,-0.0019455162951109,0.0,-0.0019455162951109,18900.66986166338
2006-08-01,True,-0.048892341723269,0.0,-0.048892341723269,17976.571851988243
2006-08-02,True,0.0311778954767412,0.0,0.0311778954767412,18537.043530219664
2006-08-03,True,0.020015760749557,0.0,0.020015760749557,18908.076558524663
2006-08-04,True,-0.0136421788089095,0.0,-0.0136421788089095,18650.12919718072
2006-08-07,True,-0.0195884517405373,0.0,-0.0195884517405373,18284.802041446957
2006-08-08,True,-0.0189506139546854,0.0,-0.0189506139546854,17938.293816721653
2006-08-09,True,0.0014808239641905,0.0,0.0014808239641905,17964.857272082147
2006-08-10,True,0.0212701387538884,0.0,0.0212701387538884,18346.972278953137
2006-08-11,True,-0.0193438191827875,0.0,-0.0193438191827875,17992.07176463745
2006-08-14,True,0.0150972016818602,0.0,0.0150972016818602,18263.701700742688
2006-08-15,True,0.0802871121321993,0.0,0.0802871121321993,19730.04156713925
2006-08-16,True,0.0694447486844795,0.0,0.0694447486844795,21100.189345303574
2006-08-17,True,0.0065277575315883,0.0,0.0065277575315883,21237.926265220318
2006-08-18,True,0.0052541632634389,0.0,0.0052541632634389,21349.51379719466
2006-08-21,True,-0.0294096778130525,0.0,-0.0294096778130525,20721.631474953847
2006-08-22,True,0.0042218406780821,0.0,0.0042218406780821,20809.11490163103
2006-08-23,True,-0.0252005965324121,0.0,-0.0252005965324121,20284.712792798422
2006-08-24,True,0.0090319565216824,0.0,0.0090319565216824,20467.923436797795
2006-08-25,True,0.0046241161182909,0.0,0.0046241161182909,20562.569491469832
2006-08-28,True,0.0240300651311885,0.0,0.0240300651311885,21056.68937561444
2006-08-29,True,0.0062028631123131,0.0,0.0062028631123131,21187.301137409875
2006-08-30,True,0.0156073662975495,0.0,0.0156073662975495,21517.97910711792
2006-08-31,True,-0.0044255188497029,0.0,-0.0044255188497029,21422.750884971858
2006-09-01,True,0.0182823205067533,0.0,0.0182823205067533,21814.408482787247
2006-09-05,True,0.0266253122564986,0.0,0.0266253122564986,22395.223920332268
2006-09-06,True,-0.0591205581844471,0.0,-0.0591205581844471,21071.20578149654
2006-09-07,True,-0.0142566678714142,0.0,-0.0142566678714142,20770.800599019523
2006-09-08,True,0.0187108225679999,0.0,0.0187108225679999,21159.439363623085
2006-09-11,True,0.0170682719320181,0.0,0.0170682719320181,21520.594428610453
2006-09-12,True,0.0603474531611142,0.0,0.0603474531611142,22819.307492890355
2006-09-13,True,0.0150888725424832,0.0,0.0150888725424832,23163.625115158313
2006-09-14,True,0.0034641572756446,0.0,0.0034641572756446,23243.867555631292
2006-09-15,True,0.0117065756904903,0.0,0.0117065756904903,23515.973650511023
2006-09-18,True,-0.0007075945908731,0.0,-0.0007075945908731,23499.333874756805
2006-09-19,True,-0.0206140587340943,0.0,-0.0206140587340943,23014.917226050475
2006-09-20,True,0.0447221097083628,0.0,0.0447221097083628,24044.192879162794
2006-09-21,True,-0.0193192294087911,0.0,-0.0193192294087911,23579.677600981024
2006-09-22,True,-0.0231488344738072,0.0,-0.0231488344738072,23033.835547250175
2006-09-25,True,0.0515666869626074,0.0,0.0515666869626074,24221.614134463405
2006-09-26,True,0.0158414477956889,0.0,0.0158414477956889,24605.319570301832
2006-09-27,True,-0.0065918449859761,0.0,-0.0065918449859761,24443.125117863998
2006-09-28,True,0.0105175773554923,0.0,0.0105175773554923,24700.207577101104
2006-09-29,True,-0.0136787373821773,0.0,-0.0136787373821773,24362.339924368673
2006-10-02,True,-0.038876173055254,0.0,-0.038876173055254,23415.22538143799
2006-10-03,True,0.0135329991246423,0.0,0.0135329991246423,23732.103606028293
2006-10-04,True,0.074501121182359,0.0,0.074501121182359,25500.171932693305
2006-10-05,True,0.0145820092776114,0.0,0.0145820092776114,25872.015676396524
2006-10-06,True,-0.0082916903319345,0.0,-0.0082916903319345,25657.49293414489
2006-10-09,True,0.0108273191640706,0.0,0.0108273191640706,25935.294799092768
2006-10-10,True,0.003706950827809,0.0,0.003706950827809,26031.435661617732
2006-10-11,True,-0.0037756248860409,0.0,-0.0037756248860409,25933.150725314357
2006-10-12,True,0.0481379832096774,0.0,0.0481379832096774,27181.520299503572
2006-10-13,True,0.0149192231158634,0.0,0.0149192231158634,27587.047465480235
2006-10-16,True,0.0004777743836065,0.0,0.0004777743836065,27600.227850078576
2006-10-17,True,-0.0314740849185462,0.0,-0.0314740849185462,26731.53593495398
2006-10-18,True,-0.0157644100869297,0.0,-0.0157644100869297,26310.129040221862
2006-10-19,True,0.0096958723762639,0.0,0.0096958723762639,26565.22869359889
2006-10-20,True,0.0054264603640058,0.0,0.0054264603640058,26709.38385416545
2006-10-23,True,0.0284733121283467,0.0,0.0284733121283467,27469.888477400928
2006-10-24,True,-0.0211637936858294,0.0,-0.0211637936858294,26888.52142509247
2006-10-25,True,0.022327226732306,0.0,0.022327226732306,27488.86753944698
2006-10-26,True,0.029855436040386,0.0,0.029855436040386,28309.55966609358
2006-10-27,True,-0.0457319174462431,0.0,-0.0457319174462431,27014.909220504298
2006-10-30,True,0.0175807051915729,0.0,0.0175807051915729,27489.850375287086
2006-10-31,True,0.008013434384683,0.0,0.008013434384683,27710.1384875142
2006-11-01,True,-0.0433149016283838,0.0,-0.0433149016283838,26509.87656481863
2006-11-02,True,0.0042108657608665,0.0,0.0042108657608665,26621.506096370227
2006-11-03,True,-0.0110757107981337,0.0,-0.0110757107981337,26326.653993836077
2006-11-06,True,0.0495723388163647,0.0,0.0495723388163647,27631.727805519717
2006-11-07,True,0.0158375380877163,0.0,0.0158375380877163,28069.346347069044
2006-11-08,True,0.0139425195190646,0.0,0.0139425195190646,28460.70375640044
2006-11-09,True,-0.0166936445146932,0.0,-0.0166936445146932,27985.590885253096
2006-11-10,True,0.0186948281928525,0.0,0.0186948281928525,28508.77669872836
2006-11-13,True,0.028718927293735,0.0,0.028718927293735,29327.518183972465
2006-11-14,True,0.0324130272465191,0.0,0.0324130272465191,30278.111829942347
2006-11-15,True,0.0108447233727998,0.0,0.0108447233727998,30606.46957698877
2006-11-16,True,0.0134131412418377,0.0,0.0134131412418377,31016.998476338926
2006-11-17,True,-0.0023812061710684,0.0,-0.0023812061710684,30943.140608159047
2006-11-20,True,0.0050147427191601,0.0,0.0050147427191601,31098.31249723176
2006-11-21,True,0.0082157571453128,0.0,0.0082157571453128,31353.808680338057
2006-11-22,True,0.017828742480024,0.0,0.017828742480024,31912.80766106775
2006-11-24,True,-0.0071886326387059,0.0,-0.0071886326387059,31683.39821032265
2006-11-27,True,-0.0669068242181575,0.0,-0.0669068242181575,29563.562655630703
2006-11-28,True,0.0085218412949084,0.0,0.0085218412949084,29815.49864469407
2006-11-29,True,0.0207303104704685,0.0,0.0207303104704685,30433.583188430413
2006-11-30,True,-0.0027584379513293,0.0,-0.0027584379513293,30349.63403756851
2006-12-01,True,-0.0272295181187489,0.0,-0.0272295181187489,29523.22812764514
2006-12-04,True,0.0417155283751965,0.0,0.0417155283751965,30754.805188331316
2006-12-05,True,0.0079867828995917,0.0,0.0079867828995917,31000.437140489754
2006-12-06,True,-0.0097210722979017,0.0,-0.0097210722979017,30699.079649780495
2006-12-07,True,-0.0363472477633952,0.0,-0.0363472477633952,29583.25259564172
2006-12-08,True,0.0145555845215614,0.0,0.0145555845215614,30013.854129220286
2006-12-11,True,0.0090766403051115,0.0,0.0090766403051115,30286.279087321305
2006-12-12,True,-0.0165696638094166,0.0,-0.0165696638094166,29784.445624806223
2006-12-13,True,0.0022631465959561,0.0,0.0022631465959561,29851.852191534443
2006-12-14,True,0.0333802222474135,0.0,0.0333802222474135,30848.313652184803
2006-12-15,True,0.008356637992105,0.0,0.008356637992105,31106.10184204302
2006-12-18,True,-0.0293571645544745,0.0,-0.0293571645544745,30192.914891617926
2006-12-19,True,-0.010044860760525,0.0,-0.010044860760525,29889.631265577238
2006-12-20,True,-0.0123122630371831,0.0,-0.0123122630371831,29521.62226335104
2006-12-21,True,-0.0198536335878245,0.0,-0.0198536335878245,28935.510792016306
2006-12-22,True,-0.030225708777898,0.0,-0.030225708777898,28060.9144694771
2006-12-26,True,0.0082620066717217,0.0,0.0082620066717217,28292.753932038526
2006-12-27,True,0.016655931745149,0.0,0.016655931745149,28763.996110412852
2006-12-28,True,-0.0078185099833194,0.0,-0.0078185099833194,28539.104519663426
2006-12-29,True,-0.0036937197094336,0.0,-0.0036937197094336,28433.68906680956
2007-01-03,True,0.0040020257308179,0.0,0.0040020257308179,28547.48142207701
2007-01-04,True,0.056975775237074,0.0,0.056975775237074,30173.99630716582
2007-01-05,True,-0.012949044662253,0.0,-0.012949044662253,29783.271881345674
2007-01-08,True,0.0028751921517352,0.0,0.0028751921517352,29868.90451091191
2007-01-09,True,0.0140351371825379,0.0,0.0140351371825379,30288.11868321468
2007-01-10,True,0.0340662344970897,0.0,0.0340662344970897,31319.920836752754
2007-01-11,True,0.0306882175329817,0.0,0.0306882175329817,32281.07338050679
2007-01-12,True,0.0160513609198046,0.0,0.0160513609198046,32799.228540216
2007-01-16,True,-0.0040720009003995,0.0,-0.0040720009003995,32665.67005206783
2007-01-17,True,-0.0242512824644112,0.0,-0.0242512824644112,31873.485660745875
2007-01-18,True,-0.0560265724623961,0.0,-0.0560265724623961,30087.723506744955
2007-01-19,True,0.0050162131169108,0.0,0.0050162131169108,30238.649940057472
2007-01-22,True,-0.0299211838657438,0.0,-0.0299211838657438,29333.87373534915
2007-01-23,True,-0.0096959619120052,0.0,-0.0096959619120052,29049.453612879635
2007-01-24,True,0.0492288755383174,0.0,0.0492288755383174,30479.525549244212
2007-01-25,True,-0.0416250180621612,0.0,-0.0416250180621612,29210.814747730816
2007-01-26,True,-0.008284905412873,0.0,-0.008284905412873,28968.80591051291
2007-01-29,True,0.0033514132565861,0.0,0.0033514132565861,29065.892350668873
2007-01-30,True,0.0043109842746138,0.0,0.0043109842746138,29191.194955520226
2007-01-31,True,0.0242846603723017,0.0,0.0242846603723017,29900.093210876683
2007-02-01,True,-0.0016079025346943,0.0,-0.0016079025346943,29852.016775215317
2007-02-02,True,0.0109677169186143,0.0,0.0109677169186143,30179.425244655602
2007-02-05,True,-0.0047906044041973,0.0,-0.0047906044041973,30034.84755716241
2007-02-06,True,-0.0041120734499143,0.0,-0.0041120734499143,29911.34205795038
2007-02-07,True,0.0297126858736606,0.0,0.0297126858736606,30800.08836857787
2007-02-08,True,-0.0008986232501261,0.0,-0.0008986232501261,30772.41069306393
2007-02-09,True,-0.0416598952946633,0.0,-0.0416598952946633,29490.435285626507
2007-02-12,True,-0.0121663002423392,0.0,-0.0121663002423392,29131.645795664303
2007-02-13,True,0.0088891145746022,0.0,0.0088891145746022,29390.600332888687
2007-02-14,True,0.0521848823318739,0.0,0.0521848823318739,30924.345352923618
2007-02-15,True,0.0137141970069315,0.0,0.0137141970069315,31348.447917403995
2007-02-16,True,-0.0033789185411889,0.0,-0.0033789185411889,31242.524065498383
2007-02-20,True,0.01990567723104,0.0,0.01990567723104,31864.427665429193
2007-02-21,True,0.0086470489533113,0.0,0.0086470489533113,32139.960931321406
2007-02-22,True,0.0115402772616562,0.0,0.0115402772616562,32510.86499164765
2007-02-23,True,-0.0108953787324838,0.0,-0.0108953787324838,32156.646804643
2007-02-26,True,-0.0151900045626785,0.0,-0.0151900045626785,31668.187192960035
2007-02-27,True,-0.1220155543986409,0.0,-0.1220155543986409,27804.175775811076
2007-02-28,True,0.0088848801795976,0.0,0.0088848801795976,28051.212546071623
2007-03-01,True,-0.0140986744121229,0.0,-0.0140986744121229,27655.727633519306
2007-03-02,True,-0.0471312133284352,0.0,-0.0471312133284352,26352.27963467081
2007-03-05,True,-0.0229691773011097,0.0,-0.0229691773011097,25746.98945145363
2007-03-06,True,0.0526026841250594,0.0,0.0526026841250594,27101.35020473968
2007-03-07,True,-0.0122656192262508,0.0,-0.0122656192262508,26768.93536261107
2007-03-08,True,0.0176330969275631,0.0,0.0176330969275631,27240.954594507664
2007-03-09,True,-0.0031205666266778,0.0,-0.0031205666266778,27155.947380721198
2007-03-12,True,0.0198662839247639,0.0,0.0198662839247639,27695.435141632555
2007-03-13,True,-0.0581873264412242,0.0,-0.0581873264412242,26083.91181611463
2007-03-14,True,0.0357845522085533,0.0,0.0357845522085533,27017.312920301683
2007-03-15,True,0.0027445275886019,0.0,0.0027445275886019,27091.462680981345
2007-03-16,True,-0.004754263123837,0.0,-0.004754263123837,26962.66273898635
2007-03-19,True,0.0273349549818939,0.0,0.0273349549818939,27699.685911148532
2007-03-20,True,0.0151745686801536,0.0,0.0151745686801536,28120.016697425937
2007-03-21,True,0.0661586886416445,0.0,0.0661586886416445,29980.400126708788
2007-03-22,True,-0.0111772332017122,0.0,-0.0111772332017122,29645.302203011925
2007-03-23,True,-0.0097345911496406,0.0,-0.0097345911496406,29356.717306558065
2007-03-26,True,0.0146832433127272,0.0,0.0146832433127272,29787.76912963321
2007-03-27,True,-0.0218809919222369,0.0,-0.0218809919222369,29135.983193926248
2007-03-28,True,-0.0327144439103688,0.0,-0.0327144439103688,28182.815705955098
2007-03-29,True,0.0017836938610706,0.0,0.0017836938610706,28233.085221317495
2007-03-30,True,0.0008684996777139,0.0,0.0008684996777139,28257.605646733078
2007-04-02,True,0.0014266112222989,0.0,0.0014266112222989,28297.918264064007
2007-04-03,True,0.0386606070734855,0.0,0.0386606070734855,29391.93296306859
2007-04-04,True,0.0088521709519288,0.0,0.0088521709519288,29652.115378265305
2007-04-05,True,0.0184333406210206,0.0,0.0184333406210206,30198.70292116667
2007-04-09,True,-0.0080746540112599,0.0,-0.0080746540112599,29954.858843489426
2007-04-10,True,0.0142860199602812,0.0,0.0142860199602812,30382.794554834923
2007-04-11,True,-0.031322779483563,0.0,-0.031322779483563,29431.120980899428
2007-04-12,True,0.0254791166337036,0.0,0.0254791166337036,30180.999945032407
2007-04-13,True,0.0053438261888667,0.0,0.0053438261888667,30342.28196294486
2007-04-16,True,0.0280380404677694,0.0,0.0280380404677694,31193.020092506376
2007-04-17,True,0.0013400036503428,0.0,0.0013400036503428,31234.81885329555
2007-04-18,True,-0.0043338929398404,0.0,-0.0043338929398404,31099.450492390057
2007-04-19,True,-8.250100791716761e-05,0.0,-8.250100791716761e-05,31096.884756378768
2007-04-20,True,0.0217570127877212,0.0,0.0217570127877212,31773.460075681593
2007-04-23,True,0.0067592667935595,0.0,0.0067592667935595,31988.225369287633
2007-04-24,True,0.0138773824186261,0.0,0.0138773824186261,32432.138205630432
2007-04-25,True,0.0360350844040655,0.0,0.0360350844040655,33600.83304327464
2007-04-26,True,0.0129273071342232,0.0,0.0129273071342232,34035.201331990815
2007-04-27,True,0.0021538402265297,0.0,0.0021538402265297,34108.507717737695
2007-04-30,True,-0.0371898580075816,0.0,-0.0371898580075816,32840.017158864524
2007-05-01,True,0.0089132195069871,0.0,0.0089132195069871,33132.72744041471
2007-05-02,True,0.0258912320294925,0.0,0.0258912320294925,33990.57457434442
2007-05-03,True,0.0091722036327927,0.0,0.0091722036327927,34302.34304593594
2007-05-04,True,-0.0001152891530492,0.0,-0.0001152891530492,34298.388357858574
2007-05-07,True,0.0002016919968323,0.0,0.0002016919968323,34305.3060682946
2007-05-08,True,0.0059133958764191,0.0,0.0059133958764191,34508.16692373814
2007-05-09,True,0.0089809856113351,0.0,0.0089809856113351,34818.084274353794
2007-05-10,True,-0.0481455704061908,0.0,-0.0481455704061908,33141.74774651421
2007-05-11,True,0.0375310599314644,0.0,0.0375310599314644,34385.59266742211
2007-05-14,True,-0.0171297644647884,0.0,-0.0171297644647884,33796.57556404701
2007-05-15,True,-0.0260909120899494,0.0,-0.0260909120899494,32914.79208206412
2007-05-16,True,0.031497418355583,0.0,0.031497418355583,33951.523058359926
2007-05-17,True,-0.0111341419178993,0.0,-0.0111341419178993,33573.50198229931
2007-05-18,True,0.019291362201715,0.0,0.019291362201715,34221.18056941984
2007-05-21,True,0.0222953339992468,0.0,0.0222953339992468,34984.1532200636
2007-05-22,True,0.008092496091259,0.0,0.008092496091259,35267.262343252965
2007-05-23,True,-0.0190577243918304,0.0,-0.0190577243918304,34595.148577460874
2007-05-24,True,-0.0471700231038237,0.0,-0.0471700231038237,32963.29461978183
2007-05-25,True,0.0232356224559022,0.0,0.0232356224559022,33729.217288469765
2007-05-29,True,0.0165267189122845,0.0,0.0165267189122845,34286.65058172766
2007-05-30,True,0.0286736767808842,0.0,0.0286736767808842,35269.77491840724
2007-05-31,True,0.0156086834677958,0.0,0.0156086834677958,35820.289671089056
2007-06-01,True,-9.713962078986842e-05,0.0,-9.713962078986842e-05,35816.81010173383
2007-06-04,True,0.0083033361912455,0.0,0.0083033361912455,36114.20911730652
2007-06-05,True,-0.0023485538827918,0.0,-0.0023485538827918,36029.392951260124
2007-06-06,True,-0.0273755103355903,0.0,-0.0273755103355903,35043.069932137856
2007-06-07,True,-0.0514062453066082,0.0,-0.0514062453066082,33241.63728290975
2007-06-08,True,0.0381916823515837,0.0,0.0381916823515837,34511.1913348652
2007-06-11,True,-0.0069712360950798,0.0,-0.0069712360950798,34270.60567214738
2007-06-12,True,-0.0180114341380945,0.0,-0.0180114341380945,33653.342915210895
2007-06-13,True,0.0366108241380254,0.0,0.0366108241380254,34885.419534336346
2007-06-14,True,0.0165242608305763,0.0,0.0165242608305763,35461.8753059058
2007-06-15,True,0.027658179064688,0.0,0.027658179064688,36442.686203086174
2007-06-18,True,0.0028267497929061,0.0,0.0028267497929061,36545.700558763696
2007-06-19,True,-0.0042435149763874,0.0,-0.0042435149763874,36390.618331120015
2007-06-20,True,-0.0305326637612639,0.0,-0.0305326637612639,35279.515817551444
2007-06-21,True,0.029763941100332,0.0,0.029763941100332,36329.57324839327
2007-06-22,True,-0.0301526847478605,0.0,-0.0301526847478605,35234.13907921017
2007-06-25,True,-0.0143178569130304,0.0,-0.0143178569130304,34729.66171742022
2007-06-26,True,-0.0068882146280829,0.0,-0.0068882146280829,34490.436353549914
2007-06-27,True,0.0381779887773778,0.0,0.0381779887773778,35807.21184558261
2007-06-28,True,-0.0023630181578088,0.0,-0.0023630181578088,35722.598753811
2007-06-29,True,0.0035665865090687,0.0,0.0035665865090687,35850.00649259521
2007-07-02,True,0.0308412780101941,0.0,0.0308412780101941,36955.6665095006
2007-07-03,True,0.0167981911762302,0.0,0.0167981911762302,37576.45486057221
2007-07-05,True,0.0239994850766616,0.0,0.0239994850766616,38478.270428232354
2007-07-06,True,0.0107670148122012,0.0,0.0107670148122012,38892.566535881015
2007-07-09,True,0.0011300062020537,0.0,0.0011300062020537,38936.515377280346
2007-07-10,True,-0.0263178328762275,0.0,-0.0263178328762275,37911.790672798415
2007-07-11,True,0.0183336142422598,0.0,0.0183336142422598,38606.85081822681
2007-07-12,True,0.0556571543469772,0.0,0.0556571543469772,40755.59827306758
2007-07-13,True,0.0163086051320839,0.0,0.0163086051320839,41420.26523222488
2007-07-16,True,-0.0063247880954387,0.0,-0.0063247880954387,41158.2908317742
2007-07-17,True,0.0201425249241619,0.0,0.0201425249241619,41987.322730689106
2007-07-18,True,-0.0057957533727866,0.0,-0.0057957533727866,41743.97456335843
2007-07-19,True,0.0218823796985484,0.0,0.0218823796985484,42657.43206488039
2007-07-20,True,-0.0252152165895201,0.0,-0.0252152165895201,41581.81567621169
2007-07-23,True,0.0004485390492719,0.0,0.0004485390492719,41600.466744282094
2007-07-24,True,-0.0529268352137002,0.0,-0.0529268352137002,39398.685696094464
2007-07-25,True,0.0156671756393308,0.0,0.0156671756393308,40015.95182485395
2007-07-26,True,-0.0368170303504355,0.0,-0.0368170303504355,38542.68331201674
2007-07-27,True,-0.0461310652996168,0.0,-0.0461310652996168,36764.66827132765
2007-07-30,True,0.0269938011235957,0.0,0.0269938011235957,37757.08641501884
2007-07-31,True,-0.0638467844079074,0.0,-0.0638467844079074,35346.4178588084
2007-08-01,True,0.0200068226469895,0.0,0.0200068226469895,36053.58737211597
2007-08-02,True,0.032981686752798,0.0,0.032981686752798,37242.69549713774
2007-08-03,True,-0.0734920455642719,0.0,-0.0734920455642719,34505.65362272579
2007-08-06,True,0.0557856018537056,0.0,0.0557856018537056,36430.572277425046
2007-08-07,True,0.0109480431688276,0.0,0.0109480431688276,36829.41575538339
2007-08-08,True,0.0390918171158163,0.0,0.0390918171158163,38269.144540575195
2007-08-09,True,-0.076560132792859,0.0,-0.076560132792859,35339.253752679644
2007-08-10,True,-0.0181973072827119,0.0,-0.0181973072827119,34696.174493000406
2007-08-13,True,0.0142413888486588,0.0,0.0142413888486588,35190.29620551614
2007-08-14,True,-0.0515188278826809,0.0,-0.0515188278826809,33377.33339216359
2007-08-15,True,-0.0576187643070743,0.0,-0.0576187643070743,31454.17268624188
2007-08-16,True,-0.0304608792842652,0.0,-0.0304608792842652,30496.050929059835
2007-08-17,False,0.005174023033898472,0.0005008698289791765,0.004673153204919296,30638.56364719635
2007-08-20,False,0.004869976284178293,8.757391238725931e-07,0.00486910054505442,30787.745894150605
2007-08-21,False,-0.0013394058405880912,7.79476395138215e-07,-0.0013401853169832294,30746.484609160252
2007-08-22,False,0.004716480585955823,1.2389114473173452e-06,0.004715241674508506,30891.461714733996
2007-08-23,False,0.0018612851900835139,1.0012555129284007e-06,0.0018602839345705855,30948.928604677316
2007-08-24,False,0.00807911006954905,1.6402647448339886e-06,0.008077469804804215,31198.917640972642
2007-08-27,False,0.0010630036077631127,5.043608039229791e-07,0.0010624992469591898,31232.06646747212
2007-08-28,False,-0.0018984240181947204,1.2397101838760167e-06,-0.0018996637283785964,31172.736043641555
2007-08-29,False,0.00551187282024124,1.2173724473908133e-06,0.005510655447793849,31344.51825134309
2007-08-30,False,0.0005980630317773995,7.802978471658784e-07,0.0005972827339302336,31363.239790897976
2007-08-31,False,0.005480437749027243,9.0532402587995e-07,0.005479532425001364,31535.0956802853
2007-09-04,False,0.006424821561306516,1.2264027880548034e-06,0.006423595158518461,31737.664368220598
2007-09-05,False,0.0036091223039560333,3.136941135847005e-07,0.0036088086098424485,31852.199524648924
2007-09-06,False,0.007043536561737847,2.018890607866544e-06,0.00704151767112998,32076.4873504661
2007-09-07,False,0.006368458330839201,5.263907575347588e-07,0.0063679319400816664,32280.74823879076
2007-09-10,False,0.0030052535154292573,1.9842701342151494e-07,0.003005055088415836,32377.7536655436
2007-09-11,False,0.006671700511594925,1.553606557920667e-06,0.006670146905037005,32593.718038947878
2007-09-12,False,-0.0010680408050033022,1.2434843050590506e-07,-0.001068165153433808,32558.902565117827
2007-09-13,False,-0.0020947774380921796,9.594727882980824e-07,-0.0020957369108804778,32490.667671234347
2007-09-14,False,-0.001570920162569504,4.6223944750643787e-07,-0.0015713824020170105,32439.61240782598
2007-09-17,False,0.0046471120548663,1.5519440456676637e-06,0.004645560110820632,32590.31257723826
2007-09-18,False,0.007582506213468618,1.1034602637912671e-06,0.007581402753204827,32837.392862739136
2007-09-19,False,-0.0013754520764200715,3.9891396058008843e-07,-0.0013758509903806517,32792.21350324742
2007-09-20,True,-0.0130289851822247,0.0005,-0.013528985182224701,32348.568132669632
2007-09-21,True,0.0247309159637216,0.0,0.0247309159637216,33148.577852705406
2007-09-24,True,0.0112019223897165,0.0,0.0112019223897165,33519.905649140885
2007-09-25,True,0.028382882726943,0.0,0.028382882726943,34471.29720019865
2007-09-26,True,0.016516062261491,0.0,0.016516062261491,35040.62729099149
2007-09-27,True,0.0113395301699122,0.0,0.0113395301699122,35437.97154133034
2007-09-28,True,-0.0077265370581932,0.0,-0.0077265370581932,35164.15874094905
2007-10-01,True,0.0369250927108059,0.0,0.0369250927108059,36462.598562556086
2007-10-02,True,-0.0017066725752697,0.0,-0.0017066725752697,36400.36884556631
2007-10-03,True,-0.0184377261874282,0.0,-0.0184377261874282,35729.22881167036
2007-10-04,True,0.0034616403151984,0.0,0.0034616403151984,35852.91055055578
2007-10-05,True,0.0626701695653453,0.0,0.0626701695653453,38099.81853417028
2007-10-08,True,0.0187883027218358,0.0,0.0187883027218358,38815.64945843728
2007-10-09,True,0.0108452622015966,0.0,0.0108452622015966,39236.615354339294
2007-10-10,True,0.0077928430762966,0.0,0.0077928430762966,39542.380140640664
2007-10-11,True,-0.0498746465555549,0.0,-0.0498746465555549,37570.217907160826
2007-10-12,True,0.0517602844581072,0.0,0.0517602844581072,39514.863073188535
2007-10-15,True,-0.0264558285467651,0.0,-0.0264558285467651,38469.464630675364
2007-10-16,True,-0.0109975858903352,0.0,-0.0109975858903352,38046.3933892443
2007-10-17,True,0.0388711795142996,0.0,0.0388711795142996,39525.301576549275
2007-10-18,True,0.0113680132180348,0.0,0.0113680132180348,39974.6257273183
2007-10-19,True,-0.0775750877857153,0.0,-0.0775750877857153,36873.59062732047
2007-10-22,True,0.0369443202222294,0.0,0.0369443202222294,38235.860367199595
2007-10-23,True,0.0661931970825733,0.0,0.0661931970825733,40766.81420810739
2007-10-24,True,-0.0227414597753566,0.0,-0.0227414597753566,39839.71734262428
2007-10-25,True,-0.0372815218080635,0.0,-0.0372815218080635,38354.43205168815
2007-10-26,True,0.0457222787341858,0.0,0.0457222787341858,40108.08408464683
2007-10-29,True,0.0118924795536523,0.0,0.0118924795536523,40585.068654559655
2007-10-30,True,0.0055289483602763,0.0,0.0055289483602763,40809.461403348985
2007-10-31,True,0.0424542901386148,0.0,0.0424542901386148,42541.99811816737
2007-11-01,True,-0.0563255532681531,0.0,-0.0563255532681531,40145.796537028866
2007-11-02,True,0.0227626538896788,0.0,0.0227626538896788,41059.62140872672
2007-11-05,True,-0.0182984100588255,0.0,-0.0182984100588255,40308.295619329714
2007-11-06,True,0.0318559945389186,0.0,0.0318559945389186,41592.3564644522
2007-11-07,True,-0.0737302270116949,0.0,-0.0737302270116949,38525.7425803768
2007-11-08,True,-0.0876481079136528,0.0,-0.0876481079136528,35149.03413723833
2007-11-09,True,-0.1025077684947486,0.0,-0.1025077684947486,31545.985083084284
2007-11-12,True,-0.0770423967244072,0.0,-0.0770423967244072,29115.606785251075
2007-11-13,True,0.1268536203797788,0.0,0.1268536203797788,32809.02691551422
2007-11-14,False,0.007844297442419601,0.000501445763745438,0.007342851678674163,33049.93873387647
2007-11-15,False,-0.009039307699738224,3.361070683240555e-06,-0.009042668770421465,32751.079085023306
2007-11-16,False,0.0011290527216618392,6.54419006163004e-07,0.0011283983026556762,32788.03534707299
2007-11-19,False,0.0006815451937239019,1.2060210754497454e-06,0.0006803391726484521,32810.34233191379
2007-11-20,False,0.015393308348562493,2.3807652844072827e-06,0.015390927583278086,33315.32393472683
2007-11-21,False,0.0010972472706277613,4.131175506841278e-07,0.0010968341530770771,33351.86531983927
2007-11-23,False,0.009945172106487701,2.288959934997503e-06,0.009942883146552704,33683.479019433995
2007-11-26,False,0.004547014792478304,7.165099203724074e-07,0.004546298282557932,33836.614162250626
2007-11-27,False,-0.010050912026505722,8.044823311212368e-07,-0.010051716508836843,33496.49810907279
2007-11-28,False,-0.005513509015367843,3.317785882726021e-07,-0.005513840793956116,33311.803751344305
2007-11-29,False,-0.003699833746651287,2.093130581047917e-06,-0.003701926877232335,33188.48588970812
2007-11-30,False,-0.007735335882772143,1.7456675936918937e-06,-0.007737081550365835,32931.70386784628
2007-12-03,False,0.009245578072658309,6.514380527268826e-07,0.009244926634605582,33236.155054057075
2007-12-04,False,0.006445147320049939,1.3020252031070017e-06,0.006443845294846832,33450.32369542096
2007-12-05,False,-0.007571603243900775,1.1242759266940905e-06,-0.007572727519827469,33197.0135086255
2007-12-06,False,0.0015094582111165502,1.3149781288135654e-06,0.0015081432329877367,33247.07935990394
2007-12-07,False,-0.007798528945078592,3.196466170900941e-07,-0.007798848591695682,32987.790421859965
2007-12-10,False,0.005667848977043284,2.012572313498828e-06,0.005665836404729785,33174.693845743735
2007-12-11,False,-7.136753289229437e-05,2.404951342689879e-06,-7.377248423498425e-05,33172.246466165
2007-12-12,False,0.0071175448192831005,2.285555492387334e-06,0.007115259263790713,33408.275600134126
2007-12-13,False,-0.012010736502437669,2.144558689082407e-06,-0.01201288106112675,33006.94595889237
2007-12-14,False,-0.005171421584309,1.1791945145799703e-06,-0.005172600778823581,32836.214204518816
2007-12-17,False,-9.387619134434515e-05,8.122435278325735e-07,-9.468843487217772e-05,32833.104994788664
2007-12-18,False,0.005383779353910204,1.4839008152183198e-06,0.005382295453094986,33009.8224665131
2007-12-19,False,0.0018364115362121767,3.3664652240725235e-07,0.0018360748896897694,33070.43097265698
2007-12-20,False,-0.0020754681237448273,8.547514957386038e-07,-0.002076322875240566,33001.76608033439
2007-12-21,False,0.0030386738961591386,2.515444100281372e-06,0.003036158452058857,33101.96467135206
2007-12-24,False,-0.00019711261030882997,4.1235001942369067e-07,-0.00019752496032825366,33095.426207093566
2007-12-26,False,0.008356308597769818,1.971395394903014e-06,0.008354337202374915,33371.91655748394
2007-12-27,False,0.003726765376763181,5.373436116664631e-07,0.0037262280331515144,33496.26792848043
2007-12-28,False,0.008592562250064757,1.49766154947302e-06,0.008591064588515284,33784.03652972822
2007-12-31,False,7.916291117399978e-05,1.1889660361845134e-06,7.797394513781527e-05,33786.67080433912
2008-01-02,False,0.020474356548012867,2.044200697341639e-06,0.020472312347315526,34478.36208222148
2008-01-03,False,0.0033597432770797065,8.317002894218939e-07,0.003358911576790285,34594.17185176822
2008-01-04,False,-0.0007075248272917188,8.500961157236059e-07,-0.0007083749234074424,34569.66620793237
2008-01-07,False,-0.005814859169321805,1.3872568416120195e-06,-0.005816246426163417,34368.60051039683
2008-01-08,False,0.00992708157692397,2.2747786127827878e-06,0.009924806798311186,34709.702230390845
2008-01-09,False,-0.0014465130469091877,6.788661524417261e-07,-0.0014471919130616294,34659.47063001825
2008-01-10,False,0.005015546286359492,2.42554179873683e-06,0.005013120744560755,34833.22274122909
2008-01-11,False,0.005140043005950155,3.598100598267984e-07,0.005139683195890328,35012.25447081089
2008-01-14,False,0.007479216770634178,1.237282226460884e-06,0.007477979488407717,35274.07539158652
2008-01-15,False,-0.003976053726922953,2.231318393076012e-06,-0.0039782850453160285,35133.74506496882
2008-01-16,False,-0.00798025588834385,1.3407421132009267e-06,-0.007981596630457052,34853.32168374293
2008-01-17,False,0.0016365974249812978,6.561540370087077e-07,0.001635941270944289,34910.33967111486
2008-01-18,False,0.003884085500174598,1.1209347738070642e-06,0.003882964565400791,35045.89528302391
2008-01-22,False,0.004677847980318545,1.5872165722164156e-06,0.004676260763746328,35209.779028066274
2008-01-23,False,-0.0034182347505748363,1.842573765384048e-07,-0.0034184190079513746,35089.41725017096
2008-01-24,False,0.006877996727645994,2.9860522338218675e-06,0.0068750106754121715,35330.657368359876
2008-01-25,False,0.0035520359743976744,3.4510152457030433e-07,0.0035516908728731042,35456.14094166768
2008-01-28,False,0.009885850495527685,1.6315128570681126e-06,0.009884218982670617,35806.59720301556
2008-01-29,False,-0.005685270605371766,3.7696845018371505e-07,-0.005685647573821949,35603.01351050142
2008-01-30,False,0.005094499972504117,8.447795991062824e-07,0.00509365519290501,35784.36298515226
2008-01-31,False,-7.298857064344522e-05,1.1827873264157878e-06,-7.417135796986101e-05,35781.70881035556
2008-02-01,False,-0.005625759799724507,2.816370430403295e-06,-0.005628576170154911,35580.30873681817
2008-02-04,False,-0.0008743251496515142,6.045827935500375e-07,-0.0008749297324450642,35549.17846681476
2008-02-05,False,-0.005811689225279924,1.6974382783488257e-06,-0.005813386663558273,35342.51734681533
2008-02-06,False,0.004552845920464426,1.6477654434929184e-06,0.004551198155020933,35503.36814655795
2008-02-07,False,-0.00026257699381953035,1.7305607954775648e-06,-0.0002643075546150079,35493.98433814254
2008-02-08,False,0.00571640756253058,1.1737436138793828e-06,0.005715233818916701,35696.8407578
2008-02-11,False,0.007917462449838288,1.7350193081383665e-06,0.00791572743053015,35979.40721936978
2008-02-12,False,-0.013265340628499198,1.6616976085087332e-06,-0.013267002326107707,35502.068340098434
2008-02-13,False,0.0006271320127497628,1.044564941135584e-07,0.0006270275562556492,35524.32911525175
2008-02-14,False,0.003116793596335722,1.2483103415984327e-06,0.0031155452859941237,35635.00677136487
2008-02-15,False,0.00016026547675119466,1.0669247993507491e-06,0.00015919855195184392,35640.67981284167
2008-02-19,False,0.009942655884984513,2.8573863849807173e-06,0.009939798498599531,35994.94098853442
2008-02-20,False,0.004053734624741836,2.3359390773087657e-06,0.004051398685664527,36140.77084514595
2008-02-21,False,0.004653741111717746,7.542346689324714e-07,0.004652986877048813,36308.933377614834
2008-02-22,False,0.0009737779790828723,1.6213844300179413e-07,0.0009736158406398705,36344.28433030802
2008-02-25,False,-0.0033897770161971496,1.185648587029131e-06,-0.0033909626647841786,36221.042219065646
2008-02-26,False,0.010879469179391912,1.4328333373022916e-06,0.01087803634605461,36615.05603281662
2008-02-27,False,0.00676204618358215,9.757535078220303e-07,0.006761070430074328,36862.613005455605
2008-02-28,False,0.0116661449702313,7.799191796709071e-07,0.011665365051051629,37292.62884289989
2008-02-29,False,0.0068610628884087825,1.1078535218923408e-06,0.00685995503488689,37548.45459989491
2008-03-03,False,0.00788032562289599,1.3031186048842596e-06,0.007879022504291107,37844.29971868883
2008-03-04,False,-0.01390422224792187,1.6303738330932517e-06,-0.013905852621754963,37318.04246422723
2008-03-05,False,0.012525090928899548,2.3433339139024846e-06,0.012522747594985647,37785.366890745696
2008-03-06,False,-0.002632638034088806,1.6463382664483467e-06,-0.0026342843723552545,37685.829489241696
2008-03-07,False,-0.0013995654488603657,9.462596380970661e-07,-0.0014005117084984627,37633.05004379754
2008-03-10,False,0.004004069694315292,1.0447373535463905e-06,0.004003024956961745,37783.69608232946
2008-03-11,False,-0.0035228017669055238,1.1101186562977317e-06,-0.0035239118855618216,37650.54966662448
2008-03-12,False,0.011238288287953471,4.024293351240771e-07,0.011237885858618346,38073.662246292246
2008-03-13,False,0.006231149279390055,1.7337911850483363e-06,0.006229415488205007,38310.83890758198
2008-03-14,False,0.00490721214040225,4.564168371974653e-07,0.004906755723565052,38498.820835666345
2008-03-17,False,-0.0033106059273841776,2.451347791966124e-06,-0.003313057275176144,38371.272037211034
2008-03-18,False,-0.00886124224728032,3.0372815111635448e-06,-0.008864279528791484,38031.13835599789
2008-03-19,False,-0.020911686460802926,4.279753508645137e-06,-0.02091596621431157,37235.68035105203
2008-03-20,False,-0.01776630566626319,3.157565499827278e-06,-0.017769463231763018,36574.02229814434
2008-03-24,False,-0.004005074577112191,1.583561565765612e-06,-0.004006658138677957,36427.48269403928
2008-03-25,False,0.01524022554574643,2.290035716678157e-06,0.015237935510029752,36982.562326123785
2008-03-26,False,0.01001309665127098,1.5119736774802662e-06,0.0100115846775935,37352.81638044615
2008-03-27,False,-0.0012418692593467512,4.742338129518353e-07,-0.0012423434931597029,37306.411352064715
2008-03-28,False,-0.007280081049262959,1.6512689946345943e-06,-0.007281732318257594,37034.756050844175
2008-03-31,False,-0.006874774937338744,2.28395335729914e-06,-0.006877058890696043,36780.06585247996
2008-04-01,False,-0.024327833498273024,2.7092319326613295e-06,-0.024330542730205684,35885.18688863642
2008-04-02,False,0.014984516581991491,2.8812785672273357e-06,0.014981635303424263,36422.80567139719
2008-04-03,False,0.00030162989799895176,2.2971121057911715e-07,0.00030140018678837265,36433.78351182991
2008-04-04,False,0.009423216241323381,5.889144911813831e-07,0.0094226273268322,36777.08547596838
2008-04-07,False,0.0010277017363680516,1.526128893371656e-06,0.00102617560747468,36814.82522399783
2008-04-08,False,-0.0037289264317623,8.808273881572293e-07,-0.003729807259150457,36677.51302163301
2008-04-09,False,0.017138111234361375,1.967261199124076e-06,0.01713614397316225,37306.02416534924
2008-04-10,False,-0.004653317885272599,1.642880872348984e-07,-0.004653482173359834,37132.42124693686
2008-04-11,False,-8.258299162072422e-05,8.398771532547867e-07,-8.3422868773979e-05,37129.32355383191
2008-04-14,False,-0.00015120807098169712,5.802890895574703e-07,-0.00015178836007125458,37123.68775469912
2008-04-15,False,0.001965795446187544,8.94092654421863e-07,0.0019649013535331223,37196.63213901648
2008-04-16,False,0.005705257197342727,2.221380144693072e-06,0.0057030358171980345,37408.76586438443
2008-04-17,False,-0.00781295750062667,9.116296066015856e-07,-0.007813869130233271,37116.4586635966
2008-04-18,False,-0.010919349425884716,1.691802175428983e-06,-0.010921041228060145,36711.10828829187
2008-04-21,False,-0.0010637647769512273,5.037440813517175e-07,-0.001064268521032579,36672.03781136842
2008-04-22,False,0.0032256713736624767,1.178586372067844e-06,0.003224492787290409,36790.28653278642
2008-04-23,False,-0.0069755465290598714,1.0255920679476949e-06,-0.006976572121127819,36533.61644543347
2008-04-24,False,-0.01771923665462385,1.978053757134654e-06,-0.017721214708380985,35886.19638433031
2008-04-25,False,-0.0023764910460434886,4.927880342334434e-07,-0.002376983834077722,35800.895475658224
2008-04-28,False,0.004684081559441162,3.4248807508249767e-07,0.00468373907136608,35968.57752858746
2008-04-29,False,-0.011336405255143761,1.9110654887063844e-06,-0.011338316320632468,35560.754418965145
2008-04-30,False,0.00681222749947108,4.936748909108585e-07,0.006811733824580168,35802.9848126684
2008-05-01,False,-0.01650941763903657,2.797758977926043e-06,-0.016512215398014493,35211.798215549774
2008-05-02,False,0.0020356153027327353,1.2047912750400847e-06,0.002034410511457695,35283.43346796682
2008-05-05,False,0.011987743374747117,1.830643791688999e-06,0.011985912730955428,35706.337622362335
2008-05-06,False,0.003156401457339038,8.141219254618748e-07,0.003155587335413576,35819.01208915747
2008-05-07,False,-0.0021077625125240744,1.209602765982268e-06,-0.0021089721152900568,35743.4707914642
2008-05-08,False,0.009081779449586394,1.2328797391883833e-06,0.009080546569847206,36068.041042554054
2008-05-09,False,0.007679947447424162,1.9119914317138053e-06,0.007678035455992448,36344.97274050697
2008-05-12,False,-0.004481982703649671,6.051825969074221e-07,-0.004482587886246578,36182.05320597442
2008-05-13,False,-0.010279555978566933,1.3662689142099478e-06,-0.010280922247481143,35810.06833020957
2008-05-14,False,-0.004669900242878101,1.0448961871451086e-06,-0.0046709451390652456,35642.80146561298
2008-05-15,False,0.009383821941995704,1.938967606045866e-06,0.009381882974389659,35977.19805784277
2008-05-16,False,0.011425562551988197,2.1696749748026516e-06,0.011423392877013393,36388.17972587163
2008-05-19,False,3.232971638533032e-05,6.770330644439299e-07,3.165268332088639e-05,36389.33150940112
2008-05-20,False,0.012840464618271928,1.3956401002569036e-06,0.01283906897817167,36856.53664671988
2008-05-21,False,0.007512823635339459,1.8172625258161684e-06,0.0075110063728136426,37133.36632835323
2008-05-22,False,-0.009871174615555022,6.353401742196368e-07,-0.009871809955729241,36766.79279294325
2008-05-23,False,0.005996703730374427,8.057177277672189e-07,0.005995898012646659,36987.24273278185
2008-05-27,False,-0.013496935642145226,1.5431277267287104e-06,-0.013498478769871954,36487.97122199729
2008-05-28,False,-0.0027068021783625516,4.264274308336119e-07,-0.0027072286057933854,36389.189942537734
2008-05-29,False,-0.017979730325639234,2.453218119009573e-06,-0.017982183543758242,35734.83284998234
2008-05-30,False,0.007253928124105549,5.97632731706585e-07,0.007253330491373843,35994.02940269726
2008-06-02,False,0.0068324990803698355,4.2004685022052626e-07,0.006832079033519615,36239.943456311325
2008-06-03,False,-0.0022662824196901543,1.6724647519606728e-06,-0.002267954884442115,36157.75289953768
2008-06-04,False,-0.0033577677062303483,1.1881347287971689e-07,-0.003357886519703228,36036.33926849355
2008-06-05,False,0.001933363759645192,1.4649404439614212e-06,0.0019318988192012305,36105.95782977469
2008-06-06,False,0.020189217867474,2.436220310836776e-06,0.020186781647163164,36834.820916646044
2008-06-09,False,-0.009951049931224287,4.969904725963398e-07,-0.009951546921696884,36468.25746794174
2008-06-10,False,-0.017309621260211554,1.7673834657003229e-06,-0.017311388643677254,35836.94128975652
2008-06-11,False,0.010764926190888624,1.3361177989083401e-06,0.010763590073089715,36222.67543527284
2008-06-12,False,-0.00980741187607506,1.0958567699602823e-06,-0.00980850773284502,35867.38504316163
2008-06-13,False,-0.0007667718170630719,5.760628703278676e-07,-0.0007673478799333997,35839.86228129001
2008-06-16,False,0.005046036661626655,1.4430638010304865e-06,0.005044593597825624,36020.65982110116
2008-06-17,False,0.0015409122156395817,3.928799757194068e-07,0.0015405193356638623,36076.150344038935
2008-06-18,False,0.0071950089766788725,7.628669364736357e-07,0.007194246109742399,36335.69104830603
2008-06-19,False,-0.003365455204909098,8.280051936699478e-07,-0.003366283210102768,36213.37482160263
2008-06-20,False,0.004725883657992531,3.4044741512712085e-07,0.004725543210577404,36384.50268912295
2008-06-23,False,-0.008299917156963287,2.1193763763863866e-06,-0.008302036533339673,36082.437218550454
2008-06-24,False,0.00378745465216159,2.0546425547667003e-07,0.0037872491879061133,36219.09039960408
2008-06-25,False,-0.0015395750482686832,2.7048726072605165e-07,-0.0015398455355294092,36163.31859495131
2008-06-26,False,0.01946909282882196,2.782729688695626e-06,0.019466310099133265,36867.284968934386
2008-06-27,False,0.005754419995692238,6.615917257927484e-07,0.005753758403966446,37079.41041965582
2008-06-30,False,0.001637398904561779,4.176615707121023e-07,0.001636981242991067,37140.10871901396
2008-07-01,False,0.00577186037635061,1.32795535256916e-06,0.00577053242099804,37354.42692049642
2008-07-02,False,0.006280390456004359,8.777556093807343e-07,0.006279512700394978,37588.99451875965
2008-07-03,False,-0.006491237637888537,1.0889415178139961e-06,-0.006492326579406351,37344.95449055235
2008-07-07,False,-0.007391611346572152,1.6828680706999084e-06,-0.007393294214642852,37068.852254571255
2008-07-08,False,-0.007720011957217637,2.3531644649370103e-06,-0.007722365121682575,36782.593042819746
2008-07-09,False,0.0038971995804636846,5.223969994160721e-07,0.0038966771834642684,36925.922933878355
2008-07-10,False,0.011858700431608684,1.8099329054548502e-06,0.01185689049870323,37363.749558668904
2008-07-11,False,0.004747124395327547,2.103429987298372e-06,0.004745020965340249,37541.041333668516
2008-07-14,False,0.004412283992819819,5.756564574554146e-07,0.004411708336362364,37706.66145867599
2008-07-15,False,-0.0025665183257073537,1.7484009153720947e-06,-0.002568266726622726,37609.82069467964
2008-07-16,False,-0.011555244897281979,1.0848168022881688e-06,-0.011556329714084266,37175.18920624434
2008-07-17,False,-0.008683782777463208,1.7915940170253887e-06,-0.008685574371480233,36852.30133561965
2008-07-18,False,-0.0019640053814584855,2.393534423492938e-07,-0.0019642447349008346,36779.914396752174
2008-07-21,False,0.004790214940489308,8.787858168824298e-07,0.004789336154672426,36956.065770538306
2008-07-22,False,-0.013153267066990363,1.9236986355372634e-06,-0.0131551907656259,36469.90167537985
2008-07-23,False,-0.015338209092121614,2.2969799884360323e-06,-0.01534050607211005,35910.434927279435
2008-07-24,False,0.004155443710176254,1.0415790618680947e-06,0.004154402131114386,36059.62131467056
2008-07-25,False,-0.002328559768772391,1.0474918259180122e-06,-0.002329607260598309,35975.61655904148
2008-07-28,False,0.004870565754258357,7.354683846383242e-07,0.004869830285873718,36150.81170611368
2008-07-29,False,-0.008868965425931378,1.3435698048088196e-06,-0.008870308995736187,35830.14283583377
2008-07-30,False,-0.0027371517756892075,1.5165349114555222e-06,-0.002738668310600663,35732.01595908498
2008-07-31,False,0.004601361817531991,1.093528582257211e-06,0.004600268288949733,35896.392819001805
2008-08-01,False,-0.004348975371603349,5.814800021321092e-07,-0.0043495568516054815,35740.25941766799
2008-08-04,False,-0.010960119885783251,1.699447919354502e-06,-0.010961819333702607,35348.48115099185
2008-08-05,False,-0.013498136117150712,1.9843869511792375e-06,-0.013500120504101891,34871.27239581649
2008-08-06,False,-0.0010700702672026014,1.2639555170405881e-06,-0.001071334222719642,34833.91360830908
2008-08-07,False,-0.00016745657158230565,1.2007392774934512e-06,-0.0001686573108597991,34828.038614113175
2008-08-08,False,-0.013519706582108605,1.989005464231364e-06,-0.013521695587572836,34357.1044780609
2008-08-11,False,-0.017483671106017496,3.6644001617183454e-06,-0.017487335506179213,33756.2902650322
2008-08-12,False,-0.002247289157144745,1.1081948435666539e-06,-0.002248397351988312,33680.39271138735
2008-08-13,False,0.005217388304776396,1.2764518064102143e-06,0.005216111852969985,33856.0734070219
2008-08-14,False,-0.009599404214414462,2.944465339610389e-06,-0.009602348679754073,33530.97558524032
2008-08-15,False,-0.007843597624923317,2.3236485371795344e-06,-0.007845921273460496,33267.8941905762
2008-08-18,False,0.005978058224269515,1.506578582263371e-06,0.005976551645687251,33466.72147834944
2008-08-19,False,0.008481462299013986,2.0168576367588926e-06,0.008479445441377227,33750.50071722687
2008-08-20,False,-0.0003561181082471296,7.076169206660377e-07,-0.00035682572516779567,33738.457670333664
2008-08-21,False,0.010489268363681753,2.8847109659959485e-06,0.010486383652715757,34092.2520813157
2008-08-22,False,-0.0074011348885996255,1.2463401152971177e-06,-0.007402381228714922,33839.88823446435
2008-08-25,False,0.0021211621842746014,6.604666479414351e-07,0.00212050171762666,33911.64577558982
2008-08-26,False,0.002365648299462655,3.9334420253327177e-07,0.0023652549552601217,33991.85546380157
2008-08-27,False,0.0018830065941583488,2.1575929147167606e-07,0.001882790834866877,34055.855017728936
2008-08-28,False,0.002716917701300949,1.2236323591982152e-06,0.0027156940689417506,34148.34030121332
2008-08-29,False,-0.0014836502521224793,7.069685038764012e-07,-0.0014843572206263557,34097.65196571481
2008-09-02,False,-0.006690345229651905,4.031652409795458e-06,-0.0066943768820617,33869.389432662945
2008-09-03,False,-0.0013724951930392353,6.62429239788348e-07,-0.0013731576222790235,33822.881422401544
2008-09-04,False,-0.001069069209805831,8.7908475936542e-07,-0.0010699482945651965,33786.69268810636
2008-09-05,False,0.0037880688404021297,9.149313770291517e-07,0.0037871539090251006,33914.64809339315
2008-09-08,False,-0.0002155250147821175,2.1736046148543298e-07,-0.00021574237524360292,33907.33126665794
2008-09-09,False,-0.009768959735739267,3.4140742539439248e-06,-0.00977237380999321,33575.97615062088
2008-09-10,False,-0.00881576442584057,3.5078030465211103e-06,-0.008819272228887091,33279.86047659793
2008-09-11,False,-0.004776900533725426,1.7722713472321655e-06,-0.004778672805072659,33120.8269123818
2008-09-12,False,0.003697644242914642,4.99834265969458e-06,0.0036926459002549475,33243.13039809286
2008-09-15,False,0.014217592103267044,2.035597296616912e-06,0.014215556505970426,33715.69999670229
2008-09-16,False,-0.0020290978638533284,1.54966072390679e-06,-0.0020306475245772354,33647.2352939646
2008-09-17,False,0.03300441013517664,1.2891343945253903e-05,0.03299151879123138,34757.30868943841
2008-09-18,False,-0.012799304748378875,3.0939878925491103e-06,-0.012802398736271425,34312.33176459655
2008-09-19,False,-0.0008071614864819492,6.54077293635727e-06,-0.0008137022594183064,34284.41174271378
2008-09-22,False,0.0018713200082709329,5.880096575857946e-06,0.0018654399116950749,34348.367252727636
2008-09-23,False,-0.0016306242917935264,1.3376479221841874e-06,-0.0016319619397157105,34292.3120246798
2008-09-24,False,-0.0009039295065580849,2.8901531837045717e-06,-0.0009068196597417895,34261.215081957824
2008-09-25,False,-0.0044514757368539866,2.4324116867288636e-07,-0.00445171897802266,34108.69378056736
2008-09-26,False,0.0039059435053537205,9.320356040267292e-07,0.003905011469749694,34241.88862099865
2008-09-29,False,0.031278097771935943,2.9448742830775615e-06,0.03127515289765287,35312.80892312479
2008-09-30,False,-0.016800977919563344,5.668411180729472e-06,-0.016806646330744072,34719.319032608684
2008-10-01,False,0.006403402875107579,6.915944165850757e-07,0.006402711280690994,34941.61680823667
2008-10-02,False,0.0025051092966170765,7.4555651413135274e-06,0.002497653731475763,35028.88886784157
2008-10-03,False,0.003552328399989218,8.431242790302162e-08,0.003552244087561315,35153.32003121619
2008-10-06,False,0.03439477247565474,6.958211808725675e-06,0.03438781426384602,36362.165871207195
2008-10-07,False,0.005847094442977881,4.909603453978923e-06,0.005842184839523902,36574.600365392216
2008-10-08,False,0.007280911283421882,2.8716407875724744e-06,0.0072780396426343095,36840.79175676505
2008-10-09,False,-0.0029388352124028305,1.3885472953277662e-06,-0.002940223759698158,36732.47158551572
2008-10-10,False,-0.01025857993028796,1.0785006399442395e-05,-0.010269364936687403,36355.25242977756
2008-10-13,False,-0.019411954513319105,2.6035475272864346e-06,-0.019414558060846392,35649.43127066291
2008-10-14,False,-0.000966560823783537,6.028225273413679e-07,-0.0009671636463108783,35614.95243672627
2008-10-15,False,0.017063165091805544,2.6574611202131588e-06,0.01706050763068533,36222.561604539536
2008-10-16,False,-0.01213339767471089,6.093952756868443e-06,-0.012139491627467759,35782.8381212158
2008-10-17,False,-0.01377931170883751,2.6252095163480925e-06,-0.013781936918353858,35289.68130346954
2008-10-20,False,0.006928034361108684,1.6187284018303744e-06,0.006926415632706854,35534.11230372314
2008-10-21,False,-0.0014439224212619839,5.010745341205825e-06,-0.0014489331666031897,35482.62574986047
2008-10-22,False,-0.0023163351457474216,9.104979884264966e-06,-0.0023254401256316867,35400.113028178974
2008-10-23,False,-0.0015536119652327467,2.2374113966557723e-06,-0.0015558493766294026,35345.03578439147
2008-10-24,False,0.0151471589815357,3.1976195498502057e-06,0.01514396136198585,35880.2996406483
2008-10-27,False,-0.0008180066870826372,2.986735420648645e-07,-0.000818305360624702,35850.93859911154
2008-10-28,False,0.000497141842754755,3.632896312009651e-06,0.0004935089464427453,35868.63135804858
2008-10-29,False,-0.014495536042164294,5.532608789758434e-06,-0.014501068650954053,35348.49787230976
2008-10-30,False,-0.005066318753553072,2.0715159686788278e-06,-0.00506839026952175,35169.33788965153
2008-10-31,False,-0.0061278982260130795,2.132084321525854e-06,-0.006130030310334605,34953.748782393566
2008-11-03,False,0.002117798946079323,9.117259389613691e-07,0.0021168872201403617,35027.74192648701
2008-11-04,False,0.0062319539667646156,9.742941431955934e-06,0.00622221102533266,35245.69192849451
2008-11-05,False,0.0016499371332934266,6.18247163163553e-06,0.001643754661661791,35303.627198905466
2008-11-06,False,0.013807833290040586,5.9926160745973205e-06,0.013801840673965988,35790.88223671785
2008-11-07,False,0.0005118654133080573,5.605730602274012e-07,0.0005113048402478298,35809.182288042226
2008-11-10,False,0.0019597100644055247,2.1519273322922193e-06,0.0019575581370732324,35879.28084421212
2008-11-11,False,0.004688176880417584,5.1494954411241965e-06,0.00468302738497646,36047.30449895882
2008-11-12,False,0.004102741485885286,5.403704365227718e-06,0.004097337781520058,36195.002481604366
2008-11-13,False,0.005428401962152278,4.191564096965458e-06,0.005424210398055313,36391.33179042272
2008-11-14,False,0.004212979786982738,2.548094892220881e-06,0.004210431692090517,36544.5550071105
2008-11-17,False,0.002898286274142039,2.006137925629106e-06,0.00289628013621641,36650.39827586447
2008-11-18,False,0.007536704959370943,1.6712865134173027e-06,0.007535033672857526,36926.56026099675
2008-11-19,False,0.0033498089592103575,1.1291524152963334e-06,0.003348679806795061,37050.215487677146
2008-11-20,False,0.024736355817790805,3.70561072495354e-06,0.024732650207065852,37966.565507430285
2008-11-21,False,0.021702444121769252,8.452718786246399e-06,0.021693991402983007,38790.21185314927
2008-11-24,False,-0.01274612116696707,7.425290119738221e-06,-0.012753546457086807,38295.49908419989
2008-11-25,False,0.009399047835457993,1.6335520983757762e-06,0.009397414283359617,38655.37775428213
2008-11-26,False,-0.002238090993279325,9.37597251733091e-07,-0.002239028590531058,38568.827258312514
2008-11-28,False,0.0043784056371504836,8.710636747461531e-07,0.004377534573475737,38737.66363309419
2008-12-01,False,0.0010174786691093604,9.830428343410677e-06,0.0010076482407659498,38776.69757170546
2008-12-02,False,0.013204256081737009,1.8992269262767259e-06,0.013202356854810733,39288.64137069819
2008-12-03,False,0.0023822123318784955,2.0598707554263797e-06,0.002380152461123069,39382.15432715084
2008-12-04,False,0.007494599632850693,3.0000823120636957e-06,0.007491599550538629,39677.18965680737
2008-12-05,False,0.0013027380127613776,4.23402783553134e-06,0.0012985039849258463,39728.710645687395
2008-12-08,False,-0.009080855326406748,6.2886302538015945e-06,-0.00908714395666055,39367.69013283752
2008-12-09,False,0.007901142179405142,1.0928416065197761e-06,0.007900049337798622,39678.6968272021
2008-12-10,False,0.007988474985388598,6.087528261225231e-06,0.007982387457127373,39995.42755907071
2008-12-11,False,-0.0053056380776002705,4.084062209704378e-06,-0.005309722139809975,39783.06295186915
2008-12-12,False,0.003818979359806965,8.021068770908829e-07,0.0038181772529298744,39934.961737883845
2008-12-15,False,0.007696555130902293,2.3906305118012032e-06,0.007694164500390492,40242.22790281192
2008-12-16,False,0.005654841429319856,4.034658219102788e-06,0.005650806771100753,40469.62895672931
2008-12-17,False,0.005499232088055774,9.921288842076602e-07,0.005498239959171566,40692.14068779205
2008-12-18,False,0.0015001470932353006,3.28851385462664e-06,0.001496858579380674,40753.05106769394
2008-12-19,False,0.001632962684864721,3.6701796194905103e-06,0.0016292925052452305,40819.44970836441
2008-12-22,False,0.003737255217008434,1.0473433443312085e-06,0.0037362078736641025,40971.95965776344
2008-12-23,False,-0.004194968608353378,9.623599391859611e-07,-0.004195930968292565,40800.04414340379
2008-12-24,False,0.00394854971431513,1.0571094492247552e-06,0.003947492604865905,40961.102015938086
2008-12-26,False,0.0019045426612731055,4.169482818974654e-06,0.0019003731784541307,41038.9433955691
2008-12-29,False,0.0054167844860776235,5.544794896187727e-07,0.005416230006588005,41261.21975222685
2008-12-30,False,-0.00163793061450559,5.965409754353363e-07,-0.0016385271554810253,41193.61212319456
2008-12-31,False,-0.010602575821443834,3.873978177112824e-06,-0.010606449799620948,40756.69414414483
2009-01-02,False,-0.010421839694704838,1.5542245971502667e-06,-0.010423393919301988,40331.8710662319
2009-01-05,False,-0.015041548662069318,2.122164463958673e-06,-0.015043670826533276,39725.131674093325
2009-01-06,False,-0.0074965306509658935,4.230626580002131e-06,-0.007500761277545896,39427.162944686876
2009-01-07,False,0.0044375964986697325,6.111613044242029e-06,0.004431484885625491,39601.88382135935
2009-01-08,False,0.012075770491808203,1.4397967648107912e-06,0.012074330695043392,40080.05006276514
2009-01-09,False,0.0013627371477264092,1.290958619071525e-06,0.0013614461891073377,40134.61689418232
2009-01-12,False,0.006108794361573633,7.438096471286418e-06,0.006101356265102347,40379.49249041713
2009-01-13,False,0.0032186078669863157,8.225844454017028e-07,0.003217785282540914,40509.42502706927
2009-01-14,False,0.00226026757109333,2.6169148119604967e-06,0.0022576506562813695,40600.88115706722
2009-01-15,False,0.0017265733685782908,9.638602807010844e-07,0.0017256095082975897,40670.94242363711
2009-01-16,False,0.0009423963639370291,4.648437815528428e-06,0.0009377479261215007,40709.081515548285
2009-01-20,False,0.016659346797656873,3.2729689961782242e-06,0.016656073828660696,41387.13498276822
2009-01-21,False,-0.00836628423685887,6.830001337765068e-07,-0.008366967236992645,41040.85018033441
2009-01-22,False,0.002081658559622895,9.025560484174911e-07,0.0020807560035744775,41126.24617573894
2009-01-23,False,0.006907214596538553,6.586852553809267e-06,0.006900627743984744,41410.04309110519
2009-01-26,False,-0.00472475355854528,2.0957764340739373e-06,-0.004726849334979354,41214.30405645853
2009-01-27,False,0.006772637433350353,2.4678465975287305e-06,0.006770169586752824,41493.331884320745
2009-01-28,False,-0.010663184137692407,8.096008762424472e-07,-0.010663993738568649,41050.847252914
2009-01-29,False,0.006545135212491175,2.855985285060453e-06,0.006542279227206115,41319.41335815595
2009-01-30,False,0.008377440905726825,1.9579301398131716e-06,0.008375482975587012,41665.48340129843
2009-02-02,False,0.001690136553426547,4.782060503129251e-06,0.0016853544929234178,41735.704510948635
2009-02-03,False,-0.009947916331332981,1.3706490468151783e-06,-0.009949286980379796,41320.464009440875
2009-02-04,False,0.0015020817902038068,1.0855738905431872e-06,0.0015009962163132636,41382.48586957536
2009-02-05,False,-0.0015552660701302786,2.5631086375429853e-06,-0.0015578291787678215,41318.01902559779
2009-02-06,False,-0.010060928046841323,1.8248718970439726e-06,-0.010062752918738366,40902.24600905146
2009-02-09,False,-0.007166113265032071,1.1766888011417315e-06,-0.007167289953833212,40609.08775214157
2009-02-10,False,0.024417743379241203,2.9353677145488865e-06,0.024414808011526654,41600.55083313335
2009-02-11,False,0.013215108306569872,1.7563092888593508e-06,0.013213351997281013,42150.23355457232
2009-02-12,False,0.011796440149836248,2.1765840317654605e-06,0.011794263565804482,42647.36451847516
2009-02-13,False,-0.0096577484630494,1.2793980271555012e-06,-0.009659027861076556,42235.432436389725
2009-02-17,False,0.03389107892767316,4.236249125259689e-06,0.0338868426785479,43666.6578908221
2009-02-18,False,0.005850948669584089,1.8034713092055094e-06,0.0058491451982748835,43922.070513148916
2009-02-19,False,-0.013541969237780624,1.5912200466251524e-06,-0.01354356045782725,43327.209295721135
2009-02-20,False,0.011599658510344266,1.5811633854812685e-06,0.011598077346958785,43829.72162036078
2009-02-23,False,0.0005064278701857792,4.2871157681161064e-07,0.0005059991586089676,43851.899422622744
2009-02-24,False,-0.01806160345913309,2.634858059873929e-06,-0.018064238317192966,43059.74826079091
2009-02-25,False,-0.010600833017106792,1.0238820176291519e-06,-0.01060185689912442,42603.23497161769
2009-02-26,False,-0.009183721987162689,2.783273815071319e-06,-0.00918650526097776,42211.86012941625
2009-02-27,False,0.0032721581593081676,1.5412637148085605e-06,0.003270616895593359,42349.918952349944
2009-03-02,False,0.012429736767875654,5.7041428775662235e-06,0.012424032624998088,42876.075727079966
2009-03-03,False,-0.00964183849460483,1.3369010310563117e-06,-0.009643175395635887,42462.61420856717
2009-03-04,False,-0.01776103255917327,3.327256755708663e-06,-0.017764359815928978,41708.293051041204
2009-03-05,False,0.02776922120484948,3.256764096440157e-06,0.027765964440753042,42866.36403278092
2009-03-06,False,-0.0008296540080777677,6.823846939948836e-07,-0.0008303363927717626,42830.7705306987
2009-03-09,False,-0.004525639482936108,2.3625719766642433e-06,-0.004528002054912773,42636.8327137222
2009-03-10,False,-0.013440553253942028,2.261990130497285e-06,-0.013442815244072525,42063.6736489592
2009-03-11,False,0.010371448295039819,1.2883640919901657e-06,0.01037015993094783,42499.88067198211
2009-03-12,False,0.0010764381969972057,3.717071834728983e-06,0.0010727211251624767,42545.47119179582
2009-03-13,False,0.0015778810526410221,1.2278643305393967e-07,0.0015777582662079683,42612.597660658386
2009-03-16,False,-0.010109836288048273,2.0541275115148193e-06,-0.010111890415559788,42181.70374279147
2009-03-17,False,-0.008499773984573824,1.0220582668382244e-06,-0.008500796042840661,41823.12568253447
2009-03-18,False,0.020922893072458426,2.8704245919335125e-06,0.020920022647866493,42698.066419017654
2009-03-19,False,-0.007742212915652536,4.595208261476705e-06,-0.007746808123914013,42367.29269120739
2009-03-20,False,-0.0031383789030970852,8.220395058082253e-07,-0.0031392009426028933,42234.29324605562
2009-03-23,False,-0.016070032372409542,2.299296361060313e-06,-0.016072331668770604,41555.4896772089
2009-03-24,False,-0.0077120500407608554,1.1552241712974448e-06,-0.0077132052649321525,41234.96365544381
2009-03-25,False,0.007975417931227335,1.8707696261675565e-06,0.007973547161601167,41563.75258285741
2009-03-26,False,0.00018401110441626511,5.468413420361279e-07,0.00018346426307422898,41571.37804609562
2009-03-27,False,0.004472373176822659,4.0017073419519045e-06,0.004468371469480707,41757.134405703786
2009-03-30,False,0.012141117018772006,4.8706783543437665e-06,0.012136246340417663,42263.90927532135
2009-03-31,False,-0.007296262661657764,3.902429372779376e-06,-0.007300165091030543,41955.37576021916
2009-04-01,False,0.006682357393389879,9.67331468945412e-07,0.006681390061920933,42235.69599086765
2009-04-02,False,-0.028053433932982295,4.557274887816071e-06,-0.02805799120787011,41050.64720409761
2009-04-03,False,-0.014588361450442561,1.3465842155190173e-06,-0.01458970803465808,40451.73024675607
2009-04-06,False,-0.005962013032620109,3.4413551526726316e-06,-0.005965454387772782,40210.417295062565
2009-04-07,False,0.011473510238761026,1.7503097782424065e-06,0.011471759928982783,40671.70154891574
2009-04-08,False,0.0022576320460731595,6.246451578628826e-07,0.0022570074009152967,40763.49788031947
2009-04-09,False,-0.006807967729427017,1.1347305876511644e-06,-0.006809102460014668,40485.93504662379
2009-04-13,False,0.0040806896258444,2.511532818390408e-06,0.00407817809302601,40651.043900006596
2009-04-14,False,0.00043034139386430043,1.0384943090926551e-06,0.0004293028995552078,40668.49551102282
2009-04-15,False,0.0022200577605563927,3.5087807032424534e-07,0.0022197068824860683,40758.76765040899
2009-04-16,False,-0.008381182443552527,1.8375897033130196e-06,-0.00838302003325584,40417.086084664785
2009-04-17,False,-0.00576083837095983,2.1303364757122024e-07,-0.005761051404607401,40184.241174106595
2009-04-20,False,0.027074055588346635,4.802630711099626e-06,0.027069252957635535,41271.99856335912
2009-04-21,False,-0.0051091433594435,1.0287320462622206e-06,-0.0051101720914897624,41061.09154814064
2009-04-22,False,-0.0013467101948760245,1.1659034214068498e-06,-0.0013478760982974314,41005.74628427289
2009-04-23,False,0.0034051344758226063,2.133699584768556e-06,0.0034030007762378377,41145.288870708486
2009-04-24,False,-0.003337038398007091,2.2905399167095916e-06,-0.0033393289379238006,41007.89121692329
2009-04-27,False,0.009655199884778582,3.6489024698306283e-06,0.009651550982308752,41403.6809696804
2009-04-28,False,-0.007289947517490878,1.15270129593735e-06,-0.007291100218786815,41101.80258230378
2009-04-29,False,-0.008991042466821655,3.4188990554604866e-06,-0.008994461365877116,40732.11400690934
2009-04-30,False,-0.006979187516791764,1.4739765418619739e-06,-0.0069806614933336265,40447.77690711923
2009-05-01,False,-0.011466901228481768,2.9594522080802073e-06,-0.011469860680689848,39983.84654115095
2009-05-04,False,0.001688828831595562,2.9529559067913573e-06,0.0016858758756887707,40051.254343451925
2009-05-05,False,0.0009533957869514387,1.0500995416958397e-06,0.0009523456874097429,40089.396982801256
2009-05-06,False,-0.003901342461121103,3.894971875643125e-06,-0.0039052374329967463,39932.83836903775
2009-05-07,False,-0.006684116044992131,1.1922833527898552e-06,-0.006685308328344921,39665.875032114775
2009-05-08,False,-0.00975414094816951,4.299581903207145e-06,-0.009758440530072717,39278.79794954059
2009-05-11,False,0.0062271269716884245,1.5971995403815248e-06,0.006225529772148043,39523.32927558965
2009-05-12,False,0.0012269828644717329,1.6702782187372896e-06,0.0012253125862529955,39571.757708401645
2009-05-13,False,0.009542554497615197,1.8750151494829892e-06,0.009540679482465715,39949.299165255296
2009-05-14,False,-0.0025428874776076585,7.397331452171363e-07,-0.0025436272107528758,39847.683040848045
2009-05-15,False,0.010432721854828941,2.6403338224879338e-06,0.010430081521006452,40263.29762338733
2009-05-18,False,-0.014443965436764822,1.9643791856007314e-06,-0.014445929815950423,39681.656851761145
2009-05-19,False,-0.001472579419779042,1.4567152255651472e-06,-0.001474036135004607,39623.1646556648
2009-05-20,False,-0.0005770084203129017,2.9872222490055363e-06,-0.0005799956425619073,39600.18339281999
2009-05-21,True,-0.0567149923435154,0.0005,-0.0572149923435154,37334.459203197985
2009-05-22,True,-0.009297513922639,0.0,-0.009297513922639,36987.34154896206
2009-05-26,True,0.1087660150223516,0.0,0.1087660150223516,41010.30729551331
2009-05-27,True,-0.0228262661235273,0.0,-0.0228262661235273,40074.195107378284
2009-05-28,True,0.0394020332692203,0.0,0.0394020332692203,41653.19987623643
2009-05-29,True,0.0321945473522349,0.0,0.0321945473522349,42994.205792024026
2009-06-01,True,0.0867924753524245,0.0,0.0867924753524245,46725.77933852533
2009-06-02,True,0.0064413385224055,0.0,0.0064413385224055,47026.755900968
2009-06-03,True,-0.0099074055273554,0.0,-0.0099074055273554,46560.84275962116
2009-06-04,True,0.0351384341172879,0.0,0.0351384341172879,48196.9178653755
2009-06-05,True,0.0009047240393678,0.0,0.0009047240393678,48240.522775591744
2009-06-08,True,-0.0095222937917256,0.0,-0.0095222937917256,47781.162345056124
2009-06-09,True,0.0262826692136134,0.0,0.0262826692136134,49036.97882961319
2009-06-10,True,-0.0125861567580082,0.0,-0.0125861567580082,48419.791727124546
2009-06-11,True,0.0034515623156351,0.0,0.0034515623156351,48586.915655580786
2009-06-12,True,-0.0141476267378513,0.0,-0.0141476267378513,47899.526108542166
2009-06-15,True,-0.0665031478731724,0.0,-0.0665031478731724,44714.05684069091
2009-06-16,True,-0.0282686349474496,0.0,-0.0282686349474496,43450.051490841906
2009-06-17,True,0.0262353633011075,0.0,0.0262353633011075,44589.97937715597
2009-06-18,True,-0.004345637474055,0.0,-0.004345637474055,44396.20749180726
2009-06-19,True,0.0359282398717094,0.0,0.0359282398717094,45991.285083967094
2009-06-22,True,-0.0910248741714562,0.0,-0.0910248741714562,41804.93414621542
2009-06-23,True,-0.0045610478197525,0.0,-0.0045610478197525,41614.25984247292
2009-06-24,True,0.0475577647369714,0.0,0.0475577647369714,43593.34102176444
2009-06-25,True,0.0595850426259744,0.0,0.0595850426259744,46190.8521047549
2009-06-26,True,0.0088637462545136,0.0,0.0088637462545136,46600.27609709122
2009-06-29,True,0.0073173352272278,0.0,0.0073173352272278,46941.265938975
2009-06-30,True,-0.0133427486722742,0.0,-0.0133427486722742,46314.940425192864
2009-07-01,True,0.0082672030805938,0.0,0.0082672030805938,46697.835443353535
2009-07-02,True,-0.071041855344634,0.0,-0.071041855344634,43380.334572879285
2009-07-06,True,-0.0109709598607628,0.0,-0.0109709598607628,42904.41066353377
2009-07-07,True,-0.0754656487093703,0.0,-0.0754656487093703,39666.60148031696
2009-07-08,True,0.0143760043490545,0.0,0.0143760043490545,40236.848715710206
2009-07-09,True,0.0072929387351579,0.0,0.0072929387351579,40530.2935882897
2009-07-10,True,0.010264937748886,0.0,0.010264937748886,40946.33452891757
2009-07-13,True,0.0588266942585907,0.0,0.0588266942585907,43355.07203126018
2009-07-14,True,0.0106123448604743,0.0,0.0106123448604743,43815.17100710661
2009-07-15,True,0.0993662714019488,0.0,0.0993662714019488,48168.92118092156
2009-07-16,True,0.0357172423802686,0.0,0.0357172423802686,49889.382213936595
2009-07-17,True,0.0165328576915354,0.0,0.0165328576915354,50714.19627039822
2009-07-20,True,0.032842971125777,0.0,0.032842971125777,52379.80115417389
2009-07-21,True,0.0174670692999855,0.0,0.0174670692999855,53294.7227708533
2009-07-22,True,0.023122028156773,0.0,0.023122028156773,54527.00485136839
2009-07-23,True,0.0699670008578417,0.0,0.0699670008578417,58342.09584657962
2009-07-24,True,-0.0046471129569365,0.0,-0.0046471129569365,58070.973537036145
2009-07-27,True,0.0004295991767132,0.0,0.0004295991767132,58095.92077945859
2009-07-28,True,0.0115153914384907,0.0,0.0115153914384907,58764.91804821359
2009-07-29,True,-0.010989463653292,0.0,-0.010989463653292,58119.12311723407
2009-07-30,True,0.0192031448731267,0.0,0.0192031448731267,59235.193058353405
2009-07-31,True,-0.012170496474862,0.0,-0.012170496474862,58514.27135004894
2009-08-03,True,0.0462883041420264,0.0,0.0462883041420264,61222.79773894907
2009-08-04,True,0.000642695031573,0.0,0.000642695031573,61262.14532687489
2009-08-05,True,-0.0259220270992567,0.0,-0.0259220270992567,59674.106335553035
2009-08-06,True,-0.02633246805909,0.0,-0.02633246805909,58102.73983651734
2009-08-07,True,0.035953957409101,0.0,0.035953957409101,60191.76326995157
2009-08-10,True,-0.0168223702077303,0.0,-0.0168223702077303,59179.195144768375
2009-08-11,True,-0.0293606335070969,0.0,-0.0293606335070969,57441.65648487786
2009-08-12,True,0.0468043062783511,0.0,0.0468043062783511,60130.173368131924
2009-08-13,True,0.016743432523662,0.0,0.016743432523662,61136.95886855733
2009-08-14,True,-0.0314824091943757,0.0,-0.0314824091943757,59212.22011255769
2009-08-17,True,-0.0869536620219827,0.0,-0.0869536620219827,54063.5007373191
2009-08-18,True,0.0413887396163755,0.0,0.0413887396163755,56301.12089208572
2009-08-19,True,0.0190788252200774,0.0,0.0190788252200774,57375.280137280264
2009-08-20,True,0.0330501283499044,0.0,0.0330501283499044,59271.5405099291
2009-08-21,True,0.043747261474237,0.0,0.043747261474237,61864.508090597796
2009-08-24,True,-0.0055339449084478,0.0,-0.0055339449084478,61522.1533110362
2009-08-25,True,0.0093570490998674,0.0,0.0093570490998674,62097.81912029713
2009-08-26,True,-0.0053432226523615,0.0,-0.0053432226523615,61766.016646511314
2009-08-27,True,0.0072374737485491,0.0,0.0072374737485491,62213.04657054288
2009-08-28,True,0.0041120437092092,0.0,0.0041120437092092,62468.869337324024
2009-08-31,True,-0.0329912559107276,0.0,-0.0329912559107276,60407.94288256256
2009-09-01,True,-0.0542158516552373,0.0,-0.0542158516552373,57132.87481244349
2009-09-02,True,-0.0029701196339777,0.0,-0.0029701196339777,56963.18333921747
2009-09-03,True,0.0219781391255439,0.0,0.0219781391255439,58215.12810768065
2009-09-04,True,0.0599070294641672,0.0,0.0599070294641672,61702.623502487746
2009-09-08,True,0.0306206230943712,0.0,0.0306206230943712,63591.99628069132
2009-09-09,True,0.0261042173694145,0.0,0.0261042173694145,65252.01557455749
2009-09-10,True,0.030389685773654,0.0,0.030389685773654,67235.00382396588
2009-09-11,True,-0.0012831777728241,0.0,-0.0012831777728241,67148.72936150321
2009-09-14,True,0.0147358881503456,0.0,0.0147358881503456,68138.22552681217
2009-09-15,True,0.0101826487767378,0.0,0.0101826487767378,68832.05314562185
2009-09-16,True,0.0426814413621473,0.0,0.0426814413621473,71769.90438579289
2009-09-17,True,-0.0046308768982371,0.0,-0.0046308768982371,71437.54679358404
2009-09-18,True,0.0071983912539673,0.0,0.0071983912539673,71951.78220562787
2009-09-21,True,0.0109879670278639,0.0,0.0109879670278639,72742.38601609935
2009-09-22,True,0.0043121198992928,0.0,0.0043121198992928,73056.0599063614
2009-09-23,True,-0.0170251717284828,0.0,-0.0170251717284828,71812.26794064928
2009-09-24,True,-0.0252816471511067,0.0,-0.0252816471511067,69996.73552145305
2009-09-25,True,-0.0274259474858443,0.0,-0.0274259474858443,68077.00872886114
2009-09-28,True,0.0538665060263766,0.0,0.0538665060263766,71744.07932981204
2009-09-29,True,-0.0120747596853188,0.0,-0.0120747596853188,70877.78681306011
2009-09-30,True,0.0022677407167415,0.0,0.0022677407167415,71038.51925612861
2009-10-01,True,-0.0917992745986843,0.0,-0.0917992745986843,64517.23471985133
2009-10-02,True,-0.0070933300092562,0.0,-0.0070933300092562,64059.59268269879
2009-10-05,True,0.0236940709013838,0.0,0.0236940709013838,65577.42521363642
2009-10-06,True,0.0529771142427927,0.0,0.0529771142427927,69051.52796092741
2009-10-07,True,0.0091123310420037,0.0,0.0091123310420037,69680.74834266354
2009-10-08,True,0.0128392452376708,0.0,0.0128392452376708,70575.39655897944
2009-10-09,True,0.0173767787199065,0.0,0.0173767787199065,71801.76960805446
2009-10-12,True,0.0032118933714259,0.0,0.0032118933714259,72032.38923591521
2009-10-13,True,0.0010750125273548,0.0,0.0010750125273548,72109.82495671911
2009-10-14,True,0.0415595701360619,0.0,0.0415595701360619,75106.67828450701
2009-10-15,True,-0.0015742291295985,0.0,-0.0015742291295985,74988.44316372415
2009-10-16,True,-0.0240575922434263,0.0,-0.0240575922434263,73184.40177512192
2009-10-19,True,0.0299074831133156,0.0,0.0299074831133156,75373.1630353695
2009-10-20,True,-0.0008724368930075,0.0,-0.0008724368930075,75307.40470719477
2009-10-21,True,-0.0045275570210742,0.0,-0.0045275570210742,74966.44613827384
2009-10-22,True,0.0163718507933318,0.0,0.0163718507933318,76193.785608956
2009-10-23,True,-0.0162333913719593,0.0,-0.0162333913719593,74956.90206705465
2009-10-26,True,-0.0118053192937482,0.0,-0.0118053192937482,74072.01190488285
2009-10-27,True,-0.0417529817357947,0.0,-0.0417529817357947,70979.28454468472
2009-10-28,True,-0.0703993870980091,0.0,-0.0703993870980091,65982.38641608373
2009-10-29,True,0.0520620477383055,0.0,0.0520620477383055,69417.5645675652
2009-10-30,True,-0.0774155030604955,0.0,-0.0774155030604955,64043.568885332716
2009-11-02,True,0.0103664467587427,0.0,0.0103664467587427,64707.47313242239
2009-11-03,True,0.0112448825619623,0.0,0.0112448825619623,65435.10106867781
2009-11-04,True,0.0025920644519556,0.0,0.0025920644519556,65604.71306806806
2009-11-05,True,0.0721156665532994,0.0,0.0721156665532994,70335.84068000973
2009-11-06,True,0.0168209598375989,0.0,0.0168209598375989,71518.95703123193
2009-11-09,True,0.0652079627730576,0.0,0.0652079627730576,76182.5625188924
2009-11-10,True,0.0080570167628294,0.0,0.0080570167628294,76796.3667021424
2009-11-11,True,0.0165114025632244,0.0,0.0165114025632244,78064.3824281545
2009-11-12,True,-0.0165413223577061,0.0,-0.0165413223577061,76773.09431375514
2009-11-13,True,0.0261391419713725,0.0,0.0261391419713725,78779.87712560396
2009-11-16,True,0.0317495045513726,0.0,0.0317495045513726,81281.0991929599
2009-11-17,True,0.0076827093860178,0.0,0.0076827093860178,81905.5582566355
2009-11-18,True,-0.0173663697444959,0.0,-0.0173663697444959,80483.15604782142
2009-11-19,True,-0.0475707266872375,0.0,-0.0475707266872375,76654.51382854422
2009-11-20,True,-0.0149215626043706,0.0,-0.0149215626043706,75510.708701544
2009-11-23,True,0.0485092124176393,0.0,0.0485092124176393,79173.6737097537
2009-11-24,True,-0.0112281592736226,0.0,-0.0112281592736226,78284.69909106276
2009-11-25,True,0.0124275832818339,0.0,0.0124275832818339,79257.58870871026
2009-11-27,True,-0.0472163568466542,0.0,-0.0472163568466542,75515.33411743445
2009-11-30,True,0.0033130127711742,0.0,0.0033130127711742,75765.517383785
2009-12-01,True,0.0343879896342788,0.0,0.0343879896342788,78370.94121021435
2009-12-02,True,0.0051845908485832,0.0,0.0051845908485832,78777.26247480768
2009-12-03,True,-0.0132854805740793,0.0,-0.0132854805740793,77730.66868451949
2009-12-04,True,0.0151090670822613,0.0,0.0151090670822613,78905.10657202291
2009-12-07,True,-0.013862825122594,0.0,-0.013862825122594,77811.25887833533
2009-12-08,True,-0.018400532772473,0.0,-0.018400532772473,76379.49025927714
2009-12-09,True,0.0286847410409925,0.0,0.0286847410409925,78570.4161582075
2009-12-10,True,0.0161762300834185,0.0,0.0161762300834185,79841.38928773261
2009-12-11,True,-0.012221120247187,0.0,-0.012221120247187,78865.63806854475
2009-12-14,True,0.0284749443487371,0.0,0.0284749443487371,81111.3327235742
2009-12-15,True,-0.018076580525443,0.0,-0.018076580525443,79645.11718607052
2009-12-16,True,0.0043203162865586,0.0,0.0043203162865586,79989.20928299437
2009-12-17,True,-0.0376000884479801,0.0,-0.0376000884479801,76981.60793906979
2009-12-18,True,0.0490413769744479,0.0,0.0490413769744479,80756.89199410887
2009-12-21,True,0.0355358700072178,0.0,0.0355358700072178,83626.65841019845
2009-12-22,True,0.0175499102247131,0.0,0.0175499102247131,85094.29875769018
2009-12-23,True,0.0203181374049729,0.0,0.0203181374049729,86823.25641222874
2009-12-24,True,0.0288804515916374,0.0,0.0288804515916374,89330.75126607044
2009-12-28,True,0.0133444385798602,0.0,0.0133444385798602,90522.8199896333
2009-12-29,True,-0.0098755310883771,0.0,-0.0098755310883771,89628.85906661811
2009-12-30,True,0.0105905422346232,0.0,0.0105905422346232,90578.07728400422
2009-12-31,True,-0.0293216474572039,0.0,-0.0293216474572039,87922.17883453128
2010-01-04,True,0.0425218093169063,0.0,0.0425218093169063,91660.78895766014
2010-01-05,True,0.0027159210282121,0.0,0.0027159210282121,91909.73242185276
2010-01-06,True,-0.0159368280525938,0.0,-0.0159368280525938,90444.9828198858
2010-01-07,True,-0.0027495166292336,0.0,-0.0027495166292336,90196.30283559176
2010-01-08,True,0.0253343690447627,0.0,0.0253343690447627,92481.36925810183
2010-01-11,True,-0.0100995225098101,0.0,-0.0100995225098101,91547.35158754158
2010-01-12,True,-0.038921160587832,0.0,-0.038921160587832,87984.22241501215
2010-01-13,True,0.0391855499086927,0.0,0.0391855499086927,91431.9325536331
2010-01-14,True,0.0005859891254507,0.0,0.0005859891254507,91485.51067182848
2010-01-15,True,-0.0350197659016356,0.0,-0.0350197659016356,88281.70950470946
2010-01-19,True,0.0497796516555463,0.0,0.0497796516555463,92676.34225141004
2010-01-20,True,-0.0436064755131259,0.0,-0.0436064755131259,88635.05360237785
2010-01-21,True,-0.0279476756961415,0.0,-0.0279476756961415,86157.90986898847
2010-01-22,True,-0.0904122763920496,0.0,-0.0904122763920496,78368.17710855219
2010-01-25,True,0.0126184796348456,0.0,0.0126184796348456,79357.06435541643
2010-01-26,True,0.002411625595801,0.0,0.002411625595801,79548.44388302357
2010-01-27,True,0.0249776534509033,0.0,0.0249776534509033,81535.37734689236
2010-01-28,True,-0.0788743774628404,0.0,-0.0788743774628404,75104.32521745843
2010-01-29,True,-0.0509528414097086,0.0,-0.0509528414097086,71277.54644547011
2010-02-01,True,0.0338744831786442,0.0,0.0338744831786442,73692.03649355221
2010-02-02,True,0.0275663054994071,0.0,0.0275663054994071,75723.45368440692
2010-02-03,True,0.0130987664753193,0.0,0.0130987664753193,76715.33752092363
2010-02-04,True,-0.0869579103016678,0.0,-0.0869579103016678,70044.33208201698
2010-02-05,True,0.022693346521743,0.0,0.022693346521743,71633.87238183823
2010-02-08,True,-0.0193482599713978,0.0,-0.0193482599713978,70247.88159623649
2010-02-09,True,0.0327491724976692,0.0,0.0327491724976692,72548.44158822749
2010-02-10,True,-0.0070154235277013,0.0,-0.0070154235277013,72039.48354421138
2010-02-11,True,0.0445066912050742,0.0,0.0445066912050742,75245.72259288662
2010-02-12,True,0.0040918741192776,0.0,0.0040918741192776,75553.6186177508
2010-02-16,True,0.038736176261662,0.0,0.038736176261662,78480.27690573438
2010-02-17,True,0.0169701471902148,0.0,0.0169701471902148,79812.09875635352
2010-02-18,True,0.0189580028791909,0.0,0.0189580028791909,81325.17675437074
2010-02-19,True,0.0,0.0,0.0,81325.17675437074
2010-02-22,True,-0.0070202975127159,0.0,-0.0070202975127159,80754.24981828085
2010-02-23,True,-0.0390419243827868,0.0,-0.0390419243827868,77601.44850328685
2010-02-24,True,0.0302402549825022,0.0,0.0302402549825022,79948.13609303777
2010-02-25,True,-0.0005700939572831,0.0,-0.0005700939572831,79902.55814375509
2010-02-26,True,0.0124750586337902,0.0,0.0124750586337902,80899.34724158827
2010-03-01,True,0.042893977731534,0.0,0.042893977731534,84369.4420406646
2010-03-02,True,0.0060123837523682,0.0,0.0060123837523682,84876.70350318626
2010-03-03,True,0.0055542188502628,0.0,0.0055542188502628,85348.12728973184
2010-03-04,True,0.0110389827327135,0.0,0.0110389827327135,86290.28379315263
2010-03-05,True,0.0442019466596661,0.0,0.0442019466596661,90104.48231462501
2010-03-08,True,0.0053325794934868,0.0,0.0053325794934868,90584.97162928723
2010-03-09,True,0.0177017841988975,0.0,0.0177017841988975,92188.48724873214
2010-03-10,True,0.0244703000785868,0.0,0.0244703000785868,94444.3671954996
2010-03-11,True,0.0092095495753365,0.0,0.0092095495753365,95314.15727729784
2010-03-12,True,0.0022814340298933,0.0,0.0022814340298933,95531.61023924088
2010-03-15,True,-0.0067338272232765,0.0,-0.0067338272232765,94888.31688152844
2010-03-16,True,0.0189083352725938,0.0,0.0189083352725938,96682.4969905765
2010-03-17,True,0.0069346294724565,0.0,0.0069346294724565,97352.95428367806
2010-03-18,True,0.010142166510572,0.0,0.010142166510572,98340.32415631924
2010-03-19,True,-0.0176891668046309,0.0,-0.0176891668046309,96600.76575869662
2010-03-22,True,0.0270116748964377,0.0,0.0270116748964377,99210.11423811747
2010-03-23,True,0.0209148148643814,0.0,0.0209148148643814,101285.07541008183
2010-03-24,True,-0.0142243224933341,0.0,-0.0142243224933341,99844.36383368717
2010-03-25,True,-0.0062619129654156,0.0,-0.0062619129654156,99219.14711727334
2010-03-26,True,0.0052071404941853,0.0,0.0052071404941853,99735.79515602623
2010-03-29,True,0.0137164806729361,0.0,0.0137164806729361,101103.81926268378
2010-03-30,True,0.0104852703098359,0.0,0.0104852703098359,102163.92013700983
2010-03-31,True,-0.0134786842360081,0.0,-0.0134786842360081,100786.88491717033
2010-04-01,True,-0.0019783050522419,0.0,-0.0019783050522419,100587.49771353896
2010-04-05,True,0.0289125278857105,0.0,0.0289125278857105,103495.73654613551
2010-04-06,True,0.0076173531380308,0.0,0.0076173531380308,104284.10011968802
2010-04-07,True,-0.0056480147521916,0.0,-0.0056480147521916,103695.10198379299
2010-04-08,True,0.0035830542315302,0.0,0.0035830542315302,104066.64715774498
2010-04-09,True,0.0180199917927901,0.0,0.0180199917927901,105941.92728543073
2010-04-12,True,0.0040196670918495,0.0,0.0040196670918495,106367.7785641871
2010-04-13,True,0.0150789352764395,0.0,0.0150789352764395,107971.69141265513
2010-04-14,True,0.0352416984128343,0.0,0.0352416984128343,111776.79719854353
2010-04-15,True,0.0133750270062176,0.0,0.0133750270062176,113271.81487974257
2010-04-16,True,-0.0355959341497124,0.0,-0.0355959341497124,109239.79881626484
2010-04-19,True,-0.0015731743242727,0.0,-0.0015731743242727,109067.94556957837
2010-04-20,True,0.0147853555561852,0.0,0.0147853555561852,110680.55392460724
2010-04-21,True,0.0175998099518261,0.0,0.0175998099518261,112628.51063904318
2010-04-22,True,0.0148029131966198,0.0,0.0148029131966198,114295.7407054975
2010-04-23,True,0.0132380330291441,0.0,0.0132380330291441,115808.79149604737
2010-04-26,True,-0.0074322902653809,0.0,-0.0074322902653809,114948.06694236577
2010-04-27,True,-0.0617178461264625,0.0,-0.0617178461264625,107853.71983428253
2010-04-28,True,0.0023514917048466,0.0,0.0023514917048466,108107.33696180969
2010-04-29,True,0.0510412680829293,0.0,0.0510412680829293,113625.27252940899
2010-04-30,True,-0.0589270784635376,0.0,-0.0589270784635376,106929.66717962766
2010-05-03,True,0.0408401818267496,0.0,0.0408401818267496,111296.69422991748
2010-05-04,True,-0.0884068007292306,0.0,-0.0884068007292306,101457.30956131106
2010-05-05,True,-0.0164326090223491,0.0,-0.0164326090223491,99790.10126083059
2010-05-06,True,-0.0979663045442504,0.0,-0.0979663045442504,90014.03381021047
2010-05-07,True,-0.0727727993860051,0.0,-0.0727727993860051,83463.46058581494
2010-05-10,True,0.1491523494365785,0.0,0.1491523494365785,95912.23182429651
2010-05-11,True,-0.0006600444364108,0.0,-0.0006600444364108,95848.92548929715
2010-05-12,True,0.0538810971808829,0.0,0.0538810971808829,101013.37075826917
2010-05-13,True,-0.0452057145572142,0.0,-0.0452057145572142,96446.98915330881
2010-05-14,True,-0.0615337309781566,0.0,-0.0615337309781566,90512.24606909591
2010-05-17,True,0.0135150814784961,0.0,0.0135150814784961,91735.52644952144
2010-05-18,True,-0.0382218012020034,0.0,-0.0382218012020034,88229.2293944067
2010-05-19,True,-0.0263927381485205,0.0,-0.0263927381485205,85900.61844595437
2010-05-20,True,-0.1011497305149852,0.0,-0.1011497305149852,77211.79403907552
2010-05-21,True,0.0077456143645888,0.0,0.0077456143645888,77809.84682010027
2010-05-24,False,0.008062232900393018,0.0005014773477268211,0.007560755552666196,78398.14805149744
2010-05-25,False,0.0030197355443521367,2.3775401277340015e-07,0.0030194977903393633,78634.87108630563
2010-05-26,False,0.002110831992100324,1.2219624540589364e-06,0.002109610029646265,78800.75999902925
2010-05-27,False,-0.0035975004981297055,9.123690809652724e-07,-0.0035984128672106705,78517.20233030277
2010-05-28,False,0.006185476927003303,7.908619869268774e-07,0.006184686065016376,79002.80657741905
2010-06-01,False,0.00428582237454774,7.266243051292226e-07,0.004285095750242611,79341.3411681412
2010-06-02,False,-0.0010797822104820312,5.505581846806663e-07,-0.001080332768666712,79255.62611736728
2010-06-03,False,-0.008884274672617938,1.3462893972129298e-06,-0.00888562096201515,78551.39066458117
2010-06-04,False,0.010977701780464385,4.5043825970374206e-07,0.010977251342204682,79413.66902318597
2010-06-07,False,0.007840506739109817,1.8945417231911178e-06,0.007838612197386626,80036.16197783034
2010-06-08,False,-0.0014903519615308391,6.10969219429769e-07,-0.001490962930750269,79916.83102720189
2010-06-09,False,-0.004265013720840992,9.64946556831242e-07,-0.004265978667397823,79575.9075308738
2010-06-10,False,-0.01129238690476247,7.288386553554737e-07,-0.011293115743417825,78677.24759674011
2010-06-11,False,0.00534601326885854,5.629395054385367e-07,0.005345450329353101,79097.81291581871
2010-06-14,False,-0.008439962838995028,2.116200177693775e-06,-0.008442079039172722,78430.06292735766
2010-06-15,False,3.4552385147768615e-05,1.9311859793265662e-06,3.2621199168442045e-05,78432.6214100612
2010-06-16,False,-0.0016911632739455898,6.283627160919292e-07,-0.0016917916366616817,78299.92975711821
2010-06-17,False,0.005540056423202061,1.2443385741111035e-06,0.005538812084627949,78733.61835428246
2010-06-18,False,0.002409107212439893,8.679256509454697e-07,0.0024082392867889476,78923.2277471943
2010-06-21,False,-0.007979218347115168,1.996876025842309e-06,-0.00798121522314101,78293.32448043895
2010-06-22,False,0.007843618579504948,5.750661680394286e-07,0.007843043513336909,78907.38243114285
2010-06-23,False,0.00020736637466496998,7.205650826222765e-07,0.0002066458095823477,78923.68831106737
2010-06-24,False,0.0015146027624274173,2.520520350293848e-07,0.001514350710392388,79043.206454528
2010-06-25,False,0.001680958072797413,1.7322478428041384e-06,0.0016792258249546089,79175.93784809366
2010-06-28,False,-4.898936349541765e-05,2.2592502401852093e-06,-5.124861373560286e-05,79171.88019103772
2010-06-29,False,0.0076533460608314815,1.7146528250835403e-06,0.007651631408006398,79777.67423613838
2010-06-30,False,-0.0020022087532466644,1.607851128061416e-06,-0.002003816604374726,79617.8144078456
2010-07-01,False,-0.016411192379644935,3.680672537135971e-06,-0.01641487305218207,78310.89809164862
2010-07-02,False,0.0022795290625693687,1.6810632389317876e-06,0.002277847999330437,78489.27841419245
2010-07-06,False,-0.004768974200434729,1.9997469000742064e-06,-0.004770973947334803,78114.80811173323
2010-07-07,False,-0.0023030444601845495,2.231298035214935e-06,-0.0023052757582197646,77934.73193823527
2010-07-08,False,-0.004769972101071483,7.134075840942445e-07,-0.004770685508655577,77562.92984195657
2010-07-09,False,0.004398664041321442,1.016219084878367e-06,0.004397647822236564,77904.02429146234
2010-07-12,False,-0.0009477948975307821,1.2795489884969841e-06,-0.0009490744465192791,77830.0875727263
2010-07-13,False,-0.001783932858326165,1.7492300850305704e-06,-0.0017856820884111955,77691.1077794082
2010-07-14,False,0.00039862082075137905,6.554302365539694e-07,0.0003979653905148251,77722.02615145517
2010-07-15,False,-0.0037810576305037677,1.5992037430982709e-06,-0.003782656834246866,77428.03039806185
2010-07-16,False,-7.37301217484052e-05,2.1869835863562446e-06,-7.591710533476143e-05,77422.15228612226
2010-07-19,False,-0.0036068807572427306,7.443493730372869e-07,-0.003607625106615768,77142.84218572662
2010-07-20,False,0.0034057822873556597,7.547194859719442e-07,0.0034050275678696876,77405.51569003284
2010-07-21,False,-6.915325206720757e-05,1.1315774870674228e-06,-7.0284829554275e-05,77400.07525655601
2010-07-22,False,-0.0033685167467877876,2.155842533880861e-06,-0.0033706725893216686,77139.18494447731
2010-07-23,False,-0.004703303793771744,3.5709785471409185e-07,-0.0047036608916264586,76776.34837704203
2010-07-26,False,-0.002739958865401402,3.6266406697343935e-07,-0.0027403215294683754,76565.95649663046
2010-07-27,False,-0.008035969325665167,1.5732371716299237e-06,-0.008037542562836796,75950.55436242449
2010-07-28,False,0.001302900933189597,6.795980399445095e-07,0.0013022213351496525,76049.45879473168
2010-07-29,False,0.0005663563895431855,8.439147750654297e-07,0.0005655124747681201,76092.46571237946
2010-07-30,False,0.0073530656016917205,5.205910394496388e-07,0.007352545010652271,76651.93899150124
2010-08-02,False,-0.0023490206213902585,4.647558829087156e-07,-0.0023494853772731672,76471.84638170106
2010-08-03,False,0.00438398278587042,9.890261499334586e-08,0.004383883883255426,76807.0900765766
2010-08-04,False,0.0009128236937975268,8.959906797546269e-07,0.0009119277031177722,76877.1325898133
2010-08-05,False,0.00602977372357946,1.2044418674793251e-06,0.00602856928171198,77340.59170981032
2010-08-06,False,0.0045396966898854215,4.6653658965919996e-07,0.004539230153295762,77691.65845577324
2010-08-09,False,-0.001007229637382684,4.548919966323728e-07,-0.0010076845293793164,77613.36977348552
2010-08-10,False,0.0018060902724627672,5.733129238489481e-07,0.0018055169595389182,77753.50202889854
2010-08-11,False,0.003288329233637982,1.221262547722729e-06,0.0032871079710902595,78009.08618519791
2010-08-12,False,0.004575174143610559,1.262828407665839e-06,0.004573911315202893,78365.89282718903
2010-08-13,False,0.0005650443436218017,3.285922398375274e-07,0.0005647157513819642,78410.14728123965
2010-08-16,False,0.007065990748574472,4.7094052679794163e-07,0.007065519808047674,78964.15573000719
2010-08-17,False,-0.0023081170766896656,4.134762761195954e-07,-0.002308530552965785,78781.86456391533
2010-08-18,False,0.0019340188365226847,4.6190931610144706e-07,0.0019335569272065833,78934.19378388113
2010-08-19,False,0.003017824400446936,3.4764679627428964e-07,0.0030174767536506617,79172.37587869214
2010-08-20,False,-0.0025276646037042725,3.0037000190588637e-07,-0.0025279649737061784,78972.2308855857
2010-08-23,False,0.001561541731349434,5.233979141522765e-07,0.0015610183334352817,79095.5079858304
2010-08-24,False,0.0048481501562642765,1.0645884548757257e-07,0.004848043697418789,79478.96646481522
2010-08-25,False,0.0007037572517236005,1.2665504584552651e-06,0.0007024907012651452,79534.79969970293
2010-08-26,False,0.001669165604451259,8.261472013026544e-07,0.0016683394572499565,79667.4907442664
2010-08-27,False,-0.004229233049167576,7.770560293965113e-07,-0.004230010105196973,79330.49645336247
2010-08-30,False,0.004087329703321411,8.156154880054473e-07,0.004086514087833406,79654.68164471396
2010-08-31,False,0.006124237713979376,5.884571190151178e-07,0.00612364925686036,80142.45897677305
2010-09-01,False,-0.0044718768716818305,2.608536936525713e-07,-0.004472137725375483,79784.05086257866
2010-09-02,False,0.0004052023923488735,7.539188822469623e-07,0.00040444847346662654,79816.31940015702
2010-09-03,False,-0.002380680150788452,3.5596078724541013e-07,-0.0023810361115756975,79626.2738613722
2010-09-07,False,0.007327995703133007,4.437489259220412e-07,0.007327551954207085,80209.73952001132
2010-09-08,False,-0.0035051400914201413,7.634861105385999e-07,-0.00350590357753068,79928.53190727532
2010-09-09,False,-0.005303489305816117,6.816505510434251e-07,-0.00530417095636716,79504.57730974768
2010-09-10,False,-0.00318962508790351,1.0166385143935835e-06,-0.003190641726417904,79250.90668794198
2010-09-13,False,0.0021894202535210844,5.143845367589495e-07,0.0021889058689843256,79424.37946271355
2010-09-14,False,0.010317885040515598,1.5532505356436466e-06,0.010316331789979954,80243.74771346417
2010-09-15,False,-0.00382826499393648,8.90364385151457e-07,-0.0038291553583216314,79936.48193693534
2010-09-16,False,-0.0001648538370960844,9.554944850749675e-07,-0.00016580933158115936,79923.22772229642
2010-09-17,False,0.004897496040799232,1.4632510602591298e-06,0.004896032789738973,80314.53446588655
2010-09-20,False,0.001387470146839173,2.608830570197396e-07,0.0013872092637821532,80425.94753211398
2010-09-21,False,0.00610021178771009,5.018184342798354e-07,0.006099709969275811,80916.52248606409
2010-09-22,True,-0.0047440193868228,0.0005,-0.0052440193868228,80492.19467343288
2010-09-23,True,-0.0029929965071789,0.0,-0.0029929965071789,80251.28181592013
2010-09-24,True,0.0566257318871032,0.0,0.0566257318871032,84795.56938362478
2010-09-27,True,-0.0114468944983396,0.0,-0.0114468944983396,83824.92344696379
2010-09-28,True,0.0025120955644188,0.0,0.0025120955644188,84035.49966534266
2010-09-29,True,-0.0080546514477607,0.0,-0.0080546514477607,83358.62300629992
2010-09-30,True,-0.0135407256534112,0.0,-0.0135407256534112,82229.88676132547
2010-10-01,True,-0.003109100286315,0.0,-0.003109100286315,81974.2257968522
2010-10-04,True,-0.0346924957276527,0.0,-0.0346924957276527,79130.33531861728
2010-10-05,True,0.074445327351593,0.0,0.074445327351593,85021.21903485306
2010-10-06,True,-0.025484622568942,0.0,-0.025484622568942,82854.48535739849
2010-10-07,True,0.0098048390287912,0.0,0.0098048390287912,83666.86024914113
2010-10-08,True,0.0201444521371334,0.0,0.0201444521371334,85352.28331089418
2010-10-11,True,0.002027223900723,0.0,0.002027223900723,85525.31149960331
2010-10-12,True,0.0207609125997731,0.0,0.0207609125997731,87300.89501671495
2010-10-13,True,0.0242994044034272,0.0,0.0242994044034272,89422.25476950724
2010-10-14,True,-0.0055503050333329,0.0,-0.0055503050333329,88925.93397876807
2010-10-15,True,0.0637887319506644,0.0,0.0637887319506644,94598.40654480219
2010-10-18,True,0.0,0.0,0.0,94598.40654480219
2010-10-19,True,-0.0397652065858012,0.0,-0.0397652065858012,90836.68136586052
2010-10-20,True,0.0207900451957503,0.0,0.0207900451957503,92725.18007688875
2010-10-21,True,0.0069760588055054,0.0,0.0069760588055054,93372.0363858562
2010-10-22,True,0.0194985902581281,0.0,0.0194985902581281,95192.65946491105
2010-10-25,True,0.0151741219145318,0.0,0.0151741219145318,96637.12448500011
2010-10-26,True,0.0059939981467587,0.0,0.0059939981467587,97216.3672300713
2010-10-27,True,0.0102938380960038,0.0,0.0102938380960038,98217.0967746193
2010-10-28,True,0.0057445649983705,0.0,0.0057445649983705,98781.31127099234
2010-10-29,True,-0.0047991170773606,0.0,-0.0047991170773606,98307.24819314765
2010-11-01,True,0.002297924991566,0.0,0.002297924991566,98533.15087562277
2010-11-02,True,0.0303108871016557,0.0,0.0303108871016557,101519.77808758419
2010-11-03,True,0.0144505035293296,0.0,0.0144505035293296,102986.78999913558
2010-11-04,True,0.0354321650635203,0.0,0.0354321650635203,106635.83494174706
2010-11-05,True,0.001197443724594,0.0,0.001197443724594,106763.52535311492
2010-11-08,True,0.0025381176843217,0.0,0.0025381176843217,107034.50374485418
2010-11-09,True,-0.0161675877744252,0.0,-0.0161675877744252,105304.01401066722
2010-11-10,True,0.0152894249945936,0.0,0.0152894249945936,106914.05183451295
2010-11-11,True,-0.0168182975395666,0.0,-0.0168182975395666,105115.93949959945
2010-11-12,True,-0.0508858017590863,0.0,-0.0508858017590863,99767.03064050272
2010-11-15,True,-0.010708106586865,0.0,-0.010708106586865,98698.7146425492
2010-11-16,True,-0.0496227326027536,0.0,-0.0496227326027536,93801.0147176065
2010-11-17,True,0.0094617864714527,0.0,0.0094617864714527,94688.53988967008
2010-11-18,True,0.0464823197401811,0.0,0.0464823197401811,99089.88287655263
2010-11-19,True,0.0023526429043378,0.0,0.0023526429043378,99323.00598639382
2010-11-22,True,0.0263612337174568,0.0,0.0263612337174568,101941.28296072151
2010-11-23,True,-0.0472334651756646,0.0,-0.0472334651756646,97126.24292203369
2010-11-24,True,0.0584029955092297,0.0,0.0584029955092297,102798.7064512376
2010-11-26,True,-0.0062923678173327,0.0,-0.0062923678173327,102151.8591791004
2010-11-29,True,-0.0139198269489562,0.0,-0.0139198269489562,100729.92297681318
2010-11-30,True,-0.0380154520674871,0.0,-0.0380154520674871,96900.62941812645
2010-12-01,True,0.0635865109071687,0.0,0.0635865109071687,103062.20234753368
2010-12-02,True,0.0303660293993213,0.0,0.0303660293993213,106191.79221397768
2010-12-03,True,0.0083603097608713,0.0,0.0083603097608713,107079.5884909486
2010-12-06,True,-0.0017565680572647,0.0,-0.0017565680572647,106891.49590622037
2010-12-07,True,0.0009163516910277,0.0,0.0009163516910277,106989.44610925052
2010-12-08,True,0.0138519555306928,0.0,0.0138519555306928,108471.45915900932
2010-12-09,True,0.0010388007795212,0.0,0.0010388007795212,108584.13939533949
2010-12-10,True,0.0209944744943983,0.0,0.0209944744943983,110863.80634037114
2010-12-13,True,-0.0117392431706658,0.0,-0.0117392431706658,109562.34915891592
2010-12-14,True,0.0041870738816791,0.0,0.0041870738816791,110021.09480949462
2010-12-15,True,-0.0101879760264363,0.0,-0.0101879760264363,108900.20253317323
2010-12-16,True,0.0208646662088236,0.0,0.0208646662088236,111172.36890910118
2010-12-17,True,0.0030454046132779,0.0,0.0030454046132779,111510.933754246
2010-12-20,True,0.0026971685565027,0.0,0.0026971685565027,111811.69753847421
2010-12-21,True,0.0164844281719491,0.0,0.0164844281719491,113654.84943533089
2010-12-22,True,0.0010599634296317,0.0,0.0010599634296317,113775.31941933265
2010-12-23,True,-0.0076047363897895,0.0,-0.0076047363897895,112910.08810748452
2010-12-27,True,0.0004016188006901,0.0,0.0004016188006901,112955.43492165607
2010-12-28,True,-0.0043298694750881,0.0,-0.0043298694750881,112466.35263194349
2010-12-29,True,0.0059541199865138,0.0,0.0059541199865138,113135.99078995966
2010-12-30,True,-0.007515116698975,0.0,-0.007515116698975,112285.76061631895
2010-12-31,True,-0.0091798636142826,0.0,-0.0091798636142826,111254.99264803516
2011-01-03,True,0.0451720514958431,0.0,0.0451720514958431,116280.60890510185
2011-01-04,True,-0.0015526821984624,0.0,-0.0015526821984624,116100.06207362852
2011-01-05,True,0.0248188120396355,0.0,0.0248188120396355,118981.52769202393
2011-01-06,True,0.0090420308226539,0.0,0.0090420308226539,120057.36233274167
2011-01-07,True,-0.0023197750302212,0.0,-0.0023197750302212,119778.85626140797
2011-01-10,True,0.0112443142984948,0.0,0.0112443142984948,121125.68736752548
2011-01-11,True,0.0045960927243278,0.0,0.0045960927243278,121682.39225796456
2011-01-12,True,0.0202801852454366,0.0,0.0202801852454366,124150.13371406397
2011-01-13,True,0.0031509860907208,0.0,0.0031509860907208,124541.32905855811
2011-01-14,True,0.021686637359805,0.0,0.021686637359805,127242.21169815923
2011-01-18,True,0.0079806664624584,0.0,0.0079806664624584,128257.68934966777
2011-01-19,True,-0.0334920432045208,0.0,-0.0334920432045208,123962.07727665668
2011-01-20,True,-0.0224568321075326,0.0,-0.0224568321075326,121178.28171955382
2011-01-21,True,-0.0228465464358939,0.0,-0.0228465464358939,118409.77647922622
2011-01-24,True,0.0412986440302582,0.0,0.0412986440302582,123299.93968774423
2011-01-25,True,0.0034768726659424,0.0,0.0034768726659424,123728.63787775689
2011-01-26,True,0.0155062992286436,0.0,0.0155062992286436,125647.21115984189
2011-01-27,True,0.0192793347306867,0.0,0.0192793347306867,128069.60580176977
2011-01-28,True,-0.075426400058538,0.0,-0.075426400058538,118409.77647922622
2011-01-31,True,0.0148047538044853,0.0,0.0148047538044853,120162.8040680453
2011-02-01,True,0.0555324175182867,0.0,0.0555324175182867,126835.73507372009
2011-02-02,True,-0.0045078085640881,0.0,-0.0045078085640881,126263.98386092237
2011-02-03,True,0.003873633227919,0.0,0.003873633227919,126753.08422429547
2011-02-04,True,0.0180444176312788,0.0,0.0180444176312788,129040.26981209131
2011-02-07,True,0.0145164637130776,0.0,0.0145164637130776,130913.47820634428
2011-02-08,True,0.0213219625035696,0.0,0.0213219625035696,133704.81047987184
2011-02-09,True,-0.0060780466117397,0.0,-0.0060780466117397,132892.14640956136
2011-02-10,True,0.0048695005275196,0.0,0.0048695005275196,133539.26478660593
2011-02-11,True,0.0205066256016692,0.0,0.0205066256016692,136277.70449270704
2011-02-14,True,0.0062939254011287,0.0,0.0062939254011287,137135.42619862122
2011-02-15,True,-0.0025785544793602,0.0,-0.0025785544793602,136781.8150311178
2011-02-16,True,0.0184811230996431,0.0,0.0184811230996431,139309.6965925005
2011-02-17,True,-0.0008648935473219,0.0,-0.0008648935473219,139189.20853483828
2011-02-18,True,-0.005674556565302,0.0,-0.005674556565302,138399.37149772773
2011-02-22,True,-0.0880637230016124,0.0,-0.0880637230016124,126211.40758255457
2011-02-23,True,-0.0246774816243859,0.0,-0.0246774816243859,123096.8278911482
2011-02-24,True,0.0142386968070462,0.0,0.0142386968070462,124849.56630139942
2011-02-25,True,0.0428452195146702,0.0,0.0428452195146702,130198.77337589426
2011-02-28,True,0.0072800612955508,0.0,0.0072800612955508,131146.6284266763
2011-03-01,True,-0.0480727628584515,0.0,-0.0480727628584515,124842.04765863525
2011-03-02,True,0.0141021896436468,0.0,0.0141021896436468,126602.59389021852
2011-03-03,True,0.0596627004407828,0.0,0.0596627004407828,134156.0465245167
2011-03-04,True,-0.0148047795840294,0.0,-0.0148047795840294,132169.89582585645
2011-03-07,True,-0.0398449522935393,0.0,-0.0398449522935393,126903.59263203313
2011-03-08,True,0.0104335049119372,0.0,0.0104335049119372,128227.64188910193
2011-03-09,True,-0.0201823904508201,0.0,-0.0201823904508201,125639.70155390813
2011-03-10,True,-0.04574902582681,0.0,-0.04574902582681,119891.8076026457
2011-03-11,True,0.0166916911258141,0.0,0.0166916911258141,121893.0046236646
2011-03-14,True,-0.0097505506369922,0.0,-0.0097505506369922,120704.48070978644
2011-03-15,True,-0.04088920306576,0.0,-0.04088920306576,115768.97068709687
2011-03-16,True,-0.0734334655603704,0.0,-0.0734334655603704,107267.6539651864
2011-03-17,True,0.026091795883304,0.0,0.026091795883304,110066.45969732694
2011-03-18,True,-0.0054699746234819,0.0,-0.0054699746234819,109464.39895588606
2011-03-21,True,0.0558081508338754,0.0,0.0558081508338754,115573.40464375568
2011-03-22,True,-0.0027345047791671,0.0,-0.0027345047791671,115257.3686164127
2011-03-23,True,0.0151444455743572,0.0,0.0151444455743572,117002.8775624676
2011-03-24,True,0.0543973679218643,0.0,0.0543973679218643,123367.52614115
2011-03-25,True,0.0073179502209148,0.0,0.0073179502209148,124270.32355632835
2011-03-28,True,-0.0169498119446849,0.0,-0.0169498119446849,122163.96494174343
2011-03-29,True,0.0286974404541702,0.0,0.0286974404541702,125669.75805130445
2011-03-30,True,0.0147263870917544,0.0,0.0147263870917544,127520.41955409509
2011-03-31,True,0.0042476222237544,0.0,0.0042476222237544,128062.07812217553
2011-04-01,True,0.0015274719133155,0.0,0.0015274719133155,128257.689349668
2011-04-04,True,-0.0090325541715805,0.0,-0.0090325541715805,127099.19482269537
2011-04-05,True,-0.0113650769589443,0.0,-0.0113650769589443,125654.70269211558
2011-04-06,True,0.0075436189636737,0.0,0.0075436189636737,126602.5938902186
2011-04-07,True,-0.0002373368478697,0.0,-0.0002373368478697,126572.54642965256
2011-04-08,True,-0.0149774754915628,0.0,-0.0149774754915628,124676.80921759775
2011-04-11,True,-0.0090531525341173,0.0,-0.0090531525341173,123548.0910462838
2011-04-12,True,-0.0197286817112648,0.0,-0.0197286817112648,121110.65008199727
2011-04-13,True,0.0238540892911038,0.0,0.0238540892911038,123999.63434315688
2011-04-14,True,-0.0054611766789331,0.0,-0.0054611766789331,123322.45043188581
2011-04-15,True,-0.0064653967431858,0.0,-0.0064653967431858,122525.12186250181
2011-04-18,True,-0.0192802729639991,0.0,-0.0192802729639991,120162.80406804552
2011-04-19,True,0.0180316504284272,0.0,0.0180316504284272,122329.5377455001
2011-04-20,True,0.0665432497769964,0.0,0.0665432497769964,130469.74273080344
2011-04-21,True,0.0253711223700188,0.0,0.0253711223700188,133779.90653921152
2011-04-25,True,0.0074222568948774,0.0,0.0074222568948774,134772.85537291822
2011-04-26,True,0.0171935513655168,0.0,0.0171935513655168,137090.07938444987
2011-04-27,True,0.0207448824998512,0.0,0.0207448824998512,139933.99697317556
2011-04-28,True,-0.0015051481919041,0.0,-0.0015051481919041,139723.3755706455
2011-04-29,True,-0.00484653961211,0.0,-0.00484653961211,139046.20069620464
2011-05-02,True,-0.0054104178359732,0.0,-0.0054104178359732,138293.9026519336
2011-05-03,True,-0.0150157181126973,0.0,-0.0150157181126973,136217.32039300737
2011-05-04,True,-0.0058535557561568,0.0,-0.0058535557561568,135419.96471313262
2011-05-05,True,-0.0149993270088851,0.0,-0.0149993270088851,133388.75637886865
2011-05-06,True,0.0086847600522717,0.0,0.0086847600522717,134547.20572169006
2011-05-09,True,0.0108476454152228,0.0,0.0108476454152228,136006.726100968
2011-05-10,True,0.0256680461990412,0.0,0.0256680461990412,139497.753029908
2011-05-11,True,-0.0215734962018788,0.0,-0.0215734962018788,136488.29878474664
2011-05-12,True,0.0176380282289756,0.0,0.0176380282289756,138895.68325163686
2011-05-13,True,-0.0354234585967585,0.0,-0.0354234585967585,133975.517766704
2011-05-16,True,-0.0520000709588257,0.0,-0.0520000709588257,127008.78133608997
2011-05-17,True,0.0081748487253827,0.0,0.0081748487253827,128047.05891030772
2011-05-18,True,0.0243237818559993,0.0,0.0243237818559993,131161.64763854432
2011-05-19,True,0.00860568821219,0.0,0.00860568821219,132290.38388351878
2011-05-20,True,-0.0220652673248389,0.0,-0.0220652673248389,129371.36119862339
2011-05-23,True,-0.0433840823396964,0.0,-0.0433840823396964,123758.70341198372
2011-05-24,True,-0.0188429669270161,0.0,-0.0188429669270161,121426.7222566613
2011-05-25,True,0.0111512568662748,0.0,0.0111512568662748,122780.78282697515
2011-05-26,True,0.0187506039910032,0.0,0.0187506039910032,125082.99666346914
2011-05-27,True,0.0149156866887241,0.0,0.0149156866887241,126948.69545178815
2011-05-31,True,0.0481217045395252,0.0,0.0481217045395252,133057.6830659973
2011-06-01,True,-0.0638922358584489,0.0,-0.0638922358584489,124556.33019676585
2011-06-02,True,0.0057985133773115,0.0,0.0057985133773115,125278.57174364063
2011-06-03,True,-0.0454010680143199,0.0,-0.0454010680143199,119590.79078717074
2011-06-06,True,-0.0241570957803971,0.0,-0.0241570957803971,116701.82459967163
2011-06-07,True,-0.0058001295026445,0.0,-0.0058001295026445,116024.93890379863
2011-06-08,True,-0.0215279568637069,0.0,-0.0215279568637069,113527.15902396342
2011-06-09,True,0.0043743715034938,0.0,0.0043743715034938,114023.76899327047
2011-06-10,True,-0.0459223344906782,0.0,-0.0459223344906782,108787.53133367369
2011-06-13,True,0.0006903833118463,0.0,0.0006903833118463,108862.63642984342
2011-06-14,True,0.037179438330523,0.0,0.037179438330523,112910.08810748493
2011-06-15,True,-0.054637204483436,0.0,-0.054637204483436,106740.99653531352
2011-06-16,True,-0.0139550587405414,0.0,-0.0139550587405414,105251.4196586393
2011-06-17,True,-0.0074329394673622,0.0,-0.0074329394673622,104469.09222746268
2011-06-20,True,0.0132492310582819,0.0,0.0132492310582819,105853.22736883331
2011-06-21,True,0.066666467466909,0.0,0.066666467466909,112910.08810748495
2011-06-22,True,-0.0225213865212792,0.0,-0.0225213865212792,110367.1963710646
2011-06-23,True,0.0276759035401741,0.0,0.0276759035401741,113421.70825182962
2011-06-24,True,-0.0526665099732691,0.0,-0.0526665099732691,107448.18272299944
2011-06-27,True,0.0485932331541636,0.0,0.0485932331541636,112669.43731804931
2011-06-28,True,0.0448715712188312,0.0,0.0448715712188312,117725.09199885181
2011-06-29,True,0.0125252019707913,0.0,0.0125252019707913,119199.62255316741
2011-06-30,True,0.0379952153168086,0.0,0.0379952153168086,123728.63787775733
2011-07-01,True,0.0463340397763678,0.0,0.0463340397763678,129461.48550666115
2011-07-05,True,0.0144111566786615,0.0,0.0144111566786615,131327.17525814992
2011-07-06,True,0.0106559546305995,0.0,0.0106559546305995,132726.59167946555
2011-07-07,True,0.0404720542482466,0.0,0.0404720542482466,138098.30949810173
2011-07-08,True,-0.008279892577537,0.0,-0.008279892577537,136954.870330318
2011-07-11,True,-0.0536151677158233,0.0,-0.0536151677158233,129612.01198805915
2011-07-12,True,-0.0243800287548158,0.0,-0.0243800287548158,126452.06740882075
2011-07-13,True,0.0133284813721064,0.0,0.0133284813721064,128137.48143374354
2011-07-14,True,-0.0344071344828637,0.0,-0.0344071344828637,123728.63787775728
2011-07-15,True,0.0397683338181806,0.0,0.0397683338181806,128649.11965174873
2011-07-18,True,-0.0164917485413303,0.0,-0.0164917485413303,126527.47072038856
2011-07-19,True,0.0705186821434078,0.0,0.0705186821434078,135450.02121052897
2011-07-20,True,-0.0139958428585867,0.0,-0.0139958428585867,133554.2839984742
2011-07-21,True,0.0202792686810089,0.0,0.0202792686810089,136262.66720717898
2011-07-22,True,0.0310282306881326,0.0,0.0310282306881326,140490.6566794636
2011-07-25,True,-0.0058891890002176,0.0,-0.0058891890002176,139663.28064951356
2011-07-26,True,0.0054939867926651,0.0,0.0054939867926651,140430.58886882226
2011-07-27,True,-0.0758597629854581,0.0,-0.0758597629854581,129777.55768132511
2011-07-28,True,0.0053336267213333,0.0,0.0053336267213333,130469.7427308036
2011-07-29,True,-0.0096873736801436,0.0,-0.0096873736801436,129205.8335790181
2011-08-01,True,-0.0135095911270726,0.0,-0.0135095911270726,127460.31559613299
2011-08-02,True,-0.0759069882331487,0.0,-0.0759069882331487,117785.1869199839
2011-08-03,True,0.0259327500085353,0.0,0.0259327500085353,120839.68072708845
2011-08-04,True,-0.1360976105881658,0.0,-0.1360976105881658,104393.68891589489
2011-08-05,True,-0.0220530166788939,0.0,-0.0220530166788939,102091.4931530614
2011-08-08,False,0.01372266330186403,0.0005032021723787307,0.0132194611294853,103441.0876784494
2011-08-09,False,0.007308882047678194,3.7856944673321515e-07,0.0073085034782314606,104197.08722753939
2011-08-10,False,0.018646922995916693,2.7422384763601398e-06,0.018644180757440332,106139.7565562084
2011-08-11,False,-0.012665416462116436,1.5653187743596004e-06,-0.012666981780890796,104795.28619368274
2011-08-12,False,-0.0006182806159161572,7.974119594101187e-07,-0.0006190780278755673,104730.40973457531
2011-08-15,False,0.004976258227569922,1.2378567902913001e-06,0.004975020370779631,105251.44565644492
2011-08-16,False,0.005958165012702136,1.0573230444866494e-06,0.005957107689657649,105878.4398527125
2011-08-17,False,0.006886971153880639,1.3925808104820192e-06,0.006885578573070156,106607.47416951244
2011-08-18,False,0.007137791471602518,1.94976214850362e-06,0.007135841709454015,107368.2082302308
2011-08-19,False,0.006179267972507175,1.0549041222457507e-06,0.006178213068384929,108031.55189744788
2011-08-22,False,0.008321386267967487,2.886571562821766e-06,0.008318499696404665,108930.21232910894
2011-08-23,False,-0.013952780746808335,3.978122213324539e-06,-0.01395675886902166,107409.89962208024
2011-08-24,False,-0.01708446702993258,2.848430408806585e-06,-0.017087315460341385,105574.55278367415
2011-08-25,False,0.002155662216757522,5.248123845646297e-07,0.0021551374043729575,105802.08045132818
2011-08-26,False,0.01326542236190483,2.694560683821956e-06,0.013262727801221008,107205.30464515703
2011-08-29,False,-0.008445336972346057,1.9711632570405537e-06,-0.008447308135603097,106299.7084030482
2011-08-30,False,0.013606166618676146,2.6892992777891866e-06,0.013603477319398358,107745.7540753677
2011-08-31,False,-0.005053620842800507,8.188009000749396e-07,-0.005054439643700582,107201.15966452875
2011-09-01,False,0.0032063146288394974,3.924624203625882e-07,0.003205922166419135,107544.83823856308
2011-09-02,False,0.014394907447825468,2.595264794761784e-06,0.014392312183030706,109092.65712416603
2011-09-06,False,-0.006245184432960106,1.7836082234851252e-06,-0.006246968041183592,108411.15878158355
2011-09-07,False,-0.01144335922956917,3.435524858676764e-06,-0.011446794754427846,107170.19849792108
2011-09-08,False,0.008098877633663184,3.0771103589288528e-06,0.008095800523304254,108037.82704700317
2011-09-09,False,-1.4638147528795003e-05,1.0151215309825296e-06,-1.5653269059777534e-05,108036.13590182777
2011-09-12,False,-0.009787814291066217,2.1063393927355094e-06,-0.009789920630458953,106978.47070612741
2011-09-13,False,0.0031711272506227315,1.2316860285347399e-06,0.0031698955645941967,107317.58128592584
2011-09-14,False,-0.0036909312592551175,6.287046541723768e-07,-0.0036915599639092897,106921.41199942713
2011-09-15,False,-0.007207359683081995,1.4520663976106824e-06,-0.007208811749479605,106150.63566833471
2011-09-16,False,0.003114174583605965,1.0354726933393953e-06,0.003113139110912626,106481.09736388206
2011-09-19,False,-0.0028123945843551326,2.1125286079171497e-06,-0.00281450711296305,106181.4055579553
2011-09-20,False,0.005160641923908727,1.5074346442137677e-06,0.005159134489264514,106729.20970948793
2011-09-21,False,-0.005812269300700844,1.1142261720850782e-06,-0.005813383526872929,106108.75187992663
2011-09-22,False,-0.008452283457028753,2.975358354447691e-06,-0.0084552588153832,105211.57492020457
2011-09-23,False,-0.023847131403961493,5.270760313434028e-06,-0.02385240216427493,102702.0261228711
2011-09-26,False,-0.008762120618409806,9.210926572362637e-07,-0.008763041711067043,101802.04398414529
2011-09-27,False,0.0038267176333551534,2.5782254651626757e-06,0.0038241394078899907,102191.34919234879
2011-09-28,False,-0.00921814009017534,3.0676581324723535e-06,-0.009221207748307814,101249.02153136628
2011-09-29,False,0.0032012638500712206,1.0420852933786805e-06,0.003200221764777842,101573.04085373342
2011-09-30,False,0.004141834850149107,3.3663324566653164e-07,0.00414149821690344,101993.70542131462
2011-10-03,False,0.009864601394474029,1.4000094317463685e-06,0.009863201385042283,102999.68987789172
2011-10-04,False,-0.006322459147687291,2.399139803403297e-06,-0.0063248582874906945,102348.23143575856
2011-10-05,False,9.614027767052696e-05,1.9080164463576994e-06,9.423226122416926e-05,102357.87594103903
2011-10-06,False,-0.0024721675793258923,1.4922657627217119e-06,-0.002473659845088614,102104.67737349514
2011-10-07,False,-0.005505654623964336,4.452727341048568e-07,-0.005506099896698442,101542.4788199565
2011-10-10,False,0.0033956195657895154,3.7038626175176503e-06,0.0033919157031719977,101886.90234840492
2011-10-11,False,-0.003806925782582595,7.766534969988192e-07,-0.003807702436079594,101498.9473421283
2011-10-12,False,-0.0009243705425896325,1.3479752334069755e-06,-0.0009257185178230395,101404.98788703413
2011-10-13,False,0.0030461546272625025,1.5725174308743734e-06,0.0030445821098316283,101713.7236990027
2011-10-14,False,-0.0029269826709722216,1.8325333481920974e-06,-0.002928815204320414,101415.82299854502
2011-10-17,False,0.003955822128382125,1.5512266020843158e-06,0.003954270901780041,101816.84863640823
2011-10-18,False,-0.00035215021259592494,7.40977672977039e-07,-0.00035289119026890196,101780.9183675035
2011-10-19,False,-0.0038030419173541025,1.4002388279551608e-06,-0.0038044421561820576,101393.69875097125
2011-10-20,False,-0.005446556597258202,1.2885279187437454e-06,-0.005447845125176946,100841.32158350712
2011-10-21,False,-0.0001626347370445013,1.903203737531986e-06,-0.00016453794078203328,100824.729360108
2011-10-24,False,-0.001457852190542745,1.812819751175504e-06,-0.0014596650102939204,100677.55903048872
2011-10-25,False,0.013861532727776153,2.3869112103682423e-06,0.013859145816565785,102072.86400154815
2011-10-26,False,0.003403769953488589,1.2545726139312902e-06,0.003402515380874658,102420.16849128333
2011-10-27,False,-0.008701152773201132,3.964301867319789e-06,-0.008705117075068452,101528.58893371846
2011-10-28,False,0.0004196963217337057,4.892249881681271e-07,0.0004192070967455376,101571.15043872205
2011-10-31,False,0.0025581413579056655,2.6598533284178247e-06,0.0025554815045772477,101830.71363506683
2011-11-01,False,0.01123408881590881,2.707238506190812e-06,0.011231381577402619,102974.41323620146
2011-11-02,False,0.0028689991372376038,1.1912486876221595e-06,0.0028678078885499814,103269.72407079906
2011-11-03,False,0.002010445161192255,2.28268339714556e-06,0.0020081624777951094,103477.10645577028
2011-11-04,False,0.0008187754636860544,9.800532455820354e-07,0.0008177954104404724,103561.72955851546
2011-11-07,False,0.010321063265012193,2.2851030617368068e-06,0.010318778161950455,104630.3600718977
2011-11-08,False,-0.005070699847103229,5.387224075202729e-07,-0.00507123856951075,104099.7545543593
2011-11-09,False,0.0016883301692989974,1.6807975568294414e-06,0.001686649371742168,104275.33433997692
2011-11-10,False,-0.0023858561090724702,5.188806594365742e-07,-0.002386374989731907,104026.49429006207
2011-11-11,False,0.0030115559682649916,2.2376319813825347e-06,0.003009318336283609,104339.54312678844
2011-11-14,False,0.0009848233880000409,8.914054189385484e-07,0.0009839319825811024,104442.20614031878
2011-11-15,False,0.00029278726333329666,1.8631780890156213e-07,0.0002926009455243951,104472.7660285881
2011-11-16,False,-0.0027162617570851417,1.3294793098626024e-06,-0.0027175912363950044,104188.85175518686
2011-11-17,False,-0.008829297643363916,2.8389697743778086e-06,-0.008832136613138294,103268.64158291904
2011-11-18,False,-0.001293634047805332,7.351972801701995e-07,-0.0012943692450855023,103134.97382927233
2011-11-21,False,-0.006444416186714497,3.0420980790806934e-06,-0.006447458284793577,102470.01538780483
2011-11-22,False,0.004640567775445939,1.0666756334026252e-06,0.004639501099812537,102945.42513689437
2011-11-23,False,4.873558753224441e-05,4.92033583621293e-07,4.8243553948623116e-05,102950.39159006572
2011-11-25,False,-0.0072662320495920155,6.670450896260754e-07,-0.007266899094681641,102202.26148262277
2011-11-28,False,0.0063944612646932705,2.2146797444839022e-06,0.006392246584948786,102855.5635395591
2011-11-29,False,-0.001784954141944394,7.08772769900598e-07,-0.0017856629147142947,102671.89817417448
2011-11-30,False,0.0049492051401262985,2.4090547933011687e-06,0.0049467960853329974,103179.7951181362
2011-12-01,False,-0.0011396429899679992,3.002231438573172e-07,-0.0011399432131118565,103062.176010961
2011-12-02,False,0.002491154306442076,2.2923655196935288e-07,0.0024909250698901065,103318.89616894413
2011-12-05,False,-0.004353823052205735,1.7354970645285101e-06,-0.004355558549270264,102868.88466743434
2011-12-06,False,0.0012596193677408788,6.458772140273545e-07,0.0012589734905268514,102998.39386623069
2011-12-07,False,0.006280470618877466,4.924403782698983e-07,0.006279978178499196,103645.2215321311
2011-12-08,False,-0.003978668762859496,2.712495983467886e-06,-0.003981381258842964,103232.57038955444
2011-12-09,False,-0.0008227293521505565,5.593174565484554e-07,-0.0008232886696071049,103147.5801840183
2011-12-12,False,-0.0047840405295938235,3.637115875940511e-06,-0.004787677645469764,102653.74282018698
2011-12-13,False,-0.0051222434811165835,2.802858480644474e-06,-0.005125046339597228,102127.63763130043
2011-12-14,False,-0.006494801409490645,4.797008549778423e-06,-0.006499598418040423,101463.84899931382
2011-12-15,False,-0.002791313951095607,3.292724733145042e-07,-0.0027916432235689215,101180.59813281767
2011-12-16,False,0.007594211894073221,1.892852528831951e-06,0.007592319041544389,101948.7935146563
2011-12-19,False,-0.002026391570816512,4.7535662461348217e-07,-0.002026866927441125,101742.15687678893
2011-12-20,False,-0.0014671817973014687,2.518948463869339e-06,-0.001469700745765338,101592.62635295132
2011-12-21,False,-0.0009423741132956191,3.485063523734483e-07,-0.0009427226196479926,101496.85268609895
2011-12-22,False,-0.00390218704903351,6.529122940703152e-07,-0.0039028399613275804,101100.72671348667
2011-12-23,False,-0.0019882122089050812,6.209955411591028e-07,-0.0019888332044462405,100899.65423120525
2011-12-27,False,-0.004363319894515228,8.68771056711265e-07,-0.0043641886655719385,100459.30910384929
2011-12-28,False,-0.004047913665789363,3.5140443198499045e-06,-0.0040514277101092126,100052.30547520753
2011-12-29,False,0.0005657528768676697,8.55249111703052e-07,0.0005648976277559666,100108.82478522198
2011-12-30,False,0.004131594947410231,1.135905112089053e-06,0.004130459042298142,100522.32018576995
2012-01-03,False,0.002121103583473801,3.947595335913712e-06,0.0021171559881378874,100735.14161789276
2012-01-04,False,0.002136573832604504,4.97870940273551e-07,0.0021360759616642308,100950.31953239758
2012-01-05,False,0.0087692825805382,1.7696014348729666e-06,0.008767512979103328,101835.40276914251
2012-01-06,True,0.0103332213194387,0.0005,0.009833221319438699,102836.77282272567
2012-01-09,True,-0.0083682539125342,0.0,-0.0083682539125342,101976.20859619952
2012-01-10,True,0.0204963930982282,0.0,0.0204963930982282,104066.35305425414
2012-01-11,True,0.006956178143249,0.0,0.006956178143249,104790.25714481778
2012-01-12,True,0.0118637716756737,0.0,0.0118637716756737,106033.46482941903
2012-01-13,True,-0.0114674774768361,0.0,-0.0114674774768361,104817.52845969677
2012-01-17,True,0.0268493095786712,0.0,0.0268493095786712,107631.80673058235
2012-01-18,True,0.039725680098033,0.0,0.039725680098033,111907.55345313478
2012-01-19,True,0.0200178900306371,0.0,0.0200178900306371,114147.70655175728
2012-01-20,True,-0.0044275720271977,0.0,-0.0044275720271977,113642.30935925995
2012-01-23,True,-0.0001200597020872,0.0,-0.0001200597020872,113628.66549745378
2012-01-24,True,-0.0055305575634094,0.0,-0.0055305575634094,113000.23562206673
2012-01-25,True,0.0382027188778888,0.0,0.0382027188778888,117317.15185667174
2012-01-26,True,-0.010597191271914,0.0,-0.010597191271914,116073.9195589704
2012-01-27,True,0.0098859739682899,0.0,0.0098859739682899,117221.42330612776
2012-01-30,True,0.0016310547676472,0.0,0.0016310547676472,117412.61786748162
2012-01-31,True,0.0034916519757437,0.0,0.0034916519757437,117822.58186663585
2012-02-01,True,0.0245780922723828,0.0,0.0245780922723828,120718.43615552441
2012-02-02,True,0.010298543726436,0.0,0.010298543726436,121961.66024885906
2012-02-03,True,0.0397635269470693,0.0,0.0397635269470693,126811.28601267388
2012-02-06,True,-0.000970008850611,0.0,-0.000970008850611,126688.27794288422
2012-02-07,True,0.0043121918908877,0.0,0.0043121918908877,127234.58210770004
2012-02-08,True,0.0166419549354488,0.0,0.0166419549354488,129352.01428936704
2012-02-09,True,0.0221786551517673,0.0,0.0221786551517673,132220.8680074774
2012-02-10,True,-0.0213878033849026,0.0,-0.0213878033849026,129392.9540791523
2012-02-13,True,0.026922694044789,0.0,0.026922694044789,132876.56099337677
2012-02-14,True,0.0087384200159126,0.0,0.0087384200159126,134037.69219360693
2012-02-15,True,-0.0223208645705303,0.0,-0.0223208645705303,131045.85501880701
2012-02-16,True,0.0418023356858479,0.0,0.0418023356858479,136523.87784054212
2012-02-17,True,-0.0085047876275992,0.0,-0.0085047876275992,135362.771253412
2012-02-21,True,0.0084771265230361,0.0,0.0084771265230361,136510.25859183597
2012-02-22,True,-0.0132093599440149,0.0,-0.0132093599440149,134707.04545004584
2012-02-23,True,0.0189623632943529,0.0,0.0189623632943529,137261.40938417852
2012-02-24,True,0.0097545846045556,0.0,0.0097545846045556,138600.33741495706
2012-02-27,True,0.0048300279563411,0.0,0.0048300279563411,139269.7809194296
2012-02-28,True,0.0299156174816259,0.0,0.0299156174816259,143436.12241216513
2012-02-29,True,-0.0131419844533801,0.0,-0.0131419844533801,141551.08712137133
2012-03-01,True,0.0243195151723105,0.0,0.0243195151723105,144993.54093227658
2012-03-02,True,-0.0030156068717857,0.0,-0.0030156068717857,144556.29741387666
2012-03-05,True,-0.0311857917796904,0.0,-0.0311857917796904,140048.1948222845
2012-03-06,True,-0.0286764033045658,0.0,-0.0286764033045658,136032.11630548426
2012-03-07,True,0.0226955801509163,0.0,0.0226955801509163,139119.44410419415
2012-03-08,True,0.0317165618234998,0.0,0.0317165618234998,143531.83455397576
2012-03-09,True,0.0120861529231419,0.0,0.0120861529231419,145266.58225573422
2012-03-12,True,0.0015996830002562,0.0,0.0015996830002562,145498.96273787404
2012-03-13,True,0.0563326546497493,0.0,0.0563326546497493,153695.30555768346
2012-03-14,True,0.0111983150481222,0.0,0.0111983150481222,155416.43401073583
2012-03-15,True,0.0076464636056037,0.0,0.0076464636056037,156604.82011711164
2012-03-16,True,-0.0021804293213992,0.0,-0.0021804293213992,156263.35437545585
2012-03-19,True,0.0217677242753524,0.0,0.0217677242753524,159664.85198784247
2012-03-20,True,0.0054752694625548,0.0,0.0054752694625548,160539.06007617485
2012-03-21,True,-0.0003397467864338,0.0,-0.0003397467864338,160484.51744641687
2012-03-22,True,-0.006043597456268,0.0,-0.006043597456268,159514.6136250073
2012-03-23,True,-0.0013699779988816,0.0,-0.0013699779988816,159296.08211384097
2012-03-26,True,0.0522260699056016,0.0,0.0522260699056016,167615.49043400685
2012-03-27,True,0.0038286769371014,0.0,0.0038286769371014,168257.2359965325
2012-03-28,True,-0.0116910001212194,0.0,-0.0116910001212194,166290.14063010097
2012-03-29,True,-0.0102677594366665,0.0,-0.0102677594366665,164582.71346942167
2012-03-30,True,-0.0069721510759018,0.0,-0.0069721510759018,163435.21792663098
2012-04-02,True,0.0305071414816764,0.0,0.0305071414816764,168421.15924300734
2012-04-03,True,8.25204934822299e-05,0.0,8.25204934822299e-05,168435.0574401809
2012-04-04,True,-0.0407948824759638,0.0,-0.0407948824759638,161563.76906707653
2012-04-05,True,0.0182633798236599,0.0,0.0182633798236599,164514.46954729062
2012-04-09,True,-0.0230006270676801,0.0,-0.0230006270676801,160730.53358599616
2012-04-10,True,-0.0482754910302012,0.0,-0.0482754910302012,152971.18815358594
2012-04-11,True,0.0144672909667282,0.0,0.0144672909667282,155184.26684213002
2012-04-12,True,0.033537797151633,0.0,0.033537797151633,160388.80530460627
2012-04-13,True,-0.045225891596587,0.0,-0.045225891596587,153135.07858259408
2012-04-16,True,-0.0314889791466092,0.0,-0.0314889791466092,148313.0112864924
2012-04-17,True,0.0589475456713011,0.0,0.0589475456713011,157055.69929295112
2012-04-18,True,-0.0073061922567797,0.0,-0.0073061922567797,155908.22015889385
2012-04-19,True,-0.0323323411081089,0.0,-0.0323323411081089,150867.34240315834
2012-04-20,True,-0.0107748991443858,0.0,-0.0107748991443858,149241.7620045828
2012-04-23,True,-0.0251701324997273,0.0,-0.0251701324997273,145485.32708043468
2012-04-24,True,-0.0176530663459028,0.0,-0.0176530663459028,142917.0649491284
2012-04-25,True,0.0794297974343203,0.0,0.0794297974343203,154268.93846794523
2012-04-26,True,0.0178874187428657,0.0,0.0178874187428657,157028.41156933876
2012-04-27,True,0.0171371272168812,0.0,0.0171371272168812,159719.4274350673
2012-04-30,True,-0.0207830318377004,0.0,-0.0207830318377004,156399.973489585
2012-05-01,True,0.0056781151523976,0.0,0.0056781151523976,157288.03054889085
2012-05-02,True,0.0066001928511942,0.0,0.0066001928511942,158326.16188369805
2012-05-03,True,-0.0310612737457217,0.0,-0.0310612737457217,153408.3496283191
2012-05-04,True,-0.0733752414246839,0.0,-0.0733752414246839,142151.97493777887
2012-05-07,True,0.0014409241861255,0.0,0.0014409241861255,142356.80515657223
2012-05-08,True,-0.0110345329981893,0.0,-0.0110345329981893,140785.9642925552
2012-05-09,True,-0.0055309238140448,0.0,-0.0055309238140448,140007.28784996623
2012-05-10,True,-0.0102453142026837,0.0,-0.0102453142026837,138572.86919527777
2012-05-11,True,-0.0009843615231991,0.0,-0.0009843615231991,138436.46339468265
2012-05-14,True,-0.0276310026781624,0.0,-0.0276310026781624,134611.32510386885
2012-05-15,True,-0.0087270417433044,0.0,-0.0087270417433044,133436.56645056585
2012-05-16,True,-0.0217042563276361,0.0,-0.0217042563276361,130540.42500884313
2012-05-17,True,-0.0615320470481879,0.0,-0.0615320470481879,122508.00543550854
2012-05-18,True,-0.0401426488755829,0.0,-0.0401426488755829,117590.20958886291
2012-05-21,True,0.0841090861367659,0.0,0.0841090861367659,127480.61465601294
2012-05-22,True,-0.0036437432480666,0.0,-0.0036437432480666,127016.10802710071
2012-05-23,True,0.005591955572852,0.0,0.005591955572852,127726.37646022484
2012-05-24,True,-0.0179678351181907,0.0,-0.0179678351181907,125431.40998774358
2012-05-25,True,-0.0056627350511879,0.0,-0.0056627350511879,124721.12514588606
2012-05-29,True,0.0372392791957898,0.0,0.0372392791957898,129365.64994680676
2012-05-30,True,-0.0242867440449592,0.0,-0.0242867440449592,126223.77951833887
2012-05-31,True,-0.0142857783557451,0.0,-0.0142857783557451,124420.57458091545
2012-06-01,True,-0.0786129264007348,0.0,-0.0786129264007348,114639.5091086488
2012-06-04,True,0.0214488856248131,0.0,0.0214488856248131,117098.39882760492
2012-06-05,True,0.013766148670482,0.0,0.013766148670482,118710.39279494114
2012-06-06,True,0.0683558119289755,0.0,0.0683558119289755,126824.93807884696
2012-06-07,True,-0.011202968723962,0.0,-0.011202968723962,125404.12226413122
2012-06-08,True,0.0294129962055724,0.0,0.0294129962055724,129092.63323644924
2012-06-11,True,-0.0478314545151219,0.0,-0.0478314545151219,122917.9448215627
2012-06-12,True,0.0315633110766475,0.0,0.0315633110766475,126797.64215086789
2012-06-13,True,-0.019609383355968,0.0,-0.019609383355968,124311.21857729867
2012-06-14,True,0.0112096646241419,0.0,0.0112096646241419,125704.7056465686
2012-06-15,True,0.0369479645284398,0.0,0.0369479645284398,130349.23865185598
2012-06-18,True,0.0257816254849321,0.0,0.0257816254849321,133709.85390502418
2012-06-19,True,0.0328978221742226,0.0,0.0328978221742226,138108.61690173295
2012-06-20,True,0.0035603898167646,0.0,0.0035603898167646,138600.33741495732
2012-06-21,True,-0.0749071653899219,0.0,-0.0749071653899219,128218.17901711614
2012-06-22,True,0.0311115129529031,0.0,0.0311115129529031,132207.24055440482
2012-06-25,True,-0.0593101026774247,0.0,-0.0593101026774247,124366.01554242408
2012-06-26,True,0.0193306534314212,0.0,0.0193306534314212,126770.09188752143
2012-06-27,True,0.0183208934721648,0.0,0.0183208934721648,129092.63323644924
2012-06-28,True,-0.0359802664505827,0.0,-0.0359802664505827,124447.84589579444
2012-06-29,True,0.0976944374617669,0.0,0.0976944374617669,136605.70819391275
2012-07-02,True,0.0080007850878474,0.0,0.0080007850878474,137698.66110694545
2012-07-03,True,0.0238099352093015,0.0,0.0238099352093015,140977.2573063094
2012-07-05,True,0.0034878257237098,0.0,0.0034878257237098,141468.9614108004
2012-07-06,True,-0.0393974295849999,0.0,-0.0393974295849999,135895.44796515533
2012-07-09,True,-0.003418238392832,0.0,-0.003418238392832,135430.9249275097
2012-07-10,True,-0.0306629674270147,0.0,-0.0306629674270147,131278.21088784703
2012-07-11,True,-0.0137356269292132,0.0,-0.0137356269292132,129475.02235915698
2012-07-12,True,-0.0289093380726335,0.0,-0.0289093380726335,125731.98516581432
2012-07-13,True,0.043458639630074,0.0,0.043458639630074,131196.12619910928
2012-07-16,True,-0.0074968363478183,0.0,-0.0074968363478183,130212.57031152683
2012-07-17,True,0.0153185689991828,0.0,0.0153185689991828,132207.2405544049
2012-07-18,True,0.0407089922194965,0.0,0.0407089922194965,137589.2640814953
2012-07-19,True,0.0325668409912602,0.0,0.0325668409912602,142070.11176694187
2012-07-20,True,-0.0384627245313431,0.0,-0.0384627245313431,136605.70819391284
2012-07-23,True,-0.0369982858034472,0.0,-0.0369982858034472,131551.53115977213
2012-07-24,True,-0.0228467280611832,0.0,-0.0228467280611832,128546.00910133257
2012-07-25,True,-0.0223155490372446,0.0,-0.0223155490372446,125677.4343316897
2012-07-26,True,0.0391303010981789,0.0,0.0391303010981789,130595.23017833533
2012-07-27,True,0.0757316460954238,0.0,0.0757316460954238,140485.42193195142
2012-07-30,True,-0.0060282948622486,0.0,-0.0060282948622486,139638.53438469823
2012-07-31,True,0.0005858980473942,0.0,0.0005858980473942,139720.34832933522
2012-08-01,True,-0.0097767480653844,0.0,-0.0097767480653844,138354.33768411155
2012-08-02,True,-0.0104663919115248,0.0,-0.0104663919115248,136906.2669632502
2012-08-03,True,0.0568760112662551,0.0,0.0568760112662551,144692.94934547297
2012-08-06,True,0.0224701733774324,0.0,0.0224701733774324,147944.22500375778
2012-08-07,True,0.0247454911099902,0.0,0.0247454911099902,151605.17750836266
2012-08-08,True,-0.0016228505672184,0.0,-0.0016228505672184,151359.14496004995
2012-08-09,True,0.0084840005273025,0.0,0.0084840005273025,152643.27602570306
2012-08-10,True,0.0041172524174251,0.0,0.0041172524174251,153271.7469229236
2012-08-13,True,0.0060607883810319,0.0,0.0060607883810319,154200.6945458145
2012-08-14,True,0.001417082478627,0.0,0.001417082478627,154419.20964824752
2012-08-15,True,0.0070776174677715,0.0,0.0070776174677715,155512.12974381342
2012-08-16,True,0.0358398927976026,0.0,0.0358398927976026,161085.6678025586
2012-08-17,True,0.013737195898287,0.0,0.013737195898287,163298.53317756872
2012-08-20,True,0.0038485005116597,0.0,0.0038485005116597,163926.98766605588
2012-08-21,True,-0.0114993371522651,0.0,-0.0114993371522651,162041.9359665287
2012-08-22,True,0.0107896968076159,0.0,0.0107896968076159,163790.31932572665
2012-08-23,True,-0.0221848568093104,0.0,-0.0221848568093104,160156.6545447342
2012-08-24,True,0.0177406743048376,0.0,0.0177406743048376,162997.9415907647
2012-08-27,True,0.0048612744874496,0.0,0.0048612744874496,163790.3193257267
2012-08-28,True,-0.0001667017468319,0.0,-0.0001667017468319,163763.01519338094
2012-08-29,True,0.0003335592799167,0.0,0.0003335592799167,163817.63986680584
2012-08-30,True,-0.030519862445916,0.0,-0.030519862445916,158817.94803185633
2012-08-31,True,0.0213323522267636,0.0,0.0213323522267636,162205.90843920375
2012-09-04,True,-0.0042127028508882,0.0,-0.0042127028508882,161522.583146291
2012-09-05,True,-0.0045657647290204,0.0,-0.0045657647290204,160785.1090332214
2012-09-06,True,0.0661003564535565,0.0,0.0661003564535565,171413.06205274127
2012-09-07,True,-0.0043043318148274,0.0,-0.0043043318148274,170675.2433562707
2012-09-10,True,-0.0368173284437765,0.0,-0.0368173284437765,164391.4368644014
2012-09-11,True,-0.0043202932006113,0.0,-0.0043202932006113,163681.2176574774
2012-09-12,True,0.0086784792361094,0.0,0.0086784792361094,165101.72170625892
2012-09-13,True,0.0398807571592416,0.0,0.0398807571592416,171686.10337619894
2012-09-14,True,0.0256209134335325,0.0,0.0256209134335325,176084.85816854105
2012-09-17,True,0.0018621460275476,0.0,0.0018621460275476,176412.7538876909
2012-09-18,True,0.0018582198183449,0.0,0.0018582198183449,176740.5675631738
2012-09-19,True,0.0066467504610474,0.0,0.0066467504610474,177915.31801211013
2012-09-20,True,-0.0023027430107258,0.0,-0.0023027430107258,177505.6247570567
2012-09-21,True,0.0,0.0,0.0,177505.6247570567
2012-09-24,True,-0.0184700094372648,0.0,-0.0184700094372648,174227.09419262625
2012-09-25,True,-0.040144852833631,0.0,-0.040144852833631,167232.7731366321
2012-09-26,True,-0.0263031863302789,0.0,-0.0263031863302789,162834.01834429003
2012-09-27,True,0.0424513476383967,0.0,0.0424513476383967,169746.54186438056
2012-09-28,True,-0.0239824686391059,0.0,-0.0239824686391059,165675.60074752138
2012-10-01,True,-0.0042884899899908,0.0,-0.0042884899899908,164965.1025921299
2012-10-02,True,0.0064597442441403,0.0,0.0064597442441403,166030.73496408344
2012-10-03,True,0.0189232783679929,0.0,0.0189232783679929,169172.58077945127
2012-10-04,True,0.0116282284105071,0.0,0.0116282284105071,171139.7581895497
2012-10-05,True,-0.0172414669240446,0.0,-0.0172414669240446,168189.05770933558
2012-10-08,True,-0.0264778284272386,0.0,-0.0264778284272386,163735.77669596887
2012-10-09,True,-0.0513927088787727,0.0,-0.0513927088787727,155320.95159119318
2012-10-10,True,-0.0121381836767486,0.0,-0.0121381836767486,153435.63735193192
2012-10-11,True,-0.008902504285171,0.0,-0.008902504285171,152069.67593290837
2012-10-12,True,-0.0001793343394184,0.0,-0.0001793343394184,152042.4046180294
2012-10-15,True,0.0199451885312493,0.0,0.0199451885312493,155074.91904288047
2012-10-16,True,0.0435162058481042,0.0,0.0435162058481042,161823.19114182857
2012-10-17,True,-0.0030391352031876,0.0,-0.0030391352031876,161331.3885849373
2012-10-18,True,-0.0342069258437004,0.0,-0.0342069258437004,155812.7377393511
2012-10-19,True,-0.0722433896534439,0.0,-0.0722433896534439,144556.2974138773
2012-10-22,True,0.0156875640840676,0.0,0.0156875640840676,146824.03359331307
2012-10-23,True,-0.0295877701186421,0.0,-0.0295877701186421,142479.83783946233
2012-10-24,True,-0.0099699752544317,0.0,-0.0099699752544317,141059.31738194748
2012-10-25,True,0.0,0.0,0.0,141059.31738194748
2012-10-26,True,0.0104586697066282,0.0,0.0104586697066282,142534.6101914877
2012-10-31,True,-0.0193597911427939,0.0,-0.0193597911427939,139775.16990756095
2012-11-01,True,0.0424155410561213,0.0,0.0424155410561213,145703.80936540145
2012-11-02,True,-0.0365657430191505,0.0,-0.0365657430191505,140376.04131523488
2012-11-05,True,0.0245230865513206,0.0,0.0245230865513206,143818.49512614016
2012-11-06,True,0.0060802626155009,0.0,0.0060802626155009,144692.94934547323
2012-11-07,True,-0.0717536029811596,0.0,-0.0717536029811596,134310.70890396513
2012-11-08,True,-0.0467850456888147,0.0,-0.0467850456888147,128026.97625139603
2012-11-09,True,0.0108845801684822,0.0,0.0108845801684822,129420.49613813273
2012-11-12,True,0.001477249451919,0.0,0.001477249451919,129611.68249511988
2012-11-13,True,-0.0217113171442515,0.0,-0.0217113171442515,126797.64215086831
2012-11-14,True,-0.0357688569519422,0.0,-0.0357688569519422,122262.23542693035
2012-11-15,True,-0.0089390127950482,0.0,-0.0089390127950482,121169.33174009783
2012-11-16,True,0.0112752602888113,0.0,0.0112752602888113,122535.54749448877
2012-11-19,True,0.0720159867097016,0.0,0.0720159867097016,131360.0658543179
2012-11-20,True,0.0002096059744947,0.0,0.0002096059744947,131387.599708931
2012-11-21,True,0.0070687227392931,0.0,0.0070687227392931,132316.34222265467
2012-11-23,True,0.0458392597859402,0.0,0.0458392597859402,138381.62540772432
2012-11-26,True,0.0128331198768516,0.0,0.0128331198768516,140157.49339533522
2012-11-27,True,-0.0113060255407626,0.0,-0.0113060255407626,138572.8691952783
2012-11-28,True,0.0268142305070842,0.0,0.0268142305070842,142288.59405190853
2012-11-29,True,0.0172812919909275,0.0,0.0172812919909275,144747.5247926981
2012-11-30,True,-0.0035860638896153,0.0,-0.0035860638896153,144228.4509209278
2012-12-03,True,-0.0049248344973233,0.0,-0.0049248344973233,143518.14967033692
2012-12-04,True,-0.006472912607162,0.0,-0.006472912607162,142589.16922997922
2012-12-05,True,-0.0308491508583478,0.0,-0.0308491508583478,138190.4144376371
2012-12-06,True,0.0183877241811687,0.0,0.0183877241811687,140731.4216627978
2012-12-07,True,-0.0170845917452067,0.0,-0.0170845917452067,138327.08277796637
2012-12-10,True,0.0088869761635967,0.0,0.0088869761635967,139556.392265394
2012-12-11,True,0.0385672816024724,0.0,0.0385672816024724,144938.70294531857
2012-12-12,True,-0.0067861259713832,0.0,-0.0067861259713832,143955.13064900273
2012-12-13,True,-0.0225847706848677,0.0,-0.0225847706848677,140703.93703438484
2012-12-14,True,-0.0283491713413338,0.0,-0.0283491713413338,136715.0970149968
2012-12-17,True,0.0389696789410323,0.0,0.0389696789410323,142042.84045206333
2012-12-18,True,0.0463546689964662,0.0,0.0463546689964662,148627.1893045366
2012-12-19,True,-0.0143379028705614,0.0,-0.0143379028705614,146496.1871003636
2012-12-20,True,0.00074474066806,0.0,0.00074474066806,146605.28876861298
2012-12-21,True,-0.0311206256941422,0.0,-0.0311206256941422,142042.84045206336
2012-12-24,True,-0.0084642372661868,0.0,-0.0084642372661868,140840.55614851398
2012-12-26,True,-0.0236656946981033,0.0,-0.0236656946981033,137507.46654559218
2012-12-27,True,-0.0055640485199589,0.0,-0.0055640485199589,136742.36832987587
2012-12-28,True,-0.0289709206017175,0.0,-0.0289709206017175,132780.81603410022
2012-12-31,True,0.0652269712541222,0.0,0.0652269712541222,141441.70650465536
2013-01-02,True,0.0932961666394429,0.0,0.0932961666394429,154637.67552448087
2013-01-03,True,-0.0144864638648029,0.0,-0.0144864638648029,152397.52242585836
2013-01-04,True,-0.0098598279466806,0.0,-0.0098598279466806,150894.909075239
2013-01-07,True,0.0010861229846155,0.0,0.0010861229846155,151058.79950424712
2013-01-08,True,-0.0057886161199217,0.0,-0.0057886161199217,150184.3781023808
2013-01-09,True,0.0101886763592422,0.0,0.0101886763592422,151714.55812508005
2013-01-10,True,0.0176475919655321,0.0,0.0176475919655321,154391.95474210245
2013-01-11,True,0.0037150075357634,0.0,0.0037150075357634,154965.52201743063
2013-01-14,True,-0.0128695327701309,0.0,-0.0128695327701309,152971.18815358687
2013-01-15,True,-0.0148247040213366,0.0,-0.0148247040213366,150703.43556541775
2013-01-16,True,0.0112411960224045,0.0,0.0112411960224045,152397.52242585842
2013-01-17,True,0.0154170308624868,0.0,0.0154170308624868,154747.03973246441
2013-01-18,True,-0.0056490597324312,0.0,-0.0056490597324312,153872.8644615988
2013-01-22,True,0.004084138434367,0.0,0.004084138434367,154501.30254135258
2013-01-23,True,0.0162685113113632,0.0,0.0162685113113632,157014.8087293669
2013-01-24,True,-0.0398467840557267,0.0,-0.0398467840557267,150758.27355237657
2013-01-25,True,0.0148592382085368,0.0,0.0148592382085368,152998.4266509991
2013-01-28,True,0.0071432348080646,0.0,0.0071432348080646,154091.33033783166
2013-01-29,True,0.0,0.0,0.0,154091.33033783166
2013-01-30,True,-0.0054959038685898,0.0,-0.0054959038685898,153244.45919931182
2013-01-31,True,-0.006418429156841,0.0,-0.006418429156841,152260.87049426264
2013-02-01,True,0.0328362461739937,0.0,0.0328362461739937,157260.54592047882
2013-02-04,True,-0.050902059838768,0.0,-0.050902059838768,149255.66020175727
2013-02-05,True,0.0439318517551072,0.0,0.0439318517551072,155812.73773935155
2013-02-06,True,-0.0092938713441423,0.0,-0.0092938713441423,154364.6342010234
2013-02-07,True,0.0024772871935361,0.0,0.0024772871935361,154747.0397324645
2013-02-08,True,0.0303680302770514,0.0,0.0303680302770514,159446.4025203441
2013-02-11,True,-0.0003440303125386,0.0,-0.0003440303125386,159391.5481246519
2013-02-12,True,-0.0116551421973467,0.0,-0.0116551421973467,157533.81696620383
2013-02-13,True,0.0116196807535522,0.0,0.0116196807535522,159364.30962723965
2013-02-14,True,-0.002057214025628,0.0,-0.002057214025628,159036.46313428998
2013-02-15,True,-0.0085893953313308,0.0,-0.0085893953313308,157670.43608033293
2013-02-19,True,0.0218335353328475,0.0,0.0218335353328475,161112.93911743836
2013-02-20,True,-0.0456165873166297,0.0,-0.0456165873166297,153763.5166623489
2013-02-21,True,-0.0325151421954544,0.0,-0.0325151421954544,148763.87405359952
2013-02-22,True,0.0293835083067324,0.0,0.0293835083067324,153135.07858259516
2013-02-25,True,-0.0372886895146924,0.0,-0.0372886895146924,147424.87218352073
2013-02-26,True,0.0120462523555748,0.0,0.0120462523555748,149200.7893973318
2013-02-27,True,0.0303983374917669,0.0,0.0303983374917669,153736.24534746993
2013-02-28,True,-0.0037329872906591,0.0,-0.0037329872906591,153162.34989747417
2013-03-01,True,0.01034647115333,0.0,0.01034647115333,154747.03973246462
2013-03-04,True,0.0128883390576786,0.0,0.0128883390576786,156741.47204870867
2013-03-05,True,0.0439252453854142,0.0,0.0439252453854142,163626.37967051927
2013-03-06,True,-0.0063445230341073,0.0,-0.0063445230341073,162588.2483357121
2013-03-07,True,0.008738635298221,0.0,0.008738635298221,164009.04774169446
2013-03-08,True,0.0011661563732057,0.0,0.0011661563732057,164200.30793798185
2013-03-11,True,0.0103152979173839,0.0,0.0103152979173839,165894.0830324883
2013-03-12,True,-0.0121865154965193,0.0,-0.0121865154965193,163872.41221883203
2013-03-13,True,-0.0031673485931873,0.0,-0.0031673485931873,163353.3711645285
2013-03-14,True,0.0102020336967254,0.0,0.0102020336967254,165019.90776162274
2013-03-15,True,-0.0094378608615792,0.0,-0.0094378608615792,163462.47283277792
2013-03-18,True,-0.006853097279751,0.0,-0.006853097279751,162342.24860486624
2013-03-19,True,-0.0040389546869916,0.0,-0.0040389546869916,161686.55561896684
2013-03-20,True,0.0190945746308819,0.0,0.0190945746308819,164773.89162204348
2013-03-21,True,-0.0320012037633338,0.0,-0.0320012037633338,159500.92874136896
2013-03-22,True,0.0275784451195362,0.0,0.0275784451195362,163899.71635117786
2013-03-25,True,-0.0101681262355377,0.0,-0.0101681262355377,162233.16334535024
2013-03-26,True,0.015324667206972,0.0,0.015324667206972,164719.33258355208
2013-03-27,True,0.0053071589466011,0.0,0.0053071589466011,165593.52426315105
2013-03-28,True,0.0057747920290074,0.0,0.0057747920290074,166549.79242712114
2013-04-01,True,-0.0193574034464787,0.0,-0.0193574034464787,163325.82090118204
2013-04-02,True,0.0225837087338629,0.0,0.0225837087338629,167014.32366913342
2013-04-03,True,-0.026501172092219,0.0,-0.026501172092219,162588.24833571212
2013-04-04,True,0.0005034999249644,0.0,0.0005034999249644,162670.11150654926
2013-04-05,True,-0.0245206851577071,0.0,-0.0245206851577071,158681.32891772804
2013-04-08,True,0.0153238583032737,0.0,0.0153238583032737,161112.93911743848
2013-04-09,True,0.0196705663898928,0.0,0.0196705663898928,164282.1218826188
2013-04-10,True,0.0585403068017955,0.0,0.0585403068017955,173899.2476996773
2013-04-11,True,-0.0017285387417155,0.0,-0.0017285387417155,173598.65611287323
2013-04-12,True,-0.0011012651647266,0.0,-0.0011012651647266,173407.47796025276
2013-04-15,True,-0.0608156757017104,0.0,-0.0608156757017104,162861.58501637052
2013-04-16,True,0.0417704292837928,0.0,0.0417704292837928,169664.38333634322
2013-04-17,True,-0.0584530792079561,0.0,-0.0584530792079561,159746.97769841496
2013-04-18,True,-0.0432711878247462,0.0,-0.0432711878247462,152834.5362219913
2013-04-19,True,0.0414733645408165,0.0,0.0414733645408165,159173.09865715256
2013-04-22,True,0.0307246700715044,0.0,0.0307246700715044,164063.6395976526
2013-04-23,True,0.0294742560825782,0.0,0.0294742560825782,168899.29332499363
2013-04-24,True,-0.0024252772883527,0.0,-0.0024252772883527,168489.6657048737
2013-04-25,True,0.0162157445464152,0.0,0.0162157445464152,171221.85108265487
2013-04-26,True,-0.008457277571204,0.0,-0.008457277571204,169773.7803617935
2013-04-29,True,0.0265523290372153,0.0,0.0265523290372153,174281.6696398518
2013-04-30,True,0.0219480241308129,0.0,0.0219480241308129,178106.80793066564
2013-05-01,True,-0.012732266600678,0.0,-0.012732266600678,175839.10456869667
2013-05-02,True,0.0362027922237286,0.0,0.0362027922237286,182204.97113620368
2013-05-03,True,0.0349365903510274,0.0,0.0349365903510274,188570.59157271002
2013-05-06,True,0.0128951338429652,0.0,0.0128951338429652,191002.23458988726
2013-05-07,True,-0.0024322441068637,0.0,-0.0024322441068637,190537.6705304082
2013-05-08,True,0.0156306851371519,0.0,0.0156306851371519,193515.9048652354
2013-05-09,True,-0.0035306826574367,0.0,-0.0035306826574367,192832.66161598955
2013-05-10,True,0.0170021165212468,0.0,0.0170021165212468,196111.22499788675
2013-05-13,True,0.0039011392330607,0.0,0.0039011392330607,196876.28219176963
2013-05-14,True,0.0147102972080457,0.0,0.0147102972080457,199772.39081602564
2013-05-15,True,0.0073852790527286,0.0,0.0073852790527286,201247.76566923276
2013-05-16,True,-0.0036662205615901,0.0,-0.0036662205615901,200509.94697276218
2013-05-17,True,0.0282061545000784,0.0,0.0282061545000784,206165.56151587845
2013-05-20,True,-0.0045060719271464,0.0,-0.0045060719271464,205236.56466678737
2013-05-21,True,0.0037276047101624,0.0,0.0037276047101624,206001.60545193683
2013-05-22,True,-0.0244032604377051,0.0,-0.0244032604377051,200974.49462350784
2013-05-23,True,-0.010875145533727,0.0,-0.010875145533727,198788.86774590996
2013-05-24,True,-0.0005502351210967,0.0,-0.0005502351210967,198679.4871291931
2013-05-28,True,0.0206270897589269,0.0,0.0206270897589269,202777.66674346454
2013-05-29,True,-0.015090738232376,0.0,-0.015090738232376,199717.60205526694
2013-05-30,True,0.0162792002675775,0.0,0.0162792002675775,202968.84489608495
2013-05-31,True,-0.0285363378266748,0.0,-0.0285363378266748,197176.85736984032
2013-06-03,True,0.0058197923202774,0.0,0.0058197923202774,198324.38573009777
2013-06-04,True,-0.0150156612568355,0.0,-0.0150156612568355,195346.41393500462
2013-06-05,True,-0.0383220466446653,0.0,-0.0383220466446653,187860.3395483193
2013-06-06,True,0.0122163000111277,0.0,0.0122163000111277,190155.29781643386
2013-06-07,True,0.0418110318842621,0.0,0.0418110318842621,198105.88703639814
2013-06-10,True,0.0004128980573332,0.0,0.0004128980573332,198187.68457230175
2013-06-11,True,-0.0289493875030706,0.0,-0.0289493875030706,192450.27249328187
2013-06-12,True,-0.0346398145308443,0.0,-0.0346398145308443,185783.8307477041
2013-06-13,True,0.0358827876395271,0.0,0.0358827876395271,192450.27249328184
2013-06-14,True,-0.0176042566982196,0.0,-0.0176042566982196,189062.32849466777
2013-06-17,True,0.0277457450081604,0.0,0.0277457450081604,194308.0036517299
2013-06-18,True,0.0236220292907893,0.0,0.0236220292907893,198897.95300542586
2013-06-19,True,-0.031455675875589,0.0,-0.031455675875589,192641.48346336908
2013-06-20,True,-0.0737478471369263,0.0,-0.0737478471369263,178434.5887886818
2013-06-21,True,-0.0140873487164816,0.0,-0.0140873487164816,175920.91851333366
2013-06-24,True,-0.0309050984705409,0.0,-0.0309050984705409,170484.06520365106
2013-06-25,True,0.0213137126212856,0.0,0.0213137126212856,174117.71357591022
2013-06-26,True,0.0273026362599131,0.0,0.0273026362599131,178871.58617608104
2013-06-27,True,0.0111498955279236,0.0,0.0111498955279236,180865.98567485833
2013-06-28,True,0.0027191544891995,0.0,0.0027191544891995,181357.7882317496
2013-07-01,True,0.0213925046568581,0.0,0.0213925046568581,185237.4855610548
2013-07-02,True,0.0004429107135406,0.0,0.0004429107135406,185319.52922795914
2013-07-03,True,0.0135630054196238,0.0,0.0135630054196238,187833.0190072401
2013-07-05,True,0.0221087595963951,0.0,0.0221087595963951,191985.77406873627
2013-07-08,True,0.0032731011274234,0.0,0.0032731011274234,192614.16292228992
2013-07-09,True,0.0182986519163625,0.0,0.0182986519163625,196138.74244376647
2013-07-10,True,0.0168544890563404,0.0,0.0168544890563404,199444.5607318093
2013-07-11,True,0.0623290538924559,0.0,0.0623290538924559,211875.75150621944
2013-07-12,True,0.0104442427602602,0.0,0.0104442427602602,214088.63328996298
2013-07-15,True,0.0077843301229219,0.0,0.0077843301229219,215755.16988705724
2013-07-16,True,-0.0039253769221999,0.0,-0.0039253769221999,214908.24952233728
2013-07-17,True,0.0071188568965228,0.0,0.0071188568965228,216438.15059656903
2013-07-18,True,-0.0073205379902875,0.0,-0.0073205379902875,214853.70689257924
2013-07-19,True,-0.0303918713675254,0.0,-0.0303918713675254,208323.90066986397
2013-07-22,True,0.0072129494240509,0.0,0.0072129494240509,209826.5304292167
2013-07-23,True,-0.022265040108337,0.0,-0.022265040108337,205154.73431341702
2013-07-24,True,0.0094542996327935,0.0,0.0094542996327935,207094.3286427022
2013-07-25,True,0.0180740294217993,0.0,0.0180740294217993,210837.3576316782
2013-07-26,True,0.016587550842106,0.0,0.016587550842106,214334.63302080895
2013-07-29,True,-0.0045888033351735,0.0,-0.0045888033351735,213351.09354195988
2013-07-30,True,0.0148542306666157,0.0,0.0148542306666157,216520.25989840686
2013-07-31,True,0.006308624472052,0.0,0.006308624472052,217886.20490869702
2013-08-01,True,0.0304708158714352,0.0,0.0304708158714352,224525.37533939574
2013-08-02,True,0.0166710698490895,0.0,0.0166710698490895,228268.45355457184
2013-08-05,True,0.0021543482323849,0.0,0.0021543482323849,228760.2232939964
2013-08-06,True,-0.0177956685748961,0.0,-0.0177956685748961,224689.28217713718
2013-08-07,True,-0.0057149955518307,0.0,-0.0057149955518307,223405.1839289508
2013-08-08,True,0.0133299870282939,0.0,0.0133299870282939,226383.17213277734
2013-08-09,True,-0.0107412710682887,0.0,-0.0107412710682887,223951.5291156001
2013-08-12,True,0.0062225272823095,0.0,0.0062225272823095,225345.07361543685
2013-08-13,True,0.0166101371562719,0.0,0.0166101371562719,229088.08619567947
2013-08-14,True,-0.0110918348804496,0.0,-0.0110918348804496,226547.07897051878
2013-08-15,True,-0.0501684207446148,0.0,-0.0501684207446148,215181.56979426232
2013-08-16,True,-0.0035557842536483,0.0,-0.0035557842536483,214416.43055671256
2013-08-19,True,-0.0039497325137554,0.0,-0.0039497325137554,213569.54300945933
2013-08-20,True,0.0136881874537957,0.0,0.0136881874537957,216492.9229485943
2013-08-21,True,-0.009969332476969,0.0,-0.009969332476969,214334.63302080895
2013-08-22,True,0.0285528603119726,0.0,0.0285528603119726,220454.49985747004
2013-08-23,True,0.0210679519080969,0.0,0.0210679519080969,225099.0246583908
2013-08-26,True,0.0008493068902035,0.0,0.0008493068902035,225290.20281101126
2013-08-27,True,-0.0629389326765476,0.0,-0.0629389326765476,211110.67790360327
2013-08-28,True,0.0129419572942146,0.0,0.0129419572942146,213842.8632813844
2013-08-29,True,0.0206974861380517,0.0,0.0206974861380517,218268.87297987216
2013-08-30,True,-0.0186505872728555,0.0,-0.0186505872728555,214198.03031541323
2013-09-03,True,0.016453315421961,0.0,0.016453315421961,217722.2980709555
2013-09-04,True,0.0326273502330751,0.0,0.0326273502330751,224825.99974366656
2013-09-05,True,0.0043746696555133,0.0,0.0043746696555133,225809.53922251562
2013-09-06,True,0.0036297520641939,0.0,0.0036297520641939,226629.17186362325
2013-09-09,True,0.0352011805816558,0.0,0.0352011805816558,234606.78626746577
2013-09-10,True,0.0151393813736748,0.0,0.0151393813736748,238158.58787762115
2013-09-11,True,-0.0050472174161796,0.0,-0.0050472174161796,236956.54970507248
2013-09-12,True,-0.0044973021034728,0.0,-0.0044973021034728,235890.88451565223
2013-09-13,True,0.0032434064288688,0.0,0.0032434064288688,236655.97452700185
2013-09-16,True,-0.0084274208701615,0.0,-0.0084274208701615,234661.57502822462
2013-09-17,True,0.020024869559976,0.0,0.020024869559976,239360.64245890334
2013-09-18,True,0.0367542713081083,0.0,0.0367542713081083,248158.16845232097
2013-09-19,True,0.0061648917958505,0.0,0.0061648917958505,249688.03670908598
2013-09-20,True,-0.0109414102605301,0.0,-0.0109414102605301,246956.0974623056
2013-09-23,True,-0.0056428171056439,0.0,-0.0056428171056439,245562.56937120223
2013-09-24,True,0.0002223134254455,0.0,0.0002223134254455,245617.16122716037
2013-09-25,True,-0.0094546715359431,0.0,-0.0094546715359431,243294.93164416676
2013-09-26,True,0.0229085662454193,0.0,0.0229085662454193,248868.46970291194
2013-09-27,True,-0.0047206304811222,0.0,-0.0047206304811222,247693.65361904216
2013-09-30,True,-0.0062866866645914,0.0,-0.0062866866645914,246136.4812299314
2013-10-01,True,0.0299700659998636,0.0,0.0299700659998636,253513.20781736664
2013-10-02,True,-0.0018323749125802,0.0,-0.0018323749125802,253048.67657535436
2013-10-03,True,-0.0347660762496202,0.0,-0.0347660762496202,244251.1669906701
2013-10-04,True,0.0257268228000293,0.0,0.0257268228000293,250534.97348253944
2013-10-07,True,-0.0247537527199982,0.0,-0.0247537527199982,244333.29270124133
2013-10-08,True,-0.056581194836258,0.0,-0.056581194836258,230508.62306192794
2013-10-09,True,-0.0110224835372459,0.0,-0.0110224835372459,227967.84555903464
2013-10-10,True,0.0635184566705151,0.0,0.0635184566705151,242448.01127944686
2013-10-11,True,0.0225372366924891,0.0,0.0225372366924891,247912.11949527505
2013-10-14,True,0.0207192657242287,0.0,0.0207192657242287,253048.67657535442
2013-10-15,True,-0.0106892384926711,0.0,-0.0106892384926711,250343.77892118564
2013-10-16,True,0.0341588701124879,0.0,0.0341588701124879,258895.23954882383
2013-10-17,True,0.0161466426474055,0.0,0.0161466426474055,263075.52846493316
2013-10-18,True,0.0494333033965121,0.0,0.0494333033965121,276080.220879738
2013-10-21,True,0.005740080355657,0.0,0.005740080355657,277664.9435321952
2013-10-22,True,0.003444318912587,0.0,0.003444318912587,278621.31014856556
2013-10-23,True,-0.0160820967555949,0.0,-0.0160820967555949,274140.4952805857
2013-10-24,True,0.0124577220297112,0.0,0.0124577220297112,277555.6613678786
2013-10-25,True,0.0199824795783274,0.0,0.0199824795783274,283101.9117030114
2013-10-28,True,0.0020267633849961,0.0,0.0020267633849961,283675.69229187345
2013-10-29,True,0.0048155690055329,0.0,0.0048155690055329,285041.7521632973
2013-10-30,True,-0.0031637160601966,0.0,-0.0031637160601966,284139.9609941517
2013-10-31,True,-0.0064418753428111,0.0,-0.0064418753428111,282309.56678551616
2013-11-01,True,-0.0004843986888337,0.0,-0.0004843986888337,282172.81640152005
2013-11-04,True,0.0048421475483793,0.0,0.0048421475483793,283539.13881267793
2013-11-05,True,0.0042395240214423,0.0,0.0042395240214423,284741.2098026934
2013-11-06,True,-0.0017273066118489,0.0,-0.0017273066118489,284249.37442833534
2013-11-07,True,-0.0554593895510572,0.0,-0.0554593895510572,268485.07764226996
2013-11-08,True,0.0394837458337224,0.0,0.0394837458337224,279085.8742080446
2013-11-11,True,-0.0047976367405844,0.0,-0.0047976367405844,277746.92156416597
2013-11-12,True,0.0049187163484312,0.0,0.0049187163484312,279113.0798879901
2013-11-13,True,0.0358260348951724,0.0,0.0358260348951724,289112.5948277562
2013-11-14,True,0.0077486030482023,0.0,0.0077486030482023,291352.81356131233
2013-11-15,True,0.0069397543134812,0.0,0.0069397543134812,293374.7305059693
2013-11-18,True,-0.0276590953657723,0.0,-0.0276590953657723,285260.2508569969
2013-11-19,True,-0.0098649038865298,0.0,-0.0098649038865298,282446.18589964526
2013-11-20,True,-0.0069644380271329,0.0,-0.0069644380271329,280479.1069419472
2013-11-21,True,0.030585700276869,0.0,0.030585700276869,289057.7568407975
2013-11-22,True,0.0157848857737572,0.0,0.0157848857737572,293620.500514548
2013-11-25,True,0.0066066247311971,0.0,0.0066066247311971,295560.3409748339
2013-11-26,True,0.0165465085679961,0.0,0.0165465085679961,300450.83268913376
2013-11-27,True,0.0200058742501947,0.0,0.0200058742501947,306461.6142662789
2013-11-29,True,0.0164028643545783,0.0,0.0164028643545783,311488.4625549738
2013-12-02,True,-0.0062274371559108,0.0,-0.0062274371559108,309548.6877296215
2013-12-03,True,-0.0029125028876418,0.0,-0.0029125028876418,308647.12628274324
2013-12-04,True,0.0025672610158571,0.0,0.0025672610158571,309439.5040177053
2013-12-05,True,-0.0030904295315252,0.0,-0.0030904295315252,308483.2030362684
2013-12-06,True,0.0206359169231391,0.0,0.0206359169231391,314849.03678630874
2013-12-09,True,0.011975258983607,0.0,0.011975258983607,318619.435542564
2013-12-10,True,-0.0018010396095845,0.0,-0.0018010396095845,318045.5893187684
2013-12-11,True,-0.0373672360024933,0.0,-0.0373672360024933,306161.10472314194
2013-12-12,True,-0.0081208359291223,0.0,-0.0081208359291223,303674.82062380644
2013-12-13,True,-0.0047684912364046,0.0,-0.0047684912364046,302226.7499029451
2013-12-16,True,0.0171755240285771,0.0,0.0171755240285771,307417.65270798194
2013-12-17,True,-0.0063092600684002,0.0,-0.0063092600684002,305478.0747874302
2013-12-18,True,0.0345224780330108,0.0,0.0345224780330108,316023.9349138457
2013-12-19,True,-0.00899088948122,0.0,-0.00899088948122,313182.598641615
2013-12-20,True,0.0300962950667953,0.0,0.0300962950667953,322608.23454011884
2013-12-23,True,0.0323513369063379,0.0,0.0323513369063379,333045.0422244851
2013-12-24,True,0.0013947015137742,0.0,0.0013947015137742,333509.5406490306
2013-12-26,True,0.0097475420076158,0.0,0.0097475420076158,336760.43890644767
2013-12-27,True,-0.0073011849393789,0.0,-0.0073011849393789,334301.68866172526
2013-12-30,True,-0.0052300548754748,0.0,-0.0052300548754748,332553.27248506056
2013-12-31,True,0.0196352209909722,0.0,0.0196352209909722,339083.02948157577
2014-01-02,True,-0.0233667024925005,0.0,-0.0233667024925005,331159.777211424
2014-01-03,True,-0.0217804825526528,0.0,-0.0217804825526528,323946.9574617302
2014-01-06,True,-0.0106265971376254,0.0,-0.0106265971376254,320504.50365082495
2014-01-07,True,0.0259143759782385,0.0,0.0259143759782385,328810.1778611512
2014-01-08,True,0.0074782184300101,0.0,0.0074782184300101,331269.09219320735
2014-01-09,True,-0.010309192561499,0.0,-0.010309192561499,327853.97533211467
2014-01-10,True,0.0099999719726115,0.0,0.0099999719726115,331132.50589654513
2014-01-13,True,-0.0444720732042104,0.0,-0.0444720732042104,316406.3568540203
2014-01-14,True,0.0572491487492325,0.0,0.0572491487492325,334520.3514427589
2014-01-15,True,0.023357943791465,0.0,0.023357943791465,342334.05900886
2014-01-16,True,0.0020754527243025,0.0,0.0020754527243025,343044.55716425146
2014-01-17,True,-0.0177601706822343,0.0,-0.0177601706822343,336952.02727740287
2014-01-21,True,0.0223788551404144,0.0,0.0223788551404144,344492.62788511283
2014-01-22,True,0.0092789205232539,0.0,0.0092789205232539,347689.1476001057
2014-01-23,True,-0.0120225921850838,0.0,-0.0120225921850838,343509.0227713302
2014-01-24,True,-0.0592543685254081,0.0,-0.0592543685254081,323154.61254423496
2014-01-27,True,-0.0290830809814653,0.0,-0.0290830809814653,313756.2807780769
2014-01-28,True,-0.0003486165008254,0.0,-0.0003486165008254,313646.90016136004
2014-01-29,True,-0.0315329115412736,0.0,-0.0315329115412736,303756.70020337723
2014-01-30,True,0.0527076324775446,0.0,0.0527076324775446,319766.99672028853
2014-01-31,True,-0.007006400477021,0.0,-0.007006400477021,317526.58108193194
2014-02-03,True,-0.0662533837918643,0.0,-0.0662533837918643,296489.3706413922
2014-02-04,True,0.0195351175532809,0.0,0.0195351175532809,302281.3253501701
2014-02-05,True,-0.0092189883192782,0.0,-0.0092189883192782,299494.5973426309
2014-02-06,True,0.0383139604515545,0.0,0.0383139604515545,310969.4215006708
2014-02-07,True,0.0530667350237643,0.0,0.0530667350237643,327471.55339194014
2014-02-10,True,0.0183539232806286,0.0,0.0183539232806286,333481.9411594841
2014-02-11,True,0.0342460691451773,0.0,0.0342460691451773,344902.3867750998
2014-02-12,True,0.0047528383249031,0.0,0.0047528383249031,346541.65205731505
2014-02-13,True,0.0257011795159147,0.0,0.0257011795159147,355448.1812665818
2014-02-14,True,0.0029214111592144,0.0,0.0029214111592144,356486.5915498564
2014-02-18,True,0.0156345898615162,0.0,0.0156345898615162,362060.1131998683
2014-02-19,True,-0.0218838032174449,0.0,-0.0218838032174449,354136.86092971655
2014-02-20,True,0.0145041626398176,0.0,0.0145041626398176,359273.31955739565
2014-02-21,True,-0.0051713499503316,0.0,-0.0051713499503316,357415.3914941471
2014-02-24,True,0.0175819306398643,0.0,0.0175819306398643,363699.4441170171
2014-02-25,True,-0.0036059566364833,0.0,-0.0036059566364833,362387.959692818
2014-02-26,True,-0.0033177170491589,0.0,-0.0033177170491589,361185.6589805352
2014-02-27,True,0.0196677290365336,0.0,0.0196677290365336,368289.3606532463
2014-02-28,True,-0.0050448399525304,0.0,-0.0050448399525304,366431.3997725309
2014-03-03,True,-0.0219207982845387,0.0,-0.0219207982845387,358398.93097299605
2014-03-04,True,0.0402500471340441,0.0,0.0402500471340441,372824.50483745016
2014-03-05,True,0.0082078765369744,0.0,0.0082078765369744,375884.60234311456
2014-03-06,True,-0.0037799692102103,0.0,-0.0037799692102103,374463.7701196655
2014-03-07,True,-0.0142999843477525,0.0,-0.0142999843477525,369108.94406815385
2014-03-10,True,0.0020721358629762,0.0,0.0020721358629762,369873.78794850275
2014-03-11,True,-0.0124095903000345,0.0,-0.0124095903000345,365283.80577733996
2014-03-12,True,0.0112191658908895,0.0,0.0112191658908895,369381.98539161147
2014-03-13,True,-0.0424551149946711,0.0,-0.0424551149946711,353699.83072485065
2014-03-14,True,-0.0205470656698515,0.0,-0.0205470656698515,346432.3370755318
2014-03-17,True,0.0266563979561098,0.0,0.0266563979561098,355666.97531748237
2014-03-18,True,0.0359504117742695,0.0,0.0359504117742695,368453.34953465476
2014-03-19,True,-0.0164617579118144,0.0,-0.0164617579118144,362387.9596928181
2014-03-20,True,0.0078405923713336,0.0,0.0078405923713336,365229.2959650488
2014-03-21,True,-0.0366549427613862,0.0,-0.0366549427613862,351841.8370266685
2014-03-24,True,-0.0251593668455774,0.0,-0.0251593668455774,342989.71917729266
2014-03-25,True,0.0092408336537039,0.0,0.0092408336537039,346159.2301171407
2014-03-26,True,-0.0380431660241763,0.0,-0.0380431660241763,332990.2370549933
2014-03-27,True,-0.0177224443954303,0.0,-0.0177224443954303,327088.836094565
2014-03-28,True,0.0065152570309383,0.0,0.0065152570309383,329219.90393367154
2014-03-31,True,0.0199167651031464,0.0,0.0199167651031464,335776.8994275989
2014-04-01,True,0.0541908579377015,0.0,0.0541908579377015,353972.93768324185
2014-04-02,True,0.0078726221510361,0.0,0.0078726221510361,356759.63287331426
2014-04-03,True,-0.0235868196101767,0.0,-0.0235868196101767,348344.80776853854
2014-04-04,True,-0.0793729137257532,0.0,-0.0793729137257532,320695.66539471224
2014-04-07,True,-0.0299875062716796,0.0,-0.0299875062716796,311078.8021173879
2014-04-08,True,0.0279292402560507,0.0,0.0279292402560507,319766.9967202888
2014-04-09,True,0.0512644700915094,0.0,0.0512644700915094,336159.6823599079
2014-04-10,True,-0.0923284022478658,0.0,-0.0923284022478658,305122.59598746756
2014-04-11,True,-0.034921071286714,0.0,-0.034921071286714,294467.38806180196
2014-04-14,True,0.022453756795751,0.0,0.022453756795751,301079.2871776217
2014-04-15,True,0.0099816216083059,0.0,0.0099816216083059,304084.54669632716
2014-04-16,True,0.0388139956934734,0.0,0.0388139956934734,315887.2829822502
2014-04-17,True,0.0005188256629415,0.0,0.0005188256629415,316051.17341125826
2014-04-21,True,0.0226490040369331,0.0,0.0226490040369331,323209.4177137273
2014-04-22,True,0.0245137912096224,0.0,0.0245137912096224,331132.5058965453
2014-04-23,True,-0.0272280931960242,0.0,-0.0272280931960242,322116.39916576113
2014-04-24,True,0.0295167947902248,0.0,0.0295167947902248,331624.2428185031
2014-04-25,True,-0.0482782282317646,0.0,-0.0482782282317646,315614.0119365253
2014-04-28,True,0.010734141762043,0.0,0.010734141762043,319001.8574827391
2014-04-29,True,0.0220967255765913,0.0,0.0220967255765913,326050.75398595806
2014-04-30,True,0.0088822852619869,0.0,0.0088822852619869,328946.8297927473
2014-05-01,True,0.0089700942652033,0.0,0.0089700942652033,331897.51386422804
2014-05-02,True,-0.0049388729315769,0.0,-0.0049388729315769,330258.3142169463
2014-05-05,True,0.0142284606575928,0.0,0.0142284606575928,334957.38164762506
2014-05-06,True,-0.0386623270250463,0.0,-0.0386623270250463,322007.14981891133
2014-05-07,True,-0.0089932130501364,0.0,-0.0089932130501364,319111.27091692266
2014-05-08,True,-0.0034249900039325,0.0,-0.0034249900039325,318018.31800389
2014-05-09,True,0.0116842027053243,0.0,0.0116842027053243,321734.1084954537
2014-05-12,True,0.04874269488418,0.0,0.04874269488418,337416.2959796813
2014-05-13,True,0.0021056046977869,0.0,0.0021056046977869,338126.76131760597
2014-05-14,True,-0.0148677272504924,0.0,-0.0148677272504924,333099.5848542435
2014-05-15,True,-0.0231295941801387,0.0,-0.0231295941801387,325395.1266349922
2014-05-16,True,0.0186394707252013,0.0,0.0186394707252013,331460.3195720283
2014-05-19,True,0.0214308366069746,0.0,0.0214308366069746,338563.79152247205
2014-05-20,True,-0.0109743807367039,0.0,-0.0109743807367039,334848.2635706424
2014-05-21,True,0.0282304202882286,0.0,0.0282304202882286,344301.1707840252
2014-05-22,True,0.0123791867624911,0.0,0.0123791867624911,348563.339279705
2014-05-23,True,0.0224171768455294,0.0,0.0224171768455294,356377.1452982065
2014-05-27,True,0.0375657013010142,0.0,0.0375657013010142,369764.702688987
2014-05-28,True,-0.0094581548006916,0.0,-0.0094581548006916,366267.4108911229
2014-05-29,True,0.0202900415438178,0.0,0.0202900415438178,373698.9918742504
2014-05-30,True,-0.000877564436835,0.0,-0.000877564436835,373371.04692890047
2014-06-02,True,-0.0024880451745398,0.0,-0.0024880451745398,372442.08289727615
2014-06-03,True,-0.001466838454271,0.0,-0.001466838454271,371895.7705280936
2014-06-04,True,0.0105785690768762,0.0,0.0105785690768762,375829.8956260232
2014-06-05,True,0.0260246783786073,0.0,0.0260246783786073,385610.747784756
2014-06-06,True,0.0161543222190525,0.0,0.0161543222190525,391840.02805560076
2014-06-09,True,-0.0018127327473805,0.0,-0.0018127327473805,391129.72680500994
2014-06-10,True,0.0057282306092962,0.0,0.0057282306092962,393370.20807830006
2014-06-11,True,-0.0015283719476673,0.0,-0.0015283719476673,392768.99208722514
2014-06-12,True,-0.0261546949351415,0.0,-0.0261546949351415,382496.2389192007
2014-06-13,True,0.0068569875379913,0.0,0.0068569875379913,385119.01086279826
2014-06-16,True,0.0036890772228197,0.0,0.0036890772228197,386539.7446338471
2014-06-17,True,0.0014134256418232,0.0,0.0014134256418232,387086.08982049633
2014-06-18,True,0.0182102367045908,0.0,0.0182102367045908,394135.0191411821
2014-06-19,True,-0.0038817090810626,0.0,-0.0038817090810626,392605.10165821697
2014-06-20,True,0.0036189020468186,0.0,0.0036189020468186,394025.9010641994
2014-06-23,True,0.0011089742292378,0.0,0.0011089742292378,394462.86563413177
2014-06-24,True,-0.0027699883842685,0.0,-0.0027699883842685,393370.2080783
2014-06-25,True,0.0183662421346617,0.0,0.0183662421346617,400594.94056842837
2014-06-26,True,0.0027288977582913,0.0,0.0027288977582913,401688.12320372835
2014-06-27,True,0.0099313149409019,0.0,0.0099313149409019,405677.4144632844
2014-06-30,True,0.0074101872155867,0.0,0.0074101872155867,408683.56005359255
2014-07-01,True,0.0335646173166437,0.0,0.0335646173166437,422400.86735039495
2014-07-02,True,0.0038815276344024,0.0,0.0038815276344024,424040.42798981105
2014-07-03,True,0.0192038173600386,0.0,0.0192038173600386,432183.6229222
2014-07-07,True,-0.0096104452493626,0.0,-0.0096104452493626,428030.14587643504
2014-07-08,True,-0.0348569788251775,0.0,-0.0348569788251775,413110.3081450825
2014-07-09,True,0.0226219588099036,0.0,0.0226219588099036,422455.67251988716
2014-07-10,True,-0.0094441877896737,0.0,-0.0094441877896737,418465.9218157964
2014-07-11,True,0.0173703626064665,0.0,0.0173703626064665,425734.82661618607
2014-07-14,True,0.0191263081589403,0.0,0.0191263081589403,433877.5621040403
2014-07-15,True,-0.0104539512866488,0.0,-0.0104539512866488,429341.8272054347
2014-07-16,True,0.011328299162185,0.0,0.011328299162185,434205.539866857
2014-07-17,True,-0.0398990153978617,0.0,-0.0398990153978617,416881.16634587245
2014-07-18,True,0.0473255705116584,0.0,0.0473255705116584,436610.3053787564
2014-07-21,True,-0.0036302808021975,0.0,-0.0036302808021975,435025.28736909834
2014-07-22,True,0.0198495659331345,0.0,0.0198495659331345,443660.35049331206
2014-07-23,True,0.0187240490831037,0.0,0.0187240490831037,451967.4686721759
2014-07-24,True,-0.0035068568028752,0.0,-0.0035068568028752,450382.48347998457
2014-07-25,True,-0.012255949763423,0.0,-0.012255949763423,444862.6183881282
2014-07-28,True,0.0012288588402813,0.0,0.0012288588402813,445409.29174944514
2014-07-29,True,-0.0050308259661352,0.0,-0.0050308259661352,443168.51511895406
2014-07-30,True,0.0119618241765206,0.0,0.0119618241765206,448469.6189773767
2014-07-31,True,-0.0609306873760251,0.0,-0.0609306873760251,421144.0568258211
2014-08-01,True,-0.0115498229398069,0.0,-0.0115498229398069,416279.9175373309
2014-08-04,True,0.0204806481127746,0.0,0.0204806481127746,424805.60004482785
2014-08-05,True,-0.0234145057934657,0.0,-0.0234145057934657,414858.9868614815
2014-08-06,True,-0.0017124674719778,0.0,-0.0017124674719778,414148.55434102356
2014-08-07,True,-0.0096330675068305,0.0,-0.0096330675068305,410159.0333592002
2014-08-08,True,0.0213190018749109,0.0,0.0213190018749109,418903.2145603967
2014-08-11,True,0.0181342336118788,0.0,0.0181342336118788,426499.7033140019
2014-08-12,True,-0.0023064577971315,0.0,-0.0023064577971315,425515.9997478191
2014-08-13,True,0.0324945488805306,0.0,0.0324945488805306,439342.95020107244
2014-08-14,True,0.0154247930135882,0.0,0.0154247930135882,446119.72426990315
2014-08-15,True,0.0135977181650808,0.0,0.0135977181650808,452185.93454840884
2014-08-18,True,0.0241723909719693,0.0,0.0241723909719693,463116.3497503383
2014-08-19,True,0.0172286680887303,0.0,0.0172286680887303,471095.22762665123
2014-08-20,True,0.0,0.0,0.0,471095.22762665123
2014-08-21,True,0.00568491220664,0.0,0.00568491220664,473773.3626366759
2014-08-22,True,0.0039217623069995,0.0,0.0039217623069995,475631.3891523249
2014-08-25,True,0.0111453347315944,0.0,0.0111453347315944,480932.4601932808
2014-08-26,True,0.0034092651464836,0.0,0.0034092651464836,482572.08646763035
2014-08-27,True,0.000113636881404,0.0,0.000113636881404,482626.9244545892
2014-08-28,True,-0.004076455399974,0.0,-0.004076455399974,480659.5173222234
2014-08-29,True,0.0117108209263483,0.0,0.0117108209263483,486288.43485612894
2014-09-02,True,0.0083167903632723,0.0,0.0083167903632723,490332.79382491123
2014-09-03,True,-0.0171650041288479,0.0,-0.0171650041288479,481916.22939439706
2014-09-04,True,-0.0031751991930675,0.0,-0.0031751991930675,480386.0493716978
2014-09-05,True,0.0154722043901673,0.0,0.0154722043901673,487818.68051376176
2014-09-08,True,0.0050413044948049,0.0,0.0050413044948049,490277.9230204856
2014-09-09,True,-0.0243001425344899,0.0,-0.0243001425344899,478364.0996095742
2014-09-10,True,0.0231916983689304,0.0,0.0231916983689304,489458.1755182444
2014-09-11,True,-0.0007813839399786,0.0,-0.0007813839399786,489075.7207606032
2014-09-12,True,-0.0157559842846789,0.0,-0.0157559842846789,481369.8513902811
2014-09-15,True,-0.0300861754478204,0.0,-0.0300861754478204,466887.27358606184
2014-09-16,True,0.0270397571005467,0.0,0.0270397571005467,479511.79205716547
2014-09-17,True,0.0049003246145957,0.0,0.0049003246145957,481861.5554947721
2014-09-18,True,0.0215492905372318,0.0,0.0215492905372318,492245.3301528515
2014-09-19,True,-0.0022202085243953,0.0,-0.0022202085243953,491152.4428747523
2014-09-22,True,-0.0271505306293718,0.0,-0.0271505306293718,477817.3934307906
2014-09-23,True,-0.008692534607156,0.0,-0.008692534607156,473663.94920249237
2014-09-24,True,0.0324219955979538,0.0,0.0324219955979538,489021.079678445
2014-09-25,True,-0.06347812303456,0.0,-0.06347812303456,457978.9394161233
2014-09-26,True,0.0319813037889937,0.0,0.0319813037889937,472625.70300655154
2014-09-29,True,-0.0033534349638107,0.0,-0.0033534349638107,471040.78344929375
2014-09-30,True,0.0037127902352591,0.0,0.0037127902352591,472789.65907049313
2014-10-01,True,-0.0478556877252562,0.0,-0.0478556877252562,450163.9847862853
2014-10-02,True,-0.0004860318868119,0.0,-0.0004860318868119,449945.1907353849
2014-10-03,True,0.030122883562573,0.0,0.030122883562573,463498.83732544666
2014-10-06,True,-0.0068387240848453,0.0,-0.0068387240848453,460329.0966633313
2014-10-07,True,-0.0422654840102847,0.0,-0.0422654840102847,440873.0645888385
2014-10-08,True,0.0577662154913563,0.0,0.0577662154913563,466340.63304221194
2014-10-09,True,-0.0498063530008687,0.0,-0.0498063530008687,443113.906854263
2014-10-10,True,-0.0748645053686831,0.0,-0.0748645053686831,409940.4033956339
2014-10-13,True,-0.0467941039413023,0.0,-0.0467941039413023,390757.60954939923
2014-10-14,True,0.0018186779357791,0.0,0.0018186779357791,391468.2717921245
2014-10-15,True,-0.0213594054518798,0.0,-0.0213594054518798,383106.7422533698
2014-10-16,True,-0.015549945874833,0.0,-0.015549945874833,377149.4531470463
2014-10-17,True,0.0391249335753147,0.0,0.0391249335753147,391905.40044939076
2014-10-20,True,0.0430900212829099,0.0,0.0430900212829099,408792.61249564233
2014-10-21,True,0.0782086958867283,0.0,0.0782086958867283,440763.7496070552
2014-10-22,True,-0.0154986680954259,0.0,-0.0154986680954259,433932.4985434001
2014-10-23,True,0.0457178341821824,0.0,0.0457178341821824,453770.95255806734
2014-10-24,True,0.0230033491435706,0.0,0.0230033491435706,464209.2042109712
2014-10-27,True,0.0037676419548218,0.0,0.0037676419548218,465958.17828457087
2014-10-28,True,0.044686752054674,0.0,0.044686752054674,486780.33586542116
2014-10-29,True,-0.0120133769613829,0.0,-0.0120133769613829,480932.46019328124
2014-10-30,True,0.0062505241467096,0.0,0.0062505241467096,483938.5401486559
2014-10-31,True,0.041219293885933,0.0,0.041219293885933,503886.14505777275
2014-11-03,True,0.0103039518943539,0.0,0.0103039518943539,509078.1636566795
2014-11-04,True,-0.0106280679056097,0.0,-0.0106280679056097,503667.64636407327
2014-11-05,True,-0.0001082257569743,0.0,-0.0001082257569743,503613.136551782
2014-11-06,True,0.0085726553310343,0.0,0.0085726553310343,507930.4383916216
2014-11-07,True,-0.0024748921688738,0.0,-0.0024748921688738,506673.36532731354
2014-11-10,True,0.0102472048793917,0.0,0.0102472048793917,511865.3511087534
2014-11-11,True,0.0095026429177529,0.0,0.0095026429177529,516729.42476231017
2014-11-12,True,0.0054993912252474,0.0,0.0054993912252474,519571.1220266752
2014-11-13,True,0.0128329995821161,0.0,0.0128329995821161,526238.7780185231
2014-11-14,True,0.0092425311465447,0.0,0.0092425311465447,531102.556314879
2014-11-17,True,-0.009363962739162,0.0,-0.009363962739162,526129.3317668727
2014-11-18,True,0.0224368264677792,0.0,0.0224368264677792,537934.0042833347
2014-11-19,True,-0.0126994164973024,0.0,-0.0126994164973024,531102.556314879
2014-11-20,True,0.0132743573359415,0.0,0.0132743573359415,538152.6014294346
2014-11-21,True,0.0072104166032711,0.0,0.0072104166032711,542032.905881875
2014-11-24,True,0.0225851594862331,0.0,0.0225851594862331,554274.8055080035
2014-11-25,True,0.0032540681180188,0.0,0.0032540681180188,556078.4534812282
2014-11-26,True,0.0204421612375584,0.0,0.0204421612375584,567445.8988880237
2014-11-28,True,0.0149281370648219,0.0,0.0149281370648219,575916.8090434952
2014-12-01,True,-0.0369138144681429,0.0,-0.0369138144681429,554657.5228053787
2014-12-02,True,0.0107396536004056,0.0,0.0107396536004056,560614.3524671675
2014-12-03,True,0.0090660760376342,0.0,0.0090660760376342,565696.9248144239
2014-12-04,True,-0.0029947188942733,0.0,-0.0029947188942733,564002.8215452499
2014-12-05,True,0.0006781078800162,0.0,0.0006781078800162,564385.2763028911
2014-12-08,True,-0.0215934563380821,0.0,-0.0215934563380821,552198.2474811883
2014-12-09,True,0.0096989531658435,0.0,0.0096989531658435,557553.9924217692
2014-12-10,True,-0.0484220005827111,0.0,-0.0484220005827111,530556.1126758293
2014-12-11,True,0.0156572553693408,0.0,0.0156572553693408,538863.1652197596
2014-12-12,True,-0.0330628889347273,0.0,-0.0330628889347273,521046.7922370831
2014-12-15,True,-0.0299978875259351,0.0,-0.0299978875259351,505416.48916780576
2014-12-16,True,-0.0496321044348365,0.0,-0.0496321044348365,480331.60519434087
2014-12-17,True,0.053703278838834,0.0,0.053703278838834,506126.9873231973
2014-12-18,True,0.0733180664494599,0.0,0.0733180664494599,543235.2394116244
2014-12-19,True,0.0111670014954781,0.0,0.0111670014954781,549301.5481425305
2014-12-22,True,0.0092247709340704,0.0,0.0092247709340704,554368.7290978757
2014-12-23,True,-0.0095646053364542,0.0,-0.0095646053364542,549066.4109931828
2014-12-24,True,0.0020903811625421,0.0,0.0020903811625421,550214.1690757076
2014-12-26,True,0.0202663812618641,0.0,0.0202663812618641,561365.0192018757
2014-12-29,True,0.0001950229625506,0.0,0.0001950229625506,561474.4982709928
2014-12-30,True,-0.020638828163914,0.0,-0.020638828163914,549886.3225827579
2014-12-31,True,-0.0313118886334035,0.0,-0.0313118886334035,532668.3432890148
2015-01-02,True,-0.0082094133875744,0.0,-0.0082094133875744,528295.4486604808
2015-01-05,True,-0.0450075897645892,0.0,-0.0450075897645892,504518.1438326703
2015-01-06,True,-0.039653327317773,0.0,-0.039653327317773,484512.32073751814
2015-01-07,True,0.0384698982752134,0.0,0.0384698982752134,503151.4604293781
2015-01-08,True,0.0570339370690458,0.0,0.0570339370690458,531848.1691597056
2015-01-09,True,-0.0202461358587947,0.0,-0.0202461358587947,521080.2988706471
2015-01-12,True,-0.030735591872574,0.0,-0.030735591872574,505064.58747171995
2015-01-13,True,-0.0008658804693791,0.0,-0.0008658804693791,504627.2619096532
2015-01-14,True,-0.0153809745324592,0.0,-0.0153809745324592,496865.6028458362
2015-01-15,True,-0.0397139312954536,0.0,-0.0397139312954536,477133.1164313425
2015-01-16,True,0.0356278998299677,0.0,0.0356278998299677,494132.3673091187
2015-01-20,True,0.0221240721836026,0.0,0.0221240721836026,505064.5874717201
2015-01-21,True,0.0153677864005563,0.0,0.0153677864005563,512826.3121704706
2015-01-22,True,0.0556384304815107,0.0,0.0556384304815107,541359.1632892567
2015-01-23,True,0.0066641335377617,0.0,0.0066641335377617,544966.8530453074
2015-01-26,True,-0.0022066120679272,0.0,-0.0022066120679272,543764.3226107573
2015-01-27,True,-0.0774025811623226,0.0,-0.0774025811623226,501675.5604967028
2015-01-28,True,-0.0172146039804417,0.0,-0.0172146039804417,493039.41439608595
2015-01-29,True,0.0289356362475288,0.0,0.0289356362475288,507305.8235467457
2015-01-30,True,-0.0229502919737729,0.0,-0.0229502919737729,495663.0067763526
2015-02-02,True,0.0262460014589867,0.0,0.0262460014589867,508672.17877537047
2015-02-03,True,0.0272944386480451,0.0,0.0272944386480451,522556.10035092226
2015-02-04,True,-0.0026154440065693,0.0,-0.0026154440065693,521189.38413016323
2015-02-05,True,0.0265342682849809,0.0,0.0265342682849809,535018.7630759571
2015-02-06,True,-0.0181857594854794,0.0,-0.0181857594854794,525289.040530439
2015-02-09,True,-0.0110299726621612,0.0,-0.0110299726621612,519495.11677365535
2015-02-10,True,0.0478745326230796,0.0,0.0478745326230796,544365.7026891663
2015-02-11,True,0.0112460559588736,0.0,0.0112460559588736,550487.6698437001
2015-02-12,True,0.0349513551383706,0.0,0.0349513551383706,569727.9598917013
2015-02-13,True,0.0252328992639041,0.0,0.0252328992639041,584103.8481114784
2015-02-17,True,0.002714151241173,0.0,0.002714151241173,585689.194295804
2015-02-18,True,0.0042929646951057,0.0,0.0042929646951057,588203.5373292208
2015-02-19,True,0.0150543225677588,0.0,0.0150543225677588,597058.5431156717
2015-02-20,True,0.0192254122338115,0.0,0.0192254122338115,608537.2397347894
2015-02-23,True,0.0039523078408183,0.0,0.0039523078408183,610942.3662388232
2015-02-24,True,0.0020574356622968,0.0,0.0020574356622968,612199.340850731
2015-02-25,True,-0.008035624304464,0.0,-0.008035624304464,607279.936948214
2015-02-26,True,0.0152117469336838,0.0,0.0152117469336838,616517.7256669736
2015-02-27,True,-0.0132103938898348,0.0,-0.0132103938898348,608373.2836708479
2015-03-02,True,0.0269541194472311,0.0,0.0269541194472311,624771.4498274162
2015-03-03,True,-0.0143478974325357,0.0,-0.0143478974325357,615807.2931465158
2015-03-04,True,-0.0110952420033019,0.0,-0.0110952420033019,608974.7622016569
2015-03-05,True,0.0043979383525551,0.0,0.0043979383525551,611652.9956640818
2015-03-06,True,-0.034405778464164,0.0,-0.034405778464164,590608.5981983212
2015-03-09,True,0.0096248350260068,0.0,0.0096248350260068,596293.1085209211
2015-03-10,True,-0.0553670029133749,0.0,-0.0553670029133749,563278.1462442179
2015-03-11,True,-0.0175638811850915,0.0,-0.0175638811850915,553384.7958094258
2015-03-12,True,0.0191621554753302,0.0,0.0191621554753302,563988.8413044099
2015-03-13,True,-0.0128900715306916,0.0,-0.0128900715306916,556718.9847974842
2015-03-16,True,0.038291555122327,0.0,0.038291555122327,578036.620491503
2015-03-17,True,0.005579070095939,0.0,0.005579070095939,581261.5273152449
2015-03-18,True,0.0287758167420921,0.0,0.0287758167420921,597987.8025044969
2015-03-19,True,0.0048444617913476,0.0,0.0048444617913476,600884.7315654219
2015-03-20,True,0.0207402484753336,0.0,0.0207402484753336,613347.2302031228
2015-03-23,True,-0.008376825300923,0.0,-0.008376825300923,608209.3276069063
2015-03-24,True,-0.0101555606083775,0.0,-0.0101555606083775,602032.6209178139
2015-03-25,True,-0.0697271239218519,0.0,-0.0697271239218519,560054.6177540801
2015-03-26,True,-0.0081992304116994,0.0,-0.0081992304116994,555462.6008999782
2015-03-27,True,0.0096446719101737,0.0,0.0096446719101737,560819.8554440301
2015-03-30,True,0.0359686129130756,0.0,0.0359686129130756,580991.7677384635
2015-03-31,True,-0.0309560648667602,0.0,-0.0309560648667602,563006.548889298
2015-04-01,True,-0.0168947949538398,0.0,-0.0168947949538398,553494.6686881443
2015-04-02,True,0.0016791320879296,0.0,0.0016791320879296,554424.0593468365
2015-04-06,True,0.0240579948971764,0.0,0.0240579948971764,567762.3905374745
2015-04-07,True,-0.0046214539412932,0.0,-0.0046214539412932,565138.502800007
2015-04-08,True,0.0237956008892108,0.0,0.0237956008892108,578586.3130597621
2015-04-09,True,0.0186131507339748,0.0,0.0186131507339748,589355.6273173582
2015-04-10,True,0.0119658574645813,0.0,0.0119658574645813,596407.7727497866
2015-04-13,True,-0.0074248826009495,0.0,-0.0074248826009495,591979.5150548257
2015-04-14,True,-0.0085878299530727,0.0,-0.0085878299530727,586895.6956438323
2015-04-15,True,0.0176972940293245,0.0,0.0176972940293245,597282.1613341862
2015-04-16,True,-0.0034779971351852,0.0,-0.0034779971351852,595204.8156881686
2015-04-17,True,-0.0467486324787738,0.0,-0.0467486324787738,567379.804509966
2015-04-20,True,0.0447052968721424,0.0,0.0447052968721424,592744.6871098423
2015-04-21,True,0.0128196056819378,0.0,0.0128196056819378,600343.4402686541
2015-04-22,True,0.0162082393377462,0.0,0.0162082393377462,610073.9504333745
2015-04-23,True,0.0120073700171641,0.0,0.0120073700171641,617399.3340940612
2015-04-24,True,0.0391352168262042,0.0,0.0391352168262042,641561.3909021863
2015-04-27,True,-0.0063900721598036,0.0,-0.0063900721598036,637461.7673193774
2015-04-28,True,-0.0065172447983897,0.0,-0.0065172447983897,633307.2729321428
2015-04-29,True,-0.0190767147797435,0.0,-0.0190767147797435,621225.8507184791
2015-04-30,True,-0.0469904169800184,0.0,-0.0469904169800184,592034.1889544511
2015-05-01,True,0.0404431964672706,0.0,0.0404431964672706,615977.9439736772
2015-05-04,True,0.0035497410204252,0.0,0.0035497410204252,618164.5061490779
2015-05-05,True,-0.047399913189578,0.0,-0.047399913189578,588863.5622207333
2015-05-06,True,-0.0213516773276625,0.0,-0.0213516773276625,576290.3374501782
2015-05-07,True,0.0171691245727052,0.0,0.0171691245727052,586184.7380439066
2015-05-08,True,0.0366502604919254,0.0,0.0366502604919254,607668.5613896069
2015-05-11,True,-0.0109747891353821,0.0,-0.0109747891353821,600999.527064155
2015-05-12,True,-0.012916440875765,0.0,-0.012916440875765,593236.752206468
2015-05-13,True,0.005160409495897,0.0,0.005160409495897,596298.0967758695
2015-05-14,True,0.0442793408791917,0.0,0.0442793408791917,622701.7834686214
2015-05-15,True,-8.737948298120912e-05,0.0,-8.737948298120912e-05,622647.3721087305
2015-05-18,True,0.0122910140742804,0.0,0.0122910140742804,630300.3397226325
2015-05-19,True,-0.0028620897597583,0.0,-0.0028620897597583,628496.3635747402
2015-05-20,True,0.0016527358281506,0.0,0.0016527358281506,629535.1020326826
2015-05-21,True,0.0157174128996366,0.0,0.0157174128996366,639429.7651661452
2015-05-22,True,-0.0027359275614575,0.0,-0.0027359275614575,637680.3316480109
2015-05-26,True,-0.0346335050269346,0.0,-0.0346335050269346,615595.2266763023
2015-05-27,True,0.048130632016214,0.0,0.048130632016214,645224.2140023971
2015-05-28,True,-0.0073710391129647,0.0,-0.0073710391129647,640468.2410843536
2015-05-29,True,-0.016899809480163,0.0,-0.016899809480163,629644.4498319329
2015-06-01,True,0.0087689836372486,0.0,0.0087689836372486,635165.7917097935
2015-06-02,True,-0.0091232511047557,0.0,-0.0091232511047557,629371.0146988742
2015-06-03,True,0.0087728976769545,0.0,0.0087728976769545,634892.4222116686
2015-06-04,True,-0.0217841522566684,0.0,-0.0217841522566684,621061.8290196045
2015-06-05,True,-0.007569564782258,0.0,-0.007569564782258,616360.6612710529
2015-06-08,True,-0.0305988632845906,0.0,-0.0305988632845906,597500.72566282
2015-06-09,True,-0.0049405743681341,0.0,-0.0049405743681341,594548.7288926688
2015-06-10,True,0.0396287696561619,0.0,0.0396287696561619,618109.9635193202
2015-06-11,True,0.0054834708501598,0.0,0.0054834708501598,621499.3514864718
2015-06-12,True,-0.0254204415593439,0.0,-0.0254204415593439,605700.5635428398
2015-06-15,True,-0.0138084632034022,0.0,-0.0138084632034022,597336.7695988785
2015-06-16,True,0.0152833286652953,0.0,0.0152833286652953,606466.063772524
2015-06-17,True,0.0083826939620814,0.0,0.0083826939620814,611549.8831835171
2015-06-18,True,0.0422817628652489,0.0,0.0422817628652489,637407.2903245534
2015-06-19,True,-0.0152661772969363,0.0,-0.0152661772969363,627676.517620099
2015-06-22,True,0.0241245899493127,0.0,0.0241245899493127,642818.9562284965
2015-06-23,True,0.0024662405627038,0.0,0.0024662405627038,644404.3024128221
2015-06-24,True,-0.0153545403507513,0.0,-0.0153545403507513,634509.7705492267
2015-06-25,True,-0.0065476691061383,0.0,-0.0065476691061383,630355.2105270586
2015-06-26,True,-0.0185589088833053,0.0,-0.0185589088833053,618656.5056107702
2015-06-29,True,-0.0706897722402107,0.0,-0.0706897722402107,574923.8181342202
2015-06-30,True,0.0114100046372944,0.0,0.0114100046372944,581483.7015652228
2015-07-01,True,0.0204943628565621,0.0,0.0204943628565621,593400.8395402773
2015-07-02,True,0.0037771556687198,0.0,0.0037771556687198,595642.20688517
2015-07-06,True,-0.0084438934360792,0.0,-0.0084438934360792,590612.6675642005
2015-07-07,True,0.0050909878923592,0.0,0.0050909878923592,593619.4695038438
2015-07-08,True,-0.0500970726077011,0.0,-0.0500970726077011,563880.8718387648
2015-07-09,True,-0.0029078693588882,0.0,-0.0029078693588882,562241.1799294816
2015-07-10,True,0.0464755151299505,0.0,0.0464755151299505,588371.6283939754
2015-07-13,True,0.0511006652383352,0.0,0.0511006652383352,618437.8100122702
2015-07-14,True,0.0200656139399055,0.0,0.0200656139399055,630847.1443538171
2015-07-15,True,0.0047659802564732,0.0,0.0047659802564732,633853.74938866
2015-07-16,True,0.039068733974495,0.0,0.039068733974495,658617.6129022618
2015-07-17,True,0.0457338483933373,0.0,0.0457338483933373,688738.7309599156
2015-07-20,True,0.0111911417739667,0.0,0.0111911417739667,696446.5037433099
2015-07-21,True,-0.0027473604530883,0.0,-0.0027473604530883,694533.1141612339
2015-07-22,True,-0.0328219502237813,0.0,-0.0328219502237813,671737.1828594661
2015-07-23,True,-0.0119625429651981,0.0,-0.0119625429651981,663701.4979481886
2015-07-24,True,-0.0284160942783318,0.0,-0.0284160942783318,644841.6936098229
2015-07-27,True,-0.0256866590558951,0.0,-0.0256866590558951,628277.8648810415
2015-07-28,True,0.0263638585005978,0.0,0.0263638585005978,644841.693609823
2015-07-29,True,0.0111901954589426,0.0,0.0111901954589426,652057.5982013925
2015-07-30,True,0.0139164971918379,0.0,0.0139164971918379,661131.9559356788
2015-07-31,True,-0.0030590099124707,0.0,-0.0030590099124707,659109.5467290204
2015-08-03,True,-0.0092061843124922,0.0,-0.0092061843124922,653041.6627597099
2015-08-04,True,-0.0064458840325821,0.0,-0.0064458840325821,648832.2319331162
2015-08-05,True,0.0234222527181557,0.0,0.0234222527181557,664029.3444411388
2015-08-06,True,-0.0479950056395115,0.0,-0.0479950056395115,632159.2523098851
2015-08-07,True,-0.003978115433354,0.0,-0.003978115433354,629644.4498319336
2015-08-10,True,0.0337733357100342,0.0,0.0337733357100342,650909.6432140673
2015-08-11,True,-0.0381287030652642,0.0,-0.0381287030652642,626091.302705641
2015-08-12,True,0.0088183293942392,0.0,0.0088183293942392,631612.3820437677
2015-08-13,True,-0.0045003108661406,0.0,-0.0045003108661406,628769.9299776673
2015-08-14,True,0.0053904014340164,0.0,0.0053904014340164,632159.2523098853
2015-08-17,True,0.0245586202278058,0.0,0.0245586202278058,647684.2113108576
2015-08-18,True,-0.0159518969434473,0.0,-0.0159518969434473,637352.4195201289
2015-08-19,True,-0.0187838671006543,0.0,-0.0187838671006543,625380.4763755823
2015-08-20,True,-0.082342717616666,0.0,-0.082342717616666,573884.9484064116
2015-08-21,True,-0.1244045638004527,0.0,-0.1244045638004527,502491.04172826663
2015-08-24,True,-0.1184725139835922,0.0,-0.1184725139835922,442959.66476048477
2015-08-25,False,-0.006699048288182737,0.0005009556909878694,-0.0072000039791706065,439770.3534115972
2015-08-26,False,-0.0019482574130888386,2.2106832154773633e-06,-0.001950468096304316,438912.5953675674
2015-08-27,False,-0.006627564505715809,2.3174315091954582e-06,-0.006629881937225005,436002.6566795194
2015-08-28,False,-0.0001631430180575449,1.5280950829045515e-06,-0.00016467111314044942,435930.85963671183
2015-08-31,False,-0.00444909865945838,1.6156718401751784e-06,-0.004450714331298555,433990.65591227147
2015-09-01,False,0.0079037834510591,1.6017098569626187e-06,0.007902181741202139,437420.1289492738
2015-09-02,False,-0.0014582327874924936,6.431160752712606e-07,-0.0014588759035677648,436781.9872634142
2015-09-03,False,-0.002447197776578473,7.909120210487646e-07,-0.0024479886885995215,435712.7498992093
2015-09-04,False,0.002932632556352635,1.3688801514433468e-06,0.0029312636762011918,436989.9388562466
2015-09-08,False,-0.0037428233806110645,8.610856614445217e-07,-0.003743684466272509,435353.9864102331
2015-09-09,False,-0.0019978875398346343,1.8253025104939258e-06,-0.0019997128423451284,434483.4034526424
2015-09-10,False,-0.0031373302539808388,1.1507218187122859e-06,-0.003138480975799551,433119.78555660567
2015-09-11,False,0.0004275513846361855,4.1574709679713387e-07,0.0004271356375393884,433304.7864523403
2015-09-14,False,0.0003699003663088127,1.1660692810604168e-07,0.00036978375938070664,433465.01552523236
2015-09-15,False,-0.004354097991807274,2.2455867929493946e-07,-0.0043543225504865685,431577.5690332838
2015-09-16,False,0.0008387922440150393,2.077527002072158e-06,0.0008367147170129671,431938.67633682664
2015-09-17,False,0.0056800839047349986,9.81107875735382e-07,0.005679102796859264,434391.7004816828
2015-09-18,False,0.011055673080122294,1.9969765665775465e-06,0.011053676103555716,439193.3256408801
2015-09-21,False,-0.005085921741127338,2.6881641187295745e-07,-0.005086190557539211,436959.50469507126
2015-09-22,False,0.0035906039677353493,1.8897805518298811e-06,0.0035887141871835193,438527.6274687951
2015-09-23,False,0.0026692877374090225,5.885399602183761e-07,0.0026686991974488043,439697.92579628015
2015-09-24,False,0.007186526121206384,2.281807179757539e-06,0.007184244314026626,442856.8231195714
2015-09-25,False,-0.006621729981257603,8.973201481850962e-07,-0.006622627301405788,439923.94743216585
2015-09-28,False,0.0008398055178812537,2.2477836470837648e-06,0.0008375577342341699,440292.4091368125
2015-09-29,False,-0.00044330563090512633,6.027569413573214e-07,-0.00044390838784648363,440096.9596432915
2015-09-30,False,-0.004280249408307273,1.0197090876003928e-06,-0.004281269117394874,438212.7861213113
2015-10-01,False,0.0008169904279085697,3.3864162145427756e-07,0.0008166517862871153,438570.65337587113
2015-10-02,False,0.006890308121525181,2.3644692667880025e-06,0.006887943652258393,441591.5033238583
2015-10-05,False,-0.005950874053604486,1.077935650359102e-06,-0.005951951989254845,438963.17189721187
2015-10-06,False,-0.0029940640639716056,2.8211025511071243e-06,-0.0029968851665227126,437647.64967870334
2015-10-07,False,-0.0013894318965425839,6.83335942992941e-08,-0.0013895002301368832,437039.5381687559
2015-10-08,False,-0.004730615532304581,6.46990359368882e-07,-0.00473126252266395,434971.7893808957
2015-10-09,False,0.0017511471272709817,2.3459059755944757e-06,0.0017488012212953873,435732.4685773941
2015-10-12,False,0.006084883143788847,9.268795224526839e-07,0.006083956264266395,438383.4458591398
2015-10-13,False,0.004285936115117739,5.67453037008614e-07,0.00428536866208073,440262.0805399995
2015-10-14,False,0.00597528827427619,1.8981893158927094e-06,0.005973390084960297,442891.9376866811
2015-10-15,False,-0.0024423241917390266,3.7964792192722586e-07,-0.0024427038396609537,441810.08384993894
2015-10-16,False,-0.0023224136651052774,7.916947659268592e-07,-0.0023232053598712045,440783.66829509364
2015-10-19,False,0.002867279966727046,1.6473964586822543e-06,0.0028656325702683637,442046.7923314024
2015-10-20,False,-0.0012397283487515156,1.2645581042504268e-06,-0.001240992906855766,441498.2153976208
2015-10-21,False,0.0008850934270234872,1.624536515042921e-06,0.0008834688905084443,441888.2653361396
2015-10-22,False,0.0019095371326101054,5.506922439432183e-07,0.0019089864403661623,442731.8240428231
2015-10-23,False,0.0009619687563277019,1.1802032219863784e-06,0.0009607885531057155,443157.1957114591
2015-10-26,False,0.0012002478392110858,3.5952717175379013e-07,0.001199888312039332,443688.9348509895
2015-10-27,False,0.004719864705898628,9.057475431555051e-07,0.004718958958355472,445782.6847248277
2015-10-28,False,-0.006430513568726402,3.518837529976199e-07,-0.0064308654524793995,442915.91625831736
2015-10-29,False,-0.006826503551561024,5.61413346238257e-07,-0.006827064964907262,439892.10052403033
2015-10-30,False,-0.0035346685383019394,9.71529337725846e-07,-0.003535640067639665,438336.8003879794
2015-11-02,False,-0.002501242036674937,6.869251722293051e-07,-0.002501928961847166,437240.11285204533
2015-11-03,False,-0.00961211463642666,1.3230704819589961e-06,-0.00961343770690862,433036.7322641805
2015-11-04,False,0.000511966227408712,2.0352969587928842e-06,0.0005099309304499191,433257.55108798295
2015-11-05,False,0.0011486312879327779,9.008600293287789e-07,0.001147730427903449,433754.8139624856
2015-11-06,False,-0.00504499667707958,1.6340766909894167e-06,-0.005046630753770569,431565.8135787465
2015-11-09,False,0.0032264609862407167,7.398693427239922e-07,0.0032257211168979926,432957.9245369387
2015-11-10,False,0.002949826552697514,1.0369700261662201e-06,0.0029487895826713476,434234.62635454827
2015-11-11,False,-0.0006104992946664337,5.037240723019254e-07,-0.0006110030187387357,433969.30768700474
2015-11-12,False,0.0017184370987658217,3.9291861095448743e-07,0.001718044180154867,434714.88613044226
2015-11-13,False,0.0026508031013975377,9.057983899191657e-07,0.0026498973030076186,435866.8359347766
2015-11-16,False,0.0023693172592449793,4.008307615510909e-07,0.0023689164284834284,436899.3680430536
2015-11-17,False,-0.003433312951743936,1.635051293363582e-06,-0.0034349480030372993,435398.64143126586
2015-11-18,False,0.00016024395207742776,1.7313432778860717e-07,0.00016007081774963917,435468.3360478468
2015-11-19,False,0.0028137995712419726,1.365839771071256e-06,0.0028124337314709012,436693.06188513536
2015-11-20,False,0.000677609267206406,1.1279674675897938e-06,0.0006764812997388162,436988.47657522635
2015-11-23,False,-0.0031905533678586125,8.126942870947673e-07,-0.003191366062145707,435593.88638153544
2015-11-24,False,-0.00038722230336693417,1.3843323271245239e-06,-0.0003886066356940587,435424.6117068198
2015-11-25,False,-0.0008943143110855473,6.286669962535102e-07,-0.0008949429780818008,435034.9315080888
2015-11-27,False,0.0008101740670031858,2.236492374043636e-06,0.0008079375746291421,435386.41257553035
2015-11-30,False,0.0029351791854448583,6.118851209759996e-07,0.0029345673003238824,436664.0833048798
2015-12-01,False,0.0004213512432556388,8.86518338271941e-07,0.00042046472491736686,436847.6851485478
2015-12-02,False,-0.0007853936280566512,2.622958993289404e-06,-0.0007880165870499406,436503.4419266364
2015-12-03,False,-0.007875828013079315,3.4008128818488885e-06,-0.007879228825961164,433064.1314243768
2015-12-04,False,0.008910860163127999,2.196792173126308e-06,0.008908663370954872,436922.15398927155
2015-12-07,False,0.005010717256589637,3.5222315508216667e-06,0.0050071950250388155,439109.9084250559
2015-12-08,False,0.001588010179381498,1.1810448767352045e-07,0.0015878920748938245,439807.1675686514
2015-12-09,False,-0.003295407389572959,9.238097645959814e-07,-0.003296331199337555,438357.4174805025
2015-12-10,False,-0.0018504260719510981,1.7859279410395446e-07,-0.001850604664745202,437546.1911988875
2015-12-11,False,0.006344493433995725,3.238630142333998e-07,0.006344169570981492,440322.05843099026
2015-12-14,False,-0.004984434989604436,1.3094307832686446e-06,-0.004985744420387705,438126.72518499434
2015-12-15,False,-0.0005019414779814769,7.140153068953548e-07,-0.0005026554932883722,437906.49837982364
2015-12-16,False,0.004488487260793816,1.2655505010413514e-06,0.004487221710292774,439871.4819264318
2015-12-17,False,0.00027856840711565703,3.6950337846733128e-06,0.0002748733733309837,439992.390884501
2015-12-18,False,0.0034778690547430224,1.9674114571683194e-06,0.0034759016432858543,441521.7611590097
2015-12-21,False,0.0026893643028628477,1.3611275331549683e-06,0.0026880031753296926,442708.5730549823
2015-12-22,False,-0.0018603310050749186,5.635103684287768e-07,-0.0018608945154433474,441884.73909944453
2015-12-23,False,-0.005397413757500536,1.0242929063744855e-06,-0.00539843805040691,439499.2517099959
2015-12-24,False,0.0007096869061115311,1.1308119619092561e-06,0.0007085560941496219,439810.6615831692
2015-12-28,False,-0.0006197343865179278,1.15896304475753e-06,-0.0006208933495626854,439537.58606832544
2015-12-29,False,-0.006040173870745712,1.3162547624993998e-06,-0.0060414901255082115,436882.1240823039
2015-12-30,False,0.0014659725942983016,1.7580939167834154e-06,0.0014642145003815183,437521.81322334276
2015-12-31,False,0.000923753754523359,3.8016531221828074e-07,0.0009233735892111407,437925.80931037694
2016-01-04,False,0.00895628841247962,1.039300167109708e-06,0.00895524911231251,441847.54402546247
2016-01-05,False,0.002359517663678539,3.923272408915962e-07,0.0023591253364376474,442889.9177614157
2016-01-06,False,0.011491263143974861,1.309656404118481e-06,0.011489953487570743,447978.7023166084
2016-01-07,False,0.004871656192914968,1.5371868883721913e-06,0.004870119006026596,450160.4119090556
2016-01-08,False,-0.0002785957282990612,6.917114351049636e-07,-0.0002792874397341662,450034.6877601439
2016-01-11,False,0.0008087927459368213,2.0435484018870994e-06,0.0008067491975349342,450397.7528833573
2016-01-12,False,0.002177676167041301,1.2036810318168389e-06,0.002176472486009484,451378.03120026836
2016-01-13,False,0.004703280699730906,3.4295751682172915e-07,0.004702937742214084,453500.8339792064
2016-01-14,False,-0.004416618305096163,1.978269168579655e-06,-0.004418596574264743,451496.9967477597
2016-01-15,False,0.010653742612117956,1.3829756975267393e-06,0.010652359636420429,456306.50513188064
2016-01-19,False,-0.0014518784667796804,1.7827909511598793e-07,-0.0014520567458747964,455643.9221929173
2016-01-20,False,0.007908304122930638,9.02801198829295e-07,0.007907401321731808,459246.8815455047
2016-01-21,False,-0.004241508278844526,1.464292763404554e-06,-0.0042429725716079305,457298.30962351063
2016-01-22,False,-0.00778775153502267,1.5423864667368226e-06,-0.007789293921489407,453736.27868005284
2016-01-25,False,0.004002359430623169,1.0430540384503835e-06,0.004001316376584719,455551.82108258596
2016-01-26,False,0.003573520914372058,1.3008440614392657e-06,0.0035722200703106185,457179.1524409237
2016-01-27,False,-0.0009495209444578227,1.0844428771486087e-06,-0.0009506053873349714,456744.55547563615
2016-01-28,False,-0.005115380285233843,1.0031403806299021e-06,-0.005116383425614473,454407.67520226096
2016-01-29,False,0.0013123128826034074,1.0173836880468662e-06,0.0013112954989153605,455003.53794142633
2016-02-01,False,0.004225922192029711,1.005636120164896e-06,0.004224916555909545,456925.8899218725
2016-02-02,False,0.00922392228777002,2.2667710982505333e-06,0.00922165551667177,461139.5030753807
2016-02-03,False,-0.0035593893933743245,2.9857291404047914e-06,-0.0035623751225147293,459496.7511816161
2016-02-04,False,0.003298443577320502,1.4591759059396637e-06,0.0032969844014145624,461011.70480276254
2016-02-05,False,0.01025902597096872,1.6924745217542503e-06,0.010257333496446966,465740.45560469
2016-02-08,False,0.010852973181438158,1.0762865717889592e-06,0.010851896894866368,470794.6230086802
2016-02-09,False,0.003451247486080002,1.5112430784446351e-06,0.0034497362430015574,472418.7402826834
2016-02-10,False,0.0029066636341662975,8.04520693807445e-07,0.00290585911347249,473791.52258450905
2016-02-11,False,0.01763959934667497,3.6930395711836652e-06,0.017635906307103787,482147.26548590953
2016-02-12,False,-0.012646855025619625,2.5528091698762273e-06,-0.012649407834789501,476048.3880883497
2016-02-16,False,-0.007646014885884045,3.809999890394475e-06,-0.00764982488577444,472406.7012823186
2016-02-17,False,-0.0044459434442403155,2.3795889438247427e-06,-0.00444832303318414,470305.283671974
2016-02-18,False,0.013196099000480722,1.8320074851917445e-06,0.013194266992995531,476510.6171529586
2016-02-19,False,0.0010952276586722067,1.5074776922912175e-06,0.0010937201809799154,477031.7864313899
2016-02-22,False,-0.008663161386365702,1.5319387498104603e-06,-0.008664693325115514,472898.4522956299
2016-02-23,False,0.008046121663858303,1.1463694383629098e-06,0.008044975294419941,476702.90866111766
2016-02-24,False,0.0009190240163427189,4.009728351155456e-07,0.0009186230435076034,477140.81893792085
2016-02-25,False,-6.523177551721159e-05,8.92519591384755e-07,-6.612429510859635e-05,477109.26833760104
2016-02-26,False,-0.0034773668100842093,7.053472193575411e-07,-0.003478072157303567,475449.8478754046
2016-02-29,False,0.005072412801806059,1.3253135937801863e-06,0.005071087488212279,477860.895650238
2016-03-01,False,-0.00784328631166382,5.336377550892584e-07,-0.007843819949418908,474112.6408238894
2016-03-02,False,-0.0008426569483765689,1.4294734936148162e-06,-0.0008440864218701837,473712.448781333
2016-03-03,False,0.004670928286143302,2.0906410087360577e-06,0.004668837645134566,475924.1352951721
2016-03-04,False,-0.007326217682827361,1.7585136399197177e-06,-0.007327976196467281,472436.57456040476
2016-03-07,False,-0.003087718558901864,1.5735723219787029e-06,-0.003089292131223843,470977.0799681129
2016-03-08,False,0.00513575978575958,1.7467358864514115e-06,0.005134013049873129,473395.08244286035
2016-03-09,False,-0.010979374136806774,1.863902122624203e-06,-0.010981238038929399,468196.61835609673
2016-03-10,False,0.002714909689319376,2.2175248604117126e-06,0.0027126921644589643,469466.6916541375
2016-03-11,False,-0.011002964571838384,1.4131634551040885e-06,-0.011004377735293489,464300.5028450368
2016-03-14,False,-0.0014040114310441406,1.9181494632584533e-06,-0.001405929580507399,463647.7290338425
2016-03-15,False,0.0016465237144770812,5.663135988168838e-07,0.0016459574008782644,464410.87344484613
2016-03-16,False,0.006066532721850009,2.6885461174362136e-06,0.006063844175732573,467226.9886149315
2016-03-17,False,-0.0035345100562339895,7.368629051067028e-07,-0.003535246919139096,465575.225842892
2016-03-18,False,0.001964716524082323,8.209343427179466e-07,0.001963895589739605,466489.56697561685
2016-03-21,False,-0.0033161960821793874,6.179698088391444e-07,-0.0033168140519882266,464942.3078247662
2016-03-22,False,0.0005565035377978761,3.973870346728886e-07,0.0005561061507632031,465200.8651018976
2016-03-23,False,0.0001401612835416922,3.7945113858591925e-06,0.000136366772155833,465264.3030422757
2016-03-24,False,-0.0033101526714040355,5.601621102048343e-07,-0.00331071283351424,463723.94654321764
2016-03-28,False,-0.0007530151614183371,6.383114646408561e-07,-0.000753653472882978,463374.4593804463
2016-03-29,False,0.00941564495613306,1.5040480919704253e-06,0.00941414090804109,467736.73183424113
2016-03-30,False,-0.0034905683095804176,1.7539945324362289e-06,-0.003492322304112854,466103.2444132035
2016-03-31,True,-0.005825372414564,0.0005,-0.006325372414564,463154.9678086534
2016-04-01,True,0.03330095248927,0.0,0.03330095248927,478578.4693868188
2016-04-04,True,-0.0123805150260662,0.0,-0.0123805150260662,472653.4214554235
2016-04-05,True,-0.0268897525659745,0.0,-0.0268897525659745,459943.88790302596
2016-04-06,True,0.0478904785659257,0.0,0.0478904785659257,481970.8208081744
2016-04-07,True,-0.0431681045143048,0.0,-0.0431681045143048,461165.0540426818
2016-04-08,True,-0.0023539630304159,0.0,-0.0023539630304159,460079.4885545456
2016-04-11,True,-0.0107159145956267,0.0,-0.0107159145956267,455149.31604799547
2016-04-12,True,0.0233530987965331,0.0,0.0233530987965331,465778.4629928388
2016-04-13,True,0.039037007630277,0.0,0.039037007630277,483961.060406709
2016-04-14,True,0.0006538495546821,0.0,0.0006538495546821,484277.49813053943
2016-04-15,True,-0.007658284463093,0.0,-0.007658284463093,480568.7632907807
2016-04-18,True,0.0147763077796845,0.0,0.0147763077796845,487669.7952464677
2016-04-19,True,-0.0172510865655619,0.0,-0.0172510865655619,479256.961393261
2016-04-20,True,0.0024538784502992,0.0,0.0024538784502992,480432.9997229798
2016-04-21,True,0.0002825858504291,0.0,0.0002825858504291,480568.7632907807
2016-04-22,True,-0.0452709114062256,0.0,-0.0452709114062256,458812.9773832444
2016-04-25,True,-0.0007884006509838,0.0,-0.0007884006509838,458451.24893319566
2016-04-26,True,-0.0137136080891826,0.0,-0.0137136080891826,452164.2281773295
2016-04-27,True,-0.0240074919074368,0.0,-0.0240074919074368,441308.8991285298
2016-04-28,True,-0.0354614179288096,0.0,-0.0354614179288096,425659.45982083015
2016-04-29,True,-0.0159388276641887,0.0,-0.0159388276641887,418874.94704711426
2016-05-02,True,0.0264550923069213,0.0,0.0264550923069213,429956.3224363024
2016-05-03,True,-0.0266149517017828,0.0,-0.0266149517017828,418513.05568078405
2016-05-04,True,-0.0197774585009509,0.0,-0.0197774585009509,410235.9310899512
2016-05-05,True,-0.0005506845200529,0.0,-0.0005506845200529,410010.0205131304
2016-05-06,True,0.0144505858849472,0.0,0.0144505858849472,415934.90552824445
2016-05-09,True,0.0088082565001268,0.0,0.0088082565001268,419598.5668634932
2016-05-10,True,0.0419317370943119,0.0,0.0419317370943119,437193.0636543633
2016-05-11,True,-0.0273122001710921,0.0,-0.0273122001710921,425252.3591864223
2016-05-12,True,-0.0140395191905248,0.0,-0.0140395191905248,419282.0205288086
2016-05-13,True,-0.0120818242898658,0.0,-0.0120818242898658,414216.3288288796
2016-05-16,True,0.0385451071913047,0.0,0.0385451071913047,430182.34162397747
2016-05-17,True,-0.038376211176243,0.0,-0.038376211176243,413673.573237525
2016-05-18,True,0.0113708020959268,0.0,0.0113708020959268,418377.3735711238
2016-05-19,True,-0.0157834980972602,0.0,-0.0157834980972602,411773.9150914273
2016-05-20,True,0.0333917766905893,0.0,0.0333917766905893,425523.77771116997
2016-05-23,True,-0.0048891934473921,0.0,-0.0048891934473921,423443.30964547495
2016-05-24,True,0.0612046389584273,0.0,0.0612046389584273,449360.00453168777
2016-05-25,True,0.0215399883463764,0.0,0.0215399883463764,459039.213792628
2016-05-26,True,0.0083747431064025,0.0,0.0083747431064025,462883.54928390624
2016-05-27,True,0.0150483821182496,0.0,0.0150483821182496,469849.1978097821
2016-05-31,True,0.0059683482673031,0.0,0.0059683482673031,472653.4214554239
2016-06-01,True,0.000383059311116,0.0,0.000383059311116,472834.4757494432
2016-06-02,True,0.0056435395782241,0.0,0.0056435395782241,475502.9358272841
2016-06-03,True,-0.0136977884522592,0.0,-0.0136977884522592,468989.59720389376
2016-06-06,True,0.0107054697778383,0.0,0.0107054697778383,474010.3511628806
2016-06-07,True,-0.007061155282634,0.0,-0.007061155282634,470663.29046774365
2016-06-08,True,0.0044204627086341,0.0,0.0044204627086341,472743.83999157936
2016-06-09,True,-0.0044010082159352,0.0,-0.0044010082159352,470663.29046774365
2016-06-10,True,-0.0336344921625398,0.0,-0.0336344921625398,454832.76971331117
2016-06-13,True,-0.0256563910482735,0.0,-0.0256563910482735,443163.4023119771
2016-06-14,True,0.000510748448669,0.0,0.000510748448669,443389.74733221484
2016-06-15,True,-0.0089771984193987,0.0,-0.0089771984193987,439409.3495932865
2016-06-16,True,0.0072056355326912,0.0,0.0072056355326912,442575.5732161126
2016-06-17,True,-0.0342363325690356,0.0,-0.0342363325690356,427423.4087045542
2016-06-20,True,0.017989688632479,0.0,0.017989688632479,435112.622741382
2016-06-21,True,0.009979065996216,0.0,0.009979065996216,439454.64031950483
2016-06-22,True,-0.0064840823261335,0.0,-0.0064840823261335,436605.1802530718
2016-06-23,True,0.0421627632253633,0.0,0.0421627632253633,455013.6610910492
2016-06-24,True,-0.1224649078124425,0.0,-0.1224649078124425,399290.45503213187
2016-06-27,True,-0.058224140162217,0.0,-0.058224140162217,376042.11161290563
2016-06-28,True,0.0626654884478863,0.0,0.0626654884478863,399606.97421410296
2016-06-29,True,0.0519524403652968,0.0,0.0519524403652968,420367.5317115179
2016-06-30,True,0.0363676164541875,0.0,0.0363676164541875,435655.29687459586
2016-07-01,True,0.0137045835641478,0.0,0.0137045835641478,441625.7712957774
2016-07-05,True,-0.0177185095628723,0.0,-0.0177185095628723,433800.82084386225
2016-07-06,True,0.0235636661076314,0.0,0.0235636661076314,444022.7585434435
2016-07-07,True,0.0094734264081461,0.0,0.0094734264081461,448229.1754700469
2016-07-08,True,0.0462162170020896,0.0,0.0462162170020896,468944.63231023826
2016-07-11,True,0.0170717511503339,0.0,0.0170717511503339,476950.3383763235
2016-07-12,True,0.0157416741795097,0.0,0.0157416741795097,484458.3352028506
2016-07-13,True,-0.0070021353004088,0.0,-0.0070021353004088,481066.0923923494
2016-07-14,True,0.0203084553447767,0.0,0.0203084553447767,490835.8016475857
2016-07-15,True,-0.0056208876984166,0.0,-0.0056208876984166,488076.8687281623
2016-07-18,True,0.0199240600354309,0.0,0.0199240600354309,497801.3415626073
2016-07-19,True,-0.010357821400426,0.0,-0.010357821400426,492645.20417380944
2016-07-20,True,0.0342451053264369,0.0,0.0342451053264369,509515.89107930555
2016-07-21,True,-0.0059474045693154,0.0,-0.0059474045693154,506485.5939405617
2016-07-22,True,0.0116088255423112,0.0,0.0116088255423112,512365.29684031155
2016-07-25,True,0.0008826819455718,0.0,0.0008826819455718,512817.55243737006
2016-07-26,True,0.0033520381311016,0.0,0.0033520381311016,514536.5364274384
2016-07-27,True,0.0195142642680676,0.0,0.0195142642680676,524577.3383748597
2016-07-28,True,0.0108641426768514,0.0,0.0108641426768514,530276.4214240072
2016-07-29,True,0.0065679410251453,0.0,0.0065679410251453,533759.2456869452
2016-08-01,True,0.0156761155286107,0.0,0.0156761155286107,542126.5172867979
2016-08-02,True,-0.0225261837322882,0.0,-0.0225261837322882,529914.47575225
2016-08-03,True,0.0094740346907815,0.0,0.0094740346907815,534934.903878674
2016-08-04,True,0.0089630086309437,0.0,0.0089630086309437,539729.5300391316
2016-08-05,True,0.0289114042904876,0.0,0.0289114042904876,555333.868689608
2016-08-08,True,-0.0031762776912184,0.0,-0.0031762776912184,553569.9741113111
2016-08-09,True,0.0066181462166605,0.0,0.0066181462166605,557233.5811411329
2016-08-10,True,-0.0077111593168882,0.0,-0.0077111593168882,552936.6642202334
2016-08-11,True,0.0129245024886126,0.0,0.0129245024886126,560083.0955129929
2016-08-12,True,0.0018570670208923,0.0,0.0018570670208923,561123.2073586294
2016-08-15,True,0.0125745108165045,0.0,0.0125745108165045,568179.0571989523
2016-08-16,True,-0.0157618662257589,0.0,-0.0157618662257589,559223.4949071045
2016-08-17,True,0.0046917063209754,0.0,0.0046917063209754,561847.2073129982
2016-08-18,True,0.0009657782769478,0.0,0.0009657782769478,562389.8271407849
2016-08-19,True,-0.0013677026727946,0.0,-0.0013677026727946,561620.645071052
2016-08-22,True,0.0009666513503143,0.0,0.0009666513503143,562163.5364259743
2016-08-23,True,0.0059540846908558,0.0,0.0059540846908558,565510.7057319657
2016-08-24,True,-0.0192756129266941,0.0,-0.0192756129266941,554610.1402623747
2016-08-25,True,-0.0047300474287447,0.0,-0.0047300474287447,551986.8079944708
2016-08-26,True,0.0048348726305615,0.0,0.0048348726305615,554655.5939048743
2016-08-29,True,0.0027722755991479,0.0,0.0027722755991479,556193.2520737876
2016-08-30,True,-0.0090269954557463,0.0,-0.0090269954557463,551172.4981148009
2016-08-31,True,-0.0026259442344503,0.0,-0.0026259442344503,549725.1498711887
2016-09-01,True,0.0044433182782697,0.0,0.0044433182782697,552167.7536776359
2016-09-02,True,0.0117136231476977,0.0,0.0117136231476977,558635.6386585266
2016-09-06,True,0.0185409220115524,0.0,0.0185409220115524,568993.2584677681
2016-09-07,True,0.0018284634436156,0.0,0.0018284634436156,570033.6418405402
2016-09-08,True,-0.0171389245187679,0.0,-0.0171389245187679,560263.8782798769
2016-09-09,True,-0.0758052028011504,0.0,-0.0758052028011504,517792.9613647117
2016-09-12,True,0.0512753820755464,0.0,0.0512753820755464,544342.9932947159
2016-09-13,True,-0.0235978998239277,0.0,-0.0235978998239277,531497.6418690904
2016-09-14,True,0.0128496508498046,0.0,0.0128496508498046,538327.2009946026
2016-09-15,True,0.0463791116149636,0.0,0.0463791116149636,563294.3383349023
2016-09-16,True,-0.0011242001606524,0.0,-0.0011242001606524,562661.0827492517
2016-09-19,True,-0.0131031159302722,0.0,-0.0131031159302722,555288.4693525358
2016-09-20,True,0.0055389165191972,0.0,0.0055389165191972,558364.1658283523
2016-09-21,True,0.0290806524305475,0.0,0.0290806524305475,574601.7600644792
2016-09-22,True,0.0233788589600891,0.0,0.0233788589600891,588035.2935712457
2016-09-23,True,-0.0179986751379279,0.0,-0.0179986751379279,577451.4373526208
2016-09-26,True,-0.0248298710045947,0.0,-0.0248298710045947,563113.3926517376
2016-09-27,True,0.0283535865610429,0.0,0.0283535865610429,579079.6769739711
2016-09-28,True,0.0054672132723332,0.0,0.0054672132723332,582245.6290696616
2016-09-29,True,-0.0212070230758526,0.0,-0.0212070230758526,569897.932578167
2016-09-30,True,0.0205553314658448,0.0,0.0205553314658448,581612.3734840109
2016-10-03,True,-0.0022549904888159,0.0,-0.0022549904888159,580300.8431136268
2016-10-04,True,-0.0056900363395705,0.0,-0.0056900363395705,576998.9102284268
2016-10-05,True,0.0104259087635101,0.0,0.0104259087635101,583014.6482231132
2016-10-06,True,-0.0015517176337772,0.0,-0.0015517176337772,582109.9741127149
2016-10-07,True,-0.006526894859367,0.0,-0.006526894859367,578310.6035150923
2016-10-10,True,0.017910039070456,0.0,0.017910039070456,588668.1690189068
2016-10-11,True,-0.0413365337168036,0.0,-0.0413365337168036,564334.6674022477
2016-10-12,True,-0.0020839377724787,0.0,-0.0020839377724787,563158.6290725289
2016-10-13,True,-0.0117260896091871,0.0,-0.0117260896091871,556554.9805238375
2016-10-14,True,0.0022756263363401,0.0,0.0022756263363401,557821.4916951387
2016-10-17,True,-0.006891889537009,0.0,-0.006891889537009,553977.0475930063
2016-10-18,True,0.0256364585277562,0.0,0.0256364585277562,568179.0571989532
2016-10-19,True,0.0003982735934093,0.0,0.0003982735934093,568405.3479137638
2016-10-20,True,-0.004217325140845,0.0,-0.004217325140845,566008.1977498165
2016-10-21,True,0.0108676442397455,0.0,0.0108676442397455,572159.3734797409
2016-10-24,True,0.0364425540283404,0.0,0.0364425540283404,593010.3223605978
2016-10-25,True,-0.0099913836278305,0.0,-0.0099913836278305,587085.3287346297
2016-10-26,True,-0.0191832170854268,0.0,-0.0191832170854268,575823.1434258441
2016-10-27,True,-0.0139820008982008,0.0,-0.0139820008982008,567771.9837172593
2016-10-28,True,-0.0172865821961039,0.0,-0.0172865821961039,557957.1466520858
2016-10-31,True,-0.005674185042144,0.0,-0.005674185042144,554791.1945563952
2016-11-01,True,-0.0205444763417216,0.0,-0.0205444763417216,543393.2999852359
2016-11-02,True,-0.0260536347158468,0.0,-0.0260536347158468,529235.929440382
2016-11-03,True,-0.0288006498149308,0.0,-0.0288006498149308,513993.59076709015
2016-11-04,True,-0.0113515606031823,0.0,-0.0113515606031823,508158.9613718502
2016-11-07,True,0.0716510151029796,0.0,0.0716510151029796,544569.0667878191
2016-11-08,True,0.0196014237884845,0.0,0.0196014237884845,555243.3958480267
2016-11-09,True,0.0140109179413474,0.0,0.0140109179413474,563022.8655047285
2016-11-10,True,-0.0475577584208816,0.0,-0.0475577584208816,536246.7600816222
2016-11-11,True,-0.000843270906779,0.0,-0.000843270906779,535794.5587899908
2016-11-14,True,-0.0337667034213475,0.0,-0.0337667034213475,517702.5428285574
2016-11-15,True,0.0463041441435392,0.0,0.0463041441435392,541674.3159951677
2016-11-16,True,0.0162827761625066,0.0,0.0162827761625066,550494.2776354959
2016-11-17,True,0.0231697672379105,0.0,0.0231697672379105,563249.1019141121
2016-11-18,True,-0.0112426152455559,0.0,-0.0112426152455559,556916.7089738868
2016-11-21,True,0.0300498241489155,0.0,0.0300498241489155,573651.9581441449
2016-11-22,True,0.0089888357359446,0.0,0.0089888357359446,578808.4213655056
2016-11-23,True,-0.0120345568139278,0.0,-0.0120345568139278,571842.7185342025
2016-11-25,True,0.0096498416304997,0.0,0.0096498416304997,577360.910205612
2016-11-28,True,-0.0055623094443193,0.0,-0.0055623094443193,574149.4501619944
2016-11-29,True,0.0096110719427713,0.0,0.0096110719427713,579667.641833404
2016-11-30,True,-0.0323813130187033,0.0,-0.0323813130187033,560897.242476383
2016-12-01,True,-0.0549152655929907,0.0,-0.0549152655929907,530095.4214354162
2016-12-02,True,0.0040101948793873,0.0,0.0040101948793873,532221.2073800432
2016-12-05,True,0.0231157216620023,0.0,0.0231157216620023,544523.8846724551
2016-12-06,True,0.0072265435279048,0.0,0.0072265435279048,548458.9102270245
2016-12-07,True,0.0371101684703327,0.0,0.0371101684703327,568812.3127846045
2016-12-08,True,0.0061229762166854,0.0,0.0061229762166854,572295.1370475424
2016-12-09,True,0.0233933788378026,0.0,0.0233933788378026,585683.0539955278
2016-12-12,True,-0.0139008113319057,0.0,-0.0139008113319057,577541.5843616417
2016-12-13,True,0.0390794148637778,0.0,0.0390794148637778,600111.5715379937
2016-12-14,True,-0.0073110472718677,0.0,-0.0073110472718677,595724.1274700847
2016-12-15,True,0.0060739942325724,0.0,0.0060739942325724,599342.5523845423
2016-12-16,True,-0.012150033257787,0.0,-0.012150033257787,592060.5204402632
2016-12-19,True,0.012223434083757,0.0,0.012223434083757,599297.5331854597
2016-12-20,True,0.0120751917144419,0.0,0.0120751917144419,606534.1657926661
2016-12-21,True,-0.0035049873121375,0.0,-0.0035049873121375,604408.271237185
2016-12-22,True,-0.0086801239375927,0.0,-0.0086801239375927,599161.9325339401
2016-12-23,True,0.003094391493591,0.0,0.003094391493591,601015.9741212567
2016-12-27,True,0.0146000913680339,0.0,0.0146000913680339,609790.862257075
2016-12-28,True,-0.023141957119265,0.0,-0.023141957119265,595679.1082710021
2016-12-29,True,-0.0048596720245585,0.0,-0.0048596720245585,592784.3031729235
2016-12-30,True,-0.0292232863220446,0.0,-0.0292232863220446,575461.1977540875
2017-01-03,True,0.0242081701819416,0.0,0.0242081701819416,589392.0603624224
2017-01-04,True,0.0170363229331296,0.0,0.0170363229331296,599433.1338369792
2017-01-05,True,0.0177315447173769,0.0,0.0177315447173769,610062.009254687
2017-01-06,True,0.0253560983469238,0.0,0.0253560983469238,625530.8015590708
2017-01-09,True,0.0101229707764374,0.0,0.0101229707764374,631863.0315830148
2017-01-10,True,0.0057265110129409,0.0,0.0057265110129409,635481.4021920451
2017-01-11,True,0.0076867287581159,0.0,0.0076867287581159,640366.1753615226
2017-01-12,True,-0.0050853392449433,0.0,-0.0050853392449433,637109.6961188224
2017-01-13,True,0.0115005398496126,0.0,0.0115005398496126,644436.8015676115
2017-01-17,True,-0.0094045662323631,0.0,-0.0094045662323631,638376.1529846967
2017-01-18,True,0.0068017025863755,0.0,0.0068017025863755,642718.1977155332
2017-01-19,True,-0.0026742151917729,0.0,-0.0026742151917729,640999.4309471734
2017-01-20,True,0.006491834100077,0.0,0.006491834100077,645160.6929111263
2017-01-23,True,0.0022431393344823,0.0,0.0022431393344823,646607.8782384571
2017-01-24,True,0.020845269715628,0.0,0.020845269715628,660086.5938605878
2017-01-25,True,0.029190109547649,0.0,0.029190109547649,679354.5938463128
2017-01-26,True,0.004127536274517,0.0,0.004127536274517,682158.6545756733
2017-01-27,True,0.0047739449345258,0.0,0.0047739449345258,685415.2424292278
2017-01-30,True,-0.022700098649232,0.0,-0.022700098649232,669856.248810397
2017-01-31,True,-0.0055371805284127,0.0,-0.0055371805284127,666147.1338326485
2017-02-01,True,0.0190117502890148,0.0,0.0190117502890148,678811.7567968176
2017-02-02,True,-0.00253210268764,0.0,-0.00253210268764,677092.9357230308
2017-02-03,True,0.0086839061528907,0.0,0.0086839061528907,682972.7472336349
2017-02-06,True,0.0037087395469808,0.0,0.0037087395469808,685505.7152708104
2017-02-07,True,0.0102929909825224,0.0,0.0102929909825224,692561.6194165605
2017-02-08,True,0.0056165242553507,0.0,0.0056165242553507,696451.4085503386
2017-02-09,True,0.0103910333729937,0.0,0.0103910333729937,703688.2583792537
2017-02-10,True,0.0098983073973066,0.0,0.0098983073973066,710653.5810725668
2017-02-13,True,0.0175660913929789,0.0,0.0175660913929789,723136.9868264353
2017-02-14,True,0.0093821701219176,0.0,0.0093821701219176,729921.5810582918
2017-02-15,True,0.017226564932498,0.0,0.017226564932498,742495.6225700241
2017-02-16,True,-0.0008530207818769,0.0,-0.0008530207818769,741862.2583735193
2017-02-17,True,0.0125597662764074,0.0,0.0125597662764074,751179.8749479784
2017-02-21,True,0.0158956070200175,0.0,0.0158956070200175,763120.3350414975
2017-02-22,True,0.0001188411042487,0.0,0.0001188411042487,763211.0251047885
2017-02-23,True,-0.010786074644549,0.0,-0.010786074644549,754978.9740184656
2017-02-24,True,0.0053919957613253,0.0,0.0053919957613253,759049.8174462628
2017-02-27,True,0.0029792334365545,0.0,0.0029792334365545,761311.2040424094
2017-02-28,True,-0.007842178895979,0.0,-0.007842178895979,755340.8653847957
2017-03-01,True,0.0323352521938298,0.0,0.0323352521938298,779765.0027593188
2017-03-02,True,-0.0157772076620471,0.0,-0.0157772076620471,767462.4883831883
2017-03-03,True,0.0051861210479371,0.0,0.0051861210479371,771442.6417476946
2017-03-06,True,-0.0069183852286139,0.0,-0.0069183852286139,766105.5043703044
2017-03-07,True,-0.0049591889956346,0.0,-0.0049591889956346,762306.2423835361
2017-03-08,True,0.0051027306650968,0.0,0.0051027306650968,766196.0858227413
2017-03-09,True,0.0030694559471373,0.0,0.0030694559471373,768547.8909550431
2017-03-10,True,0.0109464015869622,0.0,0.0109464015869622,776960.7248082499
2017-03-13,True,0.0058212489495701,0.0,0.0058212489495701,781483.6066113971
2017-03-14,True,-0.0074078603803544,0.0,-0.0074078603803544,775694.4851640842
2017-03-15,True,0.0174926746309591,0.0,0.0174926746309591,789263.4564060889
2017-03-16,True,-0.0005732160911134,0.0,-0.0005732160911134,788811.0378927493
2017-03-17,True,-0.0024083238700611,0.0,-0.0024083238700611,786911.3254412245
2017-03-20,True,0.0029890673686083,0.0,0.0029890673686083,789263.4564060891
2017-03-21,True,-0.0445848039870684,0.0,-0.0445848039870684,754074.2999080676
2017-03-22,True,0.0196739114779127,0.0,0.0196739114779127,768909.890932228
2017-03-23,True,-0.008000077406662,0.0,-0.008000077406662,762758.5522860221
2017-03-24,True,0.0054554004548719,0.0,0.0054554004548719,766919.7056391207
2017-03-27,True,0.0053076898021149,0.0,0.0053076898021149,770990.2775397825
2017-03-28,True,0.0187730805377952,0.0,0.0187730805377952,785464.1401138939
2017-03-29,True,0.0132440770850088,0.0,0.0132440770850088,795866.8877330725
2017-03-30,True,0.0050013019106152,0.0,0.0050013019106152,799847.2583192873
2017-03-31,True,-0.0023750940342244,0.0,-0.0023750940342244,797947.5458677624
2017-04-03,True,-0.002153984653829,0.0,-0.002153984653829,796228.7790994028
2017-04-04,True,0.004544522020389,0.0,0.004544522020389,799847.2583192874
2017-04-05,True,-0.011423087472876,0.0,-0.011423087472876,790710.5331225662
2017-04-06,True,0.0008010063986421,0.0,0.0008010063986421,791343.8973190711
2017-04-07,True,-0.0011432809665815,0.0,-0.0011432809665815,790439.1689032458
2017-04-10,True,0.0011445895540331,0.0,0.0011445895540331,791343.8973190711
2017-04-11,True,-0.012574306400397,0.0,-0.012574306400397,781393.2966860967
2017-04-12,True,-0.0131972910713856,0.0,-0.0131972910713856,771081.0219085008
2017-04-13,True,-0.0118491710101747,0.0,-0.0118491710101747,761944.3510172067
2017-04-17,True,0.023744679710709,0.0,0.023744679710709,780036.4755894943
2017-04-18,True,-0.0028992172517211,0.0,-0.0028992172517211,777774.9803824935
2017-04-19,True,0.003489190547312,0.0,0.003489190547312,780488.7854919799
2017-04-20,True,0.024223212497789,0.0,0.024223212497789,799394.7311950934
2017-04-21,True,-0.0004522991203943,0.0,-0.0004522991203943,799033.1656613259
2017-04-24,True,0.0363409883136716,0.0,0.0363409883136716,828070.8205968603
2017-04-25,True,0.0221760330379603,0.0,0.0221760330379603,846434.1464721872
2017-04-26,True,-0.0043816629570575,0.0,-0.0043816629570575,842725.3573270014
2017-04-27,True,0.0174964282384106,0.0,0.0174964282384106,857470.0410661623
2017-04-28,True,0.0056969808357527,0.0,0.0056969808357527,862355.0314573484
2017-05-01,True,0.0251755052875299,0.0,0.0251755052875299,884065.2551115309
2017-05-02,True,0.0059350099244441,0.0,0.0059350099244441,889312.1911744741
2017-05-03,True,-0.0098668671211495,0.0,-0.0098668671211495,880537.4659549373
2017-05-04,True,0.0010273495903891,0.0,0.0010273495903891,881442.0857599084
2017-05-05,True,0.0108787417218829,0.0,0.0108787417218829,891031.0665536884
2017-05-08,True,0.0059896614848133,0.0,0.0059896614848133,896368.0410147972
2017-05-09,True,0.0110000279291548,0.0,0.0110000279291548,906228.1145007618
2017-05-10,True,0.0015968727947719,0.0,0.0015968727947719,907675.2455226656
2017-05-11,True,-0.0023914902863805,0.0,-0.0023914902863805,905504.5489898102
2017-05-12,True,0.0064934691080136,0.0,0.0064934691080136,911384.4148058413
2017-05-15,True,0.0093299201087604,0.0,0.0093299201087604,919887.5585843492
2017-05-16,True,0.012587175292072,0.0,0.012587175292072,931466.3445332467
2017-05-17,True,-0.075653079150265,0.0,-0.075653079150265,860998.047444465
2017-05-18,True,0.0253203885552661,0.0,0.0253203885552661,882798.8525510844
2017-05-19,True,0.012091708378493,0.0,0.012091708378493,893473.3988330003
2017-05-22,True,0.0259188344608249,0.0,0.0259188344608249,916631.1879525036
2017-05-23,True,0.0024671811702723,0.0,0.0024671811702723,918892.6831595042
2017-05-24,True,0.0137818331090928,0.0,0.0137818331090928,931556.7087639751
2017-05-25,True,0.0263160379959783,0.0,0.0263160379959783,956071.5905072163
2017-05-26,True,0.0042576583662834,0.0,0.0042576583662834,960142.2167133053
2017-05-30,True,0.0020728026103467,0.0,0.0020728026103467,962132.4020064127
2017-05-31,True,-0.0012222119496363,0.0,-0.0012222119496363,960956.4722875481
2017-06-01,True,0.0119551946934921,0.0,0.0119551946934921,972444.894005717
2017-06-02,True,0.0341394707174127,0.0,0.0341394707174127,1005643.6479889228
2017-06-05,True,-0.0008094699888596,0.0,-0.0008094699888596,1004829.6096363886
2017-06-06,True,-0.0113434900801479,0.0,-0.0113434900801479,993431.3349272392
2017-06-07,True,0.010926996216342,0.0,0.010926996216342,1004286.5553651849
2017-06-08,True,0.0027022759594015,0.0,0.0027022759594015,1007000.4147800984
2017-06-09,True,-0.0723138751010205,0.0,-0.0723138751010205,934180.3125590145
2017-06-12,True,-0.018107771164594,0.0,-0.018107771164594,917264.3892327269
2017-06-13,True,0.0233725470879426,0.0,0.0233725470879426,938703.1943621618
2017-06-14,True,-0.0133949459967427,0.0,-0.0133949459967427,926129.3157667107
2017-06-15,True,-0.0134793519253217,0.0,-0.0134793519253217,913645.6927911338
2017-06-16,True,-0.0119798224058835,0.0,-0.0119798224058835,902700.3796495957
2017-06-19,True,0.0484018347249581,0.0,0.0484018347249581,946392.7342315523
2017-06-20,True,-0.022653753994756,0.0,-0.022653753994756,924953.3860478463
2017-06-21,True,0.0290464719361829,0.0,0.0290464719361829,951820.0186179625
2017-06-22,True,-0.0011404013952743,0.0,-0.0011404013952743,950734.5617406805
2017-06-23,True,0.0112271689308622,0.0,0.0112271689308622,961408.6192737524
2017-06-26,True,-0.0132668087459535,0.0,-0.0132668087459535,948653.7949951363
2017-06-27,True,-0.0550203110014404,0.0,-0.0550203110014404,896458.5681618071
2017-06-28,True,0.0419774607220042,0.0,0.0419774607220042,934089.6224957235
2017-06-29,True,-0.0509391844549292,0.0,-0.0509391844549292,886507.8589179787
2017-06-30,True,-0.0034693907554789,0.0,-0.0034693907554789,883432.2167475893
2017-07-03,True,-0.0272374753532183,0.0,-0.0272374753532183,859369.7535176879
2017-07-05,True,0.0285264556170843,0.0,0.0285264556170843,883884.5266500749
2017-07-06,True,-0.026404732857042,0.0,-0.026404732857042,860545.7918474067
2017-07-07,True,0.0299589086609866,0.0,0.0299589086609866,886326.8046239596
2017-07-10,True,0.0209229793054972,0.0,0.0209229793054972,904871.4020150142
2017-07-11,True,0.0081973239163342,0.0,0.0081973239163342,912288.9259999587
2017-07-12,True,0.0355976008888982,0.0,0.0355976008888982,944764.2230830669
2017-07-13,True,0.0066067973793995,0.0,0.0066067973793995,951006.0888762826
2017-07-14,True,0.0234941703982611,0.0,0.0234941703982611,973349.1879781259
2017-07-17,True,0.0005578117977138,0.0,0.0005578117977138,973892.1336384752
2017-07-18,True,0.0198773185939291,0.0,0.0198773185939291,993250.4978549286
2017-07-19,True,0.018306100170814,0.0,0.018306100170814,1011433.0409633719
2017-07-20,True,0.0037563695650844,0.0,0.0037563695650844,1015232.3572555676
2017-07-21,True,-0.0015145339414148,0.0,-0.0015145339414148,1013694.7533920815
2017-07-24,True,0.0130283342188748,0.0,0.0130283342188748,1026901.5074351935
2017-07-25,True,-0.0066948567246297,0.0,-0.0066948567246297,1020026.5489726086
2017-07-26,True,0.0089572873377627,0.0,0.0089572873377627,1029163.2198639029
2017-07-27,True,-0.0178433368574375,0.0,-0.0178433368574375,1010799.5138505863
2017-07-28,True,-0.0032216865937092,0.0,-0.0032216865937092,1007543.034607886
2017-07-31,True,-0.0130180853333315,0.0,-0.0130180853333315,994426.7534063568
2017-08-01,True,0.006549787901072,0.0,0.006549787901072,1000940.0377243201
2017-08-02,True,0.0073200071442227,0.0,0.0073200071442227,1008266.9259514007
2017-08-03,True,-0.0104072927530711,0.0,-0.0104072927530711,997773.5968797855
2017-08-04,True,0.0038982509902376,0.0,0.0038982509902376,1001663.1687918551
2017-08-07,True,0.0177011733049274,0.0,0.0177011733049274,1019393.7821358026
2017-08-08,True,-0.0037271415321852,0.0,-0.0037271415321852,1015594.3572327528
2017-08-09,True,-0.0039194662510427,0.0,-0.0039194662510427,1011613.7694248296
2017-08-10,True,-0.0649198694497265,0.0,-0.0649198694497265,945939.935580224
2017-08-11,True,0.0228558844527582,0.0,0.0228558844527582,967560.2294470953
2017-08-14,True,0.0388927254228095,0.0,0.0388927254228095,1005191.2837810117
2017-08-15,True,0.0017997877899249,0.0,0.0017997877899249,1007000.4147800999
2017-08-16,True,0.0052105146049181,0.0,0.0052105146049181,1012247.4051484702
2017-08-17,True,-0.061484040628128,0.0,-0.061484040628128,950010.3445646046
2017-08-18,True,-0.0035227261164759,0.0,-0.0035227261164759,946663.7183128846
2017-08-21,True,-0.0018156043535955,0.0,-0.0018156043535955,944944.9515445248
2017-08-22,True,0.0445145392430428,0.0,0.0445145392430428,987008.7406725687
2017-08-23,True,-0.0111813168976965,0.0,-0.0111813168976965,975972.6831623124
2017-08-24,True,-0.0083416806152799,0.0,-0.0083416806152799,967831.4307501348
2017-08-25,True,-0.0067296592156145,0.0,-0.0067296592156145,961318.2550430257
2017-08-28,True,0.0087512949053516,0.0,0.0087512949053516,969731.0345908053
2017-08-29,True,0.0123135029200343,0.0,0.0123135029200343,981671.820516887
2017-08-30,True,0.0346477132316755,0.0,0.0346477132316755,1015684.5042417729
2017-08-31,True,0.028411416108464,0.0,0.028411416108464,1044541.5393267052
2017-09-01,True,-0.0006930230309282,0.0,-0.0006930230309282,1043817.6479831905
2017-09-05,True,-0.0267785012829557,0.0,-0.0267785012829557,1015865.7757575008
2017-09-06,True,0.0086372005830692,0.0,0.0086372005830692,1024640.0122281937
2017-09-07,True,0.006180061835598,0.0,0.006180061835598,1030972.3508629918
2017-09-08,True,-0.0246555358098325,0.0,-0.0246555358098325,1005553.1751473421
2017-09-11,True,0.0318460859819802,0.0,0.0318460859819802,1037576.1080225377
2017-09-12,True,0.0084567890831435,0.0,0.0084567890831435,1046350.6703257933
2017-09-13,True,0.0041494956062637,0.0,0.0041494956062637,1050692.4978349213
2017-09-14,True,-0.0168746520282682,0.0,-0.0168746520282682,1032962.4275452452
2017-09-15,True,0.0080567370935014,0.0,0.0080567370935014,1041284.7342514421
2017-09-18,True,-0.0024321761530541,0.0,-0.0024321761530541,1038752.1463522564
2017-09-19,True,0.004266946996235,0.0,0.004266946996235,1043184.4467029668
2017-09-20,True,-0.0083244922585501,0.0,-0.0083244922585501,1034500.4658521481
2017-09-21,True,-0.019237498602338,0.0,-0.019237498602338,1014599.2645861994
2017-09-22,True,-0.0024963600993019,0.0,-0.0024963600993019,1012066.4594653053
2017-09-25,True,-0.0313728465582868,0.0,-0.0313728465582868,980315.0537257118
2017-09-26,True,0.0068280976829007,0.0,0.0068280976829007,987008.740672569
2017-09-27,True,0.0271285943326984,0.0,0.0271285943326984,1013784.9004011027
2017-09-28,True,-0.0016950745026061,0.0,-0.0016950745026061,1012066.4594653058
2017-09-29,True,0.0211834135502031,0.0,0.0211834135502031,1033505.4818164492
2017-10-02,True,0.0028005373029802,0.0,0.0028005373029802,1036399.8524711108
2017-10-03,True,0.006284528410954,0.0,0.006284528410954,1042913.136789074
2017-10-04,True,0.0026019829432388,0.0,0.0026019829432388,1045626.7789822791
2017-10-05,True,0.0288089768269885,0.0,0.0288089768269885,1075750.2166276583
2017-10-06,True,0.0036158850573806,0.0,0.0036158850573806,1079640.0057614362
2017-10-09,True,-0.0025136706683998,0.0,-0.0025136706683998,1076926.1463465227
2017-10-10,True,0.002099651291882,0.0,0.002099651291882,1079187.3157209607
2017-10-11,True,0.0087178545279795,0.0,0.0087178545279795,1088595.5137478567
2017-10-12,True,-0.0054017311160903,0.0,-0.0054017311160903,1082715.2134884086
2017-10-13,True,0.0111959795990612,0.0,0.0111959795990612,1094837.270930218
2017-10-16,True,0.010328096189355,0.0,0.010328096189355,1106144.8555760763
2017-10-17,True,0.0035163314212078,0.0,0.0035163314212078,1110034.427488146
2017-10-18,True,-0.0038302239956009,0.0,-0.0038302239956009,1105782.7469880376
2017-10-19,True,-0.0110438473318912,0.0,-0.0110438473318912,1093570.6511480624
2017-10-20,True,0.007279287654172,0.0,0.007279287654172,1101531.0664879293
2017-10-23,True,-0.0186416917061115,0.0,-0.0186416917061115,1080996.663941757
2017-10-24,True,0.0051048263758204,0.0,0.0051048263758204,1086514.9642240207
2017-10-25,True,-0.0121556513552628,0.0,-0.0121556513552628,1073307.6671266379
2017-10-26,True,-0.009270765239108,0.0,-0.009270765239108,1063357.2837153722
2017-10-27,True,0.0861759711557859,0.0,0.0861759711557859,1154993.130325123
2017-10-30,True,0.0071271712778908,0.0,0.0071271712778908,1163224.9641897373
2017-10-31,True,0.0105763525295226,0.0,0.0105763525295226,1175527.6414821495
2017-11-01,True,-0.0013083812346291,0.0,-0.0013083812346291,1173989.6031752464
2017-11-02,True,-0.0050855123771675,0.0,-0.0050855123771675,1168019.2645176328
2017-11-03,True,0.0278812854589296,0.0,0.0278812854589296,1200585.143053178
2017-11-06,True,0.0101716056449032,0.0,0.0101716056449032,1212797.0216714446
2017-11-07,True,0.0016408088376209,0.0,0.0016408088376209,1214786.9897428434
2017-11-08,True,0.0125104092477215,0.0,0.0125104092477215,1229984.472133334
2017-11-09,True,-0.0160331071255624,0.0,-0.0160331071255624,1210263.999328842
2017-11-10,True,-0.0002988390506718,0.0,-0.0002988390506718,1209902.3251842202
2017-11-13,True,0.0029905405774184,0.0,0.0029905405774184,1213520.5871823966
2017-11-14,True,-0.0100632715737235,0.0,-0.0100632715737235,1201308.5999532756
2017-11-15,True,-0.014683652018124,0.0,-0.014683652018124,1183669.002505182
2017-11-16,True,0.0374474560473294,0.0,0.0374474560473294,1227994.3954510812
2017-11-17,True,-0.0111972287477969,0.0,-0.0111972287477969,1214244.2613042027
2017-11-20,True,-0.0024581903257572,0.0,-0.0024581903257572,1211259.4178079588
2017-11-21,True,0.0315156882171343,0.0,0.0315156882171343,1249433.0919696619
2017-11-22,True,0.0039822635366404,0.0,0.0039822635366404,1254408.6638132846
2017-11-24,True,0.011249682888627,0.0,0.011249682888627,1268520.3634939305
2017-11-27,True,-0.0016403100852185,0.0,-0.0016403100852185,1266439.5967483865
2017-11-28,True,0.0073571604809841,0.0,0.0073571604809841,1275756.9961011373
2017-11-29,True,-0.0514073233324207,0.0,-0.0514073233324207,1210173.7437089682
2017-11-30,True,0.0248168890939932,0.0,0.0248168890939932,1240206.4912910564
2017-12-01,True,-0.0133482409022027,0.0,-0.0133482409022027,1223651.916276828
2017-12-04,True,-0.0345234013353171,0.0,-0.0345234013353171,1181407.2900764733
2017-12-05,True,0.0014549388628732,0.0,0.0014549388628732,1183126.1654556873
2017-12-06,True,0.0132271710422013,0.0,0.0132271710422013,1198775.5776106736
2017-12-07,True,0.0098855286406713,0.0,0.0098855286406713,1210626.107916881
2017-12-08,True,0.0132256387142244,0.0,0.0132256387142244,1226637.4114381976
2017-12-11,True,0.0229350864959989,0.0,0.0229350864959989,1254770.446568761
2017-12-12,True,-0.0037490150742224,0.0,-0.0037490150742224,1250066.2932498858
2017-12-13,True,0.0049934015888839,0.0,0.0049934015888839,1256308.37626481
2017-12-14,True,-0.0014402102660303,0.0,-0.0014402102660303,1254499.0280440135
2017-12-15,True,0.0325209460242164,0.0,0.0325209460242164,1295296.5232224648
2017-12-18,True,0.0256999142715699,0.0,0.0256999142715699,1328585.5328255447
2017-12-19,True,-0.0162726762166125,0.0,-0.0162726762166125,1306965.8906237988
2017-12-20,True,-0.0041530816454167,0.0,-0.0041530816454167,1301537.9545722634
2017-12-21,True,-0.000486418907067,0.0,-0.000486418907067,1300904.8619028942
2017-12-22,True,-0.0033377946911039,0.0,-0.0033377946911039,1296562.7085612037
2017-12-26,True,-0.016186129812384,0.0,-0.016186129812384,1275576.3762505357
2017-12-27,True,0.0,0.0,0.0,1275576.3762505357
2017-12-28,True,0.0026945458988554,0.0,0.0026945458988554,1279013.4753438386
2017-12-29,True,-0.0188836535253447,0.0,-0.0188836535253447,1254861.0280211985
2018-01-02,True,0.0513263459824897,0.0,0.0513263459824897,1319268.4593053572
2018-01-03,True,0.0292784586094085,0.0,0.0292784586094085,1357894.6062858275
2018-01-04,True,0.0058625618921959,0.0,0.0058625618921959,1365855.347458257
2018-01-05,True,0.0302005935265528,0.0,0.0302005935265528,1407104.9896229124
2018-01-08,True,0.0111217089487971,0.0,0.0111217089487971,1422754.4017778987
2018-01-09,True,0.0007631554036928,0.0,0.0007631554036928,1423840.1844877433
2018-01-10,True,-0.0071157248105332,0.0,-0.0071157248105332,1413708.5295607497
2018-01-11,True,0.0200282369615327,0.0,0.0200282369615327,1442022.6189853323
2018-01-12,True,0.0212031122170532,0.0,0.0212031122170532,1472597.9863952075
2018-01-16,True,-0.0077400274765333,0.0,-0.0077400274765333,1461200.037518621
2018-01-17,True,0.0315112696022814,0.0,0.0315112696022814,1507244.3058437342
2018-01-18,True,0.0009601170933557,0.0,0.0009601170933557,1508691.4368656378
2018-01-19,True,0.0095936172997403,0.0,0.0095936172997403,1523165.2451343222
2018-01-22,True,0.0312389542515538,0.0,0.0312389542515538,1570747.33454463
2018-01-23,True,0.0253395101892814,0.0,0.0253395101892814,1610549.3026331104
2018-01-24,True,-0.0202761928923672,0.0,-0.0202761928923672,1577893.4943102542
2018-01-25,True,-0.0012612925398854,0.0,-0.0012612925398854,1575903.309017147
2018-01-26,True,0.0446588920599628,0.0,0.0446588920599628,1646281.4047914823
2018-01-29,True,-0.0132425855414974,0.0,-0.0132425855414974,1624480.3824631544
2018-01-30,True,-0.025559661876187,0.0,-0.025559661876187,1582959.2131628974
2018-01-31,True,0.0123436020006044,0.0,0.0123436020006044,1602498.6316733703
2018-02-01,True,-0.0250068826469054,0.0,-0.0250068826469054,1562425.1364492876
2018-02-02,True,-0.0610817088889436,0.0,-0.0610817088889436,1466989.5391039243
2018-02-05,True,-0.115434319542223,0.0,-0.115434319542223,1297648.5998819035
2018-02-06,True,0.0771001050579827,0.0,0.0771001050579827,1397697.4432611424
2018-02-07,True,-0.039544540711311,0.0,-0.039544540711311,1342426.1398140069
2018-02-08,True,-0.1239218110928002,0.0,-0.1239218110928002,1176070.2613099383
2018-02-09,True,0.0470731585234016,0.0,0.0470731585234016,1231431.6031552395
2018-02-12,True,0.0559760190848204,0.0,0.0559760190848204,1300362.2420751082
2018-02-13,True,0.012173722609813,0.0,0.012173722609813,1316192.4913024053
2018-02-14,True,0.0585569494385616,0.0,0.0585569494385616,1393264.7084670146
2018-02-15,True,0.0522659613785205,0.0,0.0522659613785205,1466085.0279098072
2018-02-16,True,-0.0111681931187531,0.0,-0.0111681931187531,1449711.507189598
2018-02-20,True,0.0049919990314479,0.0,0.0049919990314479,1456948.4656293676
2018-02-21,True,-0.0090028686356317,0.0,-0.0090028686356317,1443831.749984421
2018-02-22,True,0.0001880600946784,0.0,0.0001880600946784,1444103.2771200228
2018-02-23,True,0.0595715006547397,0.0,0.0595715006547397,1530130.67643849
2018-02-26,True,0.0401417697784236,0.0,0.0401417697784236,1591552.8297829875
2018-02-27,True,-0.0358077042290564,0.0,-0.0358077042290564,1534562.9767892002
2018-02-28,True,-0.0201012074313529,0.0,-0.0201012074313529,1503716.408076286
2018-03-01,True,-0.0481259938611737,0.0,-0.0481259938611737,1431348.5614522605
2018-03-02,True,0.0274915833806825,0.0,0.0274915833806825,1470698.5997762454
2018-03-05,True,0.0313691220974889,0.0,0.0313691220974889,1516833.1237212326
2018-03-06,True,0.0126431357835161,0.0,0.0126431357835161,1536010.650865375
2018-03-07,True,0.0074792479401026,0.0,0.0074792479401026,1547498.8553618358
2018-03-08,True,0.0149063331579883,0.0,0.0149063331579883,1570566.388861465
2018-03-09,True,0.0582305913242786,0.0,0.0582305913242786,1662021.3983989048
2018-03-12,True,0.014967520087358,0.0,0.014967520087358,1686897.7370650594
2018-03-13,True,-0.0363039784243401,0.0,-0.0363039784243401,1625656.6380145815
2018-03-14,True,-0.0033945054282823,0.0,-0.0033945054282823,1620138.3377323176
2018-03-15,True,-0.0044667427771569,0.0,-0.0044667427771569,1612901.596514257
2018-03-16,True,-0.006618057033268,0.0,-0.006618057033268,1602227.3217594766
2018-03-19,True,-0.0627823345986985,0.0,-0.0627823345986985,1501635.7499415965
2018-03-20,True,0.007349357199764,0.0,0.007349357199764,1512671.8074518528
2018-03-21,True,-0.0144717847048195,0.0,-0.0144717847048195,1490780.7467253595
2018-03-22,True,-0.073058353734559,0.0,-0.073058353734559,1381866.759590428
2018-03-23,True,-0.0807804701684338,0.0,-0.0807804701684338,1270238.9130405833
2018-03-26,True,0.112519775000637,0.0,0.112519775000637,1413165.9097329634
2018-03-27,True,-0.0958904341211089,0.0,-0.0958904341211089,1277656.817163518
2018-03-28,True,-0.0344805425540777,0.0,-0.0344805425540777,1233602.5169098037
2018-03-29,True,0.0553643932507859,0.0,0.0553643932507859,1301900.1717711573
2018-04-02,True,-0.0887990180558951,0.0,-0.0887990180558951,1186292.7149110774
2018-04-03,True,0.0335515573755031,0.0,0.0335515573755031,1226094.6829995578
2018-04-04,True,0.0472921223880709,0.0,0.0472921223880709,1284079.3028073357
2018-04-05,True,0.0157098773864259,0.0,0.0157098773864259,1304252.0312088863
2018-04-06,True,-0.0746288853874763,0.0,-0.0746288853874763,1206917.1558554154
2018-04-09,True,0.0200119561131635,0.0,0.0200119561131635,1231069.929010618
2018-04-10,True,0.0660593509162936,0.0,0.0660593509162936,1312393.6094536274
2018-04-11,True,-0.0168184610882589,0.0,-0.0168184610882589,1290321.1686005518
2018-04-12,True,0.0350532982419606,0.0,0.0350532982419606,1335551.181351422
2018-04-13,True,-0.0148332100478634,0.0,-0.0148332100478634,1315740.6701487643
2018-04-16,True,0.0220695188688706,0.0,0.0220695188688706,1344778.433695153
2018-04-17,True,0.0639712683823869,0.0,0.0639712683823869,1430805.6157919117
2018-04-18,True,0.0069544681068454,0.0,0.0069544681068454,1440756.1078140321
2018-04-19,True,-0.0271864084542345,0.0,-0.0271864084542345,1401587.1237840669
2018-04-20,True,-0.0479540389606273,0.0,-0.0479540389606273,1334375.360243412
2018-04-23,True,-0.0078639324399361,0.0,-0.0078639324399361,1323881.9225609424
2018-04-24,True,-0.0637513154037792,0.0,-0.0637513154037792,1239482.7085583978
2018-04-25,True,0.0039409772607146,0.0,0.0039409772607146,1244367.4817278755
2018-04-26,True,0.0620093061789792,0.0,0.0620093061789792,1321529.8459015046
2018-04-27,True,0.0023273346265526,0.0,0.0023273346265526,1324605.4880718938
2018-04-30,True,-0.0213071048144517,0.0,-0.0213071048144517,1296381.9800997481
2018-05-01,True,0.0325171041014824,0.0,0.0325171041014824,1338536.5679019375
2018-05-02,True,-0.0174358460878968,0.0,-0.0174358460878968,1315198.0503209778
2018-05-03,True,6.845995410631467e-05,0.0,6.845995410631467e-05,1315288.0887191433
2018-05-04,True,0.0562588345692991,0.0,0.0562588345692991,1389284.6637133635
2018-05-07,True,0.0237658932979805,0.0,0.0237658932979805,1422302.254791696
2018-05-08,True,-0.0033073453214133,0.0,-0.0033073453214133,1417598.2100836749
2018-05-09,True,0.033501464823324,0.0,0.033501464823324,1465089.8266524004
2018-05-10,True,0.0311186973427184,0.0,0.0311186973427184,1510681.5135478924
2018-05-11,True,-0.0029939346993961,0.0,-0.0029939346993961,1506158.631744745
2018-05-14,True,0.0044442832359279,0.0,0.0044442832359279,1512852.4273024565
2018-05-15,True,-0.0323483002394482,0.0,-0.0323483002394482,1463914.2227660983
2018-05-16,True,0.0184141797107488,0.0,0.0184141797107488,1490871.0023452346
2018-05-17,True,-0.0112860156998881,0.0,-0.0112860156998881,1474045.0088062584
2018-05-18,True,-0.0160169592807204,0.0,-0.0160169592807204,1450435.2899222595
2018-05-21,True,0.0174628286074209,0.0,0.0174628286074209,1475763.992796327
2018-05-22,True,-0.0052100333325262,0.0,-0.0052100333325262,1468075.213202916
2018-05-23,True,0.0251401270874243,0.0,0.0251401270874243,1504982.810636735
2018-05-24,True,-0.0008414731062019,0.0,-0.0008414731062019,1503716.408076288
2018-05-25,True,0.002526400881994,0.0,0.002526400881994,1507515.398535921
2018-05-29,True,-0.0127810074517452,0.0,-0.0127810074517452,1488247.8329936129
2018-05-30,True,0.0213346109525438,0.0,0.0213346109525438,1519999.021511498
2018-05-31,True,-0.0021424933881313,0.0,-0.0021424933881313,1516742.4336579433
2018-06-01,True,0.0465201209458696,0.0,0.0465201209458696,1587301.4751154436
2018-06-04,True,0.02564528903509,0.0,0.02564528903509,1628008.2802306036
2018-06-05,True,0.0103349240161527,0.0,0.0103349240161527,1644833.6221044546
2018-06-06,True,0.0164991623242141,0.0,0.0164991623242141,1671971.999031881
2018-06-07,True,-0.0232106321933159,0.0,-0.0232106321933159,1633164.471924829
2018-06-08,True,-0.0006647006512803,0.0,-0.0006647006512803,1632078.9064366927
2018-06-11,True,0.0078150116501469,0.0,0.0078150116501469,1644833.6221044546
2018-06-12,True,0.0158391113109077,0.0,0.0158391113109077,1670886.3249328907
2018-06-13,True,-0.0011369489492956,0.0,-0.0011369489492956,1668986.6124813657
2018-06-14,True,0.0304065976579823,0.0,0.0304065976579823,1719734.8169036454
2018-06-15,True,-0.0099416360314724,0.0,-0.0099416360314724,1702637.8392833387
2018-06-18,True,-0.0022315570735249,0.0,-0.0022315570735249,1698838.305769435
2018-06-19,True,-0.0089456168408239,0.0,-0.0089456168408239,1683641.149211507
2018-06-20,True,0.0209542994035709,0.0,0.0209542994035709,1718920.6699402572
2018-06-21,True,-0.0258920259715133,0.0,-0.0258920259715133,1674414.331311193
2018-06-22,True,-0.0100486234386106,0.0,-0.0100486234386106,1657588.772215634
2018-06-25,True,-0.0638506543461704,0.0,-0.0638506543461704,1551750.6444728007
2018-06-26,True,0.0110176540597171,0.0,0.0110176540597171,1568847.2962605448
2018-06-27,True,-0.0401314284638257,0.0,-0.0401314284638257,1505887.2132199986
2018-06-28,True,0.0245090886902894,0.0,0.0245090886902894,1542795.1364863801
2018-06-29,True,0.0045733846108466,0.0,0.0045733846108466,1549850.932021276
2018-07-02,True,0.0224128491009765,0.0,0.0224128491009765,1584587.5070896768
2018-07-03,True,-0.0344235926623557,0.0,-0.0344235926623557,1530040.3122077642
2018-07-05,True,0.0367151803662872,0.0,0.0367151803662872,1586216.0182381626
2018-07-06,True,0.0449956078849507,0.0,0.0449956078849507,1657588.7722156348
2018-07-09,True,0.0278323751518749,0.0,0.0278323751518749,1703723.4047714763
2018-07-10,True,0.0023892529706925,0.0,0.0023892529706925,1707794.0309775649
2018-07-11,True,-0.0146193976941704,0.0,-0.0146193976941704,1682827.1108589736
2018-07-12,True,0.0493467931690372,0.0,0.0493467931690372,1765869.23223778
2018-07-13,True,0.0029199170584623,0.0,0.0029199170584623,1771025.423932005
2018-07-16,True,-0.0067421780303204,0.0,-0.0067421780303204,1759084.8552276317
2018-07-17,True,0.0185127192672658,0.0,0.0185127192672658,1791650.2993197597
2018-07-18,True,-0.0063616433798826,0.0,-0.0063616433798826,1780252.4590540275
2018-07-19,True,-0.0147866739958428,0.0,-0.0147866739958428,1753928.446311698
2018-07-20,True,-0.0013925544655496,0.0,-0.0013925544655496,1751486.005421532
2018-07-23,True,0.0086767216585725,0.0,0.0086767216585725,1766683.16197946
2018-07-24,True,0.0127498320902117,0.0,0.0127498320902117,1789208.0756513025
2018-07-25,True,0.041710944673424,0.0,0.041710944673424,1863837.6347040376
2018-07-26,True,-0.0436808674520972,0.0,-0.0436808674520972,1782423.5900303002
2018-07-27,True,-0.0417174960849668,0.0,-0.0417174960849668,1708065.3408914586
2018-07-30,True,-0.0430569606529628,0.0,-0.0430569606529628,1634521.2387160056
2018-07-31,True,0.0199237361701538,0.0,0.0199237361701538,1667087.0086406965
2018-08-01,True,0.0136740899755198,0.0,0.0136740899755198,1689882.9063938698
2018-08-02,True,0.0398266322112883,0.0,0.0398266322112883,1757185.2513869614
2018-08-03,True,0.0089574420136666,0.0,0.0089574420136666,1772925.1363835305
2018-08-06,True,0.0183683228612039,0.0,0.0183683228612039,1805490.7976973671
2018-08-07,True,0.0097701540784109,0.0,0.0097701540784109,1823130.7209780235
2018-08-08,True,0.002679391951506,0.0,0.002679391951506,1828015.6027583552
2018-08-09,True,-0.0008908628274443,0.0,-0.0008908628274443,1826387.0916098696
2018-08-10,True,-0.023328425274205,0.0,-0.023328425274205,1783780.3568214762
2018-08-13,True,-0.0028904760907357,0.0,-0.0028904760907357,1778624.3823489598
2018-08-14,True,0.0184620654953675,0.0,0.0184620654953675,1811461.4621875442
2018-08-15,True,-0.0364045666814382,0.0,-0.0364045666814382,1745515.9925964822
2018-08-16,True,0.0091728819444121,0.0,0.0091728819444121,1761527.404728653
2018-08-17,True,-0.0001540196951606,0.0,-0.0001540196951606,1761256.0948147594
2018-08-20,True,-0.0020031811384746,0.0,-0.0020031811384746,1757727.979825603
2018-08-21,True,0.0103442205480159,0.0,0.0103442205480159,1775910.3057123378
2018-08-22,True,0.0116135085701412,0.0,0.0116135085701412,1796534.85526753
2018-08-23,True,-0.004984394860657,0.0,-0.004984394860657,1787580.2161679433
2018-08-24,True,0.027781622446362,0.0,0.027781622446362,1837242.0948261074
2018-08-27,True,0.0301329689880907,0.0,0.0301329689880907,1892603.6538931173
2018-08-28,True,0.0044450825879336,0.0,0.0044450825879336,1901016.4334408971
2018-08-29,True,0.0349751351282174,0.0,0.0349751351282174,1967504.7400814546
2018-08-30,True,-0.0056552583314675,0.0,-0.0056552583314675,1956377.9925079073
2018-08-31,True,0.0029129399041678,0.0,0.0029129399041678,1962076.8040299194
2018-09-04,True,-0.0118948032681619,0.0,-0.0118948032681619,1938738.2864489595
2018-09-05,True,-0.0397536895421134,0.0,-0.0397536895421134,1861666.2865060586
2018-09-06,True,-0.0272592686110522,0.0,-0.0272592686110522,1810918.62513805
2018-09-07,True,-0.0098909290507746,0.0,-0.0098909290507746,1793006.9575000831
2018-09-10,True,0.0087787274746171,0.0,0.0087787274746171,1808747.276940069
2018-09-11,True,0.0222056464278579,0.0,0.0222056464278579,1848911.679449151
2018-09-12,True,-0.0086600293198697,0.0,-0.0086600293198697,1832900.0500952718
2018-09-13,True,0.0296121450740898,0.0,0.0296121450740898,1887176.1522849994
2018-09-14,True,-0.007621617838741,0.0,-0.007621617838741,1872792.8168578974
2018-09-17,True,-0.042167711158973,0.0,-0.042167711158973,1793821.430296034
2018-09-18,True,0.0237519376615777,0.0,0.0237519376615777,1836428.1650844277
2018-09-19,True,-0.0022165406045422,0.0,-0.0022165406045422,1832357.6474891931
2018-09-20,True,0.0313979400684683,0.0,0.0313979400684683,1889889.9030890584
2018-09-21,True,-0.0159391403565011,0.0,-0.0159391403565011,1859766.6826653876
2018-09-24,True,0.0086095996475428,0.0,0.0086095996475428,1875778.5292409754
2018-09-25,True,0.0040506904320141,0.0,0.0040506904320141,1883376.727381949
2018-09-26,True,-0.0010085006315239,0.0,-0.0010085006315239,1881477.340762987
2018-09-27,True,0.0276936480097738,0.0,0.0276936480097738,1933582.3119764426
2018-09-28,True,-0.0015437981095831,0.0,-0.0015437981095831,1930597.2512584901
2018-10-01,True,0.0057631456394531,0.0,0.0057631456394531,1941723.5643886207
2018-10-02,True,-0.0057301221111943,0.0,-0.0057301221111943,1930597.2512584904
2018-10-03,True,0.0029517261026807,0.0,0.0029517261026807,1936295.845558794
2018-10-04,True,-0.0570426125894177,0.0,-0.0570426125894177,1825844.4717820846
2018-10-05,True,-0.0376040903024492,0.0,-0.0376040903024492,1757185.2513869635
2018-10-08,True,-0.0179150076464611,0.0,-0.0179150076464611,1725705.2641721172
2018-10-09,True,0.0077056387346021,0.0,0.0077056387346021,1739002.925500229
2018-10-10,True,-0.1296817039047004,0.0,-0.1296817039047004,1513486.0630261004
2018-10-11,True,-0.0405235959702167,0.0,-0.0405235959702167,1452154.1653014768
2018-10-12,True,0.084470005008882,0.0,0.084470005008882,1574817.6349181612
2018-10-15,True,-0.037739021550475,0.0,-0.037739021550475,1515385.5582559167
2018-10-16,True,0.0861389612936296,0.0,0.0861389612936296,1645919.2962034484
2018-10-17,True,0.0032976162509865,0.0,0.0032976162509865,1651346.9064224213
2018-10-18,True,-0.0693507270630132,0.0,-0.0693507270630132,1536824.7978287688
2018-10-19,True,-0.0040616044280965,0.0,-0.0040616044280965,1530582.823424699
2018-10-22,True,0.0150710072893418,0.0,0.0150710072893418,1553650.248313474
2018-10-23,True,-0.0110043229021536,0.0,-0.0110043229021536,1536553.3793040216
2018-10-24,True,-0.1359944436150769,0.0,-0.1359944436150769,1327590.657400705
2018-10-25,True,0.1026163815707124,0.0,0.1026163815707124,1463823.2068702488
2018-10-26,False,0.0011238804482793083,0.0005007797703727038,0.0006231006779066045,1464735.3161027848
2018-10-29,False,-0.00025645342038997394,6.139752628528533e-07,-0.0002570673956528268,1464358.7804097536
2018-10-30,False,-0.00032822072393142235,9.333431298796657e-07,-0.000329154067061302,1463876.7807615448
2018-10-31,False,-0.00032383185664587214,8.818367754605122e-07,-0.00032471369342133263,1463401.43992535
2018-11-01,False,-0.002109891424277153,3.0080313822378193e-06,-0.0021128994556593905,1460309.4198195203
2018-11-02,False,-0.0012689735994236998,4.1376944607188216e-07,-0.0012693873688697716,1458455.72148736
2018-11-05,False,0.0008132225299778565,6.70584244121461e-07,0.000812551945733735,1459640.7925216213
2018-11-06,False,-0.0008754874921255099,3.37877055823832e-07,-0.0008758253691813337,1458362.4020856388
2018-11-07,False,-0.0010320651963448145,3.299963783862381e-07,-0.0010323951927232007,1456856.7957524774
2018-11-08,False,0.00043068548210869047,8.162008937731419e-07,0.00042986928121491733,1457483.053736101
2018-11-09,False,-0.00014931444935218212,1.84674866778331e-06,-0.00015116119801996544,1457262.7388516043
2018-11-12,False,-0.00018057317618778903,1.1639180304718056e-06,-0.00018173709421826084,1456997.9001559329
2018-11-13,False,0.0014337782792160688,2.623275006581466e-07,0.0014335159517154107,1459086.5298874222
2018-11-14,False,0.00643439953602859,7.549081021313992e-07,0.006433644627926459,1468473.7741021125
2018-11-15,False,-0.004382013101564066,1.6569251507917439e-06,-0.004383670026714858,1462036.4696335641
2018-11-16,False,0.002031764199257917,1.023215101398453e-06,0.0020307409841565185,1465005.4870127803
2018-11-19,False,0.004111865670525412,1.138341680169755e-06,0.0041107273288452425,1471027.725105152
2018-11-20,False,0.001395894847446173,6.198189899578877e-07,0.001395275028456215,1473080.213356158
2018-11-21,False,-0.0013491249692689866,7.244565542149362e-07,-0.0013498494258232015,1471091.7768759679
2018-11-23,False,0.0018210553921082613,7.351520154402214e-07,0.0018203202400928211,1473769.6350124492
2018-11-26,False,-0.0009489566338466568,2.9016835893139192e-08,-0.00094898565068255,1472371.0487764108
2018-11-27,False,-0.0004173213482131159,9.253016968959193e-07,-0.0004182466499100118,1471755.2345178355
2018-11-28,False,-0.0007597467983423339,8.773754501321119e-07,-0.000760624173792466,1470635.781908556
2018-11-29,False,0.0015058020858563313,3.288052320384871e-07,0.0015054732806242927,1472849.7847837494
2018-11-30,False,0.0001046621651809897,4.961662458614347e-07,0.00010416599893512826,1473003.2056528628
2018-12-03,False,-0.002273055971105289,2.1727628163092094e-06,-0.002275228733921598,1469651.7864342027
2018-12-04,False,0.003503396533246107,4.3111094526680774e-07,0.0035029654223008404,1474799.9258249043
2018-12-06,False,0.0036924821185801236,8.896346867305061e-07,0.003691592483893393,1480244.2861463262
2018-12-07,False,8.765759350176187e-05,1.6311332843652465e-06,8.602646021739663e-05,1480371.6263225204
2018-12-10,False,0.004996035099135403,2.232838809083204e-06,0.00499380226032632,1487764.309496173
2018-12-11,False,-0.0021430930562063746,2.082641534266877e-07,-0.0021433013203598014,1484575.5822872457
2018-12-12,False,-0.00212004908536663,9.085847299980382e-07,-0.002120957670096628,1481426.8603191553
2018-12-13,False,-0.0023691120757551444,4.228163533693957e-07,-0.0023695348921085138,1477916.5676835224
2018-12-14,False,0.001798815996252278,9.645658249291949e-07,0.0017978514304273488,1480573.6420987844
2018-12-17,False,0.0011404873604464255,1.0805155790470645e-06,0.0011394068448673785,1482260.617840922
2018-12-18,False,0.007796480550260037,2.0330691244042214e-06,0.0077944474811356326,1493814.0203800385
2018-12-19,False,-0.002995546896770633,8.095692410075989e-07,-0.0029963564660116407,1489338.021081054
2018-12-20,False,0.0060771537137092905,1.5466446773304831e-06,0.00607560706903196,1498386.653690112
2018-12-21,False,0.002293960660780027,1.3346116765200061e-06,0.0022926260491035067,1501821.893963991
2018-12-24,False,0.005094520658786944,9.709825495504143e-07,0.0050935496762373935,1509471.4983857574
2018-12-26,False,-0.0041733447190320195,2.7893999290763694e-07,-0.004173623659024927,1503171.5324274707
2018-12-27,False,0.005778533570934622,4.984165441799804e-07,0.005778035154390442,1511856.9103849153
2018-12-28,False,0.00011229332314408036,1.2535747857788522e-06,0.00011103974835830151,1512024.7865957983
2018-12-31,False,0.00032841045163727365,8.261304320712343e-07,0.0003275843212052024,1512520.1022091608
2019-01-02,False,0.0017418317268920412,3.1747505739052054e-07,0.0017415142518346508,1515154.1775233445
2019-01-03,False,0.003943443680660936,1.258942710434391e-06,0.0039421847379505015,1521127.195197619
2019-01-04,False,-0.010179881409895584,9.951502768204557e-07,-0.010180876560172405,1505640.7869909909
2019-01-07,False,-0.0028537012807935674,1.2262157065333345e-06,-0.0028549274965001007,1501342.2917083583
2019-01-08,False,-0.003013844593486839,2.484413313153938e-07,-0.0030140930348181542,1496817.1063640423
2019-01-09,False,-0.003394544227815162,2.362261429597903e-06,-0.0033969064892447596,1491732.5586222217
2019-01-10,False,-0.00022468603003536364,1.059352360015406e-06,-0.00022574538239537905,1491395.8068853437
2019-01-11,False,0.0022546773410596324,1.571993426940921e-07,0.0022545201417169384,1494758.188771239
2019-01-14,False,0.0035136323997451736,7.716831889872933e-07,0.0035128607165561864,1500009.0660933242
2019-01-15,False,-0.0011923342986951979,8.805513209382554e-08,-0.0011924223538272917,1498220.421751971
2019-01-16,False,-0.0009400454041211731,8.474557461925491e-07,-0.0009408928598673656,1496810.756854637
2019-01-17,False,-0.002180945811892853,2.036197817280455e-07,-0.002181149431674581,1493545.9889229992
2019-01-18,False,-0.0059615789719191,6.913301454264248e-07,-0.005962270302064527,1484641.064028476
2019-01-22,False,0.005378282205879002,8.888392042772364e-07,0.005377393366674725,1492624.5630380756
2019-01-23,False,-0.001323245981108791,2.208332135137381e-07,-0.0013234668143223048,1490649.1239626526
2019-01-24,False,0.002757006146780462,8.714297716330422e-07,0.002756134717008829,1494757.5537640848
2019-01-25,False,0.00025765736943985973,2.3926510511635553e-06,0.0002552647183886962,1495139.1126301058
2019-01-28,False,0.004323307024362721,8.540896707333185e-07,0.004322452934691988,1501601.7810752664
2019-01-29,False,0.0021514139973880827,5.729617748583965e-07,0.0021508410356132243,1504831.487805153
2019-01-30,False,-0.000676948512303078,1.6399520777354015e-06,-0.0006785884643808135,1503810.3265166914
2019-01-31,False,0.004070827493159195,5.958500178416676e-07,0.004070231643141353,1509931.1828929624
2019-02-01,False,-0.005127833581190842,7.709811997547445e-07,-0.005128604562390597,1502187.3429394816
2019-02-04,False,-0.0017696691291980242,4.390551705810708e-07,-0.0017701081843686053,1499528.3088292894
2019-02-05,False,0.0031688290633526835,3.191837174674195e-07,0.003168509879635216,1504279.5790906078
2019-02-06,False,-0.0017196340149695664,8.413247756917652e-07,-0.0017204753397452581,1501691.5031706998
2019-02-07,False,0.005924018090046346,1.2568845117409688e-06,0.005922761205534605,1510585.6633483602
2019-02-08,False,0.0019740207787011465,3.034469697394959e-07,0.001973717331731407,1513567.1324531757
2019-02-11,False,-0.0002779913928281531,8.782427093853851e-07,-0.00027886963553753845,1513145.0445385866
2019-02-12,False,-0.0022802462304607166,9.604824313667605e-07,-0.0022812067128920835,1509693.2479054057
2019-02-13,False,-0.002525308945988694,2.390625788545736e-07,-0.0025255480085675484,1505880.4451296106
2019-02-14,False,0.003914313047535696,2.786719585100572e-07,0.003914034375577186,1511774.5129573573
2019-02-15,False,-0.002373138586891139,1.6366943380066167e-06,-0.0023747752812291454,1508184.3882131942
2019-02-19,False,0.005141354738614552,1.6718966789350808e-06,0.005139682841935617,1515935.9776357687
2019-02-20,False,-0.002149755363928021,2.7563331688010286e-07,-0.002150030997244901,1512676.668294013
2019-02-21,False,-0.005204849711443218,1.0222016993339938e-06,-0.005205871913142552,1504801.867312875
2019-02-22,False,0.0013534323202680717,4.5329188682120825e-07,0.0013529790283812505,1506837.8326812186
2019-02-25,False,0.0025647217704702486,1.024917742740522e-06,0.0025636968527275083,1510700.9080904343
2019-02-26,False,-0.00013039992934279696,4.7499528446105777e-07,-0.000130874924627258,1510503.1952229536
2019-02-27,False,-0.005367841150847386,5.934234892716883e-07,-0.005368434574336657,1502394.1576450728
2019-02-28,False,-0.0013674041917551723,7.087282744021733e-07,-0.0013681129200295745,1500338.7127870214
2019-03-01,False,-0.00411027923428626,2.1600831102357443e-06,-0.004112439317396496,1494168.660875144
2019-03-04,False,-0.0005229441716264964,3.934795217331588e-07,-0.0005233376511482296,1493386.7061577423
2019-03-05,False,0.0002487508646563158,1.7787270889528528e-07,0.0002485729919474205,1493757.9217594266
2019-03-06,False,0.003909760746736129,1.1439008303128078e-06,0.003908616845905816,1499596.4491361205
2019-03-07,False,0.004275822874749059,1.252009483419872e-06,0.00427457086526564,1506006.5804272536
2019-03-08,False,0.0038762352991317094,1.1736702403998128e-06,0.0038750616288913096,1511842.4487399252
2019-03-11,False,-0.0011414633995665985,6.245340159098112e-07,-0.0011420879335825084,1510115.7917217414
2019-03-12,False,0.0006563721434810448,1.0936774978033138e-06,0.0006552784659832415,1511105.338081198
2019-03-13,False,-0.00044282449452736256,1.239844737282475e-06,-0.000444064339264645,1510434.3100876836
2019-03-14,False,-0.004275699607202809,1.217103839475972e-06,-0.0042769167110422845,1503974.3083459379
2019-03-15,False,0.002346097711533129,3.7057590080610826e-07,0.002345727135632323,1507502.221692319
2019-03-18,False,-0.00047012272466080647,1.7330893788465584e-07,-0.00047029603359869114,1506793.2493768157
2019-03-19,True,0.0100322362192704,0.0005,0.0095322362192704,1521156.3585634776
2019-03-20,True,0.0115329994752024,0.0,0.0115329994752024,1538699.854048491
2019-03-21,True,0.0463076105817614,0.0,0.0463076105817614,1609953.3676919818
2019-03-22,True,-0.0653813799967273,0.0,-0.0653813799967273,1504692.3947819015
2019-03-25,True,-0.0062780422673162,0.0,-0.0062780422673162,1495245.8723281515
2019-03-26,True,0.013718338184369,0.0,0.013718338184369,1515758.1608735311
2019-03-27,True,-0.0195867612963867,0.0,-0.0195867612963867,1486069.367593451
2019-03-28,True,0.0063566444643801,0.0,0.0063566444643801,1495515.782212649
2019-03-29,True,0.0225590675463316,0.0,0.0225590675463316,1529253.223760189
2019-04-01,True,0.0393576776241288,0.0,0.0393576776241288,1589441.0791466022
2019-04-02,True,0.01103759274234,0.0,0.01103759274234,1606984.682466168
2019-04-03,True,0.0172991220090137,0.0,0.0172991220090137,1634784.1065547664
2019-04-04,True,-0.0014858067689992,0.0,-0.0014858067689992,1632355.133263395
2019-04-05,True,0.0150463194634231,0.0,0.0150463194634231,1656916.0700762346
2019-04-08,True,0.0078186939266091,0.0,0.0078186939266091,1669870.989690241
2019-04-09,True,-0.0109906750777227,0.0,-0.0109906750777227,1651517.9802208403
2019-04-10,True,0.0161790549904523,0.0,0.0161790549904523,1678237.9804405542
2019-04-11,True,-0.0075585928288497,0.0,-0.0075585928288497,1665552.8628764928
2019-04-12,True,0.0123156681706912,0.0,0.0123156681706912,1686065.2592564244
2019-04-15,True,0.0008003495597372,0.0,0.0008003495597372,1687414.700844359
2019-04-16,True,0.0097568522656497,0.0,0.0097568522656497,1703878.5567913826
2019-04-17,True,0.0099793308705558,0.0,0.0099793308705558,1720882.124672849
2019-04-18,True,0.0031368782396836,0.0,0.0031368782396836,1726280.3223627957
2019-04-22,True,0.0084427115148912,0.0,0.0084427115148912,1740854.8091183384
2019-04-23,True,0.0379845286323374,0.0,0.0379845286323374,1806980.3584600363
2019-04-24,True,-0.0097085570959427,0.0,-0.0097085570959427,1789437.1864786802
2019-04-25,True,0.0111614336599277,0.0,0.0111614336599277,1809409.8709241697
2019-04-26,True,0.0035798444530528,0.0,0.0035798444530528,1815887.2768138966
2019-04-29,True,0.0053507310876383,0.0,0.0053507310876383,1825603.6013175917
2019-04-30,True,-0.0229156241184117,0.0,-0.0229156241184117,1783768.755400579
2019-05-01,True,-0.01149916834515,0.0,-0.01149916834515,1763256.8981934092
2019-05-02,True,-0.0122457863503915,0.0,-0.0122457863503915,1741664.4309372786
2019-05-03,True,0.0471100560853903,0.0,0.0471100560853903,1823714.339960663
2019-05-06,True,-0.0179075377279012,0.0,-0.0179075377279012,1791056.1066129033
2019-05-07,True,-0.0581675431536927,0.0,-0.0581675431536927,1686874.7732408124
2019-05-08,True,-0.0087998759842551,0.0,-0.0087998759842551,1672030.4844353248
2019-05-09,True,-0.0158192080921906,0.0,-0.0158192080921906,1645580.286265556
2019-05-10,True,0.002788227597064,0.0,0.002788227597064,1650168.538632906
2019-05-13,True,-0.1033693810295004,0.0,-0.1033693810295004,1479591.6382000674
2019-05-14,True,0.0313755425830093,0.0,0.0313755425830093,1526014.6286498783
2019-05-15,True,0.0415634616509805,0.0,0.0415634616509805,1589441.0791466027
2019-05-16,True,0.0312447526657222,0.0,0.0312447526657222,1639102.772541277
2019-05-17,True,-0.031121442579267,0.0,-0.031121442579267,1588091.5297241164
2019-05-20,True,-0.0501360348179602,0.0,-0.0501360348179602,1508470.9174957604
2019-05-21,True,0.0300591482314398,0.0,0.0300591482314398,1553814.2684075816
2019-05-22,True,-0.0130276101249732,0.0,-0.0130276101249732,1533571.781912147
2019-05-23,True,-0.0471665310154852,0.0,-0.0471665310154852,1461238.520896115
2019-05-24,True,-0.0014776309346828,0.0,-0.0014776309346828,1459079.3496546887
2019-05-28,True,-0.0107287696842784,0.0,-0.0107287696842784,1443425.2233611569
2019-05-29,True,-0.0250561164670509,0.0,-0.0250561164670509,1407258.592853141
2019-05-30,True,0.011891038304193,0.0,0.011891038304193,1423992.3586846623
2019-05-31,True,-0.0481425550140912,0.0,-0.0481425550140912,1355437.7282170407
2019-06-03,True,-0.0639186354702474,0.0,-0.0639186354702474,1268799.9981645152
2019-06-04,True,0.0810464880977017,0.0,0.0810464880977017,1371631.7821141197
2019-06-05,True,0.0220384314823054,0.0,0.0220384314823054,1401860.3951631943
2019-06-06,True,0.0231037382470171,0.0,0.0231037382470171,1434248.6107919046
2019-06-07,True,0.0570191019780901,0.0,0.0570191019780901,1516028.1785925825
2019-06-10,True,0.0364964806827876,0.0,0.0364964806827876,1571357.8717271485
2019-06-11,True,0.0037786338984677,0.0,0.0037786338984677,1577295.457847881
2019-06-12,True,-0.0169402532782707,0.0,-0.0169402532782707,1550575.6732972718
2019-06-13,True,0.0163618863623244,0.0,0.0163618863623244,1575946.0162599466
2019-06-14,True,-0.0130159942046522,0.0,-0.0130159942046522,1555433.5120454626
2019-06-17,True,0.0182198614154114,0.0,0.0182198614154114,1583773.2950758175
2019-06-18,True,0.0432854973698968,0.0,0.0432854973698968,1652327.7098743347
2019-06-19,True,0.0117607717229824,0.0,0.0117607717229824,1671760.358881725
2019-06-20,True,0.0274460214569918,0.0,0.0274460214569918,1717643.5295625413
2019-06-21,True,-0.0045569239755537,0.0,-0.0045569239755537,1709816.358581223
2019-06-24,True,-0.0003155287774795,0.0,-0.0003155287774795,1709276.8623158855
2019-06-25,True,-0.0511606897265268,0.0,-0.0511606897265268,1621829.0791062112
2019-06-26,True,0.0126475600758937,0.0,0.0126475600758937,1642341.2598170382
2019-06-27,True,0.0108464139822241,0.0,0.0108464139822241,1660154.7730211015
2019-06-28,True,0.0042270451384531,0.0,0.0042270451384531,1667172.32218348
2019-07-01,True,0.0398252575197446,0.0,0.0398252575197446,1733567.8892442277
2019-07-02,True,0.0121436171847271,0.0,0.0121436171847271,1754619.674054945
2019-07-03,True,0.0221504535103145,0.0,0.0221504535103145,1793485.2955733822
2019-07-05,True,-0.0064710881981434,0.0,-0.0064710881981434,1781879.4940436538
2019-07-08,True,-0.0210540929127089,0.0,-0.0210540929127089,1744363.6376168078
2019-07-09,True,0.0150086274385681,0.0,0.0150086274385681,1770544.141571184
2019-07-10,True,0.0295731551341487,0.0,0.0295731551341487,1822904.7181417267
2019-07-11,True,-0.0026651847859084,0.0,-0.0026651847859084,1818046.340220775
2019-07-12,True,0.0167754969130329,0.0,0.0167754969130329,1848544.9709888995
2019-07-15,True,0.0084684669338945,0.0,0.0084684669338945,1864199.3129515362
2019-07-16,True,-0.0141885611804261,0.0,-0.0141885611804261,1837749.006947215
2019-07-17,True,-0.0148332073918182,0.0,-0.0148332073918182,1810489.294793059
2019-07-18,True,0.0043230564799092,0.0,0.0043230564799092,1818316.1422707203
2019-07-19,True,-0.0241948033494301,0.0,-0.0241948033494301,1774322.3407813858
2019-07-22,True,0.0235781111803203,0.0,0.0235781111803203,1816157.5102020556
2019-07-23,True,0.0193193546115519,0.0,0.0193193546115519,1851244.5011720825
2019-07-24,True,0.0212856281759226,0.0,0.0212856281759226,1890649.4032867528
2019-07-25,True,-0.0285511694832426,0.0,-0.0285511694832426,1836669.1517401212
2019-07-26,True,0.0296842091913898,0.0,0.0296842091913898,1891189.2230557473
2019-07-29,True,-0.0092763788184636,0.0,-0.0092763788184636,1873645.8354052866
2019-07-30,True,-0.013396803142872,0.0,-0.013396803142872,1848544.9709889002
2019-07-31,True,-0.042195797582348,0.0,-0.042195797582348,1770544.141571185
2019-08-01,True,-0.0140245982113492,0.0,-0.0140245982113492,1745712.971370191
2019-08-02,True,-0.0457636506799233,0.0,-0.0457636506799233,1665822.7727609947
2019-08-05,True,-0.1049902414236193,0.0,-0.1049902414236193,1490927.6376798549
2019-08-06,True,0.0410933956195493,0.0,0.0410933956195493,1552194.9169351533
2019-08-07,True,0.01460620390426,0.0,0.01460620390426,1574866.5923910642
2019-08-08,True,0.0661524131890842,0.0,0.0661524131890842,1679047.8179286032
2019-08-09,True,-0.029577231231799,0.0,-0.029577231231799,1629386.232368481
2019-08-12,True,-0.0334602311559777,0.0,-0.0334602311559777,1574866.5923910642
2019-08-13,True,0.065638187100375,0.0,0.065638187100375,1678237.9804405589
2019-08-14,True,-0.0895784652422958,0.0,-0.0895784652422958,1527903.9978413635
2019-08-15,True,-0.0042396180666689,0.0,-0.0042396180666689,1521426.2684479796
2019-08-16,True,0.0461238138155974,0.0,0.0461238138155974,1591600.2503880335
2019-08-19,True,0.0468034133600729,0.0,0.0468034133600729,1666092.5748109403
2019-08-20,True,-0.0205732492486303,0.0,-0.0205732492486303,1631815.6369980625
2019-08-21,True,0.0254712578537468,0.0,0.0254712578537468,1673380.0338578161
2019-08-22,True,-0.0096774513675444,0.0,-0.0096774513675444,1657185.9799607373
2019-08-23,True,-0.0915309792380291,0.0,-0.0915309792380291,1505502.1244353983
2019-08-26,True,0.0405162957798392,0.0,0.0405162957798392,1566499.4938061992
2019-08-27,True,-0.0060304074949615,0.0,-0.0060304074949615,1557052.8635178967
2019-08-28,True,0.0100537589280791,0.0,0.0100537589280791,1572707.0976459808
2019-08-29,True,0.045478178977671,0.0,0.045478178977671,1644230.9525121783
2019-08-30,True,-0.0070584983891689,0.0,-0.0070584983891689,1632625.1509824495
2019-09-03,True,-0.029095858261901,0.0,-0.029095858261901,1585122.5209946495
2019-09-04,True,0.0420569868021389,0.0,0.0420569868021389,1651787.9979398947
2019-09-05,True,0.0552289529324676,0.0,0.0552289529324676,1743014.5195325322
2019-09-06,True,-0.0027875277974805,0.0,-0.0027875277974805,1738155.818107923
2019-09-09,True,-0.0063663212134357,0.0,-0.0063663212134357,1727090.1598508458
2019-09-10,True,-0.0082826598791678,0.0,-0.0082826598791678,1712785.2594761436
2019-09-11,True,0.0269461524586431,0.0,0.0269461524586431,1758938.2322069046
2019-09-12,True,0.0124291195885493,0.0,0.0124291195885493,1780800.2858438755
2019-09-13,True,-0.0106091791362458,0.0,-0.0106091791362458,1761907.45660548
2019-09-16,True,-0.0137869615915012,0.0,-0.0137869615915012,1737616.1061734809
2019-09-17,True,0.0132028457979573,0.0,0.0132028457979573,1760557.5836793364
2019-09-18,True,-0.0006131147761886,0.0,-0.0006131147761886,1759478.1598104516
2019-09-19,True,0.0044485752424239,0.0,0.0044485752424239,1767305.33079177
2019-09-20,True,-0.0314601613455817,0.0,-0.0314601613455817,1711705.6199381542
2019-09-23,True,0.0009460455428604,0.0,0.0009460455428604,1713324.9714105863
2019-09-24,True,-0.0395398924754192,0.0,-0.0395398924754192,1645580.286265561
2019-09-25,True,0.0319829344665272,0.0,0.0319829344665272,1698210.7727206014
2019-09-26,True,-0.0100127004192642,0.0,-0.0100127004192642,1681207.0970045829
2019-09-27,True,-0.0362818890542875,0.0,-0.0362818890542875,1620209.7276337817
2019-09-30,True,0.0266535169912942,0.0,0.0266535169912942,1663394.015138729
2019-10-01,True,-0.0241768347806514,0.0,-0.0241768347806514,1623178.4128595956
2019-10-02,True,-0.0512136564258575,0.0,-0.0512136564258575,1540049.5113055357
2019-10-03,True,0.0329475781278227,0.0,0.0329475781278227,1590790.41289999
2019-10-04,True,0.0420768783376512,0.0,0.0420768783376512,1657725.907564285
2019-10-07,True,-0.0092805738735475,0.0,-0.0092805738735475,1642341.2598170412
2019-10-08,True,-0.0455216758551023,0.0,-0.0455216758551023,1567579.1333441895
2019-10-09,True,0.0303029719353333,0.0,0.0303029719353333,1615081.4398283327
2019-10-10,True,0.0218917806973466,0.0,0.0218917806973466,1650438.4485174096
2019-10-11,True,0.0374488967339645,0.0,0.0374488967339645,1712245.5475417029
2019-10-14,True,0.0011033192786449,0.0,0.0011033192786449,1714134.7010640795
2019-10-15,True,0.0379467901579324,0.0,0.0379467901579324,1779180.6108677883
2019-10-16,True,-0.00743322239846,0.0,-0.00743322239846,1765955.5657001801
2019-10-17,True,0.0068777093655016,0.0,0.0068777093655016,1778101.2948334562
2019-10-18,True,-0.028688542734224,0.0,-0.028688542734224,1727090.1598508474
2019-10-21,True,0.0264101566229155,0.0,0.0264101566229155,1772702.8814744046
2019-10-22,True,-0.0231423875481253,0.0,-0.0231423875481253,1731678.3043836455
2019-10-23,True,0.0046757951582383,0.0,0.0046757951582383,1739775.2774149089
2019-10-24,True,0.0286998444130706,0.0,0.0286998444130706,1789706.5571904236
2019-10-25,True,0.022771884332758,0.0,0.022771884332758,1830461.5479003426
2019-10-28,True,0.0305222082576668,0.0,0.0305222082576668,1886331.276473008
2019-10-29,True,-0.0230364124085596,0.0,-0.0230364124085596,1842876.971249011
2019-10-30,True,0.0140599195218495,0.0,0.0140599195218495,1868787.6731534423
2019-10-31,True,0.0007222100597237,0.0,0.0007222100597237,1870137.3304104814
2019-11-01,True,0.02713229474566,0.0,0.02713229474566,1920878.4476740404
2019-11-04,True,0.0178445197943097,0.0,0.0178445197943097,1955155.6011560229
2019-11-05,True,0.0012422875475399,0.0,0.0012422875475399,1957584.466612842
2019-11-06,True,-0.0063422159096667,0.0,-0.0063422159096667,1945169.0432641734
2019-11-07,True,0.0101291363153104,0.0,0.0101291363153104,1964871.9256597182
2019-11-08,True,0.0118131808425934,0.0,0.0118131808425934,1988083.3130500712
2019-11-11,True,-0.0042084087682523,0.0,-0.0042084087682523,1979716.645803415
2019-11-12,True,0.0081798223133342,0.0,0.0081798223133342,1995910.376196837
2019-11-13,True,-0.0014874920889863,0.0,-0.0014874920889863,1992941.4753019183
2019-11-14,True,-0.0002707576246353,0.0,-0.0002707576246353,1992401.8712020284
2019-11-15,True,0.0188294625542648,0.0,0.0188294625542648,2029917.7276288741
2019-11-18,True,0.0051852991430472,0.0,0.0051852991430472,2040443.4582824046
2019-11-19,True,0.0041007332107174,0.0,0.0041007332107174,2048810.7725363744
2019-11-20,True,-0.0175207067778775,0.0,-0.0175207067778775,2012914.1597474078
2019-11-21,True,-0.0077768474217978,0.0,-0.0077768474217978,1997260.0334538757
2019-11-22,True,0.0027025856730349,0.0,0.0027025856730349,2002657.7998056135
2019-11-25,True,0.0346360443899813,0.0,0.0346360443899813,2072021.944257623
2019-11-26,True,0.0059921443985122,0.0,0.0059921443985122,2084437.798944501
2019-11-27,True,0.0201995223787816,0.0,0.0201995223787816,2126542.446911459
2019-11-29,True,-0.0133265937872107,0.0,-0.0133265937872107,2098202.879550209
2019-12-02,True,-0.0321588281234099,0.0,-0.0321588281234099,2030727.13377871
2019-12-03,True,-0.0224611693002684,0.0,-0.0224611693002684,1985114.6278242574
2019-12-04,True,0.014819794694868,0.0,0.014819794694868,2014533.6190543924
2019-12-05,True,0.0052251111086845,0.0,0.0052251111086845,2025059.781046132
2019-12-06,True,0.0309209246212402,0.0,0.0309209246212402,2087676.5018893648
2019-12-09,True,-0.0122820273309973,0.0,-0.0122820273309973,2062035.6020348791
2019-12-10,True,-0.0022249513340922,0.0,-0.0022249513340922,2057447.6731711861
2019-12-11,True,0.0150857955090417,0.0,0.0150857955090417,2088485.9080392004
2019-12-12,True,0.0228739875694863,0.0,0.0228739875694863,2136257.908738736
2019-12-13,True,0.0089705900614189,0.0,0.0089705900614189,2155421.402703495
2019-12-16,True,0.0286751810791012,0.0,0.0286751810791012,2217228.5017277887
2019-12-17,True,0.0013391116710386,0.0,0.0013391116710386,2220197.618291812
2019-12-18,True,0.0023095910879469,0.0,0.0023095910879469,2225325.3669244996
2019-12-19,True,0.020376054479839,0.0,0.020376054479839,2270668.717836321
2019-12-20,True,0.0118861366935638,0.0,0.0118861366935638,2297658.1966023226
2019-12-23,True,0.0074004843608659,0.0,0.0074004843608659,2314661.980152894
2019-12-24,True,0.0012947626496755,0.0,0.0012947626496755,2317658.9180314196
2019-12-26,True,0.0259788309814528,0.0,0.0259788309814528,2377868.987335615
2019-12-27,True,-0.0029523262482401,0.0,-0.0029523262482401,2370848.742309428
2019-12-30,True,-0.0199293331606172,0.0,-0.0199293331606172,2323599.307850513
2019-12-31,True,0.0056938479803383,0.0,0.0056938479803383,2336829.529076633
2020-01-02,True,0.0495667198941529,0.0,0.0495667198941529,2452658.50378476
2020-01-03,True,-0.0271908410613065,0.0,-0.0271908410613065,2385968.6562306867
2020-01-06,True,0.0190110384079542,0.0,0.0190110384079542,2431328.3979944633
2020-01-07,True,-0.0012217233102288,0.0,-0.0012217233102288,2428357.987415812
2020-01-08,True,0.0230154639839064,0.0,0.0230154639839064,2484247.773215212
2020-01-09,True,0.0252146210110728,0.0,0.0252146210110728,2546887.139314435
2020-01-10,True,-0.0081628488212827,0.0,-0.0081628488212827,2526097.284631342
2020-01-13,True,0.0349508803929501,0.0,0.0349508803929501,2614386.6086874483
2020-01-14,True,-0.0116699823431565,0.0,-0.0116699823431565,2583876.7631258806
2020-01-15,True,0.0006270894984334,0.0,0.0006270894984334,2585497.085109283
2020-01-16,True,0.0278821970729861,0.0,0.0278821970729861,2657586.424367931
2020-01-17,True,0.014934366498795,0.0,0.014934366498795,2697275.7940316643
2020-01-21,True,-0.0005005378383018,0.0,-0.0005005378383018,2695925.7054364155
2020-01-22,True,0.006810243636806,0.0,0.006810243636806,2714285.616317166
2020-01-23,True,0.0092507860486465,0.0,0.0092507860486465,2739394.8918286352
2020-01-24,True,-0.0259213584927288,0.0,-0.0259213584927288,2668386.0547843953
2020-01-27,True,-0.0618232572590078,0.0,-0.0618232572590078,2503417.7372531104
2020-01-28,True,0.0464839697927552,0.0,0.0464839697927552,2619786.531730232
2020-01-29,True,0.0036070715594065,0.0,0.0036070715594065,2629236.289220552
2020-01-30,True,0.01129614096093,0.0,0.01129614096093,2658936.5129631795
2020-01-31,True,-0.0491472877522817,0.0,-0.0491472877522817,2528256.9950455297
2020-02-03,True,0.0459206513909755,0.0,0.0459206513909755,2644356.2031418104
2020-02-04,True,0.0683070861164751,0.0,0.0683070861164751,2824984.4700324535
2020-02-05,True,0.0115646608540787,0.0,0.0115646608540787,2857654.457346418
2020-02-06,True,0.0243763480948937,0.0,0.0243763480948937,2927313.6371336193
2020-02-07,True,-0.0129127526647973,0.0,-0.0129127526647973,2889513.9601650243
2020-02-10,True,0.0360680297455482,0.0,0.0360680297455482,2993733.0356304334
2020-02-11,True,0.0007215545697254,0.0,0.0007215545697254,2995893.1773828305
2020-02-12,True,0.0292897869694934,0.0,0.0292897869694934,3083642.250331732
2020-02-13,True,-0.003852490116642,0.0,-0.003852490116642,3071762.549039069
2020-02-14,True,0.0067680539596384,0.0,0.0067680539596384,3092552.4037221624
2020-02-18,True,0.0017459661146166,0.0,0.0017459661146166,3097951.895426737
2020-02-19,True,0.028935125962668,0.0,0.028935125962668,3187591.523747196
2020-02-20,True,-0.0284600619350055,0.0,-0.0284600619350055,3096872.4715578523
2020-02-21,True,-0.0571926902085536,0.0,-0.0571926902085536,2919754.0036766464
2020-02-24,True,-0.1152209549938215,0.0,-0.1152209549938215,2583337.1590259895
2020-02-25,True,-0.0808944950528641,0.0,-0.0808944950528641,2374359.403995282
2020-02-26,True,0.013759132076877,0.0,0.013759132076877,2407028.528632828
2020-02-27,True,-0.1495232219202512,0.0,-0.1495232219202512,2047121.8677776863
2020-02-28,True,0.0155630709241518,0.0,0.0155630709241518,2078981.3705962924
2020-03-02,True,0.1364935208955566,0.0,0.1364935208955566,2362748.8577452507
2020-03-03,False,0.013711424408998278,0.0005029138649199395,0.013208510544078338,2393957.2509457874
2020-03-04,False,-0.0007820421472605642,4.230925236544114e-07,-0.0007824652397842186,2392084.062611393
2020-03-05,False,0.013057099048589324,1.4056210682121124e-06,0.013055693427521112,2423314.378785707
2020-03-06,False,0.008999638298552824,2.2184285622563747e-06,0.008997419869990567,2445117.9557286273
2020-03-09,False,0.0148033782864948,3.906605986023451e-06,0.014799471680508778,2481304.4096699366
2020-03-10,False,-0.01563248361578499,1.0999227028308938e-06,-0.015633583538487823,2442512.7298969436
2020-03-11,False,-0.0017816971472297948,4.1936336972446533e-07,-0.0017821165105995193,2438159.887633645
2020-03-12,False,-0.008686010162267091,5.24594107555329e-06,-0.008691256103342645,2416969.2156293234
2020-03-13,False,-0.013431196206099222,2.886272948557797e-06,-0.01343408247904778,2384499.4518372403
2020-03-16,False,0.005754354928969123,2.8503431559704084e-06,0.0057515045858131525,2398213.911369351
2020-03-17,False,0.0023602928932983333,2.611318879761848e-06,0.0023576815744185712,2403868.136119701
2020-03-18,False,-0.0039714611712146275,3.136031489160002e-06,-0.003974597202703788,2394313.7285502106
2020-03-19,False,-0.010997863327428442,2.1401659896861103e-06,-0.011000003493418129,2367976.269171819
2020-03-20,False,0.01646971773011406,5.739279470293457e-07,0.016469143802167033,2406974.810868929
2020-03-23,False,0.02180830253888379,3.6489701363244392e-06,0.021804653568747466,2459458.062768628
2020-03-24,False,0.010009256406339975,6.356558402758325e-06,0.010002899847937216,2484059.7754507037
2020-03-25,False,-0.008031906598358793,1.4896023126423491e-06,-0.008033396200671436,2464104.3390883575
2020-03-26,False,0.006859526064782818,9.870124535955872e-07,0.006858539052329223,2481004.4949270086
2020-03-27,False,0.0003472741151480067,1.1342334300674662e-06,0.00034613988171793925,2481863.2695294246
2020-03-30,False,0.004680751944053751,9.60379378348808e-07,0.004679791564675403,2493477.872322846
2020-03-31,False,-0.012667591144452615,3.2375274311747387e-06,-0.01267082867188379,2461883.44140551
2020-04-01,False,0.010962201761457619,1.9186009490538142e-06,0.010960283160508564,2488866.3810314815
2020-04-02,False,-0.0024025542726519556,3.6800825526185216e-06,-0.0024062343552045742,2482877.58523993
2020-04-03,False,-0.002164180315699224,1.5476526801827955e-06,-0.0021657279683794067,2477500.347811513
2020-04-06,False,0.006684955125778272,3.480990847696888e-06,0.006681474134930575,2494053.702304697
2020-04-07,False,-0.005978486148649621,8.285390511325458e-07,-0.0059793146877007534,2479140.970370592
2020-04-08,False,-0.004832656262187805,8.093540402355076e-07,-0.00483346561622804,2467158.127732524
2020-04-09,False,0.013183055541091488,2.1286882892558173e-06,0.013180926852802232,2499677.558548463
2020-04-13,False,0.002663777585425093,2.4063510740108265e-06,0.002661371234351082,2506330.1284979368
2020-04-14,False,0.0053766205500070776,6.158309905523878e-07,0.005376004719016525,2519804.171096155
2020-04-15,False,0.007589269659034076,2.6682053270946636e-06,0.007586601453706981,2538920.9210836496
2020-04-16,False,-0.0008216648838820445,1.370567620421481e-07,-0.0008218019406440866,2536834.4309435617
2020-04-17,False,-0.010121312193988147,1.565201720869297e-06,-0.010122877395709017,2511154.3670259067
2020-04-20,False,0.011027757868882923,2.3247370512099462e-06,0.011025433131831713,2538840.9315832583
2020-04-21,False,0.01980245511007525,7.318009591882446e-06,0.01979513710048337,2589097.635900268
2020-04-22,False,-0.000589684415307757,3.378749799262004e-06,-0.000593063165107019,2587562.1374615496
2020-04-23,False,0.00355162236007203,1.0634305496388664e-06,0.003550558929522391,2596749.4293144075
2020-04-24,False,-0.0009551735927844711,5.555885477707689e-07,-0.0009557291813322419,2594267.640108204
2020-04-27,False,-0.0026266458043201556,6.707281547559952e-07,-0.0026273165324749116,2587451.6778476825
2020-04-28,False,-0.0013202999444806695,6.351646720088588e-07,-0.0013209351091526783,2584033.8220831775
2020-04-29,False,-0.001865518092695611,1.5469662113401228e-06,-0.0018670650589069511,2579209.2628229326
2020-04-30,False,-0.010653265975958871,1.8783501217603528e-06,-0.010655144326080631,2551727.4158803904
2020-05-01,False,0.004353752537165987,7.224799240585777e-07,0.004353030057241928,2562835.1620196057
2020-05-04,False,0.0011839427180140316,3.8635277299151063e-07,0.00118355636524104,2565868.421888678
2020-05-05,False,-0.0063751011311050645,2.7114354869220705e-06,-0.006377812566591987,2549503.7940233345
2020-05-06,False,-0.0001509363874528409,2.2304927270899304e-06,-0.00015316688017993083,2549113.294481197
2020-05-07,False,0.005023132254858798,1.712667482331995e-06,0.005021419587376466,2561913.461908547
2020-05-08,False,-0.00789626387921964,1.366412238398923e-06,-0.00789763029145804,2541680.4165476835
2020-05-11,False,0.0018750153408357024,1.9355349521327505e-06,0.0018730798058835697,2546441.186808929
2020-05-12,False,0.0015653638923353837,3.8667862456064074e-07,0.001564977213710823,2550426.3092423393
2020-05-13,False,0.009708346459762552,1.3438952559557543e-06,0.009707002564506597,2575183.3039667397
2020-05-14,False,-0.0006966467393317652,1.7084157056754674e-06,-0.0006983551550374407,2573384.911431248
2020-05-15,False,-0.0007087285034707201,1.1777132617123849e-06,-0.0007099062167324325,2571558.0494845775
2020-05-18,False,-0.01592798636075911,3.555297672712884e-06,-0.015931541658431823,2530589.1652921387
2020-05-19,False,0.0019419393751922464,1.282221136828729e-06,0.0019406571540554177,2535500.171259738
2020-05-20,False,-0.0013431260296412051,9.824652363586289e-07,-0.0013441084948775637,2532092.1839407845
2020-05-21,False,-0.0022754458658797,2.0548242633350035e-06,-0.002277500690143035,2526325.342244354
2020-05-22,False,0.006040734922835837,8.845342757706071e-07,0.006039850388560066,2541583.969344338
2020-05-26,False,-0.014333182402770267,2.304162243932817e-06,-0.0143354865650142,2505149.126497947
2020-05-27,False,0.006277477339036871,1.7809075036633593e-06,0.0062756964315332075,2520870.681931569
2020-05-28,False,-0.0019798850778414818,1.2207694702841277e-06,-0.001981105847311766,2515876.5702832774
2020-05-29,False,0.0006735769884920253,1.4279676519313445e-06,0.0006721490208400939,2517567.614256548
2020-06-01,False,-0.0009254103837691994,1.0767613822024181e-06,-0.0009264871451514018,2515235.12022489
2020-06-02,False,-0.006943973264290105,1.1053466199953538e-06,-0.006945078610910101,2497766.6145900055
2020-06-03,False,-0.011901696955816735,1.5900560144344323e-06,-0.011903287011831168,2468034.981687971
2020-06-04,False,-0.0008548936971383118,1.8984835337680361e-06,-0.0008567921806720798,2465920.3886140357
2020-06-05,True,0.0592741930549671,0.0005,0.0587741930549671,2610852.869592617
2020-06-08,True,0.0222492975227284,0.0,0.0222492975227284,2668942.511876252
2020-06-09,True,0.0223094709220952,0.0,0.0223094709220952,2728485.207237699
2020-06-10,True,0.0360866609094987,0.0,0.0360866609094987,2826947.1277078693
2020-06-11,True,-0.1472309858687943,0.0,-0.1472309858687943,2410732.915096483
2020-06-12,True,0.021687017152151,0.0,0.021687017152151,2463014.5211754357
2020-06-15,True,0.0352592285862765,0.0,0.0352592285862765,2549858.5131888785
2020-06-16,True,0.0528533352792581,0.0,0.0528533352792581,2684627.040101121
2020-06-17,True,0.0097372196022027,0.0,0.0097372196022027,2710767.8431405975
2020-06-18,True,0.0077145365569426,0.0,0.0077145365569426,2731680.1607638905
2020-06-19,True,-0.0013823464439103,0.0,-0.0013823464439103,2727904.0324077583
2020-06-22,True,0.0355624517186605,0.0,0.0355624517186605,2824914.9878533985
2020-06-23,True,0.0261154543835122,0.0,0.0261154543835122,2898688.926355984
2020-06-24,True,-0.0589179792268788,0.0,-0.0589179792268788,2727904.0324077588
2020-06-25,True,0.0265121164846771,0.0,0.0265121164846771,2800226.5418739733
2020-06-26,True,-0.0718806386341126,0.0,-0.0718806386341126,2598944.4697238794
2020-06-29,True,0.0319625111843258,0.0,0.0319625111843258,2682013.2614048705
2020-06-30,True,0.0575047445495098,0.0,0.0575047445495098,2836241.748880355
2020-07-01,True,0.0357398542053788,0.0,0.0357398542053788,2937608.615476548
2020-07-02,True,0.0212577486124978,0.0,0.0212577486124978,3000055.5609462564
2020-07-06,True,0.0734823381804143,0.0,0.0734823381804143,3220506.658235742
2020-07-07,True,-0.0196609212211676,0.0,-0.0196609212211676,3157188.5305359233
2020-07-08,True,0.0384545404308453,0.0,0.0384545404308453,3278596.7645312184
2020-07-09,True,0.0249823055152871,0.0,0.0249823055152871,3360503.670564169
2020-07-10,True,0.0211755828275073,0.0,0.0211755828275073,3431664.294382343
2020-07-13,True,-0.0617859348065843,0.0,-0.0617859348065843,3219635.708011552
2020-07-14,True,0.0211998859151139,0.0,0.0211998859151139,3287891.617709624
2020-07-15,True,0.0049469413618872,0.0,0.0049469413618872,3304156.6247466737
2020-07-16,True,-0.0214487170097988,0.0,-0.0214487170097988,3233286.704346431
2020-07-17,True,0.0046712075902908,0.0,0.0046712075902908,3248390.0577413603
2020-07-20,True,0.0851215927865107,0.0,0.0851215927865107,3524898.1934481706
2020-07-21,True,-0.0319708126148257,0.0,-0.0319708126148257,3412204.333819101
2020-07-22,True,0.0115761437676076,0.0,0.0115761437676076,3451704.501751845
2020-07-23,True,-0.0783404940710758,0.0,-0.0783404940710758,3181296.265697249
2020-07-24,True,-0.0295808077721527,0.0,-0.0295808077721527,3087190.9523953917
2020-07-27,True,0.053720890769471,0.0,0.053720890769471,3253037.600333524
2020-07-28,True,-0.0375893743800528,0.0,-0.0375893743800528,3130757.9521021983
2020-07-29,True,0.0340476298811156,0.0,0.0340476298811156,3237352.8401027336
2020-07-30,True,0.0162392176841912,0.0,0.0162392176841912,3289924.917593697
2020-07-31,True,0.0539418317560449,0.0,0.0539418317560449,3467389.4939885563
2020-08-03,True,0.0372757575427076,0.0,0.0372757575427076,3596639.064072605
2020-08-04,True,0.0130017631510146,0.0,0.0130017631510146,3643401.713323364
2020-08-05,True,0.007971960116702,0.0,0.007971960116702,3672446.7664711024
2020-08-06,True,0.0382790363171443,0.0,0.0382790363171443,3813024.489617629
2020-08-07,True,-0.0326783685409537,0.0,-0.0326783685409537,3688421.070090222
2020-08-10,True,-0.0134655632882733,0.0,-0.0134655632882733,3638754.4027371216
2020-08-11,True,-0.05675277160265,0.0,-0.05675277160265,3432245.0052004443
2020-08-12,True,0.0748073751526148,0.0,0.0748073751526148,3689002.2449201625
2020-08-13,True,0.007007467579881,0.0,0.007007467579881,3714852.8085535485
2020-08-14,True,-0.0028929755191892,0.0,-0.0028929755191892,3704105.830321012
2020-08-17,True,0.0330118581452107,0.0,0.0330118581452107,3826385.2465464175
2020-08-18,True,0.0293761106104495,0.0,0.0293761106104495,3938789.562787157
2020-08-19,True,-0.0195414908122161,0.0,-0.0195414908122161,3861819.742734699
2020-08-20,True,0.0411400180831282,0.0,0.0411400180831282,4020695.0767845865
2020-08-21,True,0.0208772693123078,0.0,0.0208772693123078,4104636.210725288
2020-08-24,True,0.018539509446841,0.0,0.018539509446841,4180734.1525298753
2020-08-25,True,0.0233430222265926,0.0,0.0233430222265926,4278325.1227758555
2020-08-26,True,0.06401868140199,0.0,0.06401868140199,4552217.855744974
2020-08-27,True,-0.0090599276453423,0.0,-0.0090599276453423,4510975.091346089
2020-08-28,True,0.0154531916856766,0.0,0.0154531916856766,4580684.054121972
2020-08-31,True,0.0231434396903051,0.0,0.0231434396903051,4686696.839268886
2020-09-01,True,0.0519335803338922,0.0,0.0519335803338922,4930093.786071656
2020-09-02,True,0.0282197597330278,0.0,0.0282197597330278,5069219.848175892
2020-09-03,True,-0.1535553536900202,0.0,-0.1535553536900202,4290814.001456772
2020-09-04,True,-0.0412237942522759,0.0,-0.0412237942522759,4113930.3678859323
2020-09-08,True,-0.1413441885819348,0.0,-0.1413441885819348,3532450.218154515
2020-09-09,True,0.0859232652181938,0.0,0.0859232652181938,3835969.875119072
2020-09-10,True,-0.0578481306109236,0.0,-0.0578481306109236,3614066.188763615
2020-09-11,True,-0.0218595774899063,0.0,-0.0218595774899063,3535064.2288566865
2020-09-14,True,0.0515159293289335,0.0,0.0515159293289335,3717176.3478437085
2020-09-15,True,0.0425065611744122,0.0,0.0425065611744122,3875180.731669405
2020-09-16,True,-0.0480438203121019,0.0,-0.0480438203121019,3689002.2449201606
2020-09-17,True,-0.0460593419085956,0.0,-0.0460593419085956,3519089.229219806
2020-09-18,True,-0.0386263910030661,0.0,-0.0386263910030661,3383159.512677283
2020-09-21,True,0.0118472423799627,0.0,0.0118472423799627,3423240.623434047
2020-09-22,True,0.0546412459909273,0.0,0.0546412459909273,3610290.756425243
2020-09-23,True,-0.0925986368275816,0.0,-0.0925986368275816,3275982.753829047
2020-09-24,True,0.0146289850997733,0.0,0.0146289850997733,3323907.0567219267
2020-09-25,True,0.0700803109133778,0.0,0.0700803109133778,3556847.49670417
2020-09-28,True,0.059284717975157,0.0,0.059284717975157,3767714.1974269203
2020-09-29,True,-0.0104840393619771,0.0,-0.0104840393619771,3728213.3334764168
2020-09-30,True,0.0197881386915252,0.0,0.0197881386915252,3801987.735990842
2020-10-01,True,0.0468293439007632,0.0,0.0468293439007632,3980032.327186041
2020-10-02,True,-0.0824635027922676,0.0,-0.0824635027922676,3651824.92025982
2020-10-05,True,0.06307178748357,0.0,0.06307178748357,3882152.0455576526
2020-10-06,True,-0.0537185022614312,0.0,-0.0537185022614312,3673608.6521191443
2020-10-07,False,0.0010508851201215701,0.0005006991177874997,0.0005501860023340705,3675629.8201775933
2020-10-08,False,0.0002196867703485006,6.564702438970199e-07,0.00021903030010460357,3676434.8944801805
2020-10-09,False,0.009803782432182538,1.6181002360295683e-06,0.009802164331946509,3712471.9134715777
2020-10-12,True,0.0932672282631217,0.0005,0.0927672282631217,4056867.642889024
2020-10-13,False,-0.006457018989613108,0.0005015553436398855,-0.006958574333252993,4028637.6278358125
2020-10-14,False,0.0015915909820316864,2.648436409214139e-07,0.0015913261383907649,4035048.5041950922
2020-10-15,False,0.0020020401280949006,3.3300666198227134e-07,0.0020017071214329185,4043125.489521267
2020-10-16,False,-0.0003058641918488908,6.12831475178724e-07,-0.00030647702332406955,4041886.3644563127
2020-10-19,False,0.0021704658896560436,7.749071089430265e-07,0.0021696909825471007,4050656.008853753
2020-10-20,False,0.0009024836088721333,6.52480790359608e-07,0.0009018311280817737,4054309.0165316886
2020-10-21,False,0.00732047160114474,1.2112119574532872e-06,0.007319260389187287,4083983.5599219133
2020-10-22,False,-0.007381281787600801,8.241036416077319e-07,-0.007382105891242409,4053835.1608244763
2020-10-23,False,0.0016045979302013276,5.733137402587906e-07,0.0016040246164610687,4060337.612213514
2020-10-26,False,0.0012126231729529006,2.8572172938043375e-07,0.00121233745122352,4065260.111565412
2020-10-27,False,0.0006988173143921139,3.428965969863446e-07,0.0006984744177951275,4068099.5917550237
2020-10-28,False,-0.0056544812882661265,1.7581015819198715e-06,-0.005656239389848047,4045089.4466023142
2020-10-29,False,-0.0038040046619934272,3.6082571757088677e-07,-0.003804365487710998,4029700.447916956
2020-10-30,False,0.0009333647233193756,6.040455809956935e-07,0.00093276067773838,4033459.194037838
2020-11-02,False,0.0035004392433048894,1.030472866623347e-06,0.003499408770438266,4047573.916516659
2020-11-03,False,0.0009417584099285248,7.884638421744167e-07,0.0009409699460863504,4051382.5619266634
2020-11-04,False,0.0011024097934322697,5.050561266046056e-07,0.001101904737305665,4055846.7995642885
2020-11-05,True,0.0771701279396337,0.0005,0.0766701279396337,4366809.092590437
2020-11-06,True,0.0033800920676729,0.0,0.0033800920676729,4381569.309365344
2020-11-09,True,-0.061030286799507,0.0,-0.061030286799507,4114160.87778286
2020-11-10,True,-0.0539532602712755,0.0,-0.0539532602712755,3892188.485145942
2020-11-11,True,0.0672166651145198,0.0,0.0672166651145198,4153808.4151145867
2020-11-12,True,-0.0146312882416764,0.0,-0.0146312882416764,4093032.8468923443
2020-11-13,True,0.0262324384356866,0.0,0.0262324384356866,4200403.079063691
2020-11-16,True,0.0230121051111447,0.0,0.0230121051111447,4297063.196228282
2020-11-17,True,-0.009226874309714,0.0,-0.009226874309714,4257414.734215785
2020-11-18,True,-0.0231799251965515,0.0,-0.0231799251965515,4158728.179145966
2020-11-19,True,0.0247741260122764,0.0,0.0247741260122764,4261757.035106934
2020-11-20,True,-0.0203045393413671,0.0,-0.0203045393413671,4175224.021724257
2020-11-23,True,0.0002079589592218,0.0,0.0002079589592218,4176092.2969663334
2020-11-24,True,0.0408873240715257,0.0,0.0408873240715257,4346841.536064998
2020-11-25,True,0.018841562714287,0.0,0.018841562714287,4428742.823475835
2020-11-27,True,0.0273147435746197,0.0,0.0273147435746197,4549712.798057014
2020-11-30,True,0.0051523213035611,0.0,0.0051523213035611,4573154.380231529
2020-12-01,True,0.0392988192166561,0.0,0.0392988192166561,4752873.947470106
2020-12-02,True,0.0040187618093017,0.0,0.0040187618093017,4771974.615774624
2020-12-03,True,0.0040634239045396,0.0,0.0040634239045396,4791365.171500219
2020-12-04,True,0.0122611700826522,0.0,0.0122611700826522,4850112.9147960795
2020-12-07,True,0.0169461441280658,0.0,0.0169461441280658,4932303.627287607
2020-12-08,True,0.0091534386277172,0.0,0.0091534386277172,4977451.165833252
2020-12-09,True,-0.0669807051459012,0.0,-0.0669807051459012,4644057.976916452
2020-12-10,True,0.0122763578266809,0.0,0.0122763578266809,4701070.09440893
2020-12-11,True,-0.0070179096448312,0.0,-0.0070179096448312,4668078.409252351
2020-12-14,True,0.0213268252853155,0.0,0.0213268252853155,4767633.701904629
2020-12-15,True,0.0310790697710501,0.0,0.0310790697710501,4915807.322368934
2020-12-16,True,0.016778835943803,0.0,0.016778835943803,4998288.846962308
2020-12-17,True,0.0204965533674434,0.0,0.0204965533674434,5100736.541059968
2020-12-18,True,-0.01089361388931,0.0,-0.01089361388931,5045171.086630566
2020-12-21,True,-0.0037286556275684,0.0,-0.0037286556275684,5026359.381066355
2020-12-22,True,0.0078882912436821,0.0,0.0078882912436821,5066008.76775962
2020-12-23,True,-0.0150815245415071,0.0,-0.0150815245415071,4989605.632201164
2020-12-24,True,0.0129922356813958,0.0,0.0129922356813958,5054431.764531941
2020-12-28,True,0.0300027240444211,0.0,0.0300027240444211,5206078.48596455
2020-12-29,True,0.0029464652363637,0.0,0.0029464652363637,5221418.015241226
2020-12-30,True,-0.0001662910802279,0.0,-0.0001662910802279,5220549.73999915
2020-12-31,True,0.0078163607334744,0.0,0.0078163607334744,5261355.43999403
2021-01-04,True,-0.0437292961556283,0.0,-0.0437292961556283,5031280.069778505
2021-01-05,True,0.0250790304422847,0.0,0.0250790304422847,5157459.695812141
2021-01-06,True,-0.0413557405150678,0.0,-0.0413557405150678,4944169.130915213
2021-01-07,True,0.072231293949589,0.0,0.072231293949589,5301292.864746834
2021-01-08,True,0.0387597054720425,0.0,0.0387597054720425,5506769.414805463
2021-01-11,True,-0.0441977966085614,0.0,-0.0441977966085614,5263382.340239644
2021-01-12,True,-0.0043439095273587,0.0,-0.0043439095273587,5240518.683545745
2021-01-13,True,0.019438959597126,0.0,0.019438959597126,5342388.914503176
2021-01-14,True,-0.0152220244932561,0.0,-0.0152220244932561,5261066.939594109
2021-01-15,True,-0.0243139965728719,0.0,-0.0243139965728719,5133149.376055168
2021-01-19,True,0.0433557819643499,0.0,0.0433557819643499,5355701.081193854
2021-01-20,True,0.0697073142601814,0.0,0.0697073142601814,5729032.619544228
2021-01-21,True,0.0248534181923651,0.0,0.0248534181923651,5871418.663075462
2021-01-22,True,-0.0090695250194852,0.0,-0.0090695250194852,5818167.684610827
2021-01-25,True,0.0277557549507654,0.0,0.0277557549507654,5979655.321127347
2021-01-26,True,0.0010646812822072,0.0,0.0010646812822072,5986021.7482218025
2021-01-27,True,-0.0806419572142833,0.0,-0.0806419572142833,5503297.23851793
2021-01-28,True,0.0147245316756627,0.0,0.0147245316756627,5584330.713027075
2021-01-29,True,-0.0622927860377499,0.0,-0.0622927860377499,5236467.194756444
2021-02-01,True,0.0735050326681969,0.0,0.0735050326681969,5621373.886972957
2021-02-02,True,0.0483937269328382,0.0,0.0483937269328382,5893413.119846514
2021-02-03,True,-0.011490781219674,0.0,-0.011490781219674,5825693.199049202
2021-02-04,True,0.0353698703585159,0.0,0.0353698703585159,6031747.21224806
2021-02-05,True,0.0104597398245209,0.0,0.0104597398245209,6094837.718775455
2021-02-08,True,0.0195631703877019,0.0,0.0195631703877019,6214072.067553252
2021-02-09,True,-0.0004656087175523,0.0,-0.0004656087175523,6211178.741427101
2021-02-10,True,-0.0070824399674502,0.0,-0.0070824399674502,6167188.44086384
2021-02-11,True,0.0161426606737429,0.0,0.0161426606737429,6266743.271175736
2021-02-12,True,0.0169945640501938,0.0,0.0169945640501938,6373243.8410838535
2021-02-16,True,-0.0083551787396269,0.0,-0.0083551787396269,6319994.249640371
2021-02-17,True,-0.0139208475467772,0.0,-0.0139208475467772,6232014.573194618
2021-02-18,True,-0.0134669675927746,0.0,-0.0134669675927746,6148088.234899708
2021-02-19,True,-0.0131801966843571,0.0,-0.0131801966843571,6067055.222730948
2021-02-22,True,-0.0774660380662627,0.0,-0.0774660380662627,5597064.491896754
2021-02-23,True,-0.0088936512896686,0.0,-0.0088936512896686,5547286.152060039
2021-02-24,True,0.0241028021282729,0.0,0.0241028021282729,5680991.292532051
2021-02-25,True,-0.1044320370393731,0.0,-0.1044320370393731,5087713.799449988
2021-02-26,True,0.0150170025063021,0.0,0.0150170025063021,5164116.010327676
2021-03-01,True,0.0872002364293298,0.0,0.0872002364293298,5614428.147376737
2021-03-02,True,-0.0479381759534631,0.0,-0.0479381759534631,5345282.702969716
2021-03-03,True,-0.086735139591733,0.0,-0.086735139591733,4881658.861570361
2021-03-04,True,-0.049442718728708,0.0,-0.049442718728708,4640296.375548233
2021-03-05,True,0.044779887724222,0.0,0.044779887724222,4848088.326252397
2021-03-08,True,-0.085482490321355,0.0,-0.085482490321355,4433661.662826452
2021-03-09,True,0.1177547980339128,0.0,0.1177547980339128,4955746.596483284
2021-03-10,True,-0.0085263060967398,0.0,-0.0085263060967398,4913492.3840637915
2021-03-11,True,0.0693839106049578,0.0,0.0693839106049578,5254409.700397815
2021-03-12,True,-0.0248952731977522,0.0,-0.0248952731977522,5123599.735413493
2021-03-15,True,0.0319701227535622,0.0,0.0319701227535622,5287401.847894781
2021-03-16,True,0.0164201869385083,0.0,0.0164201869385083,5374221.974656228
2021-03-17,True,0.01260122311252,0.0,0.01260122311252,5441943.7448150795
2021-03-18,True,-0.091788938498153,0.0,-0.091788938498153,4942433.50511184
2021-03-19,True,0.0127649758204653,0.0,0.0127649758204653,5005523.54929885
2021-03-22,True,0.0533069351193231,0.0,0.0533069351193231,5272352.668379568
2021-03-23,True,-0.0130638375525941,0.0,-0.0130638375525941,5203475.509599871
2021-03-24,True,-0.0505004957065715,0.0,-0.0505004957065715,4940697.416968073
2021-03-25,True,-0.0053891547074813,0.0,-0.0053891547074813,4914071.234225178
2021-03-26,True,0.044169801970836,0.0,0.044169801970836,5131124.787511486
2021-03-29,True,-0.0005642379804785,0.0,-0.0005642379804785,5128229.612023797
2021-03-30,True,-0.0142211986918011,0.0,-0.0142211986918011,5055300.039774029
2021-03-31,True,0.0448821271187742,0.0,0.0448821271187742,5282192.658782711
2021-04-01,True,0.0508437710614535,0.0,0.0508437710614535,5550759.25302835
2021-04-05,True,0.060062544848171,0.0,0.060062544848171,5884151.979604766
2021-04-06,True,-0.0023609080086616,0.0,-0.0023609080086616,5870260.038071935
2021-04-07,True,0.0073951494687338,0.0,0.0073951494687338,5913671.488473812
2021-04-08,True,0.0312224531967719,0.0,0.0312224531967719,6098310.81974377
2021-04-09,True,0.0181282324933516,0.0,0.0181282324933516,6208862.4161008075
2021-04-12,True,-0.0039152735955568,0.0,-0.0039152735955568,6184553.021024603
2021-04-13,True,0.0342537126149102,0.0,0.0342537126149102,6396396.922858455
2021-04-14,True,-0.035110028882193,0.0,-0.035110028882193,6171819.242154925
2021-04-15,True,0.0441713553165195,0.0,0.0441713553165195,6444436.862849482
2021-04-16,True,0.0042213321043353,0.0,0.0042213321043353,6471640.971072991
2021-04-19,True,-0.0272783815017009,0.0,-0.0272783815017009,6295105.0797220245
2021-04-20,True,-0.0218829873109329,0.0,-0.0218829873109329,6157349.375141478
2021-04-21,True,0.0252865641911597,0.0,0.0252865641911597,6313047.58536339
2021-04-22,True,-0.0363986496803812,0.0,-0.0363986496803812,6083261.177888171
2021-04-23,True,0.0376784015368225,0.0,0.0376784015368225,6312468.735202005
2021-04-26,True,0.0198056981564813,0.0,0.0198056981564813,6437491.585593643
2021-04-27,True,-0.0131271085442338,0.0,-0.0131271085442338,6352985.934796963
2021-04-28,True,-0.0102950834179467,0.0,-0.0102950834179467,6287581.414645187
2021-04-29,True,0.0100339983987605,0.0,0.0100339983987605,6350670.996491813
2021-04-30,True,-0.0187750788607476,0.0,-0.0187750788607476,6231436.647714017
2021-05-03,True,-0.0163478663199097,0.0,-0.0163478663199097,6129565.954416201
2021-05-04,True,-0.0526911511212623,0.0,-0.0526911511212623,5806592.068404313
2021-05-05,True,-0.0116627523821717,0.0,-0.0116627523821717,5738871.222926231
2021-05-06,True,0.021886133295909,0.0,0.021886133295909,5864472.923479252
2021-05-07,True,0.0244768363204992,0.0,0.0244768363204992,6008016.667333253
2021-05-10,True,-0.0751444174823589,0.0,-0.0751444174823589,5556547.754642191
2021-05-11,True,-0.0050001227294531,0.0,-0.0050001227294531,5528764.333916914
2021-05-12,True,-0.0761097060329755,0.0,-0.0761097060329755,5107971.705736898
2021-05-13,True,0.0210764299593884,0.0,0.0210764299593884,5215629.5136274
2021-05-14,True,0.0650319610173983,0.0,0.0650319610173983,5554812.128838809
2021-05-17,True,-0.0168805309495128,0.0,-0.0168805309495128,5461043.950779216
2021-05-18,True,-0.0209855635990602,0.0,-0.0209855635990602,5346440.865632876
2021-05-19,True,0.0036806904405559,0.0,0.0036806904405559,5366119.459418009
2021-05-20,True,0.0578148691078546,0.0,0.0578148691078546,5676360.953581372
2021-05-21,True,-0.0165189839909752,0.0,-0.0165189839909752,5582593.237862165
2021-05-24,True,0.0500779360774263,0.0,0.0500779360774263,5862157.985174099
2021-05-25,True,0.004837880793532,0.0,0.004837880793532,5890518.406699223
2021-05-26,True,0.010120909815219,0.0,0.010120909815219,5950135.812258314
2021-05-27,True,-0.0116730900727295,0.0,-0.0116730900727295,5880679.340976849
2021-05-28,True,0.0097441131527562,0.0,0.0097441131527562,5937981.345890404
2021-06-01,True,-0.0097474864542328,0.0,-0.0097474864542328,5880100.953155849
2021-06-02,True,0.0052168869914037,0.0,0.0052168869914037,5910776.775326509
2021-06-03,True,-0.0314336065554535,0.0,-0.0314336065554535,5724979.743733784
2021-06-04,True,0.051258910885332,0.0,0.051258910885332,6018435.970238165
2021-06-07,True,0.0088477457776086,0.0,0.0088477457776086,6071685.561681648
2021-06-08,True,0.0011438796006943,0.0,0.0011438796006943,6078630.838937486
2021-06-09,True,0.0011426486951191,0.0,0.0011426486951191,6085576.578533708
2021-06-10,True,0.0306258378888095,0.0,0.0306258378888095,6271952.460287818
2021-06-11,True,0.0079365839922274,0.0,0.0079365839922274,6321730.33778415
2021-06-14,True,0.0280168137596379,0.0,0.0280168137596379,6498845.079296501
2021-06-15,True,-0.0185252163995239,0.0,-0.0185252163995239,6378452.567855553
2021-06-16,True,-0.0107077336128343,0.0,-0.0107077336128343,6310153.796896857
2021-06-17,True,0.0373325998590592,0.0,0.0373325998590592,6545728.243645531
2021-06-18,True,-0.0238746636839082,0.0,-0.0238746636839082,6389451.183262235
2021-06-21,True,0.0182988189625623,0.0,0.0182988189625623,6506370.593734881
2021-06-22,True,0.0279333332622737,0.0,0.0279333332622737,6688115.211857535
2021-06-23,True,0.0017306357858841,0.0,0.0017306357858841,6699689.903383291
2021-06-24,True,0.0184018609854779,0.0,0.0184018609854779,6822976.66563116
2021-06-25,True,-0.0031387483292365,0.0,-0.0031387483292365,6801561.059021491
2021-06-28,True,0.0354012312425502,0.0,0.0354012312425502,7042344.6948822355
2021-06-29,True,0.0112598861288129,0.0,0.0112598861288129,7121640.69422646
2021-06-30,True,-0.0043886898643148,0.0,-0.0043886898643148,7090386.021894416
2021-07-01,True,0.0004897672167913,0.0,0.0004897672167913,7093858.660522335
2021-07-02,True,0.0339426780352267,0.0,0.0339426780352267,7334643.22106385
2021-07-06,True,0.0134152681108987,0.0,0.0134152681108987,7433039.426372209
2021-07-07,True,0.0063853390421151,0.0,0.0063853390421151,7480501.903223004
2021-07-08,True,-0.0173320893008633,0.0,-0.0173320893008633,7350849.176221065
2021-07-09,True,0.0169291376964209,0.0,0.0169291376964209,7475292.714110934
2021-07-12,True,0.0125435611185416,0.0,0.0125435611185416,7569059.505149373
2021-07-13,True,-0.0005355141082037,0.0,-0.0005355141082037,7565006.166998532
2021-07-14,True,0.005432571483785,0.0,0.005432571483785,7606103.603776026
2021-07-15,True,-0.0206985985976676,0.0,-0.0206985985976676,7448667.918389193
2021-07-16,True,-0.0245552855639339,0.0,-0.0245552855639339,7265763.750582233
2021-07-19,True,-0.0239782126622387,0.0,-0.0239782126622387,7091543.722217187
2021-07-20,True,0.0329741228544562,0.0,0.0329741228544562,7325381.156141325
2021-07-21,True,0.0228350183948251,0.0,0.0228350183948251,7492656.3695909185
2021-07-22,True,0.0210117518086434,0.0,0.0210117518086434,7650090.205616214
2021-07-23,True,0.0332148668058385,0.0,0.0332148668058385,7904186.932848406
2021-07-26,True,0.0041743014783428,0.0,0.0041743014783428,7937181.3920472935
2021-07-27,True,-0.0326699480026035,0.0,-0.0326699480026035,7677874.088681876
2021-07-28,True,0.010931235525281,0.0,0.010931235525281,7761802.738678711
2021-07-29,True,0.0049215901530075,0.0,0.0049215901530075,7800003.150606979
2021-07-30,True,-0.0149893063083237,0.0,-0.0149893063083237,7683086.514176641
2021-08-02,True,-0.0003017244024996,0.0,-0.0003017244024996,7680768.339488798
2021-08-03,True,0.0174079023403641,0.0,0.0174079023403641,7814474.40464158
2021-08-04,True,0.0049623730785846,0.0,0.0049623730785846,7853252.742050462
2021-08-05,True,0.0187943294979096,0.0,0.0187943294979096,8000849.361714921
2021-08-06,True,-0.0130218214207991,0.0,-0.0130218214207991,7896663.730111955
2021-08-09,True,0.0053506600384711,0.0,0.0053506600384711,7938916.093169909
2021-08-10,True,-0.014945999539926,0.0,-0.014945999539926,7820261.05689388
2021-08-11,True,-0.005402935113107,0.0,-0.005402935113107,7778008.693835924
2021-08-12,True,0.0104183991532607,0.0,0.0104183991532607,7859043.093025839
2021-08-13,True,0.0100160062198824,0.0,0.0100160062198824,7937759.31752791
2021-08-16,True,0.0017499339493709,0.0,0.0017499339493709,7951649.872039587
2021-08-17,True,-0.0262772889938374,0.0,-0.0262772889938374,7742702.070374193
2021-08-18,True,-0.0290799585854144,0.0,-0.0290799585854144,7517544.614828508
2021-08-19,True,0.0142438739263219,0.0,0.0142438739263219,7624623.572557626
2021-08-20,True,0.0308966559709675,0.0,0.0308966559709675,7860198.943987069
2021-08-23,True,0.044551074143639,0.0,0.044551074143639,8210379.24992439
2021-08-24,True,0.0098690753056316,0.0,0.0098690753056316,8291408.1010296885
2021-08-25,True,0.0011173465968103,0.0,0.0011173465968103,8300672.4776541395
2021-08-26,True,-0.0169446833937891,0.0,-0.0169446833937891,8160020.210564751
2021-08-27,True,0.0292241460293953,0.0,0.0292241460293953,8398489.832801113
2021-08-30,True,0.0331496007248157,0.0,0.0331496007248157,8676896.417449893
2021-08-31,True,-0.0028017831408553,0.0,-0.0028017831408553,8652585.635352535
2021-09-01,True,0.0054852984426403,0.0,0.0054852984426403,8700047.649862947
2021-09-02,True,-0.0013970043058002,0.0,-0.0013970043058002,8687893.64583542
2021-09-03,True,0.0089939290473373,0.0,0.0089939290473373,8766031.944856877
2021-09-07,True,0.004093854650544,0.0,0.004093854650544,8801918.805501148
2021-09-08,True,-0.0102583572656133,0.0,-0.0102583572656133,8711625.577771395
2021-09-09,True,-0.0106971227202407,0.0,-0.0106971227202407,8618436.249873187
2021-09-10,True,-0.0224982820026297,0.0,-0.0224982820026297,8424536.240701854
2021-09-13,True,-0.0022673213218098,0.0,-0.0022673213218098,8405435.110056952
2021-09-14,True,-0.0086075017486068,0.0,-0.0086075017486068,8333085.312649335
2021-09-15,True,0.0221573792109968,0.0,0.0221573792109968,8517724.643919293
2021-09-16,True,0.0019705738351827,0.0,0.0019705738351827,8534509.449237892
2021-09-17,True,-0.0353339367488501,0.0,-0.0353339367488501,8232951.6321760565
2021-09-20,True,-0.0615156115626096,0.0,-0.0615156115626096,7726496.577557361
2021-09-21,True,0.0012734187640688,0.0,0.0012734187640688,7736335.643279736
2021-09-22,True,0.0292532947046453,0.0,0.0292532947046453,7962648.949786651
2021-09-23,True,0.0277675424482952,0.0,0.0277675424482952,8183752.142500726
2021-09-24,True,0.0028290393807977,0.0,0.0028290393807977,8206904.299594548
2021-09-27,True,-0.0241200614012316,0.0,-0.0241200614012316,8008953.263974296
2021-09-28,True,-0.0833996146313545,0.0,-0.0833996146313545,7341009.648158311
2021-09-29,True,-0.0066229653444185,0.0,-0.0066229653444185,7292390.395665516
2021-09-30,True,-0.0112708772724442,0.0,-0.0112708772724442,7210198.758493219
2021-10-01,True,0.0182226984147035,0.0,0.0182226984147035,7341588.035979311
2021-10-04,True,-0.0614947216431273,0.0,-0.0614947216431273,6890119.12328825
2021-10-05,True,0.0384743084775656,0.0,0.0384743084775656,7155211.691884815
2021-10-06,True,0.019738022620602,0.0,0.019738022620602,7296441.422114435
2021-10-07,True,0.0270505355118793,0.0,0.0270505355118793,7493814.069913688
2021-10-08,True,-0.0153703303249203,0.0,-0.0153703303249203,7378631.672265579
2021-10-11,True,-0.0221995868742663,0.0,-0.0221995868742663,7214829.097443907
2021-10-12,True,-0.0101884547891524,0.0,-0.0101884547891524,7141321.137373138
2021-10-13,True,0.0234235669047537,0.0,0.0234235669047537,7308596.350822731
2021-10-14,True,0.0551992411859796,0.0,0.0551992411859796,7712025.323522764
2021-10-15,True,0.0185379180818501,0.0,0.0185379180818501,7854990.217215383
2021-10-18,True,0.029990536578027,0.0,0.029990536578027,8090565.588644827
2021-10-19,True,0.0219631189027766,0.0,0.0219631189027766,8268259.642658946
2021-10-20,True,-0.0031503917859433,0.0,-0.0031503917859433,8242211.385396666
2021-10-21,True,0.0179074052779046,0.0,0.0179074052779046,8389808.005061124
2021-10-22,True,-0.025318978079825,0.0,-0.025318978079825,8177386.640087042
2021-10-25,True,0.0300112964707293,0.0,0.0300112964707293,8422800.614898475
2021-10-26,True,0.0093458313288776,0.0,0.0093458313288776,8501518.688762084
2021-10-27,True,0.0078975384391828,0.0,0.0078975384391828,8568659.759398013
2021-10-28,True,0.0328290355031515,0.0,0.0328290355031515,8849960.594853716
2021-10-29,True,0.0147806438481603,0.0,0.0147806438481603,8980768.7104765
2021-11-01,True,0.0098609071742188,0.0,0.0098609071742188,9069327.237083638
2021-11-02,True,0.0133383115504051,0.0,0.0133383115504051,9190296.749324434
2021-11-03,True,0.0317420886002717,0.0,0.0317420886002717,9482015.96300428
2021-11-04,True,0.0372971827515047,0.0,0.0372971827515047,9835668.445229135
2021-11-05,True,0.0037071209024195,0.0,0.0037071209024195,9872130.457311712
2021-11-08,True,-0.0041040596808357,0.0,-0.0041040596808357,9831614.644737909
2021-11-09,True,-0.0206050500910327,0.0,-0.0206050500910327,9629033.732507352
2021-11-10,True,-0.0438207264514047,0.0,-0.0438207264514047,9207082.479323799
2021-11-11,True,0.0081096398236464,0.0,0.0081096398236464,9281748.60205772
2021-11-12,True,0.0317411596799175,0.0,0.0317411596799175,9576362.066544484
2021-11-15,True,-0.0003021320733328,0.0,-0.0003021320733328,9573468.740418334
2021-11-16,True,0.0206770441297332,0.0,0.0206770441297332,9771419.776038585
2021-11-17,True,0.0011848767296682,0.0,0.0011848767296682,9782997.703947034
2021-11-18,True,0.0305878194097939,0.0,0.0305878194097939,10082238.271001795
2021-11-19,True,0.016935602211404,0.0,0.016935602211404,10252987.047760077
2021-11-22,True,-0.0346619093901887,0.0,-0.0346619093901887,9897598.939731838
2021-11-23,True,-0.0136255335838175,0.0,-0.0136255335838175,9762738.872979367
2021-11-24,True,0.0092486651772369,0.0,0.0092486651772369,9853031.176028349
2021-11-26,True,-0.0551605573143068,0.0,-0.0551605573143068,9309532.485123385
2021-11-29,True,0.062111373707592,0.0,0.062111373707592,9887760.33634985
2021-11-30,True,-0.0429665278583198,0.0,-0.0429665278583198,9462917.606401686
2021-12-01,True,-0.0513184217693031,0.0,-0.0513184217693031,8977295.609508201
2021-12-02,True,0.0188267333845941,0.0,0.0188267333845941,9146308.7604631
2021-12-03,True,-0.0502469085253073,0.0,-0.0502469085253073,8686735.020831892
2021-12-06,True,0.0233876751100428,0.0,0.0233876751100428,8889897.55726614
2021-12-07,True,0.0901752004208853,0.0,0.0901752004208853,9691545.851213753
2021-12-08,True,0.0139153230561617,0.0,0.0139153230561617,9826406.842646997
2021-12-09,True,-0.0431761742234969,0.0,-0.0431761742234969,9402140.188817907
2021-12-10,True,0.0309654272700048,0.0,0.0309654272700048,9693281.477017138
2021-12-13,True,-0.042992734507754,0.0,-0.042992734507754,9276540.799966812
2021-12-14,True,-0.0297622993265156,0.0,-0.0297622993265156,9000449.615963563
2021-12-15,True,0.0661735282257547,0.0,0.0661735282257547,9596041.122670013
2021-12-16,True,-0.0763011578695816,0.0,-0.0763011578695816,8863852.074046172
2021-12-17,True,-0.0152801248423327,0.0,-0.0152801248423327,8728411.307770777
2021-12-20,True,-0.0299073731341196,0.0,-0.0299073731341196,8467367.453921208
2021-12-21,True,0.0668534731247578,0.0,0.0668534731247578,9033440.37643938
2021-12-22,True,0.0356893203605228,0.0,0.0356893203605228,9355837.723991806
2021-12-23,True,0.0237561884068757,0.0,0.0237561884068757,9578096.767667111
2021-12-27,True,0.0478004347056275,0.0,0.0478004347056275,10035933.956814166
2021-12-28,True,-0.0117652489486247,0.0,-0.0117652489486247,9917858.695380291
2021-12-29,True,-0.0015759328216097,0.0,-0.0015759328216097,9902228.816342155
2021-12-30,True,-0.0093522080141879,0.0,-0.0093522080141879,9809621.112647638
2021-12-31,True,-0.0185862357506704,0.0,-0.0185862357506704,9627297.182023214
2022-01-03,True,0.0288584276474761,0.0,0.0288584276474761,9905125.841191383
2022-01-04,True,-0.038859530686362,0.0,-0.038859530686362,9520217.299613329
2022-01-05,True,-0.0919869304407285,0.0,-0.0919869304407285,8644481.733093178
2022-01-06,True,-0.002745113392234,0.0,-0.002745113392234,8620751.650518741
2022-01-07,True,-0.0326977011243974,0.0,-0.0326977011243974,8338872.889582424
2022-01-10,True,0.003678819619632,0.0,0.003678819619632,8369550.098774238
2022-01-11,True,0.043983363248051,0.0,0.043983363248051,8737671.060991386
2022-01-12,True,0.0113936431042336,0.0,0.0113936431042336,8837224.966622513
2022-01-13,True,-0.0725700542688098,0.0,-0.0725700542688098,8195907.071209036
2022-01-14,True,0.0151132188315246,0.0,0.0151132188315246,8319773.608299058
2022-01-18,True,-0.0720747700321924,0.0,-0.0720747700321924,7720127.838760999
2022-01-19,True,-0.034787603326424,0.0,-0.034787603326424,7451563.093876898
2022-01-20,True,-0.0386828234695555,0.0,-0.0386828234695555,7163315.594144203
2022-01-21,True,-0.0841951678490152,0.0,-0.0841951678490152,6560199.035339764
2022-01-24,True,0.0144696168773363,0.0,0.0144696168773363,6655122.602020202
2022-01-25,True,-0.0737519019520199,0.0,-0.0737519019520199,6164294.652397336
2022-01-26,True,-0.0018779992748713,0.0,-0.0018779992748713,6152718.111510042
2022-01-27,True,-0.029915086430353,0.0,-0.029915086430353,5968659.017422621
2022-01-28,True,0.0932891824295349,0.0,0.0932891824295349,6525470.337358649
2022-01-31,True,0.0968600246166995,0.0,0.0968600246166995,7157527.554870751
2022-02-01,True,0.0190846528904511,0.0,0.0190846528904511,7294126.483809299
2022-02-02,True,0.0236468997711727,0.0,0.0236468997711727,7466609.961690194
2022-02-03,True,-0.120309952045237,0.0,-0.120309952045237,6568302.475258758
2022-02-04,True,0.0345435704070167,0.0,0.0345435704070167,6795195.094267441
2022-02-07,True,-0.0226578386115735,0.0,-0.0226578386115735,6641230.660487374
2022-02-08,True,0.0339899926032285,0.0,0.0339899926032285,6866966.041513674
2022-02-09,True,0.0620364622537976,0.0,0.0620364622537976,7292968.321146148
2022-02-10,True,-0.0663492080397494,0.0,-0.0663492080397494,6809085.648779119
2022-02-11,True,-0.0941856114746428,0.0,-0.0941856114746428,6167767.753365643
2022-02-14,True,0.0028153002049875,0.0,0.0028153002049875,6185131.87118601
2022-02-15,True,0.0724313091578445,0.0,0.0724313091578445,6633129.069929921
2022-02-16,True,-0.0001746027630312,0.0,-0.0001746027630312,6631970.907266769
2022-02-17,True,-0.0886717255236505,0.0,-0.0886717255236505,6043902.603296774
2022-02-18,True,-0.0339016320557289,0.0,-0.0339016320557289,5839004.441059144
2022-02-22,True,-0.0309276105682744,0.0,-0.0309276105682744,5658417.985599643
2022-02-23,True,-0.0765140508656149,0.0,-0.0765140508656149,5225469.504030561
2022-02-24,False,0.003059959906751937,0.0005017862076251566,0.0025581736991267803,5238837.162681362
2022-02-25,False,-0.01091632672353936,2.9646418787771384e-06,-0.010919291365418136,5181632.773286062
2022-02-28,False,0.008904297439136276,2.4135892698837205e-07,0.008904056080209288,5227770.3220864525
2022-03-01,False,0.015417808359712607,1.3455543801572379e-06,0.015416462805332449,5308364.048811719
2022-03-02,False,0.0019190786805095828,4.009126390930748e-06,0.001915069554118652,5318529.935183776
2022-03-03,False,0.008864422637833191,1.6463357445179599e-06,0.008862776302088673,5365666.876255272
2022-03-04,False,0.011404212327350866,8.372388218732124e-07,0.011403375088528992,5426853.588245306
2022-03-07,False,0.010066590051011038,2.1054197988345238e-06,0.010064484631212203,5481472.072780039
2022-03-08,False,0.013339520762508673,3.0822107992616034e-06,0.013336438551709412,5554575.388251582
2022-03-09,False,-0.028356993868375608,4.243188815942822e-06,-0.02836123705719155,5397040.758913337
2022-03-10,False,0.0008619770863351667,5.973640234372552e-07,0.0008613797223117294,5401689.660383556
2022-03-11,False,0.002307224263180831,2.087313389373041e-06,0.002305136949791458,5414141.294811013
2022-03-14,False,-0.008408740122303466,1.1202485134276242e-06,-0.008409860370816893,5368609.122493778
2022-03-15,False,-0.011404642294292984,1.7678560653081322e-06,-0.011406410150358292,5307372.564905659
2022-03-16,False,-0.0019058101299722502,1.374985439517168e-06,-0.0019071851154117674,5297250.422947926
2022-03-17,False,0.008929244279037572,2.29463658291329e-06,0.008926949642454659,5344538.710717054
2022-03-18,False,-0.0021226971620999517,1.1135562294293938e-06,-0.002123810718329381,5333187.922118708
2022-03-21,False,0.009324538067300388,3.186200474502063e-06,0.009321351866825886,5382900.443312681
2022-03-22,False,-0.0027215974248238155,9.227776667922599e-07,-0.0027225202024906076,5368245.388107766
2022-03-23,False,0.0079091747080624,9.508937301775516e-07,0.007908223814332222,5410698.674127179
2022-03-24,False,0.0035050201397760342,1.0447260172125745e-06,0.003503975413758822,5429657.629252579
2022-03-25,False,0.00015515257721822098,1.975501399663529e-06,0.00015317707581855746,5430489.328330924
2022-03-28,False,-0.014264596694325152,2.4118366596297263e-06,-0.014267008530984782,5353012.490756205
2022-03-29,False,-0.0038195824658020295,1.8237020360192952e-06,-0.003821406167838049,5332556.4558075145
2022-03-30,False,0.007014856647529807,6.96564711239897e-07,0.007014160082818567,5369959.860439217
2022-03-31,False,-0.0030837282824168586,1.3301470984912466e-06,-0.00308505842951535,5353393.22050561
2022-04-01,False,-0.003960967248286492,6.761728398539113e-07,-0.003961643421126346,5332184.9854728915
2022-04-04,False,0.005088228598812738,7.282563653325247e-07,0.0050875003424474055,5359312.478412477
2022-04-05,False,-0.0001731420257844353,2.3926045980377507e-06,-0.00017553463038247306,5358371.733477475
2022-04-06,False,0.0008658949250224696,3.0164327874111775e-07,0.0008655932817437285,5363009.904051059
2022-04-07,False,0.002378295413411662,3.9544209079113434e-07,0.0023778999713208707,5375762.605148095
2022-04-08,False,0.005399420493556409,1.3654819098375265e-06,0.005398055011646571,5404781.267420237
2022-04-11,False,0.0029709815074383437,9.667113776424263e-07,0.0029700147960607013,5420833.547753947
2022-04-12,False,0.008848035596577111,8.693024482310241e-07,0.008847166294128881,5468792.563603719
2022-04-13,False,0.00564751792406776,7.644298811995964e-07,0.005646753494186561,5499673.48712123
2022-04-14,False,0.00436337830957642,3.094268816300219e-06,0.00436028404076012,5523653.625656517
2022-04-18,False,0.007208665262915286,2.0305846511426835e-06,0.007206634678264144,5563460.579425893
2022-04-19,False,-0.012621737053950179,1.3266496680054279e-06,-0.012623063703618183,5493232.662119231
2022-04-20,False,-0.0018148136434528357,1.9026506825085277e-06,-0.0018167162941353442,5483253.016834483
2022-04-21,False,0.0021319578244433997,1.935547190947795e-06,0.002130022277252452,5494932.4679121515
2022-04-22,False,-0.007478102080833969,1.4165748048956401e-06,-0.0074795186556388645,5453833.018006927
2022-04-25,False,-0.009804256266385557,2.2945767210829776e-06,-0.009806550843106639,5400349.727226028
2022-04-26,False,0.00788377840137528,1.5670162575118635e-06,0.007882211385117768,5442916.425329587
2022-04-27,False,0.0004954854981271458,1.8981452468689875e-06,0.0004935873528802768,5445602.980039914
2022-04-28,False,0.004061906273482101,9.900636149130505e-07,0.004060916209867188,5467717.117454059
2022-04-29,False,-0.004688406225036456,1.1355897351439244e-06,-0.004689541814771599,5442076.029400416
2022-05-02,False,-0.001141745919422149,3.5109662846657675e-06,-0.0011452568857068148,5435843.4543552045
2022-05-03,False,0.0014137175241760661,2.056334495233736e-07,0.0014135118907265428,5443527.083714064
2022-05-04,False,0.006695153251901132,5.17765335194112e-07,0.006694635486565938,5479969.51330078
2022-05-05,False,0.003337510470460818,2.6947544836187916e-06,0.003334815715977199,5498244.201756811
2022-05-06,False,0.0010737205617343969,6.590312586559344e-07,0.001073061530475741,5504144.156094877
2022-05-09,False,-0.012781091115894145,3.1346162284529577e-06,-0.012784225732122598,5433777.934741217
2022-05-10,False,-0.004675536717528261,9.434326268263349e-07,-0.004676480150155087,5408366.98008905
2022-05-11,False,0.008250227532294985,9.025161146534039e-07,0.008249325016180331,5452982.357114581
2022-05-12,False,-0.002096060841029004,2.2109450886165366e-06,-0.0020982717861176207,5441540.518084451
2022-05-13,False,-0.003459040160983777,7.777780557497033e-07,-0.0034598179390395267,5422713.778583973
2022-05-16,False,0.008124742320105542,8.694359110911626e-07,0.008123872884194451,5466767.216008558
2022-05-17,False,-0.002331327727806681,1.22474323249179e-06,-0.002332552471039173,5454015.6946302615
2022-05-18,False,-0.00413832034209588,1.9550371797813216e-06,-0.004140275379275662,5431434.5677316
2022-05-19,False,-0.0008823406671195055,3.22412132884424e-06,-0.0008855647884483497,5426624.680527656
2022-05-20,False,0.005311574103844437,1.1718466324659172e-06,0.005310402257211971,5455442.2404801715
2022-05-23,False,0.0011373304022220417,8.216835827942887e-07,0.0011365087186392473,5461642.39815051
2022-05-24,False,0.0013672262367336624,1.7488133492946367e-06,0.0013654774233843679,5469100.147539784
2022-05-25,False,0.0006417594719800674,1.1112459193349383e-06,0.0006406482260607325,5472603.916847454
2022-05-26,False,-0.0014062994392444645,2.347133170802901e-07,-0.0014065341525615449,5464906.512534966
2022-05-27,False,-0.00030299297765348673,1.8789143350930737e-07,-0.00030318086908699606,5463249.657429017
2022-05-31,False,-0.005589178411502075,7.213368244132767e-07,-0.005589899748326488,5432710.6395439105
2022-06-01,False,0.008313895725172061,2.4820485529506167e-06,0.00831141367661911,5477864.14505453
2022-06-02,False,5.165567085221289e-05,2.1934959719694116e-06,4.946217488024348e-05,5478135.092128843
2022-06-03,False,0.0016243701489308746,2.388724801915959e-06,0.0016219814241289585,5487020.525487145
2022-06-06,False,0.006595467264238413,3.7046548594428243e-06,0.00659176260937897,5523189.662223946
2022-06-07,False,0.0023664613107599436,6.903595464111262e-07,0.0023657709512135325,5536256.263884879
2022-06-08,False,-0.0008041591960558601,2.0585874254354375e-07,-0.0008043650547984036,5531803.092811801
2022-06-09,False,0.002411875062214574,1.4910911640368952e-06,0.002410383971050537,5545136.862317722
2022-06-10,False,0.005479523740963898,2.3427024703066847e-06,0.005477181038493591,5575508.58079586
2022-06-13,False,-0.0063871926135969795,4.2399467924341545e-06,-0.0063914325603894135,5539873.093711831
2022-06-14,False,-0.006173723933069097,3.068084311732139e-07,-0.00617403074150027,5505669.746927244
2022-06-15,False,-0.0037390772215161344,5.085836799610416e-06,-0.0037441630583157446,5485055.621649512
2022-06-16,False,0.007997785408026587,6.758630554081907e-07,0.007997109544971178,5528920.212316103
2022-06-17,False,-0.006782166233973247,9.746911580890417e-07,-0.006783140925131336,5491416.767352156
2022-06-21,False,0.0008777683188899727,1.2392841424932883e-06,0.0008765290347474794,5496230.153590639
2022-06-22,False,-0.00512080657638271,3.6921054618660327e-06,-0.005124498681844576,5468064.729413449
2022-06-23,False,-0.007044322238800805,1.9866072619146996e-06,-0.00704630884606272,5429535.0565397395
2022-06-24,False,0.0007905053907961796,7.509887741928845e-07,0.0007897544020219868,5433823.055751573
2022-06-27,False,0.0005103746291318566,8.395090976669878e-07,0.0005095351200341896,5436591.77943453
2022-06-28,False,0.0035906596245720984,1.466291774565212e-06,0.003589193332797533,5456104.758402419
2022-06-29,False,-0.0026355751133534575,1.5631907210027775e-06,-0.0026371383040744603,5441716.255552993
2022-06-30,False,-0.013235985322978804,4.4732097852341614e-06,-0.013240458532764038,5369665.437124276
2022-07-01,False,0.004901328855070498,9.507372933213743e-07,0.004900378117777176,5395978.828132144
2022-07-05,False,-0.01642153066720709,3.1054261875044926e-06,-0.016424636093394594,5307351.8395124115
2022-07-06,False,-0.010048643922877172,9.75392187244739e-07,-0.010049619315064416,5254014.973954205
2022-07-07,False,0.009063283658126696,3.6926518392424447e-06,0.009059591006287454,5301614.200759141
2022-07-08,False,0.0043218806354001936,2.0010383120351583e-06,0.004319879597088158,5324516.535776634
2022-07-11,False,0.003498648940197548,1.4713782296447292e-06,0.003497177561967903,5343137.315533879
2022-07-12,False,-0.011265427472194625,3.3333132870448783e-06,-0.01126876078548167,5282926.779281147
2022-07-13,False,0.004415737081725765,5.735036155103262e-07,0.004415163578110255,5306251.765182852
2022-07-14,False,-0.0013773294526987633,2.524698917628243e-06,-0.0013798541516163916,5298929.911655143
2022-07-15,False,-0.0008744475412018476,4.670018821748417e-07,-0.0008749145430840225,5294293.800812653
2022-07-18,False,0.0018841054053858025,6.297958307067836e-07,0.0018834756095550958,5304265.474056303
2022-07-19,False,-0.0010494733681798902,5.734255744616612e-07,-0.001050046793754352,5298695.747102048
2022-07-20,False,-0.0050558450356633184,7.280452504083851e-07,-0.005056573080913727,5271902.504823301
2022-07-21,False,0.006278740809586579,1.697465522217223e-06,0.006277043344064362,5304994.4653517585
2022-07-22,False,-0.003947102815089913,3.0207393663415487e-06,-0.003950123554456255,5284039.081757912
2022-07-25,False,0.003816674449464673,2.0377767280509025e-06,0.0038146366727366218,5304195.771019359
2022-07-26,False,0.0008141330866098155,6.271339150950156e-07,0.0008135059526947205,5308510.765853343
2022-07-27,False,7.151593488819175e-05,2.1500988894825048e-06,6.936583599870923e-05,5308878.995140525
2022-07-28,False,0.0015629871670487967,2.614744382593015e-06,0.0015603724226662037,5317162.823519814
2022-07-29,False,-0.00028890494066266824,8.804368724519424e-07,-0.00028978537753512017,5315621.987483585
2022-08-01,False,-0.004433209337689967,2.907354019371658e-06,-0.004436116691709339,5292041.268058092
2022-08-02,False,0.0017979827999376335,3.3093859809383147e-06,0.0017946734139566952,5301538.753827437
2022-08-03,False,0.0017403786674765303,1.4314731404777015e-07,0.0017402355201624824,5310764.679878366
2022-08-04,False,-0.0021539575466474003,4.116540595908075e-06,-0.0021580740872433083,5299303.656239274
2022-08-05,False,-0.0009608395071579214,3.2916359850906215e-06,-0.000964131143143012,5294194.432547322
2022-08-08,False,0.0027894564030251276,9.572392234231952e-07,0.0027884991638017042,5308957.289295483
2022-08-09,False,0.004854269512179661,1.419066549814857e-06,0.004852850445629846,5334720.86504267
2022-08-10,False,-0.008358903958960185,2.5481490735522335e-06,-0.008361452108033737,5290114.852019887
2022-08-11,False,0.00778499848563178,3.6424769085113275e-06,0.007781356008723268,5331279.1190104885
2022-08-12,False,0.0013911536753164816,1.3865966435359228e-06,0.0013897670786729456,5338688.355217305
2022-08-15,False,-0.003774908748703534,1.5210956783101442e-06,-0.0037764298443818444,5318527.173182808
2022-08-16,False,0.0016270828621693257,1.1502812533910473e-06,0.0016259325809159346,5327174.739796174
2022-08-17,False,0.0036506168464223916,3.080318795243342e-06,0.0036475365276271484,5346605.804248633
2022-08-18,False,0.005768251955434727,2.0269328149210148e-06,0.005766225022619806,5377435.536423176
2022-08-19,False,-0.0014182029999106817,1.5485633438315494e-06,-0.0014197515632545133,5369800.91391404
2022-08-22,False,-1.917707627892053e-05,1.5815598424069045e-06,-2.0758636121327434e-05,5369689.444170823
2022-08-23,False,0.0032950660654502413,7.077914394424539e-07,0.0032943582740107987,5387379.125020097
2022-08-24,False,0.0008390582796782379,6.229445600128697e-07,0.000838435335118225,5391896.094042192
2022-08-25,False,-6.253356557821826e-05,1.177984735989346e-06,-6.37115503142076e-05,5391552.567982907
2022-08-26,False,-0.002854969454448731,1.554059433432259e-06,-0.002856523513882163,5376151.471296132
2022-08-29,False,0.0025752723587981045,1.3971897959388357e-06,0.0025738751690021658,5389989.014072895
2022-08-30,False,-0.0030501929618702277,8.844286653804934e-07,-0.0030510773905356083,5373543.740456822
2022-08-31,False,-0.0019280242127674059,9.680815807966148e-07,-0.0019289922943482025,5363178.215988138
2022-09-01,False,-0.0027829713627877894,1.1904749514960872e-06,-0.0027841618377392853,5348246.259870188
2022-09-02,False,0.004565723354683637,7.574953781083749e-07,0.004564965859305529,5372660.821453653
2022-09-06,False,-0.0015731958719300838,1.7499523297695997e-06,-0.0015749458242598534,5364199.17172774
2022-09-07,False,-0.005408200865204736,4.338764767166922e-06,-0.005412539629971903,5335165.231127702
2022-09-08,False,0.0007961379148694001,1.752581717434254e-06,0.0007943853331519659,5339403.408137253
2022-09-09,False,-0.00024837090242657594,9.222503052889464e-07,-0.0002492931527318649,5338072.331427931
2022-09-12,False,0.001498949798724329,5.939823868840038e-07,0.001498355816337445,5346070.663153756
2022-09-13,False,0.002257516210961748,3.73032602669561e-06,0.0022537858849350522,5358119.561754238
2022-09-14,False,-0.0036178911521112258,4.4023123279002264e-07,-0.0036183313833440156,5338732.109588234
2022-09-15,False,-0.007437000821495027,1.8877294412703444e-06,-0.007438888550936298,5299017.876421702
2022-09-16,False,-0.00141353364831764,1.5632874847420763e-06,-0.0014150969358023822,5291519.2524620155
2022-09-19,False,0.0039573354531218675,1.5144509009041713e-06,0.003955821002220963,5312451.5554545615
2022-09-20,False,-0.002056935925791904,9.280649577850797e-07,-0.002057863990749689,5301519.252695989
2022-09-21,False,0.0012524025768889276,5.643883417399965e-07,0.0012518381885471875,5308155.896953831
2022-09-22,False,-0.0007578169092383628,1.3656943711663345e-06,-0.0007591826036095292,5304126.0373396175
2022-09-23,False,-0.0007411530676491654,2.9690593720698295e-06,-0.0007441221270212352,5300179.119790724
2022-09-26,False,0.0007222590875378965,3.851841457913605e-06,0.0007184072460799829,5303986.806875902
2022-09-27,False,0.00043952759588367085,7.498015340211134e-07,0.00043877779434964975,5306314.078508283
2022-09-28,False,0.0013926017750278824,5.541050485762644e-06,0.0013870607245421197,5313674.258358667
2022-09-29,False,0.003061292845530542,1.550039401215661e-06,0.0030597428061293263,5329932.734944795
2022-09-30,False,-0.0005463722951430305,1.256732818756129e-07,-0.0005464979684249061,5327019.937533306
2022-10-03,False,0.0035045865305496694,4.046582822105183e-06,0.0035005399477275644,5345667.383626982
2022-10-04,False,-0.0010360236213396202,3.0705105178694683e-06,-0.0010390941318574897,5340112.732017793
2022-10-05,False,0.004710631711926955,3.4768498886690315e-06,0.004707154862038286,5365249.469628143
2022-10-06,False,0.0063530278927989535,2.9573737400071658e-06,0.006350070519058946,5399319.182112625
2022-10-07,False,-0.0016408768724001394,1.9566901663738286e-06,-0.0016428335625665133,5390448.999345241
2022-10-10,False,-0.003183334708155875,2.0094202588534782e-06,-0.0031853441284147286,5373278.564275657
2022-10-11,False,0.0013026145750754117,6.071067447264294e-07,0.0013020074683306852,5380274.613095766
2022-10-12,False,0.0012400464818228159,8.156629536611032e-07,0.0012392308188691548,5386942.015210293
2022-10-13,False,-0.0055198861887328305,2.3523950265634532e-07,-0.005520121428235487,5357205.441159469
2022-10-14,False,0.0006886941626031845,2.8132801499490823e-06,0.0006858808824532354,5360879.845954935
2022-10-17,False,-0.00578688200116696,2.7648528771561794e-06,-0.005789646854044116,5329842.2448198935
2022-10-18,False,-0.00236009150643505,1.4884977398005456e-06,-0.0023615800041748504,5317255.395949121
2022-10-19,False,-0.003379003514112007,2.471518522123434e-06,-0.0033814750326341303,5299275.22958558
2022-10-20,False,-0.0018101177197775164,5.540069980374679e-07,-0.0018106717267755538,5289679.981754967
2022-10-21,False,0.003650503558890039,2.432869394764434e-06,0.0036480706894952745,5308977.108253217
2022-10-24,False,-0.002114531343490825,3.531686768184772e-07,-0.0021148845121676434,5297749.234791519
2022-10-25,False,-0.002460573316622028,2.2320632692175713e-06,-0.0024628053798912454,5284701.90947476
2022-10-26,False,-0.0034484166870911493,2.7296769490261915e-06,-0.0034511463640401756,5266463.62969484
2022-10-27,False,-0.0012617533819955183,1.2290536260653462e-06,-0.0012629824356215837,5259812.178632695
2022-10-28,False,-0.0009319316459681584,2.2357388300958956e-06,-0.0009341673847982543,5254898.633645252
2022-10-31,False,0.0011554965494863546,1.9468343480473214e-06,0.0011535497151383073,5260960.420467174
2022-11-01,False,0.001651525577892188,1.422967296304714e-06,0.0016501026105958832,5269641.54499123
2022-11-02,False,0.0008754806297582973,1.6226659490999746e-06,0.0008738579638091973,5274246.46322174
2022-11-03,False,0.002799515925571844,2.242137113847159e-06,0.0027972737884579967,5288999.974607177
2022-11-04,False,0.005577287194789247,4.163280603406275e-06,0.00557312391418584,5318476.226847789
2022-11-07,False,-0.002432059214087314,3.6289244492897223e-07,-0.002432422106532243,5305539.447700539
2022-11-08,False,0.004783377338695636,3.0380838311538374e-06,0.004780339254864482,5330901.726190613
2022-11-09,False,-0.0020688000451248717,8.583868191704008e-07,-0.002069658431944042,5319868.580483138
2022-11-10,False,-0.001683171869493412,8.370226551624074e-06,-0.001691542096045036,5310869.798833823
2022-11-11,False,-0.0016991348709959556,1.50269747384571e-06,-0.0017006375684698012,5301837.934132674
2022-11-14,False,0.0021458769882885943,6.911671212365134e-07,0.0021451858211673576,5313211.361695102
2022-11-15,False,-0.0012994452149745056,1.860843862156736e-06,-0.0013013060588366624,5306297.247558249
2022-11-16,False,-0.003439305253042337,1.4367237895026863e-06,-0.0034407419768318396,5288039.647877028
2022-11-17,False,0.0003609639608782144,2.162392127559615e-06,0.00035880156875065476,5289937.0047983015
2022-11-18,False,-0.002251039801734536,9.022041978477142e-07,-0.0022519420059323838,5278024.37344846
2022-11-21,False,-0.0008166509835790919,7.962005458185678e-07,-0.0008174471841249104,5273709.867286642
2022-11-22,False,-0.0022547060820584616,1.2854472921513678e-06,-0.002255991529350613,5261812.422497791
2022-11-23,False,-0.006111994450443694,3.6000041301913615e-06,-0.006115594454573886,5229633.311625755
2022-11-25,False,0.0014828235387060334,3.5067608612736337e-07,0.0014824728626199061,5237386.101091694
2022-11-28,False,0.0016091094967246161,1.684105174249856e-06,0.0016074253915503663,5245804.808495942
2022-11-29,False,0.0022002819572446443,8.647409101022741e-07,0.0021994172163345422,5257342.521905278
2022-11-30,False,0.0023522456018616297,2.847010731837865e-06,0.0023493985911297918,5269694.115019329
2022-12-01,False,0.0007510218210103557,4.138728694607518e-06,0.0007468830923157482,5273629.960455514
2022-12-02,False,-0.0015258097444195333,4.1965090155526855e-07,-0.0015262293953210886,5265581.19138982
2022-12-05,False,-0.0031187491843614815,3.1462706263432756e-06,-0.0031218954549878247,5249142.597400551
2022-12-06,False,0.0007174139102928841,7.140567108317314e-07,0.0007166998535820524,5252904.65713154
2022-12-07,False,0.001823798725110428,1.8871912638307177e-06,0.0018219115338465974,5262474.984712564
2022-12-08,False,-0.0006408867770005278,5.509314362870388e-07,-0.0006414377084368149,5259099.434817663
2022-12-09,False,0.0036711420417105413,1.2884130457489347e-06,0.0036698536286647924,5278399.559962039
2022-12-12,False,-0.0024914522378504493,9.639152685989583e-07,-0.002492416153119048,5265243.5916361725
2022-12-13,False,0.0037620738834854076,2.7433582641024775e-06,0.003759330525221305,5285037.382592936
2022-12-14,False,-0.0008815891548000105,3.11915477152383e-07,-0.0008819010702771629,5280376.502468773
2022-12-15,False,0.0012991790671115927,2.991250651916605e-06,0.001296187816459676,5287220.862157593
2022-12-16,False,0.005134282680704994,1.0148157020877513e-06,0.005133267865002906,5314361.583104479
2022-12-19,False,-0.00180463256236241,6.920209372442698e-07,-0.001805324583299654,5304767.435493957
2022-12-20,False,0.005038738079253556,1.9163017170355927e-06,0.005036821777536521,5331486.60363782
2022-12-21,False,0.00041007459167887264,3.4420687827403653e-07,0.0004097303848005986,5333671.075695487
2022-12-22,False,-0.0016435347716092015,1.743168906768594e-06,-0.0016452779405159701,5324895.704332678
2022-12-23,False,-0.0001899488987897518,5.314792768749826e-07,-0.00019048037806662678,5323881.41618575
2022-12-27,False,-0.0008782647630652514,1.552743081692551e-06,-0.000879817506146944,5319197.372115139
2022-12-28,False,0.0029867974982215107,1.908167772899469e-06,0.0029848893304486113,5335074.587597717
2022-12-29,False,-5.723044500619608e-05,1.2872019263046737e-06,-5.8517646932500756e-05,5334762.391586641
2022-12-30,False,0.0005281025347955948,6.913959465483649e-07,0.0005274111388490464,5337576.004695077
2023-01-03,False,0.006540315742339115,3.030745947004976e-07,0.006540012667744415,5372483.819380832
2023-01-04,False,0.0008919770907837299,1.9369351466867606e-06,0.0008900401556370431,5377265.545715592
2023-01-05,False,-0.0005418844924716294,2.2281881693605733e-06,-0.00054411268064099,5374339.707344993
2023-01-06,False,0.0014491690165289114,4.2936392937222014e-06,0.0014448753772351892,5382104.958457033
2023-01-09,False,-0.0005888234710428889,9.007264570384394e-07,-0.0005897241974999273,5378931.000929547
2023-01-10,False,0.0034748697209974213,1.0690028828362063e-06,0.003473800718114585,5397616.335303265
2023-01-11,False,-0.005538854111780224,2.239260585739311e-06,-0.005541093372365963,5367707.639201141
2023-01-12,False,0.0012027441136730286,2.6755726563490455e-06,0.0012000685410166795,5374149.256276322
2023-01-13,False,0.0042934339139780635,1.3632994580358298e-06,0.004292070614520028,5397215.48437723
2023-01-17,False,-0.00385984107840498,4.810896274881904e-07,-0.0038603221680324684,5376380.49379724
2023-01-18,False,0.00026824197240187436,1.432655100676014e-06,0.00026680931730119835,5377814.962206342
2023-01-19,False,0.005212025294813479,1.766873469121466e-06,0.005210258421344358,5405834.767901609
2023-01-20,False,-0.000926546759050305,9.002585915219852e-07,-0.000927447017641827,5400821.142568254
2023-01-23,False,-0.0018334499425718563,6.227891370101935e-07,-0.0018340727317088664,5390915.643781832
2023-01-24,False,0.001961335984030725,4.410243337761161e-07,0.001960894959696949,5401486.663095876
2023-01-25,True,-0.0074076022564583,0.0005,-0.0079076022564583,5358773.85497055
2023-01-26,True,0.0578360563502438,0.0,0.0578360563502438,5668704.20161484
2023-01-27,True,0.0286594234794366,0.0,0.0286594234794366,5831165.995908581
2023-01-30,True,-0.0600085426504083,0.0,-0.0600085426504083,5481246.222541491
2023-01-31,True,0.0446876006117373,0.0,0.0446876006117373,5726189.964589018
2023-02-01,True,0.0646006734642061,0.0,0.0646006734642061,6096105.692685447
2023-02-02,True,0.1033209926340263,0.0,0.1033209926340263,6725961.384055647
2023-02-03,True,-0.0516536053437228,0.0,-0.0516536053437228,6378541.229166517
2023-02-06,True,-0.0254702104370216,0.0,-0.0254702104370216,6216078.441778428
2023-02-07,True,0.0619219104746966,0.0,0.0619219104746966,6600989.894553923
2023-02-08,True,-0.053767618575361,0.0,-0.053767618575361,6246070.387683735
2023-02-09,True,-0.0268107013534534,0.0,-0.0268107013534534,6078608.859886898
2023-02-10,True,-0.0205590619972381,0.0,-0.0205590619972381,5953638.363479522
2023-02-13,True,0.0474391488427596,0.0,0.0474391488427596,6236073.899960591
2023-02-14,True,0.0216432602442495,0.0,0.0216432602442495,6371042.87027981
2023-02-15,True,0.0223616188996851,0.0,0.0223616188996851,6513509.702938564
2023-02-16,True,-0.0571757573124057,0.0,-0.0571757573124057,6141094.852911349
2023-02-17,True,-0.0215710474371898,0.0,-0.0215710474371898,6008625.004522916
2023-02-21,True,-0.0702993203597708,0.0,-0.0702993203597708,5586222.75040823
2023-02-22,True,0.0008947448186178,0.0,0.0008947448186178,5591220.994269803
2023-02-23,True,0.025033478532044,0.0,0.025033478532044,5731188.7049977705
2023-02-24,True,-0.0505886155904441,0.0,-0.0505886155904441,5441255.802724343
2023-02-27,True,0.0215891591536372,0.0,0.0215891591536372,5558727.940245011
2023-02-28,True,-0.0049459733984542,0.0,-0.0049459733984542,5531234.619723315
2023-03-01,True,-0.0244013273971636,0.0,-0.0244013273971636,5396265.152856921
2023-03-02,True,0.0240852193561436,0.0,0.0240852193561436,5526235.382767394
2023-03-03,True,0.0610584144987755,0.0,0.0610584144987755,5863658.553386205
2023-03-06,True,0.0042627297373625,0.0,0.0042627297373625,5888653.745071465
2023-03-07,True,-0.0373514139187937,0.0,-0.0373514139187937,5668704.2016148465
2023-03-08,True,0.0136682420533196,0.0,0.0136682420533196,5746185.4227711875
2023-03-09,True,-0.0526315243705111,0.0,-0.0526315243705111,5443754.92465513
2023-03-10,True,-0.0413223562643741,0.0,-0.0413223562643741,5218806.144242589
2023-03-13,True,0.0215516519584038,0.0,0.0215516519584038,5331280.037901686
2023-03-14,True,0.0679795214620799,0.0,0.0679795214620799,5693697.903658582
2023-03-15,True,0.0144864466998877,0.0,0.0144864466998877,5776179.354865194
2023-03-16,True,0.079186413460687,0.0,0.079186413460687,6233574.281482633
2023-03-17,True,-0.0148356984925968,0.0,-0.0148356984925968,6141094.852911351
2023-03-20,True,0.0105820080151388,0.0,0.0105820080151388,6206079.967866587
2023-03-21,True,0.0422875759993022,0.0,0.0422875759993022,6468520.046165492
2023-03-22,True,-0.0408083979427342,0.0,-0.0408083979427342,6204550.106021017
2023-03-23,True,0.0356564329449846,0.0,0.0356564329449846,6425782.2308301525
2023-03-24,True,0.010172143733101,0.0,0.010172143733101,6491146.211279764
2023-03-27,True,-0.020526572937052,0.0,-0.020526572937052,6357905.225128861
2023-03-28,True,-0.0166073998034399,0.0,-0.0166073998034399,6252316.9511427665
2023-03-29,True,0.0546841315554584,0.0,0.0546841315554584,6594219.473825481
2023-03-30,True,0.0270683750714506,0.0,0.0270683750714506,6772714.279846453
2023-03-31,True,0.0489976296258716,0.0,0.0489976296258716,7104561.225692221
2023-04-03,True,-0.0070769855705172,0.0,-0.0070769855705172,7054282.348413141
2023-04-04,True,-0.0099786924044344,0.0,-0.0099786924044344,6983889.834724296
2023-04-05,True,-0.032037467435796,0.0,-0.032037467435796,6760143.69156913
2023-04-06,True,0.0200818213021996,0.0,0.0200818213021996,6895899.689160414
2023-04-10,True,-0.002187402769198,0.0,-0.002187402769198,6880815.579084232
2023-04-11,True,-0.0193642712428264,0.0,-0.0193642712428264,6747573.5998389805
2023-04-12,True,-0.0264531104155806,0.0,-0.0264531104155806,6569079.290365183
2023-04-13,True,0.0574052703511398,0.0,0.0574052703511398,6946179.06298667
2023-04-14,True,-0.0057907088310561,0.0,-0.0057907088310561,6905955.762544536
2023-04-17,True,0.0010922525993217,0.0,0.0010922525993217,6913498.810676976
2023-04-18,True,0.0007271345139956,0.0,0.0007271345139956,6918525.854274687
2023-04-19,True,-0.0021801773740119,0.0,-0.0021801773740119,6903442.240745681
2023-04-20,True,-0.0233068038429123,0.0,-0.0233068038429123,6742545.066599747
2023-04-21,True,0.0018645157351562,0.0,0.0018645157351562,6755116.647971422
2023-04-24,True,-0.0059547143565223,0.0,-0.0059547143565223,6714891.8578877635
2023-04-25,True,-0.0565331205627083,0.0,-0.0565331205627083,6335278.066920247
2023-04-26,True,0.0166667149998396,0.0,0.0166667149998396,6440866.340906341
2023-04-27,True,0.0807962466082834,0.0,0.0807962466082834,6961264.166157202
2023-04-28,True,0.0202239178004157,0.0,0.0202239178004157,7102048.200440545
2023-05-01,True,-0.0028318098742021,0.0,-0.0028318098742021,7081936.550219479
2023-05-02,True,-0.0266241276691577,0.0,-0.0266241276691577,6893386.167361561
2023-05-03,True,-0.0196937311855863,0.0,-0.0196937311855863,6757629.673223104
2023-05-04,True,-0.0111606526154289,0.0,-0.0111606526154289,6682210.115936547
2023-05-05,True,0.0613243229425819,0.0,0.0613243229425819,7091992.127056427
2023-05-08,True,0.008153058806108,0.0,0.008153058806108,7149813.555920774
2023-05-09,True,-0.0193388986032562,0.0,-0.0193388986032562,7011544.036530635
2023-05-10,True,0.032269591943685,0.0,0.032269591943685,7237803.701484657
2023-05-11,True,0.0083362227335861,0.0,0.0083362227335861,7298139.645242207
2023-05-12,True,-0.0103340797727438,0.0,-0.0103340797727438,7222720.087955649
2023-05-15,True,0.0153150488086359,0.0,0.0153150488086359,7333336.398633805
2023-05-16,True,0.0037709582318232,0.0,0.0037709582318232,7360990.103892962
2023-05-17,True,0.0358606568435504,0.0,0.0358606568435504,7624960.044037439
2023-05-18,True,0.053742054470957,0.0,0.053742054470957,8034741.062062969
2023-05-19,True,-0.0068835336560447,0.0,-0.0068835336560447,7979433.651544656
2023-05-22,True,0.0103969299009822,0.0,0.0103969299009822,8062395.263869304
2023-05-23,True,-0.038665406739469,0.0,-0.038665406739469,7750659.471697429
2023-05-24,True,-0.0162179009565567,0.0,-0.0162179009565567,7624960.044037443
2023-05-25,True,0.0722058264922884,0.0,0.0722058264922884,8175526.585987842
2023-05-26,True,0.0756456534756397,0.0,0.0756456534756397,8793969.63709236
2023-05-30,True,0.0140081670265337,0.0,0.0140081670265337,8917157.032595016
2023-05-31,True,-0.0202991057964861,0.0,-0.0202991057964861,8736146.71858649
2023-06-01,True,0.036259157350406,0.0,0.036259157350406,9052912.03709195
2023-06-02,True,0.0224935368159877,0.0,0.0224935368159877,9256544.047290178
2023-06-05,True,0.0021729635654712,0.0,0.0021729635654712,9276658.180247119
2023-06-06,True,-0.0010841260164016,0.0,-0.0010841260164016,9266601.113768648
2023-06-07,True,-0.0510037575669501,0.0,-0.0510037575669501,8793969.637092363
2023-06-08,True,0.0343053510285575,0.0,0.0343053510285575,9095649.852427294
2023-06-09,True,0.0121611792161022,0.0,0.0121611792161022,9206263.680369576
2023-06-12,True,0.0510651187380404,0.0,0.0510651187380404,9676382.628341358
2023-06-13,True,0.0223434314117196,0.0,0.0223434314117196,9892586.21991126
2023-06-14,True,0.0213468500737248,0.0,0.0213468500737248,10103761.774789102
2023-06-15,True,0.0350834773275461,0.0,0.0350834773275461,10458236.871937843
2023-06-16,True,-0.0192308203620562,0.0,-0.0192308203620562,10257116.397349775
2023-06-20,True,-0.004901901458313,0.0,-0.004901901458313,10206837.02352352
2023-06-21,True,-0.0400772070942726,0.0,-0.0400772070942726,9797775.502354277
2023-06-22,True,0.0332046544939714,0.0,0.0332046544939714,10123107.25271945
2023-06-23,True,-0.0296459508510325,0.0,-0.0296459508510325,9822998.112645598
2023-06-26,True,-0.039538062928811,0.0,-0.039538062928811,9434615.795118226
2023-06-27,True,0.0494519022241692,0.0,0.0494519022241692,9901175.492941014
2023-06-28,True,0.0061132243901094,0.0,0.0061132243901094,9961703.600455215
2023-06-29,True,-0.0068354279454816,0.0,-0.0068354279454816,9893611.093280058
2023-06-30,True,0.0451185095009158,0.0,0.0451185095009158,10339996.079390582
2023-07-03,True,0.0068293030559176,0.0,0.0068293030559176,10410611.04621374
2023-07-05,True,-0.0007267001640656,0.0,-0.0007267001640656,10403045.653458433
2023-07-06,True,-0.0235152216362453,0.0,-0.0235152216362453,10158415.72922538
2023-07-07,True,-0.0101786538618331,0.0,-0.0101786538618331,10055016.731732994
2023-07-10,True,0.0007523998176384,0.0,0.0007523998176384,10062582.124488302
2023-07-11,True,0.0142857368438402,0.0,0.0142857368438402,10206333.524688272
2023-07-12,True,0.037064386042839,0.0,0.037064386042839,10584625.010529289
2023-07-13,True,0.0497974944613208,0.0,0.0497974944613208,11111712.81586628
2023-07-14,True,-0.0009079469263507,0.0,-0.0009079469263507,11101623.970368622
2023-07-17,True,0.0277148189419975,0.0,0.0277148189419975,11409303.468669528
2023-07-18,True,0.0238724513954653,0.0,0.0238724513954653,11681671.511181455
2023-07-19,True,0.0,0.0,0.0,11681671.511181455
2023-07-20,True,-0.0701638932297489,0.0,-0.0701638932297489,10862039.95852592
2023-07-21,True,-0.008822799870282,0.0,-0.008822799870282,10766206.35378884
2023-07-24,True,0.0039821711341987,0.0,0.0039821711341987,10809079.229955724
2023-07-25,True,0.0200654303717244,0.0,0.0200654303717244,11025968.056626853
2023-07-26,True,-0.0102930483464336,0.0,-0.0102930483464336,10912477.234353758
2023-07-27,True,-0.0085506853207107,0.0,-0.0085506853207107,10819168.07545338
2023-07-28,True,0.054079154971439,0.0,0.054079154971439,11404259.54246787
2023-07-31,True,0.0019903233848803,0.0,0.0019903233848803,11426957.706922488
2023-08-01,True,-0.0077245592611496,0.0,-0.0077245592611496,11338689.494940717
2023-08-02,True,-0.0653915227761509,0.0,-0.0653915227761509,10597235.322580596
2023-08-03,True,-0.0071394935303171,0.0,-0.0071394935303171,10521576.429555785
2023-08-04,True,-0.0139023704215488,0.0,-0.0139023704215488,10375301.576613463
2023-08-07,True,0.0247936146703002,0.0,0.0247936146703002,10632542.805992177
2023-08-08,True,-0.0256166406917381,0.0,-0.0256166406917381,10360172.77729155
2023-08-09,True,-0.0333496801350126,0.0,-0.0333496801350126,10014664.32902541
2023-08-10,True,0.0045328864077169,0.0,0.0045328864077169,10060059.6648403
2023-08-11,True,-0.0200552536255133,0.0,-0.0200552536255133,9858302.61677413
2023-08-14,True,0.0332565584222352,0.0,0.0332565584222352,10186155.833692953
2023-08-15,True,-0.0307005361321019,0.0,-0.0307005361321019,9873435.388473444
2023-08-16,True,-0.0332056874951468,0.0,-0.0332056874951468,9545581.17846027
2023-08-17,True,-0.0338177715716194,0.0,-0.0338177715716194,9222770.894648751
2023-08-18,True,-0.0046484818458855,0.0,-0.0046484818458855,9179899.011576215
2023-08-21,True,0.0483514614712476,0.0,0.0483514614712476,9623760.544944387
2023-08-22,True,-0.0044546920902669,0.0,-0.0044546920902669,9580889.6549662
2023-08-23,True,0.0471176402786541,0.0,0.0471176402786541,10032318.567278376
2023-08-24,True,-0.0658622778675283,0.0,-0.0658622778675283,9371567.214144725
2023-08-25,True,0.0236811803744811,0.0,0.0236811803744811,9593496.987734461
2023-08-28,True,0.0223451733487698,0.0,0.0223451733487698,9807865.340946289
2023-08-29,True,0.0637694199289473,0.0,0.0637694199289473,10433307.224479662
2023-08-30,True,0.0166788868342677,0.0,0.0166788868342677,10607323.174983907
2023-08-31,True,0.0090346643687724,0.0,0.0090346643687724,10703156.779720988
2023-09-01,True,-0.0035344659373071,0.0,-0.0035344659373071,10665326.836661406
2023-09-05,True,0.0026011477267542,0.0,0.0026011477267542,10693068.927317679
2023-09-06,True,-0.0264150435224763,0.0,-0.0264150435224763,10410611.046213744
2023-09-07,True,-0.0218022450246365,0.0,-0.0218022450246365,10183636.353328006
2023-09-08,True,0.0029715879447458,0.0,0.0029715879447458,10213897.92434923
2023-09-11,True,0.0340740552043077,0.0,0.0340740552043077,10561926.84607467
2023-09-12,True,-0.0319959689229458,0.0,-0.0319959689229458,10223987.76294124
2023-09-13,True,0.0098666528348194,0.0,0.0098666528348194,10324864.300785623
2023-09-14,True,0.0234488768508347,0.0,0.0234488768508347,10566970.772276325
2023-09-15,True,-0.0513125854639606,0.0,-0.0513125854639606,10024752.181428723
2023-09-18,True,0.0022640138983152,0.0,0.0022640138983152,10047448.359694643
2023-09-19,True,-0.006024029102583,0.0,-0.006024029102583,9986922.238369143
2023-09-20,True,-0.0433592923409326,0.0,-0.0433592923409326,9553896.357449533
2023-09-21,True,-0.0569535497271351,0.0,-0.0569535497271351,9009768.046167638
2023-09-22,True,0.00084288435091,0.0,0.00084288435091,9017362.238659082
2023-09-25,True,0.0131909834135566,0.0,0.0131909834135566,9136310.114383265
2023-09-26,True,-0.0445981620769315,0.0,-0.0445981620769315,8728847.475116892
2023-09-27,True,0.0060884835335617,0.0,0.0060884835335617,8781992.919236114
2023-09-28,True,0.0242073445164909,0.0,0.0242073445164909,8994581.647373447
2023-09-29,True,0.0022510449505677,0.0,0.0022510449505677,9014828.854973234
2023-10-02,True,0.0238630285931777,0.0,0.0238630285931777,9229949.973702066
2023-10-03,True,-0.0529200575158606,0.0,-0.0529200575158606,8741500.490225237
2023-10-04,True,0.0405327661473393,0.0,0.0405327661473393,9095817.68537239
2023-10-05,True,-0.0105732385187268,0.0,-0.0105732385187268,8999645.435462093
2023-10-06,True,0.0503374115807748,0.0,0.0503374115807748,9452664.29182799
2023-10-09,True,0.0147256969268454,0.0,0.0147256969268454,9591861.361340662
2023-10-10,True,0.0163587532717093,0.0,0.0163587532717093,9748772.254767276
2023-10-11,True,0.0212875953923583,0.0,0.0212875953923583,9956300.174099011
2023-10-12,True,-0.0116930441503708,0.0,-0.0116930441503708,9839880.716588927
2023-10-13,True,-0.0378085896435959,0.0,-0.0378085896435959,9467848.704433484
2023-10-16,True,0.0336808904426777,0.0,0.0336808904426777,9786734.279375356
2023-10-17,True,-0.0095680394139376,0.0,-0.0095680394139376,9693094.42005656
2023-10-18,True,-0.0422977436497342,0.0,-0.0422977436497342,9283098.39710434
2023-10-19,True,-0.0267175172369525,0.0,-0.0267175172369525,9035077.055667378
2023-10-20,True,-0.0450979698181032,0.0,-0.0450979698181032,8627613.423306653
2023-10-23,True,0.0088001218287152,0.0,0.0088001218287152,8703537.47252281
2023-10-24,True,0.0282057663007517,0.0,0.0282057663007517,8949027.416462624
2023-10-25,True,-0.0732465041499209,0.0,-0.0732465041499209,8293542.442664939
2023-10-26,True,-0.0582850060224784,0.0,-0.0582850060224784,7810153.271446532
2023-10-27,True,0.0142579991957492,0.0,0.0142579991957492,7921510.430509495
2023-10-30,True,0.0322682839317132,0.0,0.0322682839317132,8177123.978249203
2023-10-31,False,-0.0008032873340196416,0.0005007761693602322,-0.0013040635033798736,8166460.489306556
2023-11-01,False,-0.00043955950022233833,1.3058279643176908e-06,-0.00044086532818665605,8162860.180022814
2023-11-02,False,-0.0006404806754456028,1.2924143204893491e-06,-0.0006417730897660921,8157621.476023752
2023-11-03,False,-0.0045339407563734675,3.1770812387189594e-06,-0.0045371178376121864,8120609.386112397
2023-11-06,False,0.0004045725570767638,2.125044838996129e-06,0.00040244751223776767,8123877.505157691
2023-11-07,False,-0.0029789024105920533,1.0209289181552644e-06,-0.0029799233395102083,8099668.97297275
2023-11-08,False,-0.005289486356923691,1.23464249100734e-06,-0.005290720999414698,8056815.884249135
2023-11-09,False,0.003630526741486187,1.8087524343050055e-06,0.003628717989051882,8086051.7969827885
2023-11-10,False,-0.002259917399304079,1.4449044979165104e-06,-0.0022613623038019955,8067766.304262501
2023-11-13,False,0.002806906821534206,4.6650835809639027e-07,0.00280644031317611,8090408.008856066
2023-11-14,True,0.0628713030442806,0.0005,0.062371303044280596,8595017.298528302
2023-11-15,True,0.0027946711719644,0.0,0.0027946711719644,8619037.545595035
2023-11-16,True,0.0016254537842854,0.0,0.0016254537842854,8633047.39279042
2023-11-17,True,0.0006957265087903,0.0,0.0006957265087903,8639053.632713228
2023-11-20,True,0.0356812211253079,0.0,0.0356812211253079,8947305.615695465
2023-11-21,True,-0.0181208891476394,0.0,-0.0181208891476394,8785172.482463395
2023-11-22,True,0.0116197752897388,0.0,0.0116197752897388,8887254.212591216
2023-11-24,True,-0.0049547336915705,0.0,-0.0049547336915705,8843220.234718539
2023-11-27,True,-0.0029427190308176,0.0,-0.0029427190308176,8817197.122240122
2023-11-28,True,0.0079455057406379,0.0,0.0079455057406379,8887254.212591216
2023-11-29,True,-0.0036035230283804,0.0,-0.0036035230283804,8855228.787377072
2023-11-30,True,-0.0083633840754483,0.0,-0.0083633840754483,8781169.10795227
2023-12-01,True,0.0084339201892527,0.0,0.0084339201892527,8855228.787377072
2023-12-04,True,-0.0284809722390747,0.0,-0.0284809722390747,8603023.262113132
2023-12-05,True,0.0072127117265314,0.0,0.0072127117265314,8665074.388879396
2023-12-06,True,-0.0177869908387874,0.0,-0.0177869908387874,8510948.790106988
2023-12-07,True,0.0418624696438285,0.0,0.0418624696438285,8867238.12547302
2023-12-08,True,0.011963980153689,0.0,0.011963980153689,8973325.586424215
2023-12-11,True,0.0254294627866025,0.0,0.0254294627866025,9201512.435496258
2023-12-12,True,0.0241462674295767,0.0,0.0241462674295767,9423694.615520326
2023-12-13,True,0.0352589814603592,0.0,0.0352589814603592,9755964.489257043
2023-12-14,True,-0.0016413254296594,0.0,-0.0016413254296594,9739951.77664997
2023-12-15,True,0.0119195153294917,0.0,0.0119195153294917,9856047.28116026
2023-12-18,True,0.0209179086362796,0.0,0.0209179086362796,10062215.177702423
2023-12-19,True,0.0149194791651217,0.0,0.0149194791651217,10212338.187401125
2023-12-20,True,-0.0444318122999025,0.0,-0.0444318122999025,9758585.493915392
2023-12-21,True,0.0331685339070004,0.0,0.0331685339070004,10082263.467754688
2023-12-22,True,0.0039878487079221,0.0,0.0039878487079221,10122470.009097503
2023-12-26,True,0.0182722498260936,0.0,0.0182722498260936,10307430.309960874
2023-12-27,True,0.0052661810726857,0.0,0.0052661810726857,10361711.104367215
2023-12-28,True,-0.002522308310443,0.0,-0.002522308310443,10335575.67433826
2023-12-29,True,-0.0138104656233153,0.0,-0.0138104656233153,10192836.561790638
2024-01-02,True,-0.0506903067624217,0.0,-0.0506903067624217,9676158.549694242
2024-01-03,True,-0.0319967966107583,0.0,-0.0319967966107583,9366552.472606227
2024-01-04,True,-0.0167415929988665,0.0,-0.0167415929988665,9209741.463307329
2024-01-05,True,0.0037108482356713,0.0,0.0037108482356713,9243917.41616743
2024-01-08,True,0.060243605030209,0.0,0.060243605030209,9800804.325918892
2024-01-09,True,0.0065640349833966,0.0,0.0065640349833966,9865137.14837965
2024-01-10,True,0.0197677478323143,0.0,0.0197677478323143,10060148.691860016
2024-01-11,True,0.0047960941695874,0.0,0.0047960941695874,10108398.112346228
2024-01-12,True,0.0011932615107543,0.0,0.0011932615107543,10120460.074749075
2024-01-16,True,-0.0005958032540775,0.0,-0.0005958032540775,10114430.27170378
2024-01-17,True,-0.0172929436567754,0.0,-0.0172929436567754,9939521.998894824
2024-01-18,True,0.0428804655323371,0.0,0.0428804655323371,10365733.329376338
2024-01-19,True,0.0577966784674741,0.0,0.0577966784674741,10964838.285693882
2024-01-22,True,0.0040336907120315,0.0,0.0040336907120315,11009067.052045813
2024-01-23,True,0.0118699567844391,0.0,0.0118699567844391,11139744.20219059
2024-01-24,True,0.0164230697150236,0.0,0.0164230697150236,11322692.997830696
2024-01-25,True,0.002840845240424,0.0,0.002840845240424,11354859.016342366
2024-01-26,True,-0.0184135654992037,0.0,-0.0184135654992037,11145775.576110724
2024-01-29,True,0.0294011507531113,0.0,0.0294011507531113,11473474.204084301
2024-01-30,True,-0.0199753541801198,0.0,-0.0199753541801198,11244287.49318125
2024-01-31,True,-0.0588237348592018,0.0,-0.0588237348592018,10582856.507001717
2024-02-01,True,0.0353344755963371,0.0,0.0353344755963371,10956796.191987908
2024-02-02,True,0.0502752379599924,0.0,0.0502752379599924,11507651.727819238
2024-02-05,True,-0.0050663202119407,0.0,-0.0050663202119407,11449350.279278614
2024-02-06,True,-0.0057946618369699,0.0,-0.0057946618369699,11383005.166157179
2024-02-07,True,0.0298481262948016,0.0,0.0298481262948016,11722766.541971015
2024-02-08,True,0.0041158061858566,0.0,0.0041158061858566,11771015.177019814
2024-02-09,True,0.029376762786262,0.0,0.029376762786262,12116809.497628614
2024-02-12,True,-0.0117802555677348,0.0,-0.0117802555677348,11974070.385080993
2024-02-13,True,-0.0473473506041089,0.0,-0.0473473506041089,11407129.876400286
2024-02-14,True,0.0317237500639491,0.0,0.0317237500639491,11769006.813546216
2024-02-15,True,0.0083703194123658,0.0,0.0083703194123658,11867517.159741906
2024-02-16,True,-0.027443709517436,0.0,-0.027443709517436,11541828.466116762
2024-02-20,True,-0.0231665970047318,0.0,-0.0231665970047318,11274443.577344492
2024-02-21,True,-0.0124822788910679,0.0,-0.0124822788910679,11133712.828270469
2024-02-22,True,0.0864933237155802,0.0,0.0864933237155802,12096704.656082375
2024-02-23,True,-0.0091407616520053,0.0,-0.0091407616520053,11986131.562046424
2024-02-26,True,-0.0013417687311269,0.0,-0.0013417687311269,11970048.945509296
2024-02-27,True,0.0062143134327359,0.0,0.0062143134327359,12044434.58146188
2024-02-28,True,-0.0161910737775881,0.0,-0.0161910737775881,11849422.252544098
2024-02-29,True,0.0240923629290197,0.0,0.0240923629290197,12134902.833951594
2024-03-01,True,0.0458913365332747,0.0,0.0458913365332747,12691789.743703054
2024-03-04,True,-0.0118801543250426,0.0,-0.0118801543250426,12541009.32288687
2024-03-05,True,-0.0535429176000291,0.0,-0.0535429176000291,11869527.094090343
2024-03-06,True,0.0184620879994938,0.0,0.0184620879994938,12088663.347813815
2024-03-07,True,0.0445700878988004,0.0,0.0445700878988004,12627456.135804884
2024-03-08,True,-0.0437827444258318,0.0,-0.0437827444258318,12074591.451062538
2024-03-11,True,-0.011655244860187,0.0,-0.011655244860187,11933859.131113682
2024-03-12,True,0.0424530183227456,0.0,0.0424530183227456,12440487.471467918
2024-03-13,True,-0.0232708284758395,0.0,-0.0232708284758395,12150987.021363556
2024-03-14,True,-0.0081071888252776,0.0,-0.0081071888252776,12052476.675167866
2024-03-15,True,-0.0365305189214699,0.0,-0.0365305189214699,11612193.44793507
2024-03-18,True,0.0282203530554068,0.0,0.0282203530554068,11939893.64678348
2024-03-19,True,0.0069033590905158,0.0,0.0069033590905158,12022319.020129796
2024-03-20,True,0.0354954458317029,0.0,0.0354954458317029,12449056.593680264
2024-03-21,True,0.0129659992129889,0.0,0.0129659992129889,12610471.051676378
2024-03-22,True,0.0020799922866823,0.0,0.0020799922866823,12636700.734195294
2024-03-25,True,-0.010218759787511,0.0,-0.010218759787511,12507569.324885888
2024-03-26,True,-0.0093562456858483,0.0,-0.0093562456858483,12390545.433349477
2024-03-27,True,0.0087932789294484,0.0,0.0087932789294484,12499498.955432922
2024-03-28,True,-0.0062953761456613,0.0,-0.0062953761456613,12420809.907876171
2024-04-01,True,0.006172869952945,0.0,0.006172869952945,12497481.952147743
2024-04-02,True,-0.0268001877636497,0.0,-0.0268001877636497,12162547.08925736
2024-04-03,True,0.0066356854108817,0.0,0.0066356854108817,12243253.925536707
2024-04-04,True,-0.0471324526797083,0.0,-0.0471324526797083,11666199.339245694
2024-04-05,True,0.0352819379949969,0.0,0.0352819379949969,12077805.460970234
2024-04-08,True,0.0006682633626171,0.0,0.0006682633626171,12085876.615860617
2024-04-09,True,0.0103505149359734,0.0,0.0103505149359734,12210971.662287416
2024-04-10,True,-0.0262722382188134,0.0,-0.0262722382188134,11890162.105892621
2024-04-11,True,0.0470047828456994,0.0,0.0470047828456994,12449056.593680268
2024-04-12,True,-0.0482981562147097,0.0,-0.0482981562147097,11847790.113592938
2024-04-15,True,-0.0502383899149322,0.0,-0.0502383899149322,11252576.214235976
2024-04-16,True,0.0001793179343272,0.0,0.0001793179343272,11254594.002958573
2024-04-17,True,-0.037110133673639,0.0,-0.037110133673639,10836934.515066246
2024-04-18,True,-0.0178736833316373,0.0,-0.0178736833316373,10643238.579258261
2024-04-19,True,-0.0619905296510183,0.0,-0.0619905296510183,9983458.58252789
2024-04-22,True,0.0291026480919736,0.0,0.0291026480919736,10274003.664395992
2024-04-23,True,0.0445797116251576,0.0,0.0445797116251576,10732015.784990577
2024-04-24,True,0.0097762370255181,0.0,0.0097762370255181,10836934.515066247
2024-04-25,True,-0.0160118730269724,0.0,-0.0160118730269724,10663414.895609392
2024-04-26,True,0.0459790417240855,0.0,0.0459790417240855,11153708.494015852
2024-04-29,True,0.0119393269300036,0.0,0.0119393269300036,11286876.266207865
2024-04-30,True,-0.0572041586955875,0.0,-0.0572041586955875,10641220.00509825
2024-05-01,True,-0.0216154314852697,0.0,-0.0216154314852697,10411205.443158368
2024-05-02,True,0.0370154691377695,0.0,0.0370154691377695,10796581.096926576
2024-05-03,True,0.0596150268875619,0.0,0.0596150268875619,11440219.569313597
2024-05-06,True,0.0328042900537244,0.0,0.0328042900537244,11815507.850343654
2024-05-07,True,0.0,0.0,0.0,11815507.850343654
2024-05-08,True,-0.0018783877387953,0.0,-0.0018783877387953,11793313.745269928
2024-05-09,True,0.0054746721653593,0.0,0.0054746721653593,11857878.271768508
2024-05-10,True,0.0068062447486001,0.0,0.0068062447486001,11938585.89348527
2024-05-13,True,0.0065912189011521,0.0,0.0065912189011521,12017275.726479439
2024-05-14,True,0.0186365375507855,0.0,0.0186365375507855,12241236.136814117
2024-05-15,True,0.0461514020278279,0.0,0.0461514020278279,12806186.3470818
2024-05-16,True,-0.0061446120979399,0.0,-0.0061446120979399,12727497.299525049
2024-05-17,True,-0.0022195284313594,0.0,-0.0022195284313594,12699248.257408703
2024-05-20,True,0.0206545777600311,0.0,0.0206545777600311,12961545.86803529
2024-05-21,True,0.0051371539821531,0.0,0.0051371539821531,13028131.32500613
2024-05-22,True,-0.0006195777526671,0.0,-0.0006195777526671,13020059.38467833
2024-05-23,True,-0.0148767924571325,0.0,-0.0148767924571325,12826362.66343293
2024-05-24,True,0.0280004869500807,0.0,0.0280004869500807,13185507.063807387
2024-05-28,True,0.0108645317013225,0.0,0.0108645317013225,13328761.423300134
2024-05-29,True,-0.0208899803404365,0.0,-0.0208899803404365,13050323.859205024
2024-05-30,True,-0.0321581996608197,0.0,-0.0321581996608197,12630648.93890235
2024-05-31,True,-0.0011183357691213,0.0,-0.0011183357691213,12616523.632406762
2024-06-03,True,0.0097554300695248,0.0,0.0097554300695248,12739603.246423213
2024-06-04,True,0.0074437001395089,0.0,0.0074437001395089,12834433.032885902
2024-06-05,True,0.0603677698546512,0.0,0.0603677698546512,13609219.132430092
2024-06-06,True,-0.0011857842098975,0.0,-0.0011857842098975,13593081.53527382
2024-06-07,True,-0.0037107693900702,0.0,-0.0037107693900702,13542640.744395997
2024-06-10,True,0.0105777905835948,0.0,0.0105777905835948,13685891.962139077
2024-06-11,True,0.0206399615071795,0.0,0.0206399615071795,13968368.245429046
2024-06-12,True,0.0394337892251488,0.0,0.0394337892251488,14519193.934638558
2024-06-13,True,0.0159810766153427,0.0,0.0159810766153427,14751226.285301035
2024-06-14,True,0.0144986615661673,0.0,0.0144986615661673,14965099.322897568
2024-06-17,True,0.0362679158843834,0.0,0.0362679158843834,15507852.28634186
2024-06-18,True,0.0005205573032396,0.0,0.0005205573032396,15515925.012107076
2024-06-20,True,-0.0235371157420217,0.0,-0.0235371157420217,15150724.889252584
2024-06-21,True,-0.0091889188844233,0.0,-0.0091889188844233,15011506.107205028
2024-06-24,True,-0.0338708793002701,0.0,-0.0338708793002701,14503053.19573262
2024-06-25,True,0.0333886850852138,0.0,0.0333886850852138,14987291.071659042
2024-06-26,True,0.0062571738490841,0.0,0.0062571738490841,15081069.157421239
2024-06-27,True,0.0072521774291913,0.0,0.0072521774291913,15190439.746772764
2024-06-28,True,-0.0157334227089391,0.0,-0.0157334227089391,14951442.13710212
2024-07-01,True,0.0163912069753142,0.0,0.0163912069753142,15196514.319750795
2024-07-02,True,0.0306545910354005,0.0,0.0306545910354005,15662357.251386363
2024-07-03,True,0.0245699600058892,0.0,0.0245699600058892,16047180.742650876
2024-07-05,True,0.0302915918860877,0.0,0.0302915918860877,16533275.392629545
2024-07-08,True,0.0066151797967559,0.0,0.0066151797967559,16642645.981981069
2024-07-09,True,0.0021906633134827,0.0,0.0021906633134827,16679104.415973077
2024-07-10,True,0.0313296163384275,0.0,0.0313296163384275,17201654.358194087
2024-07-11,True,-0.0657010916347453,0.0,-0.0657010916347453,16071486.888937159
2024-07-12,True,0.0162570014509944,0.0,0.0162570014509944,16332761.074610248
2024-07-15,True,0.0074404368313549,0.0,0.0074404368313549,16454283.951667497
2024-07-16,True,0.0007387394973306,0.0,0.0007387394973306,16466439.381122887
2024-07-17,True,-0.0879459418257588,0.0,-0.0879459418257588,15018282.86123327
2024-07-18,True,-0.0149697849203458,0.0,-0.0149697849203458,14793462.396927692
2024-07-19,True,-0.0271082917256889,0.0,-0.0271082917256889,14392436.902638769
2024-07-22,True,0.0436251616995844,0.0,0.0436251616995844,15020309.28976745
2024-07-23,True,-0.010787462710793,0.0,-0.010787462710793,14858278.263399506
2024-07-24,True,-0.1078247195330471,0.0,-0.1078247195330471,13256188.576904485
2024-07-25,True,-0.0333076185634568,0.0,-0.0333076185634568,12814656.5041797
2024-07-26,True,0.0286074823454187,0.0,0.0286074823454187,13181251.563885625
2024-07-29,True,0.0058390952429416,0.0,0.0058390952429416,13258218.147188328
2024-07-30,True,-0.0407883415469769,0.0,-0.0407883415469769,12717437.417096484
2024-07-31,True,0.0874340203075247,0.0,0.0874340203075247,13829374.098482573
2024-08-01,True,-0.0720560410822238,0.0,-0.0720560410822238,12832884.150300872
2024-08-02,True,-0.072916645627428,0.0,-0.072916645627428,11897153.284335546
2024-08-05,True,-0.0871638125909864,0.0,-0.0871638125909864,10860152.045093484
2024-08-06,True,0.0249907354397418,0.0,0.0249907354397418,11131555.231687788
2024-08-07,True,-0.0322053497114256,0.0,-0.0322053497114256,10773059.602619233
2024-08-08,True,0.0915586176727909,0.0,0.0915586176727909,11759426.047941634
2024-08-09,True,0.0136066308046223,0.0,0.0136066308046223,11919432.216650235
2024-08-12,True,0.0067969272119188,0.0,0.0067969272119188,12000447.729834206
2024-08-13,True,0.0727426667262705,0.0,0.0727426667262705,12873392.299611565
2024-08-14,True,0.0017306186121091,0.0,0.0017306186121091,12895671.231926255
2024-08-15,True,0.0752316691372601,0.0,0.0752316691372601,13865834.103349414
2024-08-16,True,0.0026292585678902,0.0,0.0026292585678902,13902290.966466589
2024-08-19,True,0.0387529715997605,0.0,0.0387529715997605,14441046.053461676
2024-08-20,True,-0.0061712199156835,0.0,-0.0061712199156835,14351927.182453252
2024-08-21,True,0.0136889652050333,0.0,0.0136889652050333,14548390.214279026
2024-08-22,True,-0.0480301425389225,0.0,-0.0480301425389225,13849628.95857534
2024-08-23,True,0.0314421573078771,0.0,0.0314421573078771,14285091.170946596
2024-08-26,True,-0.0293492748894649,0.0,-0.0293492748894649,13865834.103349416
2024-08-27,True,0.0084723574948766,0.0,0.0084723574948766,13983310.406837646
2024-08-28,True,-0.0338937677208172,0.0,-0.0338937677208172,13509363.331940204
2024-08-29,True,-0.0052473878178554,0.0,-0.0052473878178554,13438474.463365199
2024-08-30,True,0.0340619287179049,0.0,0.0340619287179049,13896214.822613731
2024-09-03,True,-0.0912402925426537,0.0,-0.0912402925426537,12628320.116962893
2024-09-04,True,-0.008500334586116,0.0,-0.008500334586116,12520975.170708131
2024-09-05,True,0.0032350350069543,0.0,0.0032350350069543,12561480.963706577
2024-09-06,True,-0.0811027966966746,0.0,-0.0811027966966746,11542709.726897934
2024-09-09,True,0.0371996271068801,0.0,0.0371996271068801,11972094.224541495
2024-09-10,True,0.0268988548003219,0.0,0.0268988548003219,12294129.84874321
2024-09-11,True,0.063756094039389,0.0,0.063756094039389,13077955.547512144
2024-09-12,True,0.029580425569432,0.0,0.029580425569432,13464807.038185667
2024-09-13,True,0.0130864557032615,0.0,0.0130864557032615,13641013.639043847
2024-09-16,True,-0.013362844546193,0.0,-0.013362844546193,13458730.894332806
2024-09-17,True,0.0006019142202788,0.0,0.0006019142202788,13466831.895845013
2024-09-18,True,-0.0130847213339176,0.0,-0.0130847213339176,13290622.153237168
2024-09-19,True,0.0755867456992074,0.0,0.0755867456992074,14295217.030118158
2024-09-20,True,-0.0063758198616882,0.0,-0.0063758198616882,14204073.301450387
2024-09-23,True,0.0074149465911947,0.0,0.0074149465911947,14309395.746358056
2024-09-24,True,0.0141542787178967,0.0,0.0141542787178967,14511934.922036693
2024-09-25,True,0.003500386388014,0.0,0.003500386388014,14562732.301501537
2024-09-26,True,0.0212083327040946,0.0,0.0212083327040946,14871583.573232446
2024-09-27,True,-0.0172155675181902,0.0,-0.0172155675181902,14615560.822125055
2024-09-30,True,0.0077853933055247,0.0,0.0077853933055247,14729348.711506117
2024-10-01,True,-0.0423505464603841,0.0,-0.0423505464603841,14105552.74456828
2024-10-02,True,0.0037452286755554,0.0,0.0037452286755554,14158381.265191797
2024-10-03,True,-0.0022963357041535,0.0,-0.0022963357041535,14125868.868779518
2024-10-04,True,0.0352418131039711,0.0,0.0352418131039711,14623690.09938425
2024-10-07,True,-0.0329305267386845,0.0,-0.0329305267386845,14142124.281548241
2024-10-08,True,0.0433910648642752,0.0,0.0433910648642752,14755766.113567544
2024-10-09,True,0.0240979170035631,0.0,0.0240979170035631,15111349.340696285
2024-10-10,True,-0.0034959499269363,0.0,-0.0034959499269363,15058520.820072768
2024-10-11,True,0.0025636149443051,0.0,0.0025636149443051,15097125.069086237
2024-10-14,True,0.0255719489466266,0.0,0.0255719489466266,15483187.980593747
2024-10-15,True,-0.0398949475625559,0.0,-0.0398949475625559,14865487.008006763
2024-10-16,True,-0.0005468557642824,0.0,-0.0005468557642824,14857357.73074757
2024-10-17,True,0.0030088765983136,0.0,0.0030088765983136,14902061.68673639
2024-10-18,True,0.0177256605273634,0.0,0.0177256605273634,15166210.573353307
2024-10-21,True,0.005493117445138,0.0,0.005493117445138,15249520.349230431
2024-10-22,True,0.00293129313024,0.0,0.00293129313024,15294221.163469587
2024-10-23,True,-0.046233421393765,0.0,-0.046233421393765,14587116.99152946
2024-10-24,True,0.0238193414741336,0.0,0.0238193414741336,14934572.512273837
2024-10-25,True,0.016870637305385,0.0,0.016870637305385,15186528.268439382
2024-10-28,True,0.0009367409215208,0.0,0.0009367409215208,15200754.110924263
2024-10-29,True,0.0276700007864318,0.0,0.0276700007864318,15621358.989127895
2024-10-30,True,-0.0222425374601444,0.0,-0.0222425374601444,15273900.326633856
2024-10-31,True,-0.0760941301000156,0.0,-0.0760941301000156,14111646.168044306
2024-11-01,True,0.0213101994544546,0.0,0.0213101994544546,14412368.16251602
2024-11-04,True,-0.0093046778437317,0.0,-0.0093046778437317,14278265.719798554
2024-11-05,True,0.0379961343864021,0.0,0.0379961343864021,14820784.622892778
2024-11-06,True,0.081162763164575,0.0,0.081162763164575,16023680.4551538
2024-11-07,True,0.0467918084655214,0.0,0.0467918084655214,16773457.441924078
2024-11-08,True,0.0024226943781671,0.0,0.0024226943781671,16814094.40297105
2024-11-11,True,-0.0018128395453886,0.0,-0.0018128395453886,16783613.14771745
2024-11-12,True,-0.0054477405331175,0.0,-0.0054477405331175,16692180.378080465
2024-11-13,True,-0.0043823471036861,0.0,-0.0043823471036861,16619029.44974638
2024-11-14,True,-0.0211517132137193,0.0,-0.0211517132137193,16267508.504934989
2024-11-15,True,-0.0723207508908138,0.0,-0.0723207508908138,15091030.07473539
2024-11-18,True,0.0201966988273267,0.0,0.0201966988273267,15395819.064148951
2024-11-19,True,0.0200606216252092,0.0,0.0200606216252092,15704668.765005026
2024-11-20,True,-0.0011646024472555,0.0,-0.0011646024472555,15686379.069327964
2024-11-21,True,0.0098446187370815,0.0,0.0098446187370815,15840805.490630833
2024-11-22,True,0.003719928052831,0.0,0.003719928052831,15899732.147354871
2024-11-25,True,0.0046005672238063,0.0,0.0046005672238063,15972879.933939291
2024-11-26,True,0.0155196479829207,0.0,0.0155196479829207,16220773.407787487
2024-11-27,True,-0.0241763735226661,0.0,-0.0241763735226661,15828613.931054289
2024-11-29,True,0.0255455744938248,0.0,0.0255455744938248,16232964.967364028
2024-12-02,True,0.0324197214746688,0.0,0.0324197214746688,16759233.170314027
2024-12-03,True,0.0088505412923718,0.0,0.0088505412923718,16907561.455516376
2024-12-04,True,0.036534007237658,0.0,0.036534007237658,17525262.42810336
2024-12-05,True,-0.0082317090387187,0.0,-0.0082317090387187,17380999.566968024
2024-12-06,True,0.0257187491385766,0.0,0.0257187491385766,17828017.134608585
2024-12-09,True,-0.023364405691693,0.0,-0.023364405691693,17411476.109597135
2024-12-10,True,-0.0108530940633363,0.0,-0.0108530940633363,17222507.72159815
2024-12-11,True,0.0534451100688173,0.0,0.0534451100688173,18142966.542440016
2024-12-12,True,-0.0198230344720342,0.0,-0.0198230344720342,17783317.891244262
2024-12-13,True,0.0214807529534974,0.0,0.0214807529534974,18165316.949559595
2024-12-16,True,0.0435123439291957,0.0,0.0435123439291957,18955732.468251683
2024-12-17,True,-0.0133991149906385,0.0,-0.0133991149906385,18701742.4291778
2024-12-18,True,-0.1081051773226454,0.0,-0.1081051773226454,16679987.247629091
2024-12-19,True,-0.0141308210115782,0.0,-0.0141308210115782,16444285.333357435
2024-12-20,True,0.0259483118164915,0.0,0.0259483118164915,16870986.776786756
2024-12-23,True,0.0278533244406098,0.0,0.0278533244406098,17340899.845113836
2024-12-24,True,0.0397366321321626,0.0,0.0397366321321626,18029968.8030998
2024-12-26,True,-0.0021483471240351,0.0,-0.0021483471240351,17991234.171475217
2024-12-27,True,-0.0406798985384008,0.0,-0.0406798985384008,17259352.590798996
2024-12-30,True,-0.0401605665409676,0.0,-0.0401605665409676,16566207.212622194
2024-12-31,True,-0.0262122116685163,0.0,-0.0262122116685163,16131970.28262044
2025-01-02,True,-0.0063186638230131,0.0,-0.0063186638230131,16030037.785601724
2025-01-03,True,0.0479459659529606,0.0,0.0479459659529606,16798613.431494858
2025-01-06,True,0.0341019254623826,0.0,0.0341019254623826,17371478.494607076
2025-01-07,True,-0.0538668355145565,0.0,-0.0538668355145565,16435731.91989342
2025-01-08,True,0.0007442566222066,0.0,0.0007442566222066,16447964.322215615
2025-01-10,True,-0.0477194377845116,0.0,-0.0477194377845116,15663076.712059781
2025-01-13,True,-0.0104125735162411,0.0,-0.0104125735162411,15499983.774304934
2025-01-14,True,-0.0035511943069814,0.0,-0.0035511943069814,15444940.32016732
2025-01-15,True,0.067581747594579,0.0,0.067581747594579,16488736.378498204
2025-01-16,True,-0.0204004542072042,0.0,-0.0204004542072042,16152358.66707399
2025-01-17,True,0.049349971606815,0.0,0.049349971606815,16949477.108677182
2025-01-21,True,0.0165984033302462,0.0,0.0165984033302462,17230811.365963783
2025-01-22,True,0.0388073509833732,0.0,0.0388073509833732,17899493.510371037
2025-01-23,True,0.0061503683937358,0.0,0.0061503683937358,18009581.9895211
2025-01-24,True,-0.0179985787657626,0.0,-0.0179985787657626,17685435.109544247
2025-01-27,True,-0.087723362291138,0.0,-0.087723362291138,16134009.278153285
2025-01-28,True,0.0443518251307892,0.0,0.0443518251307892,16849582.036316473
2025-01-29,True,-0.0061706612782613,0.0,-0.0061706612782613,16745608.972890088
2025-01-30,True,0.0125396187054604,0.0,0.0125396187054604,16955592.524400868
2025-01-31,True,-0.0054107358293141,0.0,-0.0054107358293141,16863850.292421844
2025-02-03,True,-0.0241779381786707,0.0,-0.0241779381786707,16456117.162597312
2025-02-04,True,0.0362983480157919,0.0,0.0362983480157919,17053447.03035391
2025-02-05,True,0.013030467245866,0.0,0.013030467245866,17275661.41331205
2025-02-06,True,0.0149869815606815,0.0,0.0149869815606815,17534571.432361938
2025-02-07,True,-0.0381350720196748,0.0,-0.0381350720196748,16865889.287954684
2025-02-10,True,0.0351747504941497,0.0,0.0351747504941497,17459142.735520445
2025-02-11,True,-0.0071229085464825,0.0,-0.0071229085464825,17334782.85851535
2025-02-12,True,0.00199934499997,0.0,0.00199934499997,17369441.069949087
2025-02-13,True,0.0421360714402963,0.0,0.0421360714402963,18101321.07975048
2025-02-14,True,0.0117131847440481,0.0,0.0117131847440481,18313345.19766893
2025-02-18,True,0.0062339729912064,0.0,0.0062339729912064,18427510.097009834
2025-02-19,True,0.0001106495409366,0.0,0.0001106495409366,18429549.092542674
2025-02-20,True,-0.0121682276782643,0.0,-0.0121682276782643,18205294.14317687
2025-02-21,True,-0.0625980702323727,0.0,-0.0625980702323727,17065677.861801274
2025-02-24,True,-0.0359573832556825,0.0,-0.0359573832556825,16452040.742406469
2025-02-25,True,-0.0381659002798674,0.0,-0.0381659002798674,15824133.796031468
2025-02-26,True,0.0064414853576026,0.0,0.0064414853576026,15926064.72217535
2025-02-27,True,-0.0829492714833718,0.0,-0.0829492714833718,14605009.255873876
2025-02-28,True,0.045784438249385,0.0,0.045784438249385,15273691.40028113
2025-03-03,True,-0.0646022728675205,0.0,-0.0646022728675205,14286976.220745865
2025-03-04,True,-0.0109873460087651,0.0,-0.0109873460087651,14130000.269589532
2025-03-05,True,0.0389554716470994,0.0,0.0389554716470994,14680441.094465036
2025-03-06,True,-0.0829051365635599,0.0,-0.0829051365635599,13463357.120715115
2025-03-07,True,0.0207449620569641,0.0,0.0207449620569641,13742653.953343708
2025-03-10,True,-0.1127429127676715,0.0,-0.1127429127676715,12193267.117485583
2025-03-11,True,-0.011703875516984,0.0,-0.011703875516984,12050558.636997197
2025-03-12,True,0.0341736776470507,0.0,0.0341736776470507,12462370.54332482
2025-03-13,False,0.007940084656678526,0.0005016231222496921,0.007438461534428834,12555071.407239141
2025-03-14,False,-0.001243424435406781,2.981384827211164e-07,-0.0012437225738895022,12539456.381513162
2025-03-17,False,0.0005845109780793211,8.043668314497155e-07,0.0005837066112478714,12546775.745104507
2025-03-18,False,0.004228345286370431,1.2353781540945242e-06,0.004227109908216337,12599812.345172806
2025-03-19,False,0.004094691879604047,1.7566806680176238e-07,0.0040945162115372455,12651402.481082445
2025-03-20,False,-0.00045709669838767467,2.4451043717327314e-07,-0.00045734120882484793,12645616.473378418
2025-03-21,False,-0.0028960596328247933,8.614684607747281e-07,-0.002896921101285568,12608983.120177923
2025-03-24,False,-0.0029529052469853697,4.3175915169539614e-07,-0.002953337006137065,12571744.543719344
2025-03-25,False,0.002534481701334663,3.1019438249106636e-07,0.002534171506952172,12603603.50053472
2025-03-26,False,-0.0007793453084620389,4.6593864119745534e-08,-0.0007793919023261586,12593780.354026275
2025-03-27,False,0.004297517009732595,1.5115401094731862e-06,0.004296005469623122,12647883.303310402
2025-03-28,False,0.004985793204963945,5.84716923164974e-07,0.00498520848804078,12710935.638509814
2025-03-31,False,0.004665137021762408,1.7410671866373018e-06,0.004663395954575771,12770211.764345314
2025-04-01,False,-0.001332060143275293,5.580950947411955e-07,-0.0013326182383700343,12753193.9472403
2025-04-02,False,0.0005958520535199865,2.6650078512147067e-07,0.0005955855527348651,12760789.565306503
2025-04-03,False,-0.0026743169244808768,1.9585117199677345e-06,-0.0026762754362008446,12726638.177646345
2025-04-04,False,-0.007712052719889778,2.633679410526793e-06,-0.007714686399300305,12628456.15518844
2025-04-07,False,-0.010808738222469716,1.798955789145601e-06,-0.010810537178258861,12491935.760418763
2025-04-08,False,-0.00018503318827491774,9.383114485987109e-07,-0.00018597149972351645,12489612.616390947
2025-04-09,False,0.014273641482568976,3.732984933435754e-06,0.01426990849763554,12667838.24559776
2025-04-10,False,0.001663853214448113,3.7869867147426046e-06,0.0016600662277333703,12688867.696047664
2025-04-11,False,0.004423554255464933,2.4330888577014654e-06,0.0044211211666072316,12744966.717598937
2025-04-14,False,0.00013467889740255887,9.957550273118065e-07,0.00013368314237524706,12746670.504799215
2025-04-15,False,0.0012888151675749541,7.787988002229546e-07,0.0012880363687747312,12763088.679990185
2025-04-16,False,0.010553824566036164,3.6262270525779793e-06,0.010550198338983586,12897741.796982119
2025-04-17,False,-0.0022235640313482117,3.7141988111287494e-07,-0.0022239354512293245,12869058.051759008
2025-04-21,False,0.008888419644003304,3.642154610592946e-06,0.00888477748939271,12983396.769046966
2025-04-22,False,-0.004985222850654512,1.5427653124402973e-06,-0.0049867656159669526,12918651.612460624
2025-04-23,False,-0.00807654687652303,2.6719272545908806e-06,-0.00807921880377762,12814278.99943378
2025-04-24,False,0.004424972082796556,1.6811119491256244e-06,0.004423290970847431,12870960.284029895
2025-04-25,False,-0.0032425403344566377,1.2706433362368736e-06,-0.0032438109777928746,12829209.321765821
2025-04-28,False,0.0090790820336798,1.0015632869452285e-06,0.009078080470392855,12945673.916360326
2025-04-29,False,-0.0008509823112634839,1.4825855134491806e-06,-0.000852464896776933,12934638.18378151
2025-04-30,False,-0.0021100174764044737,1.2396466861771539e-06,-0.002111257123090651,12907329.836781401
2025-05-01,False,-0.009773357450365892,1.8512479230476664e-06,-0.00977520869828894,12781157.99388921
2025-05-02,False,0.0012539579942658918,1.2085318725794103e-06,0.0012527494623933125,12797169.582694817
2025-05-05,False,0.010250273011814193,3.2364062465358725e-06,0.010247036605567656,12928302.647856347
2025-05-06,False,0.01001340201895277,2.972006890211862e-06,0.010010430012062558,13057720.516687475
2025-05-07,False,-0.005124353600449482,1.6532564038889004e-06,-0.00512600685685337,12990786.55178406
2025-05-08,False,-0.01013146240001263,1.6101144641308268e-06,-0.01013307251447676,12859149.969634742
2025-05-09,False,0.002544891419815127,7.82971229840293e-07,0.0025441084485852868,12891865.041714117
2025-05-12,False,-0.01412213869779018,2.3783253193109117e-06,-0.01412451702310949,12709773.674472796
2025-05-13,False,0.0008242823659025377,5.719802323965878e-07,0.0008237103856701412,12720242.847047975
2025-05-14,False,-0.0075640282138921015,2.2627487933177397e-06,-0.007566290962685419,12623997.788551193
2025-05-15,False,0.0068935410824529295,1.501385545251907e-06,0.006892039696907677,12711002.882443562
2025-05-16,False,-0.005007111273070878,1.1859273970393213e-06,-0.0050082972004679175,12647342.40229228
2025-05-19,False,0.006216890373742124,1.103768119185708e-06,0.006215786605622938,12725955.583793174
2025-05-20,False,0.007990748488072734,1.7578694698822395e-06,0.007988990618602851,12827623.123564854
2025-05-21,False,0.003009342132808459,1.1747978995563652e-06,0.0030081673349089027,12866210.760429684
2025-05-22,False,-0.0020210300366310754,1.1423860216010773e-06,-0.0020221724226526763,12840193.063845905
2025-05-23,False,0.00927782238296505,2.0853963401693823e-06,0.00927573698662488,12959295.317563627
2025-05-27,False,-0.006890035754187988,1.688150884651185e-06,-0.006891723905072639,12869983.432230677
2025-05-28,False,-0.0015574782081268195,1.9655249424770093e-07,-0.0015576747606210672,12849936.18386868
2025-05-29,False,0.0033700864197863385,4.2434144131052454e-07,0.0033696620783450278,12893236.126536617
2025-05-30,False,0.0003544000352447742,1.1548144606648852e-06,0.00035324522078410933,12897790.600578757
2025-06-02,False,0.011127940551055775,2.547173654188953e-06,0.011125393377401586,13041283.59470955
2025-06-03,False,-0.005159208198123321,6.947736179563485e-07,-0.005159902971741277,12973991.836733885
2025-06-04,False,0.0033326236171682803,8.044230967842042e-07,0.003331819194071496,13017218.83175924
2025-06-05,False,-0.0011847189291566407,9.519142390106705e-07,-0.0011856708433956513,13001784.694928324
2025-06-06,False,-0.008370925412713144,8.479562256664825e-07,-0.00837177336893881,12892936.700070646
2025-06-09,False,0.0016619186949633586,5.085907949922836e-07,0.0016614101041683663,12914357.155376546
2025-06-10,True,0.0193185658659573,0.0005,0.018818565865957298,13157386.836121496
2025-06-11,True,-0.0102661282078427,0.0,-0.0102661282078427,13022311.415981691
2025-06-12,True,0.0065162280457098,0.0,0.0065162280457098,13107167.766850479
2025-06-13,True,-0.0377857806974449,0.0,-0.0377857806974449,12611903.200047648
2025-06-16,True,0.0407797887189631,0.0,0.0407797887189631,13126213.947889606
2025-06-17,True,-0.0295513727773275,0.0,-0.0295513727773275,12738316.306360565
2025-06-18,True,-0.0013595184148581,0.0,-0.0013595184148581,12720998.330767779
2025-06-20,True,-0.0137489192556509,0.0,-0.0137489192556509,12546098.351866784
2025-06-23,True,0.0310557511086151,0.0,0.0310557511086151,12935726.859666565
2025-06-24,True,0.045515436079677,0.0,0.045515436079677,13524502.10869188
2025-06-25,True,0.0076784086956385,0.0,0.0076784086956385,13628348.763287442
2025-06-26,True,0.0273954616416092,0.0,0.0273954616416092,14001703.669070555
2025-06-27,True,0.0097977686951242,0.0,0.0097977686951242,14138889.122957783
2025-06-30,True,0.019405595886125,0.0,0.019405595886125,14413262.691556629
2025-07-01,True,-0.0254216433526477,0.0,-0.0254216433526477,14046853.867863853
2025-07-02,True,0.0199036357464554,0.0,0.0199036357464554,14326437.330633504
2025-07-03,True,0.027999929423258,0.0,0.027999929423258,14727576.564777972
2025-07-07,True,-0.0222851353689068,0.0,-0.0222851353689068,14399370.527375955
2025-07-08,True,0.0013264974259095,0.0,0.0013264974259095,14418471.255315237
2025-07-09,True,0.0207155700659473,0.0,0.0207155700659473,14717158.106848568
2025-07-10,True,-0.004601837046551,0.0,-0.004601837046551,14649432.143452525
2025-07-11,True,-0.0075865496197597,0.0,-0.0075865496197597,14538293.49959492
2025-07-14,True,0.0106307287533902,0.0,0.0106307287533902,14692846.15432629
2025-07-15,True,0.0026000943513255,0.0,0.0026000943513255,14731048.94061705
2025-07-16,True,0.0028292501859328,0.0,0.0028292501859328,14772726.763571275
2025-07-17,True,0.0232750341502496,0.0,0.0232750341502496,15116562.483485704
2025-07-18,True,-0.0034463927465485,0.0,-0.0034463927465485,15064464.872189872
2025-07-21,True,0.0152160758007748,0.0,0.0152160758007748,15293686.911583222
2025-07-22,True,-0.0155558068627152,0.0,-0.0155558068627152,15055781.271767799
2025-07-23,True,0.013148791923814,0.0,0.013148791923814,15253746.606960729
2025-07-24,True,0.0066029801414322,0.0,0.0066029801414322,15354466.79288893
2025-07-25,True,0.0056547297991056,0.0,0.0056547297991056,15441292.153812056
2025-07-28,True,0.0097841733313102,0.0,0.0097841733313102,15592372.432704356
2025-07-29,True,-0.0045663140714862,0.0,-0.0045663140714862,15521172.763057042
2025-07-30,True,0.0034684962566555,0.0,0.0034684962566555,15575007.89268461
2025-07-31,True,-0.0165012884704615,0.0,-0.0165012884704615,15318000.194517707
2025-08-01,True,-0.0599706003052877,0.0,-0.0599706003052877,14399370.527375968
2025-08-04,True,0.0547516270543755,0.0,0.0547516270543755,15187759.492308624
2025-08-05,True,-0.0208095250192057,0.0,-0.0208095250192057,14871709.431167748
2025-08-06,True,0.0373657037509911,0.0,0.0373657037509911,15427401.320043584
2025-08-07,True,0.0101305144655601,0.0,0.0101305144655601,15583688.832282286
2025-08-08,True,0.0269668258543249,0.0,0.0269668258543249,16003931.455190431
2025-08-11,True,-0.0087890379018634,0.0,-0.0087890379018634,15863272.29505194
2025-08-12,True,0.0368911107799279,0.0,0.0368911107799279,16448486.030620862
2025-08-13,True,0.0014779045106418,0.0,0.0014779045106418,16472795.322318748
2025-08-14,True,-0.0027407332565911,0.0,-0.0027407332565911,16427647.784349851
2025-08-15,True,-0.0141649662271493,0.0,-0.0141649662271493,16194950.708293032
2025-08-18,True,-0.0012867125467904,0.0,-0.0012867125467904,16174112.46202202
2025-08-19,True,-0.0407988043976176,0.0,-0.0407988043976176,15514228.011378912
2025-08-20,True,-0.0182449193347624,0.0,-0.0182449193347624,15231172.172770193
2025-08-21,True,-0.0139094678315278,0.0,-0.0139094678315278,15019314.673396584
2025-08-22,True,0.0449762733808247,0.0,0.0449762733808247,15694827.476139903
2025-08-25,True,-0.0087408067464126,0.0,-0.0087408067464126,15557642.022252675
2025-08-26,True,0.0116084085559153,0.0,0.0116084085559153,15738241.487013662
2025-08-27,True,0.0045239068986113,0.0,0.0045239068986113,15809439.826248774
2025-08-28,True,0.0182336885769167,0.0,0.0182336885769167,16097704.2286161
2025-08-29,True,-0.0360301383817748,0.0,-0.0360301383817748,15517701.71763018
2025-09-02,True,-0.0255147751639041,0.0,-0.0255147751639041,15121771.047244318
2025-09-03,True,0.0233118633003204,0.0,0.0233118633003204,15474287.70675642
2025-09-04,True,0.0270451934529873,0.0,0.0270451934529873,15892792.811332833
2025-09-05,True,0.0032780652157424,0.0,0.0032780652157424,15944890.422628665
2025-09-08,True,0.0142669228217948,0.0,0.0142669228217948,16172374.943690283
2025-09-09,True,0.0081607198077182,0.0,0.0081607198077182,16304353.164231103
2025-09-10,True,0.0010650247725154,0.0,0.0010650247725154,16321717.70425085
2025-09-11,True,0.0168103366061398,0.0,0.0168103366061398,16596091.2728497
2025-09-12,True,0.0124516629980862,0.0,0.0124516629980862,16802740.208464704
2025-09-15,True,0.0255270007858445,0.0,0.0255270007858445,17231663.770970523
2025-09-16,True,-0.0027209436846034,0.0,-0.0027209436846034,17184777.384257693
2025-09-17,True,-0.0063662422556775,0.0,-0.0063662422556775,17075374.928319618
2025-09-18,True,0.0269501700474885,0.0,0.0269501700474885,17535559.18626246
2025-09-19,True,0.0198058562976071,0.0,0.0198058562976071,17882865.951603755
2025-09-22,True,0.0168964285347619,0.0,0.0168964285347619,18185022.518151756
2025-09-23,True,-0.020148934285181,0.0,-0.020148934285181,17818613.694458976
2025-09-24,True,-0.0107499247945036,0.0,-0.0107499247945036,17627064.93730123
2025-09-25,True,-0.0134109463379495,0.0,-0.0134109463379495,17390669.315331534
2025-09-26,True,0.0119939808623861,0.0,0.0119939808623861,17599252.6702837
2025-09-29,True,0.0133333373650565,0.0,0.0133333373650565,17833909.443509467
2025-09-30,True,0.0077972815707805,0.0,0.0077972815707805,17972965.45694831
2025-10-01,True,0.0141198806364879,0.0,0.0141198806364879,18226741.583884142
2025-10-02,True,0.0122067250600379,0.0,0.0122067250600379,18449230.407138973
2025-10-03,True,-0.0135669485575566,0.0,-0.0135669485575566,18198930.64727881
2025-10-06,True,0.0223496065220929,0.0,0.0223496065220929,18605669.586368352
2025-10-07,True,-0.0161622282218717,0.0,-0.0161622282218717,18304960.50829273
2025-10-08,True,0.0338999644156667,0.0,0.0338999644156667,18925498.018154036
2025-10-09,True,-0.0039493046503308,0.0,-0.0039493046503308,18850755.460821114
2025-10-10,True,-0.1049331330572727,0.0,-0.1049331330572727,16872686.629820663
2025-10-13,True,0.0634593882813054,0.0,0.0634593882813054,17943417.002011243
2025-10-14,True,-0.0203430519701365,0.0,-0.0203430519701365,17578393.1374175
2025-10-15,True,0.0204688020094541,0.0,0.0204688020094541,17938201.786191642
2025-10-16,True,-0.0111434303645182,0.0,-0.0111434303645182,17738308.68372254
2025-10-17,True,0.0190102829518046,0.0,0.0190102829518046,18075518.95088656
2025-10-20,True,0.0375035927458367,0.0,0.0375035927458367,18753415.85229026
2025-10-21,True,-0.0011122348386174,0.0,-0.0011122348386174,18732557.649836265
2025-10-22,True,-0.0294145011180896,0.0,-0.0294145011180896,18181548.811900478
2025-10-23,True,0.025047815390226,0.0,0.025047815390226,18636956.890049342
2025-10-24,True,0.0311508631102122,0.0,0.0311508631102122,19217514.1829222
2025-10-27,True,0.0530933592490354,0.0,0.0530933592490354,20237836.56730952
2025-10-28,True,0.0228463556745517,0.0,0.0228463556745517,20700197.379609723
2025-10-29,True,0.012763480160594,0.0,0.012763480160594,20964403.93818475
2025-10-30,True,-0.045767417408975,0.0,-0.045767417408975,20004917.312415488
2025-10-31,True,0.0141628799695889,0.0,0.0141628799695889,20288244.555112783
2025-11-03,True,0.0137080379784562,0.0,0.0137080379784562,20566356.581990477
2025-11-04,True,-0.0611899433552832,0.0,-0.0611899433552832,19307902.387713924
2025-11-05,True,0.0194453528428368,0.0,0.0194453528428368,19683351.36229807
2025-11-06,True,-0.0560755723904552,0.0,-0.0560755723904552,18579596.16809476
2025-11-07,True,-0.010384529705177,0.0,-0.010384529705177,18386655.79977699
2025-11-10,True,0.0655133365701248,0.0,0.0655133365701248,19591226.969586816
2025-11-11,True,-0.0082512307409599,0.0,-0.0082512307409599,19429575.23536224
2025-11-12,True,-0.0020575620248919,0.0,-0.0020575620248919,19389597.679198176
2025-11-13,True,-0.0617660281287497,0.0,-0.0617660281287497,18191979.24353968
2025-11-14,True,0.000764300448254,0.0,0.000764300448254,18205883.381430145
2025-11-17,True,-0.0256826152245116,0.0,-0.0256826152245116,17738308.683722544
2025-11-18,True,-0.0361587112581753,0.0,-0.0361587112581753,17096914.301819436
2025-11-19,True,0.0171817562120453,0.0,0.0171817562120453,17390669.31533153
2025-11-20,True,-0.0714642539115214,0.0,-0.0714642539115214,16147858.107689371
2025-11-21,True,0.0221742807509133,0.0,0.0221742807509133,16505925.246895188
2025-11-24,True,0.0758215872568084,0.0,0.0758215872568084,17757430.69825701
2025-11-25,True,0.0182065831217739,0.0,0.0182065831217739,18080732.836293966
2025-11-26,True,0.0261488982896949,0.0,0.0261488982896949,18553524.080233365
2025-11-28,True,0.0219223909656427,0.0,0.0219223909656427,18960261.688910708
2025-12-01,True,-0.008984298335485,0.0,-0.008984298335485,18789917.041378666
2025-12-02,True,0.0231268294133557,0.0,0.0231268294133557,19224468.247485735
2025-12-03,True,0.0070523831507647,0.0,0.0070523831507647,19360046.563436717
2025-12-04,True,-0.0032321516974122,0.0,-0.0032321516974122,19297471.956074726
2025-12-05,True,0.0115294974478248,0.0,0.0115294974478248,19519962.10974176
2025-12-08,True,-0.0062333885582692,0.0,-0.0062333885582692,19398286.601269048
2025-12-09,True,0.0037634101449048,0.0,0.0037634101449048,19471290.309858035
2025-12-10,True,0.0114266430492584,0.0,0.0114266430492584,19693781.79393727
2025-12-11,True,-0.0095322043507136,0.0,-0.0095322043507136,19506056.641439095
2025-12-12,True,-0.0586348179851891,0.0,-0.0586348179851891,18362322.560659528
2025-12-15,True,-0.0151457979217474,0.0,-0.0151457979217474,18084210.53378183
2025-12-16,True,0.0059592709096443,0.0,0.0059592709096443,18191979.24353968
2025-12-17,True,-0.0559908766616094,0.0,-0.0559908766616094,17173394.37748409
2025-12-18,True,0.0427125097398377,0.0,0.0427125097398377,17906913.152098455
2025-12-19,True,0.0390216017877997,0.0,0.0390216017877997,18605669.586368356
2025-12-22,True,0.0136397916866137,0.0,0.0136397916866137,18859447.043716386
2025-12-23,True,0.0140091715070118,0.0,0.0140091715070118,19123652.27187922
2025-12-24,True,0.0079383029255617,0.0,0.0079383029255617,19275461.616656505
2025-12-26,True,-0.0009032091879689,0.0,-0.0009032091879689,19258051.842621997
2025-12-29,True,-0.0148255104643428,0.0,-0.0148255104643428,18972541.393506348
2025-12-30,True,-0.0071573180154703,0.0,-0.0071573180154703,18836748.88119135
2025-12-31,True,-0.025508276570936,0.0,-0.025508276570936,18356255.881032653
2026-01-02,True,-0.0070182686328313,0.0,-0.0070182686328313,18227426.746166576
2026-01-05,True,0.0238777377843546,0.0,0.0238777377843546,18662656.462495074
2026-01-06,True,0.0263059762007025,0.0,0.0263059762007025,19153595.859239355
2026-01-07,True,0.0029085755398201,0.0,0.0029085755398201,19209305.539655138
2026-01-08,True,-0.0177632725361689,0.0,-0.0177632725361689,18868085.410123706
2026-01-09,True,0.0289720835403131,0.0,0.0289720835403131,19414733.156871572
2026-01-12,True,0.0023314569341057,0.0,0.0023314569341057,19459997.771113973
2026-01-13,True,-0.0051887449029346,0.0,-0.0051887449029346,19359024.806867987
2026-01-14,True,-0.0318344641948525,0.0,-0.0318344641948525,18742740.624806486
2026-01-15,True,0.01021733513535,0.0,0.01021733513535,18934241.487125076
2026-01-16,True,-0.0044134776189845,0.0,-0.0044134776189845,18850675.636089202
2026-01-20,True,-0.0629848199409854,0.0,-0.0629848199409854,17663369.225384206
2026-01-21,True,0.0394244345734537,0.0,0.0394244345734537,18359737.569757123
2026-01-22,True,0.0221884912337553,0.0,0.0221884912337553,18767112.445877727
2026-01-23,True,0.0089054212111392,0.0,0.0089054212111392,18934241.48712508
2026-01-26,True,0.0128723854174799,0.0,0.0128723854174799,19177970.34113499
2026-01-27,True,0.0265068634127685,0.0,0.0265068634127685,19686318.181501582
2026-01-28,True,0.0091970369713587,0.0,0.0091970369713587,19867373.977646783
2026-01-29,True,-0.0178759515596306,0.0,-0.0178759515596306,19512225.762805305
2026-01-30,True,-0.0364025666730827,0.0,-0.0364025666730827,18801930.66353454
2026-02-02,True,0.0203703402321331,0.0,0.0203703402321331,19184932.388171718
2026-02-03,True,-0.0468239478091012,0.0,-0.0468239478091012,18286618.115306832
2026-02-04,True,-0.052551397129314,0.0,-0.052551397129314,17325630.784577236
2026-02-05,True,-0.042604505928623,0.0,-0.042604505928623,16587480.84509858
2026-02-06,True,0.0619228089740024,0.0,0.0619228089740024,17614624.252829544
2026-02-09,True,0.0227317649768976,0.0,0.0227317649768976,18015035.751501225
2026-02-10,True,-0.0139157959678288,0.0,-0.0139157959678288,17764342.189630195
2026-02-11,True,0.0074481127518346,0.0,0.0074481127518346,17896653.013220735
2026-02-12,True,-0.0610895318533855,0.0,-0.0610895318533855,16803354.8589006
2026-02-13,True,0.0043514795149113,0.0,0.0043514795149113,16876474.31335089
2026-02-17,True,-0.002475808912581,0.0,-0.002475808912581,16834691.38783295
2026-02-18,True,0.0215098444009562,0.0,0.0215098444009562,17196802.980123356
2026-02-19,True,-0.0113383023151696,0.0,-0.0113383023151696,17001820.429080307
2026-02-20,True,0.025189440193537,0.0,0.025189440193537,17430086.76795988
2026-02-23,True,-0.036356404586182,0.0,-0.036356404586182,16796391.481451675
2026-02-24,True,0.0319236832010385,0.0,0.0319236832010385,17332594.162026163
2026-02-25,True,0.0419847638791193,0.0,0.0419847638791193,18060299.03533143
2026-02-26,True,-0.0350877516074626,0.0,-0.0350877516074626,17426603.748823225
2026-02-27,True,-0.0105893355422124,0.0,-0.0105893355422124,17242067.59436576
2026-03-02,True,0.0036348922495343,0.0,0.0036348922495343,17304740.652230468
2026-03-03,True,-0.0321932287193131,0.0,-0.0321932287193131,16747645.178484818
2026-03-04,True,0.0449064143861055,0.0,0.0449064143861055,17499721.87286132
2026-03-05,True,-0.0091523930808646,0.0,-0.0091523930808646,17339557.539475087
2026-03-06,True,-0.045381487401964,0.0,-0.045381487401964,16552662.62744177
2026-03-09,True,0.0389146065004495,0.0,0.0389146065004495,17196802.98012336
2026-03-10,True,0.0002024613952074,0.0,0.0002024613952074,17200284.668847825
2026-03-11,True,-0.001012179412707,0.0,-0.001012179412707,17182874.894813314
2026-03-12,True,-0.0510637180951932,0.0,-0.0510637180951932,16305453.415119594
2026-03-13,True,-0.0192185161465774,0.0,-0.0192185161465774,15992086.795383854
2026-03-16,True,0.0333115370536754,0.0,0.0333115370536754,16524807.787233876
2026-03-17,True,0.0147492701366367,0.0,0.0147492701366367,16768536.641243787
2026-03-18,True,-0.0427741443679537,0.0,-0.0427741443679537,16051276.834111905
2026-03-19,True,-0.0088936575468155,0.0,-0.0088936575468155,15908522.27476018
2026-03-20,True,-0.0571240573664139,0.0,-0.0571240573664139,14999762.935721906
2026-03-23,True,0.0345867403880413,0.0,0.0345867403880413,15518555.842261884
2026-03-24,True,-0.0213148096201868,0.0,-0.0213148096201868,15187780.778903835
2026-03-25,True,0.0193350540993633,0.0,0.0193350540993633,15481437.34191321
2026-03-26,True,-0.0711872018666666,0.0,-0.0711872018666666,14379357.136668285
2026-03-27,True,-0.0594227695886742,0.0,-0.0594227695886742,13524895.910702787
2026-03-30,False,0.004081980486378742,0.0005007256061066439,0.003581254880272098,13573332.010188164
2026-03-31,False,0.013134720918056708,4.0730195777693295e-06,0.01313064789847894,13751558.653623099
2026-04-01,False,0.0030149376841597836,2.406890845809889e-06,0.0030125307933139738,13792985.6475232
2026-04-02,False,-0.0019009315977705904,2.890141247102143e-06,-0.0019038217390176925,13766726.261601487
2026-04-06,False,-0.0002728639362364948,9.273970425802414e-07,-0.00027379133327907503,13762957.051263435
2026-04-07,False,0.0043805199039385215,8.872914959367622e-07,0.004379632612442585,13823233.746808793
2026-04-08,False,-0.005056873695014345,3.0861272063200524e-06,-0.005059959822220665,13753288.739436777
2026-04-09,False,0.005226176859524676,8.665009891690723e-07,0.005225310358535507,13825153.941550886
2026-04-10,False,-0.00045482269166114575,3.12612631928888e-07,-0.00045513530429307464,13818861.6259048
2026-04-13,False,0.002421702404715199,1.3115401060521114e-06,0.0024203908646091466,13852308.67234344
2026-04-14,False,0.005989409629245437,2.7104222476709295e-06,0.005986699206997766,13935238.277687246
2026-04-15,False,-0.0029507900612443377,1.2456107896878232e-06,-0.0029520356720340256,13894100.957193218
2026-04-16,True,0.0140161501870605,0.0005,0.0135161501870605,14081895.712444823
2026-04-17,True,0.0382775090506954,0.0,0.0382775090506954,14620915.60302888
