method,method_label,candidate_id,parameters,delay,cagr,post_2008_cagr,volatility,max_drawdown,dotcom_max_drawdown,trailing_252_return,return_2026_ytd,ending_value_1000,average_tqqq_weight,weight_changes,total_turnover
total_volatility,Current total-volatility strategy,total_vol_40_32,"{""threshold"": 0.32, ""volatility_type"": ""total"", ""window"": 40}",0,0.4074857784816168,0.39864092805949713,0.4486110119256818,-0.515613801804461,-0.2310135761888068,0.6009538392908733,0.11006295684470091,31353775.164276827,0.6738816738816739,96,102.59805421317179
total_volatility,Current total-volatility strategy,total_vol_40_32,"{""threshold"": 0.32, ""volatility_type"": ""total"", ""window"": 40}",1,0.4040720911506859,0.41281527736027623,0.45142298894475946,-0.5891477182119333,-0.3707790080622211,0.5328691900415947,0.06580260888283984,29130391.051281646,0.6737504919323101,96,102.59239121851186
downside_deviation,Downside-deviation strategy,downside_20_0.10,"{""downside_threshold"": 0.1, ""downside_window"": 20, ""volatility_type"": ""downside_deviation_zero_target""}",0,0.1430003987661852,0.16743683963505362,0.2569509599216462,-0.5485343252769439,-0.20748496513192483,0.40317548077264087,0.02713095254180642,57305.17800853548,0.32401941492850583,235,247.21616995528814
downside_deviation,Downside-deviation strategy,downside_20_0.10,"{""downside_threshold"": 0.1, ""downside_window"": 20, ""volatility_type"": ""downside_deviation_zero_target""}",1,0.13922672490570354,0.16959960144004382,0.2625532140432134,-0.5780581403208089,-0.2310135761888068,0.5737402949811319,0.09768884459287364,51843.17691576027,0.32401941492850583,235,247.1928796983859
downside_deviation,Downside-deviation strategy,downside_20_0.11,"{""downside_threshold"": 0.11, ""downside_window"": 20, ""volatility_type"": ""downside_deviation_zero_target""}",0,0.16470286024531444,0.22223171302224776,0.280933905117695,-0.44303681697662256,-0.20748496513192483,0.3578176286365642,0.009277171418968777,101302.75129106999,0.38134592680047225,221,232.31242036943087
downside_deviation,Downside-deviation strategy,downside_20_0.11,"{""downside_threshold"": 0.11, ""downside_window"": 20, ""volatility_type"": ""downside_deviation_zero_target""}",1,0.16313734599050123,0.215676853198298,0.2857328676928066,-0.48491530908275726,-0.26061434011962425,0.3465478620422582,-0.04294593994965179,97258.5744974825,0.38134592680047225,221,232.34588174807016
downside_deviation,Downside-deviation strategy,downside_20_0.12,"{""downside_threshold"": 0.12, ""downside_window"": 20, ""volatility_type"": ""downside_deviation_zero_target""}",0,0.17453766170160856,0.23365566495787116,0.30405796400157253,-0.5581768326021836,-0.20748496513192483,0.06764143017158464,-0.09758368751138469,130687.02222615297,0.4233241505968779,231,241.68695410384422
downside_deviation,Downside-deviation strategy,downside_20_0.12,"{""downside_threshold"": 0.12, ""downside_window"": 20, ""volatility_type"": ""downside_deviation_zero_target""}",1,0.15671025403485817,0.22288277391907152,0.3070268042626946,-0.546242036656039,-0.310675536294966,0.2372414193160659,-0.10873874173571485,82231.62731550784,0.4233241505968779,231,241.69325525512488
downside_deviation,Downside-deviation strategy,downside_20_0.13,"{""downside_threshold"": 0.13, ""downside_window"": 20, ""volatility_type"": ""downside_deviation_zero_target""}",0,0.16663003362135465,0.20231037635382276,0.32298166144738605,-0.46038980755291703,-0.26149633580845166,-0.01650206731087467,-0.13173407312794794,106504.85365590618,0.46648301193755737,235,244.9457435122983
downside_deviation,Downside-deviation strategy,downside_20_0.13,"{""downside_threshold"": 0.13, ""downside_window"": 20, ""volatility_type"": ""downside_deviation_zero_target""}",1,0.18161844749791012,0.21780076846789154,0.3270640169290031,-0.5097470101581292,-0.36992701410564477,0.05671507890808636,-0.10853231456273837,156782.4779817923,0.46648301193755737,235,244.95957629465727
downside_deviation,Downside-deviation strategy,downside_20_0.14,"{""downside_threshold"": 0.14, ""downside_window"": 20, ""volatility_type"": ""downside_deviation_zero_target""}",0,0.15840464798270304,0.1859672394185714,0.3445384871994663,-0.5316765307130444,-0.3559723630460271,0.21371083001750435,-0.15663932075503262,85959.53861981028,0.5066246884428702,246,255.25972385282682
downside_deviation,Downside-deviation strategy,downside_20_0.14,"{""downside_threshold"": 0.14, ""downside_window"": 20, ""volatility_type"": ""downside_deviation_zero_target""}",1,0.20516780810548418,0.23770494430214195,0.3474330498068866,-0.5550061318956967,-0.39898064663515787,0.18830018309864283,-0.10962323833514165,285027.07312907465,0.5064935064935064,245,254.27350669064637
downside_deviation,Downside-deviation strategy,downside_20_0.15,"{""downside_threshold"": 0.15, ""downside_window"": 20, ""volatility_type"": ""downside_deviation_zero_target""}",0,0.18447633152390885,0.2413563620801642,0.36835089811953203,-0.5906161320710006,-0.3787579501985514,0.1683753322330852,-0.08955129183166177,168684.40783062152,0.5521448248720976,218,226.50712006140776
downside_deviation,Downside-deviation strategy,downside_20_0.15,"{""downside_threshold"": 0.15, ""downside_window"": 20, ""volatility_type"": ""downside_deviation_zero_target""}",1,0.21051896892953126,0.23604655193847623,0.37154408294000596,-0.5355874998914962,-0.28510377913121776,0.09200930909218763,-0.07952857914374867,325960.79616785626,0.5520136429227338,218,226.45781043055138
downside_deviation,Downside-deviation strategy,downside_20_0.16,"{""downside_threshold"": 0.16, ""downside_window"": 20, ""volatility_type"": ""downside_deviation_zero_target""}",0,0.21529645208890225,0.22609552319391657,0.3865400941058701,-0.4471906504826223,-0.21854093517159745,0.25177044094521395,-0.00360917035213415,367264.93131359527,0.5833661288206743,198,205.97057089449282
downside_deviation,Downside-deviation strategy,downside_20_0.16,"{""downside_threshold"": 0.16, ""downside_window"": 20, ""volatility_type"": ""downside_deviation_zero_target""}",1,0.21938188296663808,0.23335499304352125,0.39174555601096295,-0.5857587508306279,-0.2462545404006139,0.15347256437571155,0.01712740992712347,406561.83090686804,0.5832349468713105,198,205.92188204285495
downside_deviation,Downside-deviation strategy,downside_20_0.17,"{""downside_threshold"": 0.17, ""downside_window"": 20, ""volatility_type"": ""downside_deviation_zero_target""}",0,0.2712031739480145,0.2924329035968185,0.4043650514392542,-0.5190237204089687,-0.21854093517159745,0.6118398342754974,0.11006295684470091,1434219.6391577183,0.6105207923389742,166,173.51133757914195
downside_deviation,Downside-deviation strategy,downside_20_0.17,"{""downside_threshold"": 0.17, ""downside_window"": 20, ""volatility_type"": ""downside_deviation_zero_target""}",1,0.2657359916797637,0.26841314221472756,0.4093574794326171,-0.5891477182119341,-0.2462545404006139,0.35487807262066995,0.06580260888283984,1258689.6598683265,0.6103896103896104,166,173.5171542914552
downside_deviation,Downside-deviation strategy,downside_20_0.18,"{""downside_threshold"": 0.18, ""downside_window"": 20, ""volatility_type"": ""downside_deviation_zero_target""}",0,0.31915397290487046,0.31457030829362,0.41659259341013866,-0.5156138018044618,-0.2971110161675493,0.5917858574004731,0.11006295684470091,4402365.063197529,0.630329266692903,148,155.18740289864394
downside_deviation,Downside-deviation strategy,downside_20_0.18,"{""downside_threshold"": 0.18, ""downside_window"": 20, ""volatility_type"": ""downside_deviation_zero_target""}",1,0.3089647349110849,0.2981171878958164,0.42004849663054955,-0.589147718211934,-0.2462545404006139,0.43133973233368983,0.06580260888283984,3480847.2233458403,0.6301980847435393,148,155.21058429759296
downside_deviation,Downside-deviation strategy,downside_20_0.19,"{""downside_threshold"": 0.19, ""downside_window"": 20, ""volatility_type"": ""downside_deviation_zero_target""}",0,0.29678155890474067,0.3372141089079288,0.42677254067529813,-0.5156138018044607,-0.32586039382857424,0.5917858574004731,0.11006295684470091,2622260.289743302,0.6446280991735537,142,148.97250363236333
downside_deviation,Downside-deviation strategy,downside_20_0.19,"{""downside_threshold"": 0.19, ""downside_window"": 20, ""volatility_type"": ""downside_deviation_zero_target""}",1,0.31228200795747907,0.31735499659795785,0.4296672420308672,-0.5891477182119338,-0.3133071763954661,0.43133973233368983,0.06580260888283984,3758200.9333624756,0.64449691722419,142,148.99512864806132
downside_deviation,Downside-deviation strategy,downside_20_0.20,"{""downside_threshold"": 0.2, ""downside_window"": 20, ""volatility_type"": ""downside_deviation_zero_target""}",0,0.27643111831285005,0.29244922234945414,0.4398206571192522,-0.579357468527792,-0.38917436880406464,0.5917858574004731,0.11006295684470091,1624067.431406697,0.6573527482618392,146,152.7879132961445
downside_deviation,Downside-deviation strategy,downside_20_0.20,"{""downside_threshold"": 0.2, ""downside_window"": 20, ""volatility_type"": ""downside_deviation_zero_target""}",1,0.33286793420285443,0.32000872241278544,0.44166685454830507,-0.5891477182119333,-0.43951513747819215,0.43133973233368983,0.06580260888283984,6021922.044165595,0.6572215663124754,146,152.7928378727218
downside_deviation,Downside-deviation strategy,downside_20_0.21,"{""downside_threshold"": 0.21, ""downside_window"": 20, ""volatility_type"": ""downside_deviation_zero_target""}",0,0.28000052540217735,0.27948254811057716,0.4479747514410254,-0.577646368746062,-0.5655719965484008,0.5858262665886345,0.11006295684470091,1767413.0048265927,0.6687655778564869,138,144.59884852628466
downside_deviation,Downside-deviation strategy,downside_20_0.21,"{""downside_threshold"": 0.21, ""downside_window"": 20, ""volatility_type"": ""downside_deviation_zero_target""}",1,0.3529052825898218,0.3321382419055545,0.4536902687909332,-0.589147718211934,-0.5517172201707019,0.45628347202388775,0.06580260888283984,9462788.222420566,0.6686343959071231,138,144.60667020829686
downside_deviation,Downside-deviation strategy,downside_20_0.22,"{""downside_threshold"": 0.22, ""downside_window"": 20, ""volatility_type"": ""downside_deviation_zero_target""}",0,0.2875820361395698,0.3093967585253161,0.4567961429701035,-0.6319829053529604,-0.6319829053529598,0.5858262665886345,0.11006295684470091,2113602.365179618,0.6776859504132231,130,136.45314966612153
downside_deviation,Downside-deviation strategy,downside_20_0.22,"{""downside_threshold"": 0.22, ""downside_window"": 20, ""volatility_type"": ""downside_deviation_zero_target""}",1,0.3138701805364099,0.32164990846240493,0.4617019271298047,-0.5908456652053752,-0.5908456652053757,0.45628347202388775,0.06580260888283984,3898436.7632176913,0.6775547684638594,130,136.46705625349145
downside_deviation,Downside-deviation strategy,downside_20_0.23,"{""downside_threshold"": 0.23, ""downside_window"": 20, ""volatility_type"": ""downside_deviation_zero_target""}",0,0.27130688960019333,0.3230656622134449,0.4628021571543497,-0.6762020229575225,-0.6762020229575225,0.5858262665886345,0.11006295684470091,1437768.22738704,0.6866063229699594,134,140.32868664900457
downside_deviation,Downside-deviation strategy,downside_20_0.23,"{""downside_threshold"": 0.23, ""downside_window"": 20, ""volatility_type"": ""downside_deviation_zero_target""}",1,0.3082472132736005,0.3317956819231802,0.46653692038563943,-0.6135866382223978,-0.6135866382223989,0.45628347202388775,0.06580260888283984,3423514.6693273475,0.6864751410205956,134,140.33557774244179
downside_deviation,Downside-deviation strategy,downside_20_0.24,"{""downside_threshold"": 0.24, ""downside_window"": 20, ""volatility_type"": ""downside_deviation_zero_target""}",0,0.2790652330098815,0.3277781608242827,0.46751725884349965,-0.7000528123115588,-0.7000528123115592,0.5858262665886345,0.11006295684470091,1728711.5988069084,0.6929030565394202,134,140.23625312548708
downside_deviation,Downside-deviation strategy,downside_20_0.24,"{""downside_threshold"": 0.24, ""downside_window"": 20, ""volatility_type"": ""downside_deviation_zero_target""}",1,0.2956688303682762,0.33590514254702186,0.47242109825128886,-0.7503385088196691,-0.7503385088196697,0.45628347202388775,0.06580260888283984,2554956.0764816413,0.6927718745900564,134,140.25750060638615
downside_deviation,Downside-deviation strategy,downside_20_0.25,"{""downside_threshold"": 0.25, ""downside_window"": 20, ""volatility_type"": ""downside_deviation_zero_target""}",0,0.2919520445621189,0.32994101291843925,0.47204525727466223,-0.6995445773682352,-0.6995445773682358,0.5858262665886345,0.11006295684470091,2342037.0890742475,0.6990686081595172,126,132.15895508794102
downside_deviation,Downside-deviation strategy,downside_20_0.25,"{""downside_threshold"": 0.25, ""downside_window"": 20, ""volatility_type"": ""downside_deviation_zero_target""}",1,0.3131119831774851,0.3500134593613955,0.4780219000677945,-0.7270439021270384,-0.7270439021270393,0.45628347202388775,0.06580260888283984,3830867.975397126,0.6989374262101535,126,132.17651277719733
downside_deviation,Downside-deviation strategy,downside_20_0.26,"{""downside_threshold"": 0.26, ""downside_window"": 20, ""volatility_type"": ""downside_deviation_zero_target""}",0,0.28137173848974184,0.33286128208072774,0.4756091464926452,-0.7366029976755843,-0.7366029976755848,0.5858262665886345,0.11006295684470091,1825670.682133461,0.7023481568936114,126,132.1138510136313
downside_deviation,Downside-deviation strategy,downside_20_0.26,"{""downside_threshold"": 0.26, ""downside_window"": 20, ""volatility_type"": ""downside_deviation_zero_target""}",1,0.3458285661255638,0.3602636181155727,0.4815245142224323,-0.6444300669080487,-0.6444300669080487,0.45628347202388775,0.06580260888283984,8072913.733987636,0.7022169749442476,126,132.12429487600355
downside_deviation,Downside-deviation strategy,downside_20_0.27,"{""downside_threshold"": 0.27, ""downside_window"": 20, ""volatility_type"": ""downside_deviation_zero_target""}",0,0.29439023863388547,0.3437618284598407,0.4829066515908126,-0.8310104155923123,-0.8310104155923125,0.5858262665886345,0.11006295684470091,2479681.262205726,0.708251344614981,122,128.04584297919774
downside_deviation,Downside-deviation strategy,downside_20_0.27,"{""downside_threshold"": 0.27, ""downside_window"": 20, ""volatility_type"": ""downside_deviation_zero_target""}",1,0.33609774457073294,0.3498864081585584,0.4880039568390893,-0.7119586287176705,-0.7119586287176703,0.45628347202388775,0.06580260888283984,6479965.851850433,0.7081201626656172,122,128.05415001497863
downside_deviation,Downside-deviation strategy,downside_20_0.28,"{""downside_threshold"": 0.28, ""downside_window"": 20, ""volatility_type"": ""downside_deviation_zero_target""}",0,0.2795506077132932,0.3375145564149886,0.4900709159322282,-0.8591323209141724,-0.8591323209141721,0.5858262665886345,0.11006295684470091,1748692.4525522583,0.7125803489439853,126,131.98588044592537
downside_deviation,Downside-deviation strategy,downside_20_0.28,"{""downside_threshold"": 0.28, ""downside_window"": 20, ""volatility_type"": ""downside_deviation_zero_target""}",1,0.29757922787989255,0.34831099490248274,0.4955672307800254,-0.8702239507470583,-0.8702239507470582,0.45628347202388775,0.06580260888283984,2671559.56696168,0.7124491669946216,126,131.99082010555063
downside_deviation,Downside-deviation strategy,downside_20_0.29,"{""downside_threshold"": 0.29, ""downside_window"": 20, ""volatility_type"": ""downside_deviation_zero_target""}",0,0.2806511571227117,0.33669561680141213,0.4941470209223024,-0.8617519925170072,-0.8617519925170071,0.5858262665886345,0.11006295684470091,1794828.1839263532,0.7144168962350781,128,133.95646573421342
downside_deviation,Downside-deviation strategy,downside_20_0.29,"{""downside_threshold"": 0.29, ""downside_window"": 20, ""volatility_type"": ""downside_deviation_zero_target""}",1,0.3034187032704987,0.34711753097250586,0.4979567415178601,-0.839773314546808,-0.8397733145468076,0.45628347202388775,0.06580260888283984,3060773.9561343878,0.7142857142857143,128,133.96417593636482
downside_deviation,Downside-deviation strategy,downside_20_0.30,"{""downside_threshold"": 0.3, ""downside_window"": 20, ""volatility_type"": ""downside_deviation_zero_target""}",0,0.2839328912478152,0.33669561680141213,0.5005259040721846,-0.8665493796513262,-0.8665493796513257,0.5858262665886345,0.11006295684470091,1939496.3420345767,0.7179588088678998,128,133.90010430189477
downside_deviation,Downside-deviation strategy,downside_20_0.30,"{""downside_threshold"": 0.3, ""downside_window"": 20, ""volatility_type"": ""downside_deviation_zero_target""}",1,0.3148256915692307,0.34711753097250586,0.503000572920303,-0.841892539748206,-0.8418925397482059,0.45628347202388775,0.06580260888283984,3985232.3872449263,0.717827626918536,128,133.9074695879525
downside_deviation,Downside-deviation strategy,downside_25_0.10,"{""downside_threshold"": 0.1, ""downside_window"": 25, ""volatility_type"": ""downside_deviation_zero_target""}",0,0.10929923630269078,0.15212529798671093,0.2544651550933694,-0.4773706987600149,-0.08542700623432053,0.3321071559869919,0.009071252136277241,23147.359452383345,0.3187721369539551,197,209.27108950539096
downside_deviation,Downside-deviation strategy,downside_25_0.10,"{""downside_threshold"": 0.1, ""downside_window"": 25, ""volatility_type"": ""downside_deviation_zero_target""}",1,0.09765778085445498,0.13140078123601184,0.2604762254575508,-0.6077216457196688,-0.08542700623432053,0.33727744449353736,-0.044235753800578204,16815.995638329467,0.3187721369539551,197,209.27784953981893
downside_deviation,Downside-deviation strategy,downside_25_0.11,"{""downside_threshold"": 0.11, ""downside_window"": 25, ""volatility_type"": ""downside_deviation_zero_target""}",0,0.12317705255331202,0.17820985099400666,0.2737634251208426,-0.41396594089151084,-0.11148015011435408,0.2175518980616853,-0.07770436274872539,33732.58798931431,0.36481700118063753,189,200.59425579448856
downside_deviation,Downside-deviation strategy,downside_25_0.11,"{""downside_threshold"": 0.11, ""downside_window"": 25, ""volatility_type"": ""downside_deviation_zero_target""}",1,0.10106734744413925,0.14524264563495182,0.27940809495859364,-0.5266976595564947,-0.19139214823386663,0.2790283129851723,-0.08586693325186212,18472.26605006181,0.36481700118063753,189,200.58266173719915
downside_deviation,Downside-deviation strategy,downside_25_0.12,"{""downside_threshold"": 0.12, ""downside_window"": 25, ""volatility_type"": ""downside_deviation_zero_target""}",0,0.1434845678214316,0.18371614797842573,0.2976907284529803,-0.48311486468135667,-0.2473103251483788,0.2567312222579772,-0.10583261201275429,58045.00920316177,0.4138790502426866,177,187.81004794620054
downside_deviation,Downside-deviation strategy,downside_25_0.12,"{""downside_threshold"": 0.12, ""downside_window"": 25, ""volatility_type"": ""downside_deviation_zero_target""}",1,0.1289158356720823,0.1529261541507645,0.2999999833787952,-0.5168061029002808,-0.23991999674604525,0.3802879844658189,-0.04391610370846044,39363.22236986943,0.4138790502426866,177,187.8233925301975
downside_deviation,Downside-deviation strategy,downside_25_0.13,"{""downside_threshold"": 0.13, ""downside_window"": 25, ""volatility_type"": ""downside_deviation_zero_target""}",0,0.11500101733935164,0.16700374679539953,0.31959012900834394,-0.671493554015364,-0.2927739117957451,0.07045922093440105,-0.18408922910870396,27036.00099126996,0.46018627836809656,219,229.01856924622817
downside_deviation,Downside-deviation strategy,downside_25_0.13,"{""downside_threshold"": 0.13, ""downside_window"": 25, ""volatility_type"": ""downside_deviation_zero_target""}",1,0.10258449325227281,0.1291616563763689,0.32331495756980283,-0.6016245198987396,-0.2200216370437944,0.2562804106282994,-0.08738681740418786,19258.975125819954,0.46018627836809656,219,228.99161054390973
downside_deviation,Downside-deviation strategy,downside_25_0.14,"{""downside_threshold"": 0.14, ""downside_window"": 25, ""volatility_type"": ""downside_deviation_zero_target""}",0,0.11622615104877831,0.14742956808964025,0.3437517404890708,-0.5843547534890816,-0.26151789823223537,-0.12912870668833387,-0.26887513135977537,27950.423246861483,0.503345139708776,205,214.2799740779563
downside_deviation,Downside-deviation strategy,downside_25_0.14,"{""downside_threshold"": 0.14, ""downside_window"": 25, ""volatility_type"": ""downside_deviation_zero_target""}",1,0.14093732954127391,0.1671158638569139,0.3461062017498608,-0.538568717629496,-0.2529978155520859,0.2018508388289426,-0.09715512373131119,54253.653432295156,0.503345139708776,205,214.26967158094592
downside_deviation,Downside-deviation strategy,downside_25_0.15,"{""downside_threshold"": 0.15, ""downside_window"": 25, ""volatility_type"": ""downside_deviation_zero_target""}",0,0.15876181415869106,0.23023967084779629,0.37024583378100684,-0.6496563460852248,-0.3004817551046982,0.15581200325902467,-0.07497850818989038,86765.95247274567,0.5509641873278237,186,194.47557000181294
downside_deviation,Downside-deviation strategy,downside_25_0.15,"{""downside_threshold"": 0.15, ""downside_window"": 25, ""volatility_type"": ""downside_deviation_zero_target""}",1,0.19869945652341658,0.24805636981409385,0.37332358699293505,-0.5741707899981396,-0.30768140850563475,0.21193356836754162,-0.07129995128262956,242154.83750879407,0.5508330053784599,186,194.4606553606672
downside_deviation,Downside-deviation strategy,downside_25_0.16,"{""downside_threshold"": 0.16, ""downside_window"": 25, ""volatility_type"": ""downside_deviation_zero_target""}",0,0.2921563281579753,0.3158403718507057,0.39253117629234485,-0.5291410855514008,-0.3004817551046982,0.5864283741364869,0.11006295684470091,2353279.9923201264,0.5921553194280467,148,155.8106825045147
downside_deviation,Downside-deviation strategy,downside_25_0.16,"{""downside_threshold"": 0.16, ""downside_window"": 25, ""volatility_type"": ""downside_deviation_zero_target""}",1,0.2643600546610885,0.2859270795098492,0.3950764375175515,-0.5867952690331557,-0.3043112336587457,0.5651979496194832,0.06580260888283984,1217898.3469518377,0.592024137478683,148,155.79502099873702
downside_deviation,Downside-deviation strategy,downside_25_0.17,"{""downside_threshold"": 0.17, ""downside_window"": 25, ""volatility_type"": ""downside_deviation_zero_target""}",0,0.2997464830114396,0.3374588819308397,0.4044785719823081,-0.5355533587530228,-0.3004817551046982,0.6009538392908733,0.11006295684470091,2810073.294787777,0.6130132493768857,130,137.4490698143686
downside_deviation,Downside-deviation strategy,downside_25_0.17,"{""downside_threshold"": 0.17, ""downside_window"": 25, ""volatility_type"": ""downside_deviation_zero_target""}",1,0.32494754289873184,0.32707840138645716,0.4082930072508352,-0.5891477182119333,-0.2526967013203645,0.5328691900415947,0.06580260888283984,5027276.727700139,0.6128820674275219,130,137.4385750981138
downside_deviation,Downside-deviation strategy,downside_25_0.18,"{""downside_threshold"": 0.18, ""downside_window"": 25, ""volatility_type"": ""downside_deviation_zero_target""}",0,0.26751231440177037,0.3121858901293384,0.4191835159559395,-0.515613801804462,-0.34306762166739957,0.6009538392908733,0.11006295684470091,1313308.3292154637,0.6291486291486291,126,133.21481555593272
downside_deviation,Downside-deviation strategy,downside_25_0.18,"{""downside_threshold"": 0.18, ""downside_window"": 25, ""volatility_type"": ""downside_deviation_zero_target""}",1,0.30566537296451957,0.32459986613996406,0.42397215335629906,-0.5891477182119336,-0.3396589376968404,0.5328691900415947,0.06580260888283984,3224674.6068962305,0.6290174471992653,126,133.2082075811719
downside_deviation,Downside-deviation strategy,downside_25_0.19,"{""downside_threshold"": 0.19, ""downside_window"": 25, ""volatility_type"": ""downside_deviation_zero_target""}",0,0.25826076240346985,0.2885766606661673,0.4309352887469692,-0.5372629963570217,-0.3500792624264939,0.6009538392908733,0.11006295684470091,1051961.2620134943,0.6452840089203725,132,138.95593478308967
downside_deviation,Downside-deviation strategy,downside_25_0.19,"{""downside_threshold"": 0.19, ""downside_window"": 25, ""volatility_type"": ""downside_deviation_zero_target""}",1,0.28390891923512496,0.300899764870012,0.43590593900836117,-0.5891477182119336,-0.31237294726799736,0.5328691900415947,0.06580260888283984,1938399.8032404797,0.6451528269710088,132,138.94742214587998
downside_deviation,Downside-deviation strategy,downside_25_0.20,"{""downside_threshold"": 0.2, ""downside_window"": 25, ""volatility_type"": ""downside_deviation_zero_target""}",0,0.2597183393414273,0.2599685516172261,0.4430258550055377,-0.6102058845504079,-0.40600346118610164,0.5645211848059575,0.11006295684470091,1089505.0216382425,0.6605011150465696,136,142.73514985709755
downside_deviation,Downside-deviation strategy,downside_25_0.20,"{""downside_threshold"": 0.2, ""downside_window"": 25, ""volatility_type"": ""downside_deviation_zero_target""}",1,0.28701096079421573,0.29813935401783276,0.4485371156789974,-0.5891477182119331,-0.5011604274463141,0.4364073684469254,0.06580260888283984,2085391.5812738934,0.6603699330972058,136,142.73418604131405
downside_deviation,Downside-deviation strategy,downside_25_0.21,"{""downside_threshold"": 0.21, ""downside_window"": 25, ""volatility_type"": ""downside_deviation_zero_target""}",0,0.2792138667162791,0.30524000220095093,0.44983498867421445,-0.610205884550409,-0.484594097704772,0.5645211848059575,0.11006295684470091,1734806.659352672,0.669815033451397,128,134.58523729250425
downside_deviation,Downside-deviation strategy,downside_25_0.21,"{""downside_threshold"": 0.21, ""downside_window"": 25, ""volatility_type"": ""downside_deviation_zero_target""}",1,0.29635417771652484,0.33484305071232834,0.45523516749390663,-0.5891477182119333,-0.5858642181443027,0.4364073684469254,0.06580260888283984,2596209.4741149615,0.6696838515020334,128,134.602181613734
downside_deviation,Downside-deviation strategy,downside_25_0.22,"{""downside_threshold"": 0.22, ""downside_window"": 25, ""volatility_type"": ""downside_deviation_zero_target""}",0,0.29173457449514295,0.3175631414141571,0.45790379294608474,-0.6053217357835738,-0.517017829401988,0.5645211848059575,0.11006295684470091,2330125.5393177536,0.6801784074511347,128,134.43290388821492
downside_deviation,Downside-deviation strategy,downside_25_0.22,"{""downside_threshold"": 0.22, ""downside_window"": 25, ""volatility_type"": ""downside_deviation_zero_target""}",1,0.3155028202257326,0.3385449201852566,0.46257169803449055,-0.5891477182119336,-0.5656231195323023,0.4364073684469254,0.06580260888283984,4047868.8545096843,0.680047225501771,128,134.45478018512517
downside_deviation,Downside-deviation strategy,downside_25_0.23,"{""downside_threshold"": 0.23, ""downside_window"": 25, ""volatility_type"": ""downside_deviation_zero_target""}",0,0.27564134586480815,0.30946570946083574,0.4626523196119059,-0.6267190277637458,-0.6073430179967699,0.5645211848059575,0.11006295684470091,1593904.7351279645,0.6854256854256854,126,132.3667505252283
downside_deviation,Downside-deviation strategy,downside_25_0.23,"{""downside_threshold"": 0.23, ""downside_window"": 25, ""volatility_type"": ""downside_deviation_zero_target""}",1,0.3013881688389213,0.3431797035356756,0.467280186316585,-0.6028186757265881,-0.6028186757265886,0.4364073684469254,0.06580260888283984,2919593.781328323,0.6852945034763217,126,132.374985810672
downside_deviation,Downside-deviation strategy,downside_25_0.24,"{""downside_threshold"": 0.24, ""downside_window"": 25, ""volatility_type"": ""downside_deviation_zero_target""}",0,0.27869922162895167,0.3302435157276775,0.46791900756335936,-0.6673373719852294,-0.6673373719852294,0.5645211848059575,0.11006295684470091,1713790.6252554343,0.6921159648432376,118,124.26837955966545
downside_deviation,Downside-deviation strategy,downside_25_0.24,"{""downside_threshold"": 0.24, ""downside_window"": 25, ""volatility_type"": ""downside_deviation_zero_target""}",1,0.3253582722985311,0.3542900221641707,0.47198530760086893,-0.6318924291417083,-0.6318924291417083,0.4364073684469254,0.06580260888283984,5074695.948122495,0.6919847828938738,118,124.28084978530478
downside_deviation,Downside-deviation strategy,downside_25_0.25,"{""downside_threshold"": 0.25, ""downside_window"": 25, ""volatility_type"": ""downside_deviation_zero_target""}",0,0.27931203733453613,0.3282338350047178,0.475630639486112,-0.7572124070318027,-0.7572124070318033,0.5645211848059575,0.11006295684470091,1738843.75675292,0.699199790108881,120,126.18455158018664
downside_deviation,Downside-deviation strategy,downside_25_0.25,"{""downside_threshold"": 0.25, ""downside_window"": 25, ""volatility_type"": ""downside_deviation_zero_target""}",1,0.30408841212013615,0.3342845812678137,0.4793373712057863,-0.7262180927114732,-0.7262180927114734,0.4364073684469254,0.06580260888283984,3108768.9987845663,0.6990686081595172,120,126.18352209866762
downside_deviation,Downside-deviation strategy,downside_25_0.26,"{""downside_threshold"": 0.26, ""downside_window"": 25, ""volatility_type"": ""downside_deviation_zero_target""}",0,0.2887433551448686,0.3286039674678436,0.47964427317604097,-0.7847470766570351,-0.7847470766570348,0.5645211848059575,0.11006295684470091,2172113.544084091,0.703135248589794,120,126.12278520276291
downside_deviation,Downside-deviation strategy,downside_25_0.26,"{""downside_threshold"": 0.26, ""downside_window"": 25, ""volatility_type"": ""downside_deviation_zero_target""}",1,0.32631743516113265,0.33824021957038575,0.48478712859675654,-0.7655208563023331,-0.7655208563023336,0.4364073684469254,0.06580260888283984,5187122.926224245,0.7030040666404302,120,126.13183481010837
downside_deviation,Downside-deviation strategy,downside_25_0.27,"{""downside_threshold"": 0.27, ""downside_window"": 25, ""volatility_type"": ""downside_deviation_zero_target""}",0,0.2533329472150423,0.3274979921658896,0.4842356636317934,-0.897263571213393,-0.8972635712133932,0.5645211848059575,0.11006295684470091,934072.3589166212,0.7069395251213433,132,138.06365105176494
downside_deviation,Downside-deviation strategy,downside_25_0.27,"{""downside_threshold"": 0.27, ""downside_window"": 25, ""volatility_type"": ""downside_deviation_zero_target""}",1,0.31548034179370443,0.3359821016710385,0.49053489227653746,-0.7694533857834296,-0.7694533857834293,0.4364073684469254,0.06580260888283984,4045774.338926125,0.7068083431719795,132,138.06264849251306
downside_deviation,Downside-deviation strategy,downside_25_0.28,"{""downside_threshold"": 0.28, ""downside_window"": 25, ""volatility_type"": ""downside_deviation_zero_target""}",0,0.30596098994958454,0.33575670197164365,0.49342403620592673,-0.7792920977522911,-0.7792920977522909,0.5917858574004731,0.11006295684470091,3246862.4808317553,0.7124491669946216,126,131.99151844740248
downside_deviation,Downside-deviation strategy,downside_25_0.28,"{""downside_threshold"": 0.28, ""downside_window"": 25, ""volatility_type"": ""downside_deviation_zero_target""}",1,0.3178309895505489,0.3464167255708841,0.4974942392949008,-0.8218530706111657,-0.8218530706111655,0.43133973233368983,0.06580260888283984,4270578.401857635,0.7123179850452578,126,131.98855459478682
downside_deviation,Downside-deviation strategy,downside_25_0.29,"{""downside_threshold"": 0.29, ""downside_window"": 25, ""volatility_type"": ""downside_deviation_zero_target""}",0,0.29988623788506663,0.33681185371577005,0.4994359531455035,-0.7880335872708744,-0.7880335872708738,0.5917858574004731,0.11006295684470091,2819239.753570871,0.7152039879312606,118,123.95016639301458
downside_deviation,Downside-deviation strategy,downside_25_0.29,"{""downside_threshold"": 0.29, ""downside_window"": 25, ""volatility_type"": ""downside_deviation_zero_target""}",1,0.30805323097082216,0.34649910673819084,0.5019346639801576,-0.8091367305394863,-0.8091367305394871,0.43133973233368983,0.06580260888283984,3408172.2683660677,0.7150728059818969,118,123.95061892219469
downside_deviation,Downside-deviation strategy,downside_25_0.30,"{""downside_threshold"": 0.3, ""downside_window"": 25, ""volatility_type"": ""downside_deviation_zero_target""}",0,0.3065064122471133,0.3440889039169044,0.5034719677191727,-0.8026152185763599,-0.8026152185763599,0.5917858574004731,0.11006295684470091,3288187.8524952666,0.719532992260265,116,121.88361098085193
downside_deviation,Downside-deviation strategy,downside_25_0.30,"{""downside_threshold"": 0.3, ""downside_window"": 25, ""volatility_type"": ""downside_deviation_zero_target""}",1,0.3190815602726631,0.3566961952199674,0.5064547029072665,-0.8067180684636897,-0.8067180684636899,0.43133973233368983,0.06580260888283984,4395051.190177994,0.7194018103109012,116,121.88973939021209
downside_deviation,Downside-deviation strategy,downside_30_0.10,"{""downside_threshold"": 0.1, ""downside_window"": 30, ""volatility_type"": ""downside_deviation_zero_target""}",0,0.07376937542626427,0.1353590609083397,0.24278820462171527,-0.5532933445349255,-0.08989239549538453,0.15333943285867324,-0.15575019196896733,8635.31266239318,0.3031614849796668,163,175.52021319049774
downside_deviation,Downside-deviation strategy,downside_30_0.10,"{""downside_threshold"": 0.1, ""downside_window"": 30, ""volatility_type"": ""downside_deviation_zero_target""}",1,0.08502315657934512,0.1384460825488396,0.24860547858650672,-0.646638332562456,-0.12794692732623614,0.3557094802189431,-0.0543883398734617,11842.095796192136,0.3031614849796668,163,175.5190746293635
downside_deviation,Downside-deviation strategy,downside_30_0.11,"{""downside_threshold"": 0.11, ""downside_window"": 30, ""volatility_type"": ""downside_deviation_zero_target""}",0,0.09893442480094916,0.1689421105234845,0.26694993705160464,-0.5578798451986974,-0.09277767317658348,0.20526195225122423,-0.13061163461373737,17418.60011118705,0.3562901744719926,167,178.6926151897586
downside_deviation,Downside-deviation strategy,downside_30_0.11,"{""downside_threshold"": 0.11, ""downside_window"": 30, ""volatility_type"": ""downside_deviation_zero_target""}",1,0.10186245410792294,0.17433696379818042,0.27027162637488117,-0.6383125933193623,-0.24519126890420795,0.34296750293891076,-0.11919055735425399,18880.607128504267,0.3562901744719926,167,178.68463880845928
downside_deviation,Downside-deviation strategy,downside_30_0.12,"{""downside_threshold"": 0.12, ""downside_window"": 30, ""volatility_type"": ""downside_deviation_zero_target""}",0,0.1251037879537087,0.20026984670646453,0.2931292891174426,-0.6386553421809054,-0.20825924198786505,0.4566521179052383,-0.07134862134663222,35530.07129293532,0.4062704971795881,155,165.8767494096678
downside_deviation,Downside-deviation strategy,downside_30_0.12,"{""downside_threshold"": 0.12, ""downside_window"": 30, ""volatility_type"": ""downside_deviation_zero_target""}",1,0.11998860356344832,0.19391496877040337,0.29617699915818513,-0.6727917118633941,-0.286949099851737,0.4813277478954059,-0.07662827661371452,30949.506785666472,0.4062704971795881,155,165.8784818115797
downside_deviation,Downside-deviation strategy,downside_30_0.13,"{""downside_threshold"": 0.13, ""downside_window"": 30, ""volatility_type"": ""downside_deviation_zero_target""}",0,0.10153136684828401,0.13102088608413376,0.3201068177777131,-0.5435990670667861,-0.26116577610615643,0.26791621296980095,-0.18431461023507034,18709.52180022158,0.4528400892037256,191,201.06986765424693
downside_deviation,Downside-deviation strategy,downside_30_0.13,"{""downside_threshold"": 0.13, ""downside_window"": 30, ""volatility_type"": ""downside_deviation_zero_target""}",1,0.10911613844324286,0.14817005621987733,0.32104188762494845,-0.5927562097165373,-0.2981858882568882,0.4937725629657712,-0.04294336814656441,23031.913637154274,0.4528400892037256,191,201.08098178332602
downside_deviation,Downside-deviation strategy,downside_30_0.14,"{""downside_threshold"": 0.14, ""downside_window"": 30, ""volatility_type"": ""downside_deviation_zero_target""}",0,0.14115552453049873,0.2208114490919202,0.34587789952780046,-0.7341331331653654,-0.3889361583113897,0.2631488958645194,-0.09276278129929616,54568.805666467706,0.5064935064935064,182,191.16375863604412
downside_deviation,Downside-deviation strategy,downside_30_0.14,"{""downside_threshold"": 0.14, ""downside_window"": 30, ""volatility_type"": ""downside_deviation_zero_target""}",1,0.13984228325837145,0.21347876759804763,0.3487242319213598,-0.6946497918765977,-0.34465092420763244,0.2169999383824468,-0.11133500685028208,52698.40657736759,0.5063623245441428,182,191.16934453297114
downside_deviation,Downside-deviation strategy,downside_30_0.15,"{""downside_threshold"": 0.15, ""downside_window"": 30, ""volatility_type"": ""downside_deviation_zero_target""}",0,0.2341527870300315,0.29319233166338976,0.37402215586030124,-0.5482693318829471,-0.3459368650285314,0.7465877955136113,0.11006295684470091,585485.2733682257,0.5610651974288338,148,156.35082887685047
downside_deviation,Downside-deviation strategy,downside_30_0.15,"{""downside_threshold"": 0.15, ""downside_window"": 30, ""volatility_type"": ""downside_deviation_zero_target""}",1,0.2292231652887351,0.26599743896938377,0.37540195326279535,-0.5870655083264045,-0.3525949695931949,0.5758540951712026,0.06580260888283984,518641.2615303577,0.56093401547947,148,156.3342340323585
downside_deviation,Downside-deviation strategy,downside_30_0.16,"{""downside_threshold"": 0.16, ""downside_window"": 30, ""volatility_type"": ""downside_deviation_zero_target""}",0,0.28442900395308035,0.3331435736154529,0.3893299038315235,-0.5465803717146623,-0.29660791193650493,0.5640001959235603,0.11006295684470091,1962324.882906121,0.58808867899777,116,123.87637115540913
downside_deviation,Downside-deviation strategy,downside_30_0.16,"{""downside_threshold"": 0.16, ""downside_window"": 30, ""volatility_type"": ""downside_deviation_zero_target""}",1,0.2681259732657395,0.31527462363889125,0.39268563816618385,-0.597120782739303,-0.2636301908870484,0.43142699402237406,0.06580260888283984,1332704.4771484407,0.5879574970484062,116,123.88596421953537
downside_deviation,Downside-deviation strategy,downside_30_0.17,"{""downside_threshold"": 0.17, ""downside_window"": 30, ""volatility_type"": ""downside_deviation_zero_target""}",0,0.2794101531413251,0.34702761684730343,0.4070672035646166,-0.5378090715333124,-0.3168167505930283,0.5640001959235603,0.11006295684470091,1742887.676447617,0.6102584284402466,116,123.52134223848233
downside_deviation,Downside-deviation strategy,downside_30_0.17,"{""downside_threshold"": 0.17, ""downside_window"": 30, ""volatility_type"": ""downside_deviation_zero_target""}",1,0.32102837914261406,0.36713680481827016,0.41125255994025617,-0.591407957446781,-0.24828539044525233,0.43142699402237406,0.06580260888283984,4595833.495299667,0.6101272464908829,116,123.5100377640845
downside_deviation,Downside-deviation strategy,downside_30_0.18,"{""downside_threshold"": 0.18, ""downside_window"": 30, ""volatility_type"": ""downside_deviation_zero_target""}",0,0.2758069241384602,0.3168968992730945,0.4220978523036811,-0.5731582395985387,-0.20748496513192483,0.6009538392908733,0.11006295684470091,1600183.214908623,0.6305916305916306,118,125.17372319175354
downside_deviation,Downside-deviation strategy,downside_30_0.18,"{""downside_threshold"": 0.18, ""downside_window"": 30, ""volatility_type"": ""downside_deviation_zero_target""}",1,0.3001972929519512,0.3429126004242318,0.4257269046400837,-0.591407957446781,-0.2310135761888068,0.5328691900415947,0.06580260888283984,2839745.626342415,0.6304604486422668,118,125.17116050716866
downside_deviation,Downside-deviation strategy,downside_30_0.19,"{""downside_threshold"": 0.19, ""downside_window"": 30, ""volatility_type"": ""downside_deviation_zero_target""}",0,0.29029365926703354,0.30782995370750976,0.4320223041668323,-0.5499621153117028,-0.20748496513192483,0.6009538392908733,0.11006295684470091,2252668.9941222444,0.6465958284140102,124,130.91952464809356
downside_deviation,Downside-deviation strategy,downside_30_0.19,"{""downside_threshold"": 0.19, ""downside_window"": 30, ""volatility_type"": ""downside_deviation_zero_target""}",1,0.3079881745826114,0.32386653322104175,0.43613443659129897,-0.601120131495063,-0.2310135761888068,0.5328691900415947,0.06580260888283984,3403041.7483635563,0.6464646464646465,124,130.93132367117664
downside_deviation,Downside-deviation strategy,downside_30_0.20,"{""downside_threshold"": 0.2, ""downside_window"": 30, ""volatility_type"": ""downside_deviation_zero_target""}",0,0.32180791410034737,0.2814736958895443,0.44287157967693197,-0.624253461832248,-0.20748496513192483,0.6009538392908733,0.11006295684470091,4678692.0008662995,0.6608946608946609,122,128.7270606294208
downside_deviation,Downside-deviation strategy,downside_30_0.20,"{""downside_threshold"": 0.2, ""downside_window"": 30, ""volatility_type"": ""downside_deviation_zero_target""}",1,0.35370558183254386,0.32393641815449015,0.445920870898631,-0.6011201314950618,-0.2310135761888068,0.5328691900415947,0.06580260888283984,9633814.445118494,0.6607634789452971,122,128.73111969556143
downside_deviation,Downside-deviation strategy,downside_30_0.21,"{""downside_threshold"": 0.21, ""downside_window"": 30, ""volatility_type"": ""downside_deviation_zero_target""}",0,0.2909210187111313,0.29418875568673486,0.4498029850735538,-0.6053217357835738,-0.31287816994190687,0.6009538392908733,0.11006295684470091,2286081.7591582607,0.6702085792994884,118,124.60270723650497
downside_deviation,Downside-deviation strategy,downside_30_0.21,"{""downside_threshold"": 0.21, ""downside_window"": 30, ""volatility_type"": ""downside_deviation_zero_target""}",1,0.35081861950449644,0.34970752756266643,0.45446023849627915,-0.6011201314950625,-0.31562731982665604,0.5328691900415947,0.06580260888283984,9030555.125668934,0.6700773973501246,118,124.6130503186707
downside_deviation,Downside-deviation strategy,downside_30_0.22,"{""downside_threshold"": 0.22, ""downside_window"": 30, ""volatility_type"": ""downside_deviation_zero_target""}",0,0.3089386342260749,0.3380932009341604,0.45620333674426095,-0.6053217357835737,-0.46955177463596787,0.6009538392908733,0.11006295684470091,3478745.508887779,0.6792601338055884,112,118.47430036209435
downside_deviation,Downside-deviation strategy,downside_30_0.22,"{""downside_threshold"": 0.22, ""downside_window"": 30, ""volatility_type"": ""downside_deviation_zero_target""}",1,0.36129035813352206,0.3717108826758668,0.46118363684094765,-0.6011201314950625,-0.4435090435193818,0.5328691900415947,0.06580260888283984,11410302.088227723,0.6791289518562246,112,118.49117380084687
downside_deviation,Downside-deviation strategy,downside_30_0.23,"{""downside_threshold"": 0.23, ""downside_window"": 30, ""volatility_type"": ""downside_deviation_zero_target""}",0,0.3039947355561281,0.34273803280519477,0.4631424260384098,-0.6229356718544294,-0.48413721986672054,0.6009538392908733,0.11006295684470091,3102012.103675449,0.6863439590712318,110,116.36350947671583
downside_deviation,Downside-deviation strategy,downside_30_0.23,"{""downside_threshold"": 0.23, ""downside_window"": 30, ""volatility_type"": ""downside_deviation_zero_target""}",1,0.34780956949060626,0.3670626575231577,0.46682706528313206,-0.600188890552786,-0.4708336874226051,0.5328691900415947,0.06580260888283984,8440710.768448668,0.686212777121868,110,116.38290154656198
downside_deviation,Downside-deviation strategy,downside_30_0.24,"{""downside_threshold"": 0.24, ""downside_window"": 30, ""volatility_type"": ""downside_deviation_zero_target""}",0,0.29203164998433495,0.3243987457776596,0.46853655555738993,-0.6763463444344475,-0.6763463444344477,0.6009538392908733,0.11006295684470091,2346412.043864758,0.6917224189951463,120,126.27746068185034
downside_deviation,Downside-deviation strategy,downside_30_0.24,"{""downside_threshold"": 0.24, ""downside_window"": 30, ""volatility_type"": ""downside_deviation_zero_target""}",1,0.3524663937243646,0.34656672655323884,0.47162521020836345,-0.5960277599902696,-0.40105093376659606,0.5328691900415947,0.06580260888283984,9370246.82511586,0.6915912370457825,120,126.29068648242962
downside_deviation,Downside-deviation strategy,downside_30_0.25,"{""downside_threshold"": 0.25, ""downside_window"": 30, ""volatility_type"": ""downside_deviation_zero_target""}",0,0.29499952940774254,0.3344359578066465,0.47224802827981127,-0.7167653643705206,-0.7167653643705201,0.6009538392908733,0.11006295684470091,2515280.7396591576,0.6963137872228782,120,126.21562545722098
downside_deviation,Downside-deviation strategy,downside_30_0.25,"{""downside_threshold"": 0.25, ""downside_window"": 30, ""volatility_type"": ""downside_deviation_zero_target""}",1,0.3386248441793216,0.36146389360492726,0.4773522095094179,-0.5891477182119337,-0.5868558075725436,0.5328691900415947,0.06580260888283984,6861669.110494042,0.6961826052735144,120,126.22818343326541
downside_deviation,Downside-deviation strategy,downside_30_0.26,"{""downside_threshold"": 0.26, ""downside_window"": 30, ""volatility_type"": ""downside_deviation_zero_target""}",0,0.29032894055083025,0.3333251277568263,0.4820319138960669,-0.8051139817582514,-0.8051139817582516,0.6009538392908733,0.11006295684470091,2254535.4542744337,0.702610520792339,120,126.12360847361212
downside_deviation,Downside-deviation strategy,downside_30_0.26,"{""downside_threshold"": 0.26, ""downside_window"": 30, ""volatility_type"": ""downside_deviation_zero_target""}",1,0.34036314852809335,0.3591665885751538,0.4862827468383202,-0.7721350310621805,-0.7721350310621812,0.5328691900415947,0.06580260888283984,7136756.05695097,0.7024793388429752,120,126.13914702152022
downside_deviation,Downside-deviation strategy,downside_30_0.27,"{""downside_threshold"": 0.27, ""downside_window"": 30, ""volatility_type"": ""downside_deviation_zero_target""}",0,0.3039777110985564,0.34451090389023964,0.49123098406918847,-0.8019535654407881,-0.8019535654407881,0.6009538392908733,0.11006295684470091,3100785.65464019,0.7078577987668897,122,128.05168157100263
downside_deviation,Downside-deviation strategy,downside_30_0.27,"{""downside_threshold"": 0.27, ""downside_window"": 30, ""volatility_type"": ""downside_deviation_zero_target""}",1,0.30063823186216965,0.36178779531638683,0.49428264833588664,-0.8784139636346926,-0.8784139636346923,0.5328691900415947,0.06580260888283984,2869061.218917435,0.7077266168175259,122,128.05907017748973
downside_deviation,Downside-deviation strategy,downside_30_0.28,"{""downside_threshold"": 0.28, ""downside_window"": 30, ""volatility_type"": ""downside_deviation_zero_target""}",0,0.3180720007820297,0.34451090389023964,0.49737061310156644,-0.7656027786255549,-0.7656027786255549,0.6009538392908733,0.11006295684470091,4294298.664274736,0.7144168962350781,116,121.95293729705557
downside_deviation,Downside-deviation strategy,downside_30_0.28,"{""downside_threshold"": 0.28, ""downside_window"": 30, ""volatility_type"": ""downside_deviation_zero_target""}",1,0.3278441787314781,0.36178779531638683,0.5002450189450874,-0.8185626718558419,-0.8185626718558415,0.5328691900415947,0.06580260888283984,5371062.73931165,0.7142857142857143,116,121.9680706997516
downside_deviation,Downside-deviation strategy,downside_30_0.29,"{""downside_threshold"": 0.29, ""downside_window"": 30, ""volatility_type"": ""downside_deviation_zero_target""}",0,0.30660644308365614,0.34451090389023964,0.5034488240900952,-0.8062860871515694,-0.8062860871515696,0.6009538392908733,0.11006295684470091,3295821.9484464275,0.7199265381083563,118,123.8765565393811
downside_deviation,Downside-deviation strategy,downside_30_0.29,"{""downside_threshold"": 0.29, ""downside_window"": 30, ""volatility_type"": ""downside_deviation_zero_target""}",1,0.3063412108270649,0.36178779531638683,0.5063099610059126,-0.845332078253837,-0.845332078253837,0.5328691900415947,0.06580260888283984,3275617.5287235775,0.7197953561589925,118,123.88944961765142
downside_deviation,Downside-deviation strategy,downside_30_0.30,"{""downside_threshold"": 0.3, ""downside_window"": 30, ""volatility_type"": ""downside_deviation_zero_target""}",0,0.30102016968654244,0.34282020192049245,0.5063636822192571,-0.828737944008901,-0.8287379440089009,0.5645211848059575,0.11006295684470091,2894690.499045461,0.7232060868424505,114,119.81984936700186
downside_deviation,Downside-deviation strategy,downside_30_0.30,"{""downside_threshold"": 0.3, ""downside_window"": 30, ""volatility_type"": ""downside_deviation_zero_target""}",1,0.3301259796901952,0.3569583117518913,0.5086608099095492,-0.8336771266963678,-0.8336771266963685,0.4364073684469254,0.06580260888283984,5657778.379323834,0.7230749048930867,114,119.8367242909624
downside_deviation,Downside-deviation strategy,downside_35_0.10,"{""downside_threshold"": 0.1, ""downside_window"": 35, ""volatility_type"": ""downside_deviation_zero_target""}",0,0.08373015542920959,0.11898853372742635,0.23886007368192508,-0.6464915507808395,-0.08542700623432053,0.32299708932860405,-0.03156000144481563,11422.027506459819,0.2921422012331103,149,161.73639211222218
downside_deviation,Downside-deviation strategy,downside_35_0.10,"{""downside_threshold"": 0.1, ""downside_window"": 35, ""volatility_type"": ""downside_deviation_zero_target""}",1,0.0715457771557193,0.09945534705819936,0.24201372382113737,-0.736345779978962,-0.08542700623432053,0.49525544059798743,0.04294540985931339,8109.77744367435,0.2921422012331103,149,161.73281584906022
downside_deviation,Downside-deviation strategy,downside_35_0.11,"{""downside_threshold"": 0.11, ""downside_window"": 35, ""volatility_type"": ""downside_deviation_zero_target""}",0,0.1321788838141773,0.2024751142528971,0.2640939134442728,-0.48106352619692017,-0.08542700623432053,0.5150807595095337,-0.06660858171320738,42959.38453904945,0.3495998950544405,137,148.7926373526716
downside_deviation,Downside-deviation strategy,downside_35_0.11,"{""downside_threshold"": 0.11, ""downside_window"": 35, ""volatility_type"": ""downside_deviation_zero_target""}",1,0.12597817531601674,0.18190649219564903,0.26507705779453644,-0.589356903535176,-0.08542700623432053,0.44747000736095566,-0.1194542776145261,36376.031440032646,0.3495998950544405,137,148.78394245411886
downside_deviation,Downside-deviation strategy,downside_35_0.12,"{""downside_threshold"": 0.12, ""downside_window"": 35, ""volatility_type"": ""downside_deviation_zero_target""}",0,0.11287055723093653,0.16570459501892532,0.2868263959077597,-0.5632844216000117,-0.19444121075334675,0.35917336934878996,-0.14189882749184324,25514.301886052468,0.39157811885084615,131,142.08954871037622
downside_deviation,Downside-deviation strategy,downside_35_0.12,"{""downside_threshold"": 0.12, ""downside_window"": 35, ""volatility_type"": ""downside_deviation_zero_target""}",1,0.11916709272695858,0.1491847214019717,0.28894542525182265,-0.5823934493630729,-0.15227979280470127,0.43425610658459224,-0.10713218567021554,30269.227730299663,0.39157811885084615,131,142.07966395736543
downside_deviation,Downside-deviation strategy,downside_35_0.13,"{""downside_threshold"": 0.13, ""downside_window"": 35, ""volatility_type"": ""downside_deviation_zero_target""}",0,0.1237088809482998,0.18254867140199793,0.3155567906677188,-0.6529239003406948,-0.2968649329057862,0.1587791715152751,-0.14776304306318566,34219.75639283002,0.45362718089990817,163,173.073706423832
downside_deviation,Downside-deviation strategy,downside_35_0.13,"{""downside_threshold"": 0.13, ""downside_window"": 35, ""volatility_type"": ""downside_deviation_zero_target""}",1,0.12777040308930498,0.15294564449628245,0.3183428223495995,-0.5241850770699346,-0.18155516026392338,0.28098670538859416,-0.042461295967751056,38171.29209333499,0.45362718089990817,163,173.05674764914235
downside_deviation,Downside-deviation strategy,downside_35_0.14,"{""downside_threshold"": 0.14, ""downside_window"": 35, ""volatility_type"": ""downside_deviation_zero_target""}",0,0.1655191065826893,0.2288337667674316,0.35012733260306594,-0.6579313909465716,-0.3566064092808252,0.2618771605137178,-0.00360917035213415,103475.36656242138,0.516332152695789,164,173.07757213771976
downside_deviation,Downside-deviation strategy,downside_35_0.14,"{""downside_threshold"": 0.14, ""downside_window"": 35, ""volatility_type"": ""downside_deviation_zero_target""}",1,0.17602748952033354,0.23895647207557857,0.35161487579698775,-0.577643270720551,-0.3259332037292545,0.3209726983479928,0.01712740992712347,135802.4523937656,0.5162009707464253,164,173.0549881309049
downside_deviation,Downside-deviation strategy,downside_35_0.15,"{""downside_threshold"": 0.15, ""downside_window"": 35, ""volatility_type"": ""downside_deviation_zero_target""}",0,0.21214242967662056,0.2749124863752821,0.37292956153028933,-0.5512278608326597,-0.3495987358513527,0.39657144080432194,0.11006295684470091,339465.37314710097,0.5615899252262888,132,140.31083876377582
downside_deviation,Downside-deviation strategy,downside_35_0.15,"{""downside_threshold"": 0.15, ""downside_window"": 35, ""volatility_type"": ""downside_deviation_zero_target""}",1,0.24222159849688452,0.302943446535594,0.3753346124200615,-0.5886282914122707,-0.24254728593634478,0.3331057587068602,0.06580260888283984,713246.480978095,0.5614587432769251,132,140.31486399772405
downside_deviation,Downside-deviation strategy,downside_35_0.16,"{""downside_threshold"": 0.16, ""downside_window"": 35, ""volatility_type"": ""downside_deviation_zero_target""}",0,0.2673026138780181,0.3369323059172449,0.39081354584158046,-0.526081954665443,-0.21018148717730334,0.39657144080432194,0.11006295684470091,1306743.0415011817,0.5884822248458612,114,121.86091392577742
downside_deviation,Downside-deviation strategy,downside_35_0.16,"{""downside_threshold"": 0.16, ""downside_window"": 35, ""volatility_type"": ""downside_deviation_zero_target""}",1,0.2882927363193424,0.345568206335104,0.3946454412019614,-0.5867952690331565,-0.2310135761888068,0.3331057587068602,0.06580260888283984,2149226.2318345476,0.5883510428964974,114,121.8640353500121
downside_deviation,Downside-deviation strategy,downside_35_0.17,"{""downside_threshold"": 0.17, ""downside_window"": 35, ""volatility_type"": ""downside_deviation_zero_target""}",0,0.29021239211234895,0.3508380895737566,0.40701708873659165,-0.5260819546654436,-0.20748496513192483,0.6009538392908733,0.11006295684470091,2248375.4597012843,0.6097337006427915,92,99.50142098030007
downside_deviation,Downside-deviation strategy,downside_35_0.17,"{""downside_threshold"": 0.17, ""downside_window"": 35, ""volatility_type"": ""downside_deviation_zero_target""}",1,0.3103260439394555,0.34943682711515334,0.4098003576159791,-0.5867952690331562,-0.2310135761888068,0.5328691900415947,0.06580260888283984,3592182.8836794104,0.6096025186934277,92,99.5009946067675
downside_deviation,Downside-deviation strategy,downside_35_0.18,"{""downside_threshold"": 0.18, ""downside_window"": 35, ""volatility_type"": ""downside_deviation_zero_target""}",0,0.29947031356299036,0.35837838587164517,0.41654886037829364,-0.526081954665443,-0.20748496513192483,0.6009538392908733,0.11006295684470091,2792044.136821375,0.6278368096549914,102,109.21255643704541
downside_deviation,Downside-deviation strategy,downside_35_0.18,"{""downside_threshold"": 0.18, ""downside_window"": 35, ""volatility_type"": ""downside_deviation_zero_target""}",1,0.33571881093218314,0.3726526077231531,0.4211599858863875,-0.5867952690331557,-0.2310135761888068,0.5328691900415947,0.06580260888283984,6424530.536694364,0.6277056277056277,102,109.20945042419916
downside_deviation,Downside-deviation strategy,downside_35_0.19,"{""downside_threshold"": 0.19, ""downside_window"": 35, ""volatility_type"": ""downside_deviation_zero_target""}",0,0.3138783918864825,0.30536659670310184,0.4290380963401479,-0.5279190451042535,-0.20748496513192483,0.6009538392908733,0.11006295684470091,3899174.810118435,0.6456775547684639,102,108.94391400004761
downside_deviation,Downside-deviation strategy,downside_35_0.19,"{""downside_threshold"": 0.19, ""downside_window"": 35, ""volatility_type"": ""downside_deviation_zero_target""}",1,0.36079392189943005,0.3614538364275228,0.43333384308513734,-0.5867952690331555,-0.2310135761888068,0.5328691900415947,0.06580260888283984,11284934.918782799,0.6455463728191001,102,108.94326080412498
downside_deviation,Downside-deviation strategy,downside_35_0.20,"{""downside_threshold"": 0.2, ""downside_window"": 35, ""volatility_type"": ""downside_deviation_zero_target""}",0,0.2959499493610016,0.2964685939115228,0.43945565605357106,-0.6357257517667612,-0.20748496513192483,0.6009538392908733,0.11006295684470091,2571800.3310841564,0.660238751147842,120,126.73991003507355
downside_deviation,Downside-deviation strategy,downside_35_0.20,"{""downside_threshold"": 0.2, ""downside_window"": 35, ""volatility_type"": ""downside_deviation_zero_target""}",1,0.3499473906519146,0.36364486334077584,0.44352978821719097,-0.6021882772949143,-0.2310135761888068,0.5328691900415947,0.06580260888283984,8855794.015741196,0.6601075691984782,120,126.74588383063582
downside_deviation,Downside-deviation strategy,downside_35_0.21,"{""downside_threshold"": 0.21, ""downside_window"": 35, ""volatility_type"": ""downside_deviation_zero_target""}",0,0.3047149642391034,0.33855838583006137,0.45072108351781875,-0.7075481157332278,-0.20748496513192483,0.6009538392908733,0.11006295684470091,3154329.558872834,0.6719139446412173,110,116.56804576198184
downside_deviation,Downside-deviation strategy,downside_35_0.21,"{""downside_threshold"": 0.21, ""downside_window"": 35, ""volatility_type"": ""downside_deviation_zero_target""}",1,0.3860895792099819,0.39822089716963815,0.4543538772833224,-0.5867952690331557,-0.2310135761888068,0.5328691900415947,0.06580260888283984,19714356.369529903,0.6717827626918536,110,116.58122831820944
downside_deviation,Downside-deviation strategy,downside_35_0.22,"{""downside_threshold"": 0.22, ""downside_window"": 35, ""volatility_type"": ""downside_deviation_zero_target""}",0,0.31624156389594504,0.3415315083106034,0.4563809097420222,-0.7038889342782855,-0.3392857563953485,0.6009538392908733,0.11006295684470091,4117290.6582300477,0.6793913157549522,104,110.46264827689737
downside_deviation,Downside-deviation strategy,downside_35_0.22,"{""downside_threshold"": 0.22, ""downside_window"": 35, ""volatility_type"": ""downside_deviation_zero_target""}",1,0.3624806703122925,0.37006520324541814,0.46144651641993994,-0.5867952690331556,-0.33154928761238533,0.5328691900415947,0.06580260888283984,11716407.064145321,0.6792601338055884,104,110.47480676542776
downside_deviation,Downside-deviation strategy,downside_35_0.23,"{""downside_threshold"": 0.23, ""downside_window"": 35, ""volatility_type"": ""downside_deviation_zero_target""}",0,0.33916105446135036,0.34149909006960955,0.46090574734256073,-0.6053217357835737,-0.3392857563953485,0.6009538392908733,0.11006295684470091,6945411.904437628,0.6855568673750492,92,98.37812713558486
downside_deviation,Downside-deviation strategy,downside_35_0.23,"{""downside_threshold"": 0.23, ""downside_window"": 35, ""volatility_type"": ""downside_deviation_zero_target""}",1,0.3685861216224564,0.3692888245798218,0.46548206300118705,-0.5891477182119336,-0.3510141084624101,0.5328691900415947,0.06580260888283984,13415596.629193047,0.6854256854256854,92,98.38605672737435
downside_deviation,Downside-deviation strategy,downside_35_0.24,"{""downside_threshold"": 0.24, ""downside_window"": 35, ""volatility_type"": ""downside_deviation_zero_target""}",0,0.3408722380338798,0.3474785757301575,0.4645235435877364,-0.6053217357835737,-0.45457121728973005,0.6009538392908733,0.11006295684470091,7219318.346024977,0.6888364161091434,102,108.3317370884354
downside_deviation,Downside-deviation strategy,downside_35_0.24,"{""downside_threshold"": 0.24, ""downside_window"": 35, ""volatility_type"": ""downside_deviation_zero_target""}",1,0.3663265436749161,0.3764044257085133,0.4679099261364673,-0.5891477182119336,-0.4190497150104603,0.5328691900415947,0.06580260888283984,12760670.029856138,0.6887052341597796,102,108.33764476053813
downside_deviation,Downside-deviation strategy,downside_35_0.25,"{""downside_threshold"": 0.25, ""downside_window"": 35, ""volatility_type"": ""downside_deviation_zero_target""}",0,0.3373141582284136,0.34919195532505864,0.4709235867735364,-0.6253298907004525,-0.538493784358838,0.6009538392908733,0.11006295684470091,6661061.861880646,0.6948707857798767,110,116.25247945342718
downside_deviation,Downside-deviation strategy,downside_35_0.25,"{""downside_threshold"": 0.25, ""downside_window"": 35, ""volatility_type"": ""downside_deviation_zero_target""}",1,0.34993330510923815,0.3809219900622167,0.4752537033109631,-0.6090435020828503,-0.6090435020828509,0.5328691900415947,0.06580260888283984,8852995.617681403,0.6947396038305129,110,116.2485292871547
downside_deviation,Downside-deviation strategy,downside_35_0.26,"{""downside_threshold"": 0.26, ""downside_window"": 35, ""volatility_type"": ""downside_deviation_zero_target""}",0,0.31747775637314946,0.3492170997105881,0.48576243219775467,-0.7454586977991511,-0.7454586977991511,0.6009538392908733,0.11006295684470091,4236042.065664733,0.7043158861340679,122,128.11564735329694
downside_deviation,Downside-deviation strategy,downside_35_0.26,"{""downside_threshold"": 0.26, ""downside_window"": 35, ""volatility_type"": ""downside_deviation_zero_target""}",1,0.32112587583984187,0.3654613448336044,0.4881037876142792,-0.7823623021099672,-0.7823623021099673,0.5328691900415947,0.06580260888283984,4606118.467485238,0.7041847041847041,122,128.11474589052708
downside_deviation,Downside-deviation strategy,downside_35_0.27,"{""downside_threshold"": 0.27, ""downside_window"": 35, ""volatility_type"": ""downside_deviation_zero_target""}",0,0.27628264649930445,0.34451090389023964,0.4924772932221608,-0.8659743043477566,-0.8659743043477566,0.6009538392908733,0.11006295684470091,1618355.2409739213,0.7100878919060737,128,134.0325209516899
downside_deviation,Downside-deviation strategy,downside_35_0.27,"{""downside_threshold"": 0.27, ""downside_window"": 35, ""volatility_type"": ""downside_deviation_zero_target""}",1,0.29332539656099565,0.36178779531638683,0.4956476756396459,-0.8484660496916381,-0.8484660496916386,0.5328691900415947,0.06580260888283984,2418631.4543613563,0.70995670995671,128,134.03286542327288
downside_deviation,Downside-deviation strategy,downside_35_0.28,"{""downside_threshold"": 0.28, ""downside_window"": 35, ""volatility_type"": ""downside_deviation_zero_target""}",0,0.2928310664786522,0.34451090389023964,0.49909444495120703,-0.8178667368606791,-0.8178667368606793,0.6009538392908733,0.11006295684470091,2390786.817949563,0.7162534435261708,120,125.9332450154768
downside_deviation,Downside-deviation strategy,downside_35_0.28,"{""downside_threshold"": 0.28, ""downside_window"": 35, ""volatility_type"": ""downside_deviation_zero_target""}",1,0.29030956907722594,0.36178779531638683,0.5010158993069591,-0.8970067961404158,-0.8970067961404156,0.5328691900415947,0.06580260888283984,2253510.4742171033,0.716122261576807,120,125.94510714301987
downside_deviation,Downside-deviation strategy,downside_35_0.29,"{""downside_threshold"": 0.29, ""downside_window"": 35, ""volatility_type"": ""downside_deviation_zero_target""}",0,0.31263903839143836,0.3438133514059185,0.5041720742942384,-0.817181190482174,-0.8171811904821744,0.5858262665886345,0.11006295684470091,3789295.2521084696,0.7222878131969042,114,119.84207086072352
downside_deviation,Downside-deviation strategy,downside_35_0.29,"{""downside_threshold"": 0.29, ""downside_window"": 35, ""volatility_type"": ""downside_deviation_zero_target""}",1,0.30984940842569464,0.357978007311369,0.5070016313875597,-0.8710158744999135,-0.8710158744999135,0.45628347202388775,0.06580260888283984,3552814.704685352,0.7221566312475404,114,119.85572177635942
downside_deviation,Downside-deviation strategy,downside_35_0.30,"{""downside_threshold"": 0.3, ""downside_window"": 35, ""volatility_type"": ""downside_deviation_zero_target""}",0,0.30202627698029794,0.34089200589226376,0.5089998101621387,-0.8683075934530156,-0.8683075934530153,0.5239277412234482,0.11006295684470091,2963267.8086372823,0.7246490882854519,110,115.8059094820081
downside_deviation,Downside-deviation strategy,downside_35_0.30,"{""downside_threshold"": 0.3, ""downside_window"": 35, ""volatility_type"": ""downside_deviation_zero_target""}",1,0.3095523316666593,0.3591442128495306,0.5112116461295881,-0.8814985640779729,-0.8814985640779727,0.479334041589093,0.06580260888283984,3528488.7624503276,0.7245179063360881,110,115.81181113233777
downside_deviation,Downside-deviation strategy,downside_40_0.10,"{""downside_threshold"": 0.1, ""downside_window"": 40, ""volatility_type"": ""downside_deviation_zero_target""}",0,0.1157178570106785,0.15067831453445124,0.23132343687032533,-0.5339183772914515,-0.08542700623432053,0.5230160404236244,0.0957953518791701,27567.46678885897,0.28191000918273645,129,141.854293462883
downside_deviation,Downside-deviation strategy,downside_40_0.10,"{""downside_threshold"": 0.1, ""downside_window"": 40, ""volatility_type"": ""downside_deviation_zero_target""}",1,0.11036798745376264,0.14033239300989542,0.23446704540047936,-0.6014787936944778,-0.08542700623432053,0.5354939603714426,0.11169236162710994,23832.470573326795,0.28191000918273645,129,141.8229841389067
downside_deviation,Downside-deviation strategy,downside_40_0.11,"{""downside_threshold"": 0.11, ""downside_window"": 40, ""volatility_type"": ""downside_deviation_zero_target""}",0,0.12429188892374787,0.193942482028445,0.2635209501372413,-0.4277133486931374,-0.08542700623432053,0.46278748614342424,-0.10151472432459496,34761.62326278741,0.3443526170798898,121,132.8385755148766
downside_deviation,Downside-deviation strategy,downside_40_0.11,"{""downside_threshold"": 0.11, ""downside_window"": 40, ""volatility_type"": ""downside_deviation_zero_target""}",1,0.11516442467824306,0.16262596652230377,0.26563887947367104,-0.6316786180800724,-0.08542700623432053,0.46234167046248875,-0.07487435043615209,27156.272494765653,0.3443526170798898,121,132.81709719210733
downside_deviation,Downside-deviation strategy,downside_40_0.12,"{""downside_threshold"": 0.12, ""downside_window"": 40, ""volatility_type"": ""downside_deviation_zero_target""}",0,0.12300787421073434,0.18714676729401525,0.2850353137018494,-0.5581650807059789,-0.08542700623432053,0.31288991360683927,-0.13148689792226964,33579.02727531789,0.392234028597665,131,142.0648626786545
downside_deviation,Downside-deviation strategy,downside_40_0.12,"{""downside_threshold"": 0.12, ""downside_window"": 40, ""volatility_type"": ""downside_deviation_zero_target""}",1,0.0797901388910367,0.12279523901449996,0.28743765477049943,-0.5962286643948969,-0.08542700623432053,0.33055538090967906,-0.08985307696108946,10228.955609692883,0.392234028597665,131,142.0388524770079
downside_deviation,Downside-deviation strategy,downside_40_0.13,"{""downside_threshold"": 0.13, ""downside_window"": 40, ""volatility_type"": ""downside_deviation_zero_target""}",0,0.17116164816459256,0.2569698455491656,0.3223814757441649,-0.4789535845634607,-0.20748496513192483,0.2698996221940022,-0.06613149143650221,119775.35163943248,0.46176046176046176,144,153.9323605936406
downside_deviation,Downside-deviation strategy,downside_40_0.13,"{""downside_threshold"": 0.13, ""downside_window"": 40, ""volatility_type"": ""downside_deviation_zero_target""}",1,0.1392624601800323,0.1871906276743842,0.32409290642015703,-0.5254464623629912,-0.2310135761888068,0.19661016005640986,-0.09349773442272213,51892.45680082257,0.46162927981109797,144,153.9409023299762
downside_deviation,Downside-deviation strategy,downside_40_0.14,"{""downside_threshold"": 0.14, ""downside_window"": 40, ""volatility_type"": ""downside_deviation_zero_target""}",0,0.17354569085856775,0.22599567697536882,0.3476137030973349,-0.5381817715543082,-0.20748496513192483,0.13454125913075554,-0.00360917035213415,127384.89295420198,0.5152826971008789,136,145.0785838296493
downside_deviation,Downside-deviation strategy,downside_40_0.14,"{""downside_threshold"": 0.14, ""downside_window"": 40, ""volatility_type"": ""downside_deviation_zero_target""}",1,0.18135098336324673,0.2335102605313717,0.34913894865134926,-0.5883727171385067,-0.2310135761888068,0.2724043107412115,0.01712740992712347,155711.11048214562,0.5151515151515151,136,145.05526414837243
downside_deviation,Downside-deviation strategy,downside_40_0.15,"{""downside_threshold"": 0.15, ""downside_window"": 40, ""volatility_type"": ""downside_deviation_zero_target""}",0,0.22478341754245657,0.295242480892727,0.3686145598245577,-0.5353798722760601,-0.2604970633496345,0.21095255170935845,0.0011076007636754426,464803.1227204963,0.5571297389479207,116,124.43264828324342
downside_deviation,Downside-deviation strategy,downside_40_0.15,"{""downside_threshold"": 0.15, ""downside_window"": 40, ""volatility_type"": ""downside_deviation_zero_target""}",1,0.22295936402722072,0.3081410879422708,0.3704863443398495,-0.5886282914122704,-0.2310135761888068,0.26585652860955866,0.04540762035122725,444286.93586453045,0.556998556998557,116,124.39499971321133
downside_deviation,Downside-deviation strategy,downside_40_0.16,"{""downside_threshold"": 0.16, ""downside_window"": 40, ""volatility_type"": ""downside_deviation_zero_target""}",0,0.23803596009989092,0.338689275316024,0.38877976863460656,-0.5476003459221066,-0.20748496513192483,0.6009538392908733,0.11006295684470091,643933.2278338713,0.5848091302636758,106,113.91306817521252
downside_deviation,Downside-deviation strategy,downside_40_0.16,"{""downside_threshold"": 0.16, ""downside_window"": 40, ""volatility_type"": ""downside_deviation_zero_target""}",1,0.24973812113048455,0.3435548842096323,0.39292982641608504,-0.5886282914122705,-0.2310135761888068,0.5328691900415947,0.06580260888283984,856241.4761593657,0.584677948314312,106,113.90019497402642
downside_deviation,Downside-deviation strategy,downside_40_0.17,"{""downside_threshold"": 0.17, ""downside_window"": 40, ""volatility_type"": ""downside_deviation_zero_target""}",0,0.2771020266097919,0.3805763065132144,0.4035444384088836,-0.5556713468400774,-0.2635631863108958,0.6009538392908733,0.11006295684470091,1650123.4530219056,0.6097337006427915,100,107.50367662969536
downside_deviation,Downside-deviation strategy,downside_40_0.17,"{""downside_threshold"": 0.17, ""downside_window"": 40, ""volatility_type"": ""downside_deviation_zero_target""}",1,0.30809371489393,0.3653984944114137,0.40772231445953183,-0.5886282914122701,-0.2425801197778129,0.5328691900415947,0.06580260888283984,3411368.712913502,0.6096025186934277,100,107.49391113114442
downside_deviation,Downside-deviation strategy,downside_40_0.18,"{""downside_threshold"": 0.18, ""downside_window"": 40, ""volatility_type"": ""downside_deviation_zero_target""}",0,0.3067124369801535,0.3340234538085467,0.4167948261599841,-0.5353798722760605,-0.20748496513192483,0.6009538392908733,0.11006295684470091,3303929.8308461425,0.6284927194018103,94,101.22983103367204
downside_deviation,Downside-deviation strategy,downside_40_0.18,"{""downside_threshold"": 0.18, ""downside_window"": 40, ""volatility_type"": ""downside_deviation_zero_target""}",1,0.3417804474360755,0.36062000756954515,0.4211341813131227,-0.5886282914122701,-0.2310135761888068,0.5328691900415947,0.06580260888283984,7368907.610042544,0.6283615374524465,94,101.21968946996743
downside_deviation,Downside-deviation strategy,downside_40_0.19,"{""downside_threshold"": 0.19, ""downside_window"": 40, ""volatility_type"": ""downside_deviation_zero_target""}",0,0.32639949602550145,0.3689041071957133,0.4287351635800704,-0.5260819546654436,-0.20748496513192483,0.6009538392908733,0.11006295684470091,5196852.64559525,0.6468581923127378,102,108.93288669701369
downside_deviation,Downside-deviation strategy,downside_40_0.19,"{""downside_threshold"": 0.19, ""downside_window"": 40, ""volatility_type"": ""downside_deviation_zero_target""}",1,0.3386687632439038,0.3795167142637441,0.4344945033772751,-0.5867952690331555,-0.2310135761888068,0.5328691900415947,0.06580260888283984,6868491.307586061,0.646727010363374,102,108.92855069922848
downside_deviation,Downside-deviation strategy,downside_40_0.20,"{""downside_threshold"": 0.2, ""downside_window"": 40, ""volatility_type"": ""downside_deviation_zero_target""}",0,0.32816192605091543,0.3694709230565032,0.4385944454018099,-0.5541392786898598,-0.20748496513192483,0.6009538392908733,0.11006295684470091,5410129.673451759,0.6589269316542044,100,106.74959918708731
downside_deviation,Downside-deviation strategy,downside_40_0.20,"{""downside_threshold"": 0.2, ""downside_window"": 40, ""volatility_type"": ""downside_deviation_zero_target""}",1,0.3716362260904682,0.3936537117812675,0.44221222604978977,-0.5867952690331559,-0.2310135761888068,0.5328691900415947,0.06580260888283984,14351401.09059113,0.6587957497048406,100,106.75301957863614
downside_deviation,Downside-deviation strategy,downside_40_0.21,"{""downside_threshold"": 0.21, ""downside_window"": 40, ""volatility_type"": ""downside_deviation_zero_target""}",0,0.31312028793436,0.3527719547947197,0.4482403728266252,-0.605321735783574,-0.3707790080622211,0.6009538392908733,0.11006295684470091,3831601.9046090543,0.6694214876033058,104,110.59578330005978
downside_deviation,Downside-deviation strategy,downside_40_0.21,"{""downside_threshold"": 0.21, ""downside_window"": 40, ""volatility_type"": ""downside_deviation_zero_target""}",1,0.3607270493571286,0.35605416294668,0.4527832303691362,-0.5867952690331559,-0.33154928761238533,0.5328691900415947,0.06580260888283984,11268149.444425834,0.669290305653942,104,110.60647573100898
downside_deviation,Downside-deviation strategy,downside_40_0.22,"{""downside_threshold"": 0.22, ""downside_window"": 40, ""volatility_type"": ""downside_deviation_zero_target""}",0,0.3288859222000231,0.3531853119760835,0.4547888650642922,-0.6566056853153026,-0.3392857563953485,0.6009538392908733,0.11006295684470091,5500173.816227787,0.6796536796536796,102,108.45053177015961
downside_deviation,Downside-deviation strategy,downside_40_0.22,"{""downside_threshold"": 0.22, ""downside_window"": 40, ""volatility_type"": ""downside_deviation_zero_target""}",1,0.3845247675991712,0.36206425289436805,0.4594554172904916,-0.5891477182119335,-0.33154928761238533,0.5328691900415947,0.06580260888283984,19051252.023985997,0.6795224977043158,102,108.46538484779357
downside_deviation,Downside-deviation strategy,downside_40_0.23,"{""downside_threshold"": 0.23, ""downside_window"": 40, ""volatility_type"": ""downside_deviation_zero_target""}",0,0.3307950405612312,0.358500111401475,0.458953811677812,-0.7218017713050547,-0.3392857563953485,0.6009538392908733,0.11006295684470091,5744617.009053678,0.6835891381345927,96,102.40194296696845
downside_deviation,Downside-deviation strategy,downside_40_0.23,"{""downside_threshold"": 0.23, ""downside_window"": 40, ""volatility_type"": ""downside_deviation_zero_target""}",1,0.37734359861847167,0.3721592546518633,0.46283110750424267,-0.6492072490801624,-0.33154928761238533,0.5328691900415947,0.06580260888283984,16274841.055361692,0.6834579561852289,96,102.41059872130288
downside_deviation,Downside-deviation strategy,downside_40_0.24,"{""downside_threshold"": 0.24, ""downside_window"": 40, ""volatility_type"": ""downside_deviation_zero_target""}",0,0.3184491071178466,0.363364808972817,0.46517332861911426,-0.7138998737477767,-0.47933452386167696,0.6009538392908733,0.11006295684470091,4331669.1982792225,0.6885740522104159,104,110.33607104892803
downside_deviation,Downside-deviation strategy,downside_40_0.24,"{""downside_threshold"": 0.24, ""downside_window"": 40, ""volatility_type"": ""downside_deviation_zero_target""}",1,0.35837013204703183,0.38613055137730723,0.4686936532517638,-0.658640414613016,-0.41527740679203495,0.5328691900415947,0.06580260888283984,10691726.267263487,0.6884428702610521,104,110.34260225969416
downside_deviation,Downside-deviation strategy,downside_40_0.25,"{""downside_threshold"": 0.25, ""downside_window"": 40, ""volatility_type"": ""downside_deviation_zero_target""}",0,0.29766410876229155,0.3499861340828456,0.4782962464835909,-0.8003690877140464,-0.8003690877140464,0.6009538392908733,0.11006295684470091,2676858.0136933117,0.6960514233241506,120,126.23332698756809
downside_deviation,Downside-deviation strategy,downside_40_0.25,"{""downside_threshold"": 0.25, ""downside_window"": 40, ""volatility_type"": ""downside_deviation_zero_target""}",1,0.3300735301805413,0.37054164337973305,0.48024568425667813,-0.7720436621697793,-0.7720436621697793,0.5328691900415947,0.06580260888283984,5651024.77796712,0.6959202413747868,120,126.23482591318816
downside_deviation,Downside-deviation strategy,downside_40_0.26,"{""downside_threshold"": 0.26, ""downside_window"": 40, ""volatility_type"": ""downside_deviation_zero_target""}",0,0.2856062264355157,0.3505893366488442,0.4836181990485685,-0.8733323845261549,-0.8733323845261547,0.6009538392908733,0.11006295684470091,2017539.1712536563,0.7023481568936114,122,128.14176338767712
downside_deviation,Downside-deviation strategy,downside_40_0.26,"{""downside_threshold"": 0.26, ""downside_window"": 40, ""volatility_type"": ""downside_deviation_zero_target""}",1,0.29321380408577635,0.37108576402505955,0.48546738240020343,-0.8755120651749608,-0.8755120651749607,0.5328691900415947,0.06580260888283984,2412318.3970229346,0.7022169749442476,122,128.14895552806252
downside_deviation,Downside-deviation strategy,downside_40_0.27,"{""downside_threshold"": 0.27, ""downside_window"": 40, ""volatility_type"": ""downside_deviation_zero_target""}",0,0.2787281126257699,0.3492170997105881,0.49207401708357573,-0.909136512206741,-0.9091365122067409,0.6009538392908733,0.11006295684470091,1714963.8661759247,0.712186803095894,118,123.99129552476002
downside_deviation,Downside-deviation strategy,downside_40_0.27,"{""downside_threshold"": 0.27, ""downside_window"": 40, ""volatility_type"": ""downside_deviation_zero_target""}",1,0.30153768511580226,0.3654613448336044,0.4944683753678214,-0.8772406587693716,-0.8772406587693711,0.5328691900415947,0.06580260888283984,2929770.9400159754,0.7120556211465302,118,124.00108639385925
downside_deviation,Downside-deviation strategy,downside_40_0.28,"{""downside_threshold"": 0.28, ""downside_window"": 40, ""volatility_type"": ""downside_deviation_zero_target""}",0,0.2980780974281847,0.3485171055810734,0.49876156363854607,-0.8862633176589897,-0.8862633176589899,0.5858262665886345,0.11006295684470091,2702846.052682683,0.7176964449691723,114,119.91280110533566
downside_deviation,Downside-deviation strategy,downside_40_0.28,"{""downside_threshold"": 0.28, ""downside_window"": 40, ""volatility_type"": ""downside_deviation_zero_target""}",1,0.3156609792994618,0.361641279570313,0.5010952814445958,-0.876978760382354,-0.8769787603823543,0.45628347202388775,0.06580260888283984,4062635.614687574,0.7175652630198085,114,119.9235924884498
downside_deviation,Downside-deviation strategy,downside_40_0.29,"{""downside_threshold"": 0.29, ""downside_window"": 40, ""volatility_type"": ""downside_deviation_zero_target""}",0,0.2921383716862682,0.3485171055810734,0.505245135777999,-0.8969361019690207,-0.8969361019690206,0.5858262665886345,0.11006295684470091,2352289.655847433,0.7218942673488128,112,117.84336318670174
downside_deviation,Downside-deviation strategy,downside_40_0.29,"{""downside_threshold"": 0.29, ""downside_window"": 40, ""volatility_type"": ""downside_deviation_zero_target""}",1,0.3182770030739872,0.361641279570313,0.5081953076314978,-0.8835668141293485,-0.8835668141293485,0.45628347202388775,0.06580260888283984,4314575.1628037775,0.721763085399449,112,117.85762650718326
downside_deviation,Downside-deviation strategy,downside_40_0.30,"{""downside_threshold"": 0.3, ""downside_window"": 40, ""volatility_type"": ""downside_deviation_zero_target""}",0,0.2917268841588383,0.3455855344723666,0.5073422717246471,-0.8989345953299692,-0.8989345953299692,0.5239277412234482,0.11006295684470091,2329705.388600451,0.7232060868424505,110,115.82109271927337
downside_deviation,Downside-deviation strategy,downside_40_0.30,"{""downside_threshold"": 0.3, ""downside_window"": 40, ""volatility_type"": ""downside_deviation_zero_target""}",1,0.31356478620692196,0.3628106310566219,0.5092911545623593,-0.8860660482138606,-0.8860660482138606,0.479334041589093,0.06580260888283984,3871083.2573722047,0.7230749048930867,110,115.83439957979303
downside_deviation,Downside-deviation strategy,downside_45_0.10,"{""downside_threshold"": 0.1, ""downside_window"": 45, ""volatility_type"": ""downside_deviation_zero_target""}",0,0.09203497517004622,0.12375709284587022,0.23018490824351936,-0.5558881661196067,-0.08542700623432053,0.4901727007684704,0.011477441058246551,14393.439599920635,0.27535091171454806,129,141.99891865379539
downside_deviation,Downside-deviation strategy,downside_45_0.10,"{""downside_threshold"": 0.1, ""downside_window"": 45, ""volatility_type"": ""downside_deviation_zero_target""}",1,0.07864890256128443,0.09879422093208978,0.2340793564740072,-0.660316267514993,-0.08542700623432053,0.4218000085088316,-0.02322024951618018,9906.513267933131,0.27535091171454806,129,141.96835733289757
downside_deviation,Downside-deviation strategy,downside_45_0.11,"{""downside_threshold"": 0.11, ""downside_window"": 45, ""volatility_type"": ""downside_deviation_zero_target""}",0,0.08487899466266113,0.10989672249093241,0.2577206252455254,-0.5192608261361427,-0.08542700623432053,0.4691147724478022,-0.06784386255082187,11794.530860605077,0.3286107831562377,117,129.07336634762802
downside_deviation,Downside-deviation strategy,downside_45_0.11,"{""downside_threshold"": 0.11, ""downside_window"": 45, ""volatility_type"": ""downside_deviation_zero_target""}",1,0.06239602038019498,0.07552352743852797,0.2602151968438136,-0.6655913076128297,-0.08542700623432053,0.43262055947351796,-0.06224204838788672,6254.636355992892,0.3286107831562377,117,129.0502946037141
downside_deviation,Downside-deviation strategy,downside_45_0.12,"{""downside_threshold"": 0.12, ""downside_window"": 45, ""volatility_type"": ""downside_deviation_zero_target""}",0,0.10454018982825763,0.17873797499824073,0.29036726322929624,-0.5504363410322912,-0.20748496513192483,0.13613404168534182,-0.20666160933099265,20321.007272362807,0.394464121736849,137,147.99199346613688
downside_deviation,Downside-deviation strategy,downside_45_0.12,"{""downside_threshold"": 0.12, ""downside_window"": 45, ""volatility_type"": ""downside_deviation_zero_target""}",1,0.09982791076245978,0.14758940997302994,0.29295843872305366,-0.5422427214689023,-0.23101357618880625,0.21846573889897503,-0.17816671800548467,17852.71106829805,0.394464121736849,137,147.98717731706896
downside_deviation,Downside-deviation strategy,downside_45_0.13,"{""downside_threshold"": 0.13, ""downside_window"": 45, ""volatility_type"": ""downside_deviation_zero_target""}",0,0.11005576217741364,0.15876568629036059,0.32277996808824705,-0.5745369303108729,-0.2570880189693654,0.14093656234627971,-0.14517182667881257,23630.320246229767,0.4621540076085531,127,136.93826960418323
downside_deviation,Downside-deviation strategy,downside_45_0.13,"{""downside_threshold"": 0.13, ""downside_window"": 45, ""volatility_type"": ""downside_deviation_zero_target""}",1,0.11545584871696701,0.1816858185155119,0.32438699244736263,-0.6244820684526604,-0.2310135761888068,0.1636328527832731,-0.1460219944065363,27372.05251326865,0.4621540076085531,127,136.92997858055574
downside_deviation,Downside-deviation strategy,downside_45_0.14,"{""downside_threshold"": 0.14, ""downside_window"": 45, ""volatility_type"": ""downside_deviation_zero_target""}",0,0.18352588782253543,0.28712989032420855,0.34613163117457607,-0.6463626777247127,-0.3030011717065447,0.19673564210161398,-0.07497850818989038,164632.3865102904,0.5134461498097862,122,131.10458826463108
downside_deviation,Downside-deviation strategy,downside_45_0.14,"{""downside_threshold"": 0.14, ""downside_window"": 45, ""volatility_type"": ""downside_deviation_zero_target""}",1,0.2093975085231261,0.33178199976012746,0.34775736590788187,-0.6094310357599679,-0.2310135761888068,0.2554355889758666,-0.07129995128262956,316937.01347039104,0.5133149678604224,122,131.11315962234448
downside_deviation,Downside-deviation strategy,downside_45_0.15,"{""downside_threshold"": 0.15, ""downside_window"": 45, ""volatility_type"": ""downside_deviation_zero_target""}",0,0.22360678626037345,0.34306368501041695,0.37010678157773264,-0.5442057764135998,-0.20748496513192483,0.5826791516913605,0.11006295684470091,451466.5560841938,0.5531942804670077,100,108.4352322205332
downside_deviation,Downside-deviation strategy,downside_45_0.15,"{""downside_threshold"": 0.15, ""downside_window"": 45, ""volatility_type"": ""downside_deviation_zero_target""}",1,0.2157179589674687,0.3343550158227071,0.3722626290796623,-0.5983979356726015,-0.2310135761888068,0.5799447108657605,0.06580260888283984,371142.8707922292,0.553063098517644,100,108.4305118680941
downside_deviation,Downside-deviation strategy,downside_45_0.16,"{""downside_threshold"": 0.16, ""downside_window"": 45, ""volatility_type"": ""downside_deviation_zero_target""}",0,0.24766127312006359,0.35924539712582426,0.39032895635558973,-0.5579436015887285,-0.31142036061392186,0.5649543053183281,0.11006295684470091,814174.5074081469,0.5855962219598583,104,111.916179410013
downside_deviation,Downside-deviation strategy,downside_45_0.16,"{""downside_threshold"": 0.16, ""downside_window"": 45, ""volatility_type"": ""downside_deviation_zero_target""}",1,0.26344531214704836,0.32339692251438157,0.39313937271756916,-0.6047313813609765,-0.3094049064222325,0.5191741914864718,0.06580260888283984,1191490.2975096127,0.5854650400104946,104,111.9118482008031
downside_deviation,Downside-deviation strategy,downside_45_0.17,"{""downside_threshold"": 0.17, ""downside_window"": 45, ""volatility_type"": ""downside_deviation_zero_target""}",0,0.24238822899966594,0.295488575598583,0.405135856396786,-0.5636786494912539,-0.23627766121809224,0.5649543053183281,0.11006295684470091,716150.1028210779,0.6092089728453365,94,101.55357781730794
downside_deviation,Downside-deviation strategy,downside_45_0.17,"{""downside_threshold"": 0.17, ""downside_window"": 45, ""volatility_type"": ""downside_deviation_zero_target""}",1,0.2723369481485698,0.31290118228301234,0.40843656306108306,-0.6047313813609774,-0.2310135761888068,0.5191741914864718,0.06580260888283984,1473475.2791015846,0.6090777908959727,94,101.54360181034015
downside_deviation,Downside-deviation strategy,downside_45_0.18,"{""downside_threshold"": 0.18, ""downside_window"": 45, ""volatility_type"": ""downside_deviation_zero_target""}",0,0.2857133871044377,0.3342771518370484,0.4181903887157341,-0.5316048869501027,-0.20748496513192483,0.5649543053183281,0.11006295684470091,2022639.1840549838,0.6309851764397219,90,97.18055718035745
downside_deviation,Downside-deviation strategy,downside_45_0.18,"{""downside_threshold"": 0.18, ""downside_window"": 45, ""volatility_type"": ""downside_deviation_zero_target""}",1,0.33451878532498314,0.3779044484544727,0.4232666943472739,-0.5986999094008932,-0.2310135761888068,0.5191741914864718,0.06580260888283984,6251984.379807241,0.6308539944903582,90,97.17174022030291
downside_deviation,Downside-deviation strategy,downside_45_0.19,"{""downside_threshold"": 0.19, ""downside_window"": 45, ""volatility_type"": ""downside_deviation_zero_target""}",0,0.32603669527657764,0.3592176560418523,0.42599296635352385,-0.5368423684124355,-0.20748496513192483,0.5649543053183281,0.11006295684470091,5153969.444421858,0.6452840089203725,80,86.96043043123737
downside_deviation,Downside-deviation strategy,downside_45_0.19,"{""downside_threshold"": 0.19, ""downside_window"": 45, ""volatility_type"": ""downside_deviation_zero_target""}",1,0.33969928640445657,0.37637512329009204,0.43062548895969455,-0.5843860010770947,-0.2310135761888068,0.5191741914864718,0.06580260888283984,7030463.933665724,0.6451528269710088,80,86.9700595595344
downside_deviation,Downside-deviation strategy,downside_45_0.20,"{""downside_threshold"": 0.2, ""downside_window"": 45, ""volatility_type"": ""downside_deviation_zero_target""}",0,0.32945644492421633,0.34539528957049503,0.4354438046044735,-0.6022315858704217,-0.3392857563953485,0.5649543053183281,0.11006295684470091,5572149.581535452,0.6577462941099305,88,94.79121917852834
downside_deviation,Downside-deviation strategy,downside_45_0.20,"{""downside_threshold"": 0.2, ""downside_window"": 45, ""volatility_type"": ""downside_deviation_zero_target""}",1,0.368630729676664,0.3656099492549947,0.4398590578166859,-0.5892950075106088,-0.33154928761238533,0.5191741914864718,0.06580260888283984,13428847.672197258,0.6576151121605667,88,94.78700936640732
downside_deviation,Downside-deviation strategy,downside_45_0.21,"{""downside_threshold"": 0.21, ""downside_window"": 45, ""volatility_type"": ""downside_deviation_zero_target""}",0,0.34845599284575623,0.3557897461790658,0.44407538762575927,-0.5869374038029348,-0.3392857563953485,0.5965257462986415,0.11006295684470091,8564195.30945473,0.6706021251475797,90,96.61674070489732
downside_deviation,Downside-deviation strategy,downside_45_0.21,"{""downside_threshold"": 0.21, ""downside_window"": 45, ""volatility_type"": ""downside_deviation_zero_target""}",1,0.39459785011821213,0.36464426920938764,0.448672427337654,-0.5891477182119331,-0.33154928761238533,0.5025565632166673,0.06580260888283984,23729178.31736867,0.6704709431982159,90,96.60354809830085
downside_deviation,Downside-deviation strategy,downside_45_0.22,"{""downside_threshold"": 0.22, ""downside_window"": 45, ""volatility_type"": ""downside_deviation_zero_target""}",0,0.3370491566952081,0.3399493392799888,0.449352074158171,-0.6053217357835732,-0.3392857563953485,0.5965257462986415,0.11006295684470091,6621197.003691145,0.676636494818313,98,104.50973020073764
downside_deviation,Downside-deviation strategy,downside_45_0.22,"{""downside_threshold"": 0.22, ""downside_window"": 45, ""volatility_type"": ""downside_deviation_zero_target""}",1,0.36318174108081,0.35100688526004187,0.4552165377063411,-0.5891477182119333,-0.33154928761238533,0.5025565632166673,0.06580260888283984,11900396.86400256,0.6765053128689492,98,104.51466534266876
downside_deviation,Downside-deviation strategy,downside_45_0.23,"{""downside_threshold"": 0.23, ""downside_window"": 45, ""volatility_type"": ""downside_deviation_zero_target""}",0,0.33360845906630976,0.33966201013143826,0.4578576872802312,-0.6092137864143394,-0.33154928761238533,0.5965257462986415,0.11006295684470091,6124090.540515861,0.6833267742358652,96,102.40830917901704
downside_deviation,Downside-deviation strategy,downside_45_0.23,"{""downside_threshold"": 0.23, ""downside_window"": 45, ""volatility_type"": ""downside_deviation_zero_target""}",1,0.3608241317630947,0.35345063712324465,0.46104918298424896,-0.5891477182119331,-0.33154928761238533,0.5025565632166673,0.06580260888283984,11292525.731412357,0.6831955922865014,96,102.42476730859953
downside_deviation,Downside-deviation strategy,downside_45_0.24,"{""downside_threshold"": 0.24, ""downside_window"": 45, ""volatility_type"": ""downside_deviation_zero_target""}",0,0.31237113471437006,0.3385468297372414,0.4645106439830019,-0.7030724951118578,-0.33154928761238533,0.5965257462986415,0.11006295684470091,3765939.928184121,0.6863439590712318,104,110.36656059315189
downside_deviation,Downside-deviation strategy,downside_45_0.24,"{""downside_threshold"": 0.24, ""downside_window"": 45, ""volatility_type"": ""downside_deviation_zero_target""}",1,0.34468843761435997,0.3511668534909216,0.4667727728778851,-0.6256904080821521,-0.33154928761238533,0.5025565632166673,0.06580260888283984,7868312.814187321,0.686212777121868,104,110.37853866129122
downside_deviation,Downside-deviation strategy,downside_45_0.25,"{""downside_threshold"": 0.25, ""downside_window"": 45, ""volatility_type"": ""downside_deviation_zero_target""}",0,0.31434011388142036,0.3373163093390077,0.471241691900353,-0.6053217357835738,-0.4989427383820654,0.6009538392908733,0.11006295684470091,3940893.093490891,0.6931654204381477,110,116.27033834341731
downside_deviation,Downside-deviation strategy,downside_45_0.25,"{""downside_threshold"": 0.25, ""downside_window"": 45, ""volatility_type"": ""downside_deviation_zero_target""}",1,0.3386631355687042,0.3470221816313863,0.4742777946728416,-0.5891477182119329,-0.44142389841187546,0.5328691900415947,0.06580260888283984,6867616.762677153,0.693034238488784,110,116.27703608002201
downside_deviation,Downside-deviation strategy,downside_45_0.26,"{""downside_threshold"": 0.26, ""downside_window"": 45, ""volatility_type"": ""downside_deviation_zero_target""}",0,0.30818577073096454,0.35530203542659256,0.48346561686428546,-0.7160357118285788,-0.7160357118285785,0.6009538392908733,0.11006295684470091,3418647.858308106,0.7043158861340679,124,130.10566738431115
downside_deviation,Downside-deviation strategy,downside_45_0.26,"{""downside_threshold"": 0.26, ""downside_window"": 45, ""volatility_type"": ""downside_deviation_zero_target""}",1,0.33925498178992863,0.36270447519232185,0.48502724001992364,-0.7004653103429186,-0.4610796206330612,0.5328691900415947,0.06580260888283984,6960182.395394246,0.7041847041847041,124,130.11036694010502
downside_deviation,Downside-deviation strategy,downside_45_0.27,"{""downside_threshold"": 0.27, ""downside_window"": 45, ""volatility_type"": ""downside_deviation_zero_target""}",0,0.29662849863690344,0.34998952871855793,0.4923226458301321,-0.8361381713555915,-0.8361381713555915,0.5700603477851927,0.11006295684470091,2612901.6540358397,0.7129738947920766,114,119.97120361295862
downside_deviation,Downside-deviation strategy,downside_45_0.27,"{""downside_threshold"": 0.27, ""downside_window"": 45, ""volatility_type"": ""downside_deviation_zero_target""}",1,0.327399770406815,0.3618455584760061,0.49412989893451953,-0.74261592253218,-0.7426159225321802,0.46317712792492927,0.06580260888283984,5316880.1480266545,0.7128427128427128,114,119.98292974142495
downside_deviation,Downside-deviation strategy,downside_45_0.28,"{""downside_threshold"": 0.28, ""downside_window"": 45, ""volatility_type"": ""downside_deviation_zero_target""}",0,0.29650443078348787,0.3510039875385924,0.4974230006804727,-0.8789354895448553,-0.8789354895448558,0.5917858574004731,0.11006295684470091,2605339.423214141,0.7166469893742621,112,117.91830830878767
downside_deviation,Downside-deviation strategy,downside_45_0.28,"{""downside_threshold"": 0.28, ""downside_window"": 45, ""volatility_type"": ""downside_deviation_zero_target""}",1,0.3250898495158594,0.3602089282701728,0.4994306214976309,-0.7880260117220159,-0.7880260117220161,0.43133973233368983,0.06580260888283984,5043657.488746679,0.7165158074248983,112,117.92286311108646
downside_deviation,Downside-deviation strategy,downside_45_0.29,"{""downside_threshold"": 0.29, ""downside_window"": 45, ""volatility_type"": ""downside_deviation_zero_target""}",0,0.3034051199077239,0.350727017361967,0.504237998511629,-0.8800936706144341,-0.880093670614434,0.5858262665886345,0.11006295684470091,3059807.9498883327,0.7213695395513577,104,109.85237900853863
downside_deviation,Downside-deviation strategy,downside_45_0.29,"{""downside_threshold"": 0.29, ""downside_window"": 45, ""volatility_type"": ""downside_deviation_zero_target""}",1,0.31239707543797723,0.3614940592060687,0.5060168422377512,-0.8789364106212287,-0.8789364106212291,0.45628347202388775,0.06580260888283984,3768195.2895253194,0.721238357601994,104,109.85981974870327
downside_deviation,Downside-deviation strategy,downside_45_0.30,"{""downside_threshold"": 0.3, ""downside_window"": 45, ""volatility_type"": ""downside_deviation_zero_target""}",0,0.2936826602350031,0.3457535339829818,0.5077652968461983,-0.8977507670567144,-0.8977507670567147,0.48233529312202283,0.11006295684470091,2438950.3583460916,0.723468450741178,110,115.78413046452124
downside_deviation,Downside-deviation strategy,downside_45_0.30,"{""downside_threshold"": 0.3, ""downside_window"": 45, ""volatility_type"": ""downside_deviation_zero_target""}",1,0.32670722522475826,0.35977506728266384,0.5091934856769094,-0.827928093978998,-0.8279280939789977,0.4230102997536924,0.06580260888283984,5233496.627437229,0.7233372687918143,110,115.78855099481044
downside_deviation,Downside-deviation strategy,downside_50_0.10,"{""downside_threshold"": 0.1, ""downside_window"": 50, ""volatility_type"": ""downside_deviation_zero_target""}",0,0.07446438960050106,0.09064645817493244,0.2267972900175977,-0.6063012292572764,-0.08542700623432053,0.2864456454170021,0.07211820640697741,8806.225476381662,0.26380690017053654,117,130.19249896679304
downside_deviation,Downside-deviation strategy,downside_50_0.10,"{""downside_threshold"": 0.1, ""downside_window"": 50, ""volatility_type"": ""downside_deviation_zero_target""}",1,0.08127837494984202,0.09210096176236182,0.23091084284350985,-0.7365684910729895,-0.08542700623432053,0.44598562932006014,0.07211820640697741,10664.714968851185,0.26380690017053654,117,130.16535927823546
downside_deviation,Downside-deviation strategy,downside_50_0.11,"{""downside_threshold"": 0.11, ""downside_window"": 50, ""volatility_type"": ""downside_deviation_zero_target""}",0,0.07967890023080959,0.1244809638613058,0.25440581297600784,-0.5267826449262455,-0.08542700623432053,0.40835091260843326,-0.020379064745242204,10197.085451301044,0.32244523153614063,125,137.14597871668963
downside_deviation,Downside-deviation strategy,downside_50_0.11,"{""downside_threshold"": 0.11, ""downside_window"": 50, ""volatility_type"": ""downside_deviation_zero_target""}",1,0.08503404325631347,0.12039306680914663,0.25797683065945887,-0.6111372723923396,-0.08542700623432053,0.44155553534501046,0.020621650773980926,11845.69528080589,0.32244523153614063,125,137.1379434764502
downside_deviation,Downside-deviation strategy,downside_50_0.12,"{""downside_threshold"": 0.12, ""downside_window"": 50, ""volatility_type"": ""downside_deviation_zero_target""}",0,0.12054634666327746,0.16735290976360884,0.28756452925272985,-0.5228654166570077,-0.20748496513192483,0.15257496413349836,-0.16726697317383765,31419.765164294025,0.39262757444575624,115,126.01678920485361
downside_deviation,Downside-deviation strategy,downside_50_0.12,"{""downside_threshold"": 0.12, ""downside_window"": 50, ""volatility_type"": ""downside_deviation_zero_target""}",1,0.11599474910250529,0.16043706264930235,0.28992166878887954,-0.5288320251678656,-0.2310135761888068,0.2768738798258503,-0.081038542689444,27775.44789175902,0.39262757444575624,115,126.00859486533767
downside_deviation,Downside-deviation strategy,downside_50_0.13,"{""downside_threshold"": 0.13, ""downside_window"": 50, ""volatility_type"": ""downside_deviation_zero_target""}",0,0.1327874384944745,0.17299219815898015,0.3246449593363812,-0.5751242700594638,-0.20748496513192483,0.02334852376308305,-0.15863918294028567,43664.33191591635,0.4675324675324675,115,124.84121276474912
downside_deviation,Downside-deviation strategy,downside_50_0.13,"{""downside_threshold"": 0.13, ""downside_window"": 50, ""volatility_type"": ""downside_deviation_zero_target""}",1,0.16537261579330176,0.22842802649894578,0.3275167220787184,-0.605217741206072,-0.2310135761888068,0.08255364937659726,-0.11724899161305269,103082.16039003576,0.4675324675324675,115,124.8579098915192
downside_deviation,Downside-deviation strategy,downside_50_0.14,"{""downside_threshold"": 0.14, ""downside_window"": 50, ""volatility_type"": ""downside_deviation_zero_target""}",0,0.1600024689474373,0.26368327713011674,0.34814147873511186,-0.6677734822783941,-0.34439475739987213,0.2499602771550502,-0.07497850818989038,89624.35039417325,0.51357733175915,114,123.10529805273531
downside_deviation,Downside-deviation strategy,downside_50_0.14,"{""downside_threshold"": 0.14, ""downside_window"": 50, ""volatility_type"": ""downside_deviation_zero_target""}",1,0.16792246696752833,0.2623648482250027,0.35079062394333793,-0.61668964608394,-0.26150134044125084,0.21708283540916073,-0.07129995128262956,110137.29330655881,0.5134461498097862,114,123.09945737378013
downside_deviation,Downside-deviation strategy,downside_50_0.15,"{""downside_threshold"": 0.15, ""downside_window"": 50, ""volatility_type"": ""downside_deviation_zero_target""}",0,0.2044350347513666,0.29483967739220573,0.36976757204007227,-0.5330876650460732,-0.24263985956972434,0.6133392617315716,0.11006295684470091,279824.26630453416,0.5529319165682802,94,102.44481045049324
downside_deviation,Downside-deviation strategy,downside_50_0.15,"{""downside_threshold"": 0.15, ""downside_window"": 50, ""volatility_type"": ""downside_deviation_zero_target""}",1,0.19422811992504352,0.2850964541856553,0.37242340250265005,-0.6131694962807811,-0.2859135350433626,0.5434860214586719,0.06580260888283984,216238.43169799793,0.5528007346189164,94,102.44079461119749
downside_deviation,Downside-deviation strategy,downside_50_0.16,"{""downside_threshold"": 0.16, ""downside_window"": 50, ""volatility_type"": ""downside_deviation_zero_target""}",0,0.2659831561851318,0.3337641020769948,0.38582106483163925,-0.5330876650460732,-0.20748496513192483,0.6133392617315716,0.11006295684470091,1266155.7927937235,0.5816607634789452,86,94.00253032163138
downside_deviation,Downside-deviation strategy,downside_50_0.16,"{""downside_threshold"": 0.16, ""downside_window"": 50, ""volatility_type"": ""downside_deviation_zero_target""}",1,0.2646615908761343,0.32101522383138326,0.3872495058048563,-0.6131694962807817,-0.2310135761888068,0.5434860214586719,0.06580260888283984,1226726.8880460518,0.5815295815295816,86,93.99510290766344
downside_deviation,Downside-deviation strategy,downside_50_0.17,"{""downside_threshold"": 0.17, ""downside_window"": 50, ""volatility_type"": ""downside_deviation_zero_target""}",0,0.25179481698688533,0.34517191709471695,0.4028144180780879,-0.5403908207832655,-0.2095206058694712,0.6133392617315716,0.11006295684470091,899967.7055085961,0.6075036075036075,86,93.57475473181836
downside_deviation,Downside-deviation strategy,downside_50_0.17,"{""downside_threshold"": 0.17, ""downside_window"": 50, ""volatility_type"": ""downside_deviation_zero_target""}",1,0.2703057993325626,0.355962757253365,0.4086788963325934,-0.6080122824185697,-0.26007664045997037,0.5434860214586719,0.06580260888283984,1403867.9411778783,0.6073724255542438,86,93.56864357948453
downside_deviation,Downside-deviation strategy,downside_50_0.18,"{""downside_threshold"": 0.18, ""downside_window"": 50, ""volatility_type"": ""downside_deviation_zero_target""}",0,0.2987933084780199,0.3549910939955012,0.418961479671433,-0.5403908207832658,-0.20748496513192483,0.6133392617315716,0.11006295684470091,2748319.1627992145,0.6316410861865407,74,81.19381765969356
downside_deviation,Downside-deviation strategy,downside_50_0.18,"{""downside_threshold"": 0.18, ""downside_window"": 50, ""volatility_type"": ""downside_deviation_zero_target""}",1,0.32309493900996444,0.3783059428116715,0.42234683849067983,-0.6080122824185696,-0.2310135761888068,0.5434860214586719,0.06580260888283984,4818663.66386482,0.631509904237177,74,81.19500989875985
downside_deviation,Downside-deviation strategy,downside_50_0.19,"{""downside_threshold"": 0.19, ""downside_window"": 50, ""volatility_type"": ""downside_deviation_zero_target""}",0,0.3049004101573607,0.35640570098182756,0.42701413590051945,-0.5353798722760608,-0.3392857563953485,0.6133392617315716,0.11006295684470091,3167937.8808160033,0.6446280991735537,84,91.01271890252323
downside_deviation,Downside-deviation strategy,downside_50_0.19,"{""downside_threshold"": 0.19, ""downside_window"": 50, ""volatility_type"": ""downside_deviation_zero_target""}",1,0.3485029555702972,0.3910591290776748,0.4316459389037992,-0.5886282914122707,-0.33154928761238533,0.5434860214586719,0.06580260888283984,8573234.222240949,0.64449691722419,84,91.00517089434715
downside_deviation,Downside-deviation strategy,downside_50_0.20,"{""downside_threshold"": 0.2, ""downside_window"": 50, ""volatility_type"": ""downside_deviation_zero_target""}",0,0.35096439883869945,0.3625626878972894,0.4383989945440435,-0.5156138018044614,-0.3392857563953485,0.6133392617315716,0.11006295684470091,9060121.05360455,0.6603699330972058,92,98.76921797471658
downside_deviation,Downside-deviation strategy,downside_50_0.20,"{""downside_threshold"": 0.2, ""downside_window"": 50, ""volatility_type"": ""downside_deviation_zero_target""}",1,0.38804783362579953,0.36851182273118854,0.44275362803617196,-0.5891477182119338,-0.33154928761238533,0.5434860214586719,0.06580260888283984,20575675.839003626,0.660238751147842,92,98.76542653150533
downside_deviation,Downside-deviation strategy,downside_50_0.21,"{""downside_threshold"": 0.21, ""downside_window"": 50, ""volatility_type"": ""downside_deviation_zero_target""}",0,0.3449655619535874,0.3418327426041845,0.4435161154377741,-0.5726757359477035,-0.3392857563953485,0.5710301525823218,0.11006295684470091,7917577.706628206,0.6694214876033058,88,94.61852417719598
downside_deviation,Downside-deviation strategy,downside_50_0.21,"{""downside_threshold"": 0.21, ""downside_window"": 50, ""volatility_type"": ""downside_deviation_zero_target""}",1,0.3876564003298648,0.3546424759969353,0.44801638220918716,-0.5891477182119337,-0.33154928761238533,0.5490123182330318,0.06580260888283984,20400648.238103937,0.669290305653942,88,94.63248659127092
downside_deviation,Downside-deviation strategy,downside_50_0.22,"{""downside_threshold"": 0.22, ""downside_window"": 50, ""volatility_type"": ""downside_deviation_zero_target""}",0,0.3470109548717215,0.33333306565749066,0.45165335469359846,-0.6053217357835736,-0.33154928761238533,0.5710301525823218,0.11006295684470091,8290529.592036206,0.6768988587170406,94,100.51535631011294
downside_deviation,Downside-deviation strategy,downside_50_0.22,"{""downside_threshold"": 0.22, ""downside_window"": 50, ""volatility_type"": ""downside_deviation_zero_target""}",1,0.392894653582023,0.36292219432776496,0.4547728769874394,-0.589147718211934,-0.33154928761238533,0.5490123182330318,0.06580260888283984,22866909.67501674,0.6767676767676768,94,100.5279558078933
downside_deviation,Downside-deviation strategy,downside_50_0.23,"{""downside_threshold"": 0.23, ""downside_window"": 50, ""volatility_type"": ""downside_deviation_zero_target""}",0,0.35274673678456625,0.3382880979376126,0.4551364736663496,-0.6053217357835743,-0.33154928761238533,0.5710301525823218,0.11006295684470091,9429256.725925643,0.6786042240587695,92,98.48887101598407
downside_deviation,Downside-deviation strategy,downside_50_0.23,"{""downside_threshold"": 0.23, ""downside_window"": 50, ""volatility_type"": ""downside_deviation_zero_target""}",1,0.379829059869609,0.3545490892115606,0.45729736404508603,-0.5891477182119333,-0.33154928761238533,0.5490123182330318,0.06580260888283984,17188309.77242625,0.6784730421094057,92,98.50713290001698
downside_deviation,Downside-deviation strategy,downside_50_0.24,"{""downside_threshold"": 0.24, ""downside_window"": 50, ""volatility_type"": ""downside_deviation_zero_target""}",0,0.3209833169854601,0.33843465990580923,0.46090902747801465,-0.6361322512324434,-0.33154928761238533,0.5649543053183281,0.11006295684470091,4591087.374534716,0.6843762298307753,100,106.39805715470582
downside_deviation,Downside-deviation strategy,downside_50_0.24,"{""downside_threshold"": 0.24, ""downside_window"": 50, ""volatility_type"": ""downside_deviation_zero_target""}",1,0.3763510680021105,0.34603627965354566,0.46234738058241237,-0.5891477182119338,-0.33154928761238533,0.5191741914864718,0.06580260888283984,15923334.232237851,0.6842450478814115,100,106.40887456526696
downside_deviation,Downside-deviation strategy,downside_50_0.25,"{""downside_threshold"": 0.25, ""downside_window"": 50, ""volatility_type"": ""downside_deviation_zero_target""}",0,0.33809253636745673,0.35582536338811854,0.4706419624891114,-0.6711261635574002,-0.37569171919489175,0.6009538392908733,0.11006295684470091,6779501.939531602,0.6955266955266955,108,114.22980547345287
downside_deviation,Downside-deviation strategy,downside_50_0.25,"{""downside_threshold"": 0.25, ""downside_window"": 50, ""volatility_type"": ""downside_deviation_zero_target""}",1,0.3622571130275014,0.36446605150036193,0.4733326073942923,-0.6861138336086807,-0.33154928761238533,0.5328691900415947,0.06580260888283984,11658317.071852678,0.6953955135773318,108,114.245532382797
downside_deviation,Downside-deviation strategy,downside_50_0.26,"{""downside_threshold"": 0.26, ""downside_window"": 50, ""volatility_type"": ""downside_deviation_zero_target""}",0,0.3141647048106093,0.35530203542659256,0.4809395733114773,-0.6721262186370311,-0.6721262186370307,0.6009538392908733,0.11006295684470091,3924993.648146738,0.7037911583366129,114,120.0987370120721
downside_deviation,Downside-deviation strategy,downside_50_0.26,"{""downside_threshold"": 0.26, ""downside_window"": 50, ""volatility_type"": ""downside_deviation_zero_target""}",1,0.3389082713341749,0.36270447519232185,0.4832746642009796,-0.6460906681084227,-0.5565180895111399,0.5328691900415947,0.06580260888283984,6905811.026900938,0.7036599763872491,114,120.11313611365026
downside_deviation,Downside-deviation strategy,downside_50_0.27,"{""downside_threshold"": 0.27, ""downside_window"": 50, ""volatility_type"": ""downside_deviation_zero_target""}",0,0.3086578869715517,0.3538592816819197,0.49087086142673025,-0.6869968418794811,-0.6869968418794812,0.5700603477851927,0.11006295684470091,3456216.2470226455,0.7120556211465302,108,113.9740609266105
downside_deviation,Downside-deviation strategy,downside_50_0.27,"{""downside_threshold"": 0.27, ""downside_window"": 50, ""volatility_type"": ""downside_deviation_zero_target""}",1,0.309409815885312,0.3592429501731982,0.4935894071316835,-0.7668850442459924,-0.7668850442459917,0.46317712792492927,0.06580260888283984,3516876.1897991817,0.7119244391971665,108,113.98713945260732
downside_deviation,Downside-deviation strategy,downside_50_0.28,"{""downside_threshold"": 0.28, ""downside_window"": 50, ""volatility_type"": ""downside_deviation_zero_target""}",0,0.32404025826127647,0.3548766484541579,0.4972384881396839,-0.7871120834252867,-0.7871120834252867,0.5917858574004731,0.11006295684470091,4924043.30301797,0.7179588088678998,96,101.89942949720489
downside_deviation,Downside-deviation strategy,downside_50_0.28,"{""downside_threshold"": 0.28, ""downside_window"": 50, ""volatility_type"": ""downside_deviation_zero_target""}",1,0.3227725620796793,0.35760944771363246,0.5005877401753143,-0.8228092392584436,-0.822809239258443,0.43133973233368983,0.06580260888283984,4783227.859530471,0.717827626918536,96,101.90157248632684
downside_deviation,Downside-deviation strategy,downside_50_0.29,"{""downside_threshold"": 0.29, ""downside_window"": 50, ""volatility_type"": ""downside_deviation_zero_target""}",0,0.3138713015572663,0.35242911806540844,0.5003545103301972,-0.8257805315673679,-0.8257805315673674,0.6227867353510257,0.11006295684470091,3898537.5140778837,0.721238357601994,106,111.81194613226825
downside_deviation,Downside-deviation strategy,downside_50_0.29,"{""downside_threshold"": 0.29, ""downside_window"": 50, ""volatility_type"": ""downside_deviation_zero_target""}",1,0.32736953008836434,0.3642848106074985,0.5031972356672446,-0.820069009511029,-0.8200690095110295,0.5118728522475982,0.06580260888283984,5313212.495268405,0.7211071756526302,106,111.82009639248638
downside_deviation,Downside-deviation strategy,downside_50_0.30,"{""downside_threshold"": 0.3, ""downside_window"": 50, ""volatility_type"": ""downside_deviation_zero_target""}",0,0.33719142577701855,0.35242911806540844,0.5044562301015829,-0.7755014807229987,-0.7755014807229997,0.6227867353510257,0.11006295684470091,6642570.1359114405,0.7243867243867244,104,109.76015190511583
downside_deviation,Downside-deviation strategy,downside_50_0.30,"{""downside_threshold"": 0.3, ""downside_window"": 50, ""volatility_type"": ""downside_deviation_zero_target""}",1,0.3658753168428721,0.3642848106074985,0.5073221141944388,-0.7810687801476874,-0.781068780147688,0.5118728522475982,0.06580260888283984,12633639.959684778,0.7242555424373606,104,109.76481741982622
downside_deviation,Downside-deviation strategy,downside_55_0.10,"{""downside_threshold"": 0.1, ""downside_window"": 55, ""volatility_type"": ""downside_deviation_zero_target""}",0,0.08053609883115764,0.0958934313498061,0.22321702488419062,-0.4853993737866601,-0.08542700623432053,0.44670044741112447,0.07211820640697741,10445.177299243082,0.24885215794306703,113,126.40044079039953
downside_deviation,Downside-deviation strategy,downside_55_0.10,"{""downside_threshold"": 0.1, ""downside_window"": 55, ""volatility_type"": ""downside_deviation_zero_target""}",1,0.06860767426066494,0.08352337765876738,0.22576633974215524,-0.5489038429740203,-0.08542700623432053,0.48484489867260816,0.07211820640697741,7462.606726269599,0.24885215794306703,113,126.39787632299888
downside_deviation,Downside-deviation strategy,downside_55_0.11,"{""downside_threshold"": 0.11, ""downside_window"": 55, ""volatility_type"": ""downside_deviation_zero_target""}",0,0.0980661538526888,0.14916048390921754,0.2547661030035466,-0.5203505122588661,-0.08542700623432053,0.4260198209836237,0.020278702859170217,17006.529569612616,0.3237570510297783,103,115.14511229609982
downside_deviation,Downside-deviation strategy,downside_55_0.11,"{""downside_threshold"": 0.11, ""downside_window"": 55, ""volatility_type"": ""downside_deviation_zero_target""}",1,0.0795540308119218,0.10835491062951919,0.2579296405647901,-0.6045677879718678,-0.08542700623432053,0.4444852478941774,0.06496477044510152,10161.4244326481,0.3237570510297783,103,115.15522058617137
downside_deviation,Downside-deviation strategy,downside_55_0.12,"{""downside_threshold"": 0.12, ""downside_window"": 55, ""volatility_type"": ""downside_deviation_zero_target""}",0,0.10507130801861675,0.16323340347427884,0.286176239127627,-0.5692875324812108,-0.08542700623432053,0.0904165413738689,-0.1551194163550682,20619.070125748913,0.3936770300406664,111,122.0465522760777
downside_deviation,Downside-deviation strategy,downside_55_0.12,"{""downside_threshold"": 0.12, ""downside_window"": 55, ""volatility_type"": ""downside_deviation_zero_target""}",1,0.09914097533807609,0.13397166466910826,0.2883611897216612,-0.6536072314356245,-0.08542700623432053,0.22344698044327949,-0.09906641263399363,17518.0387791231,0.3936770300406664,111,121.99680267010793
downside_deviation,Downside-deviation strategy,downside_55_0.13,"{""downside_threshold"": 0.13, ""downside_window"": 55, ""volatility_type"": ""downside_deviation_zero_target""}",0,0.10011623985568296,0.14749052491881987,0.3222280952510988,-0.5767728363972557,-0.2074849651319246,-0.04655293693882301,-0.18919584240881848,17995.018569445267,0.4592680047225502,113,123.0130880872569
downside_deviation,Downside-deviation strategy,downside_55_0.13,"{""downside_threshold"": 0.13, ""downside_window"": 55, ""volatility_type"": ""downside_deviation_zero_target""}",1,0.09023378387270808,0.16362701189601725,0.3239484139078818,-0.6890956149981431,-0.23149038907824626,0.05355917868251381,-0.13075187577976677,13691.458065290848,0.4592680047225502,113,122.99133092558618
downside_deviation,Downside-deviation strategy,downside_55_0.14,"{""downside_threshold"": 0.14, ""downside_window"": 55, ""volatility_type"": ""downside_deviation_zero_target""}",0,0.17225211450109623,0.2511882067820643,0.34700451372592056,-0.5491592479382639,-0.2074849651319246,0.10467625171731898,-0.07497850818989038,123199.77925836483,0.5087235996326905,96,105.2092578803628
downside_deviation,Downside-deviation strategy,downside_55_0.14,"{""downside_threshold"": 0.14, ""downside_window"": 55, ""volatility_type"": ""downside_deviation_zero_target""}",1,0.17731516765384203,0.2512919427382263,0.3487792809129815,-0.5901313074358134,-0.23149038907824626,0.16933152420585085,-0.07176758327392496,140379.32754210546,0.5085924176833267,96,105.20517548829935
downside_deviation,Downside-deviation strategy,downside_55_0.15,"{""downside_threshold"": 0.15, ""downside_window"": 55, ""volatility_type"": ""downside_deviation_zero_target""}",0,0.22867505879936134,0.30210499637175703,0.37038321264074825,-0.5465949209879749,-0.2133259912822424,0.5119826647971149,0.11006295684470091,511682.057240229,0.5516200970746425,86,94.50184072901149
downside_deviation,Downside-deviation strategy,downside_55_0.15,"{""downside_threshold"": 0.15, ""downside_window"": 55, ""volatility_type"": ""downside_deviation_zero_target""}",1,0.2474899982473071,0.2929546683090283,0.371706266899765,-0.591993850977494,-0.2310135761888068,0.41701042663479826,0.06580260888283984,810795.9350896145,0.5514889151252788,86,94.48041966038205
downside_deviation,Downside-deviation strategy,downside_55_0.16,"{""downside_threshold"": 0.16, ""downside_window"": 55, ""volatility_type"": ""downside_deviation_zero_target""}",0,0.24445688678830746,0.3084967669804899,0.38400584567835133,-0.546594920987975,-0.20748496513192483,0.5119826647971149,0.11006295684470091,753163.0876817247,0.5760199396563033,90,98.10115886406838
downside_deviation,Downside-deviation strategy,downside_55_0.16,"{""downside_threshold"": 0.16, ""downside_window"": 55, ""volatility_type"": ""downside_deviation_zero_target""}",1,0.2428562921256101,0.3103112127901093,0.3871217295944428,-0.591993850977494,-0.24786131584637183,0.41701042663479826,0.06580260888283984,724367.6235888446,0.5758887577069395,90,98.06587764852962
downside_deviation,Downside-deviation strategy,downside_55_0.17,"{""downside_threshold"": 0.17, ""downside_window"": 55, ""volatility_type"": ""downside_deviation_zero_target""}",0,0.23697420950786863,0.3306883320377043,0.4037811399981461,-0.5494291244494398,-0.2621488156953381,0.5119826647971149,0.11006295684470091,627414.4823989258,0.6067165158074249,90,97.59057244242624
downside_deviation,Downside-deviation strategy,downside_55_0.17,"{""downside_threshold"": 0.17, ""downside_window"": 55, ""volatility_type"": ""downside_deviation_zero_target""}",1,0.27970311538512993,0.3537583526859356,0.40963607630845544,-0.6056753436198533,-0.2310135761888068,0.41701042663479826,0.06580260888283984,1755016.5347950049,0.6065853338580611,90,97.58529452696119
downside_deviation,Downside-deviation strategy,downside_55_0.18,"{""downside_threshold"": 0.18, ""downside_window"": 55, ""volatility_type"": ""downside_deviation_zero_target""}",0,0.26946947715513225,0.3387817238055624,0.41866309163389076,-0.5330264370776456,-0.3392857563953485,0.5119826647971149,0.11006295684470091,1376141.0142729508,0.6283615374524465,78,85.27144673924866
downside_deviation,Downside-deviation strategy,downside_55_0.18,"{""downside_threshold"": 0.18, ""downside_window"": 55, ""volatility_type"": ""downside_deviation_zero_target""}",1,0.3004803347338385,0.35226866296907655,0.4230615583764509,-0.599604628360636,-0.33154928761238533,0.41701042663479826,0.06580260888283984,2858530.0345370034,0.6282303555030828,78,85.26018357179065
downside_deviation,Downside-deviation strategy,downside_55_0.19,"{""downside_threshold"": 0.19, ""downside_window"": 55, ""volatility_type"": ""downside_deviation_zero_target""}",0,0.3156809068862936,0.3655257088471666,0.4283463422718109,-0.5156138018044611,-0.3392857563953485,0.5119826647971149,0.11006295684470091,4064499.8748933617,0.6465958284140102,78,84.98425567642775
downside_deviation,Downside-deviation strategy,downside_55_0.19,"{""downside_threshold"": 0.19, ""downside_window"": 55, ""volatility_type"": ""downside_deviation_zero_target""}",1,0.3515344686720552,0.37198566229942576,0.43467395125220115,-0.5891477182119333,-0.33154928761238533,0.41701042663479826,0.06580260888283984,9176639.838109387,0.6464646464646465,78,84.972494057086
downside_deviation,Downside-deviation strategy,downside_55_0.20,"{""downside_threshold"": 0.2, ""downside_window"": 55, ""volatility_type"": ""downside_deviation_zero_target""}",0,0.34156057123600303,0.36710786541127405,0.43701418267388253,-0.5156138018044611,-0.3392857563953485,0.5183671911200316,0.11006295684470091,7332419.647498396,0.6587957497048406,88,94.83007300280866
downside_deviation,Downside-deviation strategy,downside_55_0.20,"{""downside_threshold"": 0.2, ""downside_window"": 55, ""volatility_type"": ""downside_deviation_zero_target""}",1,0.3596305573301788,0.35172546970005314,0.44184430930488244,-0.5891477182119335,-0.33154928761238533,0.4516970040212236,0.06580260888283984,10996341.403747924,0.6586645677554769,88,94.82315464191208
downside_deviation,Downside-deviation strategy,downside_55_0.21,"{""downside_threshold"": 0.21, ""downside_window"": 55, ""volatility_type"": ""downside_deviation_zero_target""}",0,0.3475705300814993,0.34872254110014667,0.44554081496047077,-0.5767176020894271,-0.33154928761238533,0.5183671911200316,0.11006295684470091,8395485.201136375,0.6686343959071231,88,94.67357906364086
downside_deviation,Downside-deviation strategy,downside_55_0.21,"{""downside_threshold"": 0.21, ""downside_window"": 55, ""volatility_type"": ""downside_deviation_zero_target""}",1,0.37610310391402124,0.3666071796929917,0.4488849332755542,-0.5891477182119336,-0.33154928761238533,0.4516970040212236,0.06580260888283984,15836670.02435408,0.6685032139577594,88,94.67394861188828
downside_deviation,Downside-deviation strategy,downside_55_0.22,"{""downside_threshold"": 0.22, ""downside_window"": 55, ""volatility_type"": ""downside_deviation_zero_target""}",0,0.3413399080592392,0.3367012913454852,0.4498690600932424,-0.6053217357835734,-0.33154928761238533,0.5183671911200316,0.11006295684470091,7295976.764061269,0.6729634002361276,88,94.59103047026508
downside_deviation,Downside-deviation strategy,downside_55_0.22,"{""downside_threshold"": 0.22, ""downside_window"": 55, ""volatility_type"": ""downside_deviation_zero_target""}",1,0.3592741452477535,0.35259188036458133,0.45300209688691523,-0.589147718211934,-0.33154928761238533,0.4516970040212236,0.06580260888283984,10909364.287023978,0.6728322182867638,88,94.59993303739756
downside_deviation,Downside-deviation strategy,downside_55_0.23,"{""downside_threshold"": 0.23, ""downside_window"": 55, ""volatility_type"": ""downside_deviation_zero_target""}",0,0.347102015262269,0.3538572895969918,0.4570706354063064,-0.6053217357835738,-0.3769857479196239,0.6133392617315716,0.11006295684470091,8307522.287635069,0.6791289518562246,98,104.48706919302207
downside_deviation,Downside-deviation strategy,downside_55_0.23,"{""downside_threshold"": 0.23, ""downside_window"": 55, ""volatility_type"": ""downside_deviation_zero_target""}",1,0.36046870466599645,0.36088536292333506,0.4594210248883108,-0.5891477182119333,-0.33154928761238533,0.5434860214586719,0.06580260888283984,11203529.632363643,0.6789977699068608,98,104.4988390066637
downside_deviation,Downside-deviation strategy,downside_55_0.24,"{""downside_threshold"": 0.24, ""downside_window"": 55, ""volatility_type"": ""downside_deviation_zero_target""}",0,0.3519751353673626,0.3539387866283181,0.4650743610848653,-0.6053217357835736,-0.33154928761238533,0.6009538392908733,0.11006295684470091,9267701.072584994,0.689098780007871,98,104.34614673822784
downside_deviation,Downside-deviation strategy,downside_55_0.24,"{""downside_threshold"": 0.24, ""downside_window"": 55, ""volatility_type"": ""downside_deviation_zero_target""}",1,0.3654862013557829,0.3659368030664829,0.4678975534947833,-0.6374125657938392,-0.33154928761238533,0.5328691900415947,0.06580260888283984,12525078.23016784,0.6889675980585072,98,104.35926472704644
downside_deviation,Downside-deviation strategy,downside_55_0.25,"{""downside_threshold"": 0.25, ""downside_window"": 55, ""volatility_type"": ""downside_deviation_zero_target""}",0,0.32906691417570544,0.35454375532368454,0.4720926541452509,-0.6327495516740905,-0.3415197664870002,0.6009538392908733,0.11006295684470091,5522909.400889501,0.6947396038305129,110,116.24733617202352
downside_deviation,Downside-deviation strategy,downside_55_0.25,"{""downside_threshold"": 0.25, ""downside_window"": 55, ""volatility_type"": ""downside_deviation_zero_target""}",1,0.35476202953502267,0.36647909553774816,0.4746932176834148,-0.6393027651206704,-0.33154928761238533,0.5328691900415947,0.06580260888283984,9864162.919341628,0.6946084218811491,110,116.26027107303258
downside_deviation,Downside-deviation strategy,downside_55_0.26,"{""downside_threshold"": 0.26, ""downside_window"": 55, ""volatility_type"": ""downside_deviation_zero_target""}",0,0.3141295394287811,0.35341618685671716,0.4824966817748517,-0.6463035028924182,-0.5444534706884891,0.6009538392908733,0.11006295684470091,3921813.656911373,0.7040535222353405,106,112.09936874999622
downside_deviation,Downside-deviation strategy,downside_55_0.26,"{""downside_threshold"": 0.26, ""downside_window"": 55, ""volatility_type"": ""downside_deviation_zero_target""}",1,0.3264898272732144,0.3641733279635908,0.48542895604541364,-0.5891477182119333,-0.5763810642099361,0.5328691900415947,0.06580260888283984,5207583.365834547,0.7039223402859767,106,112.12427357118713
downside_deviation,Downside-deviation strategy,downside_55_0.27,"{""downside_threshold"": 0.27, ""downside_window"": 55, ""volatility_type"": ""downside_deviation_zero_target""}",0,0.3033616036169149,0.3517142866293663,0.4919594598576576,-0.7283702869776928,-0.7283702869776929,0.5645211848059575,0.11006295684470091,3056715.1922094002,0.7124491669946216,108,113.9653711602247
downside_deviation,Downside-deviation strategy,downside_55_0.27,"{""downside_threshold"": 0.27, ""downside_window"": 55, ""volatility_type"": ""downside_deviation_zero_target""}",1,0.3360736311421004,0.35933538427722334,0.49485229560362104,-0.6087204773597408,-0.608720477359741,0.4364073684469254,0.06580260888283984,6476424.490223637,0.7123179850452578,108,113.98037435586886
downside_deviation,Downside-deviation strategy,downside_55_0.28,"{""downside_threshold"": 0.28, ""downside_window"": 55, ""volatility_type"": ""downside_deviation_zero_target""}",0,0.32695754950684575,0.35054726704512396,0.49764340227122,-0.7076744468068517,-0.7076744468068519,0.6227867353510257,0.11006295684470091,5263489.077926624,0.7186147186147186,106,111.84340837562705
downside_deviation,Downside-deviation strategy,downside_55_0.28,"{""downside_threshold"": 0.28, ""downside_window"": 55, ""volatility_type"": ""downside_deviation_zero_target""}",1,0.3410801681406037,0.3657553668149103,0.5004217938345753,-0.777479362788809,-0.7774793627888092,0.5118728522475982,0.06580260888283984,7253304.683707418,0.7184835366653548,106,111.84700768675148
downside_deviation,Downside-deviation strategy,downside_55_0.29,"{""downside_threshold"": 0.29, ""downside_window"": 55, ""volatility_type"": ""downside_deviation_zero_target""}",0,0.3261044851110091,0.35054726704512396,0.5051430732005739,-0.8201169888408815,-0.8201169888408818,0.6227867353510257,0.11006295684470091,5161956.14961937,0.7232060868424505,110,115.77293725931324
downside_deviation,Downside-deviation strategy,downside_55_0.29,"{""downside_threshold"": 0.29, ""downside_window"": 55, ""volatility_type"": ""downside_deviation_zero_target""}",1,0.34557555784900473,0.3657553668149103,0.5074045351821663,-0.8036042726447652,-0.803604272644765,0.5118728522475982,0.06580260888283984,8027070.87349594,0.7230749048930867,110,115.77282712300223
downside_deviation,Downside-deviation strategy,downside_55_0.30,"{""downside_threshold"": 0.3, ""downside_window"": 55, ""volatility_type"": ""downside_deviation_zero_target""}",0,0.3263440077536581,0.35054726704512396,0.5079505029126964,-0.841344454592105,-0.8413444545921049,0.6227867353510257,0.11006295684470091,5190271.631593382,0.7245179063360881,104,109.75728560846972
downside_deviation,Downside-deviation strategy,downside_55_0.30,"{""downside_threshold"": 0.3, ""downside_window"": 55, ""volatility_type"": ""downside_deviation_zero_target""}",1,0.3270494334864327,0.3657553668149103,0.5104059076298886,-0.8806130637316225,-0.8806130637316225,0.5118728522475982,0.06580260888283984,5274539.7467616005,0.7243867243867244,104,109.75938713582971
downside_deviation,Downside-deviation strategy,downside_60_0.10,"{""downside_threshold"": 0.1, ""downside_window"": 60, ""volatility_type"": ""downside_deviation_zero_target""}",0,0.07983106235707083,0.10554495599816427,0.219918042280058,-0.4646892135915439,-0.08542700623432053,0.2801123798607741,0.07211820640697741,10240.704504532065,0.23914469369014824,91,104.5370230043857
downside_deviation,Downside-deviation strategy,downside_60_0.10,"{""downside_threshold"": 0.1, ""downside_window"": 60, ""volatility_type"": ""downside_deviation_zero_target""}",1,0.05411143006410324,0.06145297471675448,0.22217941714133696,-0.5738559847327427,-0.08542700623432053,0.282969851464244,0.07211820640697741,4934.24294407476,0.23914469369014824,91,104.51792221190671
downside_deviation,Downside-deviation strategy,downside_60_0.11,"{""downside_threshold"": 0.11, ""downside_window"": 60, ""volatility_type"": ""downside_deviation_zero_target""}",0,0.10229625813679699,0.15060951077642337,0.25224591096690796,-0.5275264526357448,-0.08542700623432053,0.3457049263735741,0.07211820640697741,19107.06103681409,0.32152695789059427,101,113.14549317275984
downside_deviation,Downside-deviation strategy,downside_60_0.11,"{""downside_threshold"": 0.11, ""downside_window"": 60, ""volatility_type"": ""downside_deviation_zero_target""}",1,0.10372872359629737,0.13342493678663825,0.25599208900681164,-0.5556602916432087,-0.08542700623432053,0.42846895743858493,0.07211820640697741,19873.643874470377,0.32152695789059427,101,113.14712460168762
downside_deviation,Downside-deviation strategy,downside_60_0.12,"{""downside_threshold"": 0.12, ""downside_window"": 60, ""volatility_type"": ""downside_deviation_zero_target""}",0,0.08658248649206568,0.11427342860400214,0.2848077562413143,-0.5560595813103024,-0.08542700623432053,-0.13069066313670918,-0.2437499678073175,12368.582259731773,0.390528663255936,103,114.08200273401748
downside_deviation,Downside-deviation strategy,downside_60_0.12,"{""downside_threshold"": 0.12, ""downside_window"": 60, ""volatility_type"": ""downside_deviation_zero_target""}",1,0.10729936955568475,0.15288973556994523,0.28854495478001463,-0.6049622898446261,-0.08542700623432053,0.11122107850233731,-0.06002455568675813,21916.175654930546,0.390528663255936,103,114.05642635545024
downside_deviation,Downside-deviation strategy,downside_60_0.13,"{""downside_threshold"": 0.13, ""downside_window"": 60, ""volatility_type"": ""downside_deviation_zero_target""}",0,0.1276050645264344,0.1907942020860649,0.3170162023800194,-0.5474096452641135,-0.08542700623432053,0.0806966870871706,-0.15376345151990456,38002.15074672636,0.457693821330185,90,100.02018014096568
downside_deviation,Downside-deviation strategy,downside_60_0.13,"{""downside_threshold"": 0.13, ""downside_window"": 60, ""volatility_type"": ""downside_deviation_zero_target""}",1,0.1319530345422193,0.1749691163101501,0.3182991057233036,-0.6192087718861325,-0.08542700623432053,0.10148398739245512,-0.12811187560950033,42700.57212499678,0.4575626393808212,89,98.99365110053566
downside_deviation,Downside-deviation strategy,downside_60_0.14,"{""downside_threshold"": 0.14, ""downside_window"": 60, ""volatility_type"": ""downside_deviation_zero_target""}",0,0.14789930050604383,0.24674371899062542,0.3455486385525418,-0.5834613160400011,-0.19157513728983144,0.4519714612416119,0.11006295684470091,65230.964674877,0.5055752328479601,110,119.25642758415057
downside_deviation,Downside-deviation strategy,downside_60_0.14,"{""downside_threshold"": 0.14, ""downside_window"": 60, ""volatility_type"": ""downside_deviation_zero_target""}",1,0.17139212965252182,0.25892374357833936,0.346454507528021,-0.6192087718861321,-0.25722691686244703,0.34771277960848,0.06580260888283984,120491.38035885489,0.5054440508985963,110,119.2453988058565
downside_deviation,Downside-deviation strategy,downside_60_0.15,"{""downside_threshold"": 0.15, ""downside_window"": 60, ""volatility_type"": ""downside_deviation_zero_target""}",0,0.2471296439455828,0.3055253511767171,0.36664672471823184,-0.49015675432612826,-0.20748496513192483,0.4519714612416119,0.11006295684470091,803731.7882645673,0.545716909353273,84,92.59528020040278
downside_deviation,Downside-deviation strategy,downside_60_0.15,"{""downside_threshold"": 0.15, ""downside_window"": 60, ""volatility_type"": ""downside_deviation_zero_target""}",1,0.21949032335526875,0.27272086129063844,0.36807665234264386,-0.5774106197966506,-0.2310135761888068,0.34771277960848,0.06580260888283984,407658.3981093245,0.5455857274039092,84,92.599917283731
downside_deviation,Downside-deviation strategy,downside_60_0.16,"{""downside_threshold"": 0.16, ""downside_window"": 60, ""volatility_type"": ""downside_deviation_zero_target""}",0,0.21464336274239404,0.32217318611254253,0.3871283473260732,-0.5170699291194755,-0.3136735856714802,0.4519714612416119,0.11006295684470091,361333.6648575613,0.5762823035550309,88,96.07557117003653
downside_deviation,Downside-deviation strategy,downside_60_0.16,"{""downside_threshold"": 0.16, ""downside_window"": 60, ""volatility_type"": ""downside_deviation_zero_target""}",1,0.23672392881139515,0.3085448152632171,0.39076165567087456,-0.5912385792079169,-0.2310135761888068,0.34771277960848,0.06580260888283984,623580.7081125354,0.5761511216056671,88,96.07027564646305
downside_deviation,Downside-deviation strategy,downside_60_0.17,"{""downside_threshold"": 0.17, ""downside_window"": 60, ""volatility_type"": ""downside_deviation_zero_target""}",0,0.2198352748638459,0.31780816009076074,0.40364449926114443,-0.484234621461926,-0.24001311335874298,0.4519714612416119,0.11006295684470091,411165.6569658275,0.603830512921422,88,95.63617233890311
downside_deviation,Downside-deviation strategy,downside_60_0.17,"{""downside_threshold"": 0.17, ""downside_window"": 60, ""volatility_type"": ""downside_deviation_zero_target""}",1,0.2320605009643526,0.31819325529445663,0.40720169833350633,-0.5866999142144007,-0.2310135761888068,0.34771277960848,0.06580260888283984,556155.0177319996,0.6036993309720582,88,95.61652575986513
downside_deviation,Downside-deviation strategy,downside_60_0.18,"{""downside_threshold"": 0.18, ""downside_window"": 60, ""volatility_type"": ""downside_deviation_zero_target""}",0,0.27799671405924054,0.3473998768492468,0.41810597201275335,-0.5332763837340603,-0.20748496513192483,0.4519714612416119,0.11006295684470091,1685500.047351848,0.6296733569460842,92,99.23318287644827
downside_deviation,Downside-deviation strategy,downside_60_0.18,"{""downside_threshold"": 0.18, ""downside_window"": 60, ""volatility_type"": ""downside_deviation_zero_target""}",1,0.31846070408132054,0.37521922036266164,0.42130952515212533,-0.5978198260073897,-0.2310135761888068,0.34771277960848,0.06580260888283984,4332823.405406028,0.6295421749967205,92,99.21673301103198
downside_deviation,Downside-deviation strategy,downside_60_0.19,"{""downside_threshold"": 0.19, ""downside_window"": 60, ""volatility_type"": ""downside_deviation_zero_target""}",0,0.310258561983918,0.356962858835985,0.4280038171767966,-0.5156138018044615,-0.20748496513192483,0.47615081234683765,0.11006295684470091,3586583.6212941958,0.6465958284140102,86,93.00784384343675
downside_deviation,Downside-deviation strategy,downside_60_0.19,"{""downside_threshold"": 0.19, ""downside_window"": 60, ""volatility_type"": ""downside_deviation_zero_target""}",1,0.330446530148117,0.3696095800585488,0.4312713350846012,-0.5891477182119331,-0.2310135761888068,0.39407856272717545,0.06580260888283984,5699223.621749416,0.6464646464646465,86,93.0139692122462
downside_deviation,Downside-deviation strategy,downside_60_0.20,"{""downside_threshold"": 0.2, ""downside_window"": 60, ""volatility_type"": ""downside_deviation_zero_target""}",0,0.3322065919835393,0.3459309117538454,0.43690832234617377,-0.5156138018044616,-0.3392857563953485,0.47615081234683765,0.11006295684470091,5932073.013054832,0.6564344746162928,80,86.88832541038633
downside_deviation,Downside-deviation strategy,downside_60_0.20,"{""downside_threshold"": 0.2, ""downside_window"": 60, ""volatility_type"": ""downside_deviation_zero_target""}",1,0.3613321816335777,0.3512007084008242,0.44119864025349514,-0.5891477182119338,-0.33154928761238533,0.39407856272717545,0.06580260888283984,11420925.24942876,0.656303292666929,80,86.87697201328264
downside_deviation,Downside-deviation strategy,downside_60_0.21,"{""downside_threshold"": 0.21, ""downside_window"": 60, ""volatility_type"": ""downside_deviation_zero_target""}",0,0.34172186315627107,0.3442886458809733,0.443457031789053,-0.5320680895619991,-0.34205495439103617,0.47615081234683765,0.11006295684470091,7359168.558019539,0.665354847173029,82,88.74374016628153
downside_deviation,Downside-deviation strategy,downside_60_0.21,"{""downside_threshold"": 0.21, ""downside_window"": 60, ""volatility_type"": ""downside_deviation_zero_target""}",1,0.3666792803238501,0.3551084875284165,0.4475173068882513,-0.5891477182119337,-0.37591360150542374,0.39407856272717545,0.06580260888283984,12860832.266495185,0.6652236652236653,82,88.7482870424277
downside_deviation,Downside-deviation strategy,downside_60_0.22,"{""downside_threshold"": 0.22, ""downside_window"": 60, ""volatility_type"": ""downside_deviation_zero_target""}",0,0.3320010301181666,0.3381004834668375,0.4483377740522155,-0.530164624909929,-0.33154928761238533,0.5119826647971149,0.11006295684470091,5904410.73098976,0.6696838515020334,92,98.65656333367475
downside_deviation,Downside-deviation strategy,downside_60_0.22,"{""downside_threshold"": 0.22, ""downside_window"": 60, ""volatility_type"": ""downside_deviation_zero_target""}",1,0.3512716222754546,0.33949471259117403,0.4514642853631521,-0.5891477182119336,-0.33154928761238533,0.41701042663479826,0.06580260888283984,9122736.732972015,0.6695526695526696,92,98.66956656432924
downside_deviation,Downside-deviation strategy,downside_60_0.23,"{""downside_threshold"": 0.23, ""downside_window"": 60, ""volatility_type"": ""downside_deviation_zero_target""}",0,0.33289266768271464,0.350075832548737,0.45856827358090435,-0.600189951378199,-0.33154928761238533,0.6009538392908733,0.11006295684470091,6025307.700443344,0.680571953299226,102,108.48221841307034
downside_deviation,Downside-deviation strategy,downside_60_0.23,"{""downside_threshold"": 0.23, ""downside_window"": 60, ""volatility_type"": ""downside_deviation_zero_target""}",1,0.37135971238025256,0.3659225655155751,0.46089291487628314,-0.5960921685437094,-0.33154928761238533,0.5328691900415947,0.06580260888283984,14264027.132123854,0.6804407713498623,102,108.50330325591636
downside_deviation,Downside-deviation strategy,downside_60_0.24,"{""downside_threshold"": 0.24, ""downside_window"": 60, ""volatility_type"": ""downside_deviation_zero_target""}",0,0.31881039700937297,0.3458574289096017,0.46559789423098785,-0.6134334313871632,-0.33154928761238533,0.6009538392908733,0.11006295684470091,4367767.201364526,0.6872622327167782,96,102.37368978706724
downside_deviation,Downside-deviation strategy,downside_60_0.24,"{""downside_threshold"": 0.24, ""downside_window"": 60, ""volatility_type"": ""downside_deviation_zero_target""}",1,0.3350672491837059,0.36876735648016523,0.4685398040695225,-0.6753612839231411,-0.33154928761238533,0.5328691900415947,0.06580260888283984,6330282.074769668,0.6871310507674144,96,102.3886303125671
downside_deviation,Downside-deviation strategy,downside_60_0.25,"{""downside_threshold"": 0.25, ""downside_window"": 60, ""volatility_type"": ""downside_deviation_zero_target""}",0,0.31074553164821594,0.3458574289096017,0.4759745104379682,-0.6042767967836058,-0.41426624356451436,0.6009538392908733,0.11006295684470091,3627179.6095574615,0.6951331496786042,106,112.24783534095135
downside_deviation,Downside-deviation strategy,downside_60_0.25,"{""downside_threshold"": 0.25, ""downside_window"": 60, ""volatility_type"": ""downside_deviation_zero_target""}",1,0.33177274852638416,0.36876735648016523,0.47750433050611163,-0.5891477182119338,-0.4408582739891953,0.5328691900415947,0.06580260888283984,5873837.2507804595,0.6950019677292405,106,112.27012079996354
downside_deviation,Downside-deviation strategy,downside_60_0.26,"{""downside_threshold"": 0.26, ""downside_window"": 60, ""volatility_type"": ""downside_deviation_zero_target""}",0,0.31144137761629676,0.34473709123729845,0.48597640142847703,-0.6638089215755065,-0.6638089215755063,0.6009538392908733,0.11006295684470091,3685960.4272202565,0.706021251475797,106,112.08076253621314
downside_deviation,Downside-deviation strategy,downside_60_0.26,"{""downside_threshold"": 0.26, ""downside_window"": 60, ""volatility_type"": ""downside_deviation_zero_target""}",1,0.3290373604051453,0.36645772774347796,0.48721668808392404,-0.6346182301008341,-0.6346182301008336,0.5328691900415947,0.06580260888283984,5519190.760731289,0.7058900695264332,106,112.08985968906188
downside_deviation,Downside-deviation strategy,downside_60_0.27,"{""downside_threshold"": 0.27, ""downside_window"": 60, ""volatility_type"": ""downside_deviation_zero_target""}",0,0.3217864841163398,0.34188656904028303,0.49349320752722303,-0.6994008073016958,-0.6994008073016944,0.6227867353510257,0.11006295684470091,4676394.972013573,0.7140233503869867,104,109.9028929538672
downside_deviation,Downside-deviation strategy,downside_60_0.27,"{""downside_threshold"": 0.27, ""downside_window"": 60, ""volatility_type"": ""downside_deviation_zero_target""}",1,0.34613681637179283,0.3680424158250155,0.4955402884482088,-0.7378231814297695,-0.7378231814297698,0.5118728522475982,0.06580260888283984,8129108.13437549,0.7138921684376229,104,109.91329129334059
downside_deviation,Downside-deviation strategy,downside_60_0.28,"{""downside_threshold"": 0.28, ""downside_window"": 60, ""volatility_type"": ""downside_deviation_zero_target""}",0,0.3272104969652665,0.34188656904028303,0.4996809844573847,-0.7314835143852094,-0.7314835143852092,0.6227867353510257,0.11006295684470091,5293964.623552663,0.7188770825134462,110,115.84033480471555
downside_deviation,Downside-deviation strategy,downside_60_0.28,"{""downside_threshold"": 0.28, ""downside_window"": 60, ""volatility_type"": ""downside_deviation_zero_target""}",1,0.3466730911013569,0.3680424158250155,0.5021260486633818,-0.7686873597866205,-0.7686873597866215,0.5118728522475982,0.06580260888283984,8227774.359688958,0.7187459005640824,110,115.84902534876545
downside_deviation,Downside-deviation strategy,downside_60_0.29,"{""downside_threshold"": 0.29, ""downside_window"": 60, ""volatility_type"": ""downside_deviation_zero_target""}",0,0.32919658243418914,0.34188656904028303,0.5038437772492443,-0.7795251137665186,-0.7795251137665183,0.6227867353510257,0.11006295684470091,5539253.726244887,0.7215007215007215,100,105.80221258626958
downside_deviation,Downside-deviation strategy,downside_60_0.29,"{""downside_threshold"": 0.29, ""downside_window"": 60, ""volatility_type"": ""downside_deviation_zero_target""}",1,0.3415541970281579,0.3680424158250155,0.5055745948058292,-0.8127872313700532,-0.8127872313700535,0.5118728522475982,0.06580260888283984,7331364.472155892,0.7213695395513577,100,105.81330265636069
downside_deviation,Downside-deviation strategy,downside_60_0.30,"{""downside_threshold"": 0.3, ""downside_window"": 60, ""volatility_type"": ""downside_deviation_zero_target""}",0,0.32559867277803756,0.34188656904028303,0.504044472323706,-0.796902901006815,-0.7969029010068149,0.6227867353510257,0.11006295684470091,5102650.835234626,0.7216319034500853,102,107.80161470964185
downside_deviation,Downside-deviation strategy,downside_60_0.30,"{""downside_threshold"": 0.3, ""downside_window"": 60, ""volatility_type"": ""downside_deviation_zero_target""}",1,0.33740023254775875,0.3680424158250155,0.5058190590044069,-0.8295720701194484,-0.8295720701194487,0.5118728522475982,0.06580260888283984,6674060.104624103,0.7215007215007215,102,107.81094598173144
downside_deviation,Downside-deviation strategy,downside_65_0.10,"{""downside_threshold"": 0.1, ""downside_window"": 65, ""volatility_type"": ""downside_deviation_zero_target""}",0,0.09758586627550958,0.13446198586364844,0.2167383692082862,-0.4444309788782951,-0.08542700623432053,0.44183582074892636,0.07211820640697741,16782.65702451085,0.23507805325987144,91,104.55284021771429
downside_deviation,Downside-deviation strategy,downside_65_0.10,"{""downside_threshold"": 0.1, ""downside_window"": 65, ""volatility_type"": ""downside_deviation_zero_target""}",1,0.07585727692410349,0.11622745584239524,0.21893301955136343,-0.5072320661728748,-0.08542700623432053,0.5412553278638399,0.07211820640697741,9158.655453594896,0.23507805325987144,91,104.55630401263574
downside_deviation,Downside-deviation strategy,downside_65_0.11,"{""downside_threshold"": 0.11, ""downside_window"": 65, ""volatility_type"": ""downside_deviation_zero_target""}",0,0.11332863140363703,0.13980239019251783,0.25281633006459586,-0.5135941009079906,-0.08542700623432053,0.3726078800242709,0.07211820640697741,25834.32890194326,0.3139184048274957,95,107.26234295418365
downside_deviation,Downside-deviation strategy,downside_65_0.11,"{""downside_threshold"": 0.11, ""downside_window"": 65, ""volatility_type"": ""downside_deviation_zero_target""}",1,0.09747100280364207,0.11238168386152791,0.25489354151926874,-0.6071790152895928,-0.08542700623432053,0.35400546894679485,0.07211820640697741,16729.540419222478,0.3139184048274957,95,107.24923620774439
downside_deviation,Downside-deviation strategy,downside_65_0.12,"{""downside_threshold"": 0.12, ""downside_window"": 65, ""volatility_type"": ""downside_deviation_zero_target""}",0,0.14383201362402898,0.1746684196376045,0.2832431588045342,-0.5048287178068191,-0.08542700623432053,-0.05256546800352424,-0.17358343995661318,58581.604673309725,0.39118457300275483,85,96.1100962375553
downside_deviation,Downside-deviation strategy,downside_65_0.12,"{""downside_threshold"": 0.12, ""downside_window"": 65, ""volatility_type"": ""downside_deviation_zero_target""}",1,0.14217497567176318,0.18432207388520072,0.284634358067425,-0.5802125864315381,-0.08542700623432053,0.07061978583433182,-0.06673641687443732,56064.86954914479,0.39118457300275483,85,96.11645615268898
downside_deviation,Downside-deviation strategy,downside_65_0.13,"{""downside_threshold"": 0.13, ""downside_window"": 65, ""volatility_type"": ""downside_deviation_zero_target""}",0,0.14475138676131172,0.17591291833271971,0.3156684450822085,-0.5583326773002875,-0.08542700623432053,-0.04043820388405572,-0.19514618343418988,60024.726969355994,0.4506099960645415,87,97.12193752001868
downside_deviation,Downside-deviation strategy,downside_65_0.13,"{""downside_threshold"": 0.13, ""downside_window"": 65, ""volatility_type"": ""downside_deviation_zero_target""}",1,0.15450924462441984,0.20118996064464212,0.3178013742362207,-0.6213526798883167,-0.08542700623432053,0.08850406177426473,-0.1196669796092571,77621.91026960801,0.4506099960645415,87,97.1095027133615
downside_deviation,Downside-deviation strategy,downside_65_0.14,"{""downside_threshold"": 0.14, ""downside_window"": 65, ""volatility_type"": ""downside_deviation_zero_target""}",0,0.17500720918220414,0.2417691702798519,0.34673494833577934,-0.5630460924452123,-0.2779054472113942,0.41620743451629405,0.11006295684470091,132278.7961230589,0.5074117801390529,94,103.18515719177404
downside_deviation,Downside-deviation strategy,downside_65_0.14,"{""downside_threshold"": 0.14, ""downside_window"": 65, ""volatility_type"": ""downside_deviation_zero_target""}",1,0.19136731084672065,0.2515119608598755,0.34828072743298844,-0.6167541878600947,-0.2310135761888068,0.37657196618033306,0.06580260888283984,201086.52418178652,0.5072805981896891,94,103.20441982507427
downside_deviation,Downside-deviation strategy,downside_65_0.15,"{""downside_threshold"": 0.15, ""downside_window"": 65, ""volatility_type"": ""downside_deviation_zero_target""}",0,0.21123267543441449,0.2804696465618639,0.3662147893976239,-0.5630460924452136,-0.28429813384176417,0.41620743451629405,0.11006295684470091,331832.4377430837,0.5411255411255411,74,82.66774231036993
downside_deviation,Downside-deviation strategy,downside_65_0.15,"{""downside_threshold"": 0.15, ""downside_window"": 65, ""volatility_type"": ""downside_deviation_zero_target""}",1,0.2027256846483123,0.2813933408101277,0.36726874412866056,-0.6167541878600942,-0.35638337731416436,0.37657196618033306,0.06580260888283984,268042.0963085799,0.5409943591761773,74,82.65486979894763
downside_deviation,Downside-deviation strategy,downside_65_0.16,"{""downside_threshold"": 0.16, ""downside_window"": 65, ""volatility_type"": ""downside_deviation_zero_target""}",0,0.2012662172085682,0.2782179285721258,0.38695640197846354,-0.5410570196821323,-0.20748496513192483,0.41620743451629405,0.11006295684470091,258363.2320809845,0.5727403909222091,84,92.13083883627942
downside_deviation,Downside-deviation strategy,downside_65_0.16,"{""downside_threshold"": 0.16, ""downside_window"": 65, ""volatility_type"": ""downside_deviation_zero_target""}",1,0.22084564861534473,0.2729809115876789,0.39061315096825955,-0.6211665398006195,-0.2310135761888068,0.37657196618033306,0.06580260888283984,421607.24376977375,0.5726092089728453,84,92.13395251427391
downside_deviation,Downside-deviation strategy,downside_65_0.17,"{""downside_threshold"": 0.17, ""downside_window"": 65, ""volatility_type"": ""downside_deviation_zero_target""}",0,0.17944850601289342,0.2847769047392932,0.4006694167219969,-0.5862155716050425,-0.20748496513192483,0.41620743451629405,0.11006295684470091,148292.1327198153,0.5985832349468713,92,99.72178559007034
downside_deviation,Downside-deviation strategy,downside_65_0.17,"{""downside_threshold"": 0.17, ""downside_window"": 65, ""volatility_type"": ""downside_deviation_zero_target""}",1,0.2218301502172153,0.2865494288489854,0.4037797283319416,-0.6136870909686888,-0.2310135761888068,0.37657196618033306,0.06580260888283984,432027.8482600457,0.5984520529975076,92,99.71115126733172
downside_deviation,Downside-deviation strategy,downside_65_0.18,"{""downside_threshold"": 0.18, ""downside_window"": 65, ""volatility_type"": ""downside_deviation_zero_target""}",0,0.2928215908298064,0.34678966152340474,0.4186744253951921,-0.5251170967451784,-0.20748496513192483,0.40823772622475984,0.11006295684470091,2390256.113142289,0.6317722681359045,76,83.20916295902981
downside_deviation,Downside-deviation strategy,downside_65_0.18,"{""downside_threshold"": 0.18, ""downside_window"": 65, ""volatility_type"": ""downside_deviation_zero_target""}",1,0.30484494106729554,0.3503983440226357,0.4228516369773818,-0.5909703048635087,-0.2310135761888068,0.3597405166254062,0.06580260888283984,3163861.5295320167,0.6316410861865407,76,83.2088643806233
downside_deviation,Downside-deviation strategy,downside_65_0.19,"{""downside_threshold"": 0.19, ""downside_window"": 65, ""volatility_type"": ""downside_deviation_zero_target""}",0,0.278745020234217,0.3388267211280802,0.42679817829707956,-0.5156138018044611,-0.3392857563953485,0.40823772622475984,0.11006295684470091,1715650.8312306008,0.6437098255280074,80,87.07861214555078
downside_deviation,Downside-deviation strategy,downside_65_0.19,"{""downside_threshold"": 0.19, ""downside_window"": 65, ""volatility_type"": ""downside_deviation_zero_target""}",1,0.31568004608778644,0.33946894394412186,0.43237430963229234,-0.5891477182119331,-0.33154928761238533,0.3597405166254062,0.06580260888283984,4064419.328612568,0.6435786435786436,80,87.06102228195027
downside_deviation,Downside-deviation strategy,downside_65_0.20,"{""downside_threshold"": 0.2, ""downside_window"": 65, ""volatility_type"": ""downside_deviation_zero_target""}",0,0.29678850962360404,0.31289092765636495,0.436118104716479,-0.5614192490805151,-0.3392857563953485,0.40823772622475984,0.11006295684470091,2622686.0492866184,0.654073199527745,88,94.9257529176316
downside_deviation,Downside-deviation strategy,downside_65_0.20,"{""downside_threshold"": 0.2, ""downside_window"": 65, ""volatility_type"": ""downside_deviation_zero_target""}",1,0.3347501865302467,0.3421211727361604,0.44032742175197503,-0.589147718211934,-0.33154928761238533,0.3597405166254062,0.06580260888283984,6284903.911107237,0.6539420175783812,88,94.92067069232797
downside_deviation,Downside-deviation strategy,downside_65_0.21,"{""downside_threshold"": 0.21, ""downside_window"": 65, ""volatility_type"": ""downside_deviation_zero_target""}",0,0.3086513447001531,0.3279048980935597,0.4414547817148764,-0.5551977508201694,-0.3392857563953485,0.4519714612416119,0.11006295684470091,3455692.9320661975,0.6618129345402073,84,90.80199188051628
downside_deviation,Downside-deviation strategy,downside_65_0.21,"{""downside_threshold"": 0.21, ""downside_window"": 65, ""volatility_type"": ""downside_deviation_zero_target""}",1,0.3290007312004837,0.3382157234319958,0.44497395130157347,-0.5891477182119333,-0.33154928761238533,0.34771277960848,0.06580260888283984,5514585.20512233,0.6616817525908435,84,90.80470742416237
downside_deviation,Downside-deviation strategy,downside_65_0.22,"{""downside_threshold"": 0.22, ""downside_window"": 65, ""volatility_type"": ""downside_deviation_zero_target""}",0,0.31892607945711005,0.34856110320987255,0.44997969091484374,-0.5810851156031429,-0.33154928761238533,0.5095149147283435,0.11006295684470091,4379386.881993218,0.6699462154007608,94,100.66709705571131
downside_deviation,Downside-deviation strategy,downside_65_0.22,"{""downside_threshold"": 0.22, ""downside_window"": 65, ""volatility_type"": ""downside_deviation_zero_target""}",1,0.3428211402022725,0.3768308422446054,0.45172202649472265,-0.5891477182119333,-0.36338512281396995,0.620844325396603,0.06580260888283984,7544003.84257386,0.669815033451397,94,100.67693847839772
downside_deviation,Downside-deviation strategy,downside_65_0.23,"{""downside_threshold"": 0.23, ""downside_window"": 65, ""volatility_type"": ""downside_deviation_zero_target""}",0,0.3472587897429189,0.3562580054856317,0.4570788544466551,-0.5892347625392649,-0.33154928761238533,0.5822620257340811,0.11006295684470091,8336856.766196453,0.6782106782106783,90,96.52030967741238
downside_deviation,Downside-deviation strategy,downside_65_0.23,"{""downside_threshold"": 0.23, ""downside_window"": 65, ""volatility_type"": ""downside_deviation_zero_target""}",1,0.361733026015856,0.36636614995131667,0.4591547807955758,-0.589147718211934,-0.33154928761238533,0.5195746858284902,0.06580260888283984,11523225.92140526,0.6780794962613145,90,96.52467110821604
downside_deviation,Downside-deviation strategy,downside_65_0.24,"{""downside_threshold"": 0.24, ""downside_window"": 65, ""volatility_type"": ""downside_deviation_zero_target""}",0,0.30030588419719906,0.3523143710252734,0.4639774124365342,-0.7791339490672081,-0.33154928761238533,0.6009538392908733,0.11006295684470091,2846938.259090697,0.6845074117801391,100,106.42839909345831
downside_deviation,Downside-deviation strategy,downside_65_0.24,"{""downside_threshold"": 0.24, ""downside_window"": 65, ""volatility_type"": ""downside_deviation_zero_target""}",1,0.33602165253040317,0.35915058731807226,0.46651615743638325,-0.6410699523036154,-0.33154928761238533,0.5328691900415947,0.06580260888283984,6468797.13837481,0.6843762298307753,100,106.4336392865041
downside_deviation,Downside-deviation strategy,downside_65_0.25,"{""downside_threshold"": 0.25, ""downside_window"": 65, ""volatility_type"": ""downside_deviation_zero_target""}",0,0.3189831973334567,0.34936448387069996,0.47655450714956205,-0.6020829582942793,-0.3906715173979908,0.6009538392908733,0.11006295684470091,4385135.083364491,0.6973632428177883,102,108.21874730311481
downside_deviation,Downside-deviation strategy,downside_65_0.25,"{""downside_threshold"": 0.25, ""downside_window"": 65, ""volatility_type"": ""downside_deviation_zero_target""}",1,0.3433334203052645,0.3591456128130104,0.4788713533575986,-0.5891477182119333,-0.36483380029441415,0.5328691900415947,0.06580260888283984,7631665.7939644195,0.6972320608684245,102,108.23450371534952
downside_deviation,Downside-deviation strategy,downside_65_0.26,"{""downside_threshold"": 0.26, ""downside_window"": 65, ""volatility_type"": ""downside_deviation_zero_target""}",0,0.33875432416377804,0.3453832766766902,0.48659414892584324,-0.6020829582942796,-0.5600403090731864,0.6227867353510257,0.11006295684470091,6881800.810506153,0.7085137085137085,104,109.99333580976163
downside_deviation,Downside-deviation strategy,downside_65_0.26,"{""downside_threshold"": 0.26, ""downside_window"": 65, ""volatility_type"": ""downside_deviation_zero_target""}",1,0.3583518482939052,0.358425768124772,0.48951077301313917,-0.5891477182119333,-0.5795569205583109,0.5118728522475982,0.06580260888283984,10687368.128475083,0.7083825265643447,104,109.99478188009823
downside_deviation,Downside-deviation strategy,downside_65_0.27,"{""downside_threshold"": 0.27, ""downside_window"": 65, ""volatility_type"": ""downside_deviation_zero_target""}",0,0.31872019541011665,0.3453832766766902,0.4923072202313898,-0.6616561409665118,-0.6616561409665117,0.6227867353510257,0.11006295684470091,4358727.62624857,0.7133674406401679,108,113.92350053469104
downside_deviation,Downside-deviation strategy,downside_65_0.27,"{""downside_threshold"": 0.27, ""downside_window"": 65, ""volatility_type"": ""downside_deviation_zero_target""}",1,0.341316648968651,0.358425768124772,0.49494421639660763,-0.6524915180202877,-0.6524915180202878,0.5118728522475982,0.06580260888283984,7292145.706739371,0.7132362586908041,108,113.92158244399981
downside_deviation,Downside-deviation strategy,downside_65_0.28,"{""downside_threshold"": 0.28, ""downside_window"": 65, ""volatility_type"": ""downside_deviation_zero_target""}",0,0.3290664815299915,0.3453832766766902,0.5003730814170126,-0.7819654485593591,-0.7819654485593587,0.6227867353510257,0.11006295684470091,5522854.94523112,0.7184835366653548,104,109.84714407574602
downside_deviation,Downside-deviation strategy,downside_65_0.28,"{""downside_threshold"": 0.28, ""downside_window"": 65, ""volatility_type"": ""downside_deviation_zero_target""}",1,0.35138207471944805,0.358425768124772,0.5025247442929116,-0.7551811392866747,-0.7551811392866746,0.5118728522475982,0.06580260888283984,9145350.316275941,0.7183523547159911,104,109.84795084592196
downside_deviation,Downside-deviation strategy,downside_65_0.29,"{""downside_threshold"": 0.29, ""downside_window"": 65, ""volatility_type"": ""downside_deviation_zero_target""}",0,0.32595519912807025,0.3453832766766902,0.501153065639906,-0.7969069599456112,-0.7969069599456108,0.6227867353510257,0.11006295684470091,5144383.737326031,0.7194018103109012,100,105.83463276572532
downside_deviation,Downside-deviation strategy,downside_65_0.29,"{""downside_threshold"": 0.29, ""downside_window"": 65, ""volatility_type"": ""downside_deviation_zero_target""}",1,0.3396064345388432,0.358425768124772,0.5034222831560851,-0.812190842526742,-0.8121908425267419,0.5118728522475982,0.06580260888283984,7015719.837487454,0.7192706283615374,100,105.83669904054234
downside_deviation,Downside-deviation strategy,downside_65_0.30,"{""downside_threshold"": 0.3, ""downside_window"": 65, ""volatility_type"": ""downside_deviation_zero_target""}",0,0.32672759231024484,0.3453832766766902,0.5027710752331722,-0.7932928141944563,-0.7932928141944564,0.6227867353510257,0.11006295684470091,5235930.708219655,0.7199265381083563,100,105.82627420036073
downside_deviation,Downside-deviation strategy,downside_65_0.30,"{""downside_threshold"": 0.3, ""downside_window"": 65, ""volatility_type"": ""downside_deviation_zero_target""}",1,0.3489853596517589,0.358425768124772,0.5054267342549027,-0.7810687801476878,-0.7810687801476875,0.5118728522475982,0.06580260888283984,8666618.1867764,0.7197953561589925,100,105.82820351680135
downside_deviation,Downside-deviation strategy,downside_70_0.10,"{""downside_threshold"": 0.1, ""downside_window"": 70, ""volatility_type"": ""downside_deviation_zero_target""}",0,0.10090070177020505,0.14305227739385362,0.21323061109574112,-0.4137647008540628,-0.08542700623432053,0.46197650403244883,0.07211820640697741,18387.77131512977,0.23311032401941492,93,106.56050398754353
downside_deviation,Downside-deviation strategy,downside_70_0.10,"{""downside_threshold"": 0.1, ""downside_window"": 70, ""volatility_type"": ""downside_deviation_zero_target""}",1,0.08389225610172768,0.10763500073469134,0.21572592491686687,-0.5542505017938186,-0.08542700623432053,0.47026672658372415,0.07211820640697741,11473.889605699327,0.23311032401941492,93,106.55756469351147
downside_deviation,Downside-deviation strategy,downside_70_0.11,"{""downside_threshold"": 0.11, ""downside_window"": 70, ""volatility_type"": ""downside_deviation_zero_target""}",0,0.09690631770619107,0.13271783327384612,0.2517176907544032,-0.536714939362045,-0.08542700623432053,0.22340734507870508,0.014917223960522863,16470.766833545284,0.3101141282959465,107,119.35488236269698
downside_deviation,Downside-deviation strategy,downside_70_0.11,"{""downside_threshold"": 0.11, ""downside_window"": 70, ""volatility_type"": ""downside_deviation_zero_target""}",1,0.09496674116245973,0.12848786498666298,0.2526655018406609,-0.5294558873788946,-0.08542700623432053,0.33716777107397555,0.11372729364929057,15611.083185338486,0.3101141282959465,107,119.3377579360204
downside_deviation,Downside-deviation strategy,downside_70_0.12,"{""downside_threshold"": 0.12, ""downside_window"": 70, ""volatility_type"": ""downside_deviation_zero_target""}",0,0.1574570906552626,0.18999693526731565,0.28469185837807176,-0.48806008704660886,-0.08542700623432053,0.0890244391757482,0.007026020634397501,83855.09461684102,0.39105339105339104,81,92.09770469885481
downside_deviation,Downside-deviation strategy,downside_70_0.12,"{""downside_threshold"": 0.12, ""downside_window"": 70, ""volatility_type"": ""downside_deviation_zero_target""}",1,0.15016489186894777,0.1948996705896191,0.2845930288759315,-0.5065710602181498,-0.08542700623432053,0.14961249509150698,0.05989440375128918,69245.43434442485,0.39105339105339104,81,92.08146775265664
downside_deviation,Downside-deviation strategy,downside_70_0.13,"{""downside_threshold"": 0.13, ""downside_window"": 70, ""volatility_type"": ""downside_deviation_zero_target""}",0,0.15294641412824328,0.19867980266675156,0.3130955753778869,-0.5256991732659755,-0.08542700623432053,0.08479348844263557,-0.12376453507291385,74501.54492433691,0.4474616292798111,72,82.16236450527472
downside_deviation,Downside-deviation strategy,downside_70_0.13,"{""downside_threshold"": 0.13, ""downside_window"": 70, ""volatility_type"": ""downside_deviation_zero_target""}",1,0.1456911050961669,0.1816580201305733,0.3161606092702145,-0.5534807468069041,-0.08542700623432053,0.10817419769612058,-0.10856978406652862,61535.28817981568,0.44733044733044736,72,82.14841225376217
downside_deviation,Downside-deviation strategy,downside_70_0.14,"{""downside_threshold"": 0.14, ""downside_window"": 70, ""volatility_type"": ""downside_deviation_zero_target""}",0,0.13404243282421002,0.19193413413156168,0.3411403269992185,-0.5537979082236704,-0.28441548062579336,0.37427565482836744,0.11006295684470091,45153.605421120454,0.4980978617342254,88,97.33513092450298
downside_deviation,Downside-deviation strategy,downside_70_0.14,"{""downside_threshold"": 0.14, ""downside_window"": 70, ""volatility_type"": ""downside_deviation_zero_target""}",1,0.1619185749545644,0.2075217310502242,0.341580853343851,-0.6023175081790344,-0.1876024690485032,0.32494381488333945,0.06580260888283984,94218.66239040511,0.4979666797848616,88,97.3539953269908
downside_deviation,Downside-deviation strategy,downside_70_0.15,"{""downside_threshold"": 0.15, ""downside_window"": 70, ""volatility_type"": ""downside_deviation_zero_target""}",0,0.19906027027085083,0.26934014707955267,0.36600597356982145,-0.5655527737150916,-0.21949474571316896,0.37427565482836744,0.11006295684470091,244372.38619043175,0.5395513577331759,72,80.72364056158608
downside_deviation,Downside-deviation strategy,downside_70_0.15,"{""downside_threshold"": 0.15, ""downside_window"": 70, ""volatility_type"": ""downside_deviation_zero_target""}",1,0.21130682047238958,0.2761955738575921,0.36714540752266156,-0.6232165906805772,-0.240059612004207,0.32494381488333945,0.06580260888283984,332448.2585226934,0.5394201757838122,72,80.72499795166773
downside_deviation,Downside-deviation strategy,downside_70_0.16,"{""downside_threshold"": 0.16, ""downside_window"": 70, ""volatility_type"": ""downside_deviation_zero_target""}",0,0.20816618672483655,0.29207119919359825,0.3848483859945924,-0.5601322762400016,-0.20748496513192483,0.37427565482836744,0.11006295684470091,307307.47328884987,0.5661812934540207,84,92.27163335628845
downside_deviation,Downside-deviation strategy,downside_70_0.16,"{""downside_threshold"": 0.16, ""downside_window"": 70, ""volatility_type"": ""downside_deviation_zero_target""}",1,0.2120458360861719,0.2708643880872057,0.38688283232233595,-0.6268316785398784,-0.23101357618880625,0.32494381488333945,0.06580260888283984,338646.9554723499,0.566050111504657,84,92.23356805068995
downside_deviation,Downside-deviation strategy,downside_70_0.17,"{""downside_threshold"": 0.17, ""downside_window"": 70, ""volatility_type"": ""downside_deviation_zero_target""}",0,0.18924367821942,0.3059417334658727,0.40257469249586203,-0.5832813471920515,-0.2683352819873145,0.37427565482836744,0.11006295684470091,190508.2719754524,0.6017316017316018,92,99.65958915066247
downside_deviation,Downside-deviation strategy,downside_70_0.17,"{""downside_threshold"": 0.17, ""downside_window"": 70, ""volatility_type"": ""downside_deviation_zero_target""}",1,0.21205068430642582,0.2989606117279773,0.4056936610381691,-0.5883727171385066,-0.28019424973478957,0.32494381488333945,0.06580260888283984,338687.98792903323,0.601600419782238,92,99.65216980335518
downside_deviation,Downside-deviation strategy,downside_70_0.18,"{""downside_threshold"": 0.18, ""downside_window"": 70, ""volatility_type"": ""downside_deviation_zero_target""}",0,0.24694660424260295,0.32082649232490223,0.41844734252008325,-0.5156138018044614,-0.20748496513192483,0.40448542060699877,0.11006295684470091,800166.4292177118,0.6284927194018103,74,81.28982446227832
downside_deviation,Downside-deviation strategy,downside_70_0.18,"{""downside_threshold"": 0.18, ""downside_window"": 70, ""volatility_type"": ""downside_deviation_zero_target""}",1,0.263898607830799,0.3207214345770024,0.42260485247267904,-0.5891477182119338,-0.2310135761888068,0.3194806377501356,0.06580260888283984,1204506.696299803,0.6283615374524465,74,81.28057334398959
downside_deviation,Downside-deviation strategy,downside_70_0.19,"{""downside_threshold"": 0.19, ""downside_window"": 70, ""volatility_type"": ""downside_deviation_zero_target""}",0,0.2966861276701396,0.3333375285884481,0.42950914644550925,-0.5156138018044614,-0.3392857563953485,0.40448542060699877,0.11006295684470091,2616421.4958395497,0.6439721894267348,78,85.09593172058032
downside_deviation,Downside-deviation strategy,downside_70_0.19,"{""downside_threshold"": 0.19, ""downside_window"": 70, ""volatility_type"": ""downside_deviation_zero_target""}",1,0.324683349235694,0.33531909807592974,0.4332130657204897,-0.5891477182119337,-0.33154928761238533,0.3194806377501356,0.06580260888283984,4997001.986614388,0.6438410074773712,78,85.08099259528711
downside_deviation,Downside-deviation strategy,downside_70_0.20,"{""downside_threshold"": 0.2, ""downside_window"": 70, ""volatility_type"": ""downside_deviation_zero_target""}",0,0.3044704393980018,0.34284911542350227,0.43610949111746916,-0.5156138018044614,-0.3392857563953485,0.40448542060699877,0.11006295684470091,3136472.31240888,0.6526301980847435,86,92.96982598190785
downside_deviation,Downside-deviation strategy,downside_70_0.20,"{""downside_threshold"": 0.2, ""downside_window"": 70, ""volatility_type"": ""downside_deviation_zero_target""}",1,0.3118570900891393,0.34156954813950247,0.4398196094094255,-0.6476183824097996,-0.33154928761238533,0.3194806377501356,0.06580260888283984,3721515.689230041,0.6524990161353798,86,92.97496044178567
downside_deviation,Downside-deviation strategy,downside_70_0.21,"{""downside_threshold"": 0.21, ""downside_window"": 70, ""volatility_type"": ""downside_deviation_zero_target""}",0,0.3239072868010775,0.35345310023887566,0.4440006798617245,-0.5156138018044614,-0.33154928761238533,0.4481498353101221,0.11006295684470091,4909086.729377688,0.6594516594516594,86,92.84701984037423
downside_deviation,Downside-deviation strategy,downside_70_0.21,"{""downside_threshold"": 0.21, ""downside_window"": 70, ""volatility_type"": ""downside_deviation_zero_target""}",1,0.3311771809711255,0.35317782614769033,0.4465365618771324,-0.5891477182119332,-0.33154928761238533,0.35127494906377277,0.06580260888283984,5794792.531647322,0.6593204775022957,86,92.84739491152934
downside_deviation,Downside-deviation strategy,downside_70_0.22,"{""downside_threshold"": 0.22, ""downside_window"": 70, ""volatility_type"": ""downside_deviation_zero_target""}",0,0.3306923491776077,0.3828639262336513,0.4498365751022489,-0.5257939737695194,-0.33154928761238533,0.6075834704747118,0.11006295684470091,5731205.278647215,0.6687655778564869,88,94.69305820525781
downside_deviation,Downside-deviation strategy,downside_70_0.22,"{""downside_threshold"": 0.22, ""downside_window"": 70, ""volatility_type"": ""downside_deviation_zero_target""}",1,0.348921441137952,0.39208466150242094,0.4520634194918607,-0.5891477182119339,-0.33154928761238533,0.5643179384528187,0.06580260888283984,8654188.523260105,0.6686343959071231,88,94.70256764889744
downside_deviation,Downside-deviation strategy,downside_70_0.23,"{""downside_threshold"": 0.23, ""downside_window"": 70, ""volatility_type"": ""downside_deviation_zero_target""}",0,0.33067332098881286,0.35003561087173574,0.4572778966620344,-0.5858639734051994,-0.33154928761238533,0.5710301525823218,0.11006295684470091,5728723.480717182,0.6774235865144956,92,98.5308682788951
downside_deviation,Downside-deviation strategy,downside_70_0.23,"{""downside_threshold"": 0.23, ""downside_window"": 70, ""volatility_type"": ""downside_deviation_zero_target""}",1,0.3469704376495315,0.3623505695381539,0.4592325869063104,-0.5891477182119333,-0.33154928761238533,0.5490123182330318,0.06580260888283984,8282979.519599745,0.6772924045651318,92,98.53499165830246
downside_deviation,Downside-deviation strategy,downside_70_0.24,"{""downside_threshold"": 0.24, ""downside_window"": 70, ""volatility_type"": ""downside_deviation_zero_target""}",0,0.3026629375375598,0.3527110864467189,0.46577874409611547,-0.5858639734051996,-0.33154928761238533,0.6009538392908733,0.11006295684470091,3007472.0418726285,0.6868686868686869,102,108.39529293422476
downside_deviation,Downside-deviation strategy,downside_70_0.24,"{""downside_threshold"": 0.24, ""downside_window"": 70, ""volatility_type"": ""downside_deviation_zero_target""}",1,0.3170908759905666,0.3583521614309355,0.46873232892318933,-0.5891477182119336,-0.33154928761238533,0.5328691900415947,0.06580260888283984,4198525.871293352,0.6867375049193231,102,108.39982196463568
downside_deviation,Downside-deviation strategy,downside_70_0.25,"{""downside_threshold"": 0.25, ""downside_window"": 70, ""volatility_type"": ""downside_deviation_zero_target""}",0,0.3599331013440825,0.34702257273498915,0.47904697478788216,-0.5858639734051997,-0.33154928761238533,0.5858262665886345,0.11006295684470091,11070698.664541937,0.7005116096025187,98,104.12479282470301
downside_deviation,Downside-deviation strategy,downside_70_0.25,"{""downside_threshold"": 0.25, ""downside_window"": 70, ""volatility_type"": ""downside_deviation_zero_target""}",1,0.38255832726463534,0.35485559291460933,0.48175188678726033,-0.5891477182119337,-0.33154928761238533,0.45628347202388775,0.06580260888283984,18248486.033726692,0.7003804276531549,98,104.13018655652515
downside_deviation,Downside-deviation strategy,downside_70_0.26,"{""downside_threshold"": 0.26, ""downside_window"": 70, ""volatility_type"": ""downside_deviation_zero_target""}",0,0.330582474116599,0.3457779587898502,0.48617108538925424,-0.6020829582942786,-0.5682875224810549,0.6227867353510257,0.11006295684470091,5716888.873644017,0.7072018890200709,108,114.00824121402728
downside_deviation,Downside-deviation strategy,downside_70_0.26,"{""downside_threshold"": 0.26, ""downside_window"": 70, ""volatility_type"": ""downside_deviation_zero_target""}",1,0.3548276680878899,0.3576277680288704,0.4892216201232391,-0.5891477182119338,-0.4998648507280674,0.5118728522475982,0.06580260888283984,9878649.170312047,0.7070707070707071,108,114.01035566837395
downside_deviation,Downside-deviation strategy,downside_70_0.27,"{""downside_threshold"": 0.27, ""downside_window"": 70, ""volatility_type"": ""downside_deviation_zero_target""}",0,0.30431781254538337,0.3457779587898502,0.49294131612377484,-0.7102091765883323,-0.7102091765883316,0.6227867353510257,0.11006295684470091,3125375.8179556485,0.7125803489439853,110,115.93179853741414
downside_deviation,Downside-deviation strategy,downside_70_0.27,"{""downside_threshold"": 0.27, ""downside_window"": 70, ""volatility_type"": ""downside_deviation_zero_target""}",1,0.3350493829245431,0.3576277680288704,0.49634094974711485,-0.7339670857237255,-0.7339670857237262,0.5118728522475982,0.06580260888283984,6327716.6455049245,0.7124491669946216,110,115.929663647019
downside_deviation,Downside-deviation strategy,downside_70_0.28,"{""downside_threshold"": 0.28, ""downside_window"": 70, ""volatility_type"": ""downside_deviation_zero_target""}",0,0.3277011012126563,0.3457779587898502,0.49878648690142147,-0.7669774220828837,-0.7669774220828831,0.6227867353510257,0.11006295684470091,5353560.607179398,0.7167781713236259,100,105.87160830824533
downside_deviation,Downside-deviation strategy,downside_70_0.28,"{""downside_threshold"": 0.28, ""downside_window"": 70, ""volatility_type"": ""downside_deviation_zero_target""}",1,0.33888352546648437,0.3576277680288704,0.501110804208748,-0.7878860071357585,-0.7878860071357585,0.5118728522475982,0.06580260888283984,6901946.105969073,0.7166469893742621,100,105.87525309839938
downside_deviation,Downside-deviation strategy,downside_70_0.29,"{""downside_threshold"": 0.29, ""downside_window"": 70, ""volatility_type"": ""downside_deviation_zero_target""}",0,0.3190142287937272,0.3457779587898502,0.5014782409073366,-0.808993680611942,-0.8089936806119419,0.6227867353510257,0.11006295684470091,4388261.070401289,0.7179588088678998,100,105.85720311057514
downside_deviation,Downside-deviation strategy,downside_70_0.29,"{""downside_threshold"": 0.29, ""downside_window"": 70, ""volatility_type"": ""downside_deviation_zero_target""}",1,0.33794926593341823,0.3576277680288704,0.5042581379464292,-0.7923236685552222,-0.7923236685552217,0.5118728522475982,0.06580260888283984,6757549.691851861,0.717827626918536,100,105.8601616866156
downside_deviation,Downside-deviation strategy,downside_70_0.30,"{""downside_threshold"": 0.3, ""downside_window"": 70, ""volatility_type"": ""downside_deviation_zero_target""}",0,0.3279232426775689,0.3457779587898502,0.5032789442575553,-0.7802511662454548,-0.7802511662454553,0.6227867353510257,0.11006295684470091,5380758.054949193,0.7192706283615374,100,105.83788011315137
downside_deviation,Downside-deviation strategy,downside_70_0.30,"{""downside_threshold"": 0.3, ""downside_window"": 70, ""volatility_type"": ""downside_deviation_zero_target""}",1,0.33282576159306365,0.3576277680288704,0.5059996531033273,-0.8100450129037329,-0.8100450129037333,0.5118728522475982,0.06580260888283984,6016153.46485282,0.7191394464121736,100,105.83908575742214
downside_deviation,Downside-deviation strategy,downside_75_0.10,"{""downside_threshold"": 0.1, ""downside_window"": 75, ""volatility_type"": ""downside_deviation_zero_target""}",0,0.07788801615604757,0.10342926673939301,0.21016280808157933,-0.5345313489100354,-0.08542700623432053,0.3973483697275071,0.07211820640697741,9697.018902228763,0.2255017709563164,87,100.65663550310514
downside_deviation,Downside-deviation strategy,downside_75_0.10,"{""downside_threshold"": 0.1, ""downside_window"": 75, ""volatility_type"": ""downside_deviation_zero_target""}",1,0.06502889254318811,0.07422330488950468,0.2152361081826592,-0.5974038665666601,-0.08542700623432053,0.44710265119791104,0.07211820640697741,6741.582604051045,0.2255017709563164,87,100.65456030507767
downside_deviation,Downside-deviation strategy,downside_75_0.11,"{""downside_threshold"": 0.11, ""downside_window"": 75, ""volatility_type"": ""downside_deviation_zero_target""}",0,0.10631295968763,0.14867823010823367,0.2515029333885343,-0.5448526428905938,-0.08542700623432053,0.23484802875340138,0.07211820640697741,21332.470375279067,0.31260658533385804,97,109.34821218926658
downside_deviation,Downside-deviation strategy,downside_75_0.11,"{""downside_threshold"": 0.11, ""downside_window"": 75, ""volatility_type"": ""downside_deviation_zero_target""}",1,0.09731504778130473,0.14279723917606324,0.2527106036610614,-0.5439282445927419,-0.08542700623432053,0.34514784817432176,0.07211820640697741,16657.681877675026,0.31260658533385804,97,109.32958902236169
downside_deviation,Downside-deviation strategy,downside_75_0.12,"{""downside_threshold"": 0.12, ""downside_window"": 75, ""volatility_type"": ""downside_deviation_zero_target""}",0,0.1274863856927786,0.16655991456514863,0.28392551326165144,-0.5651143787114241,-0.08542700623432053,-0.04554606956886176,-0.15884207936895622,37881.18935138992,0.3835760199396563,81,92.21973809215147
downside_deviation,Downside-deviation strategy,downside_75_0.12,"{""downside_threshold"": 0.12, ""downside_window"": 75, ""volatility_type"": ""downside_deviation_zero_target""}",1,0.13360073040751086,0.1846507819384131,0.2849503033315992,-0.4954054678258967,-0.08542700623432053,0.1665696711475,-0.06025888002924684,44623.93061724262,0.3835760199396563,81,92.2342531153495
downside_deviation,Downside-deviation strategy,downside_75_0.13,"{""downside_threshold"": 0.13, ""downside_window"": 75, ""volatility_type"": ""downside_deviation_zero_target""}",0,0.1442568991444655,0.20531056233862977,0.3125776157266181,-0.5868684746319726,-0.09486210207152512,0.033483130291884766,-0.1582925761938263,59244.319857804774,0.44208316935589664,84,94.25978195730914
downside_deviation,Downside-deviation strategy,downside_75_0.13,"{""downside_threshold"": 0.13, ""downside_window"": 75, ""volatility_type"": ""downside_deviation_zero_target""}",1,0.15764309813996835,0.22217522200486894,0.31417378666632667,-0.5358759755363334,-0.14073771863115614,0.027938703321202407,-0.15533797160522123,84264.2318654897,0.44195198740653285,84,94.24868185929874
downside_deviation,Downside-deviation strategy,downside_75_0.14,"{""downside_threshold"": 0.14, ""downside_window"": 75, ""volatility_type"": ""downside_deviation_zero_target""}",0,0.15123008069763277,0.20335433276185189,0.3369141647893313,-0.5326459491668972,-0.15680157577391274,0.3629811345528893,0.11006295684470091,71214.45812038229,0.4919323101141283,84,93.48512985065861
downside_deviation,Downside-deviation strategy,downside_75_0.14,"{""downside_threshold"": 0.14, ""downside_window"": 75, ""volatility_type"": ""downside_deviation_zero_target""}",1,0.15763888231830658,0.20032720037385165,0.3402838656575456,-0.5371854658387497,-0.12774083450294627,0.2970628664975672,0.06580260888283984,84254.93751053522,0.4918011281647645,84,93.48542695193572
downside_deviation,Downside-deviation strategy,downside_75_0.15,"{""downside_threshold"": 0.15, ""downside_window"": 75, ""volatility_type"": ""downside_deviation_zero_target""}",0,0.18666571730861659,0.23769327191557332,0.3633968190784616,-0.5349070361558357,-0.16913566197263563,0.3629811345528893,0.11006295684470091,178388.707790817,0.5357470812016266,70,78.80121594096684
downside_deviation,Downside-deviation strategy,downside_75_0.15,"{""downside_threshold"": 0.15, ""downside_window"": 75, ""volatility_type"": ""downside_deviation_zero_target""}",1,0.16534335434753955,0.24951267061544447,0.3673251349536381,-0.5711830824460085,-0.22695042651296438,0.2970628664975672,0.06580260888283984,103003.7910119435,0.5356158992522629,70,78.79305561405306
downside_deviation,Downside-deviation strategy,downside_75_0.16,"{""downside_threshold"": 0.16, ""downside_window"": 75, ""volatility_type"": ""downside_deviation_zero_target""}",0,0.18923383112704473,0.27014528682865313,0.3797191988706632,-0.5600005403547164,-0.20096911852720345,0.3629811345528893,0.11006295684470091,190460.49815839433,0.5584415584415584,74,82.38159549830789
downside_deviation,Downside-deviation strategy,downside_75_0.16,"{""downside_threshold"": 0.16, ""downside_window"": 75, ""volatility_type"": ""downside_deviation_zero_target""}",1,0.1988494818669817,0.27754279836277496,0.382727624591624,-0.6210438030193131,-0.22184335146202794,0.2970628664975672,0.06580260888283984,243074.51445346186,0.5583103764921947,74,82.37064723146052
downside_deviation,Downside-deviation strategy,downside_75_0.17,"{""downside_threshold"": 0.17, ""downside_window"": 75, ""volatility_type"": ""downside_deviation_zero_target""}",0,0.18766985352908105,0.2938003308917865,0.40173781416649906,-0.6013940000715654,-0.20748496513192483,0.3782886204379641,0.11006295684470091,183018.0002772981,0.5992391446936901,90,97.71027394665151
downside_deviation,Downside-deviation strategy,downside_75_0.17,"{""downside_threshold"": 0.17, ""downside_window"": 75, ""volatility_type"": ""downside_deviation_zero_target""}",1,0.230839435611081,0.2975490361560209,0.4050556982514365,-0.6070695250170279,-0.2310135761888068,0.3086364517501792,0.06580260888283984,539699.7803611119,0.5991079627443264,90,97.69575574037285
downside_deviation,Downside-deviation strategy,downside_75_0.18,"{""downside_threshold"": 0.18, ""downside_window"": 75, ""volatility_type"": ""downside_deviation_zero_target""}",0,0.25369232390491625,0.3211187731907179,0.41783034473147534,-0.5654808302628558,-0.20748496513192483,0.3782886204379641,0.11006295684470091,942219.0332977755,0.6266561721107176,76,83.31652539436155
downside_deviation,Downside-deviation strategy,downside_75_0.18,"{""downside_threshold"": 0.18, ""downside_window"": 75, ""volatility_type"": ""downside_deviation_zero_target""}",1,0.28067677525777546,0.32529016123856747,0.4218432693004913,-0.5891477182119338,-0.2310135761888068,0.3086364517501792,0.06580260888283984,1795916.00729537,0.6265249901613538,76,83.31407563138113
downside_deviation,Downside-deviation strategy,downside_75_0.19,"{""downside_threshold"": 0.19, ""downside_window"": 75, ""volatility_type"": ""downside_deviation_zero_target""}",0,0.29229642081094864,0.318846456676126,0.4254527549101274,-0.5156138018044616,-0.20748496513192483,0.3782886204379641,0.11006295684470091,2361020.2463998897,0.6392496392496393,76,83.16319516068894
downside_deviation,Downside-deviation strategy,downside_75_0.19,"{""downside_threshold"": 0.19, ""downside_window"": 75, ""volatility_type"": ""downside_deviation_zero_target""}",1,0.32172548297541703,0.3370546718288647,0.4297086096797647,-0.5891477182119333,-0.2310135761888068,0.3086364517501792,0.06580260888283984,4669862.373811655,0.6391184573002755,76,83.1549608977636
downside_deviation,Downside-deviation strategy,downside_75_0.20,"{""downside_threshold"": 0.2, ""downside_window"": 75, ""volatility_type"": ""downside_deviation_zero_target""}",0,0.28277296256340034,0.31770556332869715,0.43307880212057837,-0.5156138018044611,-0.3407248625840854,0.40448542060699877,0.11006295684470091,1887120.064552607,0.6486947396038305,82,89.03810162238747
downside_deviation,Downside-deviation strategy,downside_75_0.20,"{""downside_threshold"": 0.2, ""downside_window"": 75, ""volatility_type"": ""downside_deviation_zero_target""}",1,0.29743966194080906,0.3215134981113421,0.43646548216757175,-0.5891477182119332,-0.3778989498299542,0.3194806377501356,0.06580260888283984,2662869.6006415742,0.6485635576544667,82,89.03110809197639
downside_deviation,Downside-deviation strategy,downside_75_0.21,"{""downside_threshold"": 0.21, ""downside_window"": 75, ""volatility_type"": ""downside_deviation_zero_target""}",0,0.29724161218539447,0.3549530068592053,0.4404665280300074,-0.535720687675876,-0.43354985178248306,0.4758556330789634,0.11006295684470091,2650585.0830502827,0.6599763872491146,84,90.86648109351196
downside_deviation,Downside-deviation strategy,downside_75_0.21,"{""downside_threshold"": 0.21, ""downside_window"": 75, ""volatility_type"": ""downside_deviation_zero_target""}",1,0.3237468571793578,0.3562854760825167,0.4427736035343761,-0.589147718211933,-0.33154928761238533,0.39242503406528795,0.06580260888283984,4891100.1416112725,0.6598452052997508,84,90.8618036500742
downside_deviation,Downside-deviation strategy,downside_75_0.22,"{""downside_threshold"": 0.22, ""downside_window"": 75, ""volatility_type"": ""downside_deviation_zero_target""}",0,0.32656498526751476,0.35587326488073767,0.4505971602000784,-0.5241123761014768,-0.33154928761238533,0.5183671911200316,0.11006295684470091,5216527.936472256,0.6674537583628493,86,92.73268712840962
downside_deviation,Downside-deviation strategy,downside_75_0.22,"{""downside_threshold"": 0.22, ""downside_window"": 75, ""volatility_type"": ""downside_deviation_zero_target""}",1,0.3422258826693325,0.3523507081232895,0.45218327550284515,-0.589147718211933,-0.33154928761238533,0.4516970040212236,0.06580260888283984,7443365.4945283495,0.6673225764134855,86,92.7378581032039
downside_deviation,Downside-deviation strategy,downside_75_0.23,"{""downside_threshold"": 0.23, ""downside_window"": 75, ""volatility_type"": ""downside_deviation_zero_target""}",0,0.31344528436942487,0.3510072272106517,0.45662107366761495,-0.6018866864163712,-0.33154928761238533,0.5710301525823218,0.11006295684470091,3860430.3365179994,0.6767676767676768,90,96.54027192529041
downside_deviation,Downside-deviation strategy,downside_75_0.23,"{""downside_threshold"": 0.23, ""downside_window"": 75, ""volatility_type"": ""downside_deviation_zero_target""}",1,0.3275167827223391,0.35688312858999693,0.45902564306793187,-0.6159390478707687,-0.33154928761238533,0.5490123182330318,0.06580260888283984,5331094.892942427,0.676636494818313,90,96.56101681945648
downside_deviation,Downside-deviation strategy,downside_75_0.24,"{""downside_threshold"": 0.24, ""downside_window"": 75, ""volatility_type"": ""downside_deviation_zero_target""}",0,0.3268614278550992,0.3458566991559675,0.46791444807612154,-0.5858639734051989,-0.33154928761238533,0.6009538392908733,0.11006295684470091,5251952.715669058,0.6888364161091434,104,110.32929984206707
downside_deviation,Downside-deviation strategy,downside_75_0.24,"{""downside_threshold"": 0.24, ""downside_window"": 75, ""volatility_type"": ""downside_deviation_zero_target""}",1,0.338130358910687,0.3505153589396155,0.4708965378006987,-0.5891477182119336,-0.33154928761238533,0.5328691900415947,0.06580260888283984,6785308.697983419,0.6887052341597796,104,110.3480795545117
downside_deviation,Downside-deviation strategy,downside_75_0.25,"{""downside_threshold"": 0.25, ""downside_window"": 75, ""volatility_type"": ""downside_deviation_zero_target""}",0,0.3589579347873453,0.34300380365695515,0.4791706010017549,-0.5858639734051996,-0.33154928761238533,0.6227867353510257,0.11006295684470091,10832755.00654114,0.7003804276531549,104,110.11410339218178
downside_deviation,Downside-deviation strategy,downside_75_0.25,"{""downside_threshold"": 0.25, ""downside_window"": 75, ""volatility_type"": ""downside_deviation_zero_target""}",1,0.38393173313579054,0.3520815585737451,0.4814847325272442,-0.589147718211934,-0.33154928761238533,0.5118728522475982,0.06580260888283984,18805627.031750485,0.7002492457037912,104,110.11668901719564
downside_deviation,Downside-deviation strategy,downside_75_0.26,"{""downside_threshold"": 0.26, ""downside_window"": 75, ""volatility_type"": ""downside_deviation_zero_target""}",0,0.3509728443399682,0.34300380365695515,0.48605099349548814,-0.5858639734052005,-0.5795476226583218,0.6227867353510257,0.11006295684470091,9061836.775500134,0.706545979273252,104,110.01772171309356
downside_deviation,Downside-deviation strategy,downside_75_0.26,"{""downside_threshold"": 0.26, ""downside_window"": 75, ""volatility_type"": ""downside_deviation_zero_target""}",1,0.3653802564144364,0.3520815585737451,0.4879684089632454,-0.5891477182119333,-0.5326714499837335,0.5118728522475982,0.06580260888283984,12495676.588870859,0.7064147973238882,104,110.02735176930611
downside_deviation,Downside-deviation strategy,downside_75_0.27,"{""downside_threshold"": 0.27, ""downside_window"": 75, ""volatility_type"": ""downside_deviation_zero_target""}",0,0.3420636621041664,0.34007422622005556,0.4942772451108024,-0.6314879792581283,-0.6314879792581272,0.6227867353510257,0.11006295684470091,7416165.252630124,0.712711530893349,104,109.9421343849428
downside_deviation,Downside-deviation strategy,downside_75_0.27,"{""downside_threshold"": 0.27, ""downside_window"": 75, ""volatility_type"": ""downside_deviation_zero_target""}",1,0.3490666048750686,0.35207660994140055,0.4969254471973391,-0.6663481826233792,-0.6663481826233796,0.5118728522475982,0.06580260888283984,8682442.139227424,0.7125803489439853,104,109.9473630631812
downside_deviation,Downside-deviation strategy,downside_75_0.28,"{""downside_threshold"": 0.28, ""downside_window"": 75, ""volatility_type"": ""downside_deviation_zero_target""}",0,0.3272677518074951,0.34007422622005556,0.49692120305411885,-0.7644045361730452,-0.7644045361730452,0.6227867353510257,0.11006295684470091,5300886.429995303,0.7150728059818969,102,107.90322312028059
downside_deviation,Downside-deviation strategy,downside_75_0.28,"{""downside_threshold"": 0.28, ""downside_window"": 75, ""volatility_type"": ""downside_deviation_zero_target""}",1,0.34427064189056966,0.35207660994140055,0.499435672646965,-0.7263776200039075,-0.7263776200039074,0.5118728522475982,0.06580260888283984,7794600.381991607,0.7149416240325331,102,107.91408049736535
downside_deviation,Downside-deviation strategy,downside_75_0.29,"{""downside_threshold"": 0.29, ""downside_window"": 75, ""volatility_type"": ""downside_deviation_zero_target""}",0,0.33185544823435076,0.34007422622005556,0.500512011585603,-0.7480282439165897,-0.74802824391659,0.6227867353510257,0.11006295684470091,5884895.3979684,0.7169093532729897,100,105.88090857435333
downside_deviation,Downside-deviation strategy,downside_75_0.29,"{""downside_threshold"": 0.29, ""downside_window"": 75, ""volatility_type"": ""downside_deviation_zero_target""}",1,0.340247883737983,0.35207660994140055,0.5029255122808496,-0.7592745385889196,-0.7592745385889194,0.5118728522475982,0.06580260888283984,7118189.994732135,0.7167781713236259,100,105.88656390813313
downside_deviation,Downside-deviation strategy,downside_75_0.30,"{""downside_threshold"": 0.3, ""downside_window"": 75, ""volatility_type"": ""downside_deviation_zero_target""}",0,0.3280669759234829,0.34007422622005556,0.5025880724454849,-0.7795403150836531,-0.7795403150836533,0.6227867353510257,0.11006295684470091,5398426.889437395,0.7183523547159911,102,107.85647229189944
downside_deviation,Downside-deviation strategy,downside_75_0.30,"{""downside_threshold"": 0.3, ""downside_window"": 75, ""volatility_type"": ""downside_deviation_zero_target""}",1,0.34429797457569356,0.35207660994140055,0.5056110966451501,-0.7835952380358367,-0.7835952380358367,0.5118728522475982,0.06580260888283984,7799402.251662784,0.7182211727666273,102,107.8618513019006
downside_deviation,Downside-deviation strategy,downside_80_0.10,"{""downside_threshold"": 0.1, ""downside_window"": 80, ""volatility_type"": ""downside_deviation_zero_target""}",0,0.059294524263182824,0.0735200829310303,0.20900909162566514,-0.5604850718632117,-0.08542700623432053,0.36818759890463304,0.07211820640697741,5724.5755594082575,0.21684376229830776,85,98.73194620387841
downside_deviation,Downside-deviation strategy,downside_80_0.10,"{""downside_threshold"": 0.1, ""downside_window"": 80, ""volatility_type"": ""downside_deviation_zero_target""}",1,0.054558370921232946,0.05792649891641566,0.21174488888750753,-0.5861256442953773,-0.08542700623432053,0.34230244796093423,0.07211820640697741,4998.006827209018,0.21684376229830776,85,98.74035084292059
downside_deviation,Downside-deviation strategy,downside_80_0.11,"{""downside_threshold"": 0.11, ""downside_window"": 80, ""volatility_type"": ""downside_deviation_zero_target""}",0,0.10136833369430209,0.150831175203878,0.25097194501036946,-0.5482993168112001,-0.08542700623432053,0.3172136429090444,0.07211820640697741,18625.828188037056,0.3135248589794044,93,105.33808117848123
downside_deviation,Downside-deviation strategy,downside_80_0.11,"{""downside_threshold"": 0.11, ""downside_window"": 80, ""volatility_type"": ""downside_deviation_zero_target""}",1,0.10169903413890413,0.1317137845842724,0.25240948200187807,-0.5537427770602601,-0.08542700623432053,0.3204880863063153,0.07211820640697741,18795.973627064344,0.3135248589794044,93,105.29628017391227
downside_deviation,Downside-deviation strategy,downside_80_0.12,"{""downside_threshold"": 0.12, ""downside_window"": 80, ""volatility_type"": ""downside_deviation_zero_target""}",0,0.12625188051033343,0.16913952219891004,0.2826501890633821,-0.5469443334752875,-0.08542700623432053,-0.06499423565087681,-0.0644289843037863,36644.81754502336,0.3787222878131969,85,96.33152950899519
downside_deviation,Downside-deviation strategy,downside_80_0.12,"{""downside_threshold"": 0.12, ""downside_window"": 80, ""volatility_type"": ""downside_deviation_zero_target""}",1,0.12846714000123027,0.17754086768727162,0.2833473810706961,-0.5493596698964773,-0.08542700623432053,0.2192312816295734,0.16473149539781584,38892.0858126328,0.3787222878131969,85,96.30092296105506
downside_deviation,Downside-deviation strategy,downside_80_0.13,"{""downside_threshold"": 0.13, ""downside_window"": 80, ""volatility_type"": ""downside_deviation_zero_target""}",0,0.14385845359864669,0.21117003502629417,0.3130098478192956,-0.5003881407635159,-0.08542700623432053,0.21479814716029777,0.005214341818320811,58622.63440519129,0.4381477108749836,86,96.3055099629155
downside_deviation,Downside-deviation strategy,downside_80_0.13,"{""downside_threshold"": 0.13, ""downside_window"": 80, ""volatility_type"": ""downside_deviation_zero_target""}",1,0.1552154743512988,0.22100298395823503,0.3139128475336257,-0.531771561793594,-0.08542700623432053,0.18683710189151825,-0.08501655439260081,79073.0863238569,0.4380165289256198,86,96.30597361438082
downside_deviation,Downside-deviation strategy,downside_80_0.14,"{""downside_threshold"": 0.14, ""downside_window"": 80, ""volatility_type"": ""downside_deviation_zero_target""}",0,0.15958409400185913,0.22700831463386062,0.3353596487591683,-0.5608845060698109,-0.08542700623432053,0.34150734535575245,0.11006295684470091,88650.41031874204,0.4857667584940312,78,87.58917056660106
downside_deviation,Downside-deviation strategy,downside_80_0.14,"{""downside_threshold"": 0.14, ""downside_window"": 80, ""volatility_type"": ""downside_deviation_zero_target""}",1,0.16206993179289797,0.22153957943021285,0.33655088390819166,-0.5686949641058735,-0.087211252406724,0.38246662886367244,0.06580260888283984,94591.12580403566,0.48563557654466744,78,87.58677216017217
downside_deviation,Downside-deviation strategy,downside_80_0.15,"{""downside_threshold"": 0.15, ""downside_window"": 80, ""volatility_type"": ""downside_deviation_zero_target""}",0,0.13194514534992163,0.23758343839953455,0.36225040787996504,-0.7219760579953669,-0.407274316474567,0.34150734535575245,0.11006295684470091,42691.55879841844,0.5234159779614325,88,96.9999658475345
downside_deviation,Downside-deviation strategy,downside_80_0.15,"{""downside_threshold"": 0.15, ""downside_window"": 80, ""volatility_type"": ""downside_deviation_zero_target""}",1,0.14111563949514006,0.23618416566697253,0.3645751027905957,-0.6006707088101693,-0.3149725187199014,0.38246662886367244,0.06580260888283984,54511.06538198605,0.5232847960120688,88,97.00494561964219
downside_deviation,Downside-deviation strategy,downside_80_0.16,"{""downside_threshold"": 0.16, ""downside_window"": 80, ""volatility_type"": ""downside_deviation_zero_target""}",0,0.17121784144099528,0.24277617156127906,0.3811747946552161,-0.5855491686323825,-0.20096911852720345,0.34150734535575245,0.11006295684470091,119949.54506814413,0.5613275613275613,76,84.32549270734457
downside_deviation,Downside-deviation strategy,downside_80_0.16,"{""downside_threshold"": 0.16, ""downside_window"": 80, ""volatility_type"": ""downside_deviation_zero_target""}",1,0.19400027869806946,0.24486898999436346,0.3841080441407,-0.632822740591009,-0.20096911852720356,0.38246662886367244,0.06580260888283984,214992.3211414383,0.5611963793781976,76,84.32835648811962
downside_deviation,Downside-deviation strategy,downside_80_0.17,"{""downside_threshold"": 0.17, ""downside_window"": 80, ""volatility_type"": ""downside_deviation_zero_target""}",0,0.1943865443242183,0.28778121482022034,0.40110595566721474,-0.5251170967451773,-0.20748496513192483,0.31735999277059035,0.11006295684470091,217109.00074999285,0.5984520529975076,86,93.71584909241702
downside_deviation,Downside-deviation strategy,downside_80_0.17,"{""downside_threshold"": 0.17, ""downside_window"": 80, ""volatility_type"": ""downside_deviation_zero_target""}",1,0.2187642473275968,0.29714897729951795,0.40523719094225946,-0.5909703048635087,-0.2310135761888068,0.2880188638847463,0.06580260888283984,400370.37537913804,0.5983208710481438,86,93.70051594295973
downside_deviation,Downside-deviation strategy,downside_80_0.18,"{""downside_threshold"": 0.18, ""downside_window"": 80, ""volatility_type"": ""downside_deviation_zero_target""}",0,0.24421405719442335,0.3124440116969045,0.4171739096734326,-0.5768769047287081,-0.20748496513192483,0.31735999277059035,0.11006295684470091,748724.3257120323,0.6260002623638987,86,93.36199589703833
downside_deviation,Downside-deviation strategy,downside_80_0.18,"{""downside_threshold"": 0.18, ""downside_window"": 80, ""volatility_type"": ""downside_deviation_zero_target""}",1,0.2730016234587336,0.3190089890748833,0.4199744708853562,-0.5891477182119335,-0.2310135761888068,0.2880188638847463,0.06580260888283984,1496969.8807439858,0.6258690804145349,86,93.35771919248721
downside_deviation,Downside-deviation strategy,downside_80_0.19,"{""downside_threshold"": 0.19, ""downside_window"": 80, ""volatility_type"": ""downside_deviation_zero_target""}",0,0.26815053517035725,0.31334512556370764,0.424756703222834,-0.5372008360463943,-0.20748496513192483,0.3629811345528893,0.11006295684470091,1333486.5519575505,0.6355765446674537,78,85.21912294860604
downside_deviation,Downside-deviation strategy,downside_80_0.19,"{""downside_threshold"": 0.19, ""downside_window"": 80, ""volatility_type"": ""downside_deviation_zero_target""}",1,0.2946782119481244,0.3242405091044438,0.42721499302436755,-0.5891477182119331,-0.2310135761888068,0.2970628664975672,0.06580260888283984,2496445.743969698,0.63544536271809,78,85.2251971859905
downside_deviation,Downside-deviation strategy,downside_80_0.20,"{""downside_threshold"": 0.2, ""downside_window"": 80, ""volatility_type"": ""downside_deviation_zero_target""}",0,0.2682816927507443,0.3099820688298627,0.43233514880902346,-0.5628512911647165,-0.3198080500496556,0.40823772622475984,0.11006295684470091,1337670.2541984005,0.6459399186671914,80,87.07374818238671
downside_deviation,Downside-deviation strategy,downside_80_0.20,"{""downside_threshold"": 0.2, ""downside_window"": 80, ""volatility_type"": ""downside_deviation_zero_target""}",1,0.2903506524844117,0.31430589792060437,0.43477891280359726,-0.6394594954237037,-0.22239819301051833,0.3597405166254062,0.06580260888283984,2255684.8081435105,0.6458087367178277,80,87.07321616943707
downside_deviation,Downside-deviation strategy,downside_80_0.21,"{""downside_threshold"": 0.21, ""downside_window"": 80, ""volatility_type"": ""downside_deviation_zero_target""}",0,0.30030832098169147,0.35117861603809986,0.44039885540763957,-0.5169315390419765,-0.3392857563953485,0.4036802130534427,0.11006295684470091,2847099.8634857256,0.658008658008658,76,82.89248888993646
downside_deviation,Downside-deviation strategy,downside_80_0.21,"{""downside_threshold"": 0.21, ""downside_window"": 80, ""volatility_type"": ""downside_deviation_zero_target""}",1,0.31498063732009585,0.3524831081017379,0.443455445847618,-0.6359971725353424,-0.33154928761238533,0.3775169758813959,0.06580260888283984,3999482.1108908895,0.6578774760592943,76,82.87997442419518
downside_deviation,Downside-deviation strategy,downside_80_0.22,"{""downside_threshold"": 0.22, ""downside_window"": 80, ""volatility_type"": ""downside_deviation_zero_target""}",0,0.3084982932339664,0.35234537090553886,0.44912080990397163,-0.5399290742348744,-0.33154928761238533,0.4758556330789634,0.11006295684470091,3443472.2165959645,0.6660107569198478,88,94.75222340420075
downside_deviation,Downside-deviation strategy,downside_80_0.22,"{""downside_threshold"": 0.22, ""downside_window"": 80, ""volatility_type"": ""downside_deviation_zero_target""}",1,0.30760964260641144,0.35089199890970946,0.45116403110166525,-0.648116068849814,-0.3370554200482915,0.39242503406528795,0.06580260888283984,3373337.5293390015,0.6658795749704841,88,94.74763198284236
downside_deviation,Downside-deviation strategy,downside_80_0.23,"{""downside_threshold"": 0.23, ""downside_window"": 80, ""volatility_type"": ""downside_deviation_zero_target""}",0,0.2987154075443268,0.34976213885695717,0.4594719141636201,-0.6572824256222825,-0.33154928761238533,0.5680666533968206,0.11006295684470091,2743330.5480842856,0.6779483143119507,98,104.53968384204342
downside_deviation,Downside-deviation strategy,downside_80_0.23,"{""downside_threshold"": 0.23, ""downside_window"": 80, ""volatility_type"": ""downside_deviation_zero_target""}",1,0.3208066943884289,0.35758529025347063,0.46134274905063677,-0.6139944748195106,-0.33154928761238533,0.566939901867203,0.06580260888283984,4572530.452054448,0.6778171323625869,98,104.5450017095626
downside_deviation,Downside-deviation strategy,downside_80_0.24,"{""downside_threshold"": 0.24, ""downside_window"": 80, ""volatility_type"": ""downside_deviation_zero_target""}",0,0.3287223782343913,0.3309813171734839,0.4688485691138907,-0.5858639734051994,-0.33154928761238533,0.5498980457224376,0.11006295684470091,5479707.84705915,0.6909353272989637,100,106.29697632330911
downside_deviation,Downside-deviation strategy,downside_80_0.24,"{""downside_threshold"": 0.24, ""downside_window"": 80, ""volatility_type"": ""downside_deviation_zero_target""}",1,0.33999770411312147,0.3439641513301299,0.4714770111336732,-0.5891477182119336,-0.33154928761238533,0.38417218398267194,0.06580260888283984,7078053.334537925,0.6908041453495999,100,106.3119091974869
downside_deviation,Downside-deviation strategy,downside_80_0.25,"{""downside_threshold"": 0.25, ""downside_window"": 80, ""volatility_type"": ""downside_deviation_zero_target""}",0,0.3307734434150562,0.33358676301070833,0.47745967141034795,-0.5858639734051996,-0.4355516158539856,0.6227867353510257,0.11006295684470091,5741793.854423805,0.6982815164633347,104,110.14161756801924
downside_deviation,Downside-deviation strategy,downside_80_0.25,"{""downside_threshold"": 0.25, ""downside_window"": 80, ""volatility_type"": ""downside_deviation_zero_target""}",1,0.3686384177506057,0.3424736007902067,0.4798518666762331,-0.5891477182119337,-0.33154928761238533,0.5118728522475982,0.06580260888283984,13431132.730814693,0.6981503345139709,104,110.14813889349276
downside_deviation,Downside-deviation strategy,downside_80_0.26,"{""downside_threshold"": 0.26, ""downside_window"": 80, ""volatility_type"": ""downside_deviation_zero_target""}",0,0.34614205168686296,0.33358676301070833,0.48608402023164843,-0.5929490773833879,-0.5929490773833885,0.6227867353510257,0.11006295684470091,8130065.797716375,0.7061524334251607,98,104.02735211102083
downside_deviation,Downside-deviation strategy,downside_80_0.26,"{""downside_threshold"": 0.26, ""downside_window"": 80, ""volatility_type"": ""downside_deviation_zero_target""}",1,0.3455218692393447,0.3424736007902067,0.48910613047892093,-0.5996554178972047,-0.5996554178972049,0.5118728522475982,0.06580260888283984,8017375.400020555,0.706021251475797,98,104.03019176411317
downside_deviation,Downside-deviation strategy,downside_80_0.27,"{""downside_threshold"": 0.27, ""downside_window"": 80, ""volatility_type"": ""downside_deviation_zero_target""}",0,0.317175028585291,0.33067772754824243,0.49330460704508816,-0.6775314333699254,-0.6775314333699258,0.6227867353510257,0.11006295684470091,4206658.793726368,0.7120556211465302,106,111.95163681996354
downside_deviation,Downside-deviation strategy,downside_80_0.27,"{""downside_threshold"": 0.27, ""downside_window"": 80, ""volatility_type"": ""downside_deviation_zero_target""}",1,0.3346463374169266,0.3424686873230858,0.4966091046475474,-0.6628305205587747,-0.6628305205587749,0.5118728522475982,0.06580260888283984,6270109.479404775,0.7119244391971665,106,111.9478242898876
downside_deviation,Downside-deviation strategy,downside_80_0.28,"{""downside_threshold"": 0.28, ""downside_window"": 80, ""volatility_type"": ""downside_deviation_zero_target""}",0,0.32182303149915104,0.33067772754824243,0.4964492444920766,-0.687796443069199,-0.6877964430691985,0.6227867353510257,0.11006295684470091,4680313.055031167,0.7136298045388955,100,105.92262020927666
downside_deviation,Downside-deviation strategy,downside_80_0.28,"{""downside_threshold"": 0.28, ""downside_window"": 80, ""volatility_type"": ""downside_deviation_zero_target""}",1,0.3336483988981185,0.3424686873230858,0.4998347188145797,-0.69807003431689,-0.6980700343168902,0.5118728522475982,0.06580260888283984,6129648.323542066,0.7134986225895317,100,105.92704012726138
downside_deviation,Downside-deviation strategy,downside_80_0.29,"{""downside_threshold"": 0.29, ""downside_window"": 80, ""volatility_type"": ""downside_deviation_zero_target""}",0,0.31052733470743443,0.33067772754824243,0.5000030263596489,-0.74541393884158,-0.7454139388415806,0.6227867353510257,0.11006295684470091,3608935.0848653493,0.7153351698806244,102,107.90047881525393
downside_deviation,Downside-deviation strategy,downside_80_0.29,"{""downside_threshold"": 0.29, ""downside_window"": 80, ""volatility_type"": ""downside_deviation_zero_target""}",1,0.3334927328908539,0.3424686873230858,0.5030622048040541,-0.7146174620419564,-0.714617462041956,0.5118728522475982,0.06580260888283984,6108014.293982812,0.7152039879312606,102,107.90000293117731
downside_deviation,Downside-deviation strategy,downside_80_0.30,"{""downside_threshold"": 0.3, ""downside_window"": 80, ""volatility_type"": ""downside_deviation_zero_target""}",0,0.3053103758539293,0.33067772754824243,0.5032763854913803,-0.8102142180890619,-0.8102142180890615,0.6227867353510257,0.11006295684470091,3198223.6022007097,0.7167781713236259,104,109.88317829059027
downside_deviation,Downside-deviation strategy,downside_80_0.30,"{""downside_threshold"": 0.3, ""downside_window"": 80, ""volatility_type"": ""downside_deviation_zero_target""}",1,0.3120240671994059,0.3424686873230858,0.5060425920417716,-0.825933427416383,-0.8259334274163826,0.5118728522475982,0.06580260888283984,3735890.1521521905,0.7166469893742621,104,109.87858849910283
