Date,risk_on,gross_return,trading_cost,net_return,nav_1000
1996-01-02,False,0.004993229045662498,0.0005008280700972822,0.004492400975565216,1004.4924009755651
1996-01-03,False,0.005457949709421872,9.029455218602934e-07,0.005457046763900012,1009.9739629816709
1996-01-04,False,-0.002710026359406731,8.113270150391094e-07,-0.00271083768642177,1007.2360875005153
1996-01-05,False,0.000808875595453244,5.947640867637743e-07,0.0008082808313664803,1008.0502171227026
1996-01-08,False,-0.0016992592726237023,8.599180115508864e-07,-0.0017001191906352532,1006.3364116034484
1996-01-09,False,-0.0008982423082977857,7.150563966742407e-07,-0.0008989573646944599,1005.4317580748773
1996-01-10,False,-0.0008473863065690616,2.4428198371576337e-06,-0.0008498291264062192,1004.5773128822515
1996-01-11,False,-0.005306447916390216,1.6677753100875215e-06,-0.005308115691700303,999.2449002842151
1996-01-12,False,-0.000736171346598332,8.028958444819545e-07,-0.000736974242442814,998.5084825308132
1996-01-15,False,-0.004650282425282455,9.210439227945594e-07,-0.004651203469205249,993.864216412835
1996-01-16,False,-0.0003712702766466326,1.6020497473451107e-06,-0.0003728723263939777,993.4936319503415
1996-01-17,False,0.0049642628293348826,9.960117310965772e-07,0.004963266817603786,998.4246059273014
1996-01-18,False,0.003032588197195056,7.888430643012423e-07,0.0030317993541307546,1001.4516290027
1996-01-19,False,0.0007320271652113351,5.765824535162584e-07,0.0007314505827578188,1002.1841413803378
1996-01-22,False,-0.0027059925971917604,1.7476412895399002e-06,-0.0027077402384813004,999.4704870543545
1996-01-23,False,0.0011130862494686045,4.916309085098991e-07,0.0011125946185600946,1000.582492539661
1996-01-24,False,0.0012961812337548293,6.926042387771503e-07,0.0012954886295160522,1001.8787357816387
1996-01-25,False,-0.002626633306766577,2.1384392301659337e-06,-0.002628771745996743,999.2450252681011
1996-01-26,False,0.003901965623270942,7.251761171748056e-07,0.0039012404471537674,1003.1433203772941
1996-01-29,False,-0.00017239807042292223,1.0722511991082123e-06,-0.00017347032162203044,1002.9693047828752
1996-01-30,False,0.00658075339072202,7.31725794542823e-07,0.006580021664927477,1009.5688645376038
1996-01-31,False,0.0029772602074554285,9.06104994909826e-07,0.002976354102460519,1012.5736989692866
1996-02-01,False,0.0009258442026929894,1.3007437814750444e-06,0.0009245434589115144,1013.5098673593345
1996-02-02,False,0.003630530362423477,1.586422740030541e-06,0.0036289439396834464,1017.1878378502977
1996-02-05,False,-0.009930530622164887,3.3077593686739044e-06,-0.00993383838153356,1007.0832582654313
1996-02-06,False,0.002709179608074602,1.7520567622019007e-06,0.0027074275513124,1009.8098632253245
1996-02-07,False,0.004134116255821243,6.861826172577524e-07,0.004133430073203985,1013.983841682198
1996-02-08,False,-0.003678558347959613,1.93162504475336e-06,-0.0036804899730043666,1010.2518843200983
1996-02-09,False,0.002193430316103587,5.382476718883145e-07,0.0021928920684316988,1012.4672576643421
1996-02-12,False,-0.0011490266302223507,1.2422843499040603e-06,-0.0011502689145722548,1011.3026480508285
1996-02-13,False,0.007037429959061563,2.5607406405882965e-06,0.007034869218420975,1018.4170299201089
1996-02-14,False,-0.0016241637191994139,2.2708194610325529e-07,-0.0016243908011455172,1016.7627226649766
1996-02-15,False,-0.0013193367125256077,8.385339140504627e-07,-0.0013201752464396582,1015.4204176870119
1996-02-16,False,-0.0034140855060498057,6.716425281609873e-07,-0.003414757148577967,1011.9530035569031
1996-02-20,False,-0.011461157953846368,8.26093766379113e-07,-0.011461984047612747,1000.3540143731999
1996-02-21,False,-0.001382334445003676,2.0126958185077565e-06,-0.0013843471408221837,998.9691771535925
1996-02-22,False,0.005066003597823904,3.483136180288532e-07,0.005065655284205875,1004.0296106445994
1996-02-23,False,-0.0030921579360744696,1.7757541390443776e-07,-0.003092335511488374,1000.9248142250174
1996-02-26,False,0.000915343966507488,4.640166534561757e-07,0.0009148799498540318,1001.840540268863
1996-02-27,False,0.0009286565653590734,6.227428182086353e-07,0.0009280338225408647,1002.770282175025
1996-02-28,False,-0.0007923118321326135,1.3364441858969013e-06,-0.0007936482763185105,1001.9744352690334
1996-02-29,False,0.0045238204280604296,5.929543191481868e-07,0.004523227473741282,1006.5065935626287
1996-03-01,False,0.0036977311672816617,1.569892371772047e-06,0.00369616127490989,1010.2268042566961
1996-03-04,False,-0.0031695310498543235,1.424399416322164e-06,-0.003170955449270646,1007.0234200667392
1996-03-05,False,-0.002658226956419068,3.99120530335792e-07,-0.0026586260769494038,1004.346121342051
1996-03-06,False,-0.000907515167133012,6.304316793763753e-07,-0.0009081455988123883,1003.4340288322701
1996-03-07,False,-0.0011046345726143342,3.362656886028298e-07,-0.001104970838302937,1002.3252634922495
1996-03-08,False,-0.009775751609307916,2.881844937104902e-06,-0.00977863345424502,992.5238921386292
1996-03-11,False,0.003982171503678734,1.1029697638540171e-06,0.00398106853391488,996.475197774781
1996-03-12,False,-0.001722251505115567,4.958176416139521e-07,-0.001722747322757181,994.7585227956205
1996-03-13,False,0.001708343932034816,4.6614633972330566e-07,0.0017078777856950928,996.4574487788341
1996-03-14,False,0.000687888832188433,8.114603334674203e-07,0.0006870773718549656,997.1420921439063
1996-03-15,False,-0.0038662472500747267,7.288270269314029e-07,-0.0038669760771016582,993.2861675281148
1996-03-18,False,0.0030128630148566343,1.3969805863827124e-06,0.0030114660342702515,996.277415083936
1996-03-19,False,0.0011899794715735854,2.640160545841486e-07,0.0011897154555190013,997.4627017226459
1996-03-20,False,0.0035863775491803127,6.822936194644109e-07,0.0035856952555608484,1001.0392989998115
1996-03-21,False,0.00386127369488537,3.4512177455614525e-07,0.0038609285731108136,1004.9042402321269
1996-03-22,False,0.0018554664435073316,9.442571705571418e-07,0.0018545221863367745,1006.7678574407812
1996-03-25,False,0.004376838913567393,6.454795541349922e-07,0.004376193434013258,1011.1736683280892
1996-03-26,False,0.0013034785800053426,6.170219184809811e-07,0.0013028615580868617,1012.4910876291035
1996-03-27,False,-0.00010836922570067915,9.361229292920576e-07,-0.00010930534862997122,1012.3804169377854
1996-03-28,False,-0.006695354289324035,7.474453632985018e-07,-0.006696101734687334,1005.6014146717649
1996-03-29,False,0.003910567296113902,1.630374769907364e-06,0.003908936921343994,1009.5322471697312
1996-04-01,False,0.0038096833081801315,1.8496727811168485e-06,0.0038078336353990147,1013.3763780165241
1996-04-02,False,0.0028727226939000623,4.168166423603181e-07,0.002872305877257702,1016.2871049429751
1996-04-03,False,-0.0006783531662020822,2.3736328373892558e-07,-0.0006785905294858211,1015.5974621383224
1996-04-04,False,-0.00031813512482844363,9.149802748353448e-07,-0.000319050105103279,1015.2734356612845
1996-04-08,False,-0.002722175055096039,2.2742704780838315e-06,-0.002724449325574123,1012.5073746342237
1996-04-09,False,0.005195539532467429,2.1374541038851614e-07,0.005195325787057041,1017.7676803072462
1996-04-10,False,0.002052382391420344,2.067027271056246e-06,0.0020503153641492876,1019.8544250193147
1996-04-11,False,0.0008435031118332867,8.77009720932409e-07,0.0008426261021123542,1020.7137809781908
1996-04-12,False,0.0035063661576538955,1.0442319485596679e-06,0.0035053219257053358,1024.2917113745232
1996-04-15,False,0.001809731467867626,9.569478380371254e-07,0.0018087745200295888,1026.144424123135
1996-04-16,False,-0.005790437725448627,1.9042870345769848e-06,-0.005792342012483204,1020.2006446644111
1996-04-17,False,-0.003862865198142286,3.767924238126663e-07,-0.0038632419905660987,1016.259362695141
1996-04-18,False,-0.0024176647484956356,1.4496407311379022e-07,-0.0024178097125687496,1013.8022409375278
1996-04-19,False,0.004194251291202722,5.785316111757005e-07,0.004193672759591547,1018.0537957789604
1996-04-22,False,0.005143827900644581,1.1832754512788174e-06,0.005142644625193302,1023.2892846599806
1996-04-23,False,0.004377952185545457,1.2979920884419877e-06,0.004376654193457015,1027.7678679988073
1996-04-24,False,-0.0012481864403541233,4.7529099183024614e-07,-0.0012486617313459535,1026.48453359333
1996-04-25,False,0.005310373205890962,7.195809423881094e-07,0.005309653624948573,1031.9348109180778
1996-04-26,False,-0.003891520089664306,8.664517996409966e-07,-0.003892386541463947,1027.918121748392
1996-04-29,False,-0.0021177013130072773,9.643490148032729e-08,-0.0021177977479087578,1025.7411990651187
1996-04-30,False,-0.003725158228971114,1.6486149801645812e-06,-0.0037268068439512783,1021.9184597443199
1996-05-01,False,0.002858144151761234,6.900038442543e-07,0.00285745414791698,1024.8385448859492
1996-05-02,False,-0.007130619253052948,1.237096119742237e-06,-0.0071318563491726905,1017.5295436027274
1996-05-03,False,-0.0007735582005338786,8.064725918642408e-07,-0.0007743646731257428,1016.7416046702997
1996-05-06,False,-0.0003874732654279435,4.5559765433951515e-07,-0.000387928863082283,1016.3471812555516
1996-05-07,False,0.0017362629391406688,8.707776112485549e-07,0.0017353921615294201,1018.1109421872951
1996-05-08,False,0.004327689109820236,3.206640805805267e-07,0.004327368445739656,1022.5166833527788
1996-05-09,False,-0.002530291510535226,3.4166111098893337e-07,-0.002530633171646215,1019.9290687153247
1996-05-10,False,0.0038914656351783784,5.642112042385239e-07,0.00389090142397414,1023.8975121811416
1996-05-13,False,0.0008195395320384477,1.0708625067324395e-06,0.0008184686695317153,1024.7355402156732
1996-05-14,False,0.0006054903321500827,5.50350922586873e-07,0.0006049399812274958,1025.3554437141345
1996-05-15,False,0.0013744429683257952,4.075874504034238e-07,0.0013740353808753918,1026.764318371771
1996-05-16,False,-0.0019317155281146972,3.277421583869761e-07,-0.0019320432702730841,1024.7805652803042
1996-05-17,False,0.0003204345956253839,5.980018236979995e-07,0.0003198365938016859,1025.1083276056977
1996-05-20,False,0.0018006037484034913,9.066002807356227e-07,0.0017996971481227557,1026.9532121394063
1996-05-21,False,-0.0017150907699635713,4.716270882720169e-07,-0.0017155623970518433,1025.1914098251282
1996-05-22,False,-0.0003510845719646619,2.2094502108160887e-07,-0.0003513055169857435,1024.8312544268904
1996-05-23,False,-0.0009263912826859592,4.0801232521488207e-07,-0.0009267992950111741,1023.8814415427819
1996-05-24,False,0.0007000160722830702,3.5326584864102396e-07,0.0006996628064344292,1024.5978133056278
1996-05-28,False,-0.0006822123555187213,6.018435632106217e-07,-0.0006828141990819319,1023.8982033703545
1996-05-29,False,-0.006177004760657693,8.239219094474531e-07,-0.006177828682567141,1017.5727356815443
1996-05-30,False,-0.002596212144033268,8.294514078123067e-07,-0.00259704159544108,1014.9300569605925
1996-05-31,False,-0.0011377769675630213,4.366595912802945e-07,-0.0011382136271543017,1013.7748497391517
1996-06-03,False,0.0007315876610290683,3.461488182908007e-07,0.0007312415122107775,1014.516163993316
1996-06-04,False,-0.0003503137421542869,3.7096782528579785e-07,-0.0003506847099795727,1014.1603886865764
1996-06-05,False,-0.003452448613267619,9.06688470625694e-07,-0.0034533553017382446,1010.6581325314927
1996-06-06,False,0.0013036800062749343,1.4218877831188164e-06,0.0013022581184918155,1011.9742702896017
1996-06-07,False,0.0006060077402771178,1.8937299712131624e-06,0.0006041140103059047,1012.5856181243529
1996-06-10,False,0.0009524239385919276,8.937447863052173e-07,0.0009515301938056224,1013.5491239138117
1996-06-11,False,-0.0003303598354132467,3.8185278805974446e-07,-0.00033074168820130645,1013.2139009654935
1996-06-12,False,-0.0014896962766824584,2.4765491713357733e-07,-0.001489943931599592,1011.7042690623374
1996-06-13,False,1.0709340073342411e-05,3.2952360950144755e-07,1.0379816463840963e-05,1011.714770366966
1996-06-14,False,0.0017539615450382344,5.539395246987877e-07,0.0017534076055135356,1013.4887187399378
1996-06-17,False,0.004221216105359012,5.225913447724218e-07,0.004220693514014239,1017.76634400165
1996-06-18,False,-0.0006837296084831766,5.036476851258409e-08,-0.0006837799732516892,1017.070415758172
1996-06-19,False,-0.0007840367645199278,7.565607791020362e-07,-0.0007847933252990299,1016.272225684526
1996-06-20,False,0.0006753913171391139,1.211616465236487e-06,0.0006741797006738774,1016.9573757894412
1996-06-21,False,0.003084327509704865,1.3816838495422923e-06,0.0030829458258553226,1020.0926002862041
1996-06-24,False,0.0014171573272790167,2.891164976500799e-07,0.0014168682107813665,1021.5379370636028
1996-06-25,False,0.0023237834106725735,5.8040611538745514e-08,0.0023237253700610348,1023.9117106844374
1996-06-26,False,-0.00038385533064319317,5.01477605066289e-07,-0.0003843568082482595,1023.5181632473906
1996-06-27,False,0.0004085146559394493,7.526195984614432e-07,0.0004077620363409879,1023.9355150978683
1996-06-28,False,0.005773141334357572,1.370374730426227e-06,0.005771770959627146,1029.8454363684414
1996-07-01,False,0.0019270817650983666,1.0018889838255412e-06,0.001926079876114541,1031.8290009389389
1996-07-02,False,-0.003094364999354902,7.39895339683147e-07,-0.003095104894694585,1028.6353819476449
1996-07-03,False,0.0018199088987901207,3.271828718798137e-07,0.001819581715918241,1030.5070680809833
1996-07-05,False,-0.0057120019597589585,1.8254243145002653e-06,-0.005713827384073459,1024.618928575901
1996-07-08,False,0.000504201044332045,8.802263367352347e-08,0.0005041130216983714,1025.1354523200746
1996-07-09,False,0.002640894127348874,5.6387140706951054e-08,0.002640837740208167,1027.8426687113868
1996-07-10,False,0.002951839331717077,4.4976431767661253e-07,0.0029513895673994005,1030.8762328407495
1996-07-11,False,0.003165646115228132,1.020827402494276e-06,0.003164625287825638,1034.1385698358158
1996-07-12,False,0.0029340558180297456,9.941741031394003e-08,0.0029339564006194314,1037.1726873119133
1996-07-15,False,-0.0016623191754299301,1.4562861046998888e-07,-0.0016624648040404,1035.448424223545
1996-07-16,False,-0.0046847720539797,2.7169328688465417e-06,-0.0046874889868485465,1030.5947711385475
1996-07-17,False,-0.005189505427401733,1.2013166681356936e-06,-0.005190706744069868,1025.2452559095955
1996-07-18,False,-0.00029515259430751804,1.5029181578087303e-06,-0.0002966555124653268,1024.941111252801
1996-07-19,False,-0.00445347114287551,1.2165058164025772e-06,-0.004454687648691912,1020.3753187438666
1996-07-22,False,-0.004047103757201335,1.0129154142451691e-06,-0.0040481166726155805,1016.2447204037342
1996-07-23,False,0.002348964924270555,3.493518972686599e-07,0.0023486155723732864,1018.6314885794166
1996-07-24,False,-0.003120512438699232,2.4568124493087875e-07,-0.003120758119944163,1015.4525860902015
1996-07-25,False,-0.0012784356022440626,5.976915097311991e-07,-0.0012790332937537938,1014.1537884243637
1996-07-26,False,-0.001508283039650844,8.382170953533247e-07,-0.0015091212567461974,1012.6233073846427
1996-07-29,False,-0.0027361401297379385,1.9874350509667404e-07,-0.0027363388732430352,1009.8524268646943
1996-07-30,False,-0.00017143928811381428,5.131814314403016e-07,-0.00017195246954525458,1009.6787802460185
1996-07-31,False,0.002754446912731657,1.2674108452735145e-06,0.0027531795018863833,1012.4586071672817
1996-08-01,False,0.009032414318993804,1.286312439933171e-06,0.009031128006553871,1021.6022504499465
1996-08-02,False,0.0035568115371742066,6.992795483289072e-07,0.003556112257625878,1025.2351827351897
1996-08-05,True,-0.0308571293003953,0.0005,-0.031357129300395296,993.0867505468481
1996-08-06,True,0.0482044274462665,0.0,0.0482044274462665,1040.9579287614322
1996-08-07,True,0.0474802510530952,0.0,0.0474802510530952,1090.3828725547348
1996-08-08,True,-0.0215418404608409,0.0,-0.0215418404608409,1066.8940186729271
1996-08-09,True,0.0032787494744008,0.0,0.0032787494744008,1070.3920968758923
1996-08-12,True,0.004556360463011,0.0,0.004556360463011,1075.2691891060172
1996-08-13,True,-0.0456579204928189,0.0,-0.0456579204928189,1026.1746339614367
1996-08-14,True,0.0359633991500735,0.0,0.0359633991500735,1063.0793619202723
1996-08-15,True,-0.0005748761718234,0.0,-0.0005748761718234,1062.4682229263472
1996-08-16,True,-0.0215320707180192,0.0,-0.0215320707180192,1039.5910820146487
1996-08-19,True,-0.0092798730043522,0.0,-0.0092798730043522,1029.9438087970957
1996-08-20,True,-0.0332527646530025,0.0,-0.0332527646530025,995.695329717349
1996-08-21,True,0.0203733755069885,0.0,0.0203733755069885,1015.9810045602353
1996-08-22,True,0.0636540817169421,0.0,0.0636540817169421,1080.6523424473735
1996-08-23,True,-0.0180881258017972,0.0,-0.0180881258017972,1061.1053669291787
1996-08-26,True,-0.0208097661642437,0.0,-0.0208097661642437,1039.0240123677584
1996-08-27,True,0.0271076625250817,0.0,0.0271076625250817,1067.1895246504798
1996-08-28,True,0.002518082174908,0.0,0.002518082174908,1069.8767955697508
1996-08-29,True,-0.0380496810768058,0.0,-0.0380496810768058,1029.1683247068468
1996-08-30,True,-0.0338852919188062,0.0,-0.0338852919188062,994.2946555905667
1996-09-03,True,0.0256346209094244,0.0,0.0256346209094244,1019.7830221588974
1996-09-04,True,-0.0006286259916117,0.0,-0.0006286259916117,1019.1419600453639
1996-09-05,True,-0.0758985567450608,0.0,-0.0758985567450608,941.7905561595885
1996-09-06,True,0.0545018428830287,0.0,0.0545018428830287,993.1198770801185
1996-09-09,True,0.0348243948768914,0.0,0.0348243948768914,1027.7046758396464
1996-09-10,True,-0.0016973412278926,0.0,-0.0016973412278926,1025.9603103232457
1996-09-11,True,0.0152740083222615,0.0,0.0152740083222615,1041.630836641433
1996-09-12,True,0.0465678952164299,0.0,0.0465678952164299,1090.1373922963535
1996-09-13,True,0.0969563064601493,0.0,0.0969563064601493,1195.8330873875068
1996-09-16,True,0.005542772513478,0.0,0.005542772513478,1202.4613181549857
1996-09-17,True,0.0559495108554326,0.0,0.0559495108554326,1269.738440728336
1996-09-18,True,0.0210771415509081,0.0,0.0210771415509081,1296.5008975761962
1996-09-19,True,0.0374199484581187,0.0,0.0374199484581187,1345.0158943394022
1996-09-20,True,0.0268943471333103,0.0,0.0268943471333103,1381.189218701586
1996-09-23,True,-0.0406194379715575,0.0,-0.0406194379715575,1325.086088905553
1996-09-24,True,0.012869661287833,0.0,0.012869661287833,1342.1394980469868
1996-09-25,True,0.0367639853386506,0.0,0.0367639853386506,1391.4818948756101
1996-09-26,True,-0.0045588058295282,0.0,-0.0045588058295282,1385.1383991015682
1996-09-27,True,0.0002682370806805,0.0,0.0002682370806805,1385.5099445820817
1996-09-30,True,-0.0290614027800192,0.0,-0.0290614027800192,1345.2450820268598
1996-10-01,True,-0.012704372624348,0.0,-0.012704372624348,1328.154587233719
1996-10-02,True,0.053086660462267,0.0,0.053086660462267,1398.661878847598
1996-10-03,True,-0.0173510290734642,0.0,-0.0173510290734642,1374.3936559237673
1996-10-04,True,0.0637185672988967,0.0,0.0637185672988967,1461.9680505839226
1996-10-07,True,0.0223083761959268,0.0,0.0223083761959268,1494.5821838427744
1996-10-08,True,-0.0456406364213747,0.0,-0.0456406364213747,1426.368501788142
1996-10-09,True,0.0026892446286839,0.0,0.0026892446286839,1430.2043556200997
1996-10-10,True,-0.0102857924859828,0.0,-0.0102857924859828,1415.4935704056425
1996-10-11,True,0.0564727216001346,0.0,0.0564727216001346,1495.4303447339407
1996-10-14,True,0.024662569111806,0.0,0.024662569111806,1532.3114989628334
1996-10-15,True,0.0117881023146707,0.0,0.0117881023146707,1550.3745436905535
1996-10-16,True,-0.0290158786114364,0.0,-0.0290158786114364,1505.3890641285675
1996-10-17,True,-0.0464899114048757,0.0,-0.0464899114048757,1435.4036599073615
1996-10-18,True,0.0038703820445258,0.0,0.0038703820445258,1440.9592204593139
1996-10-21,True,-0.0420379598491333,0.0,-0.0420379598491333,1380.3842346054066
1996-10-22,True,-0.0389718356373156,0.0,-0.0389718356373156,1326.588127098023
1996-10-23,True,0.0529689547624971,0.0,0.0529689547624971,1396.8561135907441
1996-10-24,True,-0.0053810634475352,0.0,-0.0053810634475352,1389.339542216435
1996-10-25,True,-0.0197000847307102,0.0,-0.0197000847307102,1361.9694355150452
1996-10-28,True,-0.0079268204051296,0.0,-0.0079268204051296,1351.1733484024414
1996-10-29,True,-0.0424090929315656,0.0,-0.0424090929315656,1293.8713123033879
1996-10-30,True,0.0209103676456427,0.0,0.0209103676456427,1320.926637129802
1996-10-31,True,0.0634581836342412,0.0,0.0634581836342412,1404.7502422361458
1996-11-01,True,0.013822888267634,0.0,0.013822888267634,1424.1679478785077
1996-11-04,True,0.0026382248639414,0.0,0.0026382248639414,1427.925223169029
1996-11-05,True,0.0540492463967109,0.0,0.0540492463967109,1505.1035053921703
1996-11-06,True,0.0659828154753637,0.0,0.0659828154753637,1604.4144722597848
1996-11-07,True,0.032262164419698,0.0,0.032262164419698,1656.176355761173
1996-11-08,True,0.0119996304777188,0.0,0.0119996304777188,1676.049860036242
1996-11-11,True,0.0225428276149169,0.0,0.0225428276149169,1713.8327631050447
1996-11-12,True,-0.0398487750509204,0.0,-0.0398487750509204,1645.5386268531745
1996-11-13,True,0.0171961762034996,0.0,0.0171961762034996,1673.8355990302064
1996-11-14,True,0.0412849692882365,0.0,0.0412849692882365,1742.939850329725
1996-11-15,True,-0.0384165326361748,0.0,-0.0384165326361748,1675.9821446866433
1996-11-18,True,-0.0232990388246025,0.0,-0.0232990388246025,1636.9333716282488
1996-11-19,True,0.0470139378597048,0.0,0.0470139378597048,1713.8920554424565
1996-11-20,True,0.0094973079072951,0.0,0.0094973079072951,1730.1694160128602
1996-11-21,True,-0.0296122087517849,0.0,-0.0296122087517849,1678.9352780899335
1996-11-22,True,0.0668653889521212,0.0,0.0668653889521212,1791.1979384848546
1996-11-25,True,0.0103006034667917,0.0,0.0103006034667917,1809.6483581797218
1996-11-26,True,0.0153788676773742,0.0,0.0153788676773742,1837.4787008227454
1996-11-27,True,0.0247107848671696,0.0,0.0247107848671696,1882.8842416967825
1996-11-29,True,0.0056924058164411,0.0,0.0056924058164411,1893.6023829059027
1996-12-02,True,0.0379842951390986,0.0,0.0379842951390986,1965.529534694301
1996-12-03,True,-0.0240841323100993,0.0,-0.0240841323100993,1918.1914613213153
1996-12-04,True,-0.011886570118573,0.0,-0.011886570118573,1895.3907440154717
1996-12-05,True,0.0039181195431441,0.0,0.0039181195431441,1902.817111531493
1996-12-06,True,-0.0310474682408219,0.0,-0.0310474682408219,1843.7394576931265
1996-12-09,True,0.1065199211393592,0.0,0.1065199211393592,2040.1344393281233
1996-12-10,True,-0.0271080709208987,0.0,-0.0271080709208987,1984.8303302586485
1996-12-11,True,0.0260079373793797,0.0,0.0260079373793797,2036.451673196709
1996-12-12,True,-0.0457882768310118,0.0,-0.0457882768310118,1943.206060231401
1996-12-13,True,-0.0532835991647239,0.0,-0.0532835991647239,1839.6650474235687
1996-12-16,True,-0.0859269031955473,0.0,-0.0859269031955473,1681.588326981372
1996-12-17,True,0.0408283118091526,0.0,0.0408283118091526,1750.2447395299985
1996-12-18,True,0.076091549068074,0.0,0.076091549068074,1883.4235730090838
1996-12-19,True,0.0255706591416856,0.0,0.0255706591416856,1931.5839552139146
1996-12-20,True,-0.0346330612938933,0.0,-0.0346330612938933,1864.6872896986904
1996-12-23,True,-0.0335247838542363,0.0,-0.0335247838542363,1802.1740513558
1996-12-24,True,0.0383747811488129,0.0,0.0383747811488129,1871.3320861686482
1996-12-26,True,0.0270029420030793,0.0,0.0270029420030793,1921.8635579599616
1996-12-27,True,-0.0269798087030038,0.0,-0.0269798087030038,1870.0120468129278
1996-12-30,True,-0.0324312932983248,0.0,-0.0324312932983248,1809.365137651337
1996-12-31,True,-0.0188423124868732,0.0,-0.0188423124868732,1775.272514324856
1997-01-02,True,-0.0212589686982421,0.0,-0.0212589686982421,1737.5320515119743
1997-01-03,True,0.1195814739857278,0.0,0.1195814739857278,1945.3086953292216
1997-01-06,True,0.0177482270647234,0.0,0.0177482270647234,1979.8344757649054
1997-01-07,True,0.0395108322000775,0.0,0.0395108322000775,2058.059383520781
1997-01-08,True,-0.0399857847581745,0.0,-0.0399857847581745,1975.7662639917776
1997-01-09,True,0.0133556513862782,0.0,0.0133556513862782,2002.1539094344214
1997-01-10,True,0.0299918845547625,0.0,0.0299918845547625,2062.2022783470447
1997-01-13,True,-0.0043757708558163,0.0,-0.0043757708558163,2053.1785537186556
1997-01-14,True,0.0587811728901586,0.0,0.0587811728901586,2173.8667972591575
1997-01-15,True,-0.0583898006704156,0.0,-0.0583898006704156,2046.9351482831607
1997-01-16,True,0.0322002006866934,0.0,0.0322002006866934,2112.846870850525
1997-01-17,True,0.0334681790132897,0.0,0.0334681790132897,2183.5600081518196
1997-01-20,True,0.0552688878782347,0.0,0.0552688878782347,2304.24294141776
1997-01-21,True,0.0462909129115701,0.0,0.0462909129115701,2410.9084507460293
1997-01-22,True,0.0384893024565929,0.0,0.0384893024565929,2503.7026353019487
1997-01-23,True,-0.0416457471871901,0.0,-0.0416457471871901,2399.4340683202627
1997-01-24,True,-0.0474509648706691,0.0,-0.0474509648706691,2285.5786066349115
1997-01-27,True,-0.0287730493006347,0.0,-0.0287730493006347,2219.8155407057293
1997-01-28,True,0.0030499333151779,0.0,0.0030499333151779,2226.585830076877
1997-01-29,True,0.00540407711487,0.0,0.00540407711487,2238.6184716054895
1997-01-30,True,0.0644884886536144,0.0,0.0644884886536144,2382.9835935113915
1997-01-31,True,0.0321593988175081,0.0,0.0321593988175081,2459.6189132707027
1997-02-03,True,-0.0117421088234743,0.0,-0.0117421088234743,2430.7378003268027
1997-02-04,True,-0.0058056387331875,0.0,-0.0058056387331875,2416.625814803003
1997-02-05,True,-0.0948707996887824,0.0,-0.0948707996887824,2187.358591204086
1997-02-06,True,-0.0065407361027279,0.0,-0.0065407361027279,2173.0516558969857
1997-02-07,True,0.0482950489081572,0.0,0.0482950489081572,2277.9992918984826
1997-02-10,True,-0.0928364898218995,0.0,-0.0928364898218995,2066.5178338218548
1997-02-11,True,-0.0014228040021423,0.0,-0.0014228040021423,2063.5775839773946
1997-02-12,True,0.0988614710033057,0.0,0.0988614710033057,2267.5858994588475
1997-02-13,True,0.023235083730388,0.0,0.023235083730388,2320.273447698621
1997-02-14,True,-0.025439438099167,0.0,-0.025439438099167,2261.2469949527513
1997-02-18,True,-0.0081520572694404,0.0,-0.0081520572694404,2242.8131799495463
1997-02-19,True,0.000183329441706,0.0,0.000183329441706,2243.224353637677
1997-02-20,True,-0.0582689537923353,0.0,-0.0582689537923353,2112.514017429722
1997-02-21,True,-0.054745132989151,0.0,-0.054745132989151,1996.8641566040862
1997-02-24,True,0.0552484983450149,0.0,0.0552484983450149,2107.187902655447
1997-02-25,True,0.0058478013053111,0.0,0.0058478013053111,2119.5103188231315
1997-02-26,True,-0.00464326882058,0.0,-0.00464326882058,2109.668862644842
1997-02-27,True,-0.1097658986683315,0.0,-0.1097658986683315,1878.0991640440343
1997-02-28,True,0.0064246725933585,0.0,0.0064246725933585,1890.1653362708778
1997-03-03,True,0.0196020808334295,0.0,0.0196020808334295,1927.2165099810056
1997-03-04,True,0.0206629317926022,0.0,0.0206629317926022,1967.0384532763198
1997-03-05,True,0.0346842960839315,0.0,0.0346842960839315,2035.2637973982346
1997-03-06,True,-0.0709503627364255,0.0,-0.0709503627364255,1890.861092708515
1997-03-07,True,-0.037144316115433,0.0,-0.037144316115433,1820.626350550577
1997-03-10,True,0.0490399976139564,0.0,0.0490399976139564,1909.9098624374833
1997-03-11,True,-0.0224701635042148,0.0,-0.0224701635042148,1866.9938755502008
1997-03-12,True,-0.0326786312423145,0.0,-0.0326786312423145,1805.9830711594361
1997-03-13,True,0.0039944819542113,0.0,0.0039944819542113,1813.1970379467934
1997-03-14,True,-0.0056478787307549,0.0,-0.0056478787307549,1802.956320961506
1997-03-17,True,-0.0243234887570385,0.0,-0.0243234887570385,1759.1021331591674
1997-03-18,True,-0.0170568543306473,0.0,-0.0170568543306473,1729.0973843211407
1997-03-19,True,-0.0573917190665387,0.0,-0.0573917190665387,1629.8615130014946
1997-03-20,True,0.0364701125580399,0.0,0.0364701125580399,1689.3027458346764
1997-03-21,True,-0.0330861374438263,0.0,-0.0330861374438263,1633.4102430017574
1997-03-24,True,-0.0384696955245599,0.0,-0.0384696955245599,1570.5734482867824
1997-03-25,True,0.017791922379647,0.0,0.017791922379647,1598.5169691702351
1997-03-26,True,0.1008278294916792,0.0,0.1008278294916792,1759.6919655772874
1997-03-27,True,-0.0564606021210593,0.0,-0.0564606021210593,1660.3386976532033
1997-03-31,True,-0.079665566280785,0.0,-0.079665566280785,1528.0668750867596
1997-04-01,True,-0.0012416747904138,0.0,-0.0012416747904138,1526.169512969898
1997-04-02,True,-0.0486815580967071,0.0,-0.0486815580967071,1451.8732031588308
1997-04-03,True,0.0791850605255411,0.0,0.0791850605255411,1566.839870626374
1997-04-04,True,0.0658775086224077,0.0,0.0658775086224077,1670.059377713495
1997-04-07,True,0.035927000917879,0.0,0.035927000917879,1730.0596025095201
1997-04-08,True,0.0287927578647514,0.0,0.0287927578647514,1779.8727897361646
1997-04-09,True,-0.0417404060053854,0.0,-0.0417404060053854,1705.580176854639
1997-04-10,True,-0.0556101883574095,0.0,-0.0556101883574095,1610.7325419610888
1997-04-11,True,-0.0867475894449945,0.0,-0.0867475894449945,1471.005376705356
1997-04-14,True,0.0636512318706068,0.0,0.0636512318706068,1564.6366810209379
1997-04-15,True,-0.0329100086802949,0.0,-0.0329100086802949,1513.1444742670308
1997-04-16,True,0.0023320842001217,0.0,0.0023320842001217,1516.6732545879704
1997-04-17,True,0.0356097648607154,0.0,0.0356097648607154,1570.681632554384
1997-04-18,True,0.030250179210201,0.0,0.030250179210201,1618.195033421325
1997-04-21,True,-0.051413052126487,0.0,-0.051413052126487,1534.998687817212
1997-04-22,True,0.0580162381023595,0.0,0.0580162381023595,1624.0535371764247
1997-04-23,True,0.0727117263376387,0.0,0.0727117263376387,1742.1412735292708
1997-04-24,True,-0.0010128794500793,0.0,-0.0010128794500793,1740.376694434178
1997-04-25,True,-0.0689089528606136,0.0,-0.0689089528606136,1620.4491588377027
1997-04-28,True,0.0394280919723192,0.0,0.0394280919723192,1684.3403773088228
1997-04-29,True,0.0969658012240747,0.0,0.0969658012240747,1847.6637915286328
1997-04-30,True,0.0645227031354412,0.0,0.0645227031354412,1966.8800538435385
1997-05-01,True,0.025087928009999,0.0,0.025087928009999,2016.224999038668
1997-05-02,True,0.0928600907492897,0.0,0.0928600907492897,2203.4518354203856
1997-05-05,True,0.0769644546090057,0.0,0.0769644546090057,2373.0393041907287
1997-05-06,True,-0.0580738272047099,0.0,-0.0580738272047099,2235.2278296891714
1997-05-07,True,-0.0186173467145358,0.0,-0.0186173467145358,2193.6138181978686
1997-05-08,True,0.0328374457798168,0.0,0.0328374457798168,2265.646493014798
1997-05-09,True,-0.0009711538638345,0.0,-0.0009711538638345,2263.4462016690236
1997-05-12,True,0.0179261080999461,0.0,0.0179261080999461,2304.020982958555
1997-05-13,True,-0.0458726889961203,0.0,-0.0458726889961203,2198.3293449667617
1997-05-14,True,-0.0023622508484911,0.0,-0.0023622508484911,2193.136339606351
1997-05-15,True,0.0720187538572256,0.0,0.0720187538572256,2351.0832858237977
1997-05-16,True,-0.0534711982576823,0.0,-0.0534711982576823,2225.36804532719
1997-05-19,True,-0.0058650029582626,0.0,-0.0058650029582626,2212.316255158123
1997-05-20,True,0.0934922636610207,0.0,0.0934922636610207,2419.150709786928
1997-05-21,True,0.0265941785669845,0.0,0.0265941785669845,2483.486035743449
1997-05-22,True,-0.014202134689864,0.0,-0.014202134689864,2448.2152325634243
1997-05-23,True,0.0409382803588752,0.0,0.0409382803588752,2548.4409541329746
1997-05-27,True,0.0796373874529284,0.0,0.0796373874529284,2751.3921337981724
1997-05-28,True,-0.0063445743075949,0.0,-0.0063445743075949,2733.935721955958
1997-05-29,True,-0.0370355286601134,0.0,-0.0370355286601134,2632.6829671705505
1997-05-30,True,-0.036346849587333,0.0,-0.036346849587333,2536.993235351669
1997-06-02,True,-0.0007168208621328,0.0,-0.0007168208621328,2535.174665673479
1997-06-03,True,-0.0905889172617915,0.0,-0.0905889172617915,2305.515937640594
1997-06-04,True,-0.0255447065380958,0.0,-0.0255447065380958,2246.6222095946623
1997-06-05,True,0.0279286824776037,0.0,0.0279286824776037,2309.367407933564
1997-06-06,True,0.0461404020464026,0.0,0.0461404020464026,2415.922548608478
1997-06-09,True,0.0308003208147413,0.0,0.0308003208147413,2490.3337381691867
1997-06-10,True,-0.0428860428633595,0.0,-0.0428860428633595,2383.533178729993
1997-06-11,True,0.0247131369797794,0.0,0.0247131369797794,2442.4377606717967
1997-06-12,True,0.0029485417089722,0.0,0.0029485417089722,2449.6393902807063
1997-06-13,True,0.045259993307327,0.0,0.045259993307327,2560.5100526901756
1997-06-16,True,0.035838542162754,0.0,0.035838542162754,2652.275000171668
1997-06-17,True,0.0409119057052451,0.0,0.0409119057052451,2760.78462488307
1997-06-18,True,-0.0542492633636114,0.0,-0.0542492633636114,2611.01409267758
1997-06-19,True,0.0318970409918338,0.0,0.0318970409918338,2694.297716221972
1997-06-20,True,-0.0018665654763875,0.0,-0.0018665654763875,2689.2686331217624
1997-06-23,True,-0.0379676752184777,0.0,-0.0379676752184777,2587.1633550841557
1997-06-24,True,0.0535264518935822,0.0,0.0535264518935822,2725.6450299509065
1997-06-25,True,-0.0221137089347663,0.0,-0.0221137089347663,2665.37090909908
1997-06-26,True,-0.0366160742548418,0.0,-0.0366160742548418,2567.7754899748134
1997-06-27,True,-0.0136478348132765,0.0,-0.0136478348132765,2532.730914250057
1997-06-30,True,-0.0180108749652425,0.0,-0.0180108749652425,2487.114214432895
1997-07-01,True,-0.0123167679350724,0.0,-0.0123167679350724,2456.481005825705
1997-07-02,True,0.0705437614901021,0.0,0.0705437614901021,2629.7704160056396
1997-07-03,True,0.0323348046971658,0.0,0.0323348046971658,2714.803528805566
1997-07-07,True,0.0135270424964384,0.0,0.0135270424964384,2751.5267915092
1997-07-08,True,0.0444925496739974,0.0,0.0444925496739974,2873.9492339597577
1997-07-09,True,0.0125778367021181,0.0,0.0125778367021181,2910.0972981146815
1997-07-10,True,-0.0003973977812927,0.0,-0.0003973977812927,2908.940831905065
1997-07-11,True,0.0163548097728183,0.0,0.0163548097728183,2956.516005851256
1997-07-14,True,0.0773466690481163,0.0,0.0773466690481163,3185.192670891292
1997-07-15,True,0.0491313923880078,0.0,0.0491313923880078,3341.685621836259
1997-07-16,True,0.1255851542598599,0.0,0.1255851542598599,3761.3517261425213
1997-07-17,True,-0.0235477648478074,0.0,-0.0235477648478074,3672.7803001854227
1997-07-18,True,-0.0656012472954691,0.0,-0.0656012472954691,3431.8413314510312
1997-07-21,True,-0.0353500424670352,0.0,-0.0353500424670352,3310.525594644111
1997-07-22,True,0.0918671707682624,0.0,0.0918671707682624,3614.6542147799846
1997-07-23,True,0.0028592180247917,0.0,0.0028592180247917,3624.989299264273
1997-07-24,True,-0.0108808723580073,0.0,-0.0108808723580073,3585.5462533998366
1997-07-25,True,-0.0079143164461202,0.0,-0.0079143164461202,3557.1691057182297
1997-07-28,True,-0.0284426296651685,0.0,-0.0284426296651685,3455.993862187908
1997-07-29,True,0.0353250402428734,0.0,0.0353250402428734,3578.0769844488186
1997-07-30,True,0.0357910340219149,0.0,0.0357910340219149,3706.1400595322575
1997-07-31,True,0.016262617010112,0.0,0.016262617010112,3766.4115959062647
1997-08-01,True,0.0049518563876794,0.0,0.0049518563876794,3785.0623252260825
1997-08-04,True,0.0407337945441939,0.0,0.0407337945441939,3939.2422763188106
1997-08-05,True,0.0326828410878399,0.0,0.0326828410878399,4067.987905642239
1997-08-06,True,0.0140573056078601,0.0,0.0140573056078601,4125.172854840931
1997-08-07,True,-0.0165405966561632,0.0,-0.0165405966561632,4056.9400345120534
1997-08-08,True,-0.0546178635345595,0.0,-0.0546178635345595,3835.358637339183
1997-08-11,True,-0.0374619117752197,0.0,-0.0374619117752197,3691.6787704408557
1997-08-12,True,-0.0285583118080716,0.0,-0.0285583118080716,3586.2506570193677
1997-08-13,True,0.0226571928373635,0.0,0.0226571928373635,3667.505029718577
1997-08-14,True,0.0118111233162466,0.0,0.0118111233162466,3710.8223838875374
1997-08-15,True,-0.0731913540751255,0.0,-0.0731913540751255,3439.222268878524
1997-08-18,True,0.0356663414195827,0.0,0.0356663414195827,3561.8867445381775
1997-08-19,True,0.0868681809973012,0.0,0.0868681809973012,3871.3013669546076
1997-08-20,True,0.0637009657640598,0.0,0.0637009657640598,4117.90700279334
1997-08-21,True,-0.0692585744292555,0.0,-0.0692585744292555,3832.7066341476257
1997-08-22,True,-0.0211662381188274,0.0,-0.0211662381188274,3751.5826528896473
1997-08-25,True,-0.0087575533969029,0.0,-0.0087575533969029,3718.7279674840715
1997-08-26,True,-0.0396011383500105,0.0,-0.0396011383500105,3571.4621067576813
1997-08-27,True,-0.0038461293606311,0.0,-0.0038461293606311,3557.725801488499
1997-08-28,True,-0.0587999832111763,0.0,-0.0587999832111763,3348.5315840910066
1997-08-29,True,0.009529635323391,0.0,0.009529635323391,3380.4418689562503
1997-09-02,True,0.079942346122797,0.0,0.079942346122797,3650.682322892346
1997-09-03,True,-0.0065032910725716,0.0,-0.0065032910725716,3626.940873133085
1997-09-04,True,0.0144480322277673,0.0,0.0144480322277673,3679.343031756319
1997-09-05,True,0.0142401407291413,0.0,0.0142401407291413,3731.737394319314
1997-09-08,True,0.0177885910748651,0.0,0.0177885910748651,3798.119744825643
1997-09-09,True,0.0236931412007218,0.0,0.0236931412007218,3888.109132237046
1997-09-10,True,-0.0635338015714393,0.0,-0.0635338015714393,3641.0827781413964
1997-09-11,True,0.005520966589519,0.0,0.005520966589519,3661.1850745091883
1997-09-12,True,0.0025242349697359,0.0,0.0025242349697359,3670.4267659049397
1997-09-15,True,-0.0701396611666769,0.0,-0.0701396611666769,3412.9842762072653
1997-09-16,True,0.1003947847509608,0.0,0.1003947847509608,3755.6300979755074
1997-09-17,True,-0.0214172309315597,0.0,-0.0214172309315597,3675.1949008736497
1997-09-18,True,0.0015686880286838,0.0,0.0015686880286838,3680.9601351177303
1997-09-19,True,0.0251787177665196,0.0,0.0251787177665196,3773.6419914696694
1997-09-22,True,0.0131136361256339,0.0,0.0131136361256339,3823.128159414215
1997-09-23,True,0.0301953706586744,0.0,0.0301953706586744,3938.568931263343
1997-09-24,True,-0.0508530689448777,0.0,-0.0508530689448777,3738.2806138576548
1997-09-25,True,-0.0254828309030764,0.0,-0.0254828309030764,3643.018641106472
1997-09-26,True,0.0007083440397065,0.0,0.0007083440397065,3645.599151647439
1997-09-29,True,0.0321739854253439,0.0,0.0321739854253439,3762.8926056191904
1997-09-30,True,-0.0581634698661804,0.0,-0.0581634698661804,3544.0297149425855
1997-10-01,True,0.0131809019248563,0.0,0.0131809019248563,3590.7432230340205
1997-10-02,True,0.0291284854320145,0.0,0.0291284854320145,3695.336134696271
1997-10-03,True,0.0310564215669304,0.0,0.0310564215669304,3810.1000515269097
1997-10-06,True,0.0037589443375437,0.0,0.0037589443375437,3824.4220055410715
1997-10-07,True,0.0392445987242053,0.0,0.0392445987242053,3974.5099125005513
1997-10-08,True,0.0118803162406141,0.0,0.0118803162406141,4021.7283471625133
1997-10-09,True,0.0072985634501132,0.0,0.0072985634501132,4051.0811866833983
1997-10-10,True,-0.0274959304556497,0.0,-0.0274959304556497,3939.6929401041607
1997-10-13,True,0.0069266111457539,0.0,0.0069266111457539,3966.9816611339343
1997-10-14,True,-0.0240222413927909,0.0,-0.0240222413927909,3871.6858700694
1997-10-15,True,-0.032988911907704,0.0,-0.032988911907704,3743.9631659673782
1997-10-16,True,-0.0530010524009436,0.0,-0.0530010524009436,3545.5291780207385
1997-10-17,True,-0.0664169187207198,0.0,-0.0664169187207198,3310.046054782195
1997-10-20,True,0.0364207543488313,0.0,0.0364207543488313,3430.6004290267356
1997-10-21,True,0.0612586743432864,0.0,0.0612586743432864,3640.7544635104227
1997-10-22,True,-0.0322039553214761,0.0,-0.0322039553214761,3523.507769431068
1997-10-23,True,-0.0659135333505255,0.0,-0.0659135333505255,3291.2609225598376
1997-10-24,True,-0.0485420770421038,0.0,-0.0485420770421038,3131.496281291272
1997-10-27,True,-0.2249597876470318,0.0,-0.2249597876470318,2427.035542834518
1997-10-28,True,0.2106080107315843,0.0,0.2106080107315843,2938.188670485746
1997-10-29,False,0.003819417442599724,0.000500427511189918,0.003318989931409806,2947.940489099671
1997-10-30,False,0.004326148806530855,8.64919338895459e-07,0.00432528388719196,2960.6911685975742
1997-10-31,False,-0.0031598998868307532,2.6388581088333393e-06,-0.0031625387449395865,2951.327868065084
1997-11-03,False,0.0009252555386237088,1.4494956095587458e-06,0.0009238060430141501,2954.054322584519
1997-11-04,False,-0.0010009653096972849,6.956555134722542e-07,-0.0010016609652107572,2951.095361680474
1997-11-05,False,-0.0002915241026023897,4.832911739170026e-07,-0.0002920073937763067,2950.2336200151244
1997-11-06,False,-0.0009446272327103272,8.81055317430296e-07,-0.0009455082880277575,2947.444149675782
1997-11-07,False,-0.0030899308464506204,1.1201046614281452e-06,-0.0030910509511120486,2938.333449633577
1997-11-10,False,0.000917854835603392,9.222637157790815e-07,0.0009169325718876129,2941.027703280613
1997-11-11,False,0.002168297691352357,7.062345703290756e-07,0.002167591456782028,2947.402649804403
1997-11-12,False,-0.004400180555752967,1.8599598545488984e-06,-0.004402040515607516,2934.4280639241547
1997-11-13,False,0.00022020348364256768,1.2048149911650373e-07,0.00022008300214345117,2935.073881662038
1997-11-14,False,-0.008518694427265808,1.8452842215030685e-06,-0.00852053971148731,2910.0654680971866
1997-11-17,False,0.0021897576556474704,7.345217030542556e-07,0.0021890231339444163,2916.435668728144
1997-11-18,False,-0.0007019576719576748,2.3150289323906058e-07,-0.0007021891748509139,2914.387779172414
1997-11-19,False,0.00477827218642901,6.36363540453197e-07,0.004777635822888557,2928.3116626279766
1997-11-20,False,-0.0049268664535974775,8.194996508552599e-07,-0.004927685953248333,2913.8818623813117
1997-11-21,False,0.0009720837551381053,3.8501254818992804e-07,0.0009716987425899153,2916.713277723043
1997-11-24,False,0.0005475293534583542,4.5408789038618724e-07,0.0005470752655679681,2918.3089394140393
1997-11-25,False,-0.0031568063145112056,1.6675328497334219e-06,-0.003158473847360939,2909.09153695038
1997-11-26,False,-0.004182181752703511,1.526804853888536e-06,-0.004183708557557399,2896.920745792523
1997-11-28,False,0.001374836673935114,6.067568690281549e-07,0.0013742299170660859,2900.9017809487605
1997-12-01,False,0.000774425738870208,1.942757855167537e-06,0.0007724829810150405,2903.1426782041394
1997-12-02,False,0.0012851445128315437,3.495988858539939e-07,0.0012847949139456897,2906.8726211515545
1997-12-03,False,-0.0014700919870417513,8.888624482483037e-07,-0.0014709808494899996,2902.5966671939336
1997-12-04,False,-0.004259177817505456,1.5747664829738468e-06,-0.00426075258398843,2890.229420943911
1997-12-05,False,-0.003851897746555951,2.844656611323132e-07,-0.0038521822122170833,2879.0957305793245
1997-12-08,False,-0.00017024649736228177,4.4383582281432024e-07,-0.00017069033318509608,2878.6042967698004
1997-12-09,False,-0.0037027490223142568,1.8561224296163304e-06,-0.0037046051447438733,2867.940204482305
1997-12-10,False,0.00535089487780837,8.953646796379943e-07,0.0053499995131287325,2883.2836831799677
1997-12-11,False,0.0016652183369128988,1.1514605181517091e-06,0.0016640668763947472,2888.0816600523967
1997-12-12,False,0.001237735179398938,1.2607283177670931e-06,0.0012364744510811709,2891.6526992376876
1997-12-15,False,0.0004336687045661391,3.843162115386989e-07,0.0004332843883546004,2892.90560720881
1997-12-16,False,0.00401076708242749,5.09965205940724e-07,0.00401025711722155,2904.5069025095695
1997-12-17,False,-0.0009505272069421355,1.5290695751589146e-06,-0.0009520562765172944,2901.7416484828473
1997-12-18,False,0.006761152181683637,8.080155558561064e-07,0.006760344166127781,2921.358420707778
1997-12-19,False,0.002058675550642764,9.759228592703812e-07,0.0020576996277834937,2927.3696988426905
1997-12-22,False,0.002636406694980551,4.509466861311179e-07,0.0026359557482944196,2935.0861158277376
1997-12-23,False,0.002065563544072231,8.277011366294301e-07,0.002064735842935602,2941.1462933331895
1997-12-24,False,0.0052305413105413244,1.1707235854369197e-06,0.005229370586955887,2956.5266372514807
1997-12-26,True,0.0479530279502741,0.0005,0.0474530279502741,3096.822778404705
1997-12-29,True,0.076682585463918,0.0,0.076682585463918,3334.2951557763317
1997-12-30,True,0.0608717540339727,0.0,0.0608717540339727,3537.2595503754155
1997-12-31,True,-0.0231521355752898,0.0,-0.0231521355752898,3455.364437700135
1998-01-02,True,0.0524576256629702,0.0,0.0524576256629702,3636.6246519021483
1998-01-05,True,0.0271228543441363,0.0,0.0271228543441363,3735.2602926399854
1998-01-06,True,-0.0330400621198323,0.0,-0.0330400621198323,3611.8470605374173
1998-01-07,True,-0.0452388767523538,0.0,-0.0452388767523538,3448.4511565174134
1998-01-08,True,0.0099510698267755,0.0,0.0099510698267755,3482.7669347701435
1998-01-09,True,-0.115926160412288,0.0,-0.115926160412288,3079.0231364113674
1998-01-12,True,0.0467808485117353,0.0,0.0467808485117353,3223.062451319956
1998-01-13,True,0.0735467804000612,0.0,0.0735467804000612,3460.108317642867
1998-01-14,True,0.003759429423696,0.0,0.003759429423696,3473.116350661389
1998-01-15,True,-0.0025970482330604,0.0,-0.0025970482330604,3464.0964999796906
1998-01-16,True,0.0307877795735082,0.0,0.0307877795735082,3570.748339442426
1998-01-20,True,0.0624433600811844,0.0,0.0624433600811844,3793.717863761521
1998-01-21,True,-0.0012701666472655,0.0,-0.0012701666472655,3788.8992098618355
1998-01-22,True,-0.0174320204511602,0.0,-0.0174320204511602,3722.8510413481395
1998-01-23,True,0.0110671158909433,0.0,0.0110671158909433,3764.052265267458
1998-01-26,True,-0.0238533169674142,0.0,-0.0238533169674142,3674.26713350212
1998-01-27,True,0.0569203455745529,0.0,0.0569203455745529,3883.407688474282
1998-01-28,True,0.0792555963569996,0.0,0.0792555963569996,4191.1894807216695
1998-01-29,True,0.0161448098831252,0.0,0.0161448098831252,4258.855438072074
1998-01-30,True,0.005756908137943,0.0,0.005756908137943,4283.373277601834
1998-02-02,True,0.0834080719760098,0.0,0.0834080719760098,4640.641184240165
1998-02-03,True,0.0277607669888392,0.0,0.0277607669888392,4769.468942834666
1998-02-04,True,0.0353632922334035,0.0,0.0353632922334035,4938.1330668582705
1998-02-05,True,-0.0257781160419513,0.0,-0.0257781160419513,4810.8372996302005
1998-02-06,True,0.0521452852232079,0.0,0.0521452852232079,5061.699782781865
1998-02-09,True,-0.0309008523551391,0.0,-0.0309008523551391,4905.288945128083
1998-02-10,True,0.0453912454767149,0.0,0.0453912454767149,5127.946119770608
1998-02-11,True,-0.0028011130755239,0.0,-0.0028011130755239,5113.582162843936
1998-02-12,True,0.0155578610293955,0.0,0.0155578610293955,5193.138563495859
1998-02-13,True,-0.0214746431886751,0.0,-0.0214746431886751,5081.6177658154365
1998-02-17,True,-0.0214931412976053,0.0,-0.0214931412976053,4972.397837154344
1998-02-18,True,0.031968412438758,0.0,0.031968412438758,5131.357502022082
1998-02-19,True,0.0418828945728475,0.0,0.0418828945728475,5346.273607294864
1998-02-20,True,0.0075071195729425,0.0,0.0075071195729425,5386.408722534493
1998-02-23,True,0.0665158828120549,0.0,0.0665158828120549,5744.690453900428
1998-02-24,True,-0.0334492117779865,0.0,-0.0334492117779865,5552.535086308935
1998-02-25,True,0.0713972825674811,0.0,0.0713972825674811,5948.971002831987
1998-02-26,True,0.0162184539328639,0.0,0.0162184539328639,6045.45411498936
1998-02-27,True,-0.0321399116268912,0.0,-0.0321399116268912,5851.153753989177
1998-03-02,True,-0.0417765545590682,0.0,-0.0417765545590682,5606.712709952151
1998-03-03,True,-0.0049860592871095,0.0,-0.0049860592871095,5578.75730797454
1998-03-04,True,0.0103686638284535,0.0,0.0103686638284535,5636.601567081455
1998-03-05,True,-0.1350827074400032,0.0,-0.1350827074400032,4875.194166639528
1998-03-06,True,0.0963704245843832,0.0,0.0963704245843832,5345.018698409887
1998-03-09,True,-0.0898223255416586,0.0,-0.0898223255416586,4864.916688855063
1998-03-10,True,0.0535950802491266,0.0,0.0535950802491266,5125.652289199565
1998-03-11,True,0.0135213401794539,0.0,0.0135213401794539,5194.957977443428
1998-03-12,True,0.0242228908424547,0.0,0.0242228908424547,5320.79487746218
1998-03-13,True,0.0153082205115862,0.0,0.0153082205115862,5402.24677874329
1998-03-16,True,0.0276962695054288,0.0,0.0276962695054288,5551.868861462198
1998-03-17,True,-0.0314347574891216,0.0,-0.0314347574891216,5377.347210190728
1998-03-18,True,0.0232069212318274,0.0,0.0232069212318274,5502.138883333811
1998-03-19,True,0.0231015767656644,0.0,0.0231015767656644,5629.246967122494
1998-03-20,True,-0.0425336141084334,0.0,-0.0425336141084334,5389.8147489018365
1998-03-23,True,0.0247922545118394,0.0,0.0247922545118394,5523.440407928277
1998-03-24,True,0.047177424417561,0.0,0.047177424417561,5784.022100298215
1998-03-25,True,0.0423821744400608,0.0,0.0423821744400608,6029.161533918221
1998-03-26,True,0.0074830913985697,0.0,0.0074830913985697,6074.278300733272
1998-03-27,True,-0.0157392057408578,0.0,-0.0157392057408578,5978.6739848308025
1998-03-30,True,-0.0126002068961914,0.0,-0.0126002068961914,5903.341455657057
1998-03-31,True,0.0346376047442044,0.0,0.0346376047442044,6107.819063668182
1998-04-01,True,0.0188289548817912,0.0,0.0188289548817912,6222.822913244135
1998-04-02,True,0.0041053160127913,0.0,0.0041053160127913,6248.36956779464
1998-04-03,True,0.0082698472879317,0.0,0.0082698472879317,6300.042629918861
1998-04-06,True,-0.0690127777100639,0.0,-0.0690127777100639,5865.259188336345
1998-04-07,True,-0.0580574419310933,0.0,-0.0580574419310933,5524.737243598696
1998-04-08,True,0.0224466756032405,0.0,0.0224466756032405,5648.749228298897
1998-04-09,True,0.0144931944079117,0.0,0.0144931944079117,5730.617649026174
1998-04-13,True,0.0149935140059081,0.0,0.0149935140059081,5816.5397450093515
1998-04-14,True,0.025092846123491,0.0,0.025092846123491,5962.493281802041
1998-04-15,True,0.0448901403486675,0.0,0.0448901403486675,6230.1504420501215
1998-04-16,True,-0.0095462569223717,0.0,-0.0095462569223717,6170.675825265283
1998-04-17,True,0.008875775400785,0.0,0.008875775400785,6225.445357961392
1998-04-20,True,0.0530462408174904,0.0,0.0530462408174904,6555.681831615939
1998-04-21,True,0.0395007970870166,0.0,0.0395007970870166,6814.636489413642
1998-04-22,True,0.0498737174464734,0.0,0.0498737174464734,7154.507744187086
1998-04-23,True,-0.0753275756552134,0.0,-0.0753275756552134,6615.576020811023
1998-04-24,True,-0.0203344393506564,0.0,-0.0203344393506564,6481.051991446185
1998-04-27,True,-0.0724244974989435,0.0,-0.0724244974989435,6011.665057701167
1998-04-28,True,0.0058082802192322,0.0,0.0058082802192322,6046.5824929404625
1998-04-29,True,0.0416488692665041,0.0,0.0416488692665041,6298.415816698072
1998-04-30,True,0.0205031060166976,0.0,0.0205031060166976,6427.552903925078
1998-05-01,True,0.0079819165495907,0.0,0.0079819165495907,6478.857094822287
1998-05-04,True,0.0100658213198479,0.0,0.0100658213198479,6544.072112695597
1998-05-05,True,-0.0206424825880609,0.0,-0.0206424825880609,6408.986218054263
1998-05-06,True,-0.0122921722367592,0.0,-0.0122921722367592,6330.205855598924
1998-05-07,True,-0.0474790060829525,0.0,-0.0474790060829525,6029.653973274601
1998-05-08,True,0.0767022838429267,0.0,0.0767022838429267,6492.1422038073415
1998-05-11,True,-0.0393805723391848,0.0,-0.0393805723391848,6236.477928114032
1998-05-12,True,0.0452305505279728,0.0,0.0452305505279728,6518.557258158181
1998-05-13,True,0.0157080253243564,0.0,0.0157080253243564,6620.950920647597
1998-05-14,True,0.0070715700523641,0.0,0.0070715700523641,6667.77143889622
1998-05-15,True,-0.0396943684154975,0.0,-0.0396943684154975,6403.0984628903425
1998-05-18,True,-0.0170038412187892,0.0,-0.0170038412187892,6294.221193319083
1998-05-19,True,0.0313834467735558,0.0,0.0313834467735558,6491.755549120599
1998-05-20,True,-0.0428466783876422,0.0,-0.0428466783876422,6213.605386936237
1998-05-21,True,-0.0342763118266865,0.0,-0.0342763118266865,6000.625911125632
1998-05-22,True,-0.0236832440587763,0.0,-0.0236832440587763,5858.511623167026
1998-05-26,True,-0.0348373341001742,0.0,-0.0348373341001742,5654.416696421003
1998-05-27,True,0.0231305497778367,0.0,0.0231305497778367,5785.206463282199
1998-05-28,True,0.0131036771688938,0.0,0.0131036771688938,5861.013941132447
1998-05-29,True,-0.0564202765128888,0.0,-0.0564202765128888,5530.333913927859
1998-06-01,True,-0.0669574596936571,0.0,-0.0669574596936571,5160.03680379357
1998-06-02,True,0.0553793377030883,0.0,0.0553793377030883,5445.796224511218
1998-06-03,True,-0.0587705840568227,0.0,-0.0587705840568227,5125.7435997422535
1998-06-04,True,0.0802213096439557,0.0,0.0802213096439557,5536.9374642127
1998-06-05,True,0.0286727124214052,0.0,0.0286727124214052,5695.696479819376
1998-06-08,True,0.0005761608090996,0.0,0.0005761608090996,5698.978116911574
1998-06-09,True,0.0406906450521787,0.0,0.0406906450521787,5930.873212626957
1998-06-10,True,-0.0594840259535707,0.0,-0.0594840259535707,5578.080996519718
1998-06-11,True,-0.0357383607425807,0.0,-0.0357383607425807,5378.729525614762
1998-06-12,True,0.0045405843850838,0.0,0.0045405843850838,5403.152100910357
1998-06-15,True,-0.0341374033178002,0.0,-0.0341374033178002,5218.70251845416
1998-06-16,True,0.0952059616586658,0.0,0.0952059616586658,5715.554110334089
1998-06-17,True,0.0324311237774985,0.0,0.0324311237774985,5900.915953143324
1998-06-18,True,0.0077445112850898,0.0,0.0077445112850898,5946.61566333481
1998-06-19,True,0.0300408933067605,0.0,0.0300408933067605,6125.257310013361
1998-06-22,True,0.0583929528115026,0.0,0.0583929528115026,6482.929171075282
1998-06-23,True,0.0910692118414132,0.0,0.0910692118414132,7073.324421108814
1998-06-24,True,0.0660552983956959,0.0,0.0660552983956959,7540.55497639472
1998-06-25,True,-0.0447471018972259,0.0,-0.0447471018972259,7203.136994504352
1998-06-26,True,0.0216096841258276,0.0,0.0216096841258276,7358.794509670653
1998-06-29,True,0.0424092130254269,0.0,0.0424092130254269,7670.875193641618
1998-06-30,True,-0.0055245004920923,0.0,-0.0055245004920923,7628.497439859566
1998-07-01,True,0.0419563498277165,0.0,0.0419563498277165,7948.561347106153
1998-07-02,True,-0.0524453931150524,0.0,-0.0524453931150524,7531.695922558061
1998-07-06,True,0.0224089367429976,0.0,0.0224089367429976,7700.4732200541575
1998-07-07,True,0.0081403546994444,0.0,0.0081403546994444,7763.15780341897
1998-07-08,True,0.07001891852498,0.0,0.07001891852498,8306.725717153126
1998-07-09,True,0.0114976928356097,0.0,0.0114976928356097,8402.233897918613
1998-07-10,True,0.0168963347332712,0.0,0.0168963347332712,8544.200854365083
1998-07-13,True,0.06333502269114,0.0,0.06333502269114,9085.348009353955
1998-07-14,True,-0.0053934073879144,0.0,-0.0053934073879144,9036.34702627853
1998-07-15,True,0.066312331188107,0.0,0.066312331188107,9635.568263015779
1998-07-16,True,0.0060716288014991,0.0,0.0060716288014991,9694.071856800316
1998-07-17,True,0.0232215115000158,0.0,0.0232215115000158,9919.182857904983
1998-07-20,True,0.0037175668771457,0.0,0.0037175668771457,9956.058083545882
1998-07-21,True,-0.0697993309515807,0.0,-0.0697993309515807,9261.131890399301
1998-07-22,True,-0.002961052168202,0.0,-0.002961052168202,9233.70919573523
1998-07-23,True,-0.0521817744537158,0.0,-0.0521817744537158,8751.877865112172
1998-07-24,True,0.0057584212509928,0.0,0.0057584212509928,8802.27486459673
1998-07-27,True,0.037630187827696,0.0,0.037630187827696,9133.50612106251
1998-07-28,True,-0.0698124813646948,0.0,-0.0698124813646948,8495.873395191507
1998-07-29,True,-0.0286386028639733,0.0,-0.0286386028639733,8252.56345104402
1998-07-30,True,0.0910177408945699,0.0,0.0910177408945699,9003.69313294714
1998-07-31,True,-0.0947078201701994,0.0,-0.0947078201701994,8150.972982844324
1998-08-03,True,-0.0194306874285523,0.0,-0.0194306874285523,7992.593974576102
1998-08-04,True,-0.1124618900180342,0.0,-0.1124618900180342,7093.7317500485215
1998-08-05,True,0.0286164248891428,0.0,0.0286164248891428,7296.728991857512
1998-08-06,True,0.0809265162580863,0.0,0.0809265162580863,7887.227849247918
1998-08-07,True,-0.0041670369314217,0.0,-0.0041670369314217,7854.3614795135645
1998-08-10,True,-0.0028333441751211,0.0,-0.0028333441751211,7832.107370166289
1998-08-11,True,-0.0723048410240526,0.0,-0.0723048410240526,7265.808091883106
1998-08-12,True,0.0551109922800288,0.0,0.0551109922800288,7666.233985543046
1998-08-13,True,-0.0362464414269557,0.0,-0.0362464414269557,7388.3602844207235
1998-08-14,True,-0.0189313180481723,0.0,-0.0189313180481723,7248.488886021871
1998-08-17,True,0.0849315074058775,0.0,0.0849315074058775,7864.113973526457
1998-08-18,True,0.0731504736321623,0.0,0.0731504736321623,8439.377635387222
1998-08-19,True,-0.0065963267979501,0.0,-0.0065963267979501,8383.708742532897
1998-08-20,True,-0.0003440749635011,0.0,-0.0003440749635011,8380.824118253306
1998-08-21,True,-0.0504857635397979,0.0,-0.0504857635397979,7957.711813550534
1998-08-24,True,-0.0086180195839891,0.0,-0.0086180195839891,7889.132097297615
1998-08-25,True,0.0379250885006893,0.0,0.0379250885006893,8188.328130281255
1998-08-26,True,-0.031115774214699,0.0,-0.031115774214699,7933.541960983554
1998-08-27,True,-0.1367150262478218,0.0,-0.1367150262478218,6848.907563549491
1998-08-28,False,-0.0071759900449308274,0.0005018720975013431,-0.007677862142432171,6796.322595450297
1998-08-31,False,0.005733286659018966,9.527309992212047e-07,0.005732333928019744,6835.281386049964
1998-09-01,False,-0.004130992455152863,4.352816041032034e-06,-0.004135345271193895,6807.015137492883
1998-09-02,False,0.0002893150058786502,6.35917744640932e-07,0.0002886790881340093,6808.980180415689
1998-09-03,False,-0.0076710989125028635,2.586323457646186e-06,-0.007673685235960509,6756.730209733285
1998-09-04,False,0.00471939647850675,2.690779955319994e-06,0.00471670569855143,6788.5997176171095
1998-09-08,False,-0.0032607955072867837,1.3225131938664204e-06,-0.00326211802048065,6766.454504144442
1998-09-09,False,0.005270548268116936,2.009215101278161e-06,0.005268539053015658,6802.10383394998
1998-09-10,False,0.0072421408359337434,3.5066279789726654e-06,0.0072386342079547705,6851.34177544847
1998-09-11,False,-0.0009261112434378127,1.788448595532441e-06,-0.0009278996920333452,6844.9844175250155
1998-09-14,False,-0.004729084396271111,1.0088784753303494e-06,-0.004730093274746441,6812.607002765936
1998-09-15,False,-0.003361059333925514,1.2306263190887678e-06,-0.0033622899602446027,6789.701042637444
1998-09-16,False,-0.0009447846825178666,1.2225402823876492e-06,-0.0009460072228002543,6783.2779364104545
1998-09-17,False,0.005830902400891516,3.245782294553079e-07,0.005830577822662061,6822.828366311443
1998-09-18,False,-0.0013535251641623794,9.72272186222381e-07,-0.0013544974363486019,6813.586862780628
1998-09-21,False,0.00459610294940296,8.647035082035154e-07,0.004595238245894757,6844.8969177242025
1998-09-22,False,-0.008806176599962218,8.82468702901637e-07,-0.00880705906866512,6784.613506250882
1998-09-23,False,0.0006416076412319702,4.87868362986546e-07,0.0006411197728689837,6788.963256121014
1998-09-24,False,0.0022924348726531423,1.8661278355817379e-06,0.0022905687448175607,6804.5138431652
1998-09-25,False,0.007765550007296309,1.7641682547874794e-06,0.007763785839041522,6857.342631382328
1998-09-28,False,-0.0065187958600334646,2.2011912516149285e-06,-0.006520997051285079,6812.625920303433
1998-09-29,False,0.001074242921569635,1.954760160337951e-06,0.0010722881614092972,6819.931018425886
1998-09-30,False,0.005792011829996128,2.1660016702881034e-06,0.005789845828325839,6859.417367582389
1998-10-01,False,0.014365837768334966,1.7604040266242933e-06,0.014364077364308342,6957.946569324422
1998-10-02,False,0.003898881492859972,1.1352011495340543e-06,0.003897746291710438,6985.066879762926
1998-10-05,False,0.0026776789044326977,1.5805350542338614e-06,0.002676098369378464,7003.759605849859
1998-10-06,False,-0.008736871211008385,8.411209888139343e-07,-0.008737712331997199,6942.562769171482
1998-10-07,False,-0.007499880304153366,3.40052346829145e-06,-0.007503280827621657,6890.470771050997
1998-10-08,False,-0.0028108703794497217,1.72920782353439e-06,-0.002812599587273256,6871.090635804221
1998-10-09,False,-0.015337575242548742,2.2092892666009114e-06,-0.015339784531815344,6765.68958595241
1998-10-12,False,-0.0014627982988010071,1.015751939809892e-06,-0.001463814050740817,6755.785874473542
1998-10-13,False,0.0029476120636182843,6.833836395369331e-07,0.0029469286799787475,6775.694693622824
1998-10-14,False,0.0033568241152625816,1.2046018968709938e-06,0.0033556195133657104,6798.431346953353
1998-10-15,False,0.006519826394364618,9.107001256773855e-07,0.00651891569423894,6842.749747757213
1998-10-16,False,1.0447684001216795e-05,2.6492261817200046e-07,1.0182761383044794e-05,6842.8194258450985
1998-10-19,False,0.004845951905925111,1.2761571528255022e-06,0.004844675748772286,6875.970667170718
1998-10-20,False,-0.005420997900474103,8.622918359431769e-07,-0.005421860192310046,6838.690115526893
1998-10-21,False,-0.0025394494983988335,4.6460492434227674e-07,-0.002539914103323176,6821.32043005421
1998-10-22,False,-0.003427426870933897,7.605527863080302e-07,-0.003428187423720205,6797.935665142732
1998-10-23,False,-0.002980057655230081,1.2454321739666098e-07,-0.0029801821984474777,6777.6765782872835
1998-10-26,False,-0.004814403981153337,1.1514763420933382e-06,-0.00481555545749543,6745.038300851573
1998-10-27,False,0.010828020402743686,1.6639790009704837e-06,0.010826356423742715,6818.062489588388
1998-10-28,False,-8.869437076076019e-05,4.0858717758915367e-07,-8.910295793834935e-05,6817.454980053158
1998-10-29,False,0.003762617945558351,4.7610560557807827e-07,0.003762141839952773,6843.10321267561
1998-10-30,False,-0.0034205266875779326,6.166159484982253e-07,-0.0034211433035264307,6819.691975944224
1998-11-02,False,-0.0029281420654385403,8.489602860125012e-07,-0.002928991025724553,6799.717159348479
1998-11-03,False,-0.0050826969484981,1.6693839555695507e-06,-0.0050843663324536695,6765.14490635328
1998-11-04,False,-0.0033228332533787146,1.1910191699401745e-06,-0.0033240242725486547,6742.657400477253
1998-11-05,False,0.0004144656161077191,7.004539552711714e-07,0.0004137651621524479,6745.4472772099
1998-11-06,False,-0.004826248355957799,8.056173326748129e-07,-0.004827053973290474,6712.886639128823
1998-11-09,False,0.006194919612724858,6.269627473922679e-07,0.006194292649977466,6754.46822349771
1998-11-10,False,0.0019303419030170627,2.0983021341670905e-07,0.0019301320728036461,6767.505239250616
1998-11-11,False,0.0006837396861605489,5.958391631710747e-07,0.0006831438469973778,6772.128418814332
1998-11-12,False,0.0008921681442522581,6.897459879772888e-07,0.0008914783982642808,6778.165625009977
1998-11-13,False,0.005228487368138873,1.165048489569831e-06,0.005227322319649303,6813.597281467871
1998-11-16,False,0.0046464798264453724,2.950211928715238e-06,0.004643529614516658,6845.236422225757
1998-11-17,False,-0.00012632019048933502,7.044756879179687e-07,-0.00012702466617725298,6844.36690835432
1998-11-18,False,0.004278910630837005,8.123565988118476e-07,0.004278098274238194,6873.647782613203
1998-11-19,False,0.0019083877134794044,4.675076500799541e-07,0.0019079202058293243,6886.762154105405
1998-11-20,False,-0.0027710111472391157,7.649639213816451e-07,-0.0027717761111604976,6867.673591283411
1998-11-23,False,0.003398254047055877,1.589888148322935e-06,0.003396664158907554,6891.000772026
1998-11-24,False,0.002868984889638184,6.26701368538471e-07,0.0028683581882696456,6910.766630515814
1998-11-25,False,8.032438592772738e-05,1.370725355919339e-07,8.018731339213545e-05,6911.320786325395
1998-11-27,False,-0.000756564998590619,3.158114321105965e-07,-0.0007568808100227296,6906.089740250314
1998-11-30,False,0.008302728670062568,2.184312818617459e-06,0.008300544357243951,6963.414044474369
1998-12-01,False,0.0029867192870121685,1.2883372185249348e-06,0.0029854309497936433,6984.2028362789715
1998-12-02,False,0.006852507790692908,1.1996944526347226e-06,0.006851308096240273,7032.053761716953
1998-12-03,False,0.0006548944272215289,9.568909329236569e-07,0.0006539375362886053,7036.652285628939
1998-12-04,False,-0.0021883226442585366,8.062768872971193e-08,-0.002188403271947266,7021.253252743514
1998-12-07,False,-0.00043602371047751315,1.9239535322655018e-06,-0.00043794766400977864,7018.178311283054
1998-12-08,False,0.005745556427522311,1.957825133963878e-06,0.005743598602388347,7058.487910423052
1998-12-09,True,0.0307750911520991,0.0005,0.0302750911520991,7272.184275307099
1998-12-10,True,-0.0582589681660822,0.0,-0.0582589681660822,6848.514323114099
1998-12-11,True,0.0401913436294186,0.0,0.0401913436294186,7123.765315625373
1998-12-14,True,-0.1093051571426791,0.0,-0.1093051571426791,6345.101028353374
1998-12-15,True,0.0921602820871386,0.0,0.0921602820871386,6929.867328997814
1998-12-16,True,-0.0137176176716858,0.0,-0.0137176176716858,6834.806058463117
1998-12-17,True,0.0602122123838763,0.0,0.0602122123838763,7246.344852457902
1998-12-18,True,0.0803608064664026,0.0,0.0803608064664026,7828.666968735082
1998-12-21,True,0.0902363534609909,0.0,0.0902363534609909,8535.097328454245
1998-12-22,True,-0.0328931811280882,0.0,-0.0328931811280882,8254.350826083539
1998-12-23,True,0.0865863363352459,0.0,0.0865863363352459,8969.064822939921
1998-12-24,True,-0.0215069337708699,0.0,-0.0215069337708699,8776.167739806315
1998-12-28,True,0.0296187136961333,0.0,0.0296187136961333,9036.106539440878
1998-12-29,True,-0.001317222034735,0.0,-0.001317222034735,9024.203980798913
1998-12-30,True,-0.0205013347309862,0.0,-0.0205013347309862,8839.195754307855
1998-12-31,True,0.0412856776579385,0.0,0.0412856776579385,9204.127940975628
1999-01-04,True,0.0298372412696002,0.0,0.0298372412696002,9478.753727026786
1999-01-05,True,0.0784454708721963,0.0,0.0784454708721963,10222.319026424988
1999-01-06,True,0.095890493970027,0.0,0.095890493970027,11202.542247388084
1999-01-07,True,0.0034726480678419,0.0,0.0034726480678419,11241.444734078394
1999-01-08,True,0.0109578125001779,0.0,0.0109578125001779,11364.626377705537
1999-01-11,True,0.0401149158449647,0.0,0.0401149158449647,11820.51740845666
1999-01-12,True,-0.0918368165078238,0.0,-0.0918368165078238,10734.95872018869
1999-01-13,False,0.005570649210534506,0.0005037374053573742,0.005066911805177132,10789.351809256104
1999-01-14,False,0.00630661513062743,1.0804170371283424e-06,0.006305534713590301,10857.384441626506
1999-01-15,False,-0.003545121652582318,7.659601334307347e-07,-0.003545887612715749,10818.885376628448
1999-01-19,False,0.00520572144694612,1.5592626717107761e-06,0.005204162184274409,10875.188610781497
1999-01-20,False,-0.0008046837811874714,4.7616379147810694e-07,-0.0008051599449789495,10866.432344518005
1999-01-21,False,0.0027289471438653374,7.078927221552678e-07,0.002728239251143182,10896.07857176021
1999-01-22,False,0.0020022001399511596,7.692033968410838e-07,0.0020014309365543187,10917.886320500857
1999-01-25,False,0.004195816545931759,1.139250489623711e-06,0.004194677295442135,10963.683330363681
1999-01-26,False,0.0011576702974674987,1.034191031516349e-06,0.0011566361064359824,10976.36432236311
1999-01-27,False,-0.0063470232818405746,1.366321554264846e-06,-0.00634838960339484,10906.682085215947
1999-01-28,False,-0.0019289203589978859,4.944670610813051e-07,-0.0019294148260589673,10885.63857109762
1999-01-29,False,0.003724076481707594,9.371892491761707e-07,0.003723139292458418,10926.167319785174
1999-02-01,False,0.0022945186909614913,1.2755378440088976e-06,0.0022932431531174826,10951.223678181086
1999-02-02,False,0.0033774021864680977,1.0099829019143276e-06,0.003376392203566183,10988.199304427606
1999-02-03,False,-0.001722244252259737,8.635279146977093e-07,-0.0017231077801744346,10969.26545271604
1999-02-04,False,-0.0006154927525321653,5.019001472773426e-07,-0.0006159946526794426,10962.508443853345
1999-02-05,False,0.0034077462831394686,1.0187425466481742e-06,0.0034067275405928205,10999.854723283002
1999-02-08,False,-0.0007752290803573243,2.811960660763224e-07,-0.0007755102764234006,10991.324222905932
1999-02-09,False,0.0010900701722747156,1.2503952900960042e-06,0.0010888197769846196,11003.291794095085
1999-02-10,False,0.003152451511542019,6.745970757657677e-07,0.0031517769144662534,11037.971715154848
1999-02-11,False,0.0008037817285909136,7.904010686309582e-07,0.0008029913275222826,11046.835110715554
1999-02-12,False,-0.0005620100832652379,1.2719326782435343e-06,-0.0005632820159434814,11040.612627164595
1999-02-16,False,-0.0015841940462639388,1.9608323536682432e-06,-0.001586154878617607,11023.100505583092
1999-02-17,False,0.0028168946211081496,2.198981332798139e-07,0.00281667472297487,11054.148994145979
1999-02-18,False,-0.003144201772389071,5.610638024037551e-07,-0.0031447628361914747,11019.386317203465
1999-02-19,False,0.001801718015101137,6.048716246796621e-07,0.0018011131434764573,11039.233478732427
1999-02-22,False,0.0054656969915919465,8.659839621314308e-07,0.005464831007629815,11099.56102414747
1999-02-23,False,-0.0017195951574586511,3.305008539110088e-07,-0.0017199256583125622,11080.470604346032
1999-02-24,False,0.0004597140079438909,8.42318903187797e-07,0.0004588716890407031,11085.555118607614
1999-02-25,False,-0.004161184130984308,3.8511087558762427e-07,-0.004161569241859895,11039.421813397075
1999-02-26,False,0.007434304652537068,1.2202111365807456e-06,0.007433084441400487,11121.478767920295
1999-03-01,False,-0.0024022232212240536,5.29487448206925e-07,-0.0024027527086722604,11094.756604686232
1999-03-02,False,-0.0024608519879672727,2.0348655048282593e-06,-0.002462886853472101,11067.431474502078
1999-03-03,False,-0.007802622533180026,1.5298329535453348e-06,-0.007804152366133571,10981.059552973322
1999-03-04,False,-0.0034930644799805294,1.4662777226339685e-06,-0.0034945307577031633,10942.685902613288
1999-03-05,False,-0.0003139622933742414,8.412704116254055e-07,-0.0003148035637858668,10939.241106093756
1999-03-08,False,-0.0028852510700055657,2.2021452302141837e-06,-0.00288745321523578,10907.654559189725
1999-03-09,False,0.0018021797333126605,2.1531495929928146e-06,0.0018000265837196676,10927.288627362297
1999-03-10,False,-0.010193411423275277,2.4578183160869767e-06,-0.010195869241591365,10815.875421352583
1999-03-11,False,0.005037805955372773,8.35425613763166e-07,0.00503697052975901,10870.35466710348
1999-03-12,False,-0.0008324580477040271,7.148241944401335e-07,-0.0008331728718984672,10861.297782486936
1999-03-15,False,-0.002005171730354985,1.2664058464272598e-06,-0.0020064381362014123,10839.505260407515
1999-03-16,False,-0.010231855722922602,2.1740821172908655e-06,-0.010234029805039893,10728.573440500619
1999-03-17,False,-0.004700049204512939,2.423046905595666e-06,-0.0047024722514185345,10678.12262159936
1999-03-18,False,-0.00025206355520110093,5.461748329510658e-07,-0.000252609730034052,10675.425223926646
1999-03-19,False,-0.003963361040648407,8.611863523294988e-07,-0.003964222227000737,10633.105465971274
1999-03-22,False,-0.008934581886416054,2.8917395023082134e-06,-0.008937473625918362,10538.072366307546
1999-03-23,False,-0.000670924192797388,2.6642803650984984e-07,-0.0006711906208338979,10530.999310973612
1999-03-24,False,0.0016214242450747387,1.845877943900398e-07,0.0016212396572803487,10548.072584687354
1999-03-25,False,-0.007205869745440379,1.6559543000840838e-06,-0.007207525699740463,10472.047080450493
1999-03-26,False,-0.012328785632706335,2.08044699041611e-06,-0.012330866079696752,10342.917670321178
1999-03-29,False,-0.0021329170888985866,6.091464106391248e-07,-0.002133526235309226,10320.850784121903
1999-03-30,False,-0.00486872587376633,1.9212329777472393e-06,-0.004870647106744078,10270.581562111083
1999-03-31,False,0.0017255308358272773,3.7899204135100063e-07,0.0017251518437859262,10288.299874829712
1999-04-01,False,0.002085324666499864,6.552533545722133e-07,0.0020846694131452918,10309.747578892038
1999-04-05,False,0.000406489128629995,7.061881543813237e-07,0.00040578294047561366,10313.93109858016
1999-04-06,False,0.00046940617183944405,1.2980970968811262e-06,0.00046810807474256295,10318.759133009746
1999-04-07,False,0.004852876331063038,8.049066096093433e-07,0.0048520714244534285,10368.826489334839
1999-04-08,False,0.004906338410898648,3.131586553199867e-07,0.004906025252243328,10419.696213927644
1999-04-09,False,-0.0028347940873605037,5.541050926135827e-07,-0.0028353481924531174,10390.152747101574
1999-04-12,False,0.00562661292694791,9.325218814849462e-07,0.005625680405066426,10448.604425816591
1999-04-13,False,-0.0014544763328468862,3.874564906889699e-07,-0.0014548637893375752,10433.403129588358
1999-04-14,True,-0.0988699549091343,0.0005,-0.0993699549091343,9396.636331052341
1999-04-15,False,-0.0015280835333185319,0.0005003996677077591,-0.002028483201026291,9377.575412108648
1999-04-16,True,-0.0695079448070318,0.0005,-0.0700079448070318,8721.070630233968
1999-04-19,True,-0.1711212482510181,0.0,-0.1711212482510181,7228.710137903038
1999-04-20,False,0.00010750943214526958,0.0005002028964254114,-0.0003926934642801418,7225.871470676707
1999-04-21,False,-0.001394761188378235,4.15499919287271e-07,-0.0013951766882975224,7215.790103248185
1999-04-22,False,-0.00041003054542764075,6.992445764696376e-07,-0.0004107297900041104,7212.8263632943645
1999-04-23,False,0.0006637581446755947,2.8251945130054744e-07,0.0006634756252242942,7217.611897775386
1999-04-26,False,-0.0011876516545149148,8.646617800624201e-07,-0.0011885163162949771,7209.033648270196
1999-04-27,False,0.00048112627788819603,3.49090869932997e-07,0.000480777187018263,7212.499587188731
1999-04-28,False,0.0017413152163906064,8.619938051956655e-07,0.0017404532225854107,7225.052605338149
1999-04-29,False,0.001368392639275396,3.882451106523022e-07,0.0013680043941647437,7234.936509050324
1999-04-30,False,0.003951274979523417,1.4531744652475364e-06,0.0039498218050581695,7263.513219031983
1999-05-03,False,-0.0016452910052910082,5.466842871919425e-07,-0.0016458376895782001,7251.558655217351
1999-05-04,False,-0.0060870646383652345,9.66371593292187e-07,-0.006088031009958527,7207.410941253855
1999-05-05,False,-0.0009206798414539893,8.690201157266903e-07,-0.000921548861569716,7200.768959906078
1999-05-06,False,0.0007239560930957584,1.0499546107968632e-06,0.0007229061384849615,7205.974439989006
1999-05-07,False,-0.004370256364192897,2.497496409140279e-06,-0.004372753860602037,7174.464487437144
1999-05-10,False,-0.007067277496066639,1.5009085462543566e-06,-0.007068778404612893,7123.7497878036875
1999-05-11,False,0.001856100003028733,9.312168226674467e-07,0.0018551687862060654,7136.965546050763
1999-05-12,False,-0.0013554170955773234,9.11137905152723e-07,-0.0013563282334824762,7127.285478179262
1999-05-13,False,0.001034620325168909,7.699734240404488e-07,0.0010338503517448685,7134.654024777864
1999-05-14,False,-0.006098563554999779,7.946065510527484e-07,-0.006099358161550832,7091.137214521993
1999-05-17,False,-0.00024316939927688784,2.738630738137599e-07,-0.0002434432623507016,7089.410924944713
1999-05-18,False,-0.0013039097760986277,4.19692710361394e-07,-0.0013043294688089891,7080.163997358812
1999-05-19,False,-0.002630545191782486,1.1122963280065373e-06,-0.0026316574881104925,7061.531430758112
1999-05-20,False,0.0029828755885636543,4.956674171884973e-07,0.002982379921146466,7082.591600309749
1999-05-21,False,0.0011922707455894407,6.26394457464749e-07,0.0011916443511319759,7091.031530581633
1999-05-24,False,0.000779769929356449,9.326444303589948e-07,0.00077883728492609,7096.554290326236
1999-05-25,False,-0.0024209095008727688,4.993907296165085e-07,-0.002421408891602385,7079.3706306679005
1999-05-26,False,-0.002614109372323771,9.531766032794265e-07,-0.0026150625489270505,7060.857633661668
1999-05-27,False,-0.002156278681199412,4.2690392615239715e-07,-0.0021567055851255644,7045.629442567373
1999-05-28,False,-0.0011877316767399421,1.039859429902354e-06,-0.0011887715361698446,7037.253798831649
1999-06-01,False,-0.007542369629103235,1.6983692226822666e-07,-0.007542539466025503,6984.175034321523
1999-06-02,False,-0.0009617387055344619,3.467103271521388e-07,-0.000962085415861614,6977.455661379177
1999-06-03,False,-0.0025383283168117915,1.079593548423366e-06,-0.0025394079103602148,6959.737055278482
1999-06-04,False,0.0004938418494037542,2.611516488546656e-07,0.0004935806977548995,6963.172247150417
1999-06-07,False,-0.00011836521298640649,2.2529913208201025e-07,-0.0001185905121184885,6962.346480987659
1999-06-08,False,-0.00478855897314536,1.24991288096879e-06,-0.004789808886026329,6928.99817194543
1999-06-09,False,-0.0024078712769435642,3.4547707715484877e-07,-0.002408216754020719,6912.311642459173
1999-06-10,False,-0.006768601592467578,2.5272613683157696e-06,-0.006771128853835894,6865.507489650212
1999-06-11,False,0.00020230964123722946,2.6365084930268512e-06,0.0001996731327442026,6866.87834703855
1999-06-14,False,0.0022400520321038692,2.1233621236453614e-07,0.0022398396958915046,6882.259053747105
1999-06-15,False,0.0014048048322438474,5.334498017667416e-07,0.0014042713824420805,6891.923613182835
1999-06-16,False,0.000126150759051659,8.568826385789291e-07,0.00012529387641308006,6892.787129008274
1999-06-17,False,-0.0018686523288441229,1.755705686978845e-06,-0.0018704080345311018,6879.894804581864
1999-06-18,False,-0.004071312255432592,1.4004830947484255e-06,-0.004072712738527341,6851.874969371515
1999-06-21,False,0.000408441924346458,7.04517905623217e-07,0.0004077374064408348,6854.668735100784
1999-06-22,False,0.0003178874432188128,9.10062795261693e-07,0.00031697738042355114,6856.841510040107
1999-06-23,False,0.0004076212334497339,7.079584191947291e-07,0.00040691327503053915,6859.631649875324
1999-06-24,False,0.0012312096314284194,5.260881957530467e-07,0.0012306835432326663,6868.073685659463
1999-06-25,False,-0.0011417928207186545,8.92386784036886e-07,-0.0011426852075026913,6860.225639454821
1999-06-28,False,0.0002120140023858999,4.472730575896394e-07,0.00021156672932831026,6861.6770349558155
1999-06-29,False,0.003169731700456308,5.557745891604238e-07,0.0031691759258671475,6883.422896626073
1999-06-30,False,-4.726682829592095e-06,1.9638681091339453e-06,-6.690550938726041e-06,6883.37684273455
1999-07-01,False,0.00685880234544271,1.574401103114173e-06,0.006857227944339596,6930.5777267719695
1999-07-02,False,0.004634599866702019,1.065959725415025e-06,0.004633533906976604,6962.690793663904
1999-07-06,False,-0.0011485896762728164,3.5855499383550676e-06,-0.0011521752262111714,6954.668553823675
1999-07-07,False,0.002235290664709042,1.2280398631731166e-06,0.0022340626248458693,6970.205718907963
1999-07-08,False,0.001616495553985301,2.09647203428448e-07,0.0016162859067818725,6981.471564178805
1999-07-09,False,0.0031709744336650106,9.916929613626308e-07,0.003169982740703648,7003.6027085419655
1999-07-12,False,-0.0014162553569390234,1.0340895415782148e-06,-0.0014172894464806016,6993.676576335806
1999-07-13,False,-0.000689141792841073,7.67209552445608e-07,-0.0006899090023935186,6988.851575905964
1999-07-14,False,-0.0007266997380502626,5.115324746693545e-07,-0.000727211270524932,6983.769204271938
1999-07-15,False,-6.13484866357755e-05,1.265739703913249e-06,-6.261422633968874e-05,6983.331920966278
1999-07-16,False,0.006024676487523115,6.829128815791786e-07,0.006023993574641536,7025.399467587768
1999-07-19,False,-0.006775004668508514,1.3147399243741004e-06,-0.006776319408432888,6977.793116823559
1999-07-20,False,-0.005122059425382333,1.1136945052069997e-06,-0.00512317311988754,6942.044674691313
1999-07-21,False,-0.002149490520938732,1.680363505269858e-06,-0.0021511708844440015,6927.111150308607
1999-07-22,False,-0.0024394698792418,7.020460951904922e-07,-0.0024401719253369907,6910.207808155935
1999-07-23,False,0.002184806956958995,8.399042675054647e-07,0.00218396705269149,6925.2994743362
1999-07-26,False,-0.0014239445807627418,1.0237819054900038e-06,-0.0014249683626682318,6915.431141683268
1999-07-27,False,0.004337608602835581,2.443387204581898e-07,0.004337364264115123,6945.4258855881535
1999-07-28,False,-0.0004257488284061788,3.47772868625737e-07,-0.00042609660127480457,6942.466463223898
1999-07-29,False,0.0005154799986637233,9.43600259828703e-07,0.0005145363984038946,6946.038614913925
1999-07-30,False,0.003909193696013071,4.599314453034853e-07,0.003908733764567768,6973.18883057803
1999-08-02,False,-0.0036486841243698986,8.934793364754751e-07,-0.003649577603706374,6947.739636795538
1999-08-03,False,0.0005533038351254351,4.136052602361912e-07,0.0005528902298651988,6951.58097416037
1999-08-04,False,-0.0019416836433632139,7.09430215151019e-07,-0.001942393073578365,6938.078271425742
1999-08-05,True,0.0377662428827557,0.0005,0.0372662428827557,7196.634381428264
1999-08-06,True,-0.0271930905479045,0.0,-0.0271930905479045,7000.935651053922
1999-08-09,True,-0.0334918824055901,0.0,-0.0334918824055901,6766.46113749972
1999-08-10,True,-0.0329052877826016,0.0,-0.0329052877826016,6543.808786500503
1999-08-11,True,0.1079757088077214,0.0,0.1079757088077214,7250.381178525089
1999-08-12,True,-0.0369667551772542,0.0,-0.0369667551772542,6982.35811255678
1999-08-13,True,0.1254273058934066,0.0,0.1254273058934066,7858.136479397747
1999-08-16,True,0.0076202014164013,0.0,0.0076202014164013,7918.017062128329
1999-08-17,True,0.0312958933070187,0.0,0.0312958933070187,8165.81847930785
1999-08-18,True,-0.0258495629905608,0.0,-0.0258495629905608,7954.735640157496
1999-08-19,True,-0.0501748910885194,0.0,-0.0501748910885194,7555.60764577463
1999-08-20,True,0.0475542586392555,0.0,0.0475542586392555,7914.908965938534
1999-08-23,True,0.0915326159536558,0.0,0.0915326159536558,8639.381288625933
1999-08-24,True,0.0236143179800231,0.0,0.0236143179800231,8843.394385526206
1999-08-25,True,0.069773032368835,0.0,0.069773032368835,9460.424828237901
1999-08-26,True,-0.0533863130067587,0.0,-0.0533863130067587,8955.367627180682
1999-08-27,True,-0.0184937449086852,0.0,-0.0184937449086852,8789.749342720104
1999-08-30,True,-0.0447791394240167,0.0,-0.0447791394240167,8396.151931400284
1999-08-31,True,0.0377993223813174,0.0,0.0377993223813174,8713.520785017803
1999-09-01,True,0.0098877718233271,0.0,0.0098877718233271,8799.678090317875
1999-09-02,True,-0.015603989236633,0.0,-0.015603989236633,8662.36800811072
1999-09-03,True,0.1428425117748642,0.0,0.1428425117748642,9899.722412307483
1999-09-07,False,0.0025507910970322366,0.0005010655239126603,0.002049725573119576,9920.014126502774
1999-09-08,False,0.0026140376688682716,1.9215808006230183e-07,0.002613845510788209,9945.94351089429
1999-09-09,False,0.007033191204619603,2.1659015991528224e-06,0.00703102530302045,10015.8736913818
1999-09-10,False,0.0014148269319751606,8.211636988490062e-07,0.0014140057682763116,10030.03619455574
1999-09-13,False,0.003445327794312218,9.524970364343383e-07,0.003444375297275784,10064.583403455048
1999-09-14,False,-0.0013278932430762543,5.119710650371978e-07,-0.0013284052141412915,10051.213558383739
1999-09-15,False,0.004118406529243372,7.903439540919017e-07,0.00411761618528928,10092.600598013538
1999-09-16,False,-0.003908582498229226,9.770868487331552e-07,-0.003909559585077959,10053.14297460721
1999-09-17,True,0.0849624888069964,0.0005,0.0844624888069964,10902.256450575107
1999-09-20,True,0.0098447172281838,0.0,0.0098447172281838,11009.58608248016
1999-09-21,True,-0.0846757597553804,0.0,-0.0846757597553804,10077.34101635389
1999-09-22,True,0.0485444267133659,0.0,0.0485444267133659,10566.539758787878
1999-09-23,True,-0.1325133556581476,0.0,-0.1325133556581476,9166.332117655662
1999-09-24,False,0.00660672293682595,0.0005024422388524502,0.006104280697973499,9222.285981872681
1999-09-27,False,0.010369654677048477,5.068265645588738e-06,0.010364586411402888,9317.871161842468
1999-09-28,False,0.02072228547451738,8.463406865673013e-06,0.020713822067651707,9510.879887138177
1999-09-29,False,0.005737789090760718,2.0694875594574335e-06,0.00573571960320126,9565.431627350528
1999-09-30,False,-0.006087443306721704,3.3515101282136225e-06,-0.006090794816849918,9507.170545973731
1999-10-01,False,0.011204929855002793,2.83602908223804e-06,0.011202093825920556,9613.670762448755
1999-10-04,False,0.0010677331584539411,2.806625466002244e-06,0.0010649265329879388,9623.908615523098
1999-10-05,False,0.00974652785100613,5.117511716672505e-06,0.009741410339289457,9717.65905841473
1999-10-06,False,-0.009449745128372402,2.1602807424714184e-06,-0.009451905409114874,9625.808664196566
1999-10-07,False,0.004470520991000626,1.992726339682463e-06,0.004468528264660944,9668.821862282748
1999-10-08,False,-0.003472082111110331,1.192125472341668e-06,-0.003473274236582673,9635.239392410373
1999-10-11,False,-0.004436765816750395,2.108275865207801e-06,-0.004438874092615603,9592.469777895254
1999-10-12,False,0.006177002541378182,1.3446636142738777e-06,0.006175657877763908,9651.709589446324
1999-10-13,False,0.001307699652996928,7.028299230317225e-07,0.0013069968230738963,9664.324343216962
1999-10-14,False,-0.003368854181755301,4.0823291353198066e-07,-0.003369262414668833,9631.762698444192
1999-10-15,False,-0.004228217073692665,2.0323493012981836e-06,-0.004230249422993963,9591.017939846683
1999-10-18,False,-0.0068606086442109014,9.772568243277825e-07,-0.006861585901035229,9525.208346374056
1999-10-19,False,-0.0022481438816224584,8.326947084077996e-07,-0.002248976576330866,9503.78637591839
1999-10-20,False,-0.00150776307579217,1.0992450930933373e-06,-0.0015088623208852632,9489.446470750023
1999-10-21,False,-0.004194524585078299,1.5630645075310202e-06,-0.00419608764958583,9449.627921612704
1999-10-22,False,0.0017101243267040303,9.816338962101573e-07,0.00170914269280782,9465.778684124682
1999-10-25,False,-0.0010222317835583044,5.2782549168239876e-08,-0.0010222845661074726,9456.101964669711
1999-10-26,False,-0.007709293922239408,1.8222702699804416e-06,-0.007711116192509388,9383.184863691928
1999-10-27,False,-0.007724239396113467,1.9919654448454365e-06,-0.007726231361558312,9310.68820652677
1999-10-28,False,0.0003950792464872596,3.756029278530734e-06,0.0003913232172087289,9314.331694990176
1999-10-29,False,0.003834777571689313,2.320232021564131e-06,0.003832457339667749,9350.028473858743
1999-11-01,False,-0.0073070058924256664,3.1260961311185555e-06,-0.007310131988556785,9281.678531618072
1999-11-02,True,0.0119697123654553,0.0005,0.0114697123654553,9388.136714644352
1999-11-03,True,0.0520051273426305,0.0,0.0520051273426305,9876.367959999456
1999-11-04,True,0.0338940785772646,0.0,0.0338940785772646,10211.118351693656
1999-11-05,True,0.0581470861041237,0.0,0.0581470861041237,10804.865129708985
1999-11-08,True,0.0330591681931536,0.0,0.0330591681931536,11162.064983336375
1999-11-09,True,-0.0246511024583253,0.0,-0.0246511024583253,10886.907775785667
1999-11-10,True,0.0367202275585736,0.0,0.0367202275585736,11286.67750672172
1999-11-11,True,0.0557552795998171,0.0,0.0557552795998171,11915.969366861957
1999-11-12,True,0.0409383792259323,0.0,0.0409383792259323,12403.789839647145
1999-11-15,True,-0.0137655061953122,0.0,-0.0137655061953122,12233.04539376413
1999-11-16,True,0.0669344033707155,0.0,0.0669344033707155,13051.856988602614
1999-11-17,True,-0.0293629059633992,0.0,-0.0293629059633992,12668.61653919854
1999-11-18,True,0.0943621925982891,0.0,0.0943621925982891,13864.054973024266
1999-11-19,True,0.0250985368896678,0.0,0.0250985368896678,14212.0224682051
1999-11-22,True,0.0203486966926614,0.0,0.0203486966926614,14501.218602799894
1999-11-23,True,-0.0492430122631097,0.0,-0.0492430122631097,13787.134917312183
1999-11-24,True,0.108523684780413,0.0,0.108523684780413,15283.365601103595
1999-11-26,True,0.0075926774159273,0.0,0.0075926774159273,15399.407265942456
1999-11-29,True,-0.0516191594689688,0.0,-0.0516191594689688,14604.502806554176
1999-11-30,True,-0.0947523332014056,0.0,-0.0947523332014056,13220.692090386692
1999-12-01,True,0.0306895468114885,0.0,0.0306895468114885,13626.42913917489
1999-12-02,True,0.1110680146018784,0.0,0.1110680146018784,15139.889569776225
1999-12-03,True,0.0614475232846821,0.0,0.0614475232846821,16070.198286642566
1999-12-06,True,0.017481082666797,0.0,0.017481082666797,16351.122751363186
1999-12-07,True,0.0129304941950565,0.0,0.0129304941950565,16562.550849182342
1999-12-08,True,-0.038598318294495,0.0,-0.038598318294495,15923.264239736845
1999-12-09,True,0.0030387265381953,0.0,0.0030387265381953,15971.65068535683
1999-12-10,True,0.0336441353361647,0.0,0.0336441353361647,16509.00306255692
1999-12-13,True,0.0363815285850688,0.0,0.0363815285850688,17109.625829388326
1999-12-14,True,-0.0696956777627147,0.0,-0.0696956777627147,15917.158860942656
1999-12-15,True,0.0678663556669388,0.0,0.0678663556669388,16997.398425406558
1999-12-16,True,0.0860255266133733,0.0,0.0860255266133733,18459.60857600948
1999-12-17,True,0.0245729418331151,0.0,0.0245729418331151,18913.215463809833
1999-12-20,True,0.0266840737299727,0.0,0.0266840737299727,19417.897099716996
1999-12-21,True,0.1223485731819843,0.0,0.1223485731819843,21793.64910406196
1999-12-22,True,0.0284691135016066,0.0,0.0284691135016066,22414.09497401969
1999-12-23,True,0.0233411038734452,0.0,0.0233411038734452,22937.26469303755
1999-12-27,True,0.0066460811276172,0.0,0.0066460811276172,23089.707615033105
1999-12-28,True,-0.0157017483273887,0.0,-0.0157017483273887,22727.158837108866
1999-12-29,True,0.0917316786215433,0.0,0.0917316786215433,24811.959267535305
1999-12-30,True,-0.0051083527091798,0.0,-0.0051083527091798,24685.21102819093
1999-12-31,True,0.0194504282106796,0.0,0.0194504282106796,25165.34895316023
2000-01-03,True,0.0666974437749585,0.0,0.0666974437749585,26843.81340004085
2000-01-04,True,-0.1936182506362419,0.0,-0.1936182506362419,21646.36120911923
2000-01-05,True,-0.033129631308714,0.0,-0.033129631308714,20929.22524308586
2000-01-06,False,-0.002147636641148344,0.0005006905702923843,-0.0026483272114407284,20873.797806360224
2000-01-07,False,0.00031989620064768604,1.99601085048709e-06,0.00031790018979719893,20880.433590644654
2000-01-10,False,-0.0016772029119227658,2.3325837361057313e-07,-0.0016774361702963764,20845.407996088234
2000-01-11,False,0.002158779316101669,1.183240702708116e-06,0.002157596075398961,20890.383966570684
2000-01-12,False,0.0012726178982019143,5.921434446203855e-07,0.001272025754757294,20916.957073002934
2000-01-13,False,-0.001559736555639859,1.0950852852777e-06,-0.0015608316409251367,20884.309224571516
2000-01-14,False,0.006234051738177715,1.6921093464247888e-06,0.006232359628831291,21014.467750258766
2000-01-18,False,0.005844397510661015,1.4630757846083863e-06,0.005842934434876406,21137.253907507355
2000-01-19,False,0.0007283095704614372,9.98990687265236e-07,0.0007273105797741719,21152.627255901658
2000-01-20,False,-0.001278607589596228,4.7178838620302865e-07,-0.001279079377982431,21125.571366588487
2000-01-21,False,0.0012164301049201942,6.098531387956907e-07,0.0012158202517813985,21151.256264086438
2000-01-24,False,-0.003243734319379732,1.5978940906706819e-06,-0.003245332213470403,21082.61341077723
2000-01-25,False,-0.00017823136494209382,4.913924907000711e-07,-0.0001787227574327939,21078.845467974566
2000-01-26,False,-0.0026707140520463926,7.748543961495352e-07,-0.002671488906442542,21022.53356614626
2000-01-27,False,-0.0002681166786813657,2.8309534903162017e-07,-0.00026839977403039734,21016.89112288756
2000-01-28,False,-0.0013994138486037773,1.331961657488681e-06,-0.001400745810261266,20987.451800702456
2000-01-31,False,-0.002466397069172094,1.6007265601717253e-06,-0.002467997795732266,20935.654815920283
2000-02-01,False,-0.000666540499013072,4.439164417348041e-07,-0.0006669844154548069,20921.691060430723
2000-02-02,False,0.00012042010208094106,1.5082917387151812e-06,0.00011891181034222588,20924.17889659014
2000-02-03,False,-0.0002092019233722609,8.640489122725137e-07,-0.0002100659722845334,20919.783438605973
2000-02-04,False,0.01294463814282963,2.831539337651998e-06,0.012941806603491977,21190.52323005534
2000-02-07,False,0.020354527689602313,7.268995997659706e-06,0.020347258693604653,21621.692288070113
2000-02-08,False,-0.020591270980609755,5.45058428496005e-06,-0.020596721564894716,21176.356312250904
2000-02-09,False,0.016079711508341563,4.1977542359579595e-06,0.016075513754105604,21516.777119410333
2000-02-10,False,0.0032154954857753684,1.3530666393665736e-06,0.0032141424191360016,21585.935105472923
2000-02-11,False,0.0025452599311794884,9.192192675670647e-07,0.0025443407119119213,21640.857078966466
2000-02-14,False,0.00010641083533311495,1.7055656573544133e-06,0.00010470526967576054,21643.12299074293
2000-02-15,False,-0.004567816838697943,1.464091649773472e-06,-0.004569280930347717,21544.22948158816
2000-02-16,False,0.00013745649158959476,1.0069521726222414e-06,0.0001364495394169725,21547.169181778016
2000-02-17,False,-0.0001540416869635552,1.262872391037187e-06,-0.0001553045593545924,21543.822808162902
2000-02-18,False,2.128007691895844e-05,6.626566455942007e-07,2.061742027336424e-05,21544.26698621203
2000-02-22,False,-0.005638205659418735,2.336807793020451e-06,-0.0056405424672117555,21422.74563335135
2000-02-23,False,0.0017056414883103467,1.5297838225257626e-06,0.001704111704487821,21459.25238492741
2000-02-24,False,-0.0016408934019712482,1.5252357824979413e-06,-0.0016424186377537462,21424.007308858145
2000-02-25,False,-0.0003150674105067361,2.6008419106948456e-06,-0.000317668252417431,21417.20158189656
2000-02-28,False,-0.0004998125530380921,1.3456413272669583e-06,-0.000501158194365359,21406.46817582342
2000-02-29,False,0.0041768349759671326,1.3410344585573774e-07,0.004176700872521277,21495.876590130978
2000-03-01,False,0.0019679750102272755,7.548259284976128e-07,0.001967220184298778,21538.163712438283
2000-03-02,False,-0.002599371329579627,1.279783743029561e-06,-0.0026006511133226566,21482.150463000606
2000-03-03,False,-0.0030613834669577043,6.774540956338282e-07,-0.003062060921053338,21416.370809567663
2000-03-06,False,0.0019846851032354128,6.545866677192397e-07,0.0019840305165676935,21458.861542807976
2000-03-07,False,0.003704815293568949,5.222625647347684e-07,0.003704293031004214,21538.351454074287
2000-03-08,False,-0.004903879461860532,2.4781727501422824e-06,-0.004906357634610675,21432.676598980663
2000-03-09,False,-0.003297335476210835,8.632906461721046e-07,-0.003298198766857007,21361.987371451458
2000-03-10,False,-0.0016673614565978908,1.3203964162129822e-07,-0.001667493496239512,21326.366396442816
2000-03-13,False,-0.0012656250520793185,8.150940948263158e-07,-0.0012664401461741448,21299.35782986634
2000-03-14,False,-0.004152067117193515,1.0257099998049745e-06,-0.00415309282719332,21210.899619639298
2000-03-15,False,-0.0006343748570443406,6.046544347298871e-07,-0.0006349795114790705,21197.43113296079
2000-03-16,False,-0.004116097843990593,1.0189810884650847e-06,-0.004117116825079058,21110.158832594825
2000-03-17,False,-0.005472900582401547,1.4120857739311765e-06,-0.005474312668175479,20994.595222670356
2000-03-20,False,-0.00017986581458920032,1.1435613851685233e-06,-0.00018100937597436884,20990.795004090265
2000-03-21,False,0.001455320511415668,6.731336229290064e-07,0.001454647377792739,21021.32920900075
2000-03-22,False,0.0033657779484853084,9.819542761127926e-07,0.0033647959942091957,21092.061693316147
2000-03-23,False,-0.007304447349165954,1.2263658160618918e-06,-0.007305673714982016,20937.969972608505
2000-03-24,False,0.0007976896258116199,8.630299656477158e-07,0.0007968265958459722,20954.653903945706
2000-03-27,False,-0.00026261347680369513,4.888973038213867e-07,-0.00026310237410751653,20949.140684754977
2000-03-28,False,-0.003782524150259444,1.4305094906332806e-06,-0.0037839546597500774,20869.870086243136
2000-03-29,False,-0.0020242211249960774,3.3805448452832457e-07,-0.0020245591794806057,20827.617799185464
2000-03-30,False,-0.007404565711614908,2.069489574720071e-06,-0.007406635201189627,20673.35523203709
2000-03-31,False,0.004659121101421606,4.5250829688277264e-07,0.004658668593124723,20769.665542771094
2000-04-03,False,-0.0024102233060644403,1.5821093524900493e-06,-0.0024118054154169304,20719.57315093864
2000-04-04,False,-0.0037164773183842154,1.991321146811692e-06,-0.003718468639531027,20642.528067952404
2000-04-05,False,0.005686779519065425,1.7186892662144626e-06,0.00568506082979921,20759.882095699548
2000-04-06,False,-0.001453003394571035,9.171427027575424e-07,-0.0014539205372737926,20729.69887676923
2000-04-07,False,0.0008884686491541107,6.641546942349891e-07,0.0008878044944598757,20748.102796600826
2000-04-10,False,-0.0005065012438556215,1.901546261570783e-06,-0.0005084027901171923,20737.554403249393
2000-04-11,False,-0.001162818791214792,4.514399594943153e-07,-0.0011632702311742862,20713.43102354474
2000-04-12,False,0.0006454070014701522,2.2643041020340705e-06,0.0006431426973681181,20726.75271544497
2000-04-13,False,0.0009472470427430698,6.006388870476859e-07,0.0009466464038560222,20746.37362136666
2000-04-14,False,-5.089060266956028e-05,8.565618238358524e-07,-5.1747164493396136e-05,20745.300055358235
2000-04-17,False,0.0012044068593406489,1.3592950458328341e-06,0.001203047564294816,20770.2576380604
2000-04-18,False,-0.00025808324980042003,6.265088997529228e-07,-0.000258709758700173,20764.88416971872
2000-04-19,False,0.0046612824439085515,7.529432448865892e-07,0.004660529500663665,20861.659524969557
2000-04-20,False,-0.0015390753669712164,6.356701332339843e-07,-0.0015397110371044504,20829.538597546645
2000-04-24,False,0.00028470899470895843,9.752073585114763e-08,0.0002846114739731073,20835.466923229073
2000-04-25,False,-0.00235008797182936,5.836470849781422e-07,-0.002350671618914338,20786.489582465812
2000-04-26,False,-0.0055435458281755485,1.0523232071779215e-06,-0.005544598151382726,20671.236850753136
2000-04-27,False,8.257328395317332e-05,1.1311443837014045e-06,8.144213956947192e-05,20672.92036050981
2000-04-28,False,0.0014690920883029038,8.199519907346881e-07,0.001468272136312169,20703.273833451345
2000-05-01,False,-0.0015621507239997401,2.5811616771272137e-07,-0.001562408840167453,20670.926855393554
2000-05-02,False,0.0029415062151461314,1.0666115197278946e-06,0.0029404396036264036,20731.708467362816
2000-05-03,False,-0.003088693215879857,6.047637626950125e-07,-0.003089297979642552,20667.66204228005
2000-05-04,False,0.007465273074169575,1.7285119080946155e-06,0.00746354456226148,20821.91605893037
2000-05-05,False,-0.002085285959458675,7.929772268022716e-07,-0.0020860789366854773,20778.479898418405
2000-05-08,False,0.0015407091450023818,2.537638712661633e-06,0.00153817150628972,20810.440764142164
2000-05-09,False,-0.0001694855812344693,9.341187798182354e-07,-0.00017041970001428755,20806.894255069972
2000-05-10,False,0.0035677148501496313,1.862302858788717e-07,0.0035675286198637523,20881.123445815414
2000-05-11,False,0.005259001305780539,1.923384699722544e-06,0.005257077921080816,20990.897138849774
2000-05-12,False,-0.004384323581884407,6.707942046526444e-07,-0.00438499437608906,20898.852172946852
2000-05-15,False,0.0023387260520158723,1.408584697601939e-06,0.0023373174673182702,20947.699425177583
2000-05-16,False,0.003812481871493669,3.632016550255829e-07,0.003812118669838643,21027.554541246467
2000-05-17,False,0.001322844814533192,2.3580731660511335e-06,0.001320486741367141,21055.32114822156
2000-05-18,False,0.0024404497471439512,1.8271326833143586e-06,0.002438622614460637,21106.667130528345
2000-05-19,False,-0.0006540385719413433,9.316028755574635e-07,-0.0006549701748169007,21092.84289306806
2000-05-22,False,-0.0013798644600507004,1.6456266650745205e-06,-0.0013815100867157748,21063.702917853774
2000-05-23,False,0.0013000572701405567,5.709148995773905e-07,0.0012994863552409793,21091.074912386375
2000-05-24,False,0.0052494983675332825,2.120618090871593e-06,0.005247377749442411,21201.747749593455
2000-05-25,False,0.002370478775104167,6.094060611199076e-07,0.002369869369043047,21251.993122155392
2000-05-26,False,-0.006524385387305802,1.5948262463421487e-06,-0.006525980213552144,21113.303035541663
2000-05-30,False,0.0029900009036114977,8.263685695749229e-07,0.002989174535041923,21176.414383326126
2000-05-31,False,-0.00046796311593643586,1.6765824787763617e-06,-0.0004696396984152122,21166.469098461625
2000-06-01,False,0.003789854691519793,2.9646938309915716e-07,0.0037895582221366938,21246.680665467306
2000-06-02,False,0.008666159375430867,3.895494373588215e-06,0.008662263881057279,21430.72501998814
2000-06-05,False,0.001404674418319294,8.312780613592418e-07,0.0014038431402579347,21460.8103962982
2000-06-06,False,0.003199012085219476,2.4864864465472396e-06,0.0031965255987729288,21529.41042610038
2000-06-07,False,-0.006135161261915702,1.4740975803431145e-06,-0.006136635359496045,21397.292284810468
2000-06-08,False,0.004410616315515909,7.318747007565713e-07,0.004409884440815153,21491.651871132828
2000-06-09,False,0.0012799308419780022,1.2151229197019108e-06,0.0012787157190583002,21519.133584208976
2000-06-12,False,0.002992169531272699,5.54645484800942e-07,0.002991614885787898,21583.51054456875
2000-06-13,False,0.008926098636534246,2.5278027950953465e-06,0.008923570833739151,21776.11252975397
2000-06-14,False,-0.0034678394693225443,1.918421061697012e-06,-0.003469757890384241,21700.554691481957
2000-06-15,False,0.00023332229553206722,2.2716737937425458e-07,0.00023309512815269297,21705.612985058753
2000-06-16,False,-0.00037725588844397573,2.339673340804191e-06,-0.0003795955617847799,21697.37363070381
2000-06-19,False,-0.005741903099445607,1.4670078164113892e-06,-0.005743370107262018,21572.75758358713
2000-06-20,False,0.0014237257424924831,4.6371883447601794e-07,0.0014232620236580072,21603.46127020143
2000-06-21,False,0.0018482237590885184,1.352795770866999e-06,0.0018468709633176514,21643.360075528526
2000-06-22,False,0.0046632674577976605,9.357913225102182e-07,0.00466233166647515,21744.268598577586
2000-06-23,False,-0.001507598155713211,1.0628687382350789e-06,-0.001508661024451446,21711.46386803771
2000-06-26,False,-0.000204399238725928,9.892921497568762e-07,-0.00020538853087568486,21707.004582370693
2000-06-27,False,-0.0004886619279525445,8.148347252953659e-08,-0.0004887434114250741,21696.395426899286
2000-06-28,False,0.004291015470317764,1.7412003059893155e-06,0.004289274270011775,21789.45721755589
2000-06-29,False,0.006863669187628682,6.217873924285745e-07,0.006863047400236254,21938.999295265392
2000-06-30,False,0.0010426482533639565,1.0955969018108664e-06,0.0010415526564621456,21961.8499182615
2000-07-03,False,0.0012345385349229827,4.969850136995191e-07,0.0012340415499092832,21988.951753573507
2000-07-05,False,-0.003218607192174075,7.710471659247293e-07,-0.00321937823934,21918.16100079215
2000-07-06,False,-0.00422756296191048,4.328599739353706e-07,-0.004227995821884416,21825.491107657417
2000-07-07,False,-0.0004928511485969341,1.120287943263451e-06,-0.0004939714365401976,21814.709938461772
2000-07-10,False,-0.0014422874501209494,1.0544729447412027e-06,-0.0014433419230656906,21783.22385306807
2000-07-11,False,-3.885214030549389e-05,1.0465160161046843e-06,-3.9898656321598574e-05,21782.35473170598
2000-07-12,False,-0.0020269428839858046,1.3763817723220078e-06,-0.0020283192657581267,21738.173161950082
2000-07-13,False,0.006371392525726907,9.652843734035964e-07,0.006370427241353504,21876.654612438226
2000-07-14,False,-0.004284802015840072,3.8670204697482947e-07,-0.004285188717887047,21782.909018907892
2000-07-17,False,0.0007468207595556978,1.1803377373364454e-06,0.0007456404218183614,21799.151236377184
2000-07-18,False,0.0037587483386580926,1.0745031566022079e-06,0.0037576738355014905,21881.065336614258
2000-07-19,False,-0.005536029106434376,1.179011282561593e-06,-0.005537208117716937,21759.90532400806
2000-07-20,False,0.0010457242922014094,1.2919957360691681e-06,0.0010444322964653402,21782.63207189648
2000-07-21,False,-0.0036816190362548118,1.1991449555196626e-06,-0.0036828181812103315,21702.410598467486
2000-07-24,False,-0.00205455784762641,6.2886573308929e-07,-0.002055186713359499,21657.808092557643
2000-07-25,False,0.0003386679313599423,1.0528718451084662e-07,0.00033856264417543146,21665.140617332505
2000-07-26,False,0.0005805220824276519,3.7469546726912053e-07,0.0005801473869603828,21677.70959204978
2000-07-27,False,0.003488620166761948,7.326739510849084e-07,0.003487887492810863,21753.319004208675
2000-07-28,False,-0.0013031154899543391,8.287480002444059e-07,-0.0013039442379545836,21724.95388923675
2000-07-31,False,-0.002004797216133151,1.052204533748491e-06,-0.0020058494206668994,21681.376903064007
2000-08-01,False,0.006590127411211,1.1937782804956332e-06,0.006588933632930504,21824.23405654885
2000-08-02,False,0.0041644821212282945,1.2241550081502627e-06,0.004163257966220144,21915.09397284143
2000-08-03,False,0.0011015593536733194,1.4454334011928665e-06,0.0011001139202721265,21939.203072785025
2000-08-04,False,0.0023423222087942852,1.3275970436634061e-06,0.002340994611750622,21990.56262896452
2000-08-07,False,-0.004298020273465978,4.94120360415587e-07,-0.004298514393826393,21896.03587897557
2000-08-08,False,0.003237061897092519,8.178422777427864e-07,0.003236244054814776,21966.896794912915
2000-08-09,False,0.002540099481644598,1.3565376790704575e-06,0.0025387429439655274,22022.66509915182
2000-08-10,False,0.0034756141738625846,7.149128763633828e-07,0.0034748992609862214,22099.191641829817
2000-08-11,False,-0.0002446326963728141,4.401489854360535e-07,-0.0002450728453582502,22093.775730054032
2000-08-14,False,0.004462769560906673,9.301056730162683e-07,0.004461839455233657,22192.354610321472
2000-08-15,False,-0.0043899174970112404,7.28210534665763e-07,-0.004390645707545906,22094.91584381133
2000-08-16,False,0.0014527639467395291,8.77189396276512e-07,0.0014518867573432527,22126.99515952957
2000-08-17,False,0.002413295941137422,4.0124766083828035e-07,0.002412894693476584,22180.385268732578
2000-08-18,False,0.002801765979736861,1.5719680501064954e-06,0.0028001940116867546,22242.49465073899
2000-08-21,False,0.0023552458512835542,1.3891871475202185e-06,0.002353856664136034,22294.850294999644
2000-08-22,False,-0.0018006200687897143,4.615905208234794e-07,-0.0018010816593105378,22254.695449036244
2000-08-23,False,0.0036990544901663136,1.062892554163905e-06,0.0036979915976121497,22336.993125814195
2000-08-24,False,-0.0017560342684417368,4.5368304778288514e-07,-0.0017564879514895197,22297.7584665162
2000-08-25,False,0.003528621116662141,5.860356217735896e-07,0.0035280350810403672,22376.42574061463
2000-08-28,False,0.0005707069128353622,5.129227859477364e-07,0.0005701939900494145,22389.184644090714
2000-08-29,False,-0.0008703500234074784,3.5588686871973476e-07,-0.0008707059102761981,22369.690248694842
2000-08-30,False,0.0026047968625018962,1.4537471402598507e-06,0.002603343115361636,22427.92622779655
2000-08-31,False,0.0072867350676820266,1.3678222198115487e-06,0.007285367245462215,22591.32190692018
2000-09-01,False,0.0016864844617891846,3.5920120266161315e-07,0.001686125260586523,22629.413705457482
2000-09-05,False,-0.000385325005252852,1.1422151258002888e-06,-0.00038646722037865227,22620.668178843935
2000-09-06,False,0.004125734737731636,2.203287364494502e-06,0.004123531450367142,22713.945215507716
2000-09-07,False,-0.0012343578534804208,7.933722808857042e-07,-0.0012351512257613064,22685.890058232908
2000-09-08,False,-0.002037234758713379,8.688976887877981e-07,-0.002038103656402167,22639.653862756484
2000-09-11,False,0.0022869895677870306,1.0447790066799161e-06,0.0022859447887803508,22691.406861523847
2000-09-12,False,0.0021463376459248213,9.218007197214912e-07,0.0021454158452051,22740.089365354554
2000-09-13,False,-0.0015739992995967775,1.046629789841755e-06,-0.0015750459293866193,22704.272680165766
2000-09-14,False,0.001559239240778564,5.786724470788623e-07,0.001558660568331485,22739.660934724987
2000-09-15,False,0.0006468620985828792,6.834142421319884e-07,0.0006461786843407472,22754.354818910146
2000-09-18,False,0.0006238183745006959,1.3785346264390263e-07,0.000623680521038052,22768.546266779485
2000-09-19,False,-0.0008594201213248336,5.619563303525532e-07,-0.0008599820776551861,22748.965725055794
2000-09-20,False,-0.0024385197822878028,2.141021285612804e-07,-0.002438733884416364,22693.487051506672
2000-09-21,False,-0.005730688264823616,1.12228518036174e-06,-0.005731810550003978,22563.412283008467
2000-09-22,False,0.0008410847327019917,2.787835982501499e-06,0.0008382968967194902,22582.327121504717
2000-09-25,False,-0.0025503801817617685,4.2615020867360634e-07,-0.002550806331970442,22524.723978492555
2000-09-26,False,0.0007786470748511708,1.2787787951070023e-06,0.0007773682960560637,22542.23398479085
2000-09-27,False,0.0004346348513330015,7.129017651582858e-07,0.0004339219495678432,22552.015554909147
2000-09-28,True,0.1284539383220642,0.0005,0.1279539383220642,25437.634762260222
2000-09-29,False,0.00029564807731952803,0.0005017096132122942,-0.0002060615358927662,25432.393044171633
2000-10-02,False,0.0020618943030173936,1.1822466152696526e-06,0.002060712056402124,25484.80188314091
2000-10-03,False,-0.0004947082528340982,7.678312279175981e-07,-0.0004954760840620158,25472.174773300758
2000-10-04,False,-0.0013674442920702586,2.344413443810811e-07,-0.0013676787334146398,25437.337021569496
2000-10-05,False,-0.0002785813545879328,5.398586513719467e-07,-0.00027912121323930475,25430.236921198455
2000-10-06,False,0.0019483961951794722,5.774754831026629e-07,0.0019478187196963696,25479.770412719885
2000-10-09,False,0.004311375661375658,1.4335899781638267e-06,0.0043099420713974945,25589.586747191213
2000-10-10,False,0.0026919831471683337,5.897485489836929e-07,0.00269139339861935,25658.458392036002
2000-10-11,False,0.0070397989855157965,8.477531121955373e-07,0.007038951232403601,25839.0670293562
2000-10-12,False,0.008479310386378053,1.5734399168411128e-06,0.008477736946461213,26058.123842573063
2000-10-13,False,-0.00018768528173637635,4.2764202269229836e-07,-0.00018811292375906866,26053.22197270936
2000-10-16,False,-0.003699423589088689,4.592583811478812e-07,-0.003699882847469837,25956.828103611213
2000-10-17,False,-0.0006333311932100102,9.02184156520533e-07,-0.0006342333773665307,25940.365416857338
2000-10-18,False,0.004579836620021609,7.598262233742825e-07,0.004579076793798235,26059.148342160315
2000-10-19,False,-0.004738591269841252,7.935254041929186e-07,-0.004739384795245445,25935.644010730433
2000-10-20,False,0.0023798319573481294,5.437340115316963e-07,0.0023792882233365977,25997.35238308982
2000-10-23,False,0.006706647669236866,9.823040877068867e-07,0.00670566536514916,26171.681928550683
2000-10-24,False,-0.004217466078466317,3.892696278649105e-07,-0.004217855348094182,26061.293559959726
2000-10-25,False,-0.005254176509024641,1.2305938276827023e-06,-0.005255407102852324,25924.330852675193
2000-10-26,False,-0.0008383665310202438,1.398449965346743e-07,-0.0008385063760167785,25902.59313596126
2000-10-27,False,-0.007845745318871658,9.984985017909427e-07,-0.007846743817373448,25699.34212341771
2000-10-30,False,0.0025417609540657232,4.225527974759669e-07,0.002541338401268247,25764.652848443282
2000-10-31,False,-0.0003752021600030182,6.051838613670979e-07,-0.0003758073438643853,25754.970302690723
2000-11-01,False,0.0021612199115859172,2.666845356752157e-07,0.002160953227050242,25810.625588878906
2000-11-02,False,-0.00248468169272311,4.1859312187944586e-07,-0.0024851002858449897,25746.483595850143
2000-11-03,False,-0.003490138244586754,4.547760301760184e-07,-0.0034905930206169298,25656.61309990504
2000-11-06,False,0.0018277413639014167,7.812529934155405e-07,0.0018269601109080012,25703.48670861957
2000-11-07,False,0.00190713676362527,7.623566210567811e-07,0.0019063744070042133,25752.487177851657
2000-11-08,False,0.0008633423734933093,1.0244824158689437e-06,0.0008623178910774404,25774.694008284856
2000-11-09,False,0.00385083681034949,6.174827064725913e-07,0.0038502193276430175,25873.932233319643
2000-11-10,False,0.004518550367132159,1.2180710235406705e-06,0.004517332296108618,25990.813383024542
2000-11-13,False,0.0027762822166583004,7.668240439338003e-07,0.0027755153926143665,26062.951285635692
2000-11-14,False,0.004965669949476103,1.4286275820341865e-06,0.004964241321894068,26192.334065378353
2000-11-15,False,0.0058460837053906966,1.8432104863119054e-06,0.0058442404949043845,26345.4083647793
2000-11-16,False,0.003964833012193149,6.56675712477739e-07,0.003964176336480671,26449.846209193878
2000-11-17,False,0.0001291419327416549,1.1099996637077976e-06,0.0001280319330779471,26453.232634133656
2000-11-20,False,0.004555989652342342,7.937188829254677e-07,0.004555195933459417,26573.732291855515
2000-11-21,False,0.002528042328042325,8.431946469014545e-07,0.0025271991333954236,26640.889405074573
2000-11-22,False,0.0027243843293643156,4.554686857894674e-07,0.0027239288606785263,26713.457292599207
2000-11-24,False,0.0003743625673267731,6.606922336713922e-07,0.0003737018750931017,26723.440161679668
2000-11-27,False,-0.00035834287228567245,1.749236347662858e-06,-0.0003600921086333353,26713.817261761913
2000-11-28,False,0.0004965604845190343,1.4237197844338551e-06,0.0004951367647346005,26727.044254814613
2000-11-29,False,0.0029221338636627853,1.1828545633475045e-06,0.002920951009099438,26805.11264170096
2000-11-30,False,0.002280419134435919,1.27654083265015e-06,0.002279142593603269,26866.205315648993
2000-12-01,False,-0.004800363396163018,1.1956791282938528e-06,-0.004801559075291313,26737.205643696998
2000-12-04,False,0.0019692115536800066,5.966404826456967e-07,0.001968614913197361,26789.84090546441
2000-12-05,False,0.0020486020328599184,2.8502781001119026e-07,0.002048317005049907,26844.71499215365
2000-12-06,False,0.004640805975953796,2.8244193099094537e-07,0.004640523534022805,26969.288523838874
2000-12-07,False,0.004221056386273623,7.022477672021799e-07,0.004220354138506421,27083.10847227303
2000-12-08,False,-0.0032420462266486445,2.3077228096494984e-07,-0.0032422769989296093,26995.297532613862
2000-12-11,False,0.003526182277674924,2.697790054242713e-06,0.003523484487620681,27090.41504470873
2000-12-12,False,-0.002020389876921117,7.030220658448966e-07,-0.0020210928989869616,27035.66279923126
2000-12-13,False,-0.0009959169361928252,7.893582153205847e-07,-0.0009967062944081458,27008.71618394577
2000-12-14,False,-0.0034891960720987987,1.7562619302119998e-06,-0.0034909523340290105,26914.430043144297
2000-12-15,False,0.00605615878601816,1.2099790437800906e-06,0.00605494880697438,27077.395539224424
2000-12-18,False,0.0030232698015244283,7.920604207282827e-07,0.0030224777411037,27159.23636452879
2000-12-19,False,-0.0019395173896328847,8.047990957234242e-08,-0.001939597869542457,27106.55836753775
2000-12-20,False,0.0033109012962505673,1.606497926640693e-06,0.0033092947983239264,27196.26196014391
2000-12-21,False,0.0011967950393837314,3.0243721786854527e-07,0.001196492602165863,27228.80208638579
2000-12-22,False,0.00010121547038407918,7.884561077748514e-07,0.00010042701427630433,27231.53659368165
2000-12-26,False,0.0010452943130089944,5.035912134669917e-07,0.0010447907217955273,27259.987850454963
2000-12-27,False,0.0020802243573547156,9.561685879519027e-07,0.0020792681887667635,27316.66867601858
2000-12-28,False,-0.0023996694676630694,1.2702657718835497e-07,-0.0023997964942402577,27251.11423029555
2000-12-29,False,0.0030008193668356596,1.5910854345517617e-06,0.0029992282814011078,27332.846542794745
2001-01-02,False,-0.0033602650935124177,2.6607337695854495e-06,-0.003362925827282003,27240.928207222845
2001-01-03,False,-0.003971480915800228,1.0135400576174458e-06,-0.003972494455857845,27132.713770947226
2001-01-04,False,0.003013949780536162,7.234483259011549e-07,0.0030132263322102605,27214.47077854617
2001-01-05,False,0.0034692695842235208,4.864326681713049e-07,0.0034687831515553495,27308.871876261284
2001-01-08,False,-0.004592297612631602,1.8235559538909984e-06,-0.004594121168585493,27183.411609884366
2001-01-09,False,-0.0021941616523680958,3.906738377198599e-07,-0.0021945523262058156,27123.756190701682
2001-01-10,False,-0.0006396215314486372,6.52645787468778e-07,-0.000640274177236106,27106.38955002313
2001-01-11,False,-0.0021220462260072488,4.0050886064833815e-07,-0.002122446734867897,27048.857682028625
2001-01-12,False,-0.002960279908062442,5.777538498532714e-07,-0.0029608576619122953,26968.769864514816
2001-01-16,False,0.001683329143284693,6.012889137080452e-07,0.001682727854370985,27014.150964763954
2001-01-17,False,-0.0030431835960959626,1.6310998034829021e-06,-0.0030448146958994456,26931.897880909193
2001-01-18,False,0.0023480664085934757,5.257664376656091e-07,0.0023475406421558103,26995.121605755015
2001-01-19,False,0.002261894605326316,1.1356021658203153e-06,0.0022607590031604955,27056.15106996664
2001-01-22,False,-0.004485442914713657,4.439098488009663e-07,-0.004485886824562458,26934.780238358508
2001-01-23,False,-0.0050425968171860765,7.485433173132217e-08,-0.005042671671517808,26798.956985071978
2001-01-24,False,-0.0013686243386243416,4.5418421780397954e-07,-0.0013690785228421456,26762.267108629145
2001-01-25,False,0.001666957480151071,2.800049929199272e-07,0.001666677475158151,26806.871176403263
2001-01-26,False,0.0013062888183873994,7.263363918283972e-07,0.001305562481995571,26841.869221670862
2001-01-29,False,0.0007313857678829158,2.9168361927344595e-06,0.0007284689316901813,26861.42268946734
2001-01-30,False,-0.00230157421622028,1.0009838032615653e-06,-0.002302575200023542,26799.57224374522
2001-01-31,False,0.002381304162639888,1.354853904283429e-06,0.0023799493087356045,26863.35386718113
2001-02-01,False,0.005986901946389511,1.3805842530500157e-06,0.005985521362136461,27024.145045611775
2001-02-02,False,0.00045124914233784776,1.6923614662835151e-06,0.00044955678087156423,27036.293933264285
2001-02-05,False,-0.005697897670024266,9.550916260212816e-07,-0.005698852761650287,26882.218074917917
2001-02-06,False,-0.004803403139602556,1.1407208590900609e-06,-0.004804543860461646,26753.061279110476
2001-02-07,False,0.006804133251917042,2.103333099332791e-06,0.00680202991881771,26935.036402350946
2001-02-08,False,0.0021047089947089917,7.027361125315629e-07,0.00210400625859646,26991.707887517012
2001-02-09,False,0.0036024169881461224,1.76433909511442e-07,0.003602240554236611,27088.938512297536
2001-02-12,False,-0.005298565541913405,7.512347145919584e-07,-0.005299316776627996,26945.385645978273
2001-02-13,False,-0.0027596093986774154,2.524787952695312e-07,-0.002759861877472685,26871.020103360137
2001-02-14,False,-0.005532693855712557,1.238067539382673e-06,-0.00553393192325194,26722.31770739981
2001-02-15,False,-0.0031343772504214564,5.844356333499224e-07,-0.003134961686054806,26638.54426522453
2001-02-16,False,0.00637420846892546,2.2826067608483493e-07,0.006373980208249376,26808.337819147644
2001-02-20,False,-0.0002630191091368113,6.837451883948826e-07,-0.0002637028543252062,26801.268383945022
2001-02-21,False,-0.00011769170785274155,1.3326741777540395e-07,-0.00011782497527051695,26798.110525160468
2001-02-22,False,2.4708994708991765e-05,1.0881565342624188e-08,2.469811314364914e-05,26798.772387926252
2001-02-23,False,0.0065086980763155505,6.679706810481107e-07,0.006508030105634503,26973.179605420926
2001-02-26,False,0.004907248716563655,1.1683952944145925e-06,0.0049060803212692405,27105.512191085145
2001-02-27,False,-0.0015513191115844119,1.7804871178391802e-06,-0.001553099598702251,27063.414630978554
2001-02-28,False,0.0024286970576758867,9.3327787264752e-07,0.0024277637798032392,27129.11820877744
2001-03-01,False,0.0022157283742599405,4.380746165986299e-07,0.002215290299643342,27189.21708118322
2001-03-02,False,-0.0010434384285418245,5.807733080563093e-07,-0.0010440192018498808,27160.8310164672
2001-03-05,False,0.0035618899640987244,9.894938710281049e-07,0.0035609004702276963,27257.548032405513
2001-03-06,False,0.007983161992688689,2.5342642912078024e-06,0.007980627728397482,27475.080376041056
2001-03-07,False,0.0065589580492185,1.5715327080253332e-06,0.006557386516510475,27655.245097638952
2001-03-08,False,-0.000662645036015917,3.6980420958776517e-07,-0.0006630148402255048,27636.909259729146
2001-03-09,False,0.0008093239183575036,1.529105311229434e-06,0.0008077948130462741,27659.234211677784
2001-03-12,False,-0.011434629386922952,4.540124435936433e-06,-0.011439169511358888,27342.835542976023
2001-03-13,False,-0.001458434679063048,6.190770789841759e-07,-0.001459053756142032,27302.940876073466
2001-03-14,False,0.004613044290209502,7.792313230262915e-07,0.0046122650588864755,27428.869276281024
2001-03-15,False,0.0058762641153261574,1.5001407574778968e-06,0.00587476397456868,27590.00740936847
2001-03-16,False,0.004424701823172944,1.2669438473864592e-06,0.004423434879325558,27712.05001046392
2001-03-19,False,-0.0020755235561631864,7.285846852180533e-07,-0.0020762521408484043,27654.5128073024
2001-03-20,False,0.0024685175734523155,7.096677682182223e-07,0.0024678079056840974,27722.758832636104
2001-03-21,False,0.005415831185182549,1.4992418284873744e-06,0.005414331943354062,27872.85905134155
2001-03-22,False,0.005531842523637372,1.3886776334096628e-06,0.005530453846003962,28027.008611881167
2001-03-23,False,-0.0036733211651372444,2.1189148461894792e-07,-0.0036735330566218635,27924.050469267197
2001-03-26,False,-0.005235703472903472,4.3536353971346255e-07,-0.005236138836443185,27777.83626413427
2001-03-27,False,-0.005554450278849973,1.0817502410698093e-06,-0.005555532029091043,27623.51560507002
2001-03-28,False,-0.0001714641865776115,2.0645803572953704e-07,-0.00017167064461334105,27618.773458339616
2001-03-29,False,0.0015546125388331015,3.6865812298729486e-07,0.0015542438807101143,27661.699767979957
2001-03-30,False,0.004460392268861762,1.8694945804942908e-06,0.004458522774281268,27785.03008637083
2001-04-02,False,0.0009867429098761045,1.2316728022516433e-06,0.0009855112370738528,27812.41254574338
2001-04-03,False,0.0005177833607622348,5.79330592385921e-07,0.0005172040301698489,27826.797237600782
2001-04-04,False,1.9129262860316954e-05,2.990162036393823e-07,1.8830246656677573e-05,27827.32122305643
2001-04-05,False,-0.0001970052125264235,4.197722655210068e-07,-0.00019742498479194452,27821.82741458717
2001-04-06,False,0.0025139161714129786,4.872617478587776e-07,0.00251342890966512,27891.755599930704
2001-04-09,False,0.0008013508536773715,4.340956238644556e-07,0.000800916758053507,27914.094574402225
2001-04-10,False,-0.0026232750109819337,7.704673153369202e-07,-0.0026240454782972705,27840.8467207535
2001-04-11,False,-0.004175602576274777,1.0902855029090304e-06,-0.004176692861777686,27724.56405498908
2001-04-12,False,-0.005200908881083297,1.281513555049116e-06,-0.005202190394638346,27580.33559416668
2001-04-16,False,-0.001928229241635177,9.001666388682994e-07,-0.0019291294082740453,27527.129557681907
2001-04-17,False,0.008694318010432871,1.492526528049626e-06,0.008692825483904822,27766.418090999676
2001-04-18,False,-0.00017871826162989472,9.753879426992046e-07,-0.00017969364957259393,27761.428641997343
2001-04-19,False,-0.008671800197954221,1.991973967251162e-06,-0.008673792171921471,27520.631779561034
2001-04-20,False,-0.0027104825117722255,3.414012912529574e-07,-0.0027108239130634783,27446.028192830385
2001-04-23,False,0.008539094899396077,1.49901726607643e-06,0.008537595882130001,27680.351290110324
2001-04-24,False,0.00023760903843288769,6.533488813435795e-07,0.0002369556895515441,27686.9103068373
2001-04-25,False,-0.0026009177261589506,4.319642886230074e-07,-0.0026013496904475734,27614.88697128116
2001-04-26,False,0.0010792480881962156,4.319287071461453e-07,0.0010788161594890695,27644.678357588244
2001-04-27,False,-0.003366724681679209,8.640297304992328e-07,-0.003367588711409708,27551.58245082068
2001-04-30,False,0.00279316191347107,1.7672574161391037e-06,0.002791394656054931,27628.489790839754
2001-05-01,False,-0.0016705541141441157,9.882251979794754e-07,-0.0016715423393420953,27582.307600382286
2001-05-02,False,-0.00294843465530106,1.1369464363907843e-06,-0.002949571601737451,27500.95160917381
2001-05-03,False,0.004953267203376128,8.834130187047457e-07,0.004952383790357424,27637.146876142484
2001-05-04,False,0.0002978788432814105,2.5519576631964636e-07,0.0002976236475150908,27645.372344602674
2001-05-07,False,-0.00037641638102940965,8.95269904567092e-08,-0.00037650590801986634,27634.96369858552
2001-05-08,False,0.005367926187896136,8.898775675505039e-07,0.005367036310328585,27783.281552190445
2001-05-09,False,0.0018073606292392144,3.033240582246133e-07,0.0018070573051809898,27833.48753408123
2001-05-10,False,-0.0004026295014595599,6.935102255173908e-07,-0.0004033230116850773,27822.261648063282
2001-05-11,False,-0.0062619791037493685,7.943709345259037e-07,-0.006262773474683895,27648.017125808077
2001-05-14,False,0.0066303863207604445,2.385516329479226e-06,0.006628000804430966,27831.268205558856
2001-05-15,False,-0.0026049323322540167,1.7721459693338659e-07,-0.00260510954685095,27758.76470305558
2001-05-16,False,-0.0014396510823447984,6.326355941270179e-07,-0.0014402837179389254,27718.784206223674
2001-05-17,False,0.0005897077045672422,1.0087063588223866e-07,0.00058960683393136,27735.12739081993
2001-05-18,False,0.02459273551688219,6.871046700578143e-06,0.02458586447018161,28417.019473913846
2001-05-21,False,-0.0023332222903467304,2.5954632227606912e-06,-0.002335817753569491,28350.642495323147
2001-05-22,False,-0.0085116913367534,4.330759197796588e-06,-0.008516022095951196,28109.207797398565
2001-05-23,False,0.002281375661375658,7.613670920841448e-07,0.002280614294283574,28173.314058502296
2001-05-24,False,-0.004507049170503015,7.519182918184347e-07,-0.004507801088794834,28046.314362714424
2001-05-25,False,0.0003911313294153232,8.965421254594764e-08,0.0003910416752027773,28057.281640466084
2001-05-29,False,-0.012083223985075822,4.590137611125228e-06,-0.012087814122686946,27718.13043520825
2001-05-30,False,-0.00031183214171099147,1.0299732913592042e-07,-0.0003119351390401274,27709.48417633701
2001-05-31,False,0.004906182572048694,1.1092641077617704e-06,0.0049050733079409325,27845.401227547176
2001-06-01,False,-0.0009810077518239574,1.324464684818838e-06,-0.0009823322165087762,27818.04779283974
2001-06-04,False,0.0009550313484526851,4.1709643508702764e-07,0.000954614252017598,27844.60329772609
2001-06-05,False,0.0032176561154232983,1.0261251412030382e-07,0.003217553502909178,27934.194798603807
2001-06-06,False,-0.0009052910052910083,2.9938920013479475e-07,-0.0009055903944911432,27908.897860116344
2001-06-07,False,-0.0014735630421069082,2.4330686571083506e-07,-0.001473806348972619,27867.765549257274
2001-06-08,False,0.0012703148301964635,7.210341442624308e-07,0.001269593796052201,27903.146291508452
2001-06-11,False,0.006815128018474242,1.273638006053665e-06,0.0068138543804681885,28093.27426709569
2001-06-12,False,0.0007799759130880389,3.297474013786023e-07,0.0007796461656866603,28115.177080659614
2001-06-13,False,-0.0005119576719576415,1.6809311123160141e-07,-0.000512125765068873,28100.778574087133
2001-06-14,False,0.0005531642427379336,2.1358210424186898e-07,0.0005529506606336917,28116.316918163997
2001-06-15,False,0.001859794929809643,7.436511397457963e-07,0.0018590512786698973,28168.586593082193
2001-06-18,False,-0.0023747969012982207,4.536110839802737e-07,-0.002375250512382201,28101.679143343892
2001-06-19,False,0.003389771534559533,4.1245353838642584e-07,0.0033893590810211466,28196.925824740327
2001-06-20,False,0.000533123861256801,9.14507249580171e-08,0.000533032410531843,28211.95570008228
2001-06-21,False,-0.0006899453974676116,3.802714669704915e-07,-0.0006903256689345821,28192.480262891666
2001-06-22,False,0.0019650243094235646,5.72952004511712e-07,0.001964451357419053,28247.863019013115
2001-06-25,False,-0.0025978457752312873,1.6503883862893781e-06,-0.0025994961636175767,28174.4328074648
2001-06-26,False,-0.00219756083024444,1.0461749797591874e-06,-0.002198607005224199,28112.48830212609
2001-06-27,False,-0.0006292921212573462,2.0057809332077458e-07,-0.000629492699350667,28094.791695979322
2001-06-28,False,0.0029301989533871086,1.891092231291941e-06,0.0029283078611558166,28177.061895360188
2001-06-29,False,-0.004306261005516398,1.077653138827947e-06,-0.004307338658655226,28055.693747370984
2001-07-02,False,-0.0027216194728710685,1.073219206842238e-06,-0.0027226926920779107,27979.30671503384
2001-07-03,False,-0.004812094100128842,3.9153508699397986e-07,-0.004812485635215836,27844.65670338444
2001-07-05,False,0.0015949974696845223,8.411587756005784e-07,0.0015941563109089217,27889.045438593235
2001-07-06,False,0.00010463231876045702,1.0539951045083208e-06,0.0001035783236559487,27891.934139168134
2001-07-09,False,-0.0005934465788927835,4.747072835979832e-07,-0.0005939212861763815,27875.36852577025
2001-07-10,False,-0.0031972893458931625,1.5604409569309612e-06,-0.0031988497868500935,27786.199409103217
2001-07-11,False,-0.0025916748269832436,7.09894009938164e-07,-0.002592384720993182,27714.16689030059
2001-07-12,False,-0.0010611836312746528,8.123314276016619e-07,-0.0010619959627022545,27684.734556953434
2001-07-13,False,0.005069161583745804,8.405991311347533e-07,0.00506832098461467,27825.04967806193
2001-07-16,False,0.0054410493608519975,5.974213745381652e-07,0.005440451939477459,27976.430523549
2001-07-17,False,-0.0042064110369127794,1.187258926232171e-06,-0.004207598295839012,27858.716942154457
2001-07-18,False,2.3801268661443587e-06,9.151033668721165e-07,1.465023499272242e-06,27858.757755829432
2001-07-19,False,6.848375255875747e-05,1.7690725930057107e-07,6.83068452994569e-05,27860.660699685694
2001-07-20,False,-0.002311212556377547,3.8609443904505384e-07,-0.002311598650816592,27796.25803400144
2001-07-23,False,-0.0002039164269271998,7.131175586936184e-07,-0.0002046295444858934,27790.57009838153
2001-07-24,False,-0.0036432751795996594,9.143263963035803e-07,-0.003644189505995963,27689.295994463362
2001-07-25,False,-0.00596828789187602,1.3885727533045205e-06,-0.005969676464629325,27523.99985584306
2001-07-26,False,0.0013418789648766713,2.976208014276033e-07,0.0013415813440752437,27560.925540563985
2001-07-27,False,0.00043532846639496623,4.0237957711494743e-07,0.0004349260868178513,27572.912506058423
2001-07-30,False,0.0013440147304928003,2.1116367196785669e-07,0.0013438035668208324,27609.9650842317
2001-07-31,False,0.004405539155617002,7.091228083564715e-07,0.004404830032808646,27731.582287639518
2001-08-01,False,-0.0015287243241411633,2.52527930300922e-07,-0.0015289768520714642,27689.181340250405
2001-08-02,False,-0.003398784411234701,5.657413989411386e-07,-0.003399350152633642,27595.056117435124
2001-08-03,False,-7.494053974656303e-05,6.85874823120547e-07,-7.562641456968358e-05,27592.969202281114
2001-08-06,False,0.0034310008554320585,1.1679929005032618e-06,0.003429832862531555,27687.608474825916
2001-08-07,False,0.007939812513043066,2.236485222754575e-06,0.00793757602782031,27907.380972123374
2001-08-08,False,0.0009205778163995384,6.05613926699139e-07,0.0009199722024728392,27933.054986861545
2001-08-09,False,-0.0026113072035857977,7.183245655147802e-07,-0.0026120255281513126,27860.09313415661
2001-08-10,False,0.0006152312314140323,2.259036667542208e-07,0.0006150053277472781,27877.227239865653
2001-08-13,False,0.00032206062264592163,3.735564626140414e-07,0.0003216870661833076,27886.19498330977
2001-08-14,False,-0.0016313793036650485,1.3286042401826904e-06,-0.0016327079079052312,27840.664972239134
2001-08-15,False,-0.005315390990807797,1.4752765063159867e-06,-0.005316866267314113,27692.63987978864
2001-08-16,False,0.001589236690019748,2.6709380903447434e-07,0.0015889695962107136,27736.64264259644
2001-08-17,False,0.0013633521388789424,7.09463052248463e-07,0.001362642675826694,27774.437775545393
2001-08-20,False,-0.0027024787136413057,6.388061456175792e-07,-0.0027031175197869232,27699.360206192086
2001-08-21,False,-0.0028865342995438737,7.668525653949932e-07,-0.002887301152109269,27619.383811556057
2001-08-22,False,0.0015100597763025268,6.556666081778961e-07,0.0015094041096943489,27661.072622988446
2001-08-23,False,-0.0013888945256403315,7.629105146305936e-07,-0.001389657436154962,27622.63320772589
2001-08-24,False,0.0004827349335057034,4.643200342482057e-07,0.0004822706134714552,27635.954791988675
2001-08-27,False,-0.00022968147731078627,1.1227411040830304e-07,-0.00022979375142119458,27629.604222262915
2001-08-28,False,0.0041705077636865154,5.73152095860438e-07,0.004169934611590655,27744.81786521388
2001-08-29,False,0.0019658355768993915,3.2963675380397186e-07,0.0019655059401455875,27799.350469536213
2001-08-30,False,0.0011647089947089584,3.9042710025970205e-07,0.0011643185676086987,27831.717769455357
2001-08-31,False,-0.00031143836261809336,8.116797277690214e-07,-0.00031225004234586236,27823.027314403287
2001-09-04,False,-0.007546364165372573,6.195625996753273e-07,-0.007546983727972249,27613.04737999856
2001-09-05,False,-0.0004705431191696879,5.365344174420999e-07,-0.00047107965358713,27600.0394352043
2001-09-06,False,0.0051627903702735345,4.0030661541019806e-07,0.005162390063658124,27742.521604541176
2001-09-07,False,0.004566211013992342,1.850396722125891e-07,0.004566025974320129,27869.194678780645
2001-09-10,False,-0.003473383180220502,7.054179534855266e-07,-0.0034740885981739875,27772.3746273068
2001-09-17,False,0.03933297304471504,6.53630431551043e-06,0.039326436740399526,28864.56316121826
2001-09-18,False,-0.006085821509936951,1.6443105655985918e-06,-0.00608746582050255,28688.851119550607
2001-09-19,False,0.002355771326426054,1.1412490718831909e-06,0.002354630077354171,28756.40275128144
2001-09-20,False,-0.00396429865951453,8.930085540523603e-07,-0.003965191668068582,28642.37810268843
2001-09-21,False,0.0047911989211016645,1.5023894218914453e-06,0.0047896965316797735,28779.566401745942
2001-09-24,False,-0.005217848276311131,1.5914114256168066e-06,-0.005219439687736748,28629.353190672813
2001-09-25,False,4.370625756729419e-05,1.412000023018334e-07,4.356505756499236e-05,28630.600430092614
2001-09-26,False,0.005722427186912377,1.034194616340675e-06,0.005721392992296036,28794.407346758577
2001-09-27,False,0.0003823556805151798,1.0095285450223563e-06,0.00038134615197015745,28805.38798319852
2001-09-28,False,0.00409516735951928,1.2341405478313444e-06,0.004093933218971449,28923.3153179483
2001-10-01,False,-0.000811749912899693,1.2899637656076103e-06,-0.0008130398766653006,28899.799509229448
2001-10-02,False,0.0031009012227831514,2.2189213870811574e-07,0.003100679330644443,28989.408520227484
2001-10-03,False,-0.001695619970143498,7.244180246915172e-07,-0.0016963443881681897,28940.23249976788
2001-10-04,False,-0.001570592420443542,4.0337980000303144e-07,-0.001570995800243545,28894.767516052674
2001-10-05,False,0.0022505985358353257,2.2788457925398965e-07,0.002250370651256072,28959.791452845664
2001-10-08,False,0.001635411470143687,2.721235443915032e-07,0.0016351393465992956,29007.14474731952
2001-10-09,False,-0.005277650918193666,2.9477962245205714e-07,-0.005277945697816118,28854.046612494476
2001-10-10,False,-0.005421101076445933,9.084415998089345e-07,-0.005422009518045742,28697.599697127393
2001-10-11,False,-0.011291595042157987,1.2105418329277501e-06,-0.011292805583990914,28373.52328302054
2001-10-12,False,0.005017433705392858,1.5493207681917116e-06,0.005015884384624666,28515.841595392627
2001-10-15,False,0.0020995599498086583,3.223240912565567e-07,0.002099237625717402,28575.70312299867
2001-10-16,False,-0.001469800076713141,5.403309305682669e-07,-0.0014703404076437095,28533.687112020096
2001-10-17,False,0.001998050283670961,2.248756398854357e-07,0.001997825408031076,28590.692437117297
2001-10-18,False,0.0021778263287637995,1.0813406397570669e-06,0.0021767449881240426,28652.92708358679
2001-10-19,False,-0.008827565547184028,1.4145595257365057e-06,-0.008828980106709764,28399.950960366798
2001-10-22,False,-0.004632724777693417,1.1763580020948823e-06,-0.004633901135695512,28268.348395357858
2001-10-23,False,0.001818376919196036,6.64062996641332e-07,0.0018177128561993946,28319.732135659626
2001-10-24,False,-0.0020286031996968094,7.851589092594535e-07,-0.002029388358606069,28262.260400944673
2001-10-25,False,0.006349534727015501,6.542566534890465e-07,0.006348880470362012,28441.694114052512
2001-10-26,False,0.0003946739764150789,2.6275192874132546e-07,0.00039441122448633756,28452.9118374545
2001-10-29,False,0.0036765799973505382,1.954018021539522e-07,0.0036763845955483845,28557.51568423221
2001-10-30,False,0.007132081275373987,5.689288076085458e-07,0.0071315123465663785,28761.173959921576
2001-10-31,False,0.005055324092966155,1.8167415310095665e-06,0.005053507351435145,28906.51876396394
2001-11-01,False,0.007248987700135649,5.859213797688723e-07,0.007248401778755881,29116.044825990302
2001-11-02,False,-0.003946156818762063,4.955933402306101e-07,-0.003946652412102293,29001.133917446925
2001-11-05,False,0.0012495753227894889,1.191896844188134e-06,0.0012483834259453008,29037.33845236309
2001-11-06,False,0.0015206141008068423,4.876940889592396e-07,0.001520126406717883,29081.47887732533
2001-11-07,False,0.0032562884891743048,4.379553060405439e-07,0.003255850533868264,29176.16382585375
2001-11-08,False,-0.00892073064579725,1.9186607481015972e-06,-0.008922649306545353,28915.83514792534
2001-11-09,False,-0.007533217488126955,9.74182951099009e-07,-0.007534191671078053,28697.977703591572
2001-11-12,False,0.007895734626923506,1.3056467310490483e-06,0.007894428980192457,28924.531850447725
2001-11-13,False,-0.011792480452083537,1.550064724463937e-06,-0.011794030516808,28583.395039119157
2001-11-14,False,0.001979015825595579,1.63095710921346e-06,0.0019773848684863657,28639.91541195948
2001-11-15,False,-0.004978447455909995,2.2224723712407498e-06,-0.004980669928281236,28497.26944651861
2001-11-16,False,-0.010011671288983845,1.2926631705872938e-06,-0.010012963952154433,28211.927314815788
2001-11-19,False,-0.0001341134357339052,1.0678569850225418e-06,-0.00013518129271892774,28208.11359001128
2001-11-20,False,-0.004817857519104571,4.6760995830286144e-07,-0.004818325129062874,28072.19772745707
2001-11-21,False,-0.004636922947966499,6.81745778524298e-07,-0.004637604693745023,27942.009971512478
2001-11-23,False,-0.001720124004357475,4.6812861888946566e-07,-0.0017205921329763645,27893.933168975946
2001-11-26,False,0.0030826654378479164,1.1809153932907517e-06,0.003081484522454626,27979.887892306528
2001-11-27,False,-0.003520787169355577,1.9065814726937914e-06,-0.0035226937508282706,27881.323316079423
2001-11-28,False,0.0049296480600614975,9.702755397242857e-07,0.004928677784521773,28018.741374910456
2001-11-29,False,0.006673566345930193,8.661756117193665e-07,0.006672700170318474,28205.702035254926
2001-11-30,False,-0.001615692500529525,1.8904389512813675e-06,-0.0016175829394808063,28160.076972846622
2001-12-03,False,0.0015213149984382949,3.0142726725045087e-07,0.0015210135711710444,28202.90883208754
2001-12-04,False,0.004473284725763441,8.937877121187321e-07,0.004472390938051322,28329.04326597486
2001-12-05,False,-0.009540611570679034,6.362225440759567e-07,-0.00954124779322311,28058.748844429254
2001-12-06,False,-0.0005975820862663865,1.1269371184787353e-06,-0.0005987090233848652,28041.9498183112
2001-12-07,False,-0.006593613369774339,8.285834689280708e-07,-0.006594441953243267,27857.02880797859
2001-12-10,False,0.0017887100612107327,1.326176178458205e-06,0.0017873838850322745,27906.82001235485
2001-12-11,False,0.0028027703299066445,7.540914000135484e-07,0.002802016238506631,27985.015375194555
2001-12-12,False,0.006118395330159183,3.3488515189065984e-07,0.006118060445007293,28156.229390814453
2001-12-13,False,-0.002132731437387441,8.72639464071151e-07,-0.002133604076851512,28096.155144997447
2001-12-14,False,-0.003087913351966643,2.1588877139316206e-06,-0.003090072239680575,28009.335995942132
2001-12-17,False,0.0011335688742601005,2.2926307260356937e-07,0.0011333396111874968,28041.08008590939
2001-12-18,False,0.005027690219036434,7.101478932104998e-07,0.005026980071143224,28182.04203667459
2001-12-19,False,0.0032609973402801546,6.635180125240531e-07,0.0032603338222676305,28273.924901507326
2001-12-20,False,-0.0015822104702790782,1.4560054521176452e-06,-0.0015836664757311958,28229.14843450347
2001-12-21,False,-0.0010115858545702969,1.0291100574151418e-06,-0.001012614964627712,28200.563176359996
2001-12-24,False,-0.0013381851191741577,3.4095983137433226e-07,-0.001338526079005532,28162.815987105794
2001-12-26,False,-0.005904063527827498,1.3657193726326344e-06,-0.00590542924720013,27996.502469892024
2001-12-27,False,0.005052675138914332,9.199061565469541e-07,0.005051755232757785,28137.93394774322
2001-12-28,False,-0.001885696117904338,4.093249034008983e-07,-0.001886105442807739,28084.862837375014
2001-12-31,False,0.009322273324319568,1.5419829369655997e-06,0.009320731341382603,28346.634298641762
2002-01-02,False,-0.0042050343734398215,1.8209626658696881e-06,-0.004206855336105691,28227.384108881884
2002-01-03,False,0.004364671879716034,7.277117968311625e-07,0.004363944167919203,28350.566837139457
2002-01-04,False,-0.006667993114728939,1.450003091509014e-06,-0.006669443117820448,28161.484344261185
2002-01-07,False,0.003306241556358924,3.601590063718602e-07,0.003305881397352552,28254.582871476712
2002-01-08,False,0.000732303097179565,3.976582774152249e-07,0.0007319054389021498,28275.26255435426
2002-01-09,False,0.006478488218053721,9.224318253153729e-07,0.0064775657862284055,28458.41742767297
2002-01-10,False,0.010544526514549872,1.6318973728791376e-06,0.010542894617176992,28758.45152358456
2002-01-11,False,0.002541679900722645,1.062673838097078e-06,0.0025406172268845483,28831.5157409439
2002-01-14,False,0.003604610395922742,8.511634879223434e-07,0.0036037592324348194,28935.41758198042
2002-01-15,False,-0.003746017629766743,9.271418602232324e-07,-0.003746944771626966,28826.998170356776
2002-01-16,False,-0.0013204036662565913,4.525922453424841e-07,-0.0013208562585019339,28788.92184940963
2002-01-17,False,0.0032470854023862864,1.5936444001340283e-06,0.0032454917579861522,28882.356057993195
2002-01-18,False,0.0008007323644872322,1.1877646856111728e-06,0.000799544599801621,28905.448789808914
2002-01-22,False,-0.0011886928651413794,4.818811683576369e-07,-0.001189174746309737,28871.075160077326
2002-01-23,False,-0.0056769184513612405,2.2177257626999904e-07,-0.005677140223937511,28707.17001797773
2002-01-24,False,-0.0029177628800406675,4.3776873752457423e-07,-0.002918200648778192,28623.39673580668
2002-01-25,False,-0.0032016987406678723,6.451156759359062e-07,-0.0032023438563438082,28531.734777122078
2002-01-28,False,0.002224181411314066,6.827844616068696e-07,0.0022234986268524592,28595.175050220732
2002-01-29,False,0.0031717526702924794,1.2439032559791312e-06,0.0031705087670365,28685.836303412398
2002-01-30,False,0.005862740489422762,1.1723735081724945e-06,0.00586156811591459,28853.980286866827
2002-01-31,False,-0.0015859223548598076,1.152507394764843e-06,-0.0015870748622545724,28808.18686007755
2002-02-01,False,0.0005872232261395416,1.198833221644588e-06,0.000586024392917897,28825.06916029329
2002-02-04,False,0.008951215247368702,7.317475385405087e-07,0.008950483499830162,29083.06746619396
2002-02-05,False,0.006988489762254528,1.4609533962321453e-06,0.0069870288088582965,29286.271696430227
2002-02-06,False,0.008958179832381714,2.7893672190612978e-06,0.008955390465162652,29548.541694740605
2002-02-07,False,-0.0014460512823322978,3.294678803955481e-07,-0.0014463807502126933,29505.803252836475
2002-02-08,False,0.005362774109428839,1.7651687433918456e-06,0.0053610089406854475,29663.98412787704
2002-02-11,False,-0.013193776749528286,2.0761909490181335e-06,-0.013195852940477305,29272.542555696924
2002-02-12,False,-0.0006323236566524716,7.469206159354952e-07,-0.0006330705772684071,29254.010970283078
2002-02-13,False,-0.004217588698924533,4.03203339818109e-07,-0.004217991902264352,29130.61778890167
2002-02-14,False,0.0040575911627062705,2.2223474772360697e-07,0.004057368927958547,29248.8114523706
2002-02-15,False,0.0036509308059303742,1.4363732126947139e-07,0.003650787168609105,29355.592637917984
2002-02-19,False,-0.004678971360848788,1.0899292662792104e-06,-0.0046800612901150675,29218.206665164875
2002-02-20,False,-0.0044645124334163335,2.1912871733024836e-06,-0.004466703720589636,29087.697592744626
2002-02-21,False,-0.00026273028534037554,7.214011530407155e-07,-0.00026345168649341625,29080.034389757606
2002-02-22,False,0.0011720686519526248,2.4838698206353094e-07,0.0011718202649705612,29114.110963361567
2002-02-25,False,0.0034781838247049304,1.7608448205764098e-06,0.003476422979884354,29215.3239277535
2002-02-26,False,-0.0002476423167794061,1.323402077056099e-06,-0.00024896571885646223,29208.050313630203
2002-02-27,False,0.0053295185803908214,9.170111398282832e-07,0.005328601569250993,29363.688376366175
2002-02-28,False,-0.0027571705993083124,1.0918152209423576e-06,-0.0027582624145292547,29282.6956183657
2002-03-01,False,-0.011046824686675094,1.837494363652159e-06,-0.011048662181038746,28959.16100672819
2002-03-04,False,-0.002312971879589168,1.7502195620318766e-06,-0.0023147220991512,28892.12859677304
2002-03-05,False,-0.004938710533498618,1.7254028429452284e-06,-0.004940435936341563,28749.388886376142
2002-03-06,False,-0.010232412050217245,1.5704637527998166e-06,-0.010233982513970044,28455.168143225645
2002-03-07,False,-0.015408523627051118,2.5427595663474467e-06,-0.015411066386617465,28016.64365792803
2002-03-08,False,-0.006406020508914118,1.5834427183381016e-07,-0.006406178853185953,27837.164027789368
2002-03-11,False,-0.0033287465816153167,2.2961856565524575e-06,-0.003331042767271869,27744.437243893237
2002-03-12,False,0.002528714742002856,9.471116352328668e-07,0.002527767630367623,27814.568734281118
2002-03-13,False,0.0009472213021835182,4.15567621697574e-07,0.0009468057345618205,27840.9037274631
2002-03-14,False,-0.009208553400277064,8.95150810661785e-07,-0.009209448551087726,27584.504356969243
2002-03-15,False,-0.002892702758029599,7.924720163854787e-07,-0.0028934952300459847,27504.688725189164
2002-03-18,False,-8.677703964793625e-05,1.492333326993653e-06,-8.82693729749299e-05,27502.260903561524
2002-03-19,False,0.000509933738256203,5.113077602111604e-07,0.0005094224304959919,27516.27117215515
2002-03-20,False,-0.0016280281260501195,9.395342759015851e-07,-0.0016289676603260211,27471.44805628295
2002-03-21,False,-0.0030810263427504462,1.8522022936002664e-06,-0.0030828785450440466,27386.756918468942
2002-03-22,False,0.0018807390525992101,6.198996868308355e-07,0.0018801191529123793,27438.247284687506
2002-03-25,False,0.0020228882505518094,1.6110371354247921e-06,0.0020212772134163845,27493.707588700134
2002-03-26,False,-0.0033903541249664143,1.1856226107491708e-06,-0.0033915397475771636,27400.461586604793
2002-03-27,False,0.0019059866804615121,1.3094996712224165e-06,0.0019046771807902897,27452.65062053192
2002-03-28,False,0.004911338542298026,5.140448327750763e-07,0.0049108244974652515,27587.46576971958
2002-04-01,False,-0.003649740709317392,1.063926270133575e-06,-0.0036508046355875254,27486.749321803374
2002-04-02,False,0.0028250403361966005,1.2606121093089729e-06,0.0028237797240872916,27564.365847219353
2002-04-03,False,0.00045838102159156003,5.372521382563112e-07,0.00045784376945330374,27576.98602038143
2002-04-04,False,-0.0012561665130224695,9.19249825804852e-07,-0.0012570857628482744,27542.319383872946
2002-04-05,False,-3.2499557844504457e-06,6.115889694388172e-07,-3.861544753889263e-06,27542.213027974023
2002-04-08,False,7.231361127837462e-06,6.137903346058044e-07,6.617570793231658e-06,27542.395290518536
2002-04-09,False,-0.0005839400344916316,8.765847005911126e-07,-0.0005848166191922227,27526.28804002028
2002-04-10,False,0.00022276264225420053,6.194015800917024e-07,0.00022214324067410882,27532.40281884922
2002-04-11,False,0.004845220770518249,1.030433313433235e-06,0.004844190337204816,27665.77501854432
2002-04-12,False,-0.0024978703482520363,7.223185785824732e-07,-0.002498592666830619,27596.6495159608
2002-04-15,False,-0.0009788510312324188,4.890034896981032e-07,-0.0009793400347221169,27569.623012265623
2002-04-16,False,-0.0018949427738353898,9.938047092437618e-07,-0.0018959365785446336,27517.352755539985
2002-04-17,False,0.0031811634890995723,1.1985567301005113e-06,0.003179964932369472,27604.85697233424
2002-04-18,False,0.005452789038544756,9.668067909136824e-07,0.005451822231753843,27755.353745280398
2002-04-19,False,-0.0030623522061330537,8.368930818490605e-07,-0.003063189099214903,27670.333848243004
2002-04-22,False,0.001937085327407111,7.223510278708406e-07,0.0019363629763792401,27723.913658250796
2002-04-23,False,-0.000892518810382469,4.0578196977136826e-07,-0.0008929245923522404,27699.158293949098
2002-04-24,False,0.004749696713114434,3.318509556826665e-08,0.004749663528018866,27830.71997585469
2002-04-25,False,0.005070088774789618,8.407521079732694e-07,0.005069248022681645,27971.800798062097
2002-04-26,False,0.0005200558096885046,4.4167635962009953e-07,0.0005196141333288844,27986.335341091428
2002-04-29,False,0.0022655293276088884,1.301938892369875e-06,0.0022642273887165188,28049.702768080537
2002-04-30,False,-0.002525969772775194,1.3496179987120826e-06,-0.002527319390773906,27978.812210369324
2002-05-01,False,0.000763487029889206,1.742266220616656e-07,0.0007633128032671444,28000.168795949703
2002-05-02,False,-0.0025281704488114287,1.3397697516083496e-07,-0.0025283044257865895,27929.375845260136
2002-05-03,False,0.004622968126976201,7.675004321474055e-07,0.0046222006265440535,28058.471023791077
2002-05-06,False,-0.0015865175175059885,3.7617722550696565e-07,-0.0015868936947314954,28013.945213039617
2002-05-07,False,0.0017137657007318457,5.429086633322034e-07,0.0017132227920685136,28061.93934247435
2002-05-08,False,-0.006913398164825584,3.507430184461341e-07,-0.00691374890784403,27867.926139993335
2002-05-09,False,-0.00026338771553607865,8.446242324492287e-07,-0.00026423233976852786,27860.562532664866
2002-05-10,False,0.004071509460525707,5.576428937727751e-07,0.004070951817631934,27973.981540347464
2002-05-13,False,-0.006528925616530626,1.2130992990002088e-06,-0.006530138715829626,27791.307560454934
2002-05-14,False,-0.005751794654941563,3.544575711584008e-07,-0.005752149112512721,27631.447815335494
2002-05-15,False,0.0007554571686287175,1.8245870241762053e-07,0.0007552747099262999,27652.317149069062
2002-05-16,False,0.0034148818897678317,4.376524502017476e-07,0.00341444423731763,27746.734444007183
2002-05-17,False,0.0014214871179874316,6.896047785232701e-07,0.0014207975132089084,27786.156935304898
2002-05-20,False,0.0019070504257656887,2.98938313855579e-07,0.0019067514874518332,27839.13823137186
2002-05-21,False,0.00475828301277497,1.1783373146283666e-06,0.004757104675460341,27971.571926013105
2002-05-22,False,0.0037505316551529923,3.7549476656657813e-07,0.0037501561603864256,28076.469688787132
2002-05-23,False,-0.002831524178298645,6.683049585989726e-07,-0.002832192483257244,27996.951722378148
2002-05-24,False,0.0037718829739403163,1.3604960261828502e-06,0.0037705224779141333,28102.51485816045
2002-05-28,False,-0.00013277283535872834,3.700284090346201e-07,-0.00013314286376776296,28098.77320885316
2002-05-29,False,0.008544593287812846,2.12055961011276e-06,0.008542472728202733,28338.80621268574
2002-05-30,False,-0.0012150941453289803,5.033035668817049e-07,-0.001215597448895862,28304.357632148844
2002-05-31,False,0.001373933870220302,5.082906206703986e-07,0.0013734255795996317,28343.23156093497
2002-06-03,False,0.0008644764267375591,1.4659817643403184e-07,0.000864329828561125,28367.7294614109
2002-06-04,False,0.0015140658908193768,2.5460433005029814e-07,0.0015138112864893265,28410.672850441664
2002-06-05,False,-0.0064449999758290355,1.284135674171294e-06,-0.006446284111503207,28227.529581448747
2002-06-06,False,0.0046612777610746834,4.74987131836177e-07,0.004660802773942848,28359.092529623515
2002-06-07,False,0.0012362881388938752,9.728475022246774e-07,0.0012353152913916505,28394.124950275353
2002-06-10,False,-0.005844970157451639,1.1306540480923999e-06,-0.005846100811499732,28228.130033361722
2002-06-11,False,-0.00423379668558925,2.252237915523189e-06,-0.004236048923504774,28108.55429352135
2002-06-12,False,0.0035296930999481244,9.576455988721671e-07,0.003528735454349252,28207.741945627393
2002-06-13,False,-0.003369303744162839,1.0503215616765177e-06,-0.0033703540657245156,28112.67186787604
2002-06-14,False,0.004977091065587905,9.779810103822117e-07,0.004976113084577523,28252.563702200216
2002-06-17,False,-0.005800064111848937,1.26827077498623e-06,-0.005801332382623923,28088.661189502494
2002-06-18,False,0.0019549565920216664,2.1708284712006198e-07,0.0019547395091745463,28143.567205289437
2002-06-19,False,0.00532258173997906,3.154181179481352e-07,0.0053222663218611115,28293.35476520318
2002-06-20,False,0.0021970107173247683,1.1012060142866209e-06,0.0021959095113104816,28355.484412038968
2002-06-21,False,0.004255001710781698,6.447562758131048e-07,0.004254356954505885,28476.11876434571
2002-06-24,False,-0.001463164242528411,2.155298038382422e-06,-0.0014653195405667935,28434.39215108081
2002-06-25,False,-0.004575051418715641,1.6475547874395674e-06,-0.004576698973503081,28304.256497710776
2002-06-26,False,0.005342119698161969,9.655516140302524e-07,0.0053411541465479394,28455.43389466848
2002-06-27,False,-0.007120641541825714,2.4296681294923297e-07,-0.007120884508638663,28252.806036261343
2002-06-28,False,0.003255647595750326,6.998107516216073e-07,0.0032549477849987047,28344.76744468907
2002-07-01,False,-0.009769915194404996,1.7403077236741311e-06,-0.00977165550212867,28067.79214193162
2002-07-02,False,0.0029860097576744175,9.946981146694012e-07,0.0029850150595597483,28151.57492416388
2002-07-03,False,-0.0052714174240569124,1.0376088105154003e-06,-0.005272455032867428,28003.147011271827
2002-07-05,False,-0.004684392222341027,1.024154170829822e-06,-0.004685416376511857,27871.940607671346
2002-07-08,False,0.006586760297354609,1.6761661127046163e-06,0.006585084131241905,28055.479681473833
2002-07-09,False,0.005661883755772426,2.017742253531546e-07,0.005661681981547073,28214.3208852701
2002-07-10,False,0.004136968680790983,1.9471410919147392e-07,0.004136773966681792,28331.03715339589
2002-07-11,False,0.000773017336768423,4.752427337185311e-07,0.0007725420940347045,28352.92407216455
2002-07-12,False,0.004376265487203899,6.181073558320787e-07,0.004375647379848067,28476.986470091946
2002-07-15,False,0.005156407923869919,1.000439541051737e-06,0.005155407484328867,28623.796939270997
2002-07-16,False,-0.0031713018801124266,3.5038967220478443e-07,-0.0031716522697846313,28533.0122087387
2002-07-17,False,-0.001315553217679184,8.842968522385919e-07,-0.0013164375145314226,28495.45028106453
2002-07-18,False,0.0011763600034481337,9.81571985217422e-07,0.0011753784314629163,28528.94321871972
2002-07-19,False,0.009117572753569782,1.221185193737595e-06,0.009116351568376044,28789.02309497581
2002-07-22,False,-0.0020152877477242477,1.5472368361513222e-06,-0.002016834984560399,28730.960386026545
2002-07-23,False,-0.009691692735649774,2.0704863766026623e-06,-0.009693763222026376,28452.449258902983
2002-07-24,False,-0.005303503439455233,3.542618141840759e-06,-0.005307046057597074,28301.450800234543
2002-07-25,False,5.74415356545827e-05,9.760031511957812e-07,5.646553250338692e-05,28303.0488567246
2002-07-26,False,-0.01003030930530433,1.8345600060108574e-06,-0.010032143865310341,28019.10859876703
2002-07-29,False,-0.009877981836624939,6.433581069238136e-07,-0.009878625194731863,27742.318326629324
2002-07-30,False,0.00575215343676357,1.2429315442045592e-06,0.005750910505219365,27901.861916533075
2002-07-31,False,0.0033710169511674023,1.3244790943753304e-06,0.003369692472073027,27995.882610590037
2002-08-01,False,-4.5345804939332365e-05,1.3081084553526606e-06,-4.6653913394685023e-05,27994.576493107317
2002-08-02,False,0.008919354660430442,1.848719024523937e-07,0.00891916978852799,28244.26487400728
2002-08-05,False,0.004329865466894945,1.6996080029341166e-06,0.004328165858892011,28366.510736944463
2002-08-06,False,-0.010282553228078575,5.753983772701504e-07,-0.010283128626455845,28074.81425835272
2002-08-07,False,0.01228191530675244,1.44846725116983e-06,0.012280466839501271,28419.58608387758
2002-08-08,False,-0.006205204763892695,1.330723283140531e-06,-0.006206535487175836,28243.198914317145
2002-08-09,False,0.005360153282356988,4.663662991256645e-07,0.005359686916057862,28394.573618005834
2002-08-12,False,0.009377630638225685,1.1230386174524294e-06,0.009376507599608234,28660.8155533227
2002-08-13,False,0.0008646564991954181,1.671440614067321e-06,0.0008629850585813507,28685.54940891197
2002-08-14,False,0.005060497290168049,6.978872848784484e-07,0.005059799402883171,28830.69253468256
2002-08-15,False,-0.0059657352925662835,5.959191878534831e-07,-0.005966331211754137,28658.679073956395
2002-08-16,False,-0.004044475521614173,1.503772664329356e-06,-0.0040459792942785025,28542.726651821795
2002-08-19,False,-0.008550796698975566,1.5823782376119671e-06,-0.008552379077213177,28298.61843359814
2002-08-20,False,0.0027075754331791894,1.5782850053248366e-06,0.0027059971481738646,28375.194414376714
2002-08-21,False,-0.00269755654906708,3.3858567863777336e-07,-0.0026978951347457177,28298.641115418704
2002-08-22,False,-0.009694690964382665,1.7646593328253524e-06,-0.00969645562371549,28024.244597631598
2002-08-23,False,0.003802666565289273,3.3500132445700435e-07,0.0038023315639648158,28130.802067421442
2002-08-26,False,0.0021236039190475967,5.665295956890776e-07,0.0021230373894519077,28190.524812005846
2002-08-27,False,0.00749389796722866,1.806099616201401e-06,0.007492091867612459,28401.730813693604
2002-08-28,False,0.0006010809039114488,5.481839810623779e-07,0.0006005327199303864,28418.78698234988
2002-08-29,False,0.0051285414631464556,6.021549130368481e-07,0.005127939308233419,28564.516797208984
2002-08-30,False,0.003096144807773442,4.5448075474187334e-07,0.0030956903270187,28652.94369555407
2002-09-03,False,0.009692129199741694,1.425825845069617e-06,0.009690703373896626,28930.610873696645
2002-09-04,False,0.0015202863540362873,5.210462581227981e-07,0.0015197653077781645,28974.578612435314
2002-09-05,False,0.009437334286968897,1.1402340438829567e-06,0.009436194052925014,29247.98835882399
2002-09-06,False,0.0007811332324879743,1.2515662238462844e-06,0.000779881666264128,29270.79832872014
2002-09-09,False,0.005469323634136194,1.1877418154115083e-06,0.005468135892320782,29430.855031658295
2002-09-10,False,-0.003490492988180001,1.1821008385523857e-06,-0.0034916750890185535,29328.092048295737
2002-09-11,False,-0.006525848153300077,8.004864618893631e-07,-0.006526648639761967,29136.677896221914
2002-09-12,False,0.005476355876575613,8.496253372624746e-07,0.00547550625123835,29296.215958183
2002-09-13,False,0.0009164390651087112,4.1055078949782385e-07,0.0009160285143192133,29323.05212736235
2002-09-16,False,-0.0022450442719415863,1.4353037936158526e-06,-0.002246479575735202,29257.17848966001
2002-09-17,False,0.0001432948058493765,3.8049461140676755e-07,0.00014291431123796973,29261.359759172625
2002-09-18,False,0.0058058502372494184,9.620561522683534e-07,0.00580488818109715,29431.21868060148
2002-09-19,False,0.007452028922497435,6.764415589378265e-07,0.007451352480938497,29650.521064934226
2002-09-20,False,-0.0034304523593335534,1.3110889014597283e-06,-0.0034317634482350133,29548.767490522463
2002-09-23,False,0.003350621862874182,4.5613248234888106e-07,0.0033501657303918334,29647.760758744524
2002-09-24,False,0.006650053936732691,9.630585778813705e-07,0.006649090878154809,29844.89141436321
2002-09-25,False,-0.006189680273930381,6.440396874271421e-07,-0.0061903243136178085,29660.141857403596
2002-09-26,False,-0.004784882378259251,2.0598167737361643e-06,-0.004786942195032987,29518.160472835727
2002-09-27,False,0.004034020195776466,5.521027736316298e-07,0.004033468093002835,29637.221031267047
2002-09-30,False,0.008685404355241889,4.651936641305449e-07,0.008684939161577759,29894.618492841833
2002-10-01,False,-0.005587785999115631,1.0128291099974207e-07,-0.005587887282026631,29727.570734364643
2002-10-02,False,-0.0011024312724313052,5.985880234177648e-07,-0.001103029860454723,29694.78033616586
2002-10-03,False,-0.002650613144073399,9.708043694764969e-07,-0.0026515839484428753,29616.042133273942
2002-10-04,False,-0.0034092700579603365,4.307302763340709e-07,-0.0034097007882366707,29515.060291067668
2002-10-07,False,0.004241843289085651,2.8833932321971344e-07,0.004241554949762431,29640.250041137788
2002-10-08,False,-0.0036089104517766078,8.286296910698377e-07,-0.0036097390814676775,29533.25647217982
2002-10-09,False,0.0030505613977336063,4.1862937908726526e-07,0.003050142768354519,29623.337120834396
2002-10-10,False,-0.006774363633926317,1.5027864831130417e-06,-0.0067758664204094305,29422.61334557687
2002-10-11,False,-0.00523271204224809,3.3051482930211707e-07,-0.005233042557077392,29268.64355779903
2002-10-14,False,0.003758180894436224,7.790420699042289e-07,0.00375740185236632,29378.61761331935
2002-10-15,False,-0.008213756849962997,5.579012120601468e-07,-0.008214314751175057,29137.29240128913
2002-10-16,False,-0.0027596571901568265,6.778041551745024e-07,-0.002760334994312001,29056.863713434348
2002-10-17,False,-0.007150914322021987,5.661607021357207e-07,-0.007151480482724123,28849.06411969855
2002-10-18,False,0.0019366888863348768,7.457852747251304e-07,0.0019359431010601516,28904.914266353124
2002-10-21,False,-0.0066253368212993895,1.5678312733818783e-06,-0.006626904652572771,28713.36415551921
2002-10-22,False,-0.001726903787120042,4.045479842594013e-07,-0.0017273083351043014,28663.7673222845
2002-10-23,False,0.0008466679115018866,3.833900144349645e-07,0.0008462845214874516,28688.025024896866
2002-10-24,False,0.0012600688679938368,5.02271834341303e-07,0.0012595665961594954,28724.159502928014
2002-10-25,False,1.9717519614047215e-05,1.0849315277770277e-06,1.8632588086270186e-05,28724.694708360155
2002-10-28,False,0.005241797529393351,5.50149970345748e-07,0.005241247379423005,28875.24793922507
2002-10-29,False,0.0069334012220311735,2.7095638472422746e-07,0.006933130265646449,29075.443794640556
2002-10-30,False,-0.002703103292121116,4.4401634001026147e-07,-0.002703547308461126,28996.836956827243
2002-10-31,False,0.006314585496947807,8.653366830245063e-07,0.0063137201602647824,29179.91487090547
2002-11-01,False,0.0018745921305159108,1.234072842548492e-06,0.0018733580576733623,29234.579299551104
2002-11-04,False,-0.005592191555755029,5.132445760187288e-07,-0.0055927048003310475,29071.078927566847
2002-11-05,False,-0.001948147622480311,8.653278493122308e-07,-0.0019490129503296231,29014.419018256966
2002-11-06,False,-0.0012301451214062375,4.877973748003695e-07,-0.0012306329187810377,28978.712919093796
2002-11-07,False,0.007222607314679277,1.80856138801061e-07,0.007222426458540476,29188.00954201511
2002-11-08,False,0.00373218455269448,6.519098039553528e-07,0.0037315326428905247,29296.92555240214
2002-11-11,False,-0.0011614366140197529,3.2752593862375724e-07,-0.0011617641399583765,29262.889434884328
2002-11-12,False,-9.061235095841154e-05,5.732832213807271e-07,-9.118563417979226e-05,29260.221079753275
2002-11-13,False,-0.0003379616867983364,1.4158182111778106e-06,-0.0003393775050095142,29250.290818927202
2002-11-14,False,-0.008965889799327385,1.2976992506317787e-06,-0.008967187498578017,28987.997976765946
2002-11-15,False,0.0015781401551509212,5.47778835698079e-07,0.0015775923763152232,29033.729221378737
2002-11-18,False,0.002377571227393917,8.350859856890297e-07,0.002376736141408228,29102.734734939044
2002-11-19,False,0.002815148738355065,1.868364204313383e-07,0.0028149619019346337,29184.657824460006
2002-11-20,False,-0.0031192463692669855,3.250003150132158e-07,-0.0031195713695819985,29093.614201479777
2002-11-21,False,-0.002467353215905315,3.738145351463301e-07,-0.0024677270304404616,29021.81910330158
2002-11-22,False,0.0002897147184331098,3.56610898168519e-07,0.0002893581075349413,29030.21680195453
2002-11-25,False,-0.0029550532820336282,7.112595963322394e-07,-0.0029557645416299605,28944.410316495487
2002-11-26,False,0.0038034175992751273,6.079855763443387e-07,0.003802809613698783,29054.480398309897
2002-11-27,False,-0.004904271030514406,1.0033779577095087e-06,-0.004905274408472116,28911.960199160614
2002-11-29,False,0.004525880093136244,2.5121634276584205e-07,0.004525628876793478,29042.805001122637
2002-12-02,False,-0.001343042987497787,1.1385113350943638e-06,-0.0013441814988328813,29003.766199965918
2002-12-03,False,0.0026780496095490567,1.2593107066368043e-06,0.00267679029884242,29081.40319995988
2002-12-04,False,0.0034313884518642605,6.742957661140802e-07,0.003430714156098146,29181.173181597176
2002-12-05,False,0.003023132711457488,4.015971333265339e-07,0.0030227311143241615,29269.38002172567
2002-12-06,False,0.00538917944091959,8.005075752199192e-07,0.00538837893334437,29427.09453242679
2002-12-09,False,0.0011954910527478592,5.33816433468351e-07,0.0011949572363143908,29462.258651982018
2002-12-10,False,-0.0004892428703256732,9.468775431956261e-07,-0.0004901897478688688,29447.816554841756
2002-12-11,False,0.003423332216251533,1.9933070397187837e-08,0.0034233122831811356,29548.625626966812
2002-12-12,False,0.007040317007225083,1.3752648648450717e-06,0.007038941742360238,29756.61668132184
2002-12-13,False,0.007229948693366988,1.7413276366337882e-06,0.007228207365730354,29971.703677196987
2002-12-16,False,0.0024470137282894835,8.384460230229651e-07,0.0024461752822664603,30045.01971789956
2002-12-17,False,0.007027109398588542,1.8163611652627921e-06,0.007025293037423279,30256.094785732967
2002-12-18,False,0.0016622746558409348,7.700455321668492e-07,0.001661504610308768,30306.365426709403
2002-12-19,False,0.010668849262337085,1.6531969842885909e-06,0.010667196065352796,30629.649368744344
2002-12-20,False,-0.004166929683306483,9.546210666276507e-07,-0.004167884304373111,30501.9885338919
2002-12-23,False,0.004557266516187767,8.957305597408899e-07,0.004556370785628026,30640.966903351284
2002-12-24,False,0.0038435315473093258,4.925183987784382e-07,0.0038430390289105475,30758.72133504442
2002-12-26,False,4.50097866368595e-05,1.326427946339026e-07,4.48771438422256e-05,30760.101698606173
2002-12-27,False,0.007908211268814665,7.506447417387069e-07,0.007907460624072927,31003.33599158038
2002-12-30,False,-0.00513824250786563,1.1410825956454097e-06,-0.005139383590461275,30843.997955335693
2002-12-31,False,-0.0026836240679163886,1.6960291350839042e-06,-0.0026853200970514725,30761.171947752817
2003-01-02,False,-0.002796682261736559,1.233600022586087e-06,-0.002797915861759145,30675.104776833898
2003-01-03,False,0.004597295236657411,1.3326575072137165e-06,0.004595962579150198,30816.086410499738
2003-01-06,False,0.005627414414174771,2.5525310608413148e-06,0.005624861883113929,30989.4226403369
2003-01-07,False,-0.004775591554154063,1.0872955470419832e-06,-0.004776678849701105,30841.396120646354
2003-01-08,False,0.004925164903221481,9.95900873434194e-07,0.004924169002348047,30993.264367412776
2003-01-09,False,0.0017175592150520055,1.5665974240148817e-06,0.0017159926176279906,31046.44858026345
2003-01-10,False,0.0007689035427514392,1.5285032043090008e-07,0.0007687506924310083,31070.31555910705
2003-01-13,False,0.0012237751726649265,4.787848795072408e-07,0.0012232963877854192,31108.32376389786
2003-01-14,False,0.0017993445482299443,1.3051922972423523e-07,0.0017992140290002201,31164.294296432545
2003-01-15,False,0.0008522992272524677,1.2768618604143134e-06,0.0008510223653920533,31190.815807880474
2003-01-16,False,0.0053225906329610094,1.1534289974621525e-06,0.0053214372039635475,31356.795775542505
2003-01-17,False,0.008567672639367889,9.897654444864513e-07,0.008566682873923401,31625.41950089396
2003-01-21,False,-0.0020423038229933914,1.158534804713965e-06,-0.002043462357798105,31560.79414659431
2003-01-22,False,0.006803685871963915,1.0701476656860693e-06,0.00680261572429823,31775.49010112727
2003-01-23,False,0.005830808193057284,1.896827629929515e-06,0.005828911365427355,31960.706616519754
2003-01-24,False,0.007812422688062083,1.7145348807875161e-06,0.007810708153181296,32210.342368270845
2003-01-27,False,-3.702998906377769e-05,1.1419838949590366e-06,-3.817197295873673e-05,32209.112835952972
2003-01-28,False,-3.518929377575495e-05,3.2087617370188394e-07,-3.5510169949456835e-05,32207.96908488225
2003-01-29,False,0.005443145658329686,1.5576637993318931e-06,0.005441587994530354,32383.231582782755
2003-01-30,False,-0.001619437534819373,7.702863494812029e-07,-0.0016202078211688543,32330.76401769761
2003-01-31,False,0.0002824123567780541,7.119203168843291e-07,0.0002817004364611698,32339.871608032525
2003-02-03,False,-9.996938336126934e-06,9.060447925824805e-07,-1.0902983128709415e-05,32339.519006958
2003-02-04,False,0.013024108255674604,1.720170519044356e-06,0.01302238808515556,32760.656773953877
2003-02-05,False,0.002279400851472223,2.0692118791245384e-06,0.0022773316395930986,32835.263654159055
2003-02-06,False,-0.0020812539180576823,2.408711105610806e-06,-0.002083662629163293,32766.846042364166
2003-02-07,False,0.0016495609328283669,1.4061555369234563e-06,0.0016481547772914434,32820.85087620566
2003-02-10,False,-0.008887756059370732,1.3170798747423053e-06,-0.008889073139245475,32529.1039322748
2003-02-11,False,-0.003058174316005462,2.4242938924877445e-06,-0.0030605986098979497,32429.545401998454
2003-02-12,False,-0.00869163855376732,2.0978579632564553e-06,-0.008693736411730577,32147.61148232123
2003-02-13,False,0.0015004719485750568,1.8870638057129491e-06,0.0014985848847693438,32195.787406970077
2003-02-14,False,-0.002291366259124756,1.06667837246191e-06,-0.002292432937497218,32121.980723469675
2003-02-18,False,-0.011832500028004586,2.839430908978202e-06,-0.011835339458913564,31741.806177514736
2003-02-19,False,0.009256076305749046,1.5843226708409236e-06,0.009254491983078206,32035.560468312964
2003-02-20,False,0.006405402134447374,1.592951946685739e-06,0.006403809182500689,32240.710084606504
2003-02-21,False,0.003177375393148932,1.1268569868136958e-06,0.003176248536162118,32343.114592817565
2003-02-24,False,0.011439162901070032,1.995644349020595e-06,0.011437167256721012,32713.028204018912
2003-02-25,False,-0.0026345890341758237,2.290269078770932e-06,-0.0026368793032545946,32626.76789700095
2003-02-26,False,-0.0007793982340379956,2.5312760533842545e-06,-0.0007819295100913798,32601.256064363384
2003-02-27,False,-0.0029792731397063864,8.259151033988416e-07,-0.002980099054809785,32504.10109198036
2003-02-28,False,0.0009674448976242997,1.965040852798153e-06,0.0009654798567715015,32535.483146847135
2003-03-03,False,-0.0011869096382101955,7.410783617882166e-07,-0.0011876507165719838,32496.842356973764
2003-03-04,False,0.007630207647406895,2.517287381139738e-06,0.007627690360025756,32744.718208151335
2003-03-05,False,0.0033375856305220496,5.734883285084813e-07,0.003337012142193541,32853.98773040464
2003-03-06,False,0.0006477430577314786,2.477646102310299e-07,0.0006474952931212475,32875.26053282034
2003-03-07,False,0.0014762152454220457,2.207372235882729e-06,0.001474007873186163,32923.71892567876
2003-03-10,False,0.0036404790680481963,1.1445506910187363e-06,0.0036393345173571776,33043.53935240475
2003-03-11,False,-0.008991876481198218,1.3713609114314463e-06,-0.008993247842109649,32746.37061342807
2003-03-12,False,-0.004613345661583767,6.321378488390872e-07,-0.004613977799432606,32595.279586405715
2003-03-13,False,-0.02606421133052647,3.1681149357540155e-06,-0.026067379445462224,31745.60606529595
2003-03-14,False,-0.0012555273543836207,9.068840586790028e-07,-0.0012564342384422998,31705.71979891541
2003-03-17,False,-0.0028639169235683977,3.243465738087689e-06,-0.0028671603893064856,31614.814414993507
2003-03-18,False,-0.009210364956590346,1.5626652242552997e-06,-0.009211927621814602,31323.58103282549
2003-03-19,False,-0.010188559847919878,1.364138633454498e-06,-0.010189923986553332,31004.39612311435
2003-03-20,False,-0.0025545296302203475,5.656901338383508e-07,-0.0025550953203541857,30925.176935669773
2003-03-21,False,-0.011376087925782083,1.812942876604995e-06,-0.011377900868658688,30573.313338149994
2003-03-24,False,0.007090095172506679,3.362808174577556e-06,0.007086732364332102,30789.978227268326
2003-03-25,False,0.0005882479342878052,1.1823458099010088e-06,0.0005870655884779042,30808.053963955535
2003-03-26,False,-0.0009424277350962076,8.255472947086007e-07,-0.0009432532823909161,30778.994165929962
2003-03-27,False,0.0066545814851497525,9.604359632960912e-07,0.006653621049186456,30983.785929385183
2003-03-28,False,0.0009104659121802527,1.1550753316531549e-06,0.0009093108368485996,31011.95982169737
2003-03-31,False,0.009762378761323713,5.026334745430184e-07,0.00976187612784917,31314.694731958614
2003-04-01,False,-0.003279685075762394,8.444888113909449e-07,-0.0032805295645737848,31211.96595008482
2003-04-02,False,-0.01402895633196844,1.6484009467841037e-06,-0.014030604732915224,30774.043192901976
2003-04-03,False,-0.006390457632592499,1.7832147692971868e-06,-0.006392240847361796,30577.32809696583
2003-04-04,False,-0.001852316633240255,6.675170139945896e-07,-0.0018529841502542496,30520.668792645025
2003-04-07,False,-0.009651846351761214,9.01444104405319e-07,-0.00965274779586562,30226.060474228474
2003-04-08,False,0.007615146313363137,6.888509209849874e-07,0.007614457462442152,30456.21552596669
2003-04-09,False,0.003528174772408915,1.7989571692971635e-06,0.0035263758152396176,30563.615587821183
2003-04-10,False,0.0022677184966070902,1.3020192659640578e-06,0.002266416477341126,30632.88546979654
2003-04-11,False,-0.0011594468827052632,2.9362494785525886e-07,-0.0011597405076531186,30597.35927165092
2003-04-14,False,0.00036449685395112944,5.265104758584854e-07,0.00036397034347527093,30608.495803014455
2003-04-15,False,0.002946024762347796,8.066195517687224e-07,0.0029452181427960275,30698.644500177194
2003-04-16,True,0.0050815234421242,0.0005,0.004581523442124201,30839.29105959619
2003-04-17,True,0.0814593818635252,0.0,0.0814593818635252,33351.44064642024
2003-04-21,True,-0.0070523649984764,0.0,-0.0070523649984764,33116.23411375666
2003-04-22,True,0.0593116739979462,0.0,0.0593116739979462,35080.41339555146
2003-04-23,True,0.0284711312143693,0.0,0.0284711312143693,36079.192448390524
2003-04-24,True,-0.0130401545407151,0.0,-0.0130401545407151,35608.71420315931
2003-04-25,True,-0.0675666957697004,0.0,-0.0675666957697004,33202.75104384423
2003-04-28,True,0.0662304768175915,0.0,0.0662304768175915,35401.78507713381
2003-04-29,True,0.0261016581538072,0.0,0.0261016581538072,36325.830369251715
2003-04-30,True,-0.0288971259684195,0.0,-0.0288971259684195,35276.118273164
2003-05-01,True,0.0193204854955437,0.0,0.0193204854955437,35957.67000459976
2003-05-02,True,0.0622871084179418,0.0,0.0622871084179418,38197.36929463283
2003-05-05,True,-0.0003110099032188,0.0,-0.0003110099032188,38185.489534505294
2003-05-06,True,0.0435444191300433,0.0,0.0435444191300433,39848.25449548168
2003-05-07,True,-0.0441316212752137,0.0,-0.0441316212752137,38089.68641960875
2003-05-08,True,-0.0452099605278914,0.0,-0.0452099605278914,36367.65320005848
2003-05-09,True,0.0664027152585952,0.0,0.0664027152585952,38782.564120125295
2003-05-12,True,0.044184494630945,0.0,0.044184494630945,40496.15211626525
2003-05-13,True,-0.0115766916544394,0.0,-0.0115766916544394,40027.34065002397
2003-05-14,True,-0.0203914431082791,0.0,-0.0203914431082791,39211.125410383305
2003-05-15,True,0.038574254453631,0.0,0.038574254453631,40723.66533937667
2003-05-16,True,-0.02186917411773,0.0,-0.02186917411773,39833.07241135767
2003-05-19,True,-0.1091846341082411,0.0,-0.1091846341082411,35483.91297471651
2003-05-20,True,0.000900520577244,0.0,0.000900520577244,35515.866968511385
2003-05-21,True,0.0021667488862354,0.0,0.0021667488862354,35592.82093370909
2003-05-22,True,0.0477963649000677,0.0,0.0477963649000677,37294.02839087941
2003-05-23,True,-0.0037834771353507,0.0,-0.0037834771353507,37152.9272871774
2003-05-27,True,0.1128342099369601,0.0,0.1128342099369601,41345.048484471394
2003-05-28,True,0.0017948039923502,0.0,0.0017948039923502,41419.25474255523
2003-05-29,True,0.0216862572863591,0.0,0.0216862572863591,42317.48335751154
2003-05-30,True,0.0407204171768566,0.0,0.0407204171768566,44040.6689337041
2003-06-02,True,-0.0320300734387022,0.0,-0.0320300734387022,42630.04307346799
2003-06-03,True,0.0339497506683419,0.0,0.0339497506683419,44077.322406792904
2003-06-04,True,0.0654826816540689,0.0,0.0654826816540689,46963.62367812068
2003-06-05,True,0.0169779070315775,0.0,0.0169779070315775,47760.967714793805
2003-06-06,True,-0.0453974230300144,0.0,-0.0453974230300144,45592.74285912245
2003-06-09,True,-0.0434952918506289,0.0,-0.0434952918506289,43609.673202194244
2003-06-10,True,0.0436944383476335,0.0,0.0436944383476335,45515.17337928797
2003-06-11,True,0.0376501062408027,0.0,0.0376501062408027,47228.82449258672
2003-06-12,True,0.0025719279182057,0.0,0.0025719279182057,47350.29362484324
2003-06-13,True,-0.0620733908239443,0.0,-0.0620733908239443,44411.10034303983
2003-06-16,True,0.0938048722892682,0.0,0.0938048722892682,48577.077938944545
2003-06-17,True,-0.0047767812332433,0.0,-0.0047767812332433,48345.03586468
2003-06-18,True,0.0199492853115628,0.0,0.0199492853115628,49309.48477854223
2003-06-19,True,-0.0529748147731047,0.0,-0.0529748147731047,46697.32395584173
2003-06-20,True,-0.0061561316581168,0.0,-0.0061561316581168,46409.84908148784
2003-06-23,True,-0.0570274976019298,0.0,-0.0570274976019298,43763.21152428737
2003-06-24,True,-0.0212348553420219,0.0,-0.0212348553420219,42833.906058266824
2003-06-25,True,-0.0085495525267664,0.0,-0.0085495525267664,42467.695328495094
2003-06-26,True,0.0662039498159335,0.0,0.0662039498159335,45279.22449882114
2003-06-27,True,-0.0231336929282859,0.0,-0.0231336929282859,44231.74882323449
2003-06-30,True,-0.0089016967150323,0.0,-0.0089016967150323,43838.01121003457
2003-07-01,True,0.0390802086474807,0.0,0.0390802086474807,45551.20983481332
2003-07-02,True,0.0698735913839002,0.0,0.0698735913839002,48734.03645785336
2003-07-03,True,-0.0347661424758939,0.0,-0.0347661424758939,47039.742002934225
2003-07-07,True,0.1230927469299176,0.0,0.1230927469299176,52829.99306095002
2003-07-08,True,0.0385021200183277,0.0,0.0385021200183277,54864.05979435015
2003-07-09,True,-0.007482062624897,0.0,-0.007482062624897,54453.563463112725
2003-07-10,True,-0.0614703599510371,0.0,-0.0614703599510371,51106.28331641854
2003-07-11,True,0.0281224597361336,0.0,0.0281224597361336,52543.51771124796
2003-07-14,True,0.035473442805924,0.0,0.035473442805924,54407.417181599965
2003-07-15,True,-0.0030063356462781,0.0,-0.0030063356462781,54243.850223905
2003-07-16,True,-0.0058130041162833,0.0,-0.0058130041162833,53928.53049927039
2003-07-17,True,-0.0837733530272179,0.0,-0.0837733530272179,49410.75667551592
2003-07-18,True,0.0094176358922333,0.0,0.0094176358922333,49876.08919104566
2003-07-21,True,-0.0456171312218529,0.0,-0.0456171312218529,47600.885085584894
2003-07-22,True,0.0406741938015964,0.0,0.0406741938015964,49537.01271068349
2003-07-23,True,0.0259112204368918,0.0,0.0259112204368918,50820.57716681513
2003-07-24,True,-0.0349730912542737,0.0,-0.0349730912542737,49043.22448396524
2003-07-25,True,0.0586771683820084,0.0,0.0586771683820084,51920.942025007505
2003-07-28,True,0.0051422368628762,0.0,0.0051422368628762,52187.93180704375
2003-07-29,True,-0.012625688776849,0.0,-0.012625688776849,51529.023222140604
2003-07-30,True,-0.0268645211147047,0.0,-0.0268645211147047,50144.720689769296
2003-07-31,True,0.0311720696086551,0.0,0.0311720696086551,51707.835413617344
2003-08-01,True,-0.0296689343863025,0.0,-0.0296689343863025,50173.719037473005
2003-08-04,True,0.0071456445061096,0.0,0.0071456445061096,50532.24259726421
2003-08-05,True,-0.089211950476209,0.0,-0.089211950476209,46024.16267322529
2003-08-06,True,-0.0356603589586449,0.0,-0.0356603589586449,44382.92451152701
2003-08-07,True,0.0049696215096185,0.0,0.0049696215096185,44603.49084783926
2003-08-08,True,-0.0244435877062419,0.0,-0.0244435877062419,43513.221507295544
2003-08-11,True,0.0393435342870293,0.0,0.0393435342870293,45225.185429606936
2003-08-12,True,0.0430023476521543,0.0,0.0430023476521543,47169.974576084045
2003-08-13,True,-0.0008651659402835,0.0,-0.0008651659402835,47129.164720676774
2003-08-14,True,0.0278195756656664,0.0,0.0278195756656664,48440.278084683305
2003-08-15,True,0.0040786785906145,0.0,0.0040786785906145,48637.85040983071
2003-08-18,True,0.0745481098419157,0.0,0.0745481098419157,52263.71022465743
2003-08-19,True,0.0346768261866362,0.0,0.0346768261866362,54076.04981998659
2003-08-20,True,2.508435975302921e-05,0.0,2.508435975302921e-05,54077.406283074306
2003-08-21,True,0.0343703256968624,0.0,0.0343703256968624,55936.06434986512
2003-08-22,True,-0.0231388058718507,0.0,-0.0231388058718507,54641.77061563824
2003-08-25,True,0.0047597219368036,0.0,0.0047597219368036,54901.85024990329
2003-08-26,True,0.0054642067999357,0.0,0.0054642067999357,55201.84531336787
2003-08-27,True,0.0225735992403399,0.0,0.0225735992403399,56447.949646799076
2003-08-28,True,0.030410605864313,0.0,0.030410605864313,58164.56599535647
2003-08-29,True,0.0199044585596788,0.0,0.0199044585596788,59322.30018885274
2003-09-02,True,0.0444219828997872,0.0,0.0444219828997872,61957.514393418
2003-09-03,True,-0.0020514560744561,0.0,-0.0020514560744561,61830.41127415742
2003-09-04,True,0.0287593091090191,0.0,0.0287593091090191,63608.611184328685
2003-09-05,True,-0.0248841624950091,0.0,-0.0248841624950091,62025.764167536
2003-09-08,True,0.0546278500293496,0.0,0.0546278500293496,65414.09831043596
2003-09-09,True,-0.0350487423602571,0.0,-0.0350487423602571,63121.416432024955
2003-09-10,True,-0.0838579634242031,0.0,-0.0838579634242031,57828.183001584315
2003-09-11,True,0.0416356528702771,0.0,0.0416356528702771,60235.89715515713
2003-09-12,True,0.0151013551995945,0.0,0.0151013551995945,61145.5408338634
2003-09-15,True,-0.0218552718116801,0.0,-0.0218552718116801,59809.18841886713
2003-09-16,True,0.0779513503646969,0.0,0.0779513503646969,64471.39542033442
2003-09-17,True,-0.013127019261453,0.0,-0.013127019261453,63625.07817083893
2003-09-18,True,0.0507678371140155,0.0,0.0507678371140155,66855.1857757826
2003-09-19,True,-0.0169296824321932,0.0,-0.0169296824321932,65723.34871165332
2003-09-22,True,-0.0559618417539795,0.0,-0.0559618417539795,62045.34907151016
2003-09-23,True,0.0478655957445252,0.0,0.0478655957445252,65015.18666799501
2003-09-24,True,-0.1049043658067475,0.0,-0.1049043658067475,58194.80974278169
2003-09-25,True,-0.0311720146623319,0.0,-0.0311720146623319,56380.76028020809
2003-09-26,True,-0.0372680620252752,0.0,-0.0372680620252752,54279.55860905312
2003-09-29,True,0.059964169622983,0.0,0.059964169622983,57534.38726854702
2003-09-30,True,-0.0715229524890674,0.0,-0.0715229524890674,53419.35802145113
2003-10-01,True,0.0727412247589895,0.0,0.0727412247589895,57305.14754977044
2003-10-02,True,0.0038874605905998,0.0,0.0038874605905998,57527.91905250868
2003-10-03,True,0.0856860737127415,0.0,0.0856860737127415,62457.26056498257
2003-10-06,True,0.0138501617782839,0.0,0.0138501617782839,63322.30372803601
2003-10-07,True,0.0235139966381803,0.0,0.0235139966381803,64811.26416501888
2003-10-08,True,-0.0219533422578559,0.0,-0.0219533422578559,63388.44030063991
2003-10-09,True,0.0315098380936121,0.0,0.0315098380936121,65385.79979151966
2003-10-10,True,0.0169426920416644,0.0,0.0169426920416644,66493.6112612853
2003-10-13,True,0.0209680369194285,0.0,0.0209680369194285,67887.85175711807
2003-10-14,True,0.0125300188139503,0.0,0.0125300188139503,68738.48781687343
2003-10-15,True,-0.0065492946607858,0.0,-0.0065492946607858,68288.29920562389
2003-10-16,True,0.0192341038641683,0.0,0.0192341038641683,69601.76344525226
2003-10-17,True,-0.0688046931761929,0.0,-0.0688046931761929,64812.83546687972
2003-10-20,True,0.0328379469130132,0.0,0.0328379469130132,66941.15591722298
2003-10-21,True,0.0272235867824799,0.0,0.0272235867824799,68763.534284655
2003-10-22,True,-0.0733306384865797,0.0,-0.0733306384865797,63721.06041096744
2003-10-23,True,-0.020155353897129,0.0,-0.020155353897129,62436.73988768405
2003-10-24,True,-0.0163936815543587,0.0,-0.0163936815543587,61413.17185667304
2003-10-27,True,0.0148159304197333,0.0,0.0148159304197333,62323.06513775663
2003-10-28,True,0.0927372418268265,0.0,0.0927372418268265,68102.73430082582
2003-10-29,True,-0.0002785485684295,0.0,-0.0002785485684295,68083.76438168019
2003-10-30,True,-0.0054339174056044,0.0,-0.0054339174056044,67713.80282936752
2003-10-31,True,-0.0021627303274889,0.0,-0.0021627303274889,67567.35613439884
2003-11-03,True,0.056569586425324,0.0,0.056569586425324,71389.61352677435
2003-11-04,True,-0.0286506764440469,0.0,-0.0286506764440469,69344.2528081532
2003-11-05,True,0.0003105633813612,0.0,0.0003105633813612,69365.78859378325
2003-11-06,True,0.0220091713002298,0.0,0.0220091713002298,70892.47211731934
2003-11-07,True,-0.0070460638294197,0.0,-0.0070460638294197,70392.95923375535
2003-11-10,True,-0.0462350063475393,0.0,-0.0462350063475393,67138.34031676059
2003-11-11,True,-0.0106287966866524,0.0,-0.0106287966866524,66424.74054765447
2003-11-12,True,0.0720365523707073,0.0,0.0720365523707073,71209.74984882622
2003-11-13,True,-0.0076522852723817,0.0,-0.0076522852723817,70664.83252880807
2003-11-14,True,-0.0674896962142285,0.0,-0.0674896962142285,65895.68444840946
2003-11-17,True,-0.0293957445613669,0.0,-0.0293957445613669,63958.631740667595
2003-11-18,True,-0.0625965886024975,0.0,-0.0625965886024975,59955.039582018384
2003-11-19,True,0.0311488408528097,0.0,0.0311488408528097,61822.56956828259
2003-11-20,True,-0.0335937710326879,0.0,-0.0335937710326879,59745.71632155328
2003-11-21,True,0.021561614298408,0.0,0.021561614298408,61033.93041286072
2003-11-24,True,0.1003974813549867,0.0,0.1003974813549867,67161.58330350746
2003-11-25,True,-0.0168710671240643,0.0,-0.0168710671240643,66028.49572343554
2003-11-26,True,0.0185324713235363,0.0,0.0185324713235363,67252.16692696634
2003-11-28,True,0.0086795842671705,0.0,0.0086795842671705,67835.88777695876
2003-12-01,True,0.0480214019864654,0.0,0.0480214019864654,71093.46221300484
2003-12-02,True,-0.0315574926602147,0.0,-0.0315574926602147,68849.93080102869
2003-12-03,True,-0.0254596121493985,0.0,-0.0254596121493985,67097.03826632157
2003-12-04,True,0.0265788813673148,0.0,0.0265788813673148,68880.40248650033
2003-12-05,True,-0.0534106069603293,0.0,-0.0534106069603293,65201.45838202457
2003-12-08,True,0.0236879672112664,0.0,0.0236879672112664,66745.94839030472
2003-12-09,True,-0.0728211160265252,0.0,-0.0728211160265252,61885.433938273876
2003-12-10,True,0.0114248550698554,0.0,0.0114248550698554,62592.46605195377
2003-12-11,True,0.0604117445036367,0.0,0.0604117445036367,66373.78611893696
2003-12-12,True,0.0005909355252789,0.0,0.0005909355252789,66413.00874710189
2003-12-15,True,-0.0433527622114226,0.0,-0.0433527622114226,63533.82137114366
2003-12-16,True,0.0138090273633244,0.0,0.0138090273633244,64411.161648954345
2003-12-17,True,-0.0070773662449135,0.0,-0.0070773662449135,63955.30026770438
2003-12-18,True,0.0670281843778027,0.0,0.0670281843778027,68242.1079259858
2003-12-19,True,-0.0108378136211408,0.0,-0.0108378136211408,67502.51267917018
2003-12-22,True,0.0115882539355254,0.0,0.0115882539355254,68284.74893738244
2003-12-23,True,0.0344252390713049,0.0,0.0344252390713049,70635.46774447586
2003-12-24,True,-0.010381841254958,0.0,-0.010381841254958,69902.14153138301
2003-12-26,True,0.0013287660067157,0.0,0.0013287660067157,69995.02512084653
2003-12-29,True,0.0550163776684158,0.0,0.0550163776684158,73845.89785780528
2003-12-30,True,-0.000801089722594,0.0,-0.000801089722594,73786.74066797568
2003-12-31,True,-0.0043321803875362,0.0,-0.0043321803875362,73467.08319719364
2004-01-02,True,-0.0089565777166799,0.0,-0.0089565777166799,72809.06955692019
2004-01-05,True,0.0675978156754344,0.0,0.0675978156754344,77730.80362032878
2004-01-06,True,0.0093159742746878,0.0,0.0093159742746878,78454.94178720657
2004-01-07,True,0.0259126549248549,0.0,0.0259126549248549,80487.91762088802
2004-01-08,True,0.0324068990616356,0.0,0.0324068990616356,83096.28144290939
2004-01-09,True,-0.0200361048618751,0.0,-0.0200361048618751,81431.35563428738
2004-01-12,True,0.0380356300140894,0.0,0.0380356300140894,84528.64854873886
2004-01-13,True,-0.0292704395115158,0.0,-0.0292704395115158,82054.45785440283
2004-01-14,True,0.0182331413167294,0.0,0.0182331413167294,83550.56838012977
2004-01-15,True,-0.0041123597329251,0.0,-0.0041123597329251,83206.97838706031
2004-01-16,True,0.0422521288780613,0.0,0.0422521288780613,86722.65036142446
2004-01-20,True,-0.0015130289116968,0.0,-0.0015130289116968,86591.43648412864
2004-01-21,True,-0.0121778912754273,0.0,-0.0121778912754273,85536.93538524186
2004-01-22,True,-0.0314492772527902,0.0,-0.0314492772527902,82846.86058895738
2004-01-23,True,0.0014832709635322,0.0,0.0014832709635322,82969.74493168878
2004-01-26,True,0.0439198063016844,0.0,0.0439198063016844,86613.76005798871
2004-01-27,True,-0.0665473525043374,0.0,-0.0665473525043374,80849.84363568365
2004-01-28,True,-0.0546864532935866,0.0,-0.0546864532935866,76428.45243790705
2004-01-29,True,0.0096481429063328,0.0,0.0096481429063328,77165.84506913784
2004-01-30,True,-0.0067219969704769,0.0,-0.0067219969704769,76647.13649235881
2004-02-02,True,-0.010595163105668,0.0,-0.010595163105668,75835.04757963988
2004-02-03,True,0.0080189561033505,0.0,0.0080189561033505,76443.16549727651
2004-02-04,True,-0.0588660690897999,0.0,-0.0588660690897999,71943.25683567082
2004-02-05,True,0.0048972088046829,0.0,0.0048972088046829,72295.57798648403
2004-02-06,True,0.0693929189596174,0.0,0.0693929189596174,77312.37917083883
2004-02-09,True,-0.0161577088832345,0.0,-0.0161577088832345,76063.18825512617
2004-02-10,True,0.0188074150646952,0.0,0.0188074150646952,77493.74020778439
2004-02-11,True,0.0277084106565759,0.0,0.0277084106565759,79640.96858477568
2004-02-12,True,-0.0255059331973048,0.0,-0.0255059331973048,77609.65136028374
2004-02-13,True,-0.033775762538851,0.0,-0.033775762538851,74988.32620521578
2004-02-17,True,0.0445953832435769,0.0,0.0445953832435769,78332.45935113174
2004-02-18,True,0.00176545291175,0.0,0.00176545291175,78470.75161957771
2004-02-19,True,-0.0452210226817773,0.0,-0.0452210226817773,74922.22398073268
2004-02-20,True,-0.005522038583223,0.0,-0.005522038583223,74508.5005691702
2004-02-23,True,-0.0372108918663484,0.0,-0.0372108918663484,71735.97281136704
2004-02-24,True,-0.0035517994385984,0.0,-0.0035517994385984,71481.18102340832
2004-02-25,True,0.0166966361684665,0.0,0.0166966361684665,72674.67629584846
2004-02-26,True,0.0140326651280852,0.0,0.0140326651280852,73694.49569160008
2004-02-27,True,-0.0137763522838452,0.0,-0.0137763522838452,72679.2543575723
2004-03-01,True,0.038922192980115,0.0,0.038922192980115,75508.09032132858
2004-03-02,True,-0.0328373432331174,0.0,-0.0328373432331174,73028.60524256989
2004-03-03,True,-0.0145869246183619,0.0,-0.0145869246183619,71963.34248291241
2004-03-04,True,0.0311790815911051,0.0,0.0311790815911051,74207.09340975578
2004-03-05,True,-0.0170172408378534,0.0,-0.0170172408378534,72944.29342932487
2004-03-08,True,-0.0649761169677739,0.0,-0.0649761169677739,68204.65648732943
2004-03-09,True,-0.0076656432796747,0.0,-0.0076656432796747,67681.82392068482
2004-03-10,True,-0.0417446667545484,0.0,-0.0417446667545484,64856.46873577582
2004-03-11,True,-0.0324487536970725,0.0,-0.0324487536970725,62751.95715610675
2004-03-12,True,0.0624060796687539,0.0,0.0624060796687539,66668.06079376099
2004-03-15,True,-0.0661495531227861,0.0,-0.0661495531227861,62257.99836469095
2004-03-16,True,0.015362564107546,0.0,0.015362564107546,63214.44085577602
2004-03-17,True,0.0464561050928395,0.0,0.0464561050928395,66151.13756355704
2004-03-18,True,-0.0234130313236817,0.0,-0.0234130313236817,64602.338907684316
2004-03-19,True,-0.0406727664965727,0.0,-0.0406727664965727,61974.783062159615
2004-03-22,True,-0.0369399626946323,0.0,-0.0369399626946323,59685.436887835516
2004-03-23,True,-0.0247160051224532,0.0,-0.0247160051224532,58210.251323979915
2004-03-24,True,0.0258160894873413,0.0,0.0258160894873413,59713.01238124042
2004-03-25,True,0.0954568153553129,0.0,0.0954568153553129,65413.026378425995
2004-03-26,True,-0.0220957223314574,0.0,-0.0220957223314574,63967.678310708
2004-03-29,True,0.0569912356164165,0.0,0.0569912356164165,67613.27533714869
2004-03-30,True,0.0060477325729285,0.0,0.0060477325729285,68022.18234476754
2004-03-31,True,-0.0142651377132656,0.0,-0.0142651377132656,67051.83654606256
2004-04-01,True,0.0308218911948985,0.0,0.0308218911948985,69118.50095650343
2004-04-02,True,0.0764804434449905,0.0,0.0764804434449905,74404.71455990981
2004-04-05,True,0.0363085065453525,0.0,0.0363085065453525,77106.2386255134
2004-04-06,True,-0.0294825478969399,0.0,-0.0294825478969399,74832.95025208381
2004-04-07,True,-0.0234068586915537,0.0,-0.0234068586915537,73081.34596006123
2004-04-08,True,0.0071202796683249,0.0,0.0071202796683249,73601.70558183448
2004-04-12,True,0.0209767560694444,0.0,0.0209767560694444,75145.6306061197
2004-04-13,True,-0.0462921318549609,0.0,-0.0462921318549609,71666.97916577701
2004-04-14,True,0.0055954623445823,0.0,0.0055954623445823,72067.98904904908
2004-04-15,True,-0.033021886726652,0.0,-0.033021886726652,69688.16807805377
2004-04-16,True,-0.0214237511572994,0.0,-0.0214237511572994,68195.1861065415
2004-04-19,True,0.0504894134506156,0.0,0.0504894134506156,71638.32105321635
2004-04-20,True,-0.0745443584117981,0.0,-0.0745443584117981,66298.08837260593
2004-04-21,True,0.0293907985841924,0.0,0.0293907985841924,68246.64213448217
2004-04-22,True,0.0712412316705889,0.0,0.0712412316705889,73108.6169775246
2004-04-23,True,0.0231766580437145,0.0,0.0231766580437145,74803.03039326158
2004-04-26,True,-0.0330942150242543,0.0,-0.0330942150242543,72327.48282096114
2004-04-27,True,-0.0022160585944942,0.0,-0.0022160585944942,72167.20088103763
2004-04-28,True,-0.0536813743531619,0.0,-0.0536813743531619,68293.16635452281
2004-04-29,True,-0.0448087773242691,0.0,-0.0448087773242691,65233.03307057373
2004-04-30,True,-0.062945324657779,0.0,-0.062945324657779,61126.918625534825
2004-05-03,True,0.0297523609472683,0.0,0.0297523609472683,62945.58877207604
2004-05-04,True,0.0143875015650756,0.0,0.0143875015650756,63851.218529048885
2004-05-05,True,0.013242907441009,0.0,0.013242907441009,64696.79430602471
2004-05-06,True,-0.0269937821221661,0.0,-0.0269937821221661,62950.38313652529
2004-05-07,True,-0.0200134693537247,0.0,-0.0200134693537247,61690.52757281721
2004-05-10,True,-0.019464440314754,0.0,-0.019464440314754,60489.75598089042
2004-05-11,True,0.0531611814038147,0.0,0.0531611814038147,63705.462871663025
2004-05-12,True,-0.014966025678954,0.0,-0.014966025678954,62752.04527843607
2004-05-13,True,0.0047233306731358,0.0,0.0047233306731358,63048.44393870171
2004-05-14,True,-0.0365657321292183,0.0,-0.0365657321292183,60743.03142647511
2004-05-17,True,-0.0428254370365906,0.0,-0.0428254370365906,58141.684558708956
2004-05-18,True,0.0381277050989209,0.0,0.0381277050989209,60358.49356151789
2004-05-19,True,-0.0024960580664982,0.0,-0.0024960580664982,60207.83525678198
2004-05-20,True,0.001068881405179,0.0,0.001068881405179,60272.19029233403
2004-05-21,True,0.0241987754781016,0.0,0.0241987754781016,61730.70349279164
2004-05-24,True,0.0122849836779116,0.0,0.0122849836779116,62489.064177626584
2004-05-25,True,0.0715355730053689,0.0,0.0715355730053689,66959.25519014237
2004-05-26,True,0.0126725429009515,0.0,0.0126725429009515,67807.79922415521
2004-05-27,True,0.0189953737652933,0.0,0.0189953737652933,69095.83371462
2004-05-28,True,0.0063051124720443,0.0,0.0063051124720443,69531.49071754036
2004-06-01,True,0.0046720930468922,0.0,0.0046720930468922,69856.34831186183
2004-06-02,True,-0.0089001781093234,0.0,-0.0089001781093234,69234.61436981932
2004-06-03,True,-0.0390240329279259,0.0,-0.0390240329279259,66532.80049889925
2004-06-04,True,0.0203291048062545,0.0,0.0203291048062545,67885.352773295
2004-06-07,True,0.0749924336321204,0.0,0.0749924336321204,72976.2405857394
2004-06-08,True,0.0090132913021954,0.0,0.0090132913021954,73633.99670027776
2004-06-09,True,-0.0531611292562884,0.0,-0.0531611292562884,69719.53028403719
2004-06-10,True,0.023948961978166,0.0,0.023948961978166,71389.24066394521
2004-06-14,True,-0.0459159479126798,0.0,-0.0459159479126798,68111.33600809373
2004-06-15,True,0.0422047251592572,0.0,0.0422047251592572,70985.95622454515
2004-06-16,True,0.0015226376461356,0.0,0.0015226376461356,71094.04211383958
2004-06-17,True,-0.0324304251071019,0.0,-0.0324304251071019,68788.43210550555
2004-06-18,True,0.0011911591496569,0.0,0.0011911591496569,68870.37007579858
2004-06-21,True,-0.023472089920226,0.0,-0.023472089920226,67253.83855654018
2004-06-22,True,0.0445925479366288,0.0,0.0445925479366288,70252.858576295
2004-06-23,True,0.0378563000589408,0.0,0.0378563000589408,72912.37187055754
2004-06-24,True,-0.0105444276936153,0.0,-0.0105444276936153,72143.55263739848
2004-06-25,True,0.0202180599986138,0.0,0.0202180599986138,73602.15531313454
2004-06-28,True,-0.0107141579783389,0.0,-0.0107141579783389,72813.5701935634
2004-06-29,True,0.0251943779039764,0.0,0.0251943779039764,74648.06279755774
2004-06-30,True,0.0218167531157316,0.0,0.0218167531157316,76276.64115417968
2004-07-01,True,-0.0536228905067311,0.0,-0.0536228905067311,72186.46717734789
2004-07-02,True,-0.0169570233549332,0.0,-0.0169570233549332,70962.39956751149
2004-07-06,True,-0.0719422108348757,0.0,-0.0719422108348757,65857.20765647688
2004-07-07,True,0.0139896137967191,0.0,0.0139896137967191,66778.52455732132
2004-07-08,True,-0.0441958850374755,0.0,-0.0441958850374755,63827.18856301371
2004-07-09,True,0.0185147542547701,0.0,0.0185147542547701,65008.93327403078
2004-07-12,True,-0.0165186393892611,0.0,-0.0165186393892611,63935.07414819653
2004-07-13,True,-0.0072661679992115,0.0,-0.0072661679992115,63470.51115839368
2004-07-14,True,-0.0266021025329437,0.0,-0.0266021025329437,61782.062112739746
2004-07-15,True,-0.0003568956671405,0.0,-0.0003568956671405,61760.01236246471
2004-07-16,True,-0.0504021093506951,0.0,-0.0504021093506951,58647.17746587148
2004-07-19,True,0.0098310582637597,0.0,0.0098310582637597,59223.741284543525
2004-07-20,True,0.0521098507830628,0.0,0.0521098507830628,62309.8816056958
2004-07-21,True,-0.0729139172401306,0.0,-0.0729139172401306,57766.624055055756
2004-07-22,True,0.0473875982724525,0.0,0.0473875982724525,60504.04562933253
2004-07-23,True,-0.0704335588356773,0.0,-0.0704335588356773,56242.530371702436
2004-07-26,True,-0.0155268823733268,0.0,-0.0155268823733268,55369.259218242754
2004-07-27,False,-0.006031927143633202,0.0005007341068886625,-0.006532661250521864,55007.55060407764
2004-07-28,False,0.0019044733111050697,1.5745890187203737e-06,0.0019028987220863494,55112.22440182723
2004-07-29,False,-0.0006392212227855827,3.6036014605561606e-07,-0.0006395815829316383,55076.97563810543
2004-07-30,False,0.00817636124592481,3.9946073901506177e-07,0.008175961785185796,55527.28288616619
2004-08-02,False,-0.0009690820872427641,5.123161285093686e-07,-0.0009695944033712735,55473.443943445345
2004-08-03,False,-0.00016848477591079554,3.2567725395687976e-07,-0.00016881045316475242,55464.07944623464
2004-08-04,False,-0.0053830219428864234,2.0371289191914306e-06,-0.005385059071805615,55165.40210205335
2004-08-05,False,-0.00040779747463278864,2.1684387564602226e-07,-0.00040801431850843463,55142.89382810944
2004-08-06,False,0.012840101992309021,1.3157198993080932e-06,0.012838786272409712,55850.861656410714
2004-08-09,False,-0.002456672302716332,5.235073689341397e-07,-0.0024571958100852664,55713.62515315893
2004-08-10,False,-0.0037139887764270334,1.006406319035577e-06,-0.003714995182746069,55506.64930410162
2004-08-11,False,-0.0042876374933316155,1.6521989273202835e-06,-0.004289289692258936,55268.56520538971
2004-08-12,False,0.0012300586053790416,1.3815362871029412e-07,0.0012299204517503314,55336.541144074705
2004-08-13,False,0.007554483519960409,9.719104650819239e-07,0.007553511609495327,55754.5263500358
2004-08-16,False,-0.0013638859327312891,2.2861452823004643e-06,-0.0013661720780135896,55678.3560729135
2004-08-17,False,-0.002108103259563588,9.990889727928693e-07,-0.002109102348536381,55560.92472135748
2004-08-18,False,-0.0013539142917665366,7.804042184636484e-07,-0.0013546946959850004,55485.65663133343
2004-08-19,False,0.004893205931577187,8.548376408781533e-07,0.004892351093936309,55757.11194425151
2004-08-20,False,-0.0024348141401560066,2.3281997102161946e-06,-0.0024371423398662226,55621.22392598351
2004-08-23,False,-0.008017358706008277,2.266948488196502e-06,-0.008019625654496473,55175.162531652204
2004-08-24,False,-0.007280576083006712,1.222328603564471e-06,-0.007281798411610277,54773.38812076888
2004-08-25,False,-0.0022379612935774,8.104869561739587e-07,-0.002238771780533574,54650.7630051199
2004-08-26,False,-0.0012145389677379796,7.18449423531567e-07,-0.0012152574171615113,54584.348260024395
2004-08-27,False,-0.001322953655151668,1.7231055422943508e-07,-0.0013231259657058973,54512.12629152041
2004-08-30,False,-0.002445118439836846,1.257220980897214e-06,-0.002446375660817743,54378.76915254142
2004-08-31,False,0.005162803334569421,2.2099294597649477e-07,0.005162582341623445,54659.50402592755
2004-09-01,False,0.004608769686989465,1.3688961252019682e-06,0.004607400790864263,54911.34226800486
2004-09-02,False,-8.814743013912044e-05,1.0464501469143878e-06,-8.919388028603483e-05,54906.444512316266
2004-09-03,False,-0.005777081094625841,1.0775106035538912e-06,-0.005778158605229395,54589.186367474875
2004-09-07,False,-0.0005657722147904418,1.1761856341541283e-06,-0.0005669484004245959,54558.23711558335
2004-09-08,False,0.0036279748183737325,1.3559561387065239e-06,0.003626618862235026,54756.099047397016
2004-09-09,False,0.006009734512119007,1.2873599751065529e-06,0.006008447152143901,55085.09817478086
2004-09-10,False,0.003354137459407844,5.442554055296172e-07,0.0033535932040023144,55269.8311856616
2004-09-13,False,0.001832610550629342,1.3154874653535654e-06,0.0018312950631639883,55371.04655465382
2004-09-14,False,0.009911782612185636,1.3452333592592902e-06,0.009910437378826378,55919.79784413379
2004-09-15,False,-0.002309072916042593,1.4549046207841532e-07,-0.0023092184065046715,55790.666817664096
2004-09-16,False,0.00593653524459143,1.6706595300528954e-06,0.005934864585061378,56121.77687033721
2004-09-17,False,0.004588657506926354,1.1975479303215491e-06,0.004587459958996032,56379.2332745576
2004-09-20,False,0.0035094647342212605,1.1586186534259108e-06,0.0035083061155678345,56577.02888344575
2004-09-21,False,0.007514095863645705,1.2430092201678872e-06,0.007512852854425537,57002.08377638766
2004-09-22,False,0.00415468591852393,2.371034775452127e-06,0.004152314883748478,57238.77437725705
2004-09-23,False,0.006506024482184309,1.4323370454642493e-06,0.0065045921451388445,57611.08925946872
2004-09-24,False,3.2950947285473785e-05,1.6377875421347972e-06,3.131315974333899e-05,57612.89324470969
2004-09-27,False,0.006875655372900012,1.4408175396587314e-06,0.006874214555360353,58008.9366340289
2004-09-28,False,0.0032527962654739263,6.85755941170374e-07,0.003252110509532756,58197.58810650324
2004-09-29,False,-0.0016808185897432982,7.848339604876464e-07,-0.0016816034237037859,58099.72284309204
2004-09-30,False,0.00656429656882001,7.725460173590021e-07,0.006563524022802651,58481.061769690845
2004-10-01,False,0.0006224506578971165,8.754492522704272e-07,0.0006215752086448462,58517.41214786212
2004-10-04,False,-0.0057725098516281485,1.2601892454476295e-06,-0.005773770040873596,58179.54606673334
2004-10-05,False,0.004210193299632917,8.450893894927231e-07,0.004209348210243424,58424.44403484212
2004-10-06,False,0.0022197342255482998,8.492144477250524e-07,0.0022188850111005748,58554.08115799292
2004-10-07,True,-0.0379206705197035,0.0005,-0.0384206705197035,56304.394098237695
2004-10-08,True,-0.0512222217961271,0.0,-0.0512222217961271,53420.357935641216
2004-10-11,True,0.0140987904218945,0.0,0.0140987904218945,54173.52036643841
2004-10-12,True,-0.005791321414433,0.0,-0.005791321414433,53859.78409784503
2004-10-13,True,-0.0012238837482182,0.0,-0.0012238837482182,53793.86598340514
2004-10-14,True,-0.0194408665069482,0.0,-0.0194408665069482,52748.0666159291
2004-10-15,True,0.012049287941202,0.0,0.012049287941202,53383.64325892613
2004-10-18,True,0.0551019531193363,0.0,0.0551019531193363,56325.18626711885
2004-10-19,True,-0.0279100415132629,0.0,-0.0279100415132629,54753.147980161295
2004-10-20,True,0.0174800234454277,0.0,0.0174800234454277,55710.23429056549
2004-10-21,True,0.0464417189905324,0.0,0.0464417189905324,58297.513336384654
2004-10-22,True,-0.074428898185754,0.0,-0.074428898185754,53958.49365178824
2004-10-25,True,-0.0119492500954902,0.0,-0.0119492500954902,53313.73011636711
2004-10-26,True,0.0199392805109823,0.0,0.0199392805109823,54376.76753624416
2004-10-27,True,0.0787182624961532,0.0,0.0787182624961532,58657.212196854525
2004-10-28,True,0.0142694918447496,0.0,0.0142694918447496,59494.22080793329
2004-10-29,True,-0.0009087469824546,0.0,-0.0009087469824546,59440.155614300595
2004-11-01,True,0.0040724496673274,0.0,0.0040724496673274,59682.22265625794
2004-11-02,True,0.0120668463986009,0.0,0.0120668463986009,60402.3988697781
2004-11-03,True,0.0180792065454922,0.0,0.0180792065454922,61494.42631478803
2004-11-04,True,0.0244518843235645,0.0,0.0244518843235645,62998.080913581194
2004-11-05,True,0.0177807818057296,0.0,0.0177807818057296,64118.236044485275
2004-11-08,True,0.003609908375727,0.0,0.003609908375727,64349.697001819106
2004-11-09,True,-0.0003633212628416,0.0,-0.0003633212628416,64326.31738864093
2004-11-10,True,-0.0196363027771423,0.0,-0.0196363027771423,63063.18634385902
2004-11-11,True,0.0486176799785106,0.0,0.0486176799785106,66129.17215594993
2004-11-12,True,0.0324082855993092,0.0,0.0324082855993092,68272.30525362585
2004-11-15,True,0.0047993278132306,0.0,0.0047993278132306,68599.96642710295
2004-11-16,True,-0.0239991197622929,0.0,-0.0239991197622929,66953.62761712962
2004-11-17,True,0.043654275948678,0.0,0.043654275948678,69876.43975289284
2004-11-18,True,0.0183931024892454,0.0,0.0183931024892454,71161.68427085139
2004-11-19,True,-0.0545763534084584,0.0,-0.0545763534084584,67277.93904094426
2004-11-22,True,0.0311420332077348,0.0,0.0311420332077348,69373.11085270531
2004-11-23,True,-0.0109774269152215,0.0,-0.0109774269152215,68611.57259843817
2004-11-24,True,0.0381901346862531,0.0,0.0381901346862531,71231.85779700815
2004-11-26,True,-0.0082451608703625,0.0,-0.0082451608703625,70644.53967037702
2004-11-29,True,0.0040303064587279,0.0,0.0040303064587279,70929.25881488441
2004-11-30,True,-0.0170832146516863,0.0,-0.0170832146516863,69717.55906146472
2004-12-01,True,0.0679430390056097,0.0,0.0679430390056097,74454.38189615372
2004-12-02,True,0.0110869449967081,0.0,0.0110869449967081,75279.85353300028
2004-12-03,True,0.0022120016952732,0.0,0.0022120016952732,75446.3726966352
2004-12-06,True,0.0095302484957621,0.0,0.0095302484957621,76165.395376538
2004-12-07,True,-0.0561653345378219,0.0,-0.0561653345378219,71887.54046500927
2004-12-08,True,0.0236322733271905,0.0,0.0236322733271905,73586.40647009785
2004-12-09,True,0.0146436622342103,0.0,0.0146436622342103,74663.98095147527
2004-12-10,True,-0.0087425559588767,0.0,-0.0087425559588767,74011.22691989449
2004-12-13,True,0.0297898304101002,0.0,0.0297898304101002,76216.0088182816
2004-12-14,True,0.0115455403533462,0.0,0.0115455403533462,77095.96382366405
2004-12-15,True,-0.0071726431150083,0.0,-0.0071726431150083,76542.98198954931
2004-12-16,True,-0.0296941609602674,0.0,-0.0296941609602674,74270.1023619728
2004-12-17,True,-0.0206581985790205,0.0,-0.0206581985790205,72735.81583889498
2004-12-20,True,-0.008831504922832,0.0,-0.008831504922832,72093.44912324758
2004-12-21,True,0.0324700663479085,0.0,0.0324700663479085,74434.32819952899
2004-12-22,True,0.0079230752792824,0.0,0.0079230752792824,75024.07698521668
2004-12-23,True,0.0002600647796132,0.0,0.0002600647796132,75043.58810526352
2004-12-27,True,-0.011603180604159,0.0,-0.011603180604159,74172.84379929403
2004-12-28,True,0.0308639105582359,0.0,0.0308639105582359,76462.10781616546
2004-12-29,True,0.0012907896846286,0.0,0.0012907896846286,76560.80431619952
2004-12-30,True,-0.0023098876218428,0.0,-0.0023098876218428,76383.9574619912
2004-12-31,True,-0.0049906002036983,0.0,-0.0049906002036983,76002.7556683221
2005-01-03,True,-0.0327051833464209,0.0,-0.0327051833464209,73517.07160935641
2005-01-04,True,-0.0593870686942637,0.0,-0.0593870686942637,69151.10822749045
2005-01-05,True,-0.0155193190121917,0.0,-0.0155193190121917,68077.93011886143
2005-01-06,True,-0.0120873948231537,0.0,-0.0120873948231537,67255.04529877169
2005-01-07,True,0.0139249986802525,0.0,0.0139249986802525,68191.57171579741
2005-01-10,True,9.278068298059416e-05,0.0,9.278068298059416e-05,68197.89857639473
2005-01-11,True,-0.0222015873543133,0.0,-0.0222015873543133,66683.7969737703
2005-01-12,True,0.0237914996328767,0.0,0.0237914996328767,68270.30450499058
2005-01-13,True,-0.0395868158445011,0.0,-0.0395868158445011,65567.7005329035
2005-01-14,True,0.0308098598206812,0.0,0.0308098598206812,67587.83219508667
2005-01-18,True,0.0236716070520739,0.0,0.0236716070520739,69187.74480031028
2005-01-19,True,-0.0531978373758919,0.0,-0.0531978373758919,65507.106404018654
2005-01-20,True,-0.0604611944852802,0.0,-0.0604611944852802,61546.46850355734
2005-01-21,True,-0.0217482100267122,0.0,-0.0217482100267122,60207.94298013955
2005-01-24,True,-0.0459671428805206,0.0,-0.0459671428805206,57440.355862629236
2005-01-25,True,0.0199595383818765,0.0,0.0199595383818765,58586.83885013803
2005-01-26,True,0.0369935564278161,0.0,0.0369935564278161,60754.174379067976
2005-01-27,True,-0.0030234666822787,0.0,-0.0030234666822787,60570.486157023515
2005-01-28,True,-0.016220846919417,0.0,-0.016220846919417,59587.98157323577
2005-01-31,True,0.0402311003054795,0.0,0.0402311003054795,61985.27163690969
2005-02-01,True,0.0078324255113488,0.0,0.0078324255113488,62470.766659806504
2005-02-02,True,0.002711646482284,0.0,0.002711646482284,62640.165294465165
2005-02-03,True,-0.033287439002461,0.0,-0.033287439002461,60555.03461312158
2005-02-04,True,0.0520911094885064,0.0,0.0520911094885064,63709.413551233985
2005-02-07,True,-0.0107588572403642,0.0,-0.0107588572403642,63023.97306596894
2005-02-08,True,0.0070186869093962,0.0,0.0070186869093962,63466.31860070519
2005-02-09,True,-0.0507793249779362,0.0,-0.0507793249779362,60243.54178332674
2005-02-10,True,-8.390123010507204e-05,0.0,-8.390123010507204e-05,60238.487276065236
2005-02-11,True,0.0470204737755114,0.0,0.0470204737755114,63070.92948730593
2005-02-14,True,0.01496649645602,0.0,0.01496649645602,64014.88032995559
2005-02-15,True,0.0176021545070203,0.0,0.0176021545070203,65141.680144271886
2005-02-16,True,-0.0096067506141117,0.0,-0.0096067506141117,64515.88026854164
2005-02-17,True,-0.0450946311194556,0.0,-0.0450946311194556,61606.56044648479
2005-02-18,True,-0.0078083891087976,0.0,-0.0078083891087976,61125.51245086398
2005-02-22,True,-0.0423559444441515,0.0,-0.0423559444441515,58536.48364137489
2005-02-23,True,0.0059346967375697,0.0,0.0059346967375697,58883.87991987017
2005-02-24,True,0.0411901117538595,0.0,0.0411901117538595,61309.31351427046
2005-02-25,True,0.0180337988319417,0.0,0.0180337988319417,62414.953340711254
2005-02-28,True,-0.031333058352266,0.0,-0.031333058352266,60459.301965632796
2005-03-01,True,0.0320910119514261,0.0,0.0320910119514261,62399.5021475868
2005-03-02,True,-0.0040014956943201,0.0,-0.0040014956943201,62149.81080841552
2005-03-03,True,-0.0264687541364317,0.0,-0.0264687541364317,60504.78274650183
2005-03-04,True,0.0171106238193794,0.0,0.0171106238193794,61540.0573233505
2005-03-07,True,0.0484409846676441,0.0,0.0484409846676441,64521.118296596855
2005-03-08,True,-0.032263836951789,0.0,-0.032263836951789,62439.41945592836
2005-03-09,True,-0.0132226451043231,0.0,-0.0132226451043231,61613.80517194265
2005-03-10,True,0.0045985126987991,0.0,0.0045985126987991,61897.13703744716
2005-03-11,True,-0.0370131262143122,0.0,-0.0370131262143122,59606.13049197555
2005-03-14,True,0.0186950771856507,0.0,0.0186950771856507,60720.47170226099
2005-03-15,True,-0.0259346543784316,0.0,-0.0259346543784316,59145.70725496752
2005-03-16,True,-0.0317507622397684,0.0,-0.0317507622397684,57267.785966412106
2005-03-17,True,0.0026923263827691,0.0,0.0026923263827691,57421.969537452256
2005-03-18,True,-0.0066480670367031,0.0,-0.0066480670367031,57040.22443458775
2005-03-21,True,-3.493691944189936e-05,0.0,-3.493691944189936e-05,57038.23162486173
2005-03-22,True,-0.0392628634082051,0.0,-0.0392628634082051,54798.74732752922
2005-03-23,True,0.0135433359700239,0.0,0.0135433359700239,55540.9051733224
2005-03-24,True,-0.0038658389738614,0.0,-0.0038658389738614,55326.19297745983
2005-03-28,True,0.0055178546907781,0.0,0.0055178546907781,55631.4748709034
2005-03-29,True,-0.0171856678441304,0.0,-0.0171856678441304,54675.41082209297
2005-03-30,True,0.0559994406988926,0.0,0.0559994406988926,57737.20324811236
2005-03-31,True,-0.0186555810969131,0.0,-0.0186555810969131,56660.08217060824
2005-04-01,True,-0.0268047595670834,0.0,-0.0268047595670834,55141.3222909739
2005-04-04,True,0.0149134327099537,0.0,0.0149134327099537,55963.668690498205
2005-04-05,True,0.0141480459440261,0.0,0.0141480459440261,56755.44524632763
2005-04-06,True,-0.0063599530561587,0.0,-0.0063599530561587,56394.483278879605
2005-04-07,True,0.0384440211248728,0.0,0.0384440211248728,58562.51398537914
2005-04-08,True,-0.0283590934381263,0.0,-0.0283590934381263,56901.734179296196
2005-04-11,True,-0.0143691020953101,0.0,-0.0143691020953101,56084.1073514737
2005-04-12,True,0.0213952400829349,0.0,0.0213952400829349,57284.040293095575
2005-04-13,True,-0.0554929683166552,0.0,-0.0554929683166552,54105.17886006082
2005-04-14,True,-0.0423108956837841,0.0,-0.0423108956837841,51815.94028136031
2005-04-15,True,-0.0678722569226816,0.0,-0.0678722569226816,48299.07546989349
2005-04-18,True,0.0028227863788435,0.0,0.0028227863788435,48435.413442240635
2005-04-19,True,0.0228837343463089,0.0,0.0228837343463089,49543.79657640651
2005-04-20,True,-0.0295919548609915,0.0,-0.0295919548609915,48077.69878447534
2005-04-21,True,0.0862689161467419,0.0,0.0862689161467419,52225.30974944155
2005-04-22,True,-0.0543612968074704,0.0,-0.0543612968074704,49386.27418529009
2005-04-25,True,0.0338465929486882,0.0,0.0338465929486882,51057.83130489191
2005-04-26,True,-0.0353705062207957,0.0,-0.0353705062207957,49251.88996510189
2005-04-27,True,0.006895698801436,0.0,0.006895698801436,49591.51616370269
2005-04-28,True,-0.0306265545265291,0.0,-0.0306265545265291,48072.69888986181
2005-04-29,True,0.0243427593370665,0.0,0.0243427593370665,49242.92102962097
2005-05-02,True,0.0060266793284344,0.0,0.0060266793284344,49539.69232386192
2005-05-03,True,0.00808000284404,0.0,0.00808000284404,49939.97317873159
2005-05-04,True,0.0515371404191846,0.0,0.0515371404191846,52513.7365889742
2005-05-05,True,-0.0043485142102323,0.0,-0.0043485142102323,52285.37985918464
2005-05-06,True,0.0119447897674324,0.0,0.0119447897674324,52909.91772951294
2005-05-09,True,0.0150680394533438,0.0,0.0150680394533438,53707.16645733442
2005-05-10,True,-0.026829323759704,0.0,-0.026829323759704,52266.239500234275
2005-05-11,True,0.018872640362623,0.0,0.018872640362623,53252.64144142891
2005-05-12,True,-0.0099207844229181,0.0,-0.0099207844229181,52724.333465737545
2005-05-13,True,0.0325293220083613,0.0,0.0325293220083613,54439.42028672074
2005-05-16,True,0.0203642276480425,0.0,0.0203642276480425,55548.03703446698
2005-05-17,True,0.019029862243099,0.0,0.019029862243099,56605.108527107455
2005-05-18,True,0.0383568150118704,0.0,0.0383568150118704,58776.30020360857
2005-05-19,True,0.0240541854318589,0.0,0.0240541854318589,60190.116227704784
2005-05-20,True,0.0129355842210324,0.0,0.0129355842210324,60968.71054544199
2005-05-23,True,0.0139166772494224,0.0,0.0139166772494224,61817.192412416356
2005-05-24,True,0.0101200142197523,0.0,0.0101200142197523,62442.78327865518
2005-05-25,True,-0.0152517546258306,0.0,-0.0152517546258306,61490.421269935214
2005-05-26,True,0.031354308367419,0.0,0.031354308367419,63418.410900075265
2005-05-27,True,0.0017967941067555,0.0,0.0017967941067555,63532.36072704033
2005-05-31,True,-0.0140202090663349,0.0,-0.0140202090663349,62641.62374716941
2005-06-01,True,0.0326674088838491,0.0,0.0326674088838491,64687.96328326643
2005-06-02,True,0.0180578759820954,0.0,0.0180578759820954,65856.09050176998
2005-06-03,True,-0.0469496796373209,0.0,-0.0469496796373209,62764.168150545476
2005-06-06,True,0.001392571355578,0.0,0.001392571355578,62851.5717332686
2005-06-07,True,-0.0276129760476209,0.0,-0.0276129760476209,61116.05278844253
2005-06-08,True,-0.006882050865167,0.0,-0.006882050865167,60695.449004474234
2005-06-09,True,0.0229920196683185,0.0,0.0229920196683185,62090.95996176252
2005-06-10,True,-0.0360762042516188,0.0,-0.0360762042516188,59850.953808002894
2005-06-13,True,0.015853451753091,0.0,0.015853451753091,60799.79801657455
2005-06-14,True,-0.0093821110107858,0.0,-0.0093821110107858,60229.36756214969
2005-06-15,True,0.00983618257608,0.0,0.00983618257608,60821.79461793282
2005-06-16,True,0.0154137580327292,0.0,0.0154137580327292,61759.28704328999
2005-06-17,True,0.0012444474618854,0.0,0.0012444474618854,61836.143231298855
2005-06-20,True,-0.0017412414812231,0.0,-0.0017412414812231,61728.471573665665
2005-06-21,True,-0.0017618663372514,0.0,-0.0017618663372514,61619.71425755004
2005-06-22,True,-0.0042816860208382,0.0,-0.0042816860208382,61355.877988405446
2005-06-23,True,-0.0361393449485848,0.0,-0.0361393449485848,59138.51674915918
2005-06-24,True,-0.0313524901708774,0.0,-0.0313524901708774,57284.3769840609
2005-06-27,True,-0.0130052774564626,0.0,-0.0130052774564626,56539.37776746258
2005-06-28,True,0.0296979709789243,0.0,0.0296979709789243,58218.48256756712
2005-06-29,True,-0.0090946235323504,0.0,-0.0090946235323504,57689.0073859904
2005-06-30,True,-0.0212680460190119,0.0,-0.0212680460190119,56462.07492211404
2005-07-01,True,-0.0061533644267887,0.0,-0.0061533644267887,56114.64319882562
2005-07-05,True,0.0316916635424661,0.0,0.0316916635424661,57893.00959088833
2005-07-06,True,-0.0166780406533101,0.0,-0.0166780406533101,56927.46762338903
2005-07-07,True,0.0113281643825556,0.0,0.0113281643825556,57572.35133450939
2005-07-08,True,0.0586842849408229,0.0,0.0586842849408229,60950.9436049369
2005-07-11,True,0.0280073757243821,0.0,0.0280073757243821,62658.019583236
2005-07-12,True,0.0152225721335039,0.0,0.0152225721335039,63611.83580608432
2005-07-13,True,0.0037657191793813,0.0,0.0037657191793813,63851.38011621495
2005-07-14,True,0.0303198460093711,0.0,0.0303198460093711,65787.3441288244
2005-07-15,True,0.0082004378121621,0.0,0.0082004378121621,66326.82915318012
2005-07-18,True,-0.0148496077473739,0.0,-0.0148496077473739,65341.901757128326
2005-07-19,True,0.0388261919425056,0.0,0.0388261919425056,67878.87897663894
2005-07-20,True,0.0229728171049116,0.0,0.0229728171049116,69438.24804865569
2005-07-21,True,-0.0017636685076439,0.0,-0.0017636685076439,69315.78199734632
2005-07-22,True,-0.0022713093298988,0.0,-0.0022713093298988,69158.34441498651
2005-07-25,True,-0.0136321930914714,0.0,-0.0136321930914714,68215.56451003494
2005-07-26,True,0.0099338916638004,0.0,0.0099338916638004,68893.21053766261
2005-07-27,True,0.02427286863602,0.0,0.02427286863602,70565.44638695696
2005-07-28,True,0.0122947395163814,0.0,0.0122947395163814,71433.03016914178
2005-07-29,True,-0.0251775049137996,0.0,-0.0251775049137996,69634.52470105063
2005-08-01,True,0.0091301799464555,0.0,0.0091301799464555,70270.30044205712
2005-08-02,True,0.0313295405665567,0.0,0.0313295405665567,72471.83667038068
2005-08-03,True,0.0001738214346578,0.0,0.0001738214346578,72484.43382900301
2005-08-04,True,-0.0341739191069969,0.0,-0.0341739191069969,70007.35665081418
2005-08-05,True,-0.0134935862407422,0.0,-0.0134935862407422,69062.70634636004
2005-08-08,True,-0.0219267108163152,0.0,-0.0219267108163152,67548.38835611129
2005-08-09,True,0.0209158282434208,0.0,0.0209158282434208,68961.2188450876
2005-08-10,True,-0.029070513494419,0.0,-0.029070513494419,66956.4808020599
2005-08-11,True,0.0281053000824357,0.0,0.0281053000824357,68838.31278746563
2005-08-12,True,-0.0168408933776487,0.0,-0.0168408933776487,67679.0141015147
2005-08-15,True,0.0167261510219139,0.0,0.0167261510219139,68811.02351239088
2005-08-16,True,-0.0502010536597501,0.0,-0.0502010536597501,65356.63762866301
2005-08-17,True,0.0156212795986173,0.0,0.0156212795986173,66377.59193868587
2005-08-18,True,-0.0125402446135993,0.0,-0.0125402446135993,65545.20069891308
2005-08-19,True,-0.0040440389417127,0.0,-0.0040440389417127,65280.13335484429
2005-08-22,True,0.0034043057540947,0.0,0.0034043057540947,65502.366888452256
2005-08-23,True,-0.008328697675709,0.0,-0.008328697675709,64956.81747759497
2005-08-24,True,-0.0184703339936789,0.0,-0.0184703339936789,63757.04336361735
2005-08-25,True,0.0078496853701377,0.0,0.0078496853701377,64257.51609415198
2005-08-26,True,-0.0136489101568453,0.0,-0.0136489101568453,63380.47103008086
2005-08-29,True,0.0242420155981531,0.0,0.0242420155981531,64916.941397410366
2005-08-30,True,-0.0112139170440161,0.0,-0.0112139170440161,64188.96820182856
2005-08-31,True,0.0304581443792704,0.0,0.0304581443792704,66144.04506287625
2005-09-01,True,-0.008617799932545,0.0,-0.008617799932545,65574.02891579513
2005-09-02,True,-0.008013403568663,0.0,-0.008013403568663,65048.557758469695
2005-09-06,True,0.0458948958390382,0.0,0.0458948958390382,68033.95454127433
2005-09-07,True,0.004705448834449,0.0,0.004705448834449,68354.08483337352
2005-09-08,True,-0.0042464041315888,0.0,-0.0042464041315888,68063.82576512611
2005-09-09,True,0.0188996643234386,0.0,0.0188996643234386,69350.209224656
2005-09-12,True,0.0079940762613107,0.0,0.0079940762613107,69904.60008593577
2005-09-13,True,-0.0091273229929358,0.0,-0.0091273229929358,69266.55822225942
2005-09-14,True,-0.0332849447984294,0.0,-0.0332849447984294,66961.02465545433
2005-09-15,True,-0.0021957144300398,0.0,-0.0021957144300398,66813.9973673681
2005-09-16,True,0.0204063218952089,0.0,0.0204063218952089,68177.42530475224
2005-09-19,True,-0.0252771388556232,0.0,-0.0252771388556232,66454.09505850513
2005-09-20,True,-0.0150117785986165,0.0,-0.0150117785986165,65456.500896515434
2005-09-21,True,-0.031254830572994,0.0,-0.031254830572994,63410.66905109381
2005-09-22,True,0.0104446042688053,0.0,0.0104446042688053,64072.968395752665
2005-09-23,True,0.0082440178774613,0.0,0.0082440178774613,64601.187092669265
2005-09-26,True,0.0019585051696405,0.0,0.0019585051696405,64727.708851555166
2005-09-27,True,-0.0078266353762234,0.0,-0.0078266353762234,64221.10867563569
2005-09-28,True,-0.0002151395012129,0.0,-0.0002151395012129,64207.29217834787
2005-09-29,True,0.0402264397507768,0.0,0.0402264397507768,66790.1229487207
2005-09-30,True,0.0219718004938598,0.0,0.0219718004938598,68257.62220511037
2005-10-03,True,0.0071975981194343,0.0,0.0071975981194343,68748.91313833091
2005-10-04,True,-0.0189421188498448,0.0,-0.0189421188498448,67446.66305486701
2005-10-05,True,-0.0453257277336374,0.0,-0.0453257277336374,64389.593968699715
2005-10-06,True,-0.0356323806751426,0.0,-0.0356323806751426,62095.239444889135
2005-10-07,True,0.0055929094060509,0.0,0.0055929094060509,62442.532493651444
2005-10-10,True,-0.0173823234161958,0.0,-0.0173823234161958,61357.136198920474
2005-10-11,True,-0.0150610417608556,0.0,-0.0150610417608556,60433.03380830202
2005-10-12,True,-0.0354813997230427,0.0,-0.0354813997230427,58288.7851792735
2005-10-13,True,0.0247004402176288,0.0,0.0247004402176288,59728.54383295235
2005-10-14,True,0.0203481004909245,0.0,0.0203481004909245,60943.90624504186
2005-10-17,True,0.0106868446999012,0.0,0.0106868446999012,61595.204306487954
2005-10-18,True,-0.0223349970721987,0.0,-0.0223349970721987,60219.47559864107
2005-10-19,True,0.0606296630759618,0.0,0.0606296630759618,63870.56211479778
2005-10-20,True,-0.0269685884313874,0.0,-0.0269685884313874,62148.063212242436
2005-10-21,True,0.0182061252566508,0.0,0.0182061252566508,63279.53863554277
2005-10-24,True,0.0487609785032383,0.0,0.0487609785032383,66365.1108586453
2005-10-25,True,-0.0092846158903196,0.0,-0.0092846158903196,65748.93629580432
2005-10-26,True,-0.0203778276028898,0.0,-0.0203778276028898,64409.11580689503
2005-10-27,True,-0.0606630521127546,0.0,-0.0606630521127546,60501.86225816491
2005-10-28,True,0.0265131547060197,0.0,0.0265131547060197,62105.95749221794
2005-10-31,True,0.0423444154009678,0.0,0.0423444154009678,64735.79795514327
2005-11-01,True,-0.0052293927571485,0.0,-0.0052293927571485,64397.26904218841
2005-11-02,True,0.0393484502755167,0.0,0.0393484502755167,66931.20178097404
2005-11-03,True,0.0418583551161441,0.0,0.0418583551161441,69732.83179347235
2005-11-04,True,0.0153078107833124,0.0,0.0153078107833124,70800.28878795137
2005-11-07,True,0.0021088796321147,0.0,0.0021088796321147,70949.59807492413
2005-11-08,True,-0.0017780079292555,0.0,-0.0017780079292555,70823.44912696943
2005-11-09,True,0.0031572846599179,0.0,0.0031572846599179,71047.05891646049
2005-11-10,True,0.0379537935373724,0.0,0.0379537935373724,73743.56432201335
2005-11-11,True,0.0042391336428458,0.0,0.0042391336428458,74056.17314647416
2005-11-14,True,-0.0028273272151948,0.0,-0.0028273272151948,73846.79211268395
2005-11-15,True,-0.0139619498846909,0.0,-0.0139619498846909,72815.74690206148
2005-11-16,True,0.0128490219104934,0.0,0.0128490219104934,73751.358029435
2005-11-17,True,0.045127872354556,0.0,0.045127872354556,77079.5999005625
2005-11-18,True,0.0060139218398475,0.0,0.0060139218398475,77543.1505898112
2005-11-21,True,0.0112163610020565,0.0,0.0112163610020565,78412.90256006335
2005-11-22,True,0.013897889149688,0.0,0.013897889149688,79502.67638774838
2005-11-23,True,0.0044815287698435,0.0,0.0044815287698435,79858.96991925962
2005-11-25,True,0.0073916607408846,0.0,0.0073916607408846,80449.26033201929
2005-11-28,True,-0.0295587092451844,0.0,-0.0295587092451844,78071.28403687499
2005-11-29,True,-0.0136238888258919,0.0,-0.0136238888258919,77007.64954266197
2005-11-30,True,-0.0078328043149924,0.0,-0.0078328043149924,76404.46369303677
2005-12-01,True,0.0567183304082597,0.0,0.0567183304082597,80737.99730944431
2005-12-02,True,0.0083072667509014,0.0,0.0083072667509014,81408.70939002742
2005-12-05,True,-0.0253324849934795,0.0,-0.0253324849934795,79346.42448106602
2005-12-06,True,0.0114685481118247,0.0,0.0114685481118247,80256.4127677284
2005-12-07,True,-0.0077783450672612,0.0,-0.0077783450672612,79632.15069536045
2005-12-08,True,-0.0204166023321243,0.0,-0.0204166023321243,78006.33274176148
2005-12-09,True,0.0123366442387801,0.0,0.0123366442387801,78968.6691171685
2005-12-12,True,0.0099819206979703,0.0,0.0099819206979703,79756.92810992032
2005-12-13,True,0.0129326565781131,0.0,0.0129326565781131,80788.39707089118
2005-12-14,True,-0.0121154248734156,0.0,-0.0121154248734156,79809.61131553513
2005-12-15,True,0.0046278449125926,0.0,0.0046278449125926,80178.95781923772
2005-12-16,True,-0.0231283220995156,0.0,-0.0231283220995156,78324.55305719092
2005-12-19,True,-0.0433815363976424,0.0,-0.0433815363976424,74926.71360791131
2005-12-20,True,0.0011039907511395,0.0,0.0011039907511395,75009.43200674771
2005-12-21,True,0.0098048356151965,0.0,0.0098048356151965,75744.88715716313
2005-12-22,True,0.022701056197854,0.0,0.022701056197854,77464.376097218
2005-12-23,True,-0.0009433671100399,0.0,-0.0009433671100399,77391.29875260813
2005-12-27,True,-0.0261139455615206,0.0,-0.0261139455615206,75370.30659004714
2005-12-28,True,-0.0024594112738152,0.0,-0.0024594112738152,75184.94000830865
2005-12-29,True,-0.0213043746373197,0.0,-0.0213043746373197,73583.17187928726
2005-12-30,True,-0.0185933972995537,0.0,-0.0185933972995537,72215.01072997431
2006-01-03,True,0.063146553575629,0.0,0.063146553575629,76775.13977399925
2006-01-04,True,0.0282094559138563,0.0,0.0282094559138563,78940.92469473404
2006-01-05,True,0.0165505438386587,0.0,0.0165505438386587,80247.4399295585
2006-01-06,True,0.0520635940797339,0.0,0.0520635940797339,84425.41006798885
2006-01-09,True,0.0117623959954378,0.0,0.0117623959954378,85418.45517328577
2006-01-10,True,0.003463143447353,0.0,0.003463143447353,85714.27153660216
2006-01-11,True,0.0242722819562502,0.0,0.0242722819562502,87794.75250301315
2006-01-12,True,-0.0187702271272372,0.0,-0.0187702271272372,86146.82505795202
2006-01-13,True,-0.0011680159784641,0.0,-0.0011680159784641,86046.20418979038
2006-01-17,True,-0.0180355825609916,0.0,-0.0180355825609916,84494.31077006548
2006-01-18,True,-0.0343473147831545,0.0,-0.0343473147831545,81592.15808066036
2006-01-19,True,0.0230532273848688,0.0,0.0230532273848688,83473.12065371596
2006-01-20,True,-0.0930384978972144,0.0,-0.0930384978972144,75706.90689330129
2006-01-23,True,-0.0003343826759013,0.0,-0.0003343826759013,75681.5918151901
2006-01-24,True,0.0175612244961032,0.0,0.0175612244961032,77010.65323927911
2006-01-25,True,-0.0165962471877333,0.0,-0.0165962471877333,75732.5654020312
2006-01-26,True,0.0239385288935544,0.0,0.0239385288935544,77545.49160709072
2006-01-27,True,0.0363990991692694,0.0,0.0363990991692694,80368.07764622697
2006-01-30,True,0.0039076199210817,0.0,0.0039076199210817,80682.1255474564
2006-01-31,True,-0.0049217770033516,0.0,-0.0049217770033516,80285.0261173554
2006-02-01,True,0.0037861866665845,0.0,0.0037861866665845,80589.00021276732
2006-02-02,True,-0.0479176549972997,0.0,-0.0479176549972997,76727.36430399462
2006-02-03,True,-0.0379936531575917,0.0,-0.0379936531575917,73812.21143693246
2006-02-06,True,-0.0127930532621362,0.0,-0.0127930532621362,72867.92788462373
2006-02-07,True,-0.010511908146857,0.0,-0.010511908146857,72101.94691984876
2006-02-08,True,0.0336393605251262,0.0,0.0336393605251262,74527.41030684907
2006-02-09,True,-0.0296312266237075,0.0,-0.0296312266237075,72319.07172236878
2006-02-10,True,0.0173417980083178,0.0,0.0173417980083178,73573.21445632714
2006-02-13,True,-0.0325100836490536,0.0,-0.0325100836490536,71181.34310002218
2006-02-14,True,0.0291858850824086,0.0,0.0291858850824086,73258.83359975091
2006-02-15,True,0.0200198900700833,0.0,0.0200198900700833,74725.46739508044
2006-02-16,True,0.0275226406481897,0.0,0.0275226406481897,76782.10958146326
2006-02-17,True,-0.0240037013700269,0.0,-0.0240037013700269,74939.05475250914
2006-02-21,True,-0.0351723741706604,0.0,-0.0351723741706604,72303.27027875828
2006-02-22,True,0.0393746187412427,0.0,0.0393746187412427,75150.18397972941
2006-02-23,True,-0.0095519649010906,0.0,-0.0095519649010906,74432.35206004453
2006-02-24,True,0.007353177817625,0.0,0.007353177817625,74979.6663801261
2006-02-27,True,0.034085780800199,0.0,0.034085780800199,77535.40685283115
2006-02-28,True,-0.044589944375421,0.0,-0.044589944375421,74078.10737413778
2006-03-01,True,0.0429177691278002,0.0,0.0429177691278002,77257.37448384541
2006-03-02,True,-0.0016161451607104,0.0,-0.0016161451607104,77132.51535194415
2006-03-03,True,-0.0169555641627596,0.0,-0.0169555641627596,75824.69003885923
2006-03-06,True,-0.0258119894223646,0.0,-0.0258119894223646,73867.50394162211
2006-03-07,True,-0.0162236577750687,0.0,-0.0162236577750687,72669.10283697471
2006-03-08,True,0.0013185334985808,0.0,0.0013185334985808,72764.91948337707
2006-03-09,True,-0.0304726134805093,0.0,-0.0304726134805093,70547.58221701974
2006-03-10,True,0.0055261626691542,0.0,0.0055261626691542,70937.43963226653
2006-03-13,True,0.0099204214290364,0.0,0.0099204214290364,71641.16892851546
2006-03-14,True,0.0494325175798418,0.0,0.0494325175798418,75182.57227101471
2006-03-15,True,0.0235511278849761,0.0,0.0235511278849761,76953.20664529083
2006-03-16,True,-0.0274828678902247,0.0,-0.0274828678902247,74838.31183332915
2006-03-17,True,0.0116095037661224,0.0,0.0116095037661224,75707.1474964084
2006-03-20,True,0.0057071246705272,0.0,0.0057071246705272,76139.2176256204
2006-03-21,True,-0.029527941186059,0.0,-0.029527941186059,73890.98328561855
2006-03-22,True,0.0067033779536222,0.0,0.0067033779536222,74386.30247394684
2006-03-23,True,-0.0102058025873868,0.0,-0.0102058025873868,73627.1305556921
2006-03-24,True,0.016103308693513,0.0,0.016103308693513,74812.770967248
2006-03-27,True,0.0012639982577142,0.0,0.0012639982577142,74907.33417940538
2006-03-28,True,-0.0137673795918681,0.0,-0.0137673795918681,73876.05647554259
2006-03-29,True,0.0550465948039335,0.0,0.0550465948039335,77942.68182206429
2006-03-30,True,0.0083224496725417,0.0,0.0083224496725417,78591.35586887137
2006-03-31,True,-0.009014212314803,0.0,-0.009014212314803,77882.91670096111
2006-04-03,True,0.0052746119947509,0.0,0.0052746119947509,78293.7188675782
2006-04-04,True,0.0169882473377662,0.0,0.0169882473377662,79623.79192869415
2006-04-05,True,0.0280932167133407,0.0,0.0280932167133407,81860.6803708849
2006-04-06,True,0.0109823608484389,0.0,0.0109823608484389,82759.70390201668
2006-04-07,True,-0.0280945321820033,0.0,-0.0280945321820033,80434.60873736841
2006-04-10,True,-0.0074630738102796,0.0,-0.0074630738102796,79834.31931546048
2006-04-11,True,-0.0254404838559925,0.0,-0.0254404838559925,77803.29560376136
2006-04-12,True,0.0004131152874022,0.0,0.0004131152874022,77835.43733458556
2006-04-13,True,0.0126786653804118,0.0,0.0126786653804118,78822.28679928878
2006-04-17,True,-0.0313063204302592,0.0,-0.0313063204302592,76354.65103170444
2006-04-18,True,0.057023001584351,0.0,0.057023001584351,80708.62241845789
2006-04-19,True,0.0126534020648708,0.0,0.0126534020648708,81729.86106802049
2006-04-20,True,-0.0090965352442109,0.0,-0.0090965352442109,80986.40250631077
2006-04-21,True,-0.0347006368326337,0.0,-0.0347006368326337,78176.12276455779
2006-04-24,True,-0.004733754978487,0.0,-0.004733754978487,77806.05615422224
2006-04-25,True,-0.0089435937783585,0.0,-0.0089435937783585,77110.19039448274
2006-04-26,True,0.001080931486016,0.0,0.001080931486016,77193.54122717281
2006-04-27,True,0.0261249496219169,0.0,0.0261249496219169,79210.21860287007
2006-04-28,True,-0.0289102317540578,0.0,-0.0289102317540578,76920.23282577153
2006-05-01,True,-0.0250791665244622,0.0,-0.0250791665244622,74991.1374976336
2006-05-02,True,0.0056985770595924,0.0,0.0056985770595924,75418.48027345035
2006-05-03,True,-0.006651306139787,0.0,-0.006651306139787,74916.84887255414
2006-05-04,True,0.0259987471745117,0.0,0.0259987471745117,76864.59308550278
2006-05-05,True,0.0223844755650211,0.0,0.0223844755650211,78585.16669124052
2006-05-08,True,0.0022241022404589,0.0,0.0022241022404589,78759.94813654535
2006-05-09,True,-0.007310396062403,0.0,-0.007310396062403,78184.18172181287
2006-05-10,True,-0.0288741869007676,0.0,-0.0288741869007676,75926.67704609367
2006-05-11,True,-0.0663026999419195,0.0,-0.0663026999419195,70892.53336031949
2006-05-12,True,-0.0394303829347746,0.0,-0.0394303829347746,68097.2136227058
2006-05-15,True,-0.0020977197044689,0.0,-0.0020977197044689,67954.36475587003
2006-05-16,True,-0.0205591294244336,0.0,-0.0205591294244336,66557.28217589893
2006-05-17,True,-0.0459920382179064,0.0,-0.0459920382179064,63496.177110385004
2006-05-18,True,-0.0223477803107932,0.0,-0.0223477803107932,62077.178493746906
2006-05-19,True,0.0257833935289767,0.0,0.0257833935289767,63677.73881601971
2006-05-22,True,-0.0307350212735292,0.0,-0.0307350212735292,61720.6021588591
2006-05-23,True,-0.0296669456736828,0.0,-0.0296669456736828,59889.54040766524
2006-05-24,True,0.0211502565712474,0.0,0.0211502565712474,61156.21955322145
2006-05-25,True,0.0368138538229919,0.0,0.0368138538229919,63407.61568022054
2006-05-26,True,0.0123381802512697,0.0,0.0123381802512697,64189.95027178633
2006-05-30,True,-0.0657220585263993,0.0,-0.0657220585263993,59971.25460321733
2006-05-31,True,0.0156189068727068,0.0,0.0156189068727068,60907.94004390437
2006-06-01,True,0.070045229193759,0.0,0.070045229193759,65174.25066399939
2006-06-02,True,-0.0070174530846231,0.0,-0.0070174530846231,64716.89341763931
2006-06-05,True,-0.0660525072525511,0.0,-0.0660525072525511,60442.18034580812
2006-06-06,True,-0.0042213440382066,0.0,-0.0042213440382066,60187.03310814913
2006-06-07,True,-0.0195754101361043,0.0,-0.0195754101361043,59008.847250181825
2006-06-08,True,-0.007243061399378,0.0,-0.007243061399378,58581.44254644224
2006-06-09,True,-0.0205355261588667,0.0,-0.0205355261588667,57378.44180060563
2006-06-12,True,-0.059515884063084,0.0,-0.059515884063084,53963.51311068037
2006-06-13,True,-0.0070374994184722,0.0,-0.0070374994184722,53583.744918545235
2006-06-14,False,-0.003221270343654943,0.000500607167574845,-0.003721877511229788,53384.31278336543
2006-06-15,False,0.009849026607272516,3.4189158112624407e-06,0.009845607691461254,53909.913783908705
2006-06-16,False,0.0020141755809160275,7.096315868133501e-07,0.002013465949329214,54018.45955964388
2006-06-19,False,-0.008798287128496245,2.3686045912484215e-06,-0.008800655733087493,53543.061693827745
2006-06-20,False,0.010209490279922235,1.684385001024774e-06,0.01020780589492121,54089.618874618136
2006-06-21,False,0.00942187089999091,1.5556546394869252e-06,0.009420315245351423,54599.16013591795
2006-06-22,False,-0.004017101588329845,1.0490875248793247e-06,-0.0040181506758547245,54379.772483716704
2006-06-23,False,0.0022164709046471266,5.273011629373242e-07,0.0022159436034841894,54500.27499271092
2006-06-26,False,0.005435337856560901,1.1312947215462167e-06,0.005434206561839355,54796.44074469836
2006-06-27,False,-0.0052544056078848355,1.2006905470164364e-06,-0.005255606298431852,54508.45222558887
2006-06-28,False,-0.00025180324296385687,6.387947244105157e-07,-0.0002524420376882674,54494.692000837815
2006-06-29,False,0.014736205395832135,3.2314852908375823e-06,0.014732973910541297,55297.56087634915
2006-06-30,False,0.012788363810805855,2.6233613829063503e-06,0.012785740449422949,56004.58113720031
2006-07-03,False,0.005958427622852511,1.5833747835697631e-06,0.0059568442480689415,56338.19170421294
2006-07-05,False,0.005127833160858765,1.4808527762845136e-06,0.00512635230808248,56627.001123289025
2006-07-06,False,0.0037594095765762056,7.572528011744461e-07,0.003758652323775031,56839.84233264948
2006-07-07,False,-0.0031034151856306987,9.967051034813213e-07,-0.00310441189073418,56663.388050244546
2006-07-10,False,-0.006793250305755436,1.1399523660517996e-06,-0.006794390258121489,56278.39487848381
2006-07-11,False,0.00968714478789176,3.165093826290849e-06,0.009683979694065469,56823.39371170165
2006-07-12,False,0.005941780660112995,1.8976514579717162e-06,0.005939883008655024,57160.9180225039
2006-07-13,False,0.005190500282469914,7.484197587511177e-07,0.005189751862711162,57457.56900328546
2006-07-14,False,1.0049901438353183e-06,9.201665735989878e-07,8.482357023633052e-08,57457.5738770416
2006-07-17,False,-0.010972983945256027,3.0131358895474082e-06,-0.010975997081145574,56826.91971387748
2006-07-18,False,-0.005943237048626363,1.7564101333542303e-06,-0.005944993458759717,56489.084047897006
2006-07-19,False,0.006077613322776054,1.969259340353885e-06,0.0060756440634357,56832.29161604154
2006-07-20,False,-0.00933944526955744,2.343699492857343e-06,-0.009341788969050299,56301.37634113695
2006-07-21,False,-0.004968396648332791,1.3907663239978163e-06,-0.004969787414656789,56021.57046956891
2006-07-24,False,-0.005395582581325105,9.04142137120284e-07,-0.005396486723462225,55719.25080830238
2006-07-25,False,0.0016734267273468518,8.373473740752591e-07,0.0016725893799727765,55812.44623546438
2006-07-26,False,0.0030743716495089967,7.039640860781044e-07,0.0030736676854229185,55983.99514790272
2006-07-27,False,0.004675384547736043,1.6324956376999323e-06,0.004673752052098343,56245.6504601099
2006-07-28,False,0.0009242549297234274,7.200436510597791e-07,0.0009235348860723675,56297.59528049964
2006-07-31,False,-0.0010258623652892828,1.136855863430153e-06,-0.001026999221152713,56239.777693993805
2006-08-01,False,0.010798684031109104,1.7805530421487194e-06,0.010796903478066956,56846.9931453838
2006-08-02,False,0.0027562075374577073,6.530534860584858e-07,0.0027555544839716487,57003.63813224587
2006-08-03,False,-0.002383229103824796,1.2273347211024105e-06,-0.0023844564385458985,56867.715440280896
2006-08-04,False,0.002238281900026891,1.3940162985953687e-07,0.0022381424983970314,56994.99349099454
2006-08-07,False,0.0032426022376306693,8.50133526280869e-07,0.0032417521041043884,57179.75713106738
2006-08-08,False,-0.003952845263252597,8.184593785160038e-07,-0.0039536637226311126,56953.687599629426
2006-08-09,False,0.0025998848146578653,1.2828961547567685e-06,0.0025986019185031085,57101.68756149165
2006-08-10,False,-0.01098409052588443,1.851013453653627e-06,-0.010985941539338084,56474.37176014356
2006-08-11,False,-0.001811971328412926,1.1340500876459437e-06,-0.001813105378500572,56371.9777729578
2006-08-14,False,-0.0022955607477613267,8.418956180595571e-07,-0.002296402643379386,56242.52501418746
2006-08-15,False,-0.0005017089717213157,7.123625164366654e-07,-0.0005024213342377523,56214.26756972893
2006-08-16,False,0.0031191369493813667,7.678722980545977e-07,0.003118369077083312,56389.56440340926
2006-08-17,False,-0.010927927988235909,2.095542601389569e-06,-0.010930023530837298,55773.22513758633
2006-08-18,False,0.0001956244355423136,2.7950532567458384e-07,0.000195344930216639,55784.12015435878
2006-08-21,False,0.010319892210656273,2.081164236873531e-06,0.0103178110464194,56359.690165502216
2006-08-22,False,-0.004888662172891269,8.187797664875734e-07,-0.004889480952657756,56084.1205339403
2006-08-23,False,-0.0019351620129511356,3.231523543189979e-07,-0.0019354851653054547,55975.570550637654
2006-08-24,False,-0.0020279666218420644,4.6127434533549396e-07,-0.0020284278961873996,55862.02814182774
2006-08-25,False,0.00039261763843822037,9.018812788746944e-08,0.0003925274503103329,55883.955521303404
2006-08-28,False,-0.003686230967478853,1.468642846363777e-06,-0.003687699610325217,55677.872280304065
2006-08-29,False,0.00103212364321845,5.074556358372617e-07,0.0010316161875826128,55735.31047463858
2006-08-30,False,0.003584657649811396,7.127674643794963e-07,0.0035839448823470166,55935.06275538018
2006-08-31,False,0.006028923384615986,1.3478553719823427e-06,0.006027575529244004,56272.21557087124
2006-09-01,False,0.0005406281175458196,5.812477415366862e-07,0.0005400468698042829,56302.60520474724
2006-09-05,False,0.0073571582387130935,2.0310486168060025e-06,0.007355127190096287,56716.71802716192
2006-09-06,True,-0.0591205581844471,0.0005,-0.0596205581844471,53335.235639992636
2006-09-07,True,-0.0142566678714142,0.0,-0.0142566678714142,52574.852899629645
2006-09-08,True,0.0187108225679999,0.0,0.0187108225679999,53558.57164377331
2006-09-11,True,0.0170682719320181,0.0,0.0170682719320181,54472.72390887971
2006-09-12,True,0.0603474531611142,0.0,0.0603474531611142,57760.014063529125
2006-09-13,True,0.0150888725424832,0.0,0.0150888725424832,58631.54755378575
2006-09-14,True,0.0034641572756446,0.0,0.0034641572756446,58834.6564558265
2006-09-15,True,0.0117065756904903,0.0,0.0117065756904903,59523.408814850634
2006-09-18,True,-0.0007075945908731,0.0,-0.0007075945908731,59481.29037274292
2006-09-19,True,-0.0206140587340943,0.0,-0.0206140587340943,58255.139559419484
2006-09-20,True,0.0447221097083628,0.0,0.0447221097083628,60860.43230187183
2006-09-21,True,-0.0193192294087911,0.0,-0.0193192294087911,59684.65564831377
2006-09-22,True,-0.0231488344738072,0.0,-0.0231488344738072,58303.02543408477
2006-09-25,True,0.0515666869626074,0.0,0.0515666869626074,61309.51929561716
2006-09-26,True,0.0158414477956889,0.0,0.0158414477956889,62280.750844917464
2006-09-27,True,-0.0065918449859761,0.0,-0.0065918449859761,61870.20578973757
2006-09-28,True,0.0105175773554923,0.0,0.0105175773554923,62520.93046513136
2006-09-29,True,-0.0136787373821773,0.0,-0.0136787373821773,61665.72307640946
2006-10-02,True,-0.038876173055254,0.0,-0.038876173055254,59268.39575451359
2006-10-03,True,0.0135329991246423,0.0,0.0135329991246423,60070.47490237837
2006-10-04,True,0.074501121182359,0.0,0.074501121182359,64545.79263256231
2006-10-05,True,0.0145820092776114,0.0,0.0145820092776114,65486.99997956112
2006-10-06,True,-0.0082916903319345,0.0,-0.0082916903319345,64944.002054963195
2006-10-09,True,0.0108273191640706,0.0,0.0108273191640706,65647.17149300434
2006-10-10,True,0.003706950827809,0.0,0.003706950827809,65890.52232971365
2006-10-11,True,-0.0037756248860409,0.0,-0.0037756248860409,65641.74443385135
2006-10-12,True,0.0481379832096774,0.0,0.0481379832096774,68801.60562526202
2006-10-13,True,0.0149192231158634,0.0,0.0149192231158634,69828.07213031495
2006-10-16,True,0.0004777743836065,0.0,0.0004777743836065,69861.43419443544
2006-10-17,True,-0.0314740849185462,0.0,-0.0314740849185462,67662.60948206835
2006-10-18,True,-0.0157644100869297,0.0,-0.0157644100869297,66595.94835864124
2006-10-19,True,0.0096958723762639,0.0,0.0096958723762639,67241.65417470288
2006-10-20,True,0.0054264603640058,0.0,0.0054264603640058,67606.53834589208
2006-10-23,True,0.0284733121283467,0.0,0.0284733121283467,69531.52041413172
2006-10-24,True,-0.0211637936858294,0.0,-0.0211637936858294,68059.969661425
2006-10-25,True,0.022327226732306,0.0,0.022327226732306,69579.56003544951
2006-10-26,True,0.029855436040386,0.0,0.029855436040386,71656.88813980606
2006-10-27,True,-0.0457319174462431,0.0,-0.0457319174462431,68379.88124694178
2006-10-30,True,0.0175807051915729,0.0,0.0175807051915729,69582.04778017903
2006-10-31,True,0.008013434384683,0.0,0.008013434384683,70139.63895441736
2006-11-01,True,-0.0433149016283838,0.0,-0.0433149016283838,67101.54739285642
2006-11-02,True,0.0042108657608665,0.0,0.0042108657608665,67384.10300127417
2006-11-03,True,-0.0110757107981337,0.0,-0.0110757107981337,66637.7761640404
2006-11-06,True,0.0495723388163647,0.0,0.0495723388163647,69941.16658201328
2006-11-07,True,0.0158375380877163,0.0,0.0158375380877163,71048.86247165523
2006-11-08,True,0.0139425195190646,0.0,0.0139425195190646,72039.4626234736
2006-11-09,True,-0.0166936445146932,0.0,-0.0166936445146932,70836.86144340782
2006-11-10,True,0.0186948281928525,0.0,0.0186948281928525,72161.14439781322
2006-11-13,True,0.028718927293735,0.0,0.028718927293735,74233.53505720673
2006-11-14,True,0.0324130272465191,0.0,0.0324130272465191,76639.6686516214
2006-11-15,True,0.0108447233727998,0.0,0.0108447233727998,77470.80465753126
2006-11-16,True,0.0134131412418377,0.0,0.0134131412418377,78509.93150252153
2006-11-17,True,-0.0023812061710684,0.0,-0.0023812061710684,78322.98316913757
2006-11-20,True,0.0050147427191601,0.0,0.0050147427191601,78715.75277872791
2006-11-21,True,0.0082157571453128,0.0,0.0082157571453128,79362.46228706841
2006-11-22,True,0.017828742480024,0.0,0.017828742480024,80777.39518976517
2006-11-24,True,-0.0071886326387059,0.0,-0.0071886326387059,80196.71617023439
2006-11-27,True,-0.0669068242181575,0.0,-0.0669068242181575,74831.00857855903
2006-11-28,True,0.0085218412949084,0.0,0.0085218412949084,75468.70655760344
2006-11-29,True,0.0207303104704685,0.0,0.0207303104704685,77033.19627534725
2006-11-30,True,-0.0027584379513293,0.0,-0.0027584379513293,76820.70498322914
2006-12-01,True,-0.0272295181187489,0.0,-0.0272295181187489,74728.91420499323
2006-12-04,True,0.0417155283751965,0.0,0.0417155283751965,77846.27034595924
2006-12-05,True,0.0079867828995917,0.0,0.0079867828995917,78468.01160675535
2006-12-06,True,-0.0097210722979017,0.0,-0.0097210722979017,77705.21839285348
2006-12-07,True,-0.0363472477633952,0.0,-0.0363472477633952,74880.84756741971
2006-12-08,True,0.0145555845215614,0.0,0.0145555845215614,75970.78207323345
2006-12-11,True,0.0090766403051115,0.0,0.0090766403051115,76660.3415358102
2006-12-12,True,-0.0165696638094166,0.0,-0.0165696638094166,75390.10544904676
2006-12-13,True,0.0022631465959561,0.0,0.0022631465959561,75560.72430956256
2006-12-14,True,0.0333802222474135,0.0,0.0333802222474135,78082.95808019131
2006-12-15,True,0.008356637992105,0.0,0.008356637992105,78735.46909422017
2006-12-18,True,-0.0293571645544745,0.0,-0.0293571645544745,76424.0189717474
2006-12-19,True,-0.010044860760525,0.0,-0.010044860760525,75656.35034241647
2006-12-20,True,-0.0123122630371831,0.0,-0.0123122630371831,74724.84945656736
2006-12-21,True,-0.0198536335878245,0.0,-0.0198536335878245,73241.28967555132
2006-12-22,True,-0.030225708777898,0.0,-0.030225708777898,71027.51978330043
2006-12-26,True,0.0082620066717217,0.0,0.0082620066717217,71614.34962562591
2006-12-27,True,0.016655931745149,0.0,0.016655931745149,72807.15334496356
2006-12-28,True,-0.0078185099833194,0.0,-0.0078185099833194,72237.90988967891
2006-12-29,True,-0.0036937197094336,0.0,-0.0036937197094336,71971.08329815112
2007-01-03,True,0.0040020257308179,0.0,0.0040020257308179,72259.11342538516
2007-01-04,True,0.056975775237074,0.0,0.056975775237074,76376.13243074015
2007-01-05,True,-0.012949044662253,0.0,-0.012949044662253,75387.13448076436
2007-01-08,True,0.0028751921517352,0.0,0.0028751921517352,75603.88697816525
2007-01-09,True,0.0140351371825379,0.0,0.0140351371825379,76664.99790343689
2007-01-10,True,0.0340662344970897,0.0,0.0340662344970897,79276.68569973425
2007-01-11,True,0.0306882175329817,0.0,0.0306882175329817,81709.54587578152
2007-01-12,True,0.0160513609198046,0.0,0.0160513609198046,83021.09528722701
2007-01-16,True,-0.0040720009003995,0.0,-0.0040720009003995,82683.03331246527
2007-01-17,True,-0.0242512824644112,0.0,-0.0242512824644112,80677.86371659035
2007-01-18,True,-0.0560265724623961,0.0,-0.0560265724623961,76157.75953896149
2007-01-19,True,0.0050162131169108,0.0,0.0050162131169108,76539.78309131536
2007-01-22,True,-0.0299211838657438,0.0,-0.0299211838657438,74249.62216839596
2007-01-23,True,-0.0096959619120052,0.0,-0.0096959619120052,73529.70065987042
2007-01-24,True,0.0492288755383174,0.0,0.0492288755383174,77149.48514202492
2007-01-25,True,-0.0416250180621612,0.0,-0.0416250180621612,73938.13642950168
2007-01-26,True,-0.008284905412873,0.0,-0.008284905412873,73325.56596277916
2007-01-29,True,0.0033514132565861,0.0,0.0033514132565861,73571.3102365935
2007-01-30,True,0.0043109842746138,0.0,0.0043109842746138,73888.4749980862
2007-01-31,True,0.0242846603723017,0.0,0.0242846603723017,75682.83151884202
2007-02-01,True,-0.0016079025346943,0.0,-0.0016079025346943,75561.14090221003
2007-02-02,True,0.0109677169186143,0.0,0.0109677169186143,76389.87410567299
2007-02-05,True,-0.0047906044041973,0.0,-0.0047906044041973,76023.92043834626
2007-02-06,True,-0.0041120734499143,0.0,-0.0041120734499143,75711.30449355334
2007-02-07,True,0.0297126858736606,0.0,0.0297126858736606,77960.89070105535
2007-02-08,True,-0.0008986232501261,0.0,-0.0008986232501261,77890.83323207083
2007-02-09,True,-0.0416598952946633,0.0,-0.0416598952946633,74645.90927520869
2007-02-12,True,-0.0121663002423392,0.0,-0.0121663002423392,73737.74473110407
2007-02-13,True,0.0088891145746022,0.0,0.0088891145746022,74393.20799249163
2007-02-14,True,0.0521848823318739,0.0,0.0521848823318739,78275.40879787042
2007-02-15,True,0.0137141970069315,0.0,0.0137141970069315,79348.8931749225
2007-02-16,True,-0.0033789185411889,0.0,-0.0033789185411889,79080.77972855093
2007-02-20,True,0.01990567723104,0.0,0.01990567723104,80654.93620500644
2007-02-21,True,0.0086470489533113,0.0,0.0086470489533113,81352.36338669733
2007-02-22,True,0.0115402772616562,0.0,0.0115402772616562,82291.1922160708
2007-02-23,True,-0.0108953787324838,0.0,-0.0108953787324838,81394.59851052909
2007-02-26,True,-0.0151900045626785,0.0,-0.0151900045626785,80158.21418777677
2007-02-27,True,-0.1220155543986409,0.0,-0.1220155543986409,70377.6652440502
2007-02-28,True,0.0088848801795976,0.0,0.0088848801795976,71002.9623670634
2007-03-01,True,-0.0140986744121229,0.0,-0.0140986744121229,70001.91471835396
2007-03-02,True,-0.0471312133284352,0.0,-0.0471312133284352,66702.6395423643
2007-03-05,True,-0.0229691773011097,0.0,-0.0229691773011097,65170.53478826372
2007-03-06,True,0.0526026841250594,0.0,0.0526026841250594,68598.67984399195
2007-03-07,True,-0.0122656192262508,0.0,-0.0122656192262508,67757.27455760205
2007-03-08,True,0.0176330969275631,0.0,0.0176330969275631,68952.04514742376
2007-03-09,True,-0.0031205666266778,0.0,-0.0031205666266778,68736.87569649552
2007-03-12,True,0.0198662839247639,0.0,0.0198662839247639,70102.42198518332
2007-03-13,True,-0.0581873264412242,0.0,-0.0581873264412242,66023.34947281101
2007-03-14,True,0.0357845522085533,0.0,0.0357845522085533,68385.96546900438
2007-03-15,True,0.0027445275886019,0.0,0.0027445275886019,68573.65263790725
2007-03-16,True,-0.004754263123837,0.0,-0.004754263123837,68247.63544990403
2007-03-19,True,0.0273349549818939,0.0,0.0273349549818939,70113.18149254788
2007-03-20,True,0.0151745686801536,0.0,0.0151745686801536,71177.11878049064
2007-03-21,True,0.0661586886416445,0.0,0.0661586886416445,75886.10362029845
2007-03-22,True,-0.0111772332017122,0.0,-0.0111772332017122,75037.90694336509
2007-03-23,True,-0.0097345911496406,0.0,-0.0097345911496406,74307.44359854666
2007-03-26,True,0.0146832433127272,0.0,0.0146832433127272,75398.51787285088
2007-03-27,True,-0.0218809919222369,0.0,-0.0218809919222369,73748.7235123264
2007-03-28,True,-0.0327144439103688,0.0,-0.0327144439103688,71336.0750335211
2007-03-29,True,0.0017836938610706,0.0,0.0017836938610706,71463.31675263128
2007-03-30,True,0.0008684996777139,0.0,0.0008684996777139,71525.3826201993
2007-04-02,True,0.0014266112222989,0.0,0.0014266112222989,71627.42153372451
2007-04-03,True,0.0386606070734855,0.0,0.0386606070734855,74396.58113332675
2007-04-04,True,0.0088521709519288,0.0,0.0088521709519288,75055.15238775799
2007-04-05,True,0.0184333406210206,0.0,0.0184333406210206,76438.66957708415
2007-04-09,True,-0.0080746540112599,0.0,-0.0080746540112599,75821.45376716816
2007-04-10,True,0.0142860199602812,0.0,0.0142860199602812,76904.64056910346
2007-04-11,True,-0.031322779483563,0.0,-0.031322779483563,74495.77347129477
2007-04-12,True,0.0254791166337036,0.0,0.0254791166337036,76393.85997228786
2007-04-13,True,0.0053438261888667,0.0,0.0053438261888667,76802.09548187639
2007-04-16,True,0.0280380404677694,0.0,0.0280380404677694,78955.47574300673
2007-04-17,True,0.0013400036503428,0.0,0.0013400036503428,79061.27636871692
2007-04-18,True,-0.0043338929398404,0.0,-0.0043338929398404,78718.63326124776
2007-04-19,True,-8.250100791716761e-05,0.0,-8.250100791716761e-05,78712.13889466185
2007-04-20,True,0.0217570127877212,0.0,0.0217570127877212,80424.6799071419
2007-04-23,True,0.0067592667935595,0.0,0.0067592667935595,80968.29177542088
2007-04-24,True,0.0138773824186261,0.0,0.0138773824186261,82091.9197241713
2007-04-25,True,0.0360350844040655,0.0,0.0360350844040655,85050.10898032357
2007-04-26,True,0.0129273071342232,0.0,0.0129273071342232,86149.57786091138
2007-04-27,True,0.0021538402265297,0.0,0.0021538402265297,86335.13028720676
2007-04-30,True,-0.0371898580075816,0.0,-0.0371898580075816,83124.33905075949
2007-05-01,True,0.0089132195069871,0.0,0.0089132195069871,83865.24453109213
2007-05-02,True,0.0258912320294925,0.0,0.0258912320294925,86036.61903645676
2007-05-03,True,0.0091722036327927,0.0,0.0091722036327927,86825.76442613616
2007-05-04,True,-0.0001152891530492,0.0,-0.0001152891530492,86815.75435729264
2007-05-07,True,0.0002016919968323,0.0,0.0002016919968323,86833.26440014546
2007-05-08,True,0.0059133958764191,0.0,0.0059133958764191,87346.74386778529
2007-05-09,True,0.0089809856113351,0.0,0.0089809856113351,88131.20371765885
2007-05-10,True,-0.0481455704061908,0.0,-0.0481455704061908,83888.07664408797
2007-05-11,True,0.0375310599314644,0.0,0.0375310599314644,87036.4850761525
2007-05-14,True,-0.0171297644647884,0.0,-0.0171297644647884,85545.57058695494
2007-05-15,True,-0.0260909120899494,0.0,-0.0260909120899494,83313.60862508613
2007-05-16,True,0.031497418355583,0.0,0.031497418355583,85937.77221066378
2007-05-17,True,-0.0111341419178993,0.0,-0.0111341419178993,84980.92885876214
2007-05-18,True,0.019291362201715,0.0,0.019291362201715,86620.3267376147
2007-05-21,True,0.0222953339992468,0.0,0.0222953339992468,88551.55585335373
2007-05-22,True,0.008092496091259,0.0,0.008092496091259,89268.15897297188
2007-05-23,True,-0.0190577243918304,0.0,-0.0190577243918304,87566.91100229889
2007-05-24,True,-0.0471700231038237,0.0,-0.0471700231038237,83436.37778718998
2007-05-25,True,0.0232356224559022,0.0,0.0232356224559022,85375.07396054117
2007-05-29,True,0.0165267189122845,0.0,0.0165267189122845,86786.0438100025
2007-05-30,True,0.0286736767808842,0.0,0.0286736767808842,89274.51877930218
2007-05-31,True,0.0156086834677958,0.0,0.0156086834677958,90667.97648466809
2007-06-01,True,-9.713962078986842e-05,0.0,-9.713962078986842e-05,90659.16903181458
2007-06-04,True,0.0083033361912455,0.0,0.0083033361912455,91411.94259110469
2007-06-05,True,-0.0023485538827918,0.0,-0.0023485538827918,91197.25671839881
2007-06-06,True,-0.0273755103355903,0.0,-0.0273755103355903,88700.68527452683
2007-06-07,True,-0.0514062453066082,0.0,-0.0514062453066082,84140.91608844025
2007-06-08,True,0.0381916823515837,0.0,0.0381916823515837,87354.39922846122
2007-06-11,True,-0.0069712360950798,0.0,-0.0069712360950798,86745.43108749576
2007-06-12,True,-0.0180114341380945,0.0,-0.0180114341380945,85183.02146868271
2007-06-13,True,0.0366108241380254,0.0,0.0366108241380254,88301.6420872183
2007-06-14,True,0.0165242608305763,0.0,0.0165242608305763,89760.76145283568
2007-06-15,True,0.027658179064688,0.0,0.027658179064688,92243.38066608095
2007-06-18,True,0.0028267497929061,0.0,0.0028267497929061,92504.12962327576
2007-06-19,True,-0.0042435149763874,0.0,-0.0042435149763874,92111.5869638417
2007-06-20,True,-0.0305326637612639,0.0,-0.0305326637612639,89299.17485055831
2007-06-21,True,0.029763941100332,0.0,0.029763941100332,91957.07023111857
2007-06-22,True,-0.0301526847478605,0.0,-0.0301526847478605,89184.3176821028
2007-06-25,True,-0.0143178569130304,0.0,-0.0143178569130304,87907.38938264419
2007-06-26,True,-0.0068882146280829,0.0,-0.0068882146280829,87301.86441718209
2007-06-27,True,0.0381779887773778,0.0,0.0381779887773778,90634.87401714544
2007-06-28,True,-0.0023630181578088,0.0,-0.0023630181578088,90420.7021641122
2007-06-29,True,0.0035665865090687,0.0,0.0035665865090687,90743.19542059123
2007-07-02,True,0.0308412780101941,0.0,0.0308412780101941,93541.83153809106
2007-07-03,True,0.0167981911762302,0.0,0.0167981911762302,95113.16510724263
2007-07-05,True,0.0239994850766616,0.0,0.0239994850766616,97395.83209382796
2007-07-06,True,0.0107670148122012,0.0,0.0107670148122012,98444.49446062888
2007-07-09,True,0.0011300062020537,0.0,0.0011300062020537,98555.73734992741
2007-07-10,True,-0.0263178328762275,0.0,-0.0263178328762275,95961.96392535866
2007-07-11,True,0.0183336142422598,0.0,0.0183336142422598,97721.29355389584
2007-07-12,True,0.0556571543469772,0.0,0.0556571543469772,103160.1826722113
2007-07-13,True,0.0163086051320839,0.0,0.0163086051320839,104842.58135676605
2007-07-16,True,-0.0063247880954387,0.0,-0.0063247880954387,104179.47424630572
2007-07-17,True,0.0201425249241619,0.0,0.0201425249241619,106277.91190289799
2007-07-18,True,-0.0057957533727866,0.0,-0.0057957533727866,105661.95133653405
2007-07-19,True,0.0218823796985484,0.0,0.0218823796985484,107974.08627536963
2007-07-20,True,-0.0252152165895201,0.0,-0.0252152165895201,105251.49630388066
2007-07-23,True,0.0004485390492719,0.0,0.0004485390492719,105298.70570996724
2007-07-24,True,-0.0529268352137002,0.0,-0.0529268352137002,99725.57846463988
2007-07-25,True,0.0156671756393308,0.0,0.0156671756393308,101287.99661817926
2007-07-26,True,-0.0368170303504355,0.0,-0.0368170303504355,97558.87337255293
2007-07-27,True,-0.0461310652996168,0.0,-0.0461310652996168,93058.37861444666
2007-07-30,True,0.0269938011235957,0.0,0.0269938011235957,95570.37797964929
2007-07-31,True,-0.0638467844079074,0.0,-0.0638467844079074,89468.51666100041
2007-08-01,True,0.0200068226469895,0.0,0.0200068226469895,91258.49740632626
2007-08-02,True,0.032981686752798,0.0,0.032981686752798,94268.35658131276
2007-08-03,True,-0.0734920455642719,0.0,-0.0734920455642719,87340.38222416988
2007-08-06,True,0.0557856018537056,0.0,0.0557856018537056,92212.71801267788
2007-08-07,True,0.0109480431688276,0.0,0.0109480431688276,93222.26683019561
2007-08-08,True,0.0390918171158163,0.0,0.0390918171158163,96866.49463624344
2007-08-09,True,-0.076560132792859,0.0,-0.076560132792859,89450.38294371388
2007-08-10,True,-0.0181973072827119,0.0,-0.0181973072827119,87822.62683873087
2007-08-13,True,0.0142413888486588,0.0,0.0142413888486588,89073.34301725189
2007-08-14,True,-0.0515188278826809,0.0,-0.0515188278826809,84484.38878941108
2007-08-15,True,-0.0576187643070743,0.0,-0.0576187643070743,79616.50270412679
2007-08-16,False,-0.01640064259945524,0.0005032491511596655,-0.016903891750614904,78270.67396085369
2007-08-17,False,0.005174023033898472,8.698289791764652e-07,0.005173153204919296,78675.58014870547
2007-08-20,False,0.004869976284178293,8.757391238725931e-07,0.00486910054505442,79058.65945889
2007-08-21,False,-0.0013394058405880912,7.79476395138215e-07,-0.0013401853169832294,78952.70620430283
2007-08-22,False,0.004716480585955823,1.2389114473173452e-06,0.004715241674508506,79324.98729491257
2007-08-23,False,0.0018612851900835139,1.0012555129284007e-06,0.0018602839345705855,79472.55429438732
2007-08-24,False,0.00807911006954905,1.6402647448339886e-06,0.008077469804804215,80114.4914520109
2007-08-27,False,0.0010630036077631127,5.043608039229791e-07,0.0010624992469591898,80199.61303884917
2007-08-28,False,-0.0018984240181947204,1.2397101838760167e-06,-0.0018996637283785964,80047.26074292928
2007-08-29,False,0.00551187282024124,1.2173724473908133e-06,0.005510655447793849,80488.37361642328
2007-08-30,False,0.0005980630317773995,7.802978471658784e-07,0.0005972827339302336,80536.4479322665
2007-08-31,False,0.005480437749027243,9.0532402587995e-07,0.005479532425001364,80977.7500101058
2007-09-04,False,0.006424821561306516,1.2264027880548034e-06,0.006423595158518461,81497.91829301843
2007-09-05,False,0.0036091223039560333,3.136941135847005e-07,0.0036088086098424485,81792.02868223851
2007-09-06,False,0.007043536561737847,2.018890607866544e-06,0.00704151767112998,82367.96869756206
2007-09-07,False,0.006368458330839201,5.263907575347588e-07,0.0063679319400816664,82892.4823162709
2007-09-10,False,0.0030052535154292573,1.9842701342151494e-07,0.003005055088415836,83141.57879204683
2007-09-11,False,0.006671700511594925,1.553606557920667e-06,0.006670146905037005,83696.1453365065
2007-09-12,False,-0.0010680408050033022,1.2434843050590506e-07,-0.001068165153433808,83606.7440305813
2007-09-13,False,-0.0020947774380921796,9.594727882980824e-07,-0.0020957369108804778,83431.52629111789
2007-09-14,False,-0.001570920162569504,4.6223944750643787e-07,-0.0015713824020170105,83300.42345893061
2007-09-17,False,0.0046471120548663,1.5519440456676637e-06,0.004645560110820632,83687.40058336589
2007-09-18,False,0.007582506213468618,1.1034602637912671e-06,0.007581402753204827,84321.86847255717
2007-09-19,True,0.008653862069954,0.0005,0.008153862069953999,85009.4173575632
2007-09-20,True,-0.0130289851822247,0.0,-0.0130289851822247,83901.83091846194
2007-09-21,True,0.0247309159637216,0.0,0.0247309159637216,85976.80004810881
2007-09-24,True,0.0112019223897165,0.0,0.0112019223897165,86939.9054895639
2007-09-25,True,0.028382882726943,0.0,0.028382882726943,89407.5106313657
2007-09-26,True,0.016516062261491,0.0,0.016516062261491,90884.17064359825
2007-09-27,True,0.0113395301699122,0.0,0.0113395301699122,91914.75443857878
2007-09-28,True,-0.0077265370581932,0.0,-0.0077265370581932,91204.57168221437
2007-10-01,True,0.0369250927108059,0.0,0.0369250927108059,94572.30894722947
2007-10-02,True,-0.0017066725752697,0.0,-0.0017066725752697,94410.90498116931
2007-10-03,True,-0.0184377261874282,0.0,-0.0184377261874282,92670.18256601921
2007-10-04,True,0.0034616403151984,0.0,0.0034616403151984,92990.97340600654
2007-10-05,True,0.0626701695653453,0.0,0.0626701695653453,98818.73347740748
2007-10-08,True,0.0187883027218358,0.0,0.0187883027218358,100675.36975656943
2007-10-09,True,0.0108452622015966,0.0,0.0108452622015966,101767.22053882212
2007-10-10,True,0.0077928430762966,0.0,0.0077928430762966,102560.27651879202
2007-10-11,True,-0.0498746465555549,0.0,-0.0498746465555549,97445.11897677729
2007-10-12,True,0.0517602844581072,0.0,0.0517602844581072,102488.90605406938
2007-10-15,True,-0.0264558285467651,0.0,-0.0264558285467651,99777.4771275574
2007-10-16,True,-0.0109975858903352,0.0,-0.0109975858903352,98680.16575292614
2007-10-17,True,0.0388711795142996,0.0,0.0388711795142996,102515.98019040897
2007-10-18,True,0.0113680132180348,0.0,0.0113680132180348,103681.38320827331
2007-10-19,True,-0.0775750877857153,0.0,-0.0775750877857153,95638.29080414712
2007-10-22,True,0.0369443202222294,0.0,0.0369443202222294,99171.58244512224
2007-10-23,True,0.0661931970825733,0.0,0.0661931970825733,105736.06654690289
2007-10-24,True,-0.0227414597753566,0.0,-0.0227414597753566,103331.47404272208
2007-10-25,True,-0.0372815218080635,0.0,-0.0372815218080635,99479.11943973898
2007-10-26,True,0.0457222787341858,0.0,0.0457222787341858,104027.53146699409
2007-10-29,True,0.0118924795536523,0.0,0.0118924795536523,105264.67675798225
2007-10-30,True,0.0055289483602763,0.0,0.0055289483602763,105846.67971993831
2007-10-31,True,0.0424542901386148,0.0,0.0424542901386148,110340.3253709776
2007-11-01,True,-0.0563255532681531,0.0,-0.0563255532681531,104125.34549666925
2007-11-02,True,0.0227626538896788,0.0,0.0227626538896788,106495.51469735315
2007-11-05,True,-0.0182984100588255,0.0,-0.0182984100588255,104546.81609999531
2007-11-06,True,0.0318559945389186,0.0,0.0318559945389186,107877.25890273807
2007-11-07,True,-0.0737302270116949,0.0,-0.0737302270116949,99923.44411443982
2007-11-08,True,-0.0876481079136528,0.0,-0.0876481079136528,91165.34330159354
2007-11-09,True,-0.1025077684947486,0.0,-0.1025077684947486,81820.1873956895
2007-11-12,True,-0.0770423967244072,0.0,-0.0770423967244072,75516.56405828545
2007-11-13,False,0.0007980467757039813,0.000501611129314384,0.0002964356463895973,75538.9498597652
2007-11-14,False,0.007844297442419601,1.4457637454379085e-06,0.007842851678674163,76131.39063947814
2007-11-15,False,-0.009039307699738224,3.361070683240555e-06,-0.009042668770421465,75442.95969089377
2007-11-16,False,0.0011290527216618392,6.54419006163004e-07,0.0011283983026556762,75528.0893985563
2007-11-19,False,0.0006815451937239019,1.2060210754497454e-06,0.0006803391726484521,75579.47411640943
2007-11-20,False,0.015393308348562493,2.3807652844072827e-06,0.015390927583278086,76742.71232931732
2007-11-21,False,0.0010972472706277613,4.131175506841278e-07,0.0010968341530770771,76826.88635719988
2007-11-23,False,0.009945172106487701,2.288959934997503e-06,0.009942883146552704,77590.767110763
2007-11-26,False,0.004547014792478304,7.165099203724074e-07,0.004546298282557932,77943.51788202101
2007-11-27,False,-0.010050912026505722,8.044823311212368e-07,-0.010051716508836843,77160.05173656948
2007-11-28,False,-0.005513509015367843,3.317785882726021e-07,-0.005513840793956116,76734.60349564062
2007-11-29,False,-0.003699833746651287,2.093130581047917e-06,-0.003701926877232335,76450.53760454633
2007-11-30,False,-0.007735335882772143,1.7456675936918937e-06,-0.007737081550365835,75859.03356053066
2007-12-03,False,0.009245578072658309,6.514380527268826e-07,0.009244926634605582,76560.34476036984
2007-12-04,False,0.006445147320049939,1.3020252031070017e-06,0.006443845294846832,77053.6877777258
2007-12-05,False,-0.007571603243900775,1.1242759266940905e-06,-0.007572727519827469,76470.18119578721
2007-12-06,False,0.0015094582111165502,1.3149781288135654e-06,0.0015081432329877367,76585.50918208298
2007-12-07,False,-0.007798528945078592,3.196466170900941e-07,-0.007798848591695682,75988.230391654
2007-12-10,False,0.005667848977043284,2.012572313498828e-06,0.005665836404729785,76418.76727373802
2007-12-11,False,-7.136753289229437e-05,2.404951342689879e-06,-7.377248423498425e-05,76413.12967143406
2007-12-12,False,0.0071175448192831005,2.285555492387334e-06,0.007115259263790713,76956.82890020397
2007-12-13,False,-0.012010736502437669,2.144558689082407e-06,-0.01201288106112675,76032.35566778434
2007-12-14,False,-0.005171421584309,1.1791945145799703e-06,-0.005172600778823581,75639.07064564136
2007-12-17,False,-9.387619134434515e-05,8.122435278325735e-07,-9.468843487217772e-05,75631.90850042674
2007-12-18,False,0.005383779353910204,1.4839008152183198e-06,0.005382295453094986,76038.98177765748
2007-12-19,False,0.0018364115362121767,3.3664652240725235e-07,0.0018360748896897694,76178.59504273701
2007-12-20,False,-0.0020754681237448273,8.547514957386038e-07,-0.002076322875240566,76020.42368324609
2007-12-21,False,0.0030386738961591386,2.515444100281372e-06,0.003036158452058857,76251.23373514107
2007-12-24,False,-0.00019711261030882997,4.1235001942369067e-07,-0.00019752496032825366,76236.17221322256
2007-12-26,False,0.008356308597769818,1.971395394903014e-06,0.008354337202374915,76873.07490291014
2007-12-27,False,0.003726765376763181,5.373436116664631e-07,0.0037262280331515144,77159.52150960793
2007-12-28,False,0.008592562250064757,1.49766154947302e-06,0.008591064588515284,77822.4039425159
2007-12-31,False,7.916291117399978e-05,1.1889660361845134e-06,7.797394513781527e-05,77828.47206237141
2008-01-02,False,0.020474356548012867,2.044200697341639e-06,0.020472312347315526,79421.8008519466
2008-01-03,False,0.0033597432770797065,8.317002894218939e-07,0.003358911576790285,79688.57165827774
2008-01-04,False,-0.0007075248272917188,8.500961157236059e-07,-0.0007083749234074424,79632.12227243285
2008-01-07,False,-0.005814859169321805,1.3872568416120195e-06,-0.005816246426163417,79168.962225858
2008-01-08,False,0.00992708157692397,2.2747786127827878e-06,0.009924806798311186,79954.69888037244
2008-01-09,False,-0.0014465130469091877,6.788661524417261e-07,-0.0014471919130616294,79838.98908674148
2008-01-10,False,0.005015546286359492,2.42554179873683e-06,0.005013120744560755,80239.23157915699
2008-01-11,False,0.005140043005950155,3.598100598267984e-07,0.005139683195890328,80651.63580935553
2008-01-14,False,0.007479216770634178,1.237282226460884e-06,0.007477979488407717,81254.74708764441
2008-01-15,False,-0.003976053726922953,2.231318393076012e-06,-0.0039782850453160285,80931.4925424447
2008-01-16,False,-0.00798025588834385,1.3407421132009267e-06,-0.007981596630457052,80285.53001427007
2008-01-17,False,0.0016365974249812978,6.561540370087077e-07,0.001635941270944289,80416.87242628005
2008-01-18,False,0.003884085500174598,1.1209347738070642e-06,0.003882964565400791,80729.12829237165
2008-01-22,False,0.004677847980318545,1.5872165722164156e-06,0.004676260763746328,81106.63874749672
2008-01-23,False,-0.0034182347505748363,1.842573765384048e-07,-0.0034184190079513746,80829.38227193123
2008-01-24,False,0.006877996727645994,2.9860522338218675e-06,0.0068750106754121715,81385.08513793771
2008-01-25,False,0.0035520359743976744,3.4510152457030433e-07,0.0035516908728731042,81674.13980201013
2008-01-28,False,0.009885850495527685,1.6315128570681126e-06,0.009884218982670617,82481.42488503446
2008-01-29,False,-0.005685270605371766,3.7696845018371505e-07,-0.005685647573821949,82012.46457175148
2008-01-30,False,0.005094499972504117,8.447795991062824e-07,0.00509365519290501,82430.20778780033
2008-01-31,False,-7.298857064344522e-05,1.1827873264157878e-06,-7.417135796986101e-05,82424.09382735097
2008-02-01,False,-0.005625759799724507,2.816370430403295e-06,-0.005628576170154911,81960.16353698773
2008-02-04,False,-0.0008743251496515142,6.045827935500375e-07,-0.0008749297324450642,81888.45415303316
2008-02-05,False,-0.005811689225279924,1.6974382783488257e-06,-0.005813386663558273,81412.40490576053
2008-02-06,False,0.004552845920464426,1.6477654434929184e-06,0.004551198155020933,81782.92889276345
2008-02-07,False,-0.00026257699381953035,1.7305607954775648e-06,-0.0002643075546150079,81761.31304681854
2008-02-08,False,0.00571640756253058,1.1737436138793828e-06,0.005715233818916701,82228.59806822277
2008-02-11,False,0.007917462449838288,1.7350193081383665e-06,0.00791572743053015,82879.49723752544
2008-02-12,False,-0.013265340628499198,1.6616976085087332e-06,-0.013267002326107707,81779.93475488856
2008-02-13,False,0.0006271320127497628,1.044564941135584e-07,0.0006270275562556492,81831.21302752866
2008-02-14,False,0.003116793596335722,1.2483103415984327e-06,0.0031155452859941237,82086.16187752376
2008-02-15,False,0.00016026547675119466,1.0669247993507491e-06,0.00015919855195184392,82099.22987562994
2008-02-19,False,0.009942655884984513,2.8573863849807173e-06,0.009939798498599531,82915.27967748391
2008-02-20,False,0.004053734624741836,2.3359390773087657e-06,0.004051398685664527,83251.20253259077
2008-02-21,False,0.004653741111717746,7.542346689324714e-07,0.004652986877048813,83638.56928547345
2008-02-22,False,0.0009737779790828723,1.6213844300179413e-07,0.0009736158406398705,83720.00112141825
2008-02-25,False,-0.0033897770161971496,1.185648587029131e-06,-0.0033909626647841786,83436.10972331984
2008-02-26,False,0.010879469179391912,1.4328333373022916e-06,0.01087803634605461,84343.7307574635
2008-02-27,False,0.00676204618358215,9.757535078220303e-07,0.006761070430074328,84913.98466144993
2008-02-28,False,0.0116661449702313,7.799191796709071e-07,0.011665365051051629,85904.53729046514
2008-02-29,False,0.0068610628884087825,1.1078535218923408e-06,0.00685995503488689,86493.8385535705
2008-03-03,False,0.00788032562289599,1.3031186048842596e-06,0.007879022504291107,87175.3254540166
2008-03-04,False,-0.01390422224792187,1.6303738330932517e-06,-0.013905852621754963,85963.07822599952
2008-03-05,False,0.012525090928899548,2.3433339139024846e-06,0.012522747594985647,87039.57215711172
2008-03-06,False,-0.002632638034088806,1.6463382664483467e-06,-0.0026342843723552545,86810.28517240175
2008-03-07,False,-0.0013995654488603657,9.462596380970661e-07,-0.0014005117084984627,86688.70635159971
2008-03-10,False,0.004004069694315292,1.0447373535463905e-06,0.004003024956961745,87035.72340661191
2008-03-11,False,-0.0035228017669055238,1.1101186562977317e-06,-0.0035239118855618216,86729.01718643088
2008-03-12,False,0.011238288287953471,4.024293351240771e-07,0.011237885858618346,87703.66798220215
2008-03-13,False,0.006231149279390055,1.7337911850483363e-06,0.006229415488205007,88250.01056990286
2008-03-14,False,0.00490721214040225,4.564168371974653e-07,0.004906755723565052,88683.03181437142
2008-03-17,False,-0.0033106059273841776,2.451347791966124e-06,-0.003313057275176144,88389.21985063414
2008-03-18,False,-0.00886124224728032,3.0372815111635448e-06,-0.008864279528791484,87605.71309854632
2008-03-19,False,-0.020911686460802926,4.279753508645137e-06,-0.02091596621431157,85773.35496319646
2008-03-20,False,-0.01776630566626319,3.157565499827278e-06,-0.017769463231763018,84249.20848591297
2008-03-24,False,-0.004005074577112191,1.583561565765612e-06,-0.004006658138677957,83911.65070905571
2008-03-25,False,0.01524022554574643,2.290035716678157e-06,0.015237935510029752,85190.29103110045
2008-03-26,False,0.01001309665127098,1.5119736774802662e-06,0.0100115846775935,86043.18084346715
2008-03-27,False,-0.0012418692593467512,4.742338129518353e-07,-0.0012423434931597029,85936.28565761552
2008-03-28,False,-0.007280081049262959,1.6512689946345943e-06,-0.007281732318257594,85310.52062903144
2008-03-31,False,-0.006874774937338744,2.28395335729914e-06,-0.006877058890696043,84723.83515466966
2008-04-01,False,-0.024327833498273024,2.7092319326613295e-06,-0.024330542730205684,82662.45826317207
2008-04-02,False,0.014984516581991491,2.8812785672273357e-06,0.014981635303424263,83900.87706615544
2008-04-03,False,0.00030162989799895176,2.2971121057911715e-07,0.00030140018678837265,83926.1648061749
2008-04-04,False,0.009423216241323381,5.889144911813831e-07,0.0094226273268322,84716.96978011378
2008-04-07,False,0.0010277017363680516,1.526128893371656e-06,0.00102617560747468,84803.90426804131
2008-04-08,False,-0.0037289264317623,8.808273881572293e-07,-0.003729807259150457,84487.60205029807
2008-04-09,False,0.017138111234361375,1.967261199124076e-06,0.01713614397316225,85935.39376297922
2008-04-10,False,-0.004653317885272599,1.642880872348984e-07,-0.004653482173359834,85535.49494004254
2008-04-11,False,-8.258299162072422e-05,8.398771532547867e-07,-8.3422868773979e-05,85528.35932367264
2008-04-14,False,-0.00015120807098169712,5.802890895574703e-07,-0.00015178836007125458,85515.37711427132
2008-04-15,False,0.001965795446187544,8.94092654421863e-07,0.0019649013535331223,85683.40639451105
2008-04-16,False,0.005705257197342727,2.221380144693072e-06,0.0057030358171980345,86172.06193011849
2008-04-17,False,-0.00781295750062667,9.116296066015856e-07,-0.007813869130233271,85498.72471551418
2008-04-18,False,-0.010919349425884716,1.691802175428983e-06,-0.010921041228060145,84564.9896179495
2008-04-21,False,-0.0010637647769512273,5.037440813517175e-07,-0.001064268521032579,84474.98976151766
2008-04-22,False,0.0032256713736624767,1.178586372067844e-06,0.003224492787290409,84747.37875671011
2008-04-23,False,-0.0069755465290598714,1.0255920679476949e-06,-0.006976572121127819,84156.13255673739
2008-04-24,False,-0.01771923665462385,1.978053757134654e-06,-0.017721214708380985,82664.78366267247
2008-04-25,False,-0.0023764910460434886,4.927880342334434e-07,-0.002376983834077722,82468.29080825877
2008-04-28,False,0.004684081559441162,3.4248807508249767e-07,0.00468373907136608,82854.5507640662
2008-04-29,False,-0.011336405255143761,1.9110654887063844e-06,-0.011338316320632468,81915.11965889932
2008-04-30,False,0.00681222749947108,4.936748909108585e-07,0.006811733824580168,82473.10365022437
2008-05-01,False,-0.01650941763903657,2.797758977926043e-06,-0.016512215398014493,81111.28999820907
2008-05-02,False,0.0020356153027327353,1.2047912750400847e-06,0.002034410511457695,81276.30365917932
2008-05-05,False,0.011987743374747117,1.830643791688999e-06,0.011985912730955428,82250.47434193287
2008-05-06,False,0.003156401457339038,8.141219254618748e-07,0.003155587335413576,82510.02289709804
2008-05-07,False,-0.0021077625125240744,1.209602765982268e-06,-0.0021089721152900568,82336.01155957612
2008-05-08,False,0.009081779449586394,1.2328797391883833e-06,0.009080546569847206,83083.66754691832
2008-05-09,False,0.007679947447424162,1.9119914317138053e-06,0.007678035455992448,83721.58689215744
2008-05-12,False,-0.004481982703649671,6.051825969074221e-07,-0.004482587886246578,83346.29752093733
2008-05-13,False,-0.010279555978566933,1.3662689142099478e-06,-0.010280922247481143,82489.42071650915
2008-05-14,False,-0.004669900242878101,1.0448961871451086e-06,-0.0046709451390652456,82104.11715778905
2008-05-15,False,0.009383821941995704,1.938967606045866e-06,0.009381882974389659,82874.408376679
2008-05-16,False,0.011425562551988197,2.1696749748026516e-06,0.011423392877013393,83821.11530301585
2008-05-19,False,3.232971638533032e-05,6.770330644439299e-07,3.165268332088639e-05,83823.76846623413
2008-05-20,False,0.012840464618271928,1.3956401002569036e-06,0.01283906897817167,84899.9876115824
2008-05-21,False,0.007512823635339459,1.8172625258161684e-06,0.0075110063728136426,85537.6719595848
2008-05-22,False,-0.009871174615555022,6.353401742196368e-07,-0.009871809955729241,84693.26031794427
2008-05-23,False,0.005996703730374427,8.057177277672189e-07,0.005995898012646659,85201.07246916919
2008-05-27,False,-0.013496935642145226,1.5431277267287104e-06,-0.013498478769871954,84050.9876012738
2008-05-28,False,-0.0027068021783625516,4.264274308336119e-07,-0.0027072286057933854,83823.44236329444
2008-05-29,False,-0.017979730325639234,2.453218119009573e-06,-0.017982183543758242,82316.11383744804
2008-05-30,False,0.007253928124105549,5.97632731706585e-07,0.007253330491373843,82913.17981587659
2008-06-02,False,0.0068324990803698355,4.2004685022052626e-07,0.006832079033519615,83479.64921329908
2008-06-03,False,-0.0022662824196901543,1.6724647519606728e-06,-0.002267954884442115,83290.32113511427
2008-06-04,False,-0.0033577677062303483,1.1881347287971689e-07,-0.003357886519703228,83010.6416885529
2008-06-05,False,0.001933363759645192,1.4649404439614212e-06,0.0019318988192012305,83171.00984921216
2008-06-06,False,0.020189217867474,2.436220310836776e-06,0.020186781647163164,84849.96486441226
2008-06-09,False,-0.009951049931224287,4.969904725963398e-07,-0.009951546921696884,84005.57645775974
2008-06-10,False,-0.017309621260211554,1.7673834657003229e-06,-0.017311388643677254,82551.32327546334
2008-06-11,False,0.010764926190888624,1.3361177989083401e-06,0.010763590073089715,83439.87187919155
2008-06-12,False,-0.00980741187607506,1.0958567699602823e-06,-0.00980850773284502,82621.45125063689
2008-06-13,False,-0.0007667718170630719,5.760628703278676e-07,-0.0007673478799333997,82558.0518551827
2008-06-16,False,0.005046036661626655,1.4430638010304865e-06,0.005044593597825624,82974.5236750203
2008-06-17,False,0.0015409122156395817,3.928799757194068e-07,0.0015405193356638623,83102.34753310918
2008-06-18,False,0.0071950089766788725,7.628669364736357e-07,0.007194246109742399,83700.20627355973
2008-06-19,False,-0.003365455204909098,8.280051936699478e-07,-0.003366283210102768,83418.44767449891
2008-06-20,False,0.004725883657992531,3.4044741512712085e-07,0.004725543210577404,83812.64515354406
2008-06-23,False,-0.008299917156963287,2.1193763763863866e-06,-0.008302036533339673,83116.8295115235
2008-06-24,False,0.00378745465216159,2.0546425547667003e-07,0.0037872491879061133,83431.61365659234
2008-06-25,False,-0.0015395750482686832,2.7048726072605165e-07,-0.0015398455355294092,83303.14185878122
2008-06-26,False,0.01946909282882196,2.782729688695626e-06,0.019466310099133265,84924.74665043634
2008-06-27,False,0.005754419995692238,6.615917257927484e-07,0.005753758403966446,85413.383125181
2008-06-30,False,0.001637398904561779,4.176615707121023e-07,0.001636981242991067,85553.20323125733
2008-07-01,False,0.00577186037635061,1.32795535256916e-06,0.00577053242099804,86046.89076422353
2008-07-02,False,0.006280390456004359,8.777556093807343e-07,0.006279512700394978,86587.22330760698
2008-07-03,False,-0.006491237637888537,1.0889415178139961e-06,-0.006492326579406351,86025.07077629001
2008-07-07,False,-0.007391611346572152,1.6828680706999084e-06,-0.007393294214642852,85389.06211820542
2008-07-08,False,-0.007720011957217637,2.3531644649370103e-06,-0.007722365121682575,84729.65660313061
2008-07-09,False,0.0038971995804636846,5.223969994160721e-07,0.0038966771834642684,85059.8207227788
2008-07-10,False,0.011858700431608684,1.8099329054548502e-06,0.01185689049870323,86068.36570292812
2008-07-11,False,0.004747124395327547,2.103429987298372e-06,0.004745020965340249,86476.76190264108
2008-07-14,False,0.004412283992819819,5.756564574554146e-07,0.004411708336362364,86858.2721540286
2008-07-15,False,-0.0025665183257073537,1.7484009153720947e-06,-0.002568266726622726,86635.19694372347
2008-07-16,False,-0.011555244897281979,1.0848168022881688e-06,-0.011556329714084266,85634.01204299717
2008-07-17,False,-0.008683782777463208,1.7915940170253887e-06,-0.008685574371480233,84890.23146266949
2008-07-18,False,-0.0019640053814584855,2.393534423492938e-07,-0.0019642447349008346,84723.48627247443
2008-07-21,False,0.004790214940489308,8.787858168824298e-07,0.004789336154672426,85129.25552842909
2008-07-22,False,-0.013153267066990363,1.9236986355372634e-06,-0.0131551907656259,84009.36393221689
2008-07-23,False,-0.015338209092121614,2.2969799884360323e-06,-0.01534050607211005,82720.61777470061
2008-07-24,False,0.004155443710176254,1.0415790618680947e-06,0.004154402131114386,83064.27248547092
2008-07-25,False,-0.002328559768772391,1.0474918259180122e-06,-0.002329607260598309,82870.76535319246
2008-07-28,False,0.004870565754258357,7.354683846383242e-07,0.004869830285873718,83274.33191612296
2008-07-29,False,-0.008868965425931378,1.3435698048088196e-06,-0.008870308995736187,82535.66286061346
2008-07-30,False,-0.0027371517756892075,1.5165349114555222e-06,-0.002738668310600663,82309.62505624269
2008-07-31,False,0.004601361817531991,1.093528582257211e-06,0.004600268288949733,82688.27141426425
2008-08-01,False,-0.004348975371603349,5.814800021321092e-07,-0.0043495568516054815,82328.61407678694
2008-08-04,False,-0.010960119885783251,1.699447919354502e-06,-0.010961819333702607,81426.14268328306
2008-08-05,False,-0.013498136117150712,1.9843869511792375e-06,-0.013500120504101891,80326.87994487454
2008-08-06,False,-0.0010700702672026014,1.2639555170405881e-06,-0.001071334222719642,80240.8230093853
2008-08-07,False,-0.00016745657158230565,1.2007392774934512e-06,-0.0001686573108597991,80227.28980795537
2008-08-08,False,-0.013519706582108605,1.989005464231364e-06,-0.013521695587572836,79142.48081735622
2008-08-11,False,-0.017483671106017496,3.6644001617183454e-06,-0.017487335506179213,77758.48970251175
2008-08-12,False,-0.002247289157144745,1.1081948435666539e-06,-0.002248397351988312,77583.65772017001
2008-08-13,False,0.005217388304776396,1.2764518064102143e-06,0.005216111852969985,77988.34275680095
2008-08-14,False,-0.009599404214414462,2.944465339610389e-06,-0.009602348679754073,77239.47149669396
2008-08-15,False,-0.007843597624923317,2.3236485371795344e-06,-0.007845921273460496,76633.45668412722
2008-08-18,False,0.005978058224269515,1.506578582263371e-06,0.005976551645687251,77091.46049578744
2008-08-19,False,0.008481462299013986,2.0168576367588926e-06,0.008479445441377227,77745.15332905756
2008-08-20,False,-0.0003561181082471296,7.076169206660377e-07,-0.00035682572516779567,77717.41185834263
2008-08-21,False,0.010489268363681753,2.8847109659959485e-06,0.010486383652715757,78532.38645558534
2008-08-22,False,-0.0074011348885996255,1.2463401152971177e-06,-0.007402381228714922,77951.05979224032
2008-08-25,False,0.0021211621842746014,6.604666479414351e-07,0.00212050171762666,78116.3551484206
2008-08-26,False,0.002365648299462655,3.9334420253327177e-07,0.0023652549552601217,78301.12024452227
2008-08-27,False,0.0018830065941583488,2.1575929147167606e-07,0.001882790834866877,78448.54487607846
2008-08-28,False,0.002716917701300949,1.2236323591982152e-06,0.0027156940689417506,78661.58712411553
2008-08-29,False,-0.0014836502521224793,7.069685038764012e-07,-0.0014843572206263557,78544.82522928191
2008-09-02,False,-0.006690345229651905,4.031652409795458e-06,-0.0066943768820617,78019.01656706142
2008-09-03,False,-0.0013724951930392353,6.62429239788348e-07,-0.0013731576222790235,77911.88415977964
2008-09-04,False,-0.001069069209805831,8.7908475936542e-07,-0.0010699482945651965,77828.52247219652
2008-09-05,False,0.0037880688404021297,9.149313770291517e-07,0.0037871539090251006,78123.27106531075
2008-09-08,False,-0.0002155250147821175,2.1736046148543298e-07,-0.00021574237524360292,78106.41656524932
2008-09-09,False,-0.009768959735739267,3.4140742539439248e-06,-0.00977237380999321,77343.13146561466
2008-09-10,False,-0.00881576442584057,3.5078030465211103e-06,-0.008819272228887091,76661.0213341848
2008-09-11,False,-0.004776900533725426,1.7722713472321655e-06,-0.004778672805072659,76294.68339632603
2008-09-12,False,0.003697644242914642,4.99834265969458e-06,0.0036926459002549475,76576.41264618072
2008-09-15,False,0.014217592103267044,2.035597296616912e-06,0.014215556505970426,77664.988967177
2008-09-16,False,-0.0020290978638533284,1.54966072390679e-06,-0.0020306475245772354,77507.27874958448
2008-09-17,False,0.03300441013517664,1.2891343945253903e-05,0.03299151879123138,80064.36159290861
2008-09-18,False,-0.012799304748378875,3.0939878925491103e-06,-0.012802398736271425,79039.34571123117
2008-09-19,False,-0.0008071614864819492,6.54077293635727e-06,-0.0008137022594183064,78975.031217043
2008-09-22,False,0.0018713200082709329,5.880096575857946e-06,0.0018654399116950749,79122.35439230264
2008-09-23,False,-0.0016306242917935264,1.3376479221841874e-06,-0.0016319619397157105,78993.2297213537
2008-09-24,False,-0.0009039295065580849,2.8901531837045717e-06,-0.0009068196597417895,78921.59710765586
2008-09-25,False,-0.0044514757368539866,2.4324116867288636e-07,-0.00445171897802266,78570.26033603586
2008-09-26,False,0.0039059435053537205,9.320356040267292e-07,0.003905011469749694,78877.07810382929
2008-09-29,False,0.031278097771935943,2.9448742830775615e-06,0.03127515289765287,81343.97078164665
2008-09-30,False,-0.016800977919563344,5.668411180729472e-06,-0.016806646330744072,79976.85143358115
2008-10-01,False,0.006403402875107579,6.915944165850757e-07,0.006402711280690994,80488.92012244908
2008-10-02,False,0.0025051092966170765,7.4555651413135274e-06,0.002497653731475763,80689.95357413539
2008-10-03,False,0.003552328399989218,8.431242790302162e-08,0.003552244087561315,80976.5839846447
2008-10-06,False,0.03439477247565474,6.958211808725675e-06,0.03438781426384602,83761.1917144294
2008-10-07,False,0.005847094442977881,4.909603453978923e-06,0.005842184839523902,84250.5400788039
2008-10-08,False,0.007280911283421882,2.8716407875724744e-06,0.0072780396426343095,84863.71884941078
2008-10-09,False,-0.0029388352124028305,1.3885472953277662e-06,-0.002940223759698158,84614.20052691341
2008-10-10,False,-0.01025857993028796,1.0785006399442395e-05,-0.010269364936687403,83745.26642287648
2008-10-13,False,-0.019411954513319105,2.6035475272864346e-06,-0.019414558060846392,82119.3890855885
2008-10-14,False,-0.000966560823783537,6.028225273413679e-07,-0.0009671636463108783,82039.96619780766
2008-10-15,False,0.017063165091805544,2.6574611202131588e-06,0.01706050763068533,83439.60966714652
2008-10-16,False,-0.01213339767471089,6.093952756868443e-06,-0.012139491627467759,82426.69522419303
2008-10-17,False,-0.01377931170883751,2.6252095163480925e-06,-0.013781936918353858,81290.69571022483
2008-10-20,False,0.006928034361108684,1.6187284018303744e-06,0.006926415632706854,81853.74885578574
2008-10-21,False,-0.0014439224212619839,5.010745341205825e-06,-0.0014489331666031897,81735.14824425778
2008-10-22,False,-0.0023163351457474216,9.104979884264966e-06,-0.0023254401256316867,81545.07805085613
2008-10-23,False,-0.0015536119652327467,2.2374113966557723e-06,-0.0015558493766294026,81418.2061920035
2008-10-24,False,0.0151471589815357,3.1976195498502057e-06,0.01514396136198585,82651.20036073742
2008-10-27,False,-0.0008180066870826372,2.986735420648645e-07,-0.000818305360624702,82583.56644042017
2008-10-28,False,0.000497141842754755,3.632896312009651e-06,0.0004935089464427453,82624.32216928768
2008-10-29,False,-0.014495536042164294,5.532608789758434e-06,-0.014501068650954053,81426.1812012723
2008-10-30,False,-0.005066318753553072,2.0715159686788278e-06,-0.00506839026952175,81013.48153678745
2008-10-31,False,-0.0061278982260130795,2.132084321525854e-06,-0.006130030310334605,80516.86643942121
2008-11-03,False,0.002117798946079323,9.117259389613691e-07,0.0021168872201403617,80687.31156499256
2008-11-04,False,0.0062319539667646156,9.742941431955934e-06,0.00622221102533266,81189.3650446167
2008-11-05,False,0.0016499371332934266,6.18247163163553e-06,0.001643754661661791,81322.82044188617
2008-11-06,False,0.013807833290040586,5.9926160745973205e-06,0.013801840673965988,82445.22505278261
2008-11-07,False,0.0005118654133080573,5.605730602274012e-07,0.0005113048402478298,82487.37969540742
2008-11-10,False,0.0019597100644055247,2.1519273322922193e-06,0.0019575581370732324,82648.85353673602
2008-11-11,False,0.004688176880417584,5.1494954411241965e-06,0.00468302738497646,83035.90038118546
2008-11-12,False,0.004102741485885286,5.403704365227718e-06,0.004097337781520058,83376.12651303982
2008-11-13,False,0.005428401962152278,4.191564096965458e-06,0.005424210398055313,83828.37616542143
2008-11-14,False,0.004212979786982738,2.548094892220881e-06,0.004210431692090517,84181.3298171248
2008-11-17,False,0.002898286274142039,2.006137925629106e-06,0.00289628013621641,84425.14253051444
2008-11-18,False,0.007536704959370943,1.6712865134173027e-06,0.007535033672857526,85061.28882231766
2008-11-19,False,0.0033498089592103575,1.1291524152963334e-06,0.003348679806795061,85346.13184253691
2008-11-20,False,0.024736355817790805,3.70561072495354e-06,0.024732650207065852,87456.96786792451
2008-11-21,False,0.021702444121769252,8.452718786246399e-06,0.021693991402983007,89354.25857698222
2008-11-24,False,-0.01274612116696707,7.425290119738221e-06,-0.012753546457086807,88214.67488908213
2008-11-25,False,0.009399047835457993,1.6335520983757762e-06,0.009397414283359617,89043.66473488673
2008-11-26,False,-0.002238090993279325,9.37597251733091e-07,-0.002239028590531058,88844.29342373965
2008-11-28,False,0.0043784056371504836,8.710636747461531e-07,0.004377534573475737,89233.2123898581
2008-12-01,False,0.0010174786691093604,9.830428343410677e-06,0.0010076482407659498,89323.12807934065
2008-12-02,False,0.013204256081737009,1.8992269262767259e-06,0.013202356854810733,90502.40389163207
2008-12-03,False,0.0023822123318784955,2.0598707554263797e-06,0.002380152461123069,90717.8134109923
2008-12-04,False,0.007494599632850693,3.0000823120636957e-06,0.007491599550538629,91397.43494116793
2008-12-05,False,0.0013027380127613776,4.23402783553134e-06,0.0012985039849258463,91516.11487465104
2008-12-08,False,-0.009080855326406748,6.2886302538015945e-06,-0.00908714395666055,90684.4947644308
2008-12-09,False,0.007901142179405142,1.0928416065197761e-06,0.007900049337798622,91400.90674724312
2008-12-10,False,0.007988474985388598,6.087528261225231e-06,0.007982387457127373,92130.5041988324
2008-12-11,False,-0.0053056380776002705,4.084062209704378e-06,-0.005309722139809975,91641.316820936
2008-12-12,False,0.003818979359806965,8.021068770908829e-07,0.0038181772529298744,91991.21961225022
2008-12-15,False,0.007696555130902293,2.3906305118012032e-06,0.007694164500390492,92699.01518853843
2008-12-16,False,0.005654841429319856,4.034658219102788e-06,0.005650806771100753,93222.83941124019
2008-12-17,False,0.005499232088055774,9.921288842076602e-07,0.005498239959171566,93735.40095199851
2008-12-18,False,0.0015001470932353006,3.28851385462664e-06,0.001496858579380674,93875.70959110519
2008-12-19,False,0.001632962684864721,3.6701796194905103e-06,0.0016292925052452305,94028.66058116656
2008-12-22,False,0.003737255217008434,1.0473433443312085e-06,0.0037362078736641025,94379.97120318
2008-12-23,False,-0.004194968608353378,9.623599391859611e-07,-0.004195930968292565,93983.95935922203
2008-12-24,False,0.00394854971431513,1.0571094492247552e-06,0.003947492604865905,94354.96034376859
2008-12-26,False,0.0019045426612731055,4.169482818974654e-06,0.0019003731784541307,94534.26997965998
2008-12-29,False,0.0054167844860776235,5.544794896187727e-07,0.005416230006588005,95046.28932937472
2008-12-30,False,-0.00163793061450559,5.965409754353363e-07,-0.0016385271554810253,94890.55340328082
2008-12-31,False,-0.010602575821443834,3.873978177112824e-06,-0.010606449799620948,93884.10151215066
2009-01-02,False,-0.010421839694704838,1.5542245971502667e-06,-0.010423393919301988,92905.51053932979
2009-01-05,False,-0.015041548662069318,2.122164463958673e-06,-0.015043670826533276,91507.87062080509
2009-01-06,False,-0.0074965306509658935,4.230626580002131e-06,-0.007500761277545896,90821.49192826188
2009-01-07,False,0.0044375964986697325,6.111613044242029e-06,0.004431484885625491,91223.96599703192
2009-01-08,False,0.012075770491808203,1.4397967648107912e-06,0.012074330695043392,92325.4343297935
2009-01-09,False,0.0013627371477264092,1.290958619071525e-06,0.0013614461891073377,92451.13044051948
2009-01-12,False,0.006108794361573633,7.438096471286418e-06,0.006101356265102347,93015.20772444854
2009-01-13,False,0.0032186078669863157,8.225844454017028e-07,0.003217785282540914,93314.51069091678
2009-01-14,False,0.00226026757109333,2.6169148119604967e-06,0.0022576506562813695,93525.18225721871
2009-01-15,False,0.0017265733685782908,9.638602807010844e-07,0.0017256095082975897,93686.57020098701
2009-01-16,False,0.0009423963639370291,4.648437815528428e-06,0.0009377479261215007,93774.42458789842
2009-01-20,False,0.016659346797656873,3.2729689961782242e-06,0.016656073828660696,95336.33832707464
2009-01-21,False,-0.00836628423685887,6.830001337765068e-07,-0.008366967236992645,94538.66230779717
2009-01-22,False,0.002081658559622895,9.025560484174911e-07,0.0020807560035744775,94735.37419696401
2009-01-23,False,0.006907214596538553,6.586852553809267e-06,0.006900627743984744,95389.10774848437
2009-01-26,False,-0.00472475355854528,2.0957764340739373e-06,-0.004726849334979354,94938.21780795917
2009-01-27,False,0.006772637433350353,2.4678465975287305e-06,0.006770169586752824,95580.96564278312
2009-01-28,False,-0.010663184137692407,8.096008762424472e-07,-0.010663993738568649,94561.69082364214
2009-01-29,False,0.006545135212491175,2.855985285060453e-06,0.006542279227206115,95180.33980920714
2009-01-30,False,0.008377440905726825,1.9579301398131716e-06,0.008375482975587012,95977.52112488975
2009-02-02,False,0.001690136553426547,4.782060503129251e-06,0.0016853544929234178,96139.27727133724
2009-02-03,False,-0.009947916331332981,1.3706490468151783e-06,-0.009949286980379796,95182.7600116784
2009-02-04,False,0.0015020817902038068,1.0855738905431872e-06,0.0015009962163132636,95325.62897431418
2009-02-05,False,-0.0015552660701302786,2.5631086375429853e-06,-0.0015578291787678215,95177.12792801361
2009-02-06,False,-0.010060928046841323,1.8248718970439726e-06,-0.010062752918738366,94219.38400615884
2009-02-09,False,-0.007166113265032071,1.1766888011417315e-06,-0.007167289953833212,93544.08636171516
2009-02-10,False,0.024417743379241203,2.9353677145488865e-06,0.024414808011526654,95827.94727085011
2009-02-11,False,0.013215108306569872,1.7563092888593508e-06,0.013213351997281013,97094.15566931675
2009-02-12,False,0.011796440149836248,2.1765840317654605e-06,0.011794263565804482,98239.30973197991
2009-02-13,False,-0.0096577484630494,1.2793980271555012e-06,-0.009659027861076556,97290.41350222578
2009-02-17,False,0.03389107892767316,4.236249125259689e-06,0.0338868426785479,100587.27843870659
2009-02-18,False,0.005850948669584089,1.8034713092055094e-06,0.0058491451982748835,101175.6280353939
2009-02-19,False,-0.013541969237780624,1.5912200466251524e-06,-0.01354356045782725,99805.3498002379
2009-02-20,False,0.011599658510344266,1.5811633854812685e-06,0.011598077346958785,100962.89996686134
2009-02-23,False,0.0005064278701857792,4.2871157681161064e-07,0.0005059991586089676,101013.9871092953
2009-02-24,False,-0.01806160345913309,2.634858059873929e-06,-0.018064238317192966,99189.24637278313
2009-02-25,False,-0.010600833017106792,1.0238820176291519e-06,-0.01060185689912442,98137.65617680688
2009-02-26,False,-0.009183721987162689,2.783273815071319e-06,-0.00918650526097776,97236.11408203862
2009-02-27,False,0.0032721581593081676,1.5412637148085605e-06,0.003270616895593359,97554.13615961719
2009-03-02,False,0.012429736767875654,5.7041428775662235e-06,0.012424032624998088,98766.15192996777
2009-03-03,False,-0.00964183849460483,1.3369010310563117e-06,-0.009643175395635887,97813.73260375507
2009-03-04,False,-0.01776103255917327,3.327256755708663e-06,-0.017764359815928978,96076.1342628429
2009-03-05,False,0.02776922120484948,3.256764096440157e-06,0.027765964440753042,98743.78079039002
2009-03-06,False,-0.0008296540080777677,6.823846939948836e-07,-0.0008303363927717626,98661.79023563988
2009-03-09,False,-0.004525639482936108,2.3625719766642433e-06,-0.004528002054912773,98215.04944671153
2009-03-10,False,-0.013440553253942028,2.261990130497285e-06,-0.013442815244072525,96894.76268281194
2009-03-11,False,0.010371448295039819,1.2883640919901657e-06,0.01037015993094783,97899.57686830394
2009-03-12,False,0.0010764381969972057,3.717071834728983e-06,0.0010727211251624767,98004.59581255504
2009-03-13,False,0.0015778810526410221,1.2278643305393967e-07,0.0015777582662079683,98159.22337372467
2009-03-16,False,-0.010109836288048273,2.0541275115148193e-06,-0.010111890415559788,97166.64806369311
2009-03-17,False,-0.008499773984573824,1.0220582668382244e-06,-0.008500796042840661,96340.65420633716
2009-03-18,False,0.020922893072458426,2.8704245919335125e-06,0.020920022647866493,98356.10287424401
2009-03-19,False,-0.007742212915652536,4.595208261476705e-06,-0.007746808123914013,97594.1570174613
2009-03-20,False,-0.0031383789030970852,8.220395058082253e-07,-0.0031392009426028933,97287.78934775955
2009-03-23,False,-0.016070032372409542,2.299296361060313e-06,-0.016072331668770604,95724.14773004087
2009-03-24,False,-0.0077120500407608554,1.1552241712974448e-06,-0.0077132052649321525,94985.80772978837
2009-03-25,False,0.007975417931227335,1.8707696261675565e-06,0.007973547161601167,95743.18154740462
2009-03-26,False,0.00018401110441626511,5.468413420361279e-07,0.00018346426307422898,95760.7469996516
2009-03-27,False,0.004472373176822659,4.0017073419519045e-06,0.004468371469480707,96188.641589441
2009-03-30,False,0.012141117018772006,4.8706783543437665e-06,0.012136246340417663,97356.0106389206
2009-03-31,False,-0.007296262661657764,3.902429372779376e-06,-0.007300165091030543,96645.29568865236
2009-04-01,False,0.006682357393389879,9.67331468945412e-07,0.006681390061920933,97291.02060679793
2009-04-02,False,-0.028053433932982295,4.557274887816071e-06,-0.02805799120787011,94561.23000600768
2009-04-03,False,-0.014588361450442561,1.3465842155190173e-06,-0.01458970803465808,93181.60926882188
2009-04-06,False,-0.005962013032620109,3.4413551526726316e-06,-0.005965454387772782,92625.73862894945
2009-04-07,False,0.011473510238761026,1.7503097782424065e-06,0.011471759928982783,93688.31886574547
2009-04-08,False,0.0022576320460731595,6.246451578628826e-07,0.0022570074009152967,93899.77409480479
2009-04-09,False,-0.006807967729427017,1.1347305876511644e-06,-0.006809102460014668,93260.40091202102
2009-04-13,False,0.0040806896258444,2.511532818390408e-06,0.00407817809302601,93640.73343596725
2009-04-14,False,0.00043034139386430043,1.0384943090926551e-06,0.0004293028995552078,93680.93367434779
2009-04-15,False,0.0022200577605563927,3.5087807032424534e-07,0.0022197068824860683,93888.87788758245
2009-04-16,False,-0.008381182443552527,1.8375897033130196e-06,-0.00838302003325584,93101.80554335093
2009-04-17,False,-0.00576083837095983,2.1303364757122024e-07,-0.005761051404607401,92565.44125575392
2009-04-20,False,0.027074055588346635,4.802630711099626e-06,0.027069252957635535,95071.11860024108
2009-04-21,False,-0.0051091433594435,1.0287320462622206e-06,-0.0051101720914897624,94585.28882326341
2009-04-22,False,-0.0013467101948760245,1.1659034214068498e-06,-0.0013478760982974314,94457.79957320797
2009-04-23,False,0.0034051344758226063,2.133699584768556e-06,0.0034030007762378377,94779.23953847731
2009-04-24,False,-0.003337038398007091,2.2905399167095916e-06,-0.0033393289379238006,94462.74048117206
2009-04-27,False,0.009655199884778582,3.6489024698306283e-06,0.009651550982308752,95374.4524368547
2009-04-28,False,-0.007289947517490878,1.15270129593735e-06,-0.007291100218786815,94679.06774582568
2009-04-29,False,-0.008991042466821655,3.4188990554604866e-06,-0.008994461365877116,93827.48052882859
2009-04-30,False,-0.006979187516791764,1.4739765418619739e-06,-0.0069806614933336265,93172.50264848449
2009-05-01,False,-0.011466901228481768,2.9594522080802073e-06,-0.011469860680689848,92103.82702383515
2009-05-04,False,0.001688828831595562,2.9529559067913573e-06,0.0016858758756887707,92259.10264387325
2009-05-05,False,0.0009533957869514387,1.0500995416958397e-06,0.0009523456874097429,92346.96520240043
2009-05-06,False,-0.003901342461121103,3.894971875643125e-06,-0.0039052374329967463,91986.32837706836
2009-05-07,False,-0.006684116044992131,1.1922833527898552e-06,-0.006685308328344921,91371.37140987528
2009-05-08,False,-0.00975414094816951,4.299581903207145e-06,-0.009758440530072717,90479.72931582083
2009-05-11,False,0.0062271269716884245,1.5971995403815248e-06,0.006225529772148043,91043.01356445238
2009-05-12,False,0.0012269828644717329,1.6702782187372896e-06,0.0012253125862529955,91154.5697148633
2009-05-13,False,0.009542554497615197,1.8750151494829892e-06,0.009540679482465715,92024.24624787488
2009-05-14,True,0.0443854055341743,0.0005,0.0438854055341743,96062.76761343957
2009-05-15,True,-0.0101000952681798,0.0,-0.0101000952681798,95092.52450881882
2009-05-18,True,0.0832453155232676,0.0,0.0832453155232676,103008.5317154595
2009-05-19,False,-0.001472579419779042,0.0005014567152255651,-0.001974036135004607,102805.18915163941
2009-05-20,True,-0.0093307444007462,0.0005,-0.0098307444007462,101794.53761401928
2009-05-21,True,-0.0567149923435154,0.0,-0.0567149923435154,96021.26119262849
2009-05-22,True,-0.009297513922639,0.0,-0.009297513922639,95128.50217982067
2009-05-26,True,0.1087660150223516,0.0,0.1087660150223516,105475.25027696484
2009-05-27,True,-0.0228262661235273,0.0,-0.0228262661235273,103067.6441446972
2009-05-28,True,0.0394020332692203,0.0,0.0394020332692203,107128.71888826671
2009-05-29,True,0.0321945473522349,0.0,0.0321945473522349,110577.67950129927
2009-06-01,True,0.0867924753524245,0.0,0.0867924753524245,120174.99002394409
2009-06-02,True,0.0064413385224055,0.0,0.0064413385224055,120949.07781661503
2009-06-03,True,-0.0099074055273554,0.0,-0.0099074055273554,119750.78625452616
2009-06-04,True,0.0351384341172879,0.0,0.0351384341172879,123958.64136782424
2009-06-05,True,0.0009047240393678,0.0,0.0009047240393678,124070.78973055708
2009-06-08,True,-0.0095222937917256,0.0,-0.0095222937917256,122889.3512197713
2009-06-09,True,0.0262826692136134,0.0,0.0262826692136134,126119.21138775609
2009-06-10,True,-0.0125861567580082,0.0,-0.0125861567580082,124531.85522303342
2009-06-11,True,0.0034515623156351,0.0,0.0034515623156351,124961.68468161735
2009-06-12,True,-0.0141476267378513,0.0,-0.0141476267378513,123193.77341020876
2009-06-15,True,-0.0665031478731724,0.0,-0.0665031478731724,115000.99968005555
2009-06-16,True,-0.0282686349474496,0.0,-0.0282686349474496,111750.0784015083
2009-06-17,True,0.0262353633011075,0.0,0.0262353633011075,114681.88230729912
2009-06-18,True,-0.004345637474055,0.0,-0.004345637474055,114183.51642194935
2009-06-19,True,0.0359282398717094,0.0,0.0359282398717094,118285.9291893524
2009-06-22,True,-0.0910248741714562,0.0,-0.0910248741714562,107518.96736863782
2009-06-23,True,-0.0045610478197525,0.0,-0.0045610478197525,107028.56821693905
2009-06-24,True,0.0475577647369714,0.0,0.0475577647369714,112118.60768433513
2009-06-25,True,0.0595850426259744,0.0,0.0595850426259744,118799.19970237113
2009-06-26,True,0.0088637462545136,0.0,0.0088637462545136,119852.20566377223
2009-06-29,True,0.0073173352272278,0.0,0.0073173352272278,120729.2044303367
2009-06-30,True,-0.0133427486722742,0.0,-0.0133427486722742,119118.34499821908
2009-07-01,True,0.0082672030805938,0.0,0.0082672030805938,120103.12054694358
2009-07-02,True,-0.071041855344634,0.0,-0.071041855344634,111570.77203060848
2009-07-06,True,-0.0109709598607628,0.0,-0.0109709598607628,110346.73356902636
2009-07-07,True,-0.0754656487093703,0.0,-0.0754656487093703,102019.34573727974
2009-07-08,True,0.0143760043490545,0.0,0.0143760043490545,103485.97629528654
2009-07-09,True,0.0072929387351579,0.0,0.0072929387351579,104240.69318035607
2009-07-10,True,0.010264937748886,0.0,0.010264937748886,105310.71740675315
2009-07-13,True,0.0588266942585907,0.0,0.0588266942585907,111505.79878179304
2009-07-14,True,0.0106123448604743,0.0,0.0106123448604743,112689.13677240808
2009-07-15,True,0.0993662714019488,0.0,0.0993662714019488,123886.6361209865
2009-07-16,True,0.0357172423802686,0.0,0.0357172423802686,128311.5251309959
2009-07-17,True,0.0165328576915354,0.0,0.0165328576915354,130432.88131617052
2009-07-20,True,0.032842971125777,0.0,0.032842971125777,134716.6846710894
2009-07-21,True,0.0174670692999855,0.0,0.0174670692999855,137069.7903381036
2009-07-22,True,0.023122028156773,0.0,0.023122028156773,140239.12188974422
2009-07-23,True,0.0699670008578417,0.0,0.0699670008578417,150051.23265130693
2009-07-24,True,-0.0046471129569365,0.0,-0.0046471129569365,149353.92762384872
2009-07-27,True,0.0004295991767132,0.0,0.0004295991767132,149418.08994819483
2009-07-28,True,0.0115153914384907,0.0,0.0115153914384907,151138.6977419399
2009-07-29,True,-0.010989463653292,0.0,-0.010989463653292,149477.76451649895
2009-07-30,True,0.0192031448731267,0.0,0.0192031448731267,152348.2076838204
2009-07-31,True,-0.012170496474862,0.0,-0.012170496474862,150494.0543592529
2009-08-03,True,0.0462883041420264,0.0,0.0462883041420264,157460.16891900066
2009-08-04,True,0.000642695031573,0.0,0.000642695031573,157561.36778723556
2009-08-05,True,-0.0259220270992567,0.0,-0.0259220270992567,153477.05774165888
2009-08-06,True,-0.02633246805909,0.0,-0.02633246805909,149435.62802087353
2009-08-07,True,0.035953957409101,0.0,0.035953957409101,154808.4302261383
2009-08-10,True,-0.0168223702077303,0.0,-0.0168223702077303,152204.1855015966
2009-08-11,True,-0.0293606335070969,0.0,-0.0293606335070969,147735.37419283803
2009-08-12,True,0.0468043062783511,0.0,0.0468043062783511,154650.02589470646
2009-08-13,True,0.016743432523662,0.0,0.016743432523662,157239.39816805706
2009-08-14,True,-0.0314824091943757,0.0,-0.0314824091943757,152289.1230934529
2009-08-17,True,-0.0869536620219827,0.0,-0.0869536620219827,139047.02615436068
2009-08-18,True,0.0413887396163755,0.0,0.0413887396163755,144802.00731429487
2009-08-19,True,0.0190788252200774,0.0,0.0190788252200774,147564.65950336066
2009-08-20,True,0.0330501283499044,0.0,0.0330501283499044,152441.69043985667
2009-08-21,True,0.043747261474237,0.0,0.043747261474237,159110.59693110376
2009-08-24,True,-0.0055339449084478,0.0,-0.0055339449084478,158230.08765333678
2009-08-25,True,0.0093570490998674,0.0,0.0093570490998674,159710.65435258538
2009-08-26,True,-0.0053432226523615,0.0,-0.0053432226523615,158857.28476642515
2009-08-27,True,0.0072374737485491,0.0,0.0072374737485491,160007.01019468793
2009-08-28,True,0.0041120437092092,0.0,0.0041120437092092,160664.96601438837
2009-08-31,True,-0.0329912559107276,0.0,-0.0329912559107276,155364.42700471933
2009-09-01,True,-0.0542158516552373,0.0,-0.0542158516552373,146941.2122777305
2009-09-02,True,-0.0029701196339777,0.0,-0.0029701196339777,146504.77929810394
2009-09-03,True,0.0219781391255439,0.0,0.0219781391255439,149724.68172007476
2009-09-04,True,0.0599070294641672,0.0,0.0599070294641672,158694.24263939235
2009-09-08,True,0.0306206230943712,0.0,0.0306206230943712,163553.55923049987
2009-09-09,True,0.0261042173694145,0.0,0.0261042173694145,167822.99689219426
2009-09-10,True,0.030389685773654,0.0,0.030389685773654,172923.08503334096
2009-09-11,True,-0.0012831777728241,0.0,-0.0012831777728241,172701.193974218
2009-09-14,True,0.0147358881503456,0.0,0.0147358881503456,175246.09945205323
2009-09-15,True,0.0101826487767378,0.0,0.0101826487767378,177030.56893226673
2009-09-16,True,0.0426814413621473,0.0,0.0426814413621473,184586.48877945682
2009-09-17,True,-0.0046308768982371,0.0,-0.0046308768982371,183731.69147284137
2009-09-18,True,0.0071983912539673,0.0,0.0071983912539673,185054.2640738161
2009-09-21,True,0.0109879670278639,0.0,0.0109879670278639,187087.6342258248
2009-09-22,True,0.0043121198992928,0.0,0.0043121198992928,187894.37853628158
2009-09-23,True,-0.0170251717284828,0.0,-0.0170251717284828,184695.44447488483
2009-09-24,True,-0.0252816471511067,0.0,-0.0252816471511067,180026.03941725398
2009-09-25,True,-0.0274259474858443,0.0,-0.0274259474858443,175088.65471411185
2009-09-28,True,0.0538665060263766,0.0,0.0538665060263766,184520.0687884197
2009-09-29,True,-0.0120747596853188,0.0,-0.0120747596853188,182292.03330068107
2009-09-30,True,0.0022677407167415,0.0,0.0022677407167415,182705.4243669346
2009-10-01,True,-0.0917992745986843,0.0,-0.0917992745986843,165933.19894480525
2009-10-02,True,-0.0070933300092562,0.0,-0.0070933300092562,164756.1800051982
2009-10-05,True,0.0236940709013838,0.0,0.0236940709013838,168659.9246156825
2009-10-06,True,0.0529771142427927,0.0,0.0529771142427927,177595.04071022832
2009-10-07,True,0.0091123310420037,0.0,0.0091123310420037,179213.345512598
2009-10-08,True,0.0128392452376708,0.0,0.0128392452376708,181514.30960549772
2009-10-09,True,0.0173767787199065,0.0,0.0173767787199065,184668.443598009
2009-10-12,True,0.0032118933714259,0.0,0.0032118933714259,185261.578947913
2009-10-13,True,0.0010750125273548,0.0,0.0010750125273548,185460.73746611955
2009-10-14,True,0.0415595701360619,0.0,0.0415595701360619,193168.4059923285
2009-10-15,True,-0.0015742291295985,0.0,-0.0015742291295985,192864.31466069727
2009-10-16,True,-0.0240575922434263,0.0,-0.0240575922434263,188224.46362028233
2009-10-19,True,0.0299074831133156,0.0,0.0299074831133156,193853.78358751885
2009-10-20,True,-0.0008724368930075,0.0,-0.0008724368930075,193684.658394868
2009-10-21,True,-0.0045275570210742,0.0,-0.0045275570210742,192807.74005987795
2009-10-22,True,0.0163718507933318,0.0,0.0163718507933318,195964.35961193775
2009-10-23,True,-0.0162333913719593,0.0,-0.0162333913719593,192783.19346740175
2009-10-26,True,-0.0118053192937482,0.0,-0.0118053192937482,190507.32631405065
2009-10-27,True,-0.0417529817357947,0.0,-0.0417529817357947,182553.07739792502
2009-10-28,True,-0.0703993870980091,0.0,-0.0703993870980091,169701.45263625568
2009-10-29,True,0.0520620477383055,0.0,0.0520620477383055,178536.45776466423
2009-10-30,True,-0.0774155030604955,0.0,-0.0774155030604955,164714.96807217383
2009-11-02,True,0.0103664467587427,0.0,0.0103664467587427,166422.47701906203
2009-11-03,True,0.0112448825619623,0.0,0.0112448825619623,168293.87822881225
2009-11-04,True,0.0025920644519556,0.0,0.0025920644519556,168730.1068080509
2009-11-05,True,0.0721156665532994,0.0,0.0721156665532994,180898.1909281229
2009-11-06,True,0.0168209598375989,0.0,0.0168209598375989,183941.07213241915
2009-11-09,True,0.0652079627730576,0.0,0.0652079627730576,195935.49471646623
2009-11-10,True,0.0080570167628294,0.0,0.0080570167628294,197514.15028183005
2009-11-11,True,0.0165114025632244,0.0,0.0165114025632244,200775.38592906654
2009-11-12,True,-0.0165413223577061,0.0,-0.0165413223577061,197454.295548921
2009-11-13,True,0.0261391419713725,0.0,0.0261391419713725,202615.58141313161
2009-11-16,True,0.0317495045513726,0.0,0.0317495045513726,209048.5257373869
2009-11-17,True,0.0076827093860178,0.0,0.0076827093860178,210654.58480820272
2009-11-18,True,-0.0173663697444959,0.0,-0.0173663697444959,206996.27940005017
2009-11-19,True,-0.0475707266872375,0.0,-0.0475707266872375,197149.31596743534
2009-11-20,True,-0.0149215626043706,0.0,-0.0149215626043706,194207.5401068184
2009-11-23,True,0.0485092124176393,0.0,0.0485092124176393,203628.3949229673
2009-11-24,True,-0.0112281592736226,0.0,-0.0112281592736226,201342.02287214008
2009-11-25,True,0.0124275832818339,0.0,0.0124275832818339,203844.21762951653
2009-11-27,True,-0.0472163568466542,0.0,-0.0472163568466542,194219.43630879422
2009-11-30,True,0.0033130127711742,0.0,0.0033130127711742,194862.88778169552
2009-12-01,True,0.0343879896342788,0.0,0.0343879896342788,201563.83074683807
2009-12-02,True,0.0051845908485832,0.0,0.0051845908485832,202608.85673913354
2009-12-03,True,-0.0132854805740793,0.0,-0.0132854805740793,199917.10070878934
2009-12-04,True,0.0151090670822613,0.0,0.0151090670822613,202937.66159428965
2009-12-07,True,-0.013862825122594,0.0,-0.013862825122594,200124.37228081984
2009-12-08,True,-0.018400532772473,0.0,-0.018400532772473,196441.97721009605
2009-12-09,True,0.0286847410409925,0.0,0.0286847410409925,202076.8644559482
2009-12-10,True,0.0161762300834185,0.0,0.0161762300834185,205345.7063099234
2009-12-11,True,-0.012221120247187,0.0,-0.012221120247187,202836.15174086628
2009-12-14,True,0.0284749443487371,0.0,0.0284749443487371,208611.89987359944
2009-12-15,True,-0.018076580525443,0.0,-0.018076580525443,204840.91006696867
2009-12-16,True,0.0043203162865586,0.0,0.0043203162865586,205725.8875868845
2009-12-17,True,-0.0376000884479801,0.0,-0.0376000884479801,197990.5760175784
2009-12-18,True,0.0490413769744479,0.0,0.0490413769744479,207700.30649344457
2009-12-21,True,0.0355358700072178,0.0,0.0355358700072178,215081.1175854549
2009-12-22,True,0.0175499102247131,0.0,0.0175499102247131,218855.77189011063
2009-12-23,True,0.0203181374049729,0.0,0.0203181374049729,223302.51353524526
2009-12-24,True,0.0288804515916374,0.0,0.0288804515916374,229751.59096769086
2009-12-28,True,0.0133444385798602,0.0,0.0133444385798602,232817.4969619844
2009-12-29,True,-0.0098755310883771,0.0,-0.0098755310883771,230518.3005328182
2009-12-30,True,0.0105905422346232,0.0,0.0105905422346232,232959.61433046457
2009-12-31,True,-0.0293216474572039,0.0,-0.0293216474572039,226128.8546473005
2010-01-04,True,0.0425218093169063,0.0,0.0425218093169063,235744.26268566342
2010-01-05,True,0.0027159210282121,0.0,0.0027159210282121,236384.52548597177
2010-01-06,True,-0.0159368280525938,0.0,-0.0159368280525938,232617.3059490079
2010-01-07,True,-0.0027495166292336,0.0,-0.0027495166292336,231977.72079805355
2010-01-08,True,0.0253343690447627,0.0,0.0253343690447627,237854.72998691438
2010-01-11,True,-0.0100995225098101,0.0,-0.0100995225098101,235452.51078734675
2010-01-12,True,-0.038921160587832,0.0,-0.038921160587832,226288.42580418417
2010-01-13,True,0.0391855499086927,0.0,0.0391855499086927,235155.6622072935
2010-01-14,True,0.0005859891254507,0.0,0.0005859891254507,235293.46086813512
2010-01-15,True,-0.0350197659016356,0.0,-0.0350197659016356,227053.5389503474
2010-01-19,True,0.0497796516555463,0.0,0.0497796516555463,238356.18502645468
2010-01-20,True,-0.0436064755131259,0.0,-0.0436064755131259,227962.31188069648
2010-01-21,True,-0.0279476756961415,0.0,-0.0279476756961415,221591.2951173121
2010-01-22,True,-0.0904122763920496,0.0,-0.0904122763920496,201556.72169709345
2010-01-25,True,0.0126184796348456,0.0,0.0126184796348456,204100.06108509446
2010-01-26,True,0.002411625595801,0.0,0.002411625595801,204592.27401651186
2010-01-27,True,0.0249776534509033,0.0,0.0249776534509033,209702.50893562852
2010-01-28,True,-0.0788743774628404,0.0,-0.0788743774628404,193162.35409093508
2010-01-29,True,-0.0509528414097086,0.0,-0.0509528414097086,183320.1832966137
2010-02-01,True,0.0338744831786442,0.0,0.0338744831786442,189530.0597620008
2010-02-02,True,0.0275663054994071,0.0,0.0275663054994071,194754.70329072102
2010-02-03,True,0.0130987664753193,0.0,0.0130987664753193,197305.74966909626
2010-02-04,True,-0.0869579103016678,0.0,-0.0869579103016678,180148.45398736768
2010-02-05,True,0.022693346521743,0.0,0.022693346521743,184236.62527905926
2010-02-08,True,-0.0193482599713978,0.0,-0.0193482599713978,180671.96715690705
2010-02-09,True,0.0327491724976692,0.0,0.0327491724976692,186588.8245748218
2010-02-10,True,-0.0070154235277013,0.0,-0.0070154235277013,185279.82494489348
2010-02-11,True,0.0445066912050742,0.0,0.0445066912050742,193526.01690024606
2010-02-12,True,0.0040918741192776,0.0,0.0040918741192776,194317.90100020706
2010-02-16,True,0.038736176261662,0.0,0.038736176261662,201845.03346414727
2010-02-17,True,0.0169701471902148,0.0,0.0169701471902148,205270.3733916477
2010-02-18,True,0.0189580028791909,0.0,0.0189580028791909,209161.88972141917
2010-02-19,True,0.0,0.0,0.0,209161.88972141917
2010-02-22,True,-0.0070202975127159,0.0,-0.0070202975127159,207693.5110272529
2010-02-23,True,-0.0390419243827868,0.0,-0.0390419243827868,199584.75667493144
2010-02-24,True,0.0302402549825022,0.0,0.0302402549825022,205620.25060740203
2010-02-25,True,-0.0005700939572831,0.0,-0.0005700939572831,205503.02774503568
2010-02-26,True,0.0124750586337902,0.0,0.0124750586337902,208066.69006557643
2010-03-01,True,0.042893977731534,0.0,0.042893977731534,216991.49803592326
2010-03-02,True,0.0060123837523682,0.0,0.0060123837523682,218296.13419311648
2010-03-03,True,0.0055542188502628,0.0,0.0055542188502628,219508.5986965914
2010-03-04,True,0.0110389827327135,0.0,0.0110389827327135,221931.75032728518
2010-03-05,True,0.0442019466596661,0.0,0.0442019466596661,231741.5657173382
2010-03-08,True,0.0053325794934868,0.0,0.0053325794934868,232977.346038471
2010-03-09,True,0.0177017841988975,0.0,0.0177017841988975,237101.4607412759
2010-03-10,True,0.0244703000785868,0.0,0.0244703000785868,242903.40463468622
2010-03-11,True,0.0092095495753365,0.0,0.0092095495753365,245140.4355816874
2010-03-12,True,0.0022814340298933,0.0,0.0022814340298933,245699.70731352633
2010-03-15,True,-0.0067338272232765,0.0,-0.0067338272232765,244045.20793566742
2010-03-16,True,0.0189083352725938,0.0,0.0189083352725938,248659.69654898494
2010-03-17,True,0.0069346294724565,0.0,0.0069346294724565,250384.05940928563
2010-03-18,True,0.010142166510572,0.0,0.010142166510572,252923.4962314076
2010-03-19,True,-0.0176891668046309,0.0,-0.0176891668046309,248449.49031775977
2010-03-22,True,0.0270116748964377,0.0,0.0270116748964377,255160.52717840875
2010-03-23,True,0.0209148148643814,0.0,0.0209148148643814,260497.16236504316
2010-03-24,True,-0.0142243224933341,0.0,-0.0142243224933341,256791.76671896435
2010-03-25,True,-0.0062619129654156,0.0,-0.0062619129654156,255183.75902553494
2010-03-26,True,0.0052071404941853,0.0,0.0052071404941853,256512.5367106152
2010-03-29,True,0.0137164806729361,0.0,0.0137164806729361,260030.98596277222
2010-03-30,True,0.0104852703098359,0.0,0.0104852703098359,262757.481139525
2010-03-31,True,-0.0134786842360081,0.0,-0.0134786842360081,259215.85602059652
2010-04-01,True,-0.0019783050522419,0.0,-0.0019783050522419,258703.04798300975
2010-04-05,True,0.0289125278857105,0.0,0.0289125278857105,266182.80707193684
2010-04-06,True,0.0076173531380308,0.0,0.0076173531380308,268210.4155126761
2010-04-07,True,-0.0056480147521916,0.0,-0.0056480147521916,266695.55912916904
2010-04-08,True,0.0035830542315302,0.0,0.0035830542315302,267651.1437808372
2010-04-09,True,0.0180199917927901,0.0,0.0180199917927901,272474.2151950987
2010-04-12,True,0.0040196670918495,0.0,0.0040196670918495,273569.47083129606
2010-04-13,True,0.0150789352764395,0.0,0.0150789352764395,277694.60717557097
2010-04-14,True,0.0352416984128343,0.0,0.0352416984128343,287481.03677252296
2010-04-15,True,0.0133750270062176,0.0,0.0133750270062176,291326.1034031309
2010-04-16,True,-0.0355959341497124,0.0,-0.0355959341497124,280956.0786103007
2010-04-19,True,-0.0015731743242727,0.0,-0.0015731743242727,280514.08572118264
2010-04-20,True,0.0147853555561852,0.0,0.0147853555561852,284661.58621708857
2010-04-21,True,0.0175998099518261,0.0,0.0175998099518261,289671.5760350947
2010-04-22,True,0.0148029131966198,0.0,0.0148029131966198,293959.5592306703
2010-04-23,True,0.0132380330291441,0.0,0.0132380330291441,297851.0055849985
2010-04-26,True,-0.0074322902653809,0.0,-0.0074322902653809,295637.2904556552
2010-04-27,True,-0.0617178461264625,0.0,-0.0617178461264625,277391.1936540688
2010-04-28,True,0.0023514917048466,0.0,0.0023514917048466,278043.4767449438
2010-04-29,True,0.0510412680829293,0.0,0.0510412680829293,292235.1683801922
2010-04-30,True,-0.0589270784635376,0.0,-0.0589270784635376,275014.60368324746
2010-05-03,True,0.0408401818267496,0.0,0.0408401818267496,286246.2501026828
2010-05-04,True,-0.0884068007292306,0.0,-0.0884068007292306,260940.13491036542
2010-05-05,True,-0.0164326090223491,0.0,-0.0164326090223491,256652.20769514435
2010-05-06,True,-0.0979663045442504,0.0,-0.0979663045442504,231508.93935412762
2010-05-07,True,-0.0727727993860051,0.0,-0.0727727993860051,214661.38575444286
2010-05-10,True,0.1491523494365785,0.0,0.1491523494365785,246678.63577302973
2010-05-11,True,-0.0006600444364108,0.0,-0.0006600444364108,246515.81691190635
2010-05-12,True,0.0538810971808829,0.0,0.0538810971808829,259798.35959956155
2010-05-13,True,-0.0452057145572142,0.0,-0.0452057145572142,248053.98911307126
2010-05-14,True,-0.0615337309781566,0.0,-0.0615337309781566,232790.30167892892
2010-05-17,True,0.0135150814784961,0.0,0.0135150814784961,235936.48157352334
2010-05-18,True,-0.0382218012020034,0.0,-0.0382218012020034,226918.56427852
2010-05-19,True,-0.0263927381485205,0.0,-0.0263927381485205,220929.5620304788
2010-05-20,True,-0.1011497305149852,0.0,-0.1011497305149852,198582.59636830215
2010-05-21,False,-0.002595066497380318,0.0005004607124904189,-0.003095527209870737,197967.8785378373
2010-05-24,False,0.008062232900393018,1.4773477268212183e-06,0.008060755552666197,199563.6492140107
2010-05-25,False,0.0030197355443521367,2.3775401277340015e-07,0.0030194977903393633,200166.23121184442
2010-05-26,False,0.002110831992100324,1.2219624540589364e-06,0.002109610029646265,200588.50390080543
2010-05-27,False,-0.0035975004981297055,9.123690809652724e-07,-0.0035984128672106705,199866.70364735424
2010-05-28,False,0.006185476927003303,7.908619869268774e-07,0.006184686065016376,201102.81646426275
2010-06-01,False,0.00428582237454774,7.266243051292226e-07,0.004285095750242611,201964.5612884556
2010-06-02,False,-0.0010797822104820312,5.505581846806663e-07,-0.001080332768666712,201746.37235478626
2010-06-03,False,-0.008884274672617938,1.3462893972129298e-06,-0.00888562096201515,199953.73055958006
2010-06-04,False,0.010977701780464385,4.5043825970374206e-07,0.010977251342204682,202148.67291674402
2010-06-07,False,0.007840506739109817,1.8945417231911178e-06,0.007838612197386626,203733.23796995473
2010-06-08,False,-0.0014903519615308391,6.10969219429769e-07,-0.001490962930750269,203429.4792643798
2010-06-09,False,-0.004265013720840992,9.64946556831242e-07,-0.004265978667397823,202561.6534455181
2010-06-10,False,-0.01129238690476247,7.288386553554737e-07,-0.011293115743417825,200274.1012479798
2010-06-11,False,0.00534601326885854,5.629395054385367e-07,0.005345450329353101,201344.65650845668
2010-06-14,False,-0.008439962838995028,2.116200177693775e-06,-0.008442079039172722,199644.88900409723
2010-06-15,False,3.4552385147768615e-05,1.9311859793265662e-06,3.2621199168442045e-05,199651.40165978437
2010-06-16,False,-0.0016911632739455898,6.283627160919292e-07,-0.0016917916366616817,199313.6330882086
2010-06-17,False,0.005540056423202061,1.2443385741111035e-06,0.005538812084627949,200417.59384778864
2010-06-18,False,0.002409107212439893,8.679256509454697e-07,0.0024082392867889476,200900.2473710566
2010-06-21,False,-0.007979218347115168,1.996876025842309e-06,-0.00798121522314101,199296.81925840594
2010-06-22,False,0.007843618579504948,5.750661680394286e-07,0.007843043513336909,200859.91288391929
2010-06-23,False,0.00020736637466496998,7.205650826222765e-07,0.0002066458095823477,200901.41974322984
2010-06-24,False,0.0015146027624274173,2.520520350293848e-07,0.001514350710392388,201205.65495093682
2010-06-25,False,0.001680958072797413,1.7322478428041384e-06,0.0016792258249546089,201543.52468285733
2010-06-28,False,-4.898936349541765e-05,2.2592502401852093e-06,-5.124861373560286e-05,201533.19585660996
2010-06-29,False,0.0076533460608314815,1.7146528250835403e-06,0.007651631408006398,203075.2535877823
2010-06-30,False,-0.0020022087532466644,1.607851128061416e-06,-0.002003816604374726,202668.32802270548
2010-07-01,False,-0.016411192379644935,3.680672537135971e-06,-0.01641487305218207,199341.5531465148
2010-07-02,False,0.0022795290625693687,1.6810632389317876e-06,0.002277847999330437,199795.622904533
2010-07-06,False,-0.004768974200434729,1.9997469000742064e-06,-0.004770973947334803,198842.40319286395
2010-07-07,False,-0.0023030444601845495,2.231298035214935e-06,-0.0023052757582197646,198384.01662107726
2010-07-08,False,-0.004769972101071483,7.134075840942445e-07,-0.004770685508655577,197437.5888678342
2010-07-09,False,0.004398664041321442,1.016219084878367e-06,0.004397647822236564,198305.84985054645
2010-07-12,False,-0.0009477948975307821,1.2795489884969841e-06,-0.0009490744465192791,198117.64283585802
2010-07-13,False,-0.001783932858326165,1.7492300850305704e-06,-0.0017856820884111955,197763.86770964778
2010-07-14,False,0.00039862082075137905,6.554302365539694e-07,0.0003979653905148251,197842.57088449056
2010-07-15,False,-0.0037810576305037677,1.5992037430982709e-06,-0.003782656834246866,197094.20033162937
2010-07-16,False,-7.37301217484052e-05,2.1869835863562446e-06,-7.591710533476143e-05,197079.2375104619
2010-07-19,False,-0.0036068807572427306,7.443493730372869e-07,-0.003607625106615768,196368.2495052265
2010-07-20,False,0.0034057822873556597,7.547194859719442e-07,0.0034050275678696876,197036.8888082461
2010-07-21,False,-6.915325206720757e-05,1.1315774870674228e-06,-7.0284829554275e-05,197023.04010410028
2010-07-22,False,-0.0033685167467877876,2.155842533880861e-06,-0.0033706725893216686,196358.93994335658
2010-07-23,False,-0.004703303793771744,3.5709785471409185e-07,-0.0047036608916264586,195435.33407682378
2010-07-26,False,-0.002739958865401402,3.6266406697343935e-07,-0.0027403215294683754,194899.7784232342
2010-07-27,False,-0.008035969325665167,1.5732371716299237e-06,-0.008037542562836796,193333.26315867002
2010-07-28,False,0.001302900933189597,6.795980399445095e-07,0.0013022213351496525,193585.02585874934
2010-07-29,False,0.0005663563895431855,8.439147750654297e-07,0.0005655124747681201,193694.50060580074
2010-07-30,False,0.0073530656016917205,5.205910394496388e-07,0.007352545010652271,195118.6481398207
2010-08-02,False,-0.0023490206213902585,4.647558829087156e-07,-0.0023494853772731672,194660.21972918286
2010-08-03,False,0.00438398278587042,9.890261499334586e-08,0.004383883883255426,195513.5875291646
2010-08-04,False,0.0009128236937975268,8.959906797546269e-07,0.0009119277031177722,195691.88178596838
2010-08-05,False,0.00602977372357946,1.2044418674793251e-06,0.00602856928171198,196871.62385318367
2010-08-06,False,0.0045396966898854215,4.6653658965919996e-07,0.004539230153295762,197765.26946450636
2010-08-09,False,-0.001007229637382684,4.548919966323728e-07,-0.0010076845293793164,197565.98446201847
2010-08-10,False,0.0018060902724627672,5.733129238489481e-07,0.0018055169595389182,197922.69319759266
2010-08-11,False,0.003288329233637982,1.221262547722729e-06,0.0032871079710902595,198573.2864600621
2010-08-12,False,0.004575174143610559,1.262828407665839e-06,0.004573911315202893,199481.54306189882
2010-08-13,False,0.0005650443436218017,3.285922398375274e-07,0.0005647157513819642,199594.19343137584
2010-08-16,False,0.007065990748574472,4.7094052679794163e-07,0.007065519808047674,201004.4301586365
2010-08-17,False,-0.0023081170766896656,4.134762761195954e-07,-0.002308530552965785,200540.40529033382
2010-08-18,False,0.0019340188365226847,4.6190931610144706e-07,0.0019335569272065833,200928.16158016774
2010-08-19,False,0.003017824400446936,3.4764679627428964e-07,0.0030174767536506617,201534.45763688965
2010-08-20,False,-0.0025276646037042725,3.0037000190588637e-07,-0.0025279649737061784,201024.98558698868
2010-08-23,False,0.001561541731349434,5.233979141522765e-07,0.0015610183334352817,201338.78927496856
2010-08-24,False,0.0048481501562642765,1.0645884548757257e-07,0.004848043697418789,202314.88852335897
2010-08-25,False,0.0007037572517236005,1.2665504584552651e-06,0.0007024907012651452,202457.01285127414
2010-08-26,False,0.001669165604451259,8.261472013026544e-07,0.0016683394572499565,202794.77987421086
2010-08-27,False,-0.004229233049167576,7.770560293965113e-07,-0.004230010105196973,201936.95590606175
2010-08-30,False,0.004087329703321411,8.156154880054473e-07,0.004086514087833406,202762.17412122607
2010-08-31,False,0.006124237713979376,5.884571190151178e-07,0.00612364925686036,204003.81855810288
2010-09-01,False,-0.0044718768716818305,2.608536936525713e-07,-0.004472137725375483,203091.48538500856
2010-09-02,False,0.0004052023923488735,7.539188822469623e-07,0.00040444847346662654,203173.62542624658
2010-09-03,False,-0.002380680150788452,3.5596078724541013e-07,-0.0023810361115756975,202689.86168718696
2010-09-07,False,0.007327995703133007,4.437489259220412e-07,0.007327551954207085,204175.08217929085
2010-09-08,False,-0.0035051400914201413,7.634861105385999e-07,-0.00350590357753068,203459.26402823586
2010-09-09,False,-0.005303489305816117,6.816505510434251e-07,-0.00530417095636716,202380.08130917346
2010-09-10,False,-0.00318962508790351,1.0166385143935835e-06,-0.003190641726417904,201734.35897715253
2010-09-13,False,0.0021894202535210844,5.143845367589495e-07,0.0021889058689843256,202175.93649949343
2010-09-14,False,0.010317885040515598,1.5532505356436466e-06,0.010316331789979954,204261.6505403721
2010-09-15,False,-0.00382826499393648,8.90364385151457e-07,-0.0038291553583216314,203479.50094670584
2010-09-16,False,-0.0001648538370960844,9.554944850749675e-07,-0.00016580933158115936,203445.7621466634
2010-09-17,False,0.004897496040799232,1.4632510602591298e-06,0.004896032789738973,204441.8392690669
2010-09-20,False,0.001387470146839173,2.608830570197396e-07,0.0013872092637821532,204725.4428824056
2010-09-21,False,0.00610021178771009,5.018184342798354e-07,0.006099709969275811,205974.20870731983
2010-09-22,False,0.00442925854770985,1.2197211152063376e-06,0.004428038826594644,206886.27050075296
2010-09-23,False,0.000450670629762026,1.2172358105073944e-07,0.0004505489061809753,206979.48288363096
2010-09-24,False,0.0014773102420100042,6.645616686675182e-07,0.0014766456803413366,207285.11824295035
2010-09-27,True,-0.0114468944983396,0.0005,-0.0119468944983396,204808.70480422594
2010-09-28,True,0.0025120955644188,0.0,0.0025120955644188,205323.20384311903
2010-09-29,True,-0.0080546514477607,0.0,-0.0080546514477607,203669.39700202516
2010-09-30,True,-0.0135407256534112,0.0,-0.0135407256534112,200911.56557322503
2010-10-01,True,-0.003109100286315,0.0,-0.003109100286315,200286.91136717735
2010-10-04,True,-0.0346924957276527,0.0,-0.0346924957276527,193338.4585502668
2010-10-05,True,0.074445327351593,0.0,0.074445327351593,207731.6033866938
2010-10-06,True,-0.025484622568942,0.0,-0.025484622568942,202437.64187874275
2010-10-07,True,0.0098048390287912,0.0,0.0098048390287912,204422.51037073194
2010-10-08,True,0.0201444521371334,0.0,0.0201444521371334,208540.48984664783
2010-10-11,True,0.002027223900723,0.0,0.002027223900723,208963.24811193344
2010-10-12,True,0.0207609125997731,0.0,0.0207609125997731,213301.51584255
2010-10-13,True,0.0242994044034272,0.0,0.0242994044034272,218484.61563587215
2010-10-14,True,-0.0055503050333329,0.0,-0.0055503050333329,217271.9593740026
2010-10-15,True,0.0637887319506644,0.0,0.0637887319506644,231131.4621509065
2010-10-18,True,0.0,0.0,0.0,231131.4621509065
2010-10-19,True,-0.0397652065858012,0.0,-0.0397652065858012,221940.47180999743
2010-10-20,True,0.0207900451957503,0.0,0.0207900451957503,226554.62424969344
2010-10-21,True,0.0069760588055054,0.0,0.0069760588055054,228135.08263111848
2010-10-22,True,0.0194985902581281,0.0,0.0194985902581281,232583.39513084685
2010-10-25,True,0.0151741219145318,0.0,0.0151741219145318,236112.64392385806
2010-10-26,True,0.0059939981467587,0.0,0.0059939981467587,237527.90267396398
2010-10-27,True,0.0102938380960038,0.0,0.0102938380960038,239972.97644737313
2010-10-28,True,0.0057445649983705,0.0,0.0057445649983705,241351.5168084275
2010-10-29,True,-0.0047991170773606,0.0,-0.0047991170773606,240193.2426224653
2010-11-01,True,0.002297924991566,0.0,0.002297924991566,240745.18867749273
2010-11-02,True,0.0303108871016557,0.0,0.0303108871016557,248042.38891176303
2010-11-03,True,0.0144505035293296,0.0,0.0144505035293296,251626.7263281558
2010-11-04,True,0.0354321650635203,0.0,0.0354321650635203,260542.4060298083
2010-11-05,True,0.001197443724594,0.0,0.001197443724594,260854.39089889935
2010-11-08,True,0.0025381176843217,0.0,0.0025381176843217,261516.4700414728
2010-11-09,True,-0.0161675877744252,0.0,-0.0161675877744252,257288.37955761945
2010-11-10,True,0.0152894249945936,0.0,0.0152894249945936,261222.17093884622
2010-11-11,True,-0.0168182975395666,0.0,-0.0168182975395666,256828.85874406513
2010-11-12,True,-0.0508858017590863,0.0,-0.0508858017590863,243759.91635200227
2010-11-15,True,-0.010708106586865,0.0,-0.010708106586865,241149.70918609973
2010-11-16,True,-0.0496227326027536,0.0,-0.0496227326027536,229183.2016499261
2010-11-17,True,0.0094617864714527,0.0,0.0094617864714527,231351.6841667816
2010-11-18,True,0.0464823197401811,0.0,0.0464823197401811,242105.44712265136
2010-11-19,True,0.0023526429043378,0.0,0.0023526429043378,242675.034784926
2010-11-22,True,0.0263612337174568,0.0,0.0263612337174568,249072.24809428342
2010-11-23,True,-0.0472334651756646,0.0,-0.0472334651756646,237307.70273769757
2010-11-24,True,0.0584029955092297,0.0,0.0584029955092297,251167.18343499297
2010-11-26,True,-0.0062923678173327,0.0,-0.0062923678173327,249586.74713317654
2010-11-29,True,-0.0139198269489562,0.0,-0.0139198269489562,246112.54280432983
2010-11-30,True,-0.0380154520674871,0.0,-0.0380154520674871,236756.46323014444
2010-12-01,True,0.0635865109071687,0.0,0.0635865109071687,251810.98066167074
2010-12-02,True,0.0303660293993213,0.0,0.0303660293993213,259457.48030351495
2010-12-03,True,0.0083603097608713,0.0,0.0083603097608713,261626.6252086275
2010-12-06,True,-0.0017565680572647,0.0,-0.0017565680572647,261167.06023585607
2010-12-07,True,0.0009163516910277,0.0,0.0009163516910277,261406.38111314393
2010-12-08,True,0.0138519555306928,0.0,0.0138519555306928,265027.37067976256
2010-12-09,True,0.0010388007795212,0.0,0.0010388007795212,265302.6813190191
2010-12-10,True,0.0209944744943983,0.0,0.0209944744943983,270872.5716952668
2010-12-13,True,-0.0117392431706658,0.0,-0.0117392431706658,267692.73270787246
2010-12-14,True,0.0041870738816791,0.0,0.0041870738816791,268813.58195730887
2010-12-15,True,-0.0101879760264363,0.0,-0.0101879760264363,266074.9156287474
2010-12-16,True,0.0208646662088236,0.0,0.0208646662088236,271626.47992988204
2010-12-17,True,0.0030454046132779,0.0,0.0030454046132779,272453.692464949
2010-12-20,True,0.0026971685565027,0.0,0.0026971685565027,273188.54599736846
2010-12-21,True,0.0164844281719491,0.0,0.0164844281719491,277691.9029612613
2010-12-22,True,0.0010599634296317,0.0,0.0010599634296317,277986.24622310506
2010-12-23,True,-0.0076047363897895,0.0,-0.0076047363897895,275872.2341005912
2010-12-27,True,0.0004016188006901,0.0,0.0004016188006901,275983.0295763944
2010-12-28,True,-0.0043298694750881,0.0,-0.0043298694750881,274788.0590809893
2010-12-29,True,0.0059541199865138,0.0,0.0059541199865138,276424.18015561876
2010-12-30,True,-0.007515116698975,0.0,-0.007515116698975,274346.82018333074
2010-12-31,True,-0.0091798636142826,0.0,-0.0091798636142826,271828.35379103565
2011-01-03,True,0.0451720514958431,0.0,0.0451720514958431,284107.3981865146
2011-01-04,True,-0.0015526821984624,0.0,-0.0015526821984624,283666.2696868989
2011-01-05,True,0.0248188120396355,0.0,0.0248188120396355,290706.5295162427
2011-01-06,True,0.0090420308226539,0.0,0.0090420308226539,293335.1069164753
2011-01-07,True,-0.0023197750302212,0.0,-0.0023197750302212,292654.6354599632
2011-01-10,True,0.0112443142984948,0.0,0.0112443142984948,295945.3361619864
2011-01-11,True,0.0045960927243278,0.0,0.0045960927243278,297305.52836831927
2011-01-12,True,0.0202801852454366,0.0,0.0202801852454366,303334.93955812114
2011-01-13,True,0.0031509860907208,0.0,0.0031509860907208,304290.74373349844
2011-01-14,True,0.021686637359805,0.0,0.021686637359805,310889.78674479225
2011-01-18,True,0.0079806664624584,0.0,0.0079806664624584,313370.89443938725
2011-01-19,True,-0.0334920432045208,0.0,-0.0334920432045208,302875.46290378395
2011-01-20,True,-0.0224568321075326,0.0,-0.0224568321075326,296073.83948386245
2011-01-21,True,-0.0228465464358939,0.0,-0.0228465464358939,289309.574761641
2011-01-24,True,0.0412986440302582,0.0,0.0412986440302582,301257.6679042674
2011-01-25,True,0.0034768726659424,0.0,0.0034768726659424,302305.1024552093
2011-01-26,True,0.0155062992286436,0.0,0.0155062992286436,306992.73583222553
2011-01-27,True,0.0192793347306867,0.0,0.0192793347306867,312911.3515462243
2011-01-28,True,-0.075426400058538,0.0,-0.075426400058538,289309.574761641
2011-01-31,True,0.0148047538044853,0.0,0.0148047538044853,293592.7317892674
2011-02-01,True,0.0555324175182867,0.0,0.0555324175182867,309896.64595132344
2011-02-02,True,-0.0045078085640881,0.0,-0.0045078085640881,308499.69119672186
2011-02-03,True,0.003873633227919,0.0,0.003873633227919,309694.7058513442
2011-02-04,True,0.0180444176312788,0.0,0.0180444176312788,315282.9664619219
2011-02-07,True,0.0145164637130776,0.0,0.0145164637130776,319859.7602039179
2011-02-08,True,0.0213219625035696,0.0,0.0213219625035696,326679.79801738664
2011-02-09,True,-0.0060780466117397,0.0,-0.0060780466117397,324694.22297792323
2011-02-10,True,0.0048695005275196,0.0,0.0048695005275196,326275.3216679968
2011-02-11,True,0.0205066256016692,0.0,0.0205066256016692,332966.1275325066
2011-02-14,True,0.0062939254011287,0.0,0.0062939254011287,335061.7915002989
2011-02-15,True,-0.0025785544793602,0.0,-0.0025785544793602,334197.81641696335
2011-02-16,True,0.0184811230996431,0.0,0.0184811230996431,340374.1674017972
2011-02-17,True,-0.0008648935473219,0.0,-0.0008648935473219,340079.7799807363
2011-02-18,True,-0.005674556565302,0.0,-0.005674556565302,338149.97803252016
2011-02-22,True,-0.0880637230016124,0.0,-0.0880637230016124,308371.23203406297
2011-02-23,True,-0.0246774816243859,0.0,-0.0246774816243859,300761.4066220532
2011-02-24,True,0.0142386968070462,0.0,0.0142386968070462,305043.8571022054
2011-02-25,True,0.0428452195146702,0.0,0.0428452195146702,318113.5281213511
2011-02-28,True,0.0072800612955508,0.0,0.0072800612955508,320429.4141050184
2011-03-01,True,-0.0480727628584515,0.0,-0.0480727628584515,305025.4868678753
2011-03-02,True,0.0141021896436468,0.0,0.0141021896436468,309327.0141298318
2011-03-03,True,0.0596627004407828,0.0,0.0596627004407828,327782.2991121018
2011-03-04,True,-0.0148047795840294,0.0,-0.0148047795840294,322929.5544222007
2011-03-07,True,-0.0398449522935393,0.0,-0.0398449522935393,310062.4417320742
2011-03-08,True,0.0104335049119372,0.0,0.0104335049119372,313297.4797408931
2011-03-09,True,-0.0201823904508201,0.0,-0.0201823904508201,306974.38767750445
2011-03-10,True,-0.04574902582681,0.0,-0.04574902582681,292930.6084874771
2011-03-11,True,0.0166916911258141,0.0,0.0166916911258141,297820.11572564684
2011-03-14,True,-0.0097505506369922,0.0,-0.0097505506369922,294916.2056065491
2011-03-15,True,-0.04088920306576,0.0,-0.04088920306576,282857.31698811945
2011-03-16,True,-0.0734334655603704,0.0,-0.0734334655603704,262086.12394257358
2011-03-17,True,0.026091795883304,0.0,0.026091795883304,268924.4215923295
2011-03-18,True,-0.0054699746234819,0.0,-0.0054699746234819,267453.4118305849
2011-03-21,True,0.0558081508338754,0.0,0.0558081508338754,282379.4921790608
2011-03-22,True,-0.0027345047791671,0.0,-0.0027345047791671,281607.3241081584
2011-03-23,True,0.0151444455743572,0.0,0.0151444455743572,285872.1109014548
2011-03-24,True,0.0543973679218643,0.0,0.0543973679218643,301422.80129676126
2011-03-25,True,0.0073179502209148,0.0,0.0073179502209148,303628.59835209965
2011-03-28,True,-0.0169498119446849,0.0,-0.0169498119446849,298482.15070900327
2011-03-29,True,0.0286974404541702,0.0,0.0286974404541702,307047.82445560757
2011-03-30,True,0.0147263870917544,0.0,0.0147263870917544,311569.52957422193
2011-03-31,True,0.0042476222237544,0.0,0.0042476222237544,312892.9592322861
2011-04-01,True,0.0015274719133155,0.0,0.0015274719133155,313370.8944393876
2011-04-04,True,-0.0090325541715805,0.0,-0.0090325541715805,310540.3548595672
2011-04-05,True,-0.0113650769589443,0.0,-0.0113650769589443,307011.03982773033
2011-04-06,True,0.0075436189636737,0.0,0.0075436189636737,309327.014129832
2011-04-07,True,-0.0002373368478697,0.0,-0.0002373368478697,309253.59943133744
2011-04-08,True,-0.0149774754915628,0.0,-0.0149774754915628,304621.761225177
2011-04-11,True,-0.0090531525341173,0.0,-0.0090531525341173,301863.97395559394
2011-04-12,True,-0.0197286817112648,0.0,-0.0197286817112648,295908.5956933265
2011-04-13,True,0.0238540892911038,0.0,0.0238540892911038,302967.22575700027
2011-04-14,True,-0.0054611766789331,0.0,-0.0054611766789331,301312.6682092151
2011-04-15,True,-0.0064653967431858,0.0,-0.0064653967431858,299364.5622654946
2011-04-18,True,-0.0192802729639991,0.0,-0.0192802729639991,293592.73178926774
2011-04-19,True,0.0180316504284272,0.0,0.0180316504284272,298886.6932972188
2011-04-20,True,0.0665432497769964,0.0,0.0665432497769964,318775.5851843162
2011-04-21,True,0.0253711223700188,0.0,0.0253711223700188,326863.27956460183
2011-04-25,True,0.0074222568948774,0.0,0.0074222568948774,329289.3427950324
2011-04-26,True,0.0171935513655168,0.0,0.0171935513655168,334950.9960244961
2011-04-27,True,0.0207448824998512,0.0,0.0207448824998512,341899.5150802324
2011-04-28,True,-0.0015051481919041,0.0,-0.0015051481919041,341384.90564329654
2011-04-29,True,-0.00484653961211,0.0,-0.00484653961211,339730.37017511984
2011-05-02,True,-0.0054104178359732,0.0,-0.0054104178359732,337892.2869209026
2011-05-03,True,-0.0150157181126973,0.0,-0.0150157181126973,332818.5915880437
2011-05-04,True,-0.0058535557561568,0.0,-0.0058535557561568,330870.41940549755
2011-05-05,True,-0.0149993270088851,0.0,-0.0149993270088851,325907.58578726754
2011-05-06,True,0.0086847600522717,0.0,0.0086847600522717,328738.01496904506
2011-05-09,True,0.0108476454152228,0.0,0.0108476454152228,332304.0483899335
2011-05-10,True,0.0256680461990412,0.0,0.0256680461990412,340833.64405613474
2011-05-11,True,-0.0215734962018788,0.0,-0.0215734962018788,333480.67073061725
2011-05-12,True,0.0176380282289756,0.0,0.0176380282289756,339362.61221478163
2011-05-13,True,-0.0354234585967585,0.0,-0.0354234585967585,327341.21477170347
2011-05-16,True,-0.0520000709588257,0.0,-0.0520000709588257,310319.44837582664
2011-05-17,True,0.0081748487253827,0.0,0.0081748487253827,312856.2629228433
2011-05-18,True,0.0243237818559993,0.0,0.0243237818559993,320466.1104144617
2011-05-19,True,0.00860568821219,0.0,0.00860568821219,323223.9418432618
2011-05-20,True,-0.0220652673248389,0.0,-0.0220652673248389,316091.9191607021
2011-05-23,True,-0.0433840823396964,0.0,-0.0433840823396964,302378.5613129215
2011-05-24,True,-0.0188429669270161,0.0,-0.0188429669270161,296680.85208266345
2011-05-25,True,0.0111512568662748,0.0,0.0111512568662748,299989.2164715425
2011-05-26,True,0.0187506039910032,0.0,0.0187506039910032,305614.19547117176
2011-05-27,True,0.0149156866887241,0.0,0.0149156866887241,310172.64105844626
2011-05-31,True,0.0481217045395252,0.0,0.0481217045395252,325098.677247705
2011-06-01,True,-0.0638922358584489,0.0,-0.0638922358584489,304327.39588372485
2011-06-02,True,0.0057985133773115,0.0,0.0057985133773115,306092.042359839
2011-06-03,True,-0.0454010680143199,0.0,-0.0454010680143199,292195.13672601787
2011-06-06,True,-0.0241570957803971,0.0,-0.0241570957803971,285136.55082156125
2011-06-07,True,-0.0058001295026445,0.0,-0.0058001295026445,283482.7219008588
2011-06-08,True,-0.0215279568637069,0.0,-0.0215279568637069,277379.9180921709
2011-06-09,True,0.0043743715034938,0.0,0.0043743715034938,278593.28090151475
2011-06-10,True,-0.0459223344906782,0.0,-0.0459223344906782,265799.6270690999
2011-06-13,True,0.0006903833118463,0.0,0.0006903833118463,265983.1306959234
2011-06-14,True,0.037179438330523,0.0,0.037179438330523,275872.234100592
2011-06-15,True,-0.054637204483436,0.0,-0.054637204483436,260799.34643473558
2011-06-16,True,-0.0139550587405414,0.0,-0.0139550587405414,257159.87623574404
2011-06-17,True,-0.0074329394673622,0.0,-0.0074329394673622,255248.4224422494
2011-06-20,True,0.0132492310582819,0.0,0.0132492310582819,258630.26776844868
2011-06-21,True,0.066666467466909,0.0,0.066666467466909,275872.2341005919
2011-06-22,True,-0.0225213865212792,0.0,-0.0225213865212792,269659.20888592367
2011-06-23,True,0.0276759035401741,0.0,0.0276759035401741,277122.2711397701
2011-06-24,True,-0.0526665099732691,0.0,-0.0526665099732691,262527.20828297245
2011-06-27,True,0.0485932331541636,0.0,0.0485932331541636,275284.25412437867
2011-06-28,True,0.0448715712188312,0.0,0.0448715712188312,287636.6911387436
2011-06-29,True,0.0125252019707913,0.0,0.0125252019707913,291239.3987894665
2011-06-30,True,0.0379952153168086,0.0,0.0379952153168086,302305.1024552102
2011-07-01,True,0.0463340397763678,0.0,0.0463340397763678,316312.1190969688
2011-07-05,True,0.0144111566786615,0.0,0.0144111566786615,320870.54260463465
2011-07-06,True,0.0106559546305995,0.0,0.0106559546305995,324289.72454892553
2011-07-07,True,0.0404720542482466,0.0,0.0404720542482466,337414.3958730186
2011-07-08,True,-0.008279892577537,0.0,-0.008279892577537,334620.6409210754
2011-07-11,True,-0.0536151677158233,0.0,-0.0536151677158233,316679.8991369157
2011-07-12,True,-0.0243800287548158,0.0,-0.0243800287548158,308959.2340898855
2011-07-13,True,0.0133284813721064,0.0,0.0133284813721064,313077.1914861928
2011-07-14,True,-0.0344071344828637,0.0,-0.0344071344828637,302305.1024552101
2011-07-15,True,0.0397683338181806,0.0,0.0397683338181806,314327.2726845882
2011-07-18,True,-0.0164917485413303,0.0,-0.0164917485413303,309143.4663437918
2011-07-19,True,0.0705186821434078,0.0,0.0705186821434078,330943.85618360096
2011-07-20,True,-0.0139958428585867,0.0,-0.0139958428585867,326312.01797744056
2011-07-21,True,0.0202792686810089,0.0,0.0202792686810089,332929.3870638473
2011-07-22,True,0.0310282306881326,0.0,0.0310282306881326,343259.5968885229
2011-07-25,True,-0.0058891890002176,0.0,-0.0058891890002176,341238.07624630793
2011-07-26,True,0.0054939867926651,0.0,0.0054939867926651,343112.83373035956
2011-07-27,True,-0.0758597629854581,0.0,-0.0758597629854581,317084.37548630557
2011-07-28,True,0.0053336267213333,0.0,0.0053336267213333,318775.5851843166
2011-07-29,True,-0.0096873736801436,0.0,-0.0096873736801436,315687.4869705297
2011-08-01,True,-0.0135095911270726,0.0,-0.0135095911270726,311422.67809762486
2011-08-02,True,-0.0759069882331487,0.0,-0.0759069882331487,287783.5205357328
2011-08-03,False,-0.0009298935416461595,0.0005001384798479085,-0.001430032021494068,287371.9808861084
2011-08-04,False,-0.003759515500077948,1.8995564825153438e-06,-0.0037614150565604635,286291.0555903698
2011-08-05,False,-0.0007192872328957422,1.272440519623358e-06,-0.0007205596734153655,286084.76580085186
2011-08-08,False,0.01372266330186403,3.2021723787306472e-06,0.0137194611294853,290009.69462499453
2011-08-09,False,0.007308882047678194,3.7856944673321515e-07,0.0073085034782314606,292129.23148688214
2011-08-10,False,0.018646922995916693,2.7422384763601398e-06,0.018644180757440332,297575.74168325565
2011-08-11,False,-0.012665416462116436,1.5653187743596004e-06,-0.012666981780890796,293806.3551849188
2011-08-12,False,-0.0006182806159161572,7.974119594101187e-07,-0.0006190780278755673,293624.4661259736
2011-08-15,False,0.004976258227569922,1.2378567902913001e-06,0.004975020370779631,295085.2538263097
2011-08-16,False,0.005958165012702136,1.0573230444866494e-06,0.005957107689657649,296843.1084609829
2011-08-17,False,0.006886971153880639,1.3925808104820192e-06,0.006885578573070156,298887.0450081654
2011-08-18,False,0.007137791471602518,1.94976214850362e-06,0.007135841709454015,301019.8556503501
2011-08-19,False,0.006179267972507175,1.0549041222457507e-06,0.006178213068384929,302879.62045637245
2011-08-22,False,0.008321386267967487,2.886571562821766e-06,0.008318499696404665,305399.1244871859
2011-08-23,False,-0.013952780746808335,3.978122213324539e-06,-0.01395675886902166,301136.7425479079
2011-08-24,False,-0.01708446702993258,2.848430408806585e-06,-0.017087315460341385,295991.1240312923
2011-08-25,False,0.002155662216757522,5.248123845646297e-07,0.0021551374043729575,296629.02557405445
2011-08-26,False,0.01326542236190483,2.694560683821956e-06,0.013262727801221008,300563.1355981846
2011-08-29,False,-0.008445336972346057,1.9711632570405537e-06,-0.008447308135603097,298024.18617758364
2011-08-30,False,0.013606166618676146,2.6892992777891866e-06,0.013603477319398358,302078.35143488256
2011-08-31,False,-0.005053620842800507,8.188009000749396e-07,-0.005054439643700582,300551.5146398864
2011-09-01,False,0.0032063146288394974,3.924624203625882e-07,0.003205922166419135,301515.05940282124
2011-09-02,False,0.014394907447825468,2.595264794761784e-06,0.014392312183030706,305854.55826563167
2011-09-06,False,-0.006245184432960106,1.7836082234851252e-06,-0.006246968041183592,303943.894614896
2011-09-07,False,-0.01144335922956917,3.435524858676764e-06,-0.011446794754427846,300464.71123637777
2011-09-08,False,0.008098877633663184,3.0771103589288528e-06,0.008095800523304254,302897.21360283974
2011-09-09,False,-1.4638147528795003e-05,1.0151215309825296e-06,-1.5653269059777534e-05,302892.4722712578
2011-09-12,False,-0.009787814291066217,2.1063393927355094e-06,-0.009789920630458953,299927.1790081586
2011-09-13,False,0.0031711272506227315,1.2316860285347399e-06,0.0031698955645941967,300877.9168425979
2011-09-14,False,-0.0036909312592551175,6.287046541723768e-07,-0.0036915599639092897,299767.2079707573
2011-09-15,False,-0.007207359683081995,1.4520663976106824e-06,-0.007208811749479605,297606.24259982904
2011-09-16,False,0.003114174583605965,1.0354726933393953e-06,0.003113139110912626,298532.7322333184
2011-09-19,False,-0.0028123945843551326,2.1125286079171497e-06,-0.00281450711296305,297692.5097349954
2011-09-20,False,0.005160641923908727,1.5074346442137677e-06,0.005159134489264514,299228.3454291649
2011-09-21,False,-0.005812269300700844,1.1142261720850782e-06,-0.005813383526872929,297488.81629507354
2011-09-22,False,-0.008452283457028753,2.975358354447691e-06,-0.0084552588153832,294973.47135861666
2011-09-23,False,-0.023847131403961493,5.270760313434028e-06,-0.02385240216427493,287937.6454919787
2011-09-26,False,-0.008762120618409806,9.210926572362637e-07,-0.008763041711067043,285414.4358943461
2011-09-27,False,0.0038267176333551534,2.5782254651626757e-06,0.0038241394078899907,286505.9004862303
2011-09-28,False,-0.00921814009017534,3.0676581324723535e-06,-0.009221207748307814,283863.97005673073
2011-09-29,False,0.0032012638500712206,1.0420852933786805e-06,0.003200221764777842,284772.3977119425
2011-09-30,False,0.004141834850149107,3.3663324566653164e-07,0.00414149821690344,285951.78208928986
2011-10-03,False,0.009864601394474029,1.4000094317463685e-06,0.009863201385042283,288772.18210244825
2011-10-04,False,-0.006322459147687291,2.399139803403297e-06,-0.0063248582874906945,286945.7389732808
2011-10-05,False,9.614027767052696e-05,1.9080164463576994e-06,9.423226122416926e-05,286972.77851911285
2011-10-06,False,-0.0024721675793258923,1.4922657627217119e-06,-0.002473659845088614,286262.9054802566
2011-10-07,False,-0.005505654623964336,4.452727341048568e-07,-0.005506099896698442,284686.7133259632
2011-10-10,False,0.0033956195657895154,3.7038626175176503e-06,0.0033919157031719977,285652.346659378
2011-10-11,False,-0.003806925782582595,7.766534969988192e-07,-0.003807702436079594,284564.66752313124
2011-10-12,False,-0.0009243705425896325,1.3479752334069755e-06,-0.0009257185178230395,284301.2407408869
2011-10-13,False,0.0030461546272625025,1.5725174308743734e-06,0.0030445821098316283,285166.81921224954
2011-10-14,False,-0.0029269826709722216,1.8325333481920974e-06,-0.002928815204320414,284331.618296373
2011-10-17,False,0.003955822128382125,1.5512266020843158e-06,0.003954270901780041,285455.9425410584
2011-10-18,False,-0.00035215021259592494,7.40977672977039e-07,-0.00035289119026890196,285355.20765372575
2011-10-19,False,-0.0038030419173541025,1.4002388279551608e-06,-0.0038044421561820576,284269.59027224185
2011-10-20,False,-0.005446556597258202,1.2885279187437454e-06,-0.005447845125176946,282720.93357064115
2011-10-21,False,-0.0001626347370445013,1.903203737531986e-06,-0.00016453794078203328,282674.41525041545
2011-10-24,False,-0.001457852190542745,1.812819751175504e-06,-0.0014596650102939204,282261.80529716914
2011-10-25,False,0.013861532727776153,2.3869112103682423e-06,0.013859145816565785,286173.71281522966
2011-10-26,False,0.003403769953488589,1.2545726139312902e-06,0.003402515380874658,287147.42327468545
2011-10-27,False,-0.008701152773201132,3.964301867319789e-06,-0.008705117075068452,284647.7713372751
2011-10-28,False,0.0004196963217337057,4.892249881681271e-07,0.0004192070967455376,284767.0977030925
2011-10-31,False,0.0025581413579056655,2.6598533284178247e-06,0.0025554815045772477,285494.81475438486
2011-11-01,False,0.01123408881590881,2.707238506190812e-06,0.011231381577402619,288701.31595726113
2011-11-02,False,0.0028689991372376038,1.1912486876221595e-06,0.0028678078885499814,289529.2558685982
2011-11-03,False,0.002010445161192255,2.28268339714556e-06,0.0020081624777951094,290110.6776564574
2011-11-04,False,0.0008187754636860544,9.800532455820354e-07,0.0008177954104404724,290347.92883716465
2011-11-07,False,0.010321063265012193,2.2851030617368068e-06,0.010318778161950455,293343.9647046171
2011-11-08,False,-0.005070699847103229,5.387224075202729e-07,-0.00507123856951075,291856.3474766739
2011-11-09,False,0.0016883301692989974,1.6807975568294414e-06,0.001686649371742168,292348.6068017844
2011-11-10,False,-0.0023858561090724702,5.188806594365742e-07,-0.002386374989731907,291650.95339822967
2011-11-11,False,0.0030115559682649916,2.2376319813825347e-06,0.003009318336283609,292528.62396008556
2011-11-14,False,0.0009848233880000409,8.914054189385484e-07,0.0009839319825811024,292816.4522290203
2011-11-15,False,0.00029278726333329666,1.8631780890156213e-07,0.0002926009455243951,292902.1305998076
2011-11-16,False,-0.0027162617570851417,1.3294793098626024e-06,-0.0027175912363950044,292106.14233656815
2011-11-17,False,-0.008829297643363916,2.8389697743778086e-06,-0.008832136613138294,289526.2209819148
2011-11-18,False,-0.001293634047805332,7.351972801701995e-07,-0.0012943692450855023,289151.4671458299
2011-11-21,False,-0.006444416186714497,3.0420980790806934e-06,-0.006447458284793577,287287.17512342037
2011-11-22,False,0.004640567775445939,1.0666756334026252e-06,0.004639501099812537,288620.0442883675
2011-11-23,False,4.873558753224441e-05,4.92033583621293e-07,4.8243553948623116e-05,288633.9683450448
2011-11-25,False,-0.0072662320495920155,6.670450896260754e-07,-0.007266899094681641,286536.49442178383
2011-11-28,False,0.0063944612646932705,2.2146797444839022e-06,0.006392246584948786,288368.1063497147
2011-11-29,False,-0.001784954141944394,7.08772769900598e-07,-0.0017856629147142947,287853.17811641964
2011-11-30,False,0.0049492051401262985,2.4090547933011687e-06,0.0049467960853329974,289277.1290910766
2011-12-01,False,-0.0011396429899679992,3.002231438573172e-07,-0.0011399432131118565,288947.3695910608
2011-12-02,False,0.002491154306442076,2.2923655196935288e-07,0.0024909250698901065,289667.115837854
2011-12-05,False,-0.004353823052205735,1.7354970645285101e-06,-0.004355558549270264,288405.453755024
2011-12-06,False,0.0012596193677408788,6.458772140273545e-07,0.0012589734905268514,288768.54857582494
2011-12-07,False,0.006280470618877466,4.924403782698983e-07,0.006279978178499196,290582.008759518
2011-12-08,False,-0.003978668762859496,2.712495983467886e-06,-0.003981381258842964,289425.0909956859
2011-12-09,False,-0.0008227293521505565,5.593174565484554e-07,-0.0008232886696071049,289186.8105975691
2011-12-12,False,-0.0047840405295938235,3.637115875940511e-06,-0.004787677645469764,287802.2773691064
2011-12-13,False,-0.0051222434811165835,2.802858480644474e-06,-0.005125046339597228,286327.27736094815
2011-12-14,False,-0.006494801409490645,4.797008549778423e-06,-0.006499598418040423,284466.2650419711
2011-12-15,False,-0.002791313951095607,3.292724733145042e-07,-0.0027916432235689215,283672.1367208327
2011-12-16,False,0.007594211894073221,1.892852528831951e-06,0.007592319041544389,285825.8660860139
2011-12-19,False,-0.002026391570816512,4.7535662461348217e-07,-0.002026866927441125,285246.53509103693
2011-12-20,False,-0.0014671817973014687,2.518948463869339e-06,-0.001469700745765338,284827.3080456867
2011-12-21,False,-0.0009423741132956191,3.485063523734483e-07,-0.0009427226196479926,284558.7948996986
2011-12-22,False,-0.00390218704903351,6.529122940703152e-07,-0.0039028399613275804,283448.2074636168
2011-12-23,False,-0.0019882122089050812,6.209955411591028e-07,-0.0019888332044462405,282884.4762568724
2011-12-27,False,-0.004363319894515228,8.68771056711265e-07,-0.0043641886655719385,281649.9150319259
2011-12-28,True,-0.0321011835460804,0.0005,-0.0326011835460804,272467.7944562321
2011-12-29,True,0.0194828301998695,0.0,0.0194828301998695,277776.23823055584
2011-12-30,True,-0.0081673738205972,0.0,-0.0081673738205972,275507.5358544477
2012-01-03,True,0.0569191210329975,0.0,0.0569191210329975,291189.1826332499
2012-01-04,True,0.011967355360642,0.0,0.011967355360642,294673.94705899694
2012-01-05,True,0.0246151457426833,0.0,0.0246151457426833,301927.3892124259
2012-01-06,True,0.0103332213194387,0.0,0.0103332213194387,305047.2717475582
2012-01-09,True,-0.0083682539125342,0.0,-0.0083682539125342,302494.5587222489
2012-01-10,True,0.0204963930982282,0.0,0.0204963930982282,308694.6061078952
2012-01-11,True,0.006956178143249,0.0,0.006956178143249,310841.9407798418
2012-01-12,True,0.0118637716756737,0.0,0.0118637716756737,314529.6985924772
2012-01-13,True,-0.0114674774768361,0.0,-0.0114674774768361,310922.8363580719
2012-01-17,True,0.0268493095786712,0.0,0.0268493095786712,319270.8998465283
2012-01-18,True,0.039725680098033,0.0,0.039725680098033,331954.1534784427
2012-01-19,True,0.0200178900306371,0.0,0.0200178900306371,338599.17521798733
2012-01-20,True,-0.0044275720271977,0.0,-0.0044275720271977,337100.00298135995
2012-01-23,True,-0.0001200597020872,0.0,-0.0001200597020872,337059.5308554285
2012-01-24,True,-0.0055305575634094,0.0,-0.0055305575634094,335195.4037177368
2012-01-25,True,0.0382027188778888,0.0,0.0382027188778888,348000.7794951259
2012-01-26,True,-0.010597191271914,0.0,-0.010597191271914,344312.9486720409
2012-01-27,True,0.0098859739682899,0.0,0.0098859739682899,347716.81751955784
2012-01-30,True,0.0016310547676472,0.0,0.0016310547676472,348283.96269256424
2012-01-31,True,0.0034916519757437,0.0,0.0034916519757437,349500.0490790196
2012-02-01,True,0.0245780922723828,0.0,0.0245780922723828,358090.093534486
2012-02-02,True,0.010298543726436,0.0,0.010298543726436,361777.9000207545
2012-02-03,True,0.0397635269470693,0.0,0.0397635269470693,376163.4652970839
2012-02-06,True,-0.000970008850611,0.0,-0.000970008850611,375798.5834064692
2012-02-07,True,0.0043121918908877,0.0,0.0043121918908877,377419.0990104417
2012-02-08,True,0.0166419549354488,0.0,0.0166419549354488,383700.0906479512
2012-02-09,True,0.0221786551517673,0.0,0.0221786551517673,392210.04264013394
2012-02-10,True,-0.0213878033849026,0.0,-0.0213878033849026,383821.5313625625
2012-02-13,True,0.026922694044789,0.0,0.026922694044789,394155.04101923923
2012-02-14,True,0.0087384200159126,0.0,0.0087384200159126,397599.3333190546
2012-02-15,True,-0.0223208645705303,0.0,-0.0223208645705303,388724.5724467069
2012-02-16,True,0.0418023356858479,0.0,0.0418023356858479,404974.1675134618
2012-02-17,True,-0.0085047876275992,0.0,-0.0085047876275992,401529.94822409604
2012-02-21,True,0.0084771265230361,0.0,0.0084771265230361,404933.7683979798
2012-02-22,True,-0.0132093599440149,0.0,-0.0132093599440149,399584.8524977245
2012-02-23,True,0.0189623632943529,0.0,0.0189623632943529,407161.9256377068
2012-02-24,True,0.0097545846045556,0.0,0.0097545846045556,411133.6210890937
2012-02-27,True,0.0048300279563411,0.0,0.0048300279563411,413119.4079727458
2012-02-28,True,0.0299156174816259,0.0,0.0299156174816259,425478.1301558942
2012-02-29,True,-0.0131419844533801,0.0,-0.0131419844533801,419886.50318413216
2012-03-01,True,0.0243195151723105,0.0,0.0243195151723105,430097.9393689671
2012-03-02,True,-0.0030156068717857,0.0,-0.0030156068717857,428800.93306746514
2012-03-05,True,-0.0311857917796904,0.0,-0.0311857917796904,415428.4364538863
2012-03-06,True,-0.0286764033045658,0.0,-0.0286764033045658,403515.4430659495
2012-03-07,True,0.0226955801509163,0.0,0.0226955801509163,412673.46014618524
2012-03-08,True,0.0317165618234998,0.0,0.0317165618234998,425762.0434578293
2012-03-09,True,0.0120861529231419,0.0,0.0120861529231419,430907.86862393003
2012-03-12,True,0.0015996830002562,0.0,0.0015996830002562,431597.1846160444
2012-03-13,True,0.0563326546497493,0.0,0.0563326546497493,455910.1997648241
2012-03-14,True,0.0111983150481222,0.0,0.0111983150481222,461015.625815443
2012-03-15,True,0.0076464636056037,0.0,0.0076464636056037,464540.7650198554
2012-03-16,True,-0.0021804293213992,0.0,-0.0021804293213992,463527.86671482096
2012-03-19,True,0.0217677242753524,0.0,0.0217677242753524,473617.8135114115
2012-03-20,True,0.0054752694625548,0.0,0.0054752694625548,476210.9986626525
2012-03-21,True,-0.0003397467864338,0.0,-0.0003397467864338,476049.20750619244
2012-03-22,True,-0.006043597456268,0.0,-0.006043597456268,473172.15772664954
2012-03-23,True,-0.0013699779988816,0.0,-0.0013699779988816,472523.9222808807
2012-03-26,True,0.0522260699056016,0.0,0.0522260699056016,497201.989677991
2012-03-27,True,0.0038286769371014,0.0,0.0038286769371014,499105.6154689521
2012-03-28,True,-0.0116910001212194,0.0,-0.0116910001212194,493270.5716580034
2012-03-29,True,-0.0102677594366665,0.0,-0.0102677594366665,488205.78809103207
2012-03-30,True,-0.0069721510759018,0.0,-0.0069721510759018,484801.9435803317
2012-04-02,True,0.0305071414816764,0.0,0.0305071414816764,499591.8650637286
2012-04-03,True,8.25204934822299e-05,0.0,8.25204934822299e-05,499633.09163097333
2012-04-04,True,-0.0407948824759638,0.0,-0.0407948824759638,479250.6183767853
2012-04-05,True,0.0182633798236599,0.0,0.0182633798236599,488003.35445092444
2012-04-09,True,-0.0230006270676801,0.0,-0.0230006270676801,476778.9712874218
2012-04-10,True,-0.0482754910302012,0.0,-0.0482754910302012,453762.2323356473
2012-04-11,True,0.0144672909667282,0.0,0.0144672909667282,460326.9425805593
2012-04-12,True,0.033537797151633,0.0,0.033537797151633,475765.2942042575
2012-04-13,True,-0.045225891596587,0.0,-0.045225891596587,454248.3845831574
2012-04-16,True,-0.0314889791466092,0.0,-0.0314889791466092,439944.5666736374
2012-04-17,True,0.0589475456713011,0.0,0.0589475456713011,465878.2191104725
2012-04-18,True,-0.0073061922567797,0.0,-0.0073061922567797,462474.4232734052
2012-04-19,True,-0.0323323411081089,0.0,-0.0323323411081089,447521.5424663535
2012-04-20,True,-0.0107748991443858,0.0,-0.0107748991443858,442699.54298133857
2012-04-23,True,-0.0251701324997273,0.0,-0.0251701324997273,431556.73682692955
2012-04-24,True,-0.0176530663459028,0.0,-0.0176530663459028,423938.43711970246
2012-04-25,True,0.0794297974343203,0.0,0.0794297974343203,457611.7813047428
2012-04-26,True,0.0178874187428657,0.0,0.0178874187428657,465797.2748586094
2012-04-27,True,0.0171371272168812,0.0,0.0171371272168812,473779.70201513794
2012-04-30,True,-0.0207830318377004,0.0,-0.0207830318377004,463933.1233841012
2012-05-01,True,0.0056781151523976,0.0,0.0056781151523976,466567.3890816876
2012-05-02,True,0.0066001928511942,0.0,0.0066001928511942,469646.82382770494
2012-05-03,True,-0.0310612737457217,0.0,-0.0310612737457217,455058.9952689839
2012-05-04,True,-0.0733752414246839,0.0,-0.0733752414246839,421668.93162864813
2012-05-07,True,0.0014409241861255,0.0,0.0014409241861255,422276.52459076955
2012-05-08,True,-0.0110345329981893,0.0,-0.0110345329981893,417616.90034581197
2012-05-09,True,-0.0055309238140448,0.0,-0.0055309238140448,415307.09308654175
2012-05-10,True,-0.0102453142026837,0.0,-0.0102453142026837,411052.14142726694
2012-05-11,True,-0.0009843615231991,0.0,-0.0009843615231991,410647.5175152173
2012-05-14,True,-0.0276310026781624,0.0,-0.0276310026781624,399300.9148589736
2012-05-15,True,-0.0087270417433044,0.0,-0.0087270417433044,395816.1991068597
2012-05-16,True,-0.0217042563276361,0.0,-0.0217042563276361,387225.3028628138
2012-05-17,True,-0.0615320470481879,0.0,-0.0615320470481879,363398.53730881034
2012-05-18,True,-0.0401426488755829,0.0,-0.0401426488755829,348810.7574237223
2012-05-21,True,0.0841090861367659,0.0,0.0841090861367659,378148.9114653047
2012-05-22,True,-0.0036437432480666,0.0,-0.0036437432480666,376771.03392238927
2012-05-23,True,0.005591955572852,0.0,0.005591955572852,378877.9208052208
2012-05-24,True,-0.0179678351181907,0.0,-0.0179678351181907,372070.30479426973
2012-05-25,True,-0.0056627350511879,0.0,-0.0056627350511879,369963.3692378051
2012-05-29,True,0.0372392791957898,0.0,0.0372392791957898,383740.5384370668
2012-05-30,True,-0.0242867440449592,0.0,-0.0242867440449592,374420.7302003709
2012-05-31,True,-0.0142857783557451,0.0,-0.0142857783557451,369071.8386369322
2012-06-01,True,-0.0786129264007348,0.0,-0.0786129264007348,340058.02134958317
2012-06-04,True,0.0214488856248131,0.0,0.0214488856248131,347351.88695531065
2012-06-05,True,0.013766148670482,0.0,0.013766148670482,352133.5846721099
2012-06-06,True,0.0683558119289755,0.0,0.0683558119289755,376203.9617598327
2012-06-07,True,-0.011202968723962,0.0,-0.011202968723962,371989.3605424067
2012-06-08,True,0.0294129962055724,0.0,0.0294129962055724,382930.6821925538
2012-06-11,True,-0.0478314545151219,0.0,-0.0478314545151219,364614.5506848161
2012-06-12,True,0.0315633110766475,0.0,0.0315633110766475,376122.99317115307
2012-06-13,True,-0.019609383355968,0.0,-0.019609383355968,368747.4532090658
2012-06-14,True,0.0112096646241419,0.0,0.0112096646241419,372880.9884905459
2012-06-15,True,0.0369479645284398,0.0,0.0369479645284398,386658.1820266242
2012-06-18,True,0.0257816254849321,0.0,0.0257816254849321,396626.85846631933
2012-06-19,True,0.0328978221742226,0.0,0.0328978221742226,409675.0183256649
2012-06-20,True,0.0035603898167646,0.0,0.0035603898167646,411133.62108909443
2012-06-21,True,-0.0749071653899219,0.0,-0.0749071653899219,380336.76693681616
2012-06-22,True,0.0311115129529031,0.0,0.0311115129529031,392169.61918783624
2012-06-25,True,-0.0593101026774247,0.0,-0.0593101026774247,368909.9988068391
2012-06-26,True,0.0193306534314212,0.0,0.0193306534314212,376041.2701411601
2012-06-27,True,0.0183208934721648,0.0,0.0183208934721648,382930.6821925538
2012-06-28,True,-0.0359802664505827,0.0,-0.0359802664505827,369152.73421516235
2012-06-29,True,0.0976944374617669,0.0,0.0976944374617669,405216.90292178583
2012-07-02,True,0.0080007850878474,0.0,0.0080007850878474,408458.9562760262
2012-07-03,True,0.0238099352093015,0.0,0.0238099352093015,418184.3375606173
2012-07-05,True,0.0034878257237098,0.0,0.0034878257237098,419642.8916504138
2012-07-06,True,-0.0393974295849999,0.0,-0.0393974295849999,403110.0403757708
2012-07-09,True,-0.003418238392832,0.0,-0.003418238392832,401732.11415922234
2012-07-10,True,-0.0306629674270147,0.0,-0.0306629674270147,389413.8154283724
2012-07-11,True,-0.0137356269292132,0.0,-0.0137356269292132,384064.9725385668
2012-07-12,True,-0.0289093380726335,0.0,-0.0289093380726335,372961.90840559267
2012-07-13,True,0.043458639630074,0.0,0.043458639630074,389170.325578736
2012-07-16,True,-0.0074968363478183,0.0,-0.0074968363478183,386252.7793364451
2012-07-17,True,0.0153185689991828,0.0,0.0153185689991828,392169.61918783654
2012-07-18,True,0.0407089922194965,0.0,0.0407089922194965,408134.44916407706
2012-07-19,True,0.0325668409912602,0.0,0.0325668409912602,421426.09887305915
2012-07-20,True,-0.0384627245313431,0.0,-0.0384627245313431,405216.9029217861
2012-07-23,True,-0.0369982858034472,0.0,-0.0369982858034472,390224.57213509816
2012-07-24,True,-0.0228467280611832,0.0,-0.0228467280611832,381309.21745273605
2012-07-25,True,-0.0223155490372446,0.0,-0.0223155490372446,372800.09291231615
2012-07-26,True,0.0391303010981789,0.0,0.0391303010981789,387387.8727974042
2012-07-27,True,0.0757316460954238,0.0,0.0757316460954238,416725.39408175624
2012-07-30,True,-0.0060282948622486,0.0,-0.0060282948622486,414213.25052964466
2012-07-31,True,0.0005858980473942,0.0,0.0005858980473942,414455.9372643348
2012-08-01,True,-0.0097767480653844,0.0,-0.0097767480653844,410403.9059814986
2012-08-02,True,-0.0104663919115248,0.0,-0.0104663919115248,406108.4578594757
2012-08-03,True,0.0568760112662551,0.0,0.0568760112662551,429206.28708401276
2012-08-06,True,0.0224701733774324,0.0,0.0224701733774324,438850.6267694745
2012-08-07,True,0.0247454911099902,0.0,0.0247454911099902,449710.20105281216
2012-08-08,True,-0.0016228505672184,0.0,-0.0016228505672184,448980.3885979497
2012-08-09,True,0.0084840005273025,0.0,0.0084840005273025,452789.5384515632
2012-08-10,True,0.0041172524174251,0.0,0.0041172524174251,454653.78727333766
2012-08-13,True,0.0060607883810319,0.0,0.0060607883810319,457409.34766463615
2012-08-14,True,0.001417082478627,0.0,0.001417082478627,458057.5344367719
2012-08-15,True,0.0070776174677715,0.0,0.0070776174677715,461299.490443746
2012-08-16,True,0.0358398927976026,0.0,0.0358398927976026,477832.41472883854
2012-08-17,True,0.013737195898287,0.0,0.013737195898287,484396.4922165201
2012-08-20,True,0.0038485005116597,0.0,0.0038485005116597,486260.6923646616
2012-08-21,True,-0.0114993371522651,0.0,-0.0114993371522651,480669.0167192665
2012-08-22,True,0.0107896968076159,0.0,0.0107896968076159,485855.28967448225
2012-08-23,True,-0.0221848568093104,0.0,-0.0221848568093104,475076.65964300785
2012-08-24,True,0.0177406743048376,0.0,0.0177406743048376,483504.8399315647
2012-08-27,True,0.0048612744874496,0.0,0.0048612744874496,485855.2896744824
2012-08-28,True,-0.0001667017468319,0.0,-0.0001667017468319,485774.29674898623
2012-08-29,True,0.0003335592799167,0.0,0.0003335592799167,485936.33127361187
2012-08-30,True,-0.030519862445916,0.0,-0.030519862445916,471105.62128566817
2012-08-31,True,0.0213323522267636,0.0,0.0213323522267636,481155.4123349424
2012-09-04,True,-0.0042127028508882,0.0,-0.0042127028508882,479128.4475576787
2012-09-05,True,-0.0045657647290204,0.0,-0.0045657647290204,476940.85979114956
2012-09-06,True,0.0661003564535565,0.0,0.0661003564535565,508466.8206306102
2012-09-07,True,-0.0043043318148274,0.0,-0.0043043318148274,506278.21071778575
2012-09-10,True,-0.0368173284437765,0.0,-0.0368173284437765,487638.39954986155
2012-09-11,True,-0.0043202932006113,0.0,-0.0043202932006113,485531.6586879293
2012-09-12,True,0.0086784792361094,0.0,0.0086784792361094,489745.33510632627
2012-09-13,True,0.0398807571592416,0.0,0.0398807571592416,509276.74988557305
2012-09-14,True,0.0256209134335325,0.0,0.0256209134335325,522324.88540810207
2012-09-17,True,0.0018621460275476,0.0,0.0018621460275476,523297.5306185541
2012-09-18,True,0.0018582198183449,0.0,0.0018582198183449,524269.93246084056
2012-09-19,True,0.0066467504610474,0.0,0.0066467504610474,527754.623876138
2012-09-20,True,-0.0023027430107258,0.0,-0.0023027430107258,526539.340604629
2012-09-21,True,0.0,0.0,0.0,526539.340604629
2012-09-24,True,-0.0184700094372648,0.0,-0.0184700094372648,516814.15401457035
2012-09-25,True,-0.040144852833631,0.0,-0.040144852833631,496066.72585931787
2012-09-26,True,-0.0263031863302789,0.0,-0.0263031863302789,483018.59033678885
2012-09-27,True,0.0424513476383967,0.0,0.0424513476383967,503523.3804309842
2012-09-28,True,-0.0239824686391059,0.0,-0.0239824686391059,491447.6467507416
2012-10-01,True,-0.0042884899899908,0.0,-0.0042884899899908,489340.0784370465
2012-10-02,True,0.0064597442441403,0.0,0.0064597442441403,492501.09019215737
2012-10-03,True,0.0189232783679929,0.0,0.0189232783679929,501820.82541840355
2012-10-04,True,0.0116282284105071,0.0,0.0116282284105071,507656.11259751796
2012-10-05,True,-0.0172414669240446,0.0,-0.0172414669240446,498903.37652337877
2012-10-08,True,-0.0264778284272386,0.0,-0.0264778284272386,485693.49851802277
2012-10-09,True,-0.0513927088787727,0.0,-0.0513927088787727,460732.3939443734
2012-10-10,True,-0.0121381836767486,0.0,-0.0121381836767486,455139.93952084857
2012-10-11,True,-0.008902504285171,0.0,-0.008902504285171,451088.0542589117
2012-10-12,True,-0.0001793343394184,0.0,-0.0001793343394184,451007.15868068166
2012-10-15,True,0.0199451885312493,0.0,0.0199451885312493,460002.58148951095
2012-10-16,True,0.0435162058481042,0.0,0.0435162058481042,480020.14851626783
2012-10-17,True,-0.0030391352031876,0.0,-0.0030391352031876,478561.30238467274
2012-10-18,True,-0.0342069258437004,0.0,-0.0342069258437004,462191.1914023355
2012-10-19,True,-0.0722433896534439,0.0,-0.0722433896534439,428800.9330674671
2012-10-22,True,0.0156875640840676,0.0,0.0156875640840676,435527.775184271
2012-10-23,True,-0.0295877701186421,0.0,-0.0295877701186421,422641.4794918351
2012-10-24,True,-0.0099699752544317,0.0,-0.0099699752544317,418427.75439980516
2012-10-25,True,0.0,0.0,0.0,418427.75439980516
2012-10-26,True,0.0104586697066282,0.0,0.0104586697066282,422803.95207915886
2012-10-31,True,-0.0193597911427939,0.0,-0.0193597911427939,414618.55587255856
2012-11-01,True,0.0424155410561213,0.0,0.0424155410561213,432204.8262518008
2012-11-02,True,-0.0365657430191505,0.0,-0.0365657430191505,416400.93564344087
2012-11-05,True,0.0245230865513206,0.0,0.0245230865513206,426612.37182827585
2012-11-06,True,0.0060802626155009,0.0,0.0060802626155009,429206.2870840135
2012-11-07,True,-0.0717536029811596,0.0,-0.0717536029811596,398409.1895635696
2012-11-08,True,-0.0467850456888147,0.0,-0.0467850456888147,379769.59742699435
2012-11-09,True,0.0108845801684822,0.0,0.0108845801684822,383903.23005574074
2012-11-12,True,0.001477249451919,0.0,0.001477249451919,384470.3508919305
2012-11-13,True,-0.0217113171442515,0.0,-0.0217113171442515,376122.9931711542
2012-11-14,True,-0.0357688569519422,0.0,-0.0357688569519422,362669.5036320788
2012-11-15,True,-0.0089390127950482,0.0,-0.0089390127950482,359427.5962987379
2012-11-16,True,0.0112752602888113,0.0,0.0112752602888113,363480.236001988
2012-11-19,True,0.0720159867097016,0.0,0.0720159867097016,389656.62384714634
2012-11-20,True,0.0002096059744947,0.0,0.0002096059744947,389738.2982035062
2012-11-21,True,0.0070687227392931,0.0,0.0070687227392931,392493.25017439073
2012-11-23,True,0.0458392597859402,0.0,0.0458392597859402,410484.85023336264
2012-11-26,True,0.0128331198768516,0.0,0.0128331198768516,415752.65152403887
2012-11-27,True,-0.0113060255407626,0.0,-0.0113060255407626,411052.1414272683
2012-11-28,True,0.0268142305070842,0.0,0.0268142305070842,422074.18829792965
2012-11-29,True,0.0172812919909275,0.0,0.0172812919909275,429368.1755877399
2012-11-30,True,-0.0035860638896153,0.0,-0.0035860638896153,427828.43387791474
2012-12-03,True,-0.0049248344973233,0.0,-0.0049248344973233,425721.449647817
2012-12-04,True,-0.006472912607162,0.0,-0.006472912607162,422965.79190925235
2012-12-05,True,-0.0308491508583478,0.0,-0.0308491508583478,409917.6563867233
2012-12-06,True,0.0183877241811687,0.0,0.0183877241811687,417455.1091893534
2012-12-07,True,-0.0170845917452067,0.0,-0.0170845917452067,410323.0590769027
2012-12-10,True,0.0088869761635967,0.0,0.0088869761635967,413969.5903222932
2012-12-11,True,0.0385672816024724,0.0,0.0385672816024724,429935.2720871133
2012-12-12,True,-0.0067861259713832,0.0,-0.0067861259713832,427017.6771711892
2012-12-13,True,-0.0225847706848677,0.0,-0.0225847706848677,417373.580853893
2012-12-14,True,-0.0283491713413338,0.0,-0.0283491713413338,405541.38569692004
2012-12-17,True,0.0389696789410323,0.0,0.0389696789410323,421345.20329483034
2012-12-18,True,0.0463546689964662,0.0,0.0463546689964662,440876.520726811
2012-12-19,True,-0.0143379028705614,0.0,-0.0143379028705614,434555.27599471895
2012-12-20,True,0.00074474066806,0.0,0.00074474066806,434878.9069812723
2012-12-21,True,-0.0311206256941422,0.0,-0.0311206256941422,421345.2032948304
2012-12-24,True,-0.0084642372661868,0.0,-0.0084642372661868,417778.83752317325
2012-12-26,True,-0.0236656946981033,0.0,-0.0236656946981033,407891.8111030213
2012-12-27,True,-0.0055640485199589,0.0,-0.0055640485199589,405622.28127515013
2012-12-28,True,-0.0289709206017175,0.0,-0.0289709206017175,393871.0303700403
2012-12-31,True,0.0652269712541222,0.0,0.0652269712541222,419562.0447458184
2013-01-02,True,0.0932961666394429,0.0,0.0932961666394429,458705.5751880097
2013-01-03,True,-0.0144864638648029,0.0,-0.0144864638648029,452060.553448465
2013-01-04,True,-0.0098598279466806,0.0,-0.0098598279466806,447603.3141699819
2013-01-07,True,0.0010861229846155,0.0,0.0010861229846155,448089.466417492
2013-01-08,True,-0.0057886161199217,0.0,-0.0057886161199217,445495.6485090206
2013-01-09,True,0.0101886763592422,0.0,0.0101886763592422,450034.6594911298
2013-01-10,True,0.0176475919655321,0.0,0.0176475919655321,457976.68753217644
2013-01-11,True,0.0037150075357634,0.0,0.0037150075357634,459678.07437756244
2013-01-14,True,-0.0128695327701309,0.0,-0.0128695327701309,453762.2323356497
2013-01-15,True,-0.0148247040213366,0.0,-0.0148247040213366,447035.3415452128
2013-01-16,True,0.0112411960224045,0.0,0.0112411960224045,452060.5534484651
2013-01-17,True,0.0154170308624868,0.0,0.0154170308624868,459029.98495269293
2013-01-18,True,-0.0056490597324312,0.0,-0.0056490597324312,456436.8971487182
2013-01-22,True,0.004084138434367,0.0,0.004084138434367,458301.0486232265
2013-01-23,True,0.0162685113113632,0.0,0.0162685113113632,465756.92441676307
2013-01-24,True,-0.0398467840557267,0.0,-0.0398467840557267,447198.00882706884
2013-01-25,True,0.0148592382085368,0.0,0.0148592382085368,453843.03056661366
2013-01-28,True,0.0071432348080646,0.0,0.0071432348080646,457084.9378999546
2013-01-29,True,0.0,0.0,0.0,457084.9378999546
2013-01-30,True,-0.0054959038685898,0.0,-0.0054959038685898,454572.8430214762
2013-01-31,True,-0.006418429156841,0.0,-0.006418429156841,451655.199431919
2013-02-01,True,0.0328362461739937,0.0,0.0328362461739937,466485.8607462297
2013-02-04,True,-0.050902059838768,0.0,-0.050902059838768,442740.76954858593
2013-02-05,True,0.0439318517551072,0.0,0.0439318517551072,462191.1914023365
2013-02-06,True,-0.0092938713441423,0.0,-0.0092938713441423,457895.6459330474
2013-02-07,True,0.0024772871935361,0.0,0.0024772871935361,459029.9849526933
2013-02-08,True,0.0303680302770514,0.0,0.0303680302770514,472969.82143381116
2013-02-11,True,-0.0003440303125386,0.0,-0.0003440303125386,472807.10547832196
2013-02-12,True,-0.0116551421973467,0.0,-0.0116551421973467,467296.4714320563
2013-02-13,True,0.0116196807535522,0.0,0.0116196807535522,472726.3072473582
2013-02-14,True,-0.002057214025628,0.0,-0.002057214025628,471753.8080578056
2013-02-15,True,-0.0085893953313308,0.0,-0.0085893953313308,467701.72810133634
2013-02-19,True,0.0218335353328475,0.0,0.0218335353328475,477913.3103070708
2013-02-20,True,-0.0456165873166297,0.0,-0.0456165873166297,456112.53605766874
2013-02-21,True,-0.0325151421954544,0.0,-0.0325151421954544,441281.9720906244
2013-02-22,True,0.0293835083067324,0.0,0.0293835083067324,454248.3845831605
2013-02-25,True,-0.0372886895146924,0.0,-0.0372886895146924,437310.0576078884
2013-02-26,True,0.0120462523555748,0.0,0.0120462523555748,442578.00491946406
2013-02-27,True,0.0303983374917669,0.0,0.0303983374917669,456031.64047943876
2013-02-28,True,-0.0037329872906591,0.0,-0.0037329872906591,454329.2801613906
2013-03-01,True,0.01034647115333,0.0,0.01034647115333,459029.9849526937
2013-03-04,True,0.0128883390576786,0.0,0.0128883390576786,464946.1190364051
2013-03-05,True,0.0439252453854142,0.0,0.0439252453854142,485368.9914060752
2013-03-06,True,-0.0063445230341073,0.0,-0.0063445230341073,482289.5566600579
2013-03-07,True,0.008738635298221,0.0,0.008738635298221,486504.1092038509
2013-03-08,True,0.0011661563732057,0.0,0.0011661563732057,487071.4490713898
2013-03-11,True,0.0103152979173839,0.0,0.0103152979173839,492095.73617561307
2013-03-12,True,-0.0121865154965193,0.0,-0.0121865154965193,486098.8038609379
2013-03-13,True,-0.0031673485931873,0.0,-0.0031673485931873,484559.1594983789
2013-03-14,True,0.0102020336967254,0.0,0.0102020336967254,489502.6483716383
2013-03-15,True,-0.0094378608615792,0.0,-0.0094378608615792,484882.7904849323
2013-03-18,True,-0.006853097279751,0.0,-0.006853097279751,481559.8415524619
2013-03-19,True,-0.0040389546869916,0.0,-0.0040389546869916,479614.84317335667
2013-03-20,True,0.0190945746308819,0.0,0.0190945746308819,488772.8845904091
2013-03-21,True,-0.0320012037633338,0.0,-0.0320012037633338,473131.56391663896
2013-03-22,True,0.0275784451195362,0.0,0.0275784451195362,486179.79678643437
2013-03-25,True,-0.0101681262355377,0.0,-0.0101681262355377,481236.2592395418
2013-03-26,True,0.015324667206972,0.0,0.015324667206972,488611.04476031585
2013-03-27,True,0.0053071589466011,0.0,0.0053071589466011,491204.1812379237
2013-03-28,True,0.0057747920290074,0.0,0.0057747920290074,494040.78322835156
2013-04-01,True,-0.0193574034464787,0.0,-0.0193574034464787,484477.43646838603
2013-04-02,True,0.0225837087338629,0.0,0.0225837087338629,495418.7337817166
2013-04-03,True,-0.026501172092219,0.0,-0.026501172092219,482289.5566600581
2013-04-04,True,0.0005034999249644,0.0,0.0005034999249644,482532.38941564754
2013-04-05,True,-0.0245206851577071,0.0,-0.0245206851577071,470700.3646163903
2013-04-08,True,0.0153238583032737,0.0,0.0153238583032737,477913.3103070712
2013-04-09,True,0.0196705663898928,0.0,0.0196705663898928,487314.1358060799
2013-04-10,True,0.0585403068017955,0.0,0.0585403068017955,515841.65482501965
2013-04-11,True,-0.0017285387417155,0.0,-0.0017285387417155,514950.0025400639
2013-04-12,True,-0.0011012651647266,0.0,-0.0011012651647266,514382.9060406906
2013-04-15,True,-0.0608156757017104,0.0,-0.0608156757017104,483100.36204041657
2013-04-16,True,0.0417704292837928,0.0,0.0417704292837928,503279.67155000055
2013-04-17,True,-0.0584530792079561,0.0,-0.0584530792079561,473861.42504513427
2013-04-18,True,-0.0432711878247462,0.0,-0.0432711878247462,453356.8783191043
2013-04-19,True,0.0414733645408165,0.0,0.0414733645408165,472159.1134007191
2013-04-22,True,0.0307246700715044,0.0,0.0307246700715044,486666.0463812103
2013-04-23,True,0.0294742560825782,0.0,0.0294742560825782,501010.16605894605
2013-04-24,True,-0.0024252772883527,0.0,-0.0024252772883527,499795.07748196943
2013-04-25,True,0.0162157445464152,0.0,0.0162157445464152,507899.62678397284
2013-04-26,True,-0.008457277571204,0.0,-0.008457277571204,503604.1786619499
2013-04-29,True,0.0265523290372153,0.0,0.0265523290372153,516976.04251829867
2013-04-30,True,0.0219480241308129,0.0,0.0219480241308129,528322.6451745424
2013-05-01,True,-0.012732266600678,0.0,-0.012732266600678,521595.90040500485
2013-05-02,True,0.0362027922237286,0.0,0.0362027922237286,540479.1284121159
2013-05-03,True,0.0349365903510274,0.0,0.0349365903510274,559361.6263147303
2013-05-06,True,0.0128951338429652,0.0,0.0128951338429652,566574.6693526774
2013-05-07,True,-0.0024322441068637,0.0,-0.0024322441068637,565196.6214520462
2013-05-08,True,0.0156306851371519,0.0,0.0156306851371519,574031.0318825452
2013-05-09,True,-0.0035306826574367,0.0,-0.0035306826574367,572004.3104734471
2013-05-10,True,0.0170021165212468,0.0,0.0170021165212468,581729.5944107721
2013-05-13,True,0.0039011392330607,0.0,0.0039011392330607,583999.0025545604
2013-05-14,True,0.0147102972080457,0.0,0.0147102972080457,592589.8014513402
2013-05-15,True,0.0073852790527286,0.0,0.0073852790527286,596966.2424988595
2013-05-16,True,-0.0036662205615901,0.0,-0.0036662205615901,594777.632586035
2013-05-17,True,0.0282061545000784,0.0,0.0282061545000784,611554.0223839476
2013-05-20,True,-0.0045060719271464,0.0,-0.0045060719271464,608798.31597175
2013-05-21,True,0.0037276047101624,0.0,0.0037276047101624,611067.6754419052
2013-05-22,True,-0.0244032604377051,0.0,-0.0244032604377051,596155.6318130334
2013-05-23,True,-0.010875145533727,0.0,-0.010875145533727,589672.3525563156
2013-05-24,True,-0.0005502351210967,0.0,-0.0005502351210967,589347.8941179994
2013-05-28,True,0.0206270897589269,0.0,0.0206270897589269,601504.4260292059
2013-05-29,True,-0.015090738232376,0.0,-0.015090738232376,592427.2801903837
2013-05-30,True,0.0162792002675775,0.0,0.0162792002675775,602071.5225285792
2013-05-31,True,-0.0285363378266748,0.0,-0.0285363378266748,584890.6061658832
2013-06-03,True,0.0058197923202774,0.0,0.0058197923202774,588294.5480238498
2013-06-04,True,-0.0150156612568355,0.0,-0.0150156612568355,579460.9163714806
2013-06-05,True,-0.0383220466446653,0.0,-0.0383220466446653,557254.7881055323
2013-06-06,True,0.0122163000111277,0.0,0.0122163000111277,564062.3797796669
2013-06-07,True,0.0418110318842621,0.0,0.0418110318842621,587646.4099253474
2013-06-10,True,0.0004128980573332,0.0,0.0004128980573332,587889.0479864044
2013-06-11,True,-0.0289493875030706,0.0,-0.0289493875030706,570870.0201274347
2013-06-12,True,-0.0346398145308443,0.0,-0.0346398145308443,551095.188509001
2013-06-13,True,0.0358827876395271,0.0,0.0358827876395271,570870.0201274346
2013-06-14,True,-0.0176042566982196,0.0,-0.0176042566982196,560820.2777517935
2013-06-17,True,0.0277457450081604,0.0,0.0277457450081604,576380.6541737005
2013-06-18,True,0.0236220292907893,0.0,0.0236220292907893,589995.934869236
2013-06-19,True,-0.031455675875589,0.0,-0.031455675875589,571437.2139740742
2013-06-20,True,-0.0737478471369263,0.0,-0.0737478471369263,529294.9496695631
2013-06-21,True,-0.0140873487164816,0.0,-0.0140873487164816,521838.5871396954
2013-06-24,True,-0.0309050984705409,0.0,-0.0309050984705409,505711.11421841517
2013-06-25,True,0.0213137126212856,0.0,0.0213137126212856,516489.6955762566
2013-06-26,True,0.0273026362599131,0.0,0.0273026362599131,530591.2258665684
2013-06-27,True,0.0111498955279236,0.0,0.0111498955279236,536507.2626030135
2013-06-28,True,0.0027191544891995,0.0,0.0027191544891995,537966.1087346087
2013-07-01,True,0.0213925046568581,0.0,0.0213925046568581,549474.5512209458
2013-07-02,True,0.0004429107135406,0.0,0.0004429107135406,549717.9193864993
2013-07-03,True,0.0135630054196238,0.0,0.0135630054196238,557173.7465064029
2013-07-05,True,0.0221087595963951,0.0,0.0221087595963951,569492.1669213357
2013-07-08,True,0.0032731011274234,0.0,0.0032731011274234,571356.1723749448
2013-07-09,True,0.0182986519163625,0.0,0.0182986519163625,581811.2200934992
2013-07-10,True,0.0168544890563404,0.0,0.0168544890563404,591617.3509354212
2013-07-11,True,0.0623290538924559,0.0,0.0623290538924559,628492.3006855871
2013-07-12,True,0.0104442427602602,0.0,0.0104442427602602,635056.4268469019
2013-07-15,True,0.0077843301229219,0.0,0.0077843301229219,639999.9157201614
2013-07-16,True,-0.0039253769221999,0.0,-0.0039253769221999,637487.6748207837
2013-07-17,True,0.0071188568965228,0.0,0.0071188568965228,642025.8583511299
2013-07-18,True,-0.0073205379902875,0.0,-0.0073205379902875,637325.8836643236
2013-07-19,True,-0.0303918713675254,0.0,-0.0303918713675254,617956.357388803
2013-07-22,True,0.0072129494240509,0.0,0.0072129494240509,622413.6453409191
2013-07-23,True,-0.022265040108337,0.0,-0.022265040108337,608555.5805634274
2013-07-24,True,0.0094542996327935,0.0,0.0094542996327935,614309.0473652827
2013-07-25,True,0.0180740294217993,0.0,0.0180740294217993,625412.0871614404
2013-07-26,True,0.016587550842106,0.0,0.016587550842106,635786.1419544984
2013-07-29,True,-0.0045888033351735,0.0,-0.0045888033351735,632868.6443858404
2013-07-30,True,0.0148542306666157,0.0,0.0148542306666157,642269.4212112161
2013-07-31,True,0.006308624472052,0.0,0.006308624472052,646321.2577995199
2013-08-01,True,0.0304708158714352,0.0,0.0304708158714352,666015.1938397236
2013-08-02,True,0.0166710698490895,0.0,0.0166710698490895,677118.3796567805
2013-08-05,True,0.0021543482323849,0.0,0.0021543482323849,678577.1284411093
2013-08-06,True,-0.0177956685748961,0.0,-0.0177956685748961,666501.3947608666
2013-08-07,True,-0.0057149955518307,0.0,-0.0057149955518307,662692.3422545193
2013-08-08,True,0.0133299870282939,0.0,0.0133299870282939,671526.0225805218
2013-08-09,True,-0.0107412710682887,0.0,-0.0107412710682887,664312.9795425746
2013-08-12,True,0.0062225272823095,0.0,0.0062225272823095,668446.6851817706
2013-08-13,True,0.0166101371562719,0.0,0.0166101371562719,679549.6763042951
2013-08-14,True,-0.0110918348804496,0.0,-0.0110918348804496,672012.2235016648
2013-08-15,True,-0.0501684207446148,0.0,-0.0501684207446148,638298.4315275091
2013-08-16,True,-0.0035557842536483,0.0,-0.0035557842536483,636028.7800155552
2013-08-19,True,-0.0039497325137554,0.0,-0.0039497325137554,633516.6364634435
2013-08-20,True,0.0136881874537957,0.0,0.0136881874537957,642188.3309384533
2013-08-21,True,-0.009969332476969,0.0,-0.009969332476969,635786.1419544981
2013-08-22,True,0.0285528603119726,0.0,0.0285528603119726,653939.6548540129
2013-08-23,True,0.0210679519080969,0.0,0.0210679519080969,667716.8240532748
2013-08-26,True,0.0008493068902035,0.0,0.0008493068902035,668283.920552648
2013-08-27,True,-0.0629389326765476,0.0,-0.0629389326765476,626222.8438681656
2013-08-28,True,0.0129419572942146,0.0,0.0129419572942146,634327.3931701691
2013-08-29,True,0.0206974861380517,0.0,0.0206974861380517,647456.3755972951
2013-08-30,True,-0.0186505872728555,0.0,-0.0186505872728555,635380.933958851
2013-09-03,True,0.016453315421961,0.0,0.016453315421961,645835.0568783763
2013-09-04,True,0.0326273502330751,0.0,0.0326273502330751,666906.943471945
2013-09-05,True,0.0043746696555133,0.0,0.0043746696555133,669824.4410406029
2013-09-06,True,0.0036297520641939,0.0,0.0036297520641939,672255.7376881175
2013-09-09,True,0.0352011805816558,0.0,0.0352011805816558,695919.9333075312
2013-09-10,True,0.0151393813736748,0.0,0.0151393813736748,706455.7305834163
2013-09-11,True,-0.0050472174161796,0.0,-0.0050472174161796,702890.0949162558
2013-09-12,True,-0.0044973021034728,0.0,-0.0044973021034728,699728.9858138787
2013-09-13,True,0.0032434064288688,0.0,0.0032434064288688,701998.4913049333
2013-09-16,True,-0.0084274208701615,0.0,-0.0084274208701615,696082.4545684882
2013-09-17,True,0.020024869559976,0.0,0.020024869559976,710021.4149242102
2013-09-18,True,0.0367542713081083,0.0,0.0367542713081083,736117.7346429016
2013-09-19,True,0.0061648917958505,0.0,0.0061648917958505,740655.8208259818
2013-09-20,True,-0.0109414102605301,0.0,-0.0109414102605301,732552.001628475
2013-09-23,True,-0.0056428171056439,0.0,-0.0056428171056439,728418.3446629123
2013-09-24,True,0.0002223134254455,0.0,0.0002223134254455,728580.2818402717
2013-09-25,True,-0.0094546715359431,0.0,-0.0094546715359431,721691.7945879071
2013-09-26,True,0.0229085662454193,0.0,0.0229085662454193,738224.7188729998
2013-09-27,True,-0.0047206304811222,0.0,-0.0047206304811222,734739.83276317
2013-09-30,True,-0.0062866866645914,0.0,-0.0062866866645914,730120.7536545937
2013-10-01,True,0.0299700659998636,0.0,0.0299700659998636,752002.520829492
2013-10-02,True,-0.0018323749125802,0.0,-0.0018323749125802,750624.5702761271
2013-10-03,True,-0.0347660762496202,0.0,-0.0347660762496202,724528.2992310688
2013-10-04,True,0.0257268228000293,0.0,0.0257268228000293,743168.1103989931
2013-10-07,True,-0.0247537527199982,0.0,-0.0247537527199982,724771.9107647882
2013-10-08,True,-0.056581194836258,0.0,-0.056581194836258,683763.4500699586
2013-10-09,True,-0.0110224835372459,0.0,-0.0110224835372459,676226.678698192
2013-10-10,True,0.0635184566705151,0.0,0.0635184566705151,719179.5536885295
2013-10-11,True,0.0225372366924891,0.0,0.0225372366924891,735387.8735144066
2013-10-14,True,0.0207192657242287,0.0,0.0207192657242287,750624.5702761271
2013-10-15,True,-0.0106892384926711,0.0,-0.0106892384926711,742600.9652259868
2013-10-16,True,0.0341588701124879,0.0,0.0341588701124879,767967.3751425495
2013-10-17,True,0.0161466426474055,0.0,0.0161466426474055,780367.4699138423
2013-10-18,True,0.0494333033965121,0.0,0.0494333033965121,818943.6118148618
2013-10-21,True,0.005740080355657,0.0,0.005740080355657,823644.4139534312
2013-10-22,True,0.003444318912587,0.0,0.003444318912587,826481.3079856576
2013-10-23,True,-0.0160820967555949,0.0,-0.0160820967555949,813189.7556239417
2013-10-24,True,0.0124577220297112,0.0,0.0124577220297112,823320.2475569136
2013-10-25,True,0.0199824795783274,0.0,0.0199824795783274,839772.2275901432
2013-10-28,True,0.0020267633849961,0.0,0.0020267633849961,841474.2471927595
2013-10-29,True,0.0048155690055329,0.0,0.0048155690055329,845526.4244964952
2013-10-30,True,-0.0031637160601966,0.0,-0.0031637160601966,842851.418967995
2013-10-31,True,-0.0064418753428111,0.0,-0.0064418753428111,837421.8751944917
2013-11-01,True,-0.0004843986888337,0.0,-0.0004843986888337,837016.2291361468
2013-11-04,True,0.0048421475483793,0.0,0.0048421475483793,841069.1852180122
2013-11-05,True,0.0042395240214423,0.0,0.0042395240214423,844634.9182324389
2013-11-06,True,-0.0017273066118489,0.0,-0.0017273066118489,843175.9747535775
2013-11-07,True,-0.0554593895510572,0.0,-0.0554593895510572,796413.9499096265
2013-11-08,True,0.0394837458337224,0.0,0.0394837458337224,827859.3558862892
2013-11-11,True,-0.0047976367405844,0.0,-0.0047976367405844,823887.5874244525
2013-11-12,True,0.0049187163484312,0.0,0.0049187163484312,827940.0567699866
2013-11-13,True,0.0358260348951724,0.0,0.0358260348951724,857601.8661349392
2013-11-14,True,0.0077486030482023,0.0,0.0077486030482023,864247.0825690165
2013-11-15,True,0.0069397543134812,0.0,0.0069397543134812,870244.7449881884
2013-11-18,True,-0.0276590953657723,0.0,-0.0276590953657723,846174.5625949978
2013-11-19,True,-0.0098649038865298,0.0,-0.0098649038865298,837827.1318637718
2013-11-20,True,-0.0069644380271329,0.0,-0.0069644380271329,831992.1367264561
2013-11-21,True,0.030585700276869,0.0,0.030585700276869,857439.1988530833
2013-11-22,True,0.0157848857737572,0.0,0.0157848857737572,870973.7786649212
2013-11-25,True,0.0066066247311971,0.0,0.0066066247311971,876727.975571273
2013-11-26,True,0.0165465085679961,0.0,0.0165465085679961,891234.7625308649
2013-11-27,True,0.0200058742501947,0.0,0.0200058742501947,909064.6931174595
2013-11-29,True,0.0164028643545783,0.0,0.0164028643545783,923975.9579682017
2013-12-02,True,-0.0062274371559108,0.0,-0.0062274371559108,918221.9557563823
2013-12-03,True,-0.0029125028876418,0.0,-0.0029125028876418,915547.6316587457
2013-12-04,True,0.0025672610158571,0.0,0.0025672610158571,917898.0814016635
2013-12-05,True,-0.0030904295315252,0.0,-0.0030904295315252,915061.3820639695
2013-12-06,True,0.0206359169231391,0.0,0.0206359169231391,933944.5127238145
2013-12-09,True,0.011975258983607,0.0,0.011975258983607,945128.7401400009
2013-12-10,True,-0.0018010396095845,0.0,-0.0018010396095845,943426.525842852
2013-12-11,True,-0.0373672360024933,0.0,-0.0373672360024933,908173.2842006698
2013-12-12,True,-0.0081208359291223,0.0,-0.0081208359291223,900798.157964464
2013-12-13,True,-0.0047684912364046,0.0,-0.0047684912364046,896502.7098424411
2013-12-16,True,0.0171755240285771,0.0,0.0171755240285771,911900.6136770246
2013-12-17,True,-0.0063092600684002,0.0,-0.0063092600684002,906147.1955488025
2013-12-18,True,0.0345224780330108,0.0,0.0345224780330108,937429.6422018105
2013-12-19,True,-0.00899088948122,0.0,-0.00899088948122,929001.3158923545
2013-12-20,True,0.0300962950667953,0.0,0.0300962950667953,956960.813612892
2013-12-23,True,0.0323513369063379,0.0,0.0323513369063379,987919.7753002458
2013-12-24,True,0.0013947015137742,0.0,0.0013947015137742,989297.6285063447
2013-12-26,True,0.0097475420076158,0.0,0.0097475420076158,998940.8486982451
2013-12-27,True,-0.0073011849393789,0.0,-0.0073011849393789,991647.3968183991
2013-12-30,True,-0.0052300548754748,0.0,-0.0052300548754748,986461.0265159172
2013-12-31,True,0.0196352209909722,0.0,0.0196352209909722,1005830.4067705387
2014-01-02,True,-0.0233667024925005,0.0,-0.0233667024925005,982327.4668976206
2014-01-03,True,-0.0217804825526528,0.0,-0.0217804825526528,960931.9006438655
2014-01-06,True,-0.0106265971376254,0.0,-0.0106265971376254,950720.4644590305
2014-01-07,True,0.0259143759782385,0.0,0.0259143759782385,975357.7920252273
2014-01-08,True,0.0074782184300101,0.0,0.0074782184300101,982651.7306414045
2014-01-09,True,-0.010309192561499,0.0,-0.010309192561499,972521.3847293319
2014-01-10,True,0.0099999719726115,0.0,0.0099999719726115,982246.5713193908
2014-01-13,True,-0.0444720732042104,0.0,-0.0444720732042104,938564.0298950901
2014-01-14,True,0.0572491487492325,0.0,0.0572491487492325,992296.0216532333
2014-01-15,True,0.023357943791465,0.0,0.023357943791465,1015474.0163515039
2014-01-16,True,0.0020754527243025,0.0,0.0020754527243025,1017581.5846651992
2014-01-17,True,-0.0177601706822343,0.0,-0.0177601706822343,999509.1620384466
2014-01-21,True,0.0223788551404144,0.0,0.0223788551404144,1021877.0327872221
2014-01-22,True,0.0092789205232539,0.0,0.0092789205232539,1031358.9485589933
2014-01-23,True,-0.0120225921850838,0.0,-0.0120225921850838,1018959.3405240317
2014-01-24,True,-0.0592543685254081,0.0,-0.0592543685254081,958581.5482482138
2014-01-27,True,-0.0290830809814653,0.0,-0.0290830809814653,930703.0434531727
2014-01-28,True,-0.0003486165008254,0.0,-0.0003486165008254,930378.5850148564
2014-01-29,True,-0.0315329115412736,0.0,-0.0315329115412736,901041.0393936877
2014-01-30,True,0.0527076324775446,0.0,0.0527076324775446,948532.779345235
2014-01-31,True,-0.007006400477021,0.0,-0.007006400477021,941886.9788275604
2014-02-03,True,-0.0662533837918643,0.0,-0.0662533837918643,879483.7793307386
2014-02-04,True,0.0195351175532809,0.0,0.0195351175532809,896664.5983461684
2014-02-05,True,-0.0092189883192782,0.0,-0.0092189883192782,888398.2578877048
2014-02-06,True,0.0383139604515545,0.0,0.0383139604515545,922436.3136056443
2014-02-07,True,0.0530667350237643,0.0,0.0530667350237643,971386.997036053
2014-02-10,True,0.0183539232806286,0.0,0.0183539232806286,989215.759455453
2014-02-11,True,0.0342460691451773,0.0,0.0342460691451773,1023092.5107532636
2014-02-12,True,0.0047528383249031,0.0,0.0047528383249031,1027955.1040482932
2014-02-13,True,0.0257011795159147,0.0,0.0257011795159147,1054374.7627117392
2014-02-14,True,0.0029214111592144,0.0,0.0029214111592144,1057455.0249095191
2014-02-18,True,0.0156345898615162,0.0,0.0156345898615162,1073987.900520979
2014-02-19,True,-0.0218838032174449,0.0,-0.0218838032174449,1050484.960648061
2014-02-20,True,0.0145041626398176,0.0,0.0145041626398176,1065721.3653679828
2014-02-21,True,-0.0051713499503316,0.0,-0.0051713499503316,1060210.1472381197
2014-02-24,True,0.0175819306398643,0.0,0.0175819306398643,1078850.6885105406
2014-02-25,True,-0.0036059566364833,0.0,-0.0036059566364833,1074960.3997105316
2014-02-26,True,-0.0033177170491589,0.0,-0.0033177170491589,1071393.9852652412
2014-02-27,True,0.0196677290365336,0.0,0.0196677290365336,1092465.87185881
2014-02-28,True,-0.0050448399525304,0.0,-0.0050448399525304,1086954.5563816808
2014-03-03,True,-0.0219207982845387,0.0,-0.0219207982845387,1063127.6448067776
2014-03-04,True,0.0402500471340441,0.0,0.0402500471340441,1105918.5826197558
2014-03-05,True,0.0082078765369744,0.0,0.0082078765369744,1114995.8258058445
2014-03-06,True,-0.0037799692102103,0.0,-0.0037799692102103,1110781.1759147856
2014-03-07,True,-0.0142999843477525,0.0,-0.0142999843477525,1094897.0224854262
2014-03-10,True,0.0020721358629762,0.0,0.0020721358629762,1097165.797871984
2014-03-11,True,-0.0124095903000345,0.0,-0.0124095903000345,1083550.419829182
2014-03-12,True,0.0112191658908895,0.0,0.0112191658908895,1095706.9517403888
2014-03-13,True,-0.0424551149946711,0.0,-0.0424551149946711,1049188.5871037901
2014-03-14,True,-0.0205470656698515,0.0,-0.0205470656698515,1027630.8403045097
2014-03-17,True,0.0266563979561098,0.0,0.0266563979561098,1055023.7769356384
2014-03-18,True,0.0359504117742695,0.0,0.0359504117742695,1092952.3161481195
2014-03-19,True,-0.0164617579118144,0.0,-0.0164617579118144,1074960.3997105323
2014-03-20,True,0.0078405923713336,0.0,0.0078405923713336,1083388.7260199885
2014-03-21,True,-0.0366549427613862,0.0,-0.0366549427613862,1043677.1742793947
2014-03-24,True,-0.0251593668455774,0.0,-0.0251593668455774,1017418.9173833437
2014-03-25,True,0.0092408336537039,0.0,0.0092408336537039,1026820.7163550148
2014-03-26,True,-0.0380431660241763,0.0,-0.0380431660241763,987757.2053656573
2014-03-27,True,-0.0177224443954303,0.0,-0.0177224443954303,970251.733217379
2014-03-28,True,0.0065152570309383,0.0,0.0065152570309383,976573.1726440036
2014-03-31,True,0.0199167651031464,0.0,0.0199167651031464,996023.3511295887
2014-04-01,True,0.0541908579377015,0.0,0.0541908579377015,1049998.7110532857
2014-04-02,True,0.0078726221510361,0.0,0.0078726221510361,1058264.9541644834
2014-04-03,True,-0.0235868196101767,0.0,-0.0235868196101767,1033303.8495908335
2014-04-04,True,-0.0793729137257532,0.0,-0.0793729137257532,951287.5122847718
2014-04-07,True,-0.0299875062716796,0.0,-0.0299875062716796,922760.7720439618
2014-04-08,True,0.0279292402560507,0.0,0.0279292402560507,948532.7793452365
2014-04-09,True,0.0512644700915094,0.0,0.0512644700915094,997158.8096427966
2014-04-10,True,-0.0923284022478658,0.0,-0.0923284022478658,905092.7299610935
2014-04-11,True,-0.034921071286714,0.0,-0.034921071286714,873485.9222170357
2014-04-14,True,0.022453756795751,0.0,0.022453756795751,893098.9626790092
2014-04-15,True,0.0099816216083059,0.0,0.0099816216083059,902013.5385832416
2014-04-16,True,0.0388139956934734,0.0,0.0388139956934734,937024.2881852663
2014-04-17,True,0.0005188256629415,0.0,0.0005188256629415,937510.4404327763
2014-04-21,True,0.0226490040369331,0.0,0.0226490040369331,958744.1181828054
2014-04-22,True,0.0245137912096224,0.0,0.0245137912096224,982246.5713193923
2014-04-23,True,-0.0272280931960242,0.0,-0.0272280931960242,955501.8701340327
2014-04-24,True,0.0295167947902248,0.0,0.0295167947902248,983705.222756455
2014-04-25,True,-0.0482782282317646,0.0,-0.0482782282317646,936213.67749944
2014-04-28,True,0.010734141762043,0.0,0.010734141762043,946263.1278332826
2014-04-29,True,0.0220967255765913,0.0,0.0220967255765913,967172.4444922616
2014-04-30,True,0.0088822852619869,0.0,0.0088822852619869,975763.1460417751
2014-05-01,True,0.0089700942652033,0.0,0.0089700942652033,984515.8334422812
2014-05-02,True,-0.0049388729315769,0.0,-0.0049388729315769,979653.4348417844
2014-05-05,True,0.0142284606575928,0.0,0.0142284606575928,993592.3951975064
2014-05-06,True,-0.0386623270250463,0.0,-0.0386623270250463,955177.8010847813
2014-05-07,True,-0.0089932130501364,0.0,-0.0089932130501364,946587.6836188651
2014-05-08,True,-0.0034249900039325,0.0,-0.0034249900039325,943345.630264625
2014-05-09,True,0.0116842027053243,0.0,0.0116842027053243,954367.8718298187
2014-05-12,True,0.04874269488418,0.0,0.04874269488418,1000886.3338136838
2014-05-13,True,0.0021056046977869,0.0,0.0021056046977869,1002993.8047801127
2014-05-14,True,-0.0148677272504924,0.0,-0.0148677272504924,988081.5664567084
2014-05-15,True,-0.0231295941801387,0.0,-0.0231295941801387,965227.640807689
2014-05-16,True,0.0186394707252013,0.0,0.0186394707252013,983218.9731616791
2014-05-19,True,0.0214308366069746,0.0,0.0214308366069746,1004290.1783243845
2014-05-20,True,-0.0109743807367039,0.0,-0.0109743807367039,993268.7155373205
2014-05-21,True,0.0282304202882286,0.0,0.0282304202882286,1021309.108836088
2014-05-22,True,0.0123791867624911,0.0,0.0123791867624911,1033952.0850366032
2014-05-23,True,0.0224171768455294,0.0,0.0224171768455294,1057130.3717766728
2014-05-27,True,0.0375657013010142,0.0,0.0375657013010142,1096842.2155590653
2014-05-28,True,-0.0094581548006916,0.0,-0.0094581548006916,1086468.1120923741
2014-05-29,True,0.0202900415438178,0.0,0.0202900415438178,1108512.5952227619
2014-05-30,True,-0.000877564436835,0.0,-0.000877564436835,1107539.8039914106
2014-06-02,True,-0.0024880451745398,0.0,-0.0024880451745398,1104784.1949264791
2014-06-03,True,-0.001466838454271,0.0,-0.001466838454271,1103163.65498569
2014-06-04,True,0.0105785690768762,0.0,0.0105785690768762,1114833.5479130556
2014-06-05,True,0.0260246783786073,0.0,0.0260246783786073,1143846.7324431743
2014-06-06,True,0.0161543222190525,0.0,0.0161543222190525,1162324.801128272
2014-06-09,True,-0.0018127327473805,0.0,-0.0018127327473805,1160217.8168981744
2014-06-10,True,0.0057282306092962,0.0,0.0057282306092962,1166863.8121103814
2014-06-11,True,-0.0015283719476673,0.0,-0.0015283719476673,1165080.4101932037
2014-06-12,True,-0.0261546949351415,0.0,-0.0261546949351415,1134608.0874896909
2014-06-13,True,0.0068569875379913,0.0,0.0068569875379913,1142388.0810061118
2014-06-16,True,0.0036890772228197,0.0,0.0036890772228197,1146602.4388553721
2014-06-17,True,0.0014134256418232,0.0,0.0014134256418232,1148223.0761434273
2014-06-18,True,0.0182102367045908,0.0,0.0182102367045908,1169132.4901496726
2014-06-19,True,-0.0038817090810626,0.0,-0.0038817090810626,1164594.2579456933
2014-06-20,True,0.0036189020468186,0.0,0.0036189020468186,1168808.8104894862
2014-06-23,True,0.0011089742292378,0.0,0.0011089742292378,1170104.989339225
2014-06-24,True,-0.0027699883842685,0.0,-0.0027699883842685,1166863.812110381
2014-06-25,True,0.0183662421346617,0.0,0.0183662421346617,1188294.7154217744
2014-06-26,True,0.0027288977582913,0.0,0.0027288977582913,1191537.4502068784
2014-06-27,True,0.0099313149409019,0.0,0.0099313149409019,1203370.9838887623
2014-06-30,True,0.0074101872155867,0.0,0.0074101872155867,1212288.1881691827
2014-07-01,True,0.0335646173166437,0.0,0.0335646173166437,1252978.1772825688
2014-07-02,True,0.0038815276344024,0.0,0.0038815276344024,1257841.6467029941
2014-07-03,True,0.0192038173600386,0.0,0.0192038173600386,1281997.0079541288
2014-07-07,True,-0.0096104452493626,0.0,-0.0096104452493626,1269676.445899339
2014-07-08,True,-0.0348569788251775,0.0,-0.0348569788251775,1225419.360909799
2014-07-09,True,0.0226219588099036,0.0,0.0226219588099036,1253140.747217159
2014-07-10,True,-0.0094441877896737,0.0,-0.0094441877896737,1241305.8506735482
2014-07-11,True,0.0173703626064665,0.0,0.0173703626064665,1262867.783405276
2014-07-14,True,0.0191263081589403,0.0,0.0191263081589403,1287021.781794683
2014-07-15,True,-0.0104539512866488,0.0,-0.0104539512866488,1273567.3187829456
2014-07-16,True,0.011328299162185,0.0,0.011328299162185,1287994.6703733008
2014-07-17,True,-0.0398990153978617,0.0,-0.0398990153978617,1236604.9511877126
2014-07-18,True,0.0473255705116584,0.0,0.0473255705116584,1295127.9860002128
2014-07-21,True,-0.0036302808021975,0.0,-0.0036302808021975,1290426.3077362475
2014-07-22,True,0.0198495659331345,0.0,0.0198495659331345,1316040.7098135094
2014-07-23,True,0.0187240490831037,0.0,0.0187240490831037,1340682.3206594205
2014-07-24,True,-0.0035068568028752,0.0,-0.0035068568028752,1335980.7397427214
2014-07-25,True,-0.012255949763423,0.0,-0.012255949763423,1319607.026911534
2014-07-28,True,0.0012288588402813,0.0,0.0012288588402813,1321228.6376722516
2014-07-29,True,-0.0050308259661352,0.0,-0.0050308259661352,1314581.7663346485
2014-07-30,True,0.0119618241765206,0.0,0.0119618241765206,1330306.5622892035
2014-07-31,True,-0.0609306873760251,0.0,-0.0609306873760251,1249250.0690280853
2014-08-01,True,-0.0115498229398069,0.0,-0.0115498229398069,1234821.4519232695
2014-08-04,True,0.0204806481127746,0.0,0.0204806481127746,1260111.3955622155
2014-08-05,True,-0.0234145057934657,0.0,-0.0234145057934657,1230606.5099904118
2014-08-06,True,-0.0017124674719778,0.0,-0.0017124674719778,1228499.136371249
2014-08-07,True,-0.0096330675068305,0.0,-0.0096330675068305,1216664.921258502
2014-08-08,True,0.0213190018749109,0.0,0.0213190018749109,1242603.0029959502
2014-08-11,True,0.0181342336118788,0.0,0.0181342336118788,1265136.656139101
2014-08-12,True,-0.0023064577971315,0.0,-0.0023064577971315,1262218.6718341121
2014-08-13,True,0.0324945488805306,0.0,0.0324945488805306,1303233.898163944
2014-08-14,True,0.0154247930135882,0.0,0.0154247930135882,1323336.0112914147
2014-08-15,True,0.0135977181650808,0.0,0.0135977181650808,1341330.3614106576
2014-08-18,True,0.0241723909719693,0.0,0.0241723909719693,1373753.523329249
2014-08-19,True,0.0172286680887303,0.0,0.0172286680887303,1397421.4668184125
2014-08-20,True,0.0,0.0,0.0,1397421.4668184125
2014-08-21,True,0.00568491220664,0.0,0.00568491220664,1405365.6851729492
2014-08-22,True,0.0039217623069995,0.0,0.0039217623069995,1410877.1953446113
2014-08-25,True,0.0111453347315944,0.0,0.0111453347315944,1426601.8939518998
2014-08-26,True,0.0034092651464836,0.0,0.0034092651464836,1431465.5580668577
2014-08-27,True,0.000113636881404,0.0,0.000113636881404,1431628.2253487138
2014-08-28,True,-0.004076455399974,0.0,-0.004076455399974,1425792.2567387358
2014-08-29,True,0.0117108209263483,0.0,0.0117108209263483,1442489.4545355774
2014-09-02,True,0.0083167903632723,0.0,0.0083167903632723,1454486.336930181
2014-09-03,True,-0.0171650041288479,0.0,-0.0171650041288479,1429520.0729514216
2014-09-04,True,-0.0031751991930675,0.0,-0.0031751991930675,1424981.0619693124
2014-09-05,True,0.0154722043901673,0.0,0.0154722043901673,1447028.6602122195
2014-09-08,True,0.0050413044948049,0.0,0.0050413044948049,1454323.5723010588
2014-09-09,True,-0.0243001425344899,0.0,-0.0243001425344899,1418983.3022028748
2014-09-10,True,0.0231916983689304,0.0,0.0231916983689304,1451891.9349381127
2014-09-11,True,-0.0007813839399786,0.0,-0.0007813839399786,1450757.4498975675
2014-09-12,True,-0.0157559842846789,0.0,-0.0157559842846789,1427899.3383161004
2014-09-15,True,-0.0300861754478204,0.0,-0.0300861754478204,1384939.3083016956
2014-09-16,True,0.0270397571005467,0.0,0.0270397571005467,1422387.7307971725
2014-09-17,True,0.0049003246145957,0.0,0.0049003246145957,1429357.8924058967
2014-09-18,True,0.0215492905372318,0.0,0.0215492905372318,1460159.5409110368
2014-09-19,True,-0.0022202085243953,0.0,-0.0022202085243953,1456917.682251329
2014-09-22,True,-0.0271505306293718,0.0,-0.0271505306293718,1417361.5940948909
2014-09-23,True,-0.008692534607156,0.0,-0.008692534607156,1405041.1293873673
2014-09-24,True,0.0324219955979538,0.0,0.0324219955979538,1450595.3666993086
2014-09-25,True,-0.06347812303456,0.0,-0.06347812303456,1358514.2955386073
2014-09-26,True,0.0319813037889937,0.0,0.0319813037889937,1401961.3539259182
2014-09-29,True,-0.0033534349638107,0.0,-0.0033534349638107,1397259.9677037518
2014-09-30,True,0.0037127902352591,0.0,0.0037127902352591,1402447.7008679607
2014-10-01,True,-0.0478556877252562,0.0,-0.0478556877252562,1335332.60164422
2014-10-02,True,-0.0004860318868119,0.0,-0.0004860318868119,1334683.5874203215
2014-10-03,True,0.030122883562573,0.0,0.030122883562573,1374888.1057170613
2014-10-06,True,-0.0068387240848453,0.0,-0.0068387240848453,1365485.6253145267
2014-10-07,True,-0.0422654840102847,0.0,-0.0422654840102847,1307772.714451522
2014-10-08,True,0.0577662154913563,0.0,0.0577662154913563,1383317.7948882447
2014-10-09,True,-0.0498063530008687,0.0,-0.0498063530008687,1314419.7804836575
2014-10-10,True,-0.0748645053686831,0.0,-0.0748645053686831,1216016.3937709352
2014-10-13,True,-0.0467941039413023,0.0,-0.0467941039413023,1159113.9962464906
2014-10-14,True,0.0018186779357791,0.0,0.0018186779357791,1161222.0512965168
2014-10-15,True,-0.0213594054518798,0.0,-0.0213594054518798,1136419.038683211
2014-10-16,True,-0.015549945874833,0.0,-0.015549945874833,1118747.7841405573
2014-10-17,True,0.0391249335753147,0.0,0.0391249335753147,1162518.7168825872
2014-10-20,True,0.0430900212829099,0.0,0.0430900212829099,1212611.6731348392
2014-10-21,True,0.0782086958867283,0.0,0.0782086958867283,1307448.4507077383
2014-10-22,True,-0.0154986680954259,0.0,-0.0154986680954259,1287184.7411183403
2014-10-23,True,0.0457178341821824,0.0,0.0457178341821824,1346032.039674624
2014-10-24,True,0.0230033491435706,0.0,0.0230033491435706,1376995.2846416917
2014-10-27,True,0.0037676419548218,0.0,0.0037676419548218,1382183.3098476995
2014-10-28,True,0.044686752054674,0.0,0.044686752054674,1443948.5927089725
2014-10-29,True,-0.0120133769613829,0.0,-0.0120133769613829,1426601.8939519012
2014-10-30,True,0.0062505241467096,0.0,0.0062505241467096,1435518.9035377894
2014-10-31,True,0.041219293885933,0.0,0.041219293885933,1494689.9791015259
2014-11-03,True,0.0103039518943539,0.0,0.0103039518943539,1510091.1927431608
2014-11-04,True,-0.0106280679056097,0.0,-0.0106280679056097,1494041.8410030233
2014-11-05,True,-0.0001082257569743,0.0,-0.0001082257569743,1493880.1471938295
2014-11-06,True,0.0085726553310343,0.0,0.0085726553310343,1506686.666801597
2014-11-07,True,-0.0024748921688738,0.0,-0.0024748921688738,1502957.7797689834
2014-11-10,True,0.0102472048793917,0.0,0.0102472048793917,1518358.896063352
2014-11-11,True,0.0095026429177529,0.0,0.0095026429177529,1532787.3184736355
2014-11-12,True,0.0054993912252474,0.0,0.0054993912252474,1541216.7156030198
2014-11-13,True,0.0128329995821161,0.0,0.0128329995821161,1560995.149070304
2014-11-14,True,0.0092425311465447,0.0,0.0092425311465447,1575422.6953551914
2014-11-17,True,-0.009363962739162,0.0,-0.009363962739162,1560670.4959374552
2014-11-18,True,0.0224368264677792,0.0,0.0224368264677792,1595686.9890281868
2014-11-19,True,-0.0126994164973024,0.0,-0.0126994164973024,1575422.6953551916
2014-11-20,True,0.0132743573359415,0.0,0.0132743573359415,1596335.4191684884
2014-11-21,True,0.0072104166032711,0.0,0.0072104166032711,1607845.6625792508
2014-11-24,True,0.0225851594862331,0.0,0.0225851594862331,1644159.1132978515
2014-11-25,True,0.0032540681180188,0.0,0.0032540681180188,1649509.3190493842
2014-11-26,True,0.0204421612375584,0.0,0.0204421612375584,1683228.854512247
2014-11-28,True,0.0149281370648219,0.0,0.0149281370648219,1708356.325563869
2014-12-01,True,-0.0369138144681429,0.0,-0.0369138144681429,1645294.377116526
2014-12-02,True,0.0107396536004056,0.0,0.0107396536004056,1662964.2687974526
2014-12-03,True,0.0090660760376342,0.0,0.0090660760376342,1678040.8293062393
2014-12-04,True,-0.0029947188942733,0.0,-0.0029947188942733,1673015.5687293538
2014-12-05,True,0.0006781078800162,0.0,0.0006781078800162,1674150.0537698988
2014-12-08,True,-0.0215934563380821,0.0,-0.0215934563380821,1637999.3676804209
2014-12-09,True,0.0096989531658435,0.0,0.0096989531658435,1653886.2468332348
2014-12-10,True,-0.0484220005827111,0.0,-0.0484220005827111,1573801.766025338
2014-12-11,True,0.0156572553693408,0.0,0.0156572553693408,1598443.1821767164
2014-12-12,True,-0.0330628889347273,0.0,-0.0330628889347273,1545594.0327759357
2014-12-15,True,-0.0299978875259351,0.0,-0.0299978875259351,1499229.4768199665
2014-12-16,True,-0.0496321044348365,0.0,-0.0496321044348365,1424819.5628546528
2014-12-17,True,0.053703278838834,0.0,0.053703278838834,1501337.045133662
2014-12-18,True,0.0733180664494599,0.0,0.0733180664494599,1611412.1743718074
2014-12-19,True,0.0111670014954781,0.0,0.0111670014954781,1629406.816532849
2014-12-22,True,0.0092247709340704,0.0,0.0092247709340704,1644437.7211737777
2014-12-23,True,-0.0095646053364542,0.0,-0.0095646053364542,1628709.3233703724
2014-12-24,True,0.0020903811625421,0.0,0.0020903811625421,1632113.9466592027
2014-12-26,True,0.0202663812618641,0.0,0.0202663812618641,1665190.990165004
2014-12-29,True,0.0001950229625506,0.0,0.0001950229625506,1665515.7406451188
2014-12-30,True,-0.020638828163914,0.0,-0.020638828163914,1631141.44746965
2014-12-31,True,-0.0313118886334035,0.0,-0.0313118886334035,1580067.3281211518
2015-01-02,True,-0.0082094133875744,0.0,-0.0082094133875744,1567095.9022444051
2015-01-05,True,-0.0450075897645892,0.0,-0.0450075897645892,1496564.69275442
2015-01-06,True,-0.039653327317773,0.0,-0.039653327317773,1437220.9231404066
2015-01-07,True,0.0384698982752134,0.0,0.0384698982752134,1492510.6658526263
2015-01-08,True,0.0570339370690458,0.0,0.0570339370690458,1577634.4252437446
2015-01-09,True,-0.0202461358587947,0.0,-0.0202461358587947,1545693.4243347482
2015-01-12,True,-0.030735591872574,0.0,-0.030735591872574,1498185.622084274
2015-01-13,True,-0.0008658804693791,0.0,-0.0008658804693791,1496888.3724146066
2015-01-14,True,-0.0153809745324592,0.0,-0.0153809745324592,1473864.7704805632
2015-01-15,True,-0.0397139312954536,0.0,-0.0397139312954536,1415331.8062469086
2015-01-16,True,0.0356278998299677,0.0,0.0356278998299677,1465757.1060660407
2015-01-20,True,0.0221240721836026,0.0,0.0221240721836026,1498185.6220842744
2015-01-21,True,0.0153677864005563,0.0,0.0153677864005563,1521209.4187128502
2015-01-22,True,0.0556384304815107,0.0,0.0556384304815107,1605847.1232037246
2015-01-23,True,0.0066641335377617,0.0,0.0066641335377617,1616548.7028739846
2015-01-26,True,-0.0022066120679272,0.0,-0.0022066120679272,1612981.606997831
2015-01-27,True,-0.0774025811623226,0.0,-0.0774025811623226,1488132.667248848
2015-01-28,True,-0.0172146039804417,0.0,-0.0172146039804417,1462515.0527118004
2015-01-29,True,0.0289356362475288,0.0,0.0289356362475288,1504833.8562836046
2015-01-30,True,-0.0229502919737729,0.0,-0.0229502919737729,1470297.4799098773
2015-02-02,True,0.0262460014589867,0.0,0.0262460014589867,1508886.9097127363
2015-02-03,True,0.0272944386480451,0.0,0.0272944386480451,1550071.1308967292
2015-02-04,True,-0.0026154440065693,0.0,-0.0026154440065693,1546017.0066476692
2015-02-05,True,0.0265342682849809,0.0,0.0265342682849809,1587039.4366752016
2015-02-06,True,-0.0181857594854794,0.0,-0.0181857594854794,1558177.9191858557
2015-02-09,True,-0.0110299726621612,0.0,-0.0110299726621612,1540991.2593344525
2015-02-10,True,0.0478745326230796,0.0,0.0478745326230796,1614765.49565134
2015-02-11,True,0.0112460559588736,0.0,0.0112460559588736,1632925.2387758933
2015-02-12,True,0.0349513551383706,0.0,0.0349513551383706,1689998.1887107582
2015-02-13,True,0.0252328992639041,0.0,0.0252328992639041,1732641.7427626774
2015-02-17,True,0.002714151241173,0.0,0.002714151241173,1737344.394499305
2015-02-18,True,0.0042929646951057,0.0,0.0042929646951057,1744802.7526481303
2015-02-19,True,0.0150543225677588,0.0,0.0150543225677588,1771069.5761036088
2015-02-20,True,0.0192254122338115,0.0,0.0192254122338115,1805119.1187989628
2015-02-23,True,0.0039523078408183,0.0,0.0039523078408183,1812253.505245803
2015-02-24,True,0.0020574356622968,0.0,0.0020574356622968,1815982.1002366182
2015-02-25,True,-0.008035624304464,0.0,-0.008035624304464,1801389.5503354853
2015-02-26,True,0.0152117469336838,0.0,0.0152117469336838,1828791.832304171
2015-02-27,True,-0.0132103938898348,0.0,-0.0132103938898348,1804632.7718569203
2015-03-02,True,0.0269541194472311,0.0,0.0269541194472311,1853275.0591479396
2015-03-03,True,-0.0143478974325357,0.0,-0.0143478974325357,1826684.4586850083
2015-03-04,True,-0.0110952420033019,0.0,-0.0110952420033019,1806416.9525522278
2015-03-05,True,0.0043979383525551,0.0,0.0043979383525551,1814361.462948563
2015-03-06,True,-0.034405778464164,0.0,-0.034405778464164,1751936.9444004383
2015-03-09,True,0.0096248350260068,0.0,0.0096248350260068,1768799.0484662591
2015-03-10,True,-0.0553670029133749,0.0,-0.0553670029133749,1670865.946396653
2015-03-11,True,-0.0175638811850915,0.0,-0.0175638811850915,1641519.0554379267
2015-03-12,True,0.0191621554753302,0.0,0.0191621554753302,1672974.0987939455
2015-03-13,True,-0.0128900715306916,0.0,-0.0128900715306916,1651409.3429914974
2015-03-16,True,0.038291555122327,0.0,0.038291555122327,1714644.3748781823
2015-03-17,True,0.005579070095939,0.0,0.005579070095939,1724210.4960352352
2015-03-18,True,0.0287758167420921,0.0,0.0287758167420921,1773826.061293937
2015-03-19,True,0.0048444617913476,0.0,0.0048444617913476,1782419.2938723722
2015-03-20,True,0.0207402484753336,0.0,0.0207402484753336,1819387.1129145138
2015-03-23,True,-0.008376825300923,0.0,-0.008376825300923,1804146.4249148783
2015-03-24,True,-0.0101555606083775,0.0,-0.0101555606083775,1785824.3065502674
2015-03-25,True,-0.0697271239218519,0.0,-0.0697271239218519,1661303.9138247818
2015-03-26,True,-0.0081992304116994,0.0,-0.0081992304116994,1647682.5002514743
2015-03-27,True,0.0096446719101737,0.0,0.0096446719101737,1663573.8573785345
2015-03-30,True,0.0359686129130756,0.0,0.0359686129130756,1723410.301506895
2015-03-31,True,-0.0309560648667602,0.0,-0.0309560648667602,1670060.300421405
2015-04-01,True,-0.0168947949538398,0.0,-0.0168947949538398,1641844.9740852371
2015-04-02,True,0.0016791320879296,0.0,0.0016791320879296,1644601.8486646297
2015-04-06,True,0.0240579948971764,0.0,0.0240579948971764,1684167.6715476902
2015-04-07,True,-0.0046214539412932,0.0,-0.0046214539412932,1676384.3682242176
2015-04-08,True,0.0237956008892108,0.0,0.0237956008892108,1716274.9415873927
2015-04-09,True,0.0186131507339748,0.0,0.0186131507339748,1748220.2257761029
2015-04-10,True,0.0119658574645813,0.0,0.0119658574645813,1769139.1798144376
2015-04-13,True,-0.0074248826009495,0.0,-0.0074248826009495,1756003.5290995755
2015-04-14,True,-0.0085878299530727,0.0,-0.0085878299530727,1740923.2693946727
2015-04-15,True,0.0176972940293245,0.0,0.0176972940293245,1771732.900375643
2015-04-16,True,-0.0034779971351852,0.0,-0.0034779971351852,1765570.8184238232
2015-04-17,True,-0.0467486324787738,0.0,-0.0467486324787738,1683032.79711808
2015-04-20,True,0.0447052968721424,0.0,0.0447052968721424,1758273.277958796
2015-04-21,True,0.0128196056819378,0.0,0.0128196056819378,1780813.648063316
2015-04-22,True,0.0162082393377462,0.0,0.0162082393377462,1809677.5018870512
2015-04-23,True,0.0120073700171641,0.0,0.0120073700171641,1831406.9692639462
2015-04-24,True,0.0391352168262042,0.0,0.0391352168262042,1903079.4781031122
2015-04-27,True,-0.0063900721598036,0.0,-0.0063900721598036,1890918.662912192
2015-04-28,True,-0.0065172447983897,0.0,-0.0065172447983897,1878595.0830921498
2015-04-29,True,-0.0190767147797435,0.0,-0.0190767147797435,1842757.6605053723
2015-04-30,True,-0.0469904169800184,0.0,-0.0469904169800184,1756165.7096451018
2015-05-01,True,0.0404431964672706,0.0,0.0404431964672706,1827190.6644693625
2015-05-04,True,0.0035497410204252,0.0,0.0035497410204252,1833676.7181231673
2015-05-05,True,-0.047399913189578,0.0,-0.047399913189578,1746760.6008663788
2015-05-06,True,-0.0213516773276625,0.0,-0.0213516773276625,1709464.332148006
2015-05-07,True,0.0171691245727052,0.0,0.0171691245727052,1738814.3382192513
2015-05-08,True,0.0366502604919254,0.0,0.0366502604919254,1802542.3366620818
2015-05-11,True,-0.0109747891353821,0.0,-0.0109747891353821,1782759.8146096165
2015-05-12,True,-0.012916440875765,0.0,-0.012916440875765,1759732.9028685216
2015-05-13,True,0.005160409495897,0.0,0.005160409495897,1768813.845250727
2015-05-14,True,0.0442793408791917,0.0,0.0442793408791917,1847135.7564564177
2015-05-15,True,-8.737948298120912e-05,0.0,-8.737948298120912e-05,1846974.3546890225
2015-05-18,True,0.0122910140742804,0.0,0.0122910140742804,1869675.5424773402
2015-05-19,True,-0.0028620897597583,0.0,-0.0028620897597583,1864324.3632531452
2015-05-20,True,0.0016527358281506,0.0,0.0016527358281506,1867405.598923588
2015-05-21,True,0.0157174128996366,0.0,0.0157174128996366,1896756.3837729632
2015-05-22,True,-0.0027359275614575,0.0,-0.0027359275614575,1891566.9957052283
2015-05-26,True,-0.0346335050269346,0.0,-0.0346335050269346,1826055.4006506875
2015-05-27,True,0.048130632016214,0.0,0.048130632016214,1913944.601180626
2015-05-28,True,-0.0073710391129647,0.0,-0.0073710391129647,1899836.840665276
2015-05-29,True,-0.016899809480163,0.0,-0.016899809480163,1867729.960014638
2015-06-01,True,0.0087689836372486,0.0,0.0087689836372486,1884108.0534728055
2015-06-02,True,-0.0091232511047557,0.0,-0.0091232511047557,1866918.8625924808
2015-06-03,True,0.0087728976769545,0.0,0.0087728976769545,1883297.150745181
2015-06-04,True,-0.0217841522566684,0.0,-0.0217841522566684,1842271.118868798
2015-06-05,True,-0.007569564782258,0.0,-0.007569564782258,1828325.928288038
2015-06-08,True,-0.0305988632845906,0.0,-0.0305988632845906,1772381.23316868
2015-06-09,True,-0.0049405743681341,0.0,-0.0049405743681341,1763624.6518775248
2015-06-10,True,0.0396287696561619,0.0,0.0396287696561619,1833514.9269667082
2015-06-11,True,0.0054834708501598,0.0,0.0054834708501598,1843568.952622063
2015-06-12,True,-0.0254204415593439,0.0,-0.0254204415593439,1796704.6158013132
2015-06-15,True,-0.0138084632034022,0.0,-0.0138084632034022,1771894.8862266378
2015-06-16,True,0.0152833286652953,0.0,0.0152833286652953,1798975.3381331954
2015-06-17,True,0.0083826939620814,0.0,0.0083826939620814,1814055.597838098
2015-06-18,True,0.0422817628652489,0.0,0.0422817628652489,1890757.066450266
2015-06-19,True,-0.0152661772969363,0.0,-0.0152661772969363,1861892.4338484013
2015-06-22,True,0.0241245899493127,0.0,0.0241245899493127,1906809.8253447218
2015-06-23,True,0.0024662405627038,0.0,0.0024662405627038,1911512.4770813491
2015-06-24,True,-0.0153545403507513,0.0,-0.0153545403507513,1882162.081621039
2015-06-25,True,-0.0065476691061383,0.0,-0.0065476691061383,1869838.3071064637
2015-06-26,True,-0.0185589088833053,0.0,-0.0185589088833053,1835136.148338361
2015-06-29,True,-0.0706897722402107,0.0,-0.0706897722402107,1705410.7919825446
2015-06-30,True,0.0114100046372944,0.0,0.0114100046372944,1724869.5370275576
2015-07-01,True,0.0204943628565621,0.0,0.0204943628565621,1760219.6391996306
2015-07-02,True,0.0037771556687198,0.0,0.0037771556687198,1766868.2627880254
2015-07-06,True,-0.0084438934360792,0.0,-0.0084438934360792,1751949.015461453
2015-07-07,True,0.0050909878923592,0.0,0.0050909878923592,1760868.166687198
2015-07-08,True,-0.0500970726077011,0.0,-0.0500970726077011,1672653.8262880798
2015-07-09,True,-0.0029078693588882,0.0,-0.0029078693588882,1667789.9674785896
2015-07-10,True,0.0464755151299505,0.0,0.0464755151299505,1745301.3653457207
2015-07-13,True,0.0511006652383352,0.0,0.0511006652383352,1834487.4261562615
2015-07-14,True,0.0200656139399055,0.0,0.0200656139399055,1871297.542627124
2015-07-15,True,0.0047659802564732,0.0,0.0047659802564732,1880216.109769272
2015-07-16,True,0.039068733974495,0.0,0.039068733974495,1953673.7727764074
2015-07-17,True,0.0457338483933373,0.0,0.0457338483933373,2043022.792910603
2015-07-20,True,0.0111911417739667,0.0,0.0111911417739667,2065886.550633511
2015-07-21,True,-0.0027473604530883,0.0,-0.0027473604530883,2060210.8156237337
2015-07-22,True,-0.0328219502237813,0.0,-0.0328219502237813,1992590.6787828356
2015-07-23,True,-0.0119625429651981,0.0,-0.0119625429651981,1968754.2271758427
2015-07-24,True,-0.0284160942783318,0.0,-0.0284160942783318,1912809.9214455497
2015-07-27,True,-0.0256866590558951,0.0,-0.0256866590558951,1863676.2251546446
2015-07-28,True,0.0263638585005978,0.0,0.0263638585005978,1912809.92144555
2015-07-29,True,0.0111901954589426,0.0,0.0111901954589426,1934214.6383423302
2015-07-30,True,0.0139164971918379,0.0,0.0139164971918379,1961132.1309252332
2015-07-31,True,-0.0030590099124707,0.0,-0.0030590099124707,1955133.0082970683
2015-08-03,True,-0.0092061843124922,0.0,-0.0092061843124922,1937133.6934672482
2015-08-04,True,-0.0064458840325821,0.0,-0.0064458840325821,1924647.1543235509
2015-08-05,True,0.0234222527181557,0.0,0.0234222527181557,1969726.7263653965
2015-08-06,True,-0.0479950056395115,0.0,-0.0479950056395115,1875189.6810251926
2015-08-07,True,-0.003978115433354,0.0,-0.003978115433354,1867729.9600146401
2015-08-10,True,0.0337733357100342,0.0,0.0337733357100342,1930809.4309699032
2015-08-11,True,-0.0381287030652642,0.0,-0.0381287030652642,1857190.1715008402
2015-08-12,True,0.0088183293942392,0.0,0.0088183293942392,1873567.4861808785
2015-08-13,True,-0.0045003108661406,0.0,-0.0045003108661406,1865135.850064371
2015-08-14,True,0.0053904014340164,0.0,0.0053904014340164,1875189.6810251935
2015-08-17,True,0.0245586202278058,0.0,0.0245586202278058,1921241.7522565916
2015-08-18,True,-0.0159518969434473,0.0,-0.0159518969434473,1890594.3018211462
2015-08-19,True,-0.0187838671006543,0.0,-0.0187838671006543,1855081.6297144836
2015-08-20,True,-0.082342717616666,0.0,-0.082342717616666,1702329.1669230394
2015-08-21,True,-0.1244045638004527,0.0,-0.1244045638004527,1490551.6494671905
2015-08-24,False,0.0012001964783957023,0.0005010985590195487,0.0006990979193761536,1491593.6910240557
2015-08-25,False,-0.006699048288182737,9.556909878693925e-07,-0.006700003979170607,1481600.0073588889
2015-08-26,False,-0.0019482574130888386,2.2106832154773633e-06,-0.001950468096304316,1478710.193813051
2015-08-27,False,-0.006627564505715809,2.3174315091954582e-06,-0.006629881937225005,1468906.5198086994
2015-08-28,False,-0.0001631430180575449,1.5280950829045515e-06,-0.00016467111314044942,1468664.6333369832
2015-08-31,False,-0.00444909865945838,1.6156718401751784e-06,-0.004450714331298555,1462128.026605519
2015-09-01,False,0.0079037834510591,1.6017098569626187e-06,0.007902181741202139,1473682.028000661
2015-09-02,False,-0.0014582327874924936,6.431160752712606e-07,-0.0014588759035677648,1471532.10880049
2015-09-03,False,-0.002447197776578473,7.909120210487646e-07,-0.0024479886885995215,1467929.814843235
2015-09-04,False,0.002932632556352635,1.3688801514433468e-06,0.0029312636762011918,1472232.7041886977
2015-09-08,False,-0.0037428233806110645,8.610856614445217e-07,-0.003743684466272509,1466721.129483288
2015-09-09,False,-0.0019978875398346343,1.8253025104939258e-06,-0.0019997128423451284,1463788.1084045214
2015-09-10,False,-0.0031373302539808388,1.1507218187122859e-06,-0.003138480975799551,1459194.0372736922
2015-09-11,False,0.0004275513846361855,4.1574709679713387e-07,0.0004271356375393884,1459817.3110490968
2015-09-14,False,0.0003699003663088127,1.1660692810604168e-07,0.00036978375938070664,1460357.1277823858
2015-09-15,False,-0.004354097991807274,2.2455867929493946e-07,-0.0043543225504865685,1453998.261809119
2015-09-16,False,0.0008387922440150393,2.077527002072158e-06,0.0008367147170129671,1455214.8435532858
2015-09-17,False,0.0056800839047349986,9.81107875735382e-07,0.005679102796859264,1463479.1582413404
2015-09-18,False,0.011055673080122294,1.9969765665775465e-06,0.011053676103555716,1479655.9828408447
2015-09-21,False,-0.005085921741127338,2.6881641187295745e-07,-0.005086190557539211,1472130.170552513
2015-09-22,False,0.0035906039677353493,1.8897805518298811e-06,0.0035887141871835193,1477413.224980956
2015-09-23,False,0.0026692877374090225,5.885399602183761e-07,0.0026686991974488043,1481355.9964687626
2015-09-24,False,0.007186526121206384,2.281807179757539e-06,0.007184244314026626,1491998.4198634427
2015-09-25,False,-0.006621729981257603,8.973201481850962e-07,-0.006622627301405788,1482117.4703944006
2015-09-28,False,0.0008398055178812537,2.2477836470837648e-06,0.0008375577342341699,1483358.8293447732
2015-09-29,False,-0.00044330563090512633,6.027569413573214e-07,-0.00044390838784648363,1482700.3539182409
2015-09-30,False,-0.004280249408307273,1.0197090876003928e-06,-0.004281269117394874,1476352.51468266
2015-10-01,False,0.0008169904279085697,3.3864162145427756e-07,0.0008166517862871153,1477558.180600965
2015-10-02,False,0.006890308121525181,2.3644692667880025e-06,0.006887943652258393,1487735.518091878
2015-10-05,False,-0.005950874053604486,1.077935650359102e-06,-0.005951951989254845,1478880.5877154858
2015-10-06,False,-0.0029940640639716056,2.8211025511071243e-06,-0.0029968851665227126,1474448.552419103
2015-10-07,False,-0.0013894318965425839,6.83335942992941e-08,-0.0013895002301368832,1472399.8058161917
2015-10-08,False,-0.004730615532304581,6.46990359368882e-07,-0.00473126252266395,1465433.495796556
2015-10-09,False,0.0017511471272709817,2.3459059755944757e-06,0.0017488012212953873,1467996.247683732
2015-10-12,False,0.006084883143788847,9.268795224526839e-07,0.006083956264266395,1476927.4726507473
2015-10-13,False,0.004285936115117739,5.67453037008614e-07,0.00428536866208073,1483256.6513582107
2015-10-14,False,0.00597528827427619,1.8981893158927094e-06,0.005973390084960297,1492116.7219328855
2015-10-15,False,-0.0024423241917390266,3.7964792192722586e-07,-0.0024427038396609537,1488471.9226869978
2015-10-16,False,-0.0023224136651052774,7.916947659268592e-07,-0.0023232053598712045,1485013.8967381935
2015-10-19,False,0.002867279966727046,1.6473964586822543e-06,0.0028656325702683637,1489269.4009279876
2015-10-20,False,-0.0012397283487515156,1.2645581042504268e-06,-0.001240992906855766,1487421.2281650386
2015-10-21,False,0.0008850934270234872,1.624536515042921e-06,0.0008834688905084443,1488735.3185472044
2015-10-22,False,0.0019095371326101054,5.506922439432183e-07,0.0019089864403661623,1491577.294083605
2015-10-23,False,0.0009619687563277019,1.1802032219863784e-06,0.0009607885531057155,1493010.384473833
2015-10-26,False,0.0012002478392110858,3.5952717175379013e-07,0.001199888312039332,1494801.8301839167
2015-10-27,False,0.004719864705898628,9.057475431555051e-07,0.004718958958355472,1501855.7386714292
2015-10-28,False,-0.006430513568726402,3.518837529976199e-07,-0.0064308654524793995,1492197.506486999
2015-10-29,False,-0.006826503551561024,5.61413346238257e-07,-0.006827064964907262,1482010.1771697397
2015-10-30,False,-0.0035346685383019394,9.71529337725846e-07,-0.003535640067639665,1476770.3226066888
2015-11-02,False,-0.002501242036674937,6.869251722293051e-07,-0.002501928961847166,1473075.5481665626
2015-11-03,False,-0.00961211463642666,1.3230704819589961e-06,-0.00961343770690862,1458914.2281466932
2015-11-04,True,0.0004000566346393,0.0005,-9.994336536069999e-05,1458768.4193489598
2015-11-05,True,-0.0088026265965479,0.0,-0.0088026265965479,1445927.4256625944
2015-11-06,True,0.0033098831978133,0.0,0.0033098831978133,1450713.2765540525
2015-11-09,True,-0.0321879179561321,0.0,-0.0321879179561321,1404017.8366304592
2015-11-10,True,-0.0070674380035593,0.0,-0.0070674380035593,1394095.027614182
2015-11-11,True,-0.0044381452668899,0.0,-0.0044381452668899,1387907.8313657814
2015-11-12,True,-0.0290185070301548,0.0,-0.0290185070301548,1347632.8182040865
2015-11-13,True,-0.0588182740246686,0.0,-0.0588182740246686,1268367.3818183222
2015-11-16,True,0.0416938005642228,0.0,0.0416938005642228,1321250.438478021
2015-11-17,True,0.0034455846392271,0.0,0.0034455846392271,1325802.918693413
2015-11-18,True,0.0573214799772958,0.0,0.0573214799772958,1401799.9041511377
2015-11-19,True,0.0014990136726005,0.0,0.0014990136726005,1403901.2213737103
2015-11-20,True,0.0198735353154153,0.0,0.0198735353154153,1431801.7018760354
2015-11-23,True,-0.0080718193790427,0.0,-0.0080718193790427,1420244.457151886
2015-11-24,True,-0.0031233108753254,0.0,-0.0031233108753254,1415808.5921932429
2015-11-25,True,0.0022262725704864,0.0,0.0022262725704864,1418960.5680271017
2015-11-27,True,0.003619732237605,0.0,0.003619732237605,1424096.8253390796
2015-11-30,True,-0.0063116109902816,0.0,-0.0063116109902816,1415108.4801650445
2015-12-01,True,0.0296978247446513,0.0,0.0296978247446513,1457134.1238036558
2015-12-02,True,-0.0181864633120973,0.0,-0.0181864633120973,1430634.0075202957
2015-12-03,True,-0.0509994060916461,0.0,-0.0509994060916461,1357672.522802249
2015-12-04,True,0.0687015926328973,0.0,0.0687015926328973,1450946.787392687
2015-12-07,True,-0.012229656724355,0.0,-0.012229656724355,1433202.206257569
2015-12-08,True,8.175811236554864e-05,0.0,8.175811236554864e-05,1433319.3821645905
2015-12-09,True,-0.0465873619136718,0.0,-0.0465873619136718,1366544.8133698083
2015-12-10,True,0.0141804174133126,0.0,0.0141804174133126,1385922.9892373895
2015-12-11,True,-0.0685644411470587,0.0,-0.0685644411470587,1290897.954007467
2015-12-14,True,0.022427023655253,0.0,0.022427023655253,1319848.9529585103
2015-12-15,True,0.0169825322586023,0.0,0.0169825322586023,1342263.3303786106
2015-12-16,True,0.0441811835774645,0.0,0.0441811835774645,1401566.112987367
2015-12-17,True,-0.0416458699494728,0.0,-0.0416458699494728,1343196.6729203071
2015-12-18,True,-0.0549273337928907,0.0,-0.0549273337928907,1269418.4609173131
2015-12-21,True,0.0297032337620151,0.0,0.0297032337620151,1307124.2942037575
2015-12-22,True,0.0189337655977686,0.0,0.0189337655977686,1331873.07919736
2015-12-23,True,0.0228767741015507,0.0,0.0228767741015507,1362342.038762095
2015-12-24,True,-0.0020564361471843,0.0,-0.0020564361471843,1359540.4693487557
2015-12-28,True,-0.0002575326761335,0.0,-0.0002575326761335,1359190.3432533727
2015-12-29,True,0.0456066786824542,0.0,0.0456066786824542,1421178.5005064239
2015-12-30,True,-0.0255464248191306,0.0,-0.0255464248191306,1384872.4707886719
2015-12-31,True,-0.0370897223240223,0.0,-0.0370897223240223,1333507.9353929372
2016-01-04,True,-0.0611049453495367,0.0,-0.0611049453495367,1252024.0058775782
2016-01-05,True,-0.0089513130249279,0.0,-0.0089513130249279,1240816.747086244
2016-01-06,True,-0.026813297687699,0.0,-0.026813297687699,1207546.358270738
2016-01-07,True,-0.0951275558083866,0.0,-0.0951275558083866,1092675.4246831245
2016-01-08,False,-0.0002785957282990612,0.000500691711435105,-0.0007792874397341662,1091823.9164489626
2016-01-11,False,0.0008087927459368213,2.0435484018870994e-06,0.0008067491975349342,1092704.7445174074
2016-01-12,False,0.002177676167041301,1.2036810318168389e-06,0.002176472486009484,1095082.9863291816
2016-01-13,False,0.004703280699730906,3.4295751682172915e-07,0.004702937742214084,1100233.0934364453
2016-01-14,False,-0.004416618305096163,1.978269168579655e-06,-0.004418596574264743,1095371.6072588945
2016-01-15,False,0.010653742612117956,1.3829756975267393e-06,0.010652359636420429,1107039.8995549404
2016-01-19,False,-0.0014518784667796804,1.7827909511598793e-07,-0.0014520567458747964,1105432.414800839
2016-01-20,False,0.007908304122930638,9.02801198829295e-07,0.007907401321731808,1114173.5125387204
2016-01-21,False,-0.004241508278844526,1.464292763404554e-06,-0.0042429725716079305,1109446.1048850066
2016-01-22,False,-0.00778775153502267,1.5423864667368226e-06,-0.007789293921489407,1100804.3030840058
2016-01-25,False,0.004002359430623169,1.0430540384503835e-06,0.004001316376584719,1105208.9693693507
2016-01-26,False,0.003573520914372058,1.3008440614392657e-06,0.0035722200703106185,1109157.019031619
2016-01-27,False,-0.0009495209444578227,1.0844428771486087e-06,-0.0009506053873349714,1108102.6483939271
2016-01-28,False,-0.005115380285233843,1.0031403806299021e-06,-0.005116383425614473,1102433.170369805
2016-01-29,False,0.0013123128826034074,1.0173836880468662e-06,0.0013112954989153605,1103878.786023966
2016-02-01,False,0.004225922192029711,1.005636120164896e-06,0.004224916555909545,1108542.5817827561
2016-02-02,False,0.00922392228777002,2.2667710982505333e-06,0.00922165551667177,1118765.1795975186
2016-02-03,False,-0.0035593893933743245,2.9857291404047914e-06,-0.0035623751225147293,1114779.7183537849
2016-02-04,False,0.003298443577320502,1.4591759059396637e-06,0.0032969844014145624,1118455.1296962106
2016-02-05,False,0.01025902597096872,1.6924745217542503e-06,0.010257333496446966,1129927.4969623163
2016-02-08,False,0.010852973181438158,1.0762865717889592e-06,0.010851896894866368,1142189.3536580259
2016-02-09,False,0.003451247486080002,1.5112430784446351e-06,0.0034497362430015574,1146129.6056677103
2016-02-10,False,0.0029066636341662975,8.04520693807445e-07,0.00290585911347249,1149460.0968275606
2016-02-11,False,0.01763959934667497,3.6930395711836652e-06,0.017635906307103787,1169731.8673989659
2016-02-12,False,-0.012646855025619625,2.5528091698762273e-06,-0.012649407834789501,1154935.4519508865
2016-02-16,False,-0.007646014885884045,3.809999890394475e-06,-0.00764982488577444,1146100.3979890896
2016-02-17,False,-0.0044459434442403155,2.3795889438247427e-06,-0.00444832303318414,1141002.1731903732
2016-02-18,False,0.013196099000480722,1.8320074851917445e-06,0.013194266992995531,1156056.8605030354
2016-02-19,False,0.0010952276586722067,1.5074776922912175e-06,0.0010937201809799154,1157321.263221728
2016-02-22,False,-0.008663161386365702,1.5319387498104603e-06,-0.008664693325115514,1147293.4293972761
2016-02-23,False,0.008046121663858303,1.1463694383629098e-06,0.008044975294419941,1156523.3766922273
2016-02-24,False,0.0009190240163427189,4.009728351155456e-07,0.0009186230435076034,1157585.7857164121
2016-02-25,False,-6.523177551721159e-05,8.92519591384755e-07,-6.612429510859635e-05,1157509.241172304
2016-02-26,False,-0.0034773668100842093,7.053472193575411e-07,-0.003478072157303567,1153483.3405087611
2016-02-29,False,0.005072412801806059,1.3253135937801863e-06,0.005071087488212279,1159332.7554446764
2016-03-01,False,-0.00784328631166382,5.336377550892584e-07,-0.007843819949418908,1150239.1580495045
2016-03-02,False,-0.0008426569483765689,1.4294734936148162e-06,-0.0008440864218701837,1149268.2567942915
2016-03-03,False,0.004670928286143302,2.0906410087360577e-06,0.004668837645134566,1154634.0036959709
2016-03-04,False,-0.007326217682827361,1.7585136399197177e-06,-0.007327976196467281,1146172.873201255
2016-03-07,False,-0.003087718558901864,1.5735723219787029e-06,-0.003089292131223843,1142632.0103630521
2016-03-08,False,0.00513575978575958,1.7467358864514115e-06,0.005134013049873129,1148498.298015459
2016-03-09,False,-0.010979374136806774,1.863902122624203e-06,-0.010981238038929399,1135886.3648176459
2016-03-10,False,0.002714909689319376,2.2175248604117126e-06,0.0027126921644589643,1138967.6748592025
2016-03-11,False,-0.011002964571838384,1.4131634551040885e-06,-0.011004377735293489,1126434.0443367627
2016-03-14,False,-0.0014040114310441406,1.9181494632584533e-06,-0.001405929580507399,1124850.357393339
2016-03-15,False,0.0016465237144770812,5.663135988168838e-07,0.0016459574008782644,1126701.813163971
2016-03-16,False,0.006066532721850009,2.6885461174362136e-06,0.006063844175732573,1133533.9573915128
2016-03-17,False,-0.0035345100562339895,7.368629051067028e-07,-0.003535246919139096,1129526.634960905
2016-03-18,True,0.0057733365243419,0.0005,0.0052733365243419,1135483.009020261
2016-03-21,True,0.0118902706547079,0.0,0.0118902706547079,1148984.2093213343
2016-03-22,True,0.0089139067684795,0.0,0.0089139067684795,1159226.1474416798
2016-03-23,True,-0.0237951284554801,0.0,-0.0237951284554801,1131642.2123543536
2016-03-24,True,-0.0003085905991868,0.0,-0.0003085905991868,1131292.9982059782
2016-03-28,True,-0.0036009026621715,0.0,-0.0036009026621715,1127219.3222370422
2016-03-29,True,0.0478061776188618,0.0,0.0478061776188618,1181107.3693713192
2016-03-30,True,0.0149779628314152,0.0,0.0149779628314152,1198797.9516496735
2016-03-31,True,-0.005825372414564,0.0,-0.005825372414564,1191814.5071314976
2016-04-01,True,0.03330095248927,0.0,0.03330095248927,1231503.0654095062
2016-04-04,True,-0.0123805150260662,0.0,-0.0123805150260662,1216256.4232035573
2016-04-05,True,-0.0268897525659745,0.0,-0.0268897525659745,1183551.5889268366
2016-04-06,True,0.0478904785659257,0.0,0.0478904785659257,1240232.4409280044
2016-04-07,True,-0.0431681045143048,0.0,-0.0431681045143048,1186693.957295993
2016-04-08,True,-0.0023539630304159,0.0,-0.0023539630304159,1183900.5235921005
2016-04-11,True,-0.0107159145956267,0.0,-0.0107159145956267,1171213.9466915696
2016-04-12,True,0.0233530987965331,0.0,0.0233530987965331,1198565.4217005353
2016-04-13,True,0.039037007630277,0.0,0.039037007630277,1245353.8292128453
2016-04-14,True,0.0006538495546821,0.0,0.0006538495546821,1246168.103259498
2016-04-15,True,-0.007658284463093,0.0,-0.007658284463093,1236624.5934359035
2016-04-18,True,0.0147763077796845,0.0,0.0147763077796845,1254897.3390364398
2016-04-19,True,-0.0172510865655619,0.0,-0.0172510865655619,1233248.9964098288
2016-04-20,True,0.0024538784502992,0.0,0.0024538784502992,1236275.239545972
2016-04-21,True,0.0002825858504291,0.0,0.0002825858504291,1236624.5934359035
2016-04-22,True,-0.0452709114062256,0.0,-0.0452709114062256,1180641.471023707
2016-04-25,True,-0.0007884006509838,0.0,-0.0007884006509838,1179710.6525193735
2016-04-26,True,-0.0137136080891826,0.0,-0.0137136080891826,1163532.562972089
2016-04-27,True,-0.0240074919074368,0.0,-0.0240074919074368,1135599.0643824972
2016-04-28,True,-0.0354614179288096,0.0,-0.0354614179288096,1095329.1113608642
2016-04-29,True,-0.0159388276641887,0.0,-0.0159388276641887,1077870.8494193144
2016-05-02,True,0.0264550923069213,0.0,0.0264550923069213,1106386.0222356422
2016-05-03,True,-0.0266149517017828,0.0,-0.0266149517017828,1076939.611690313
2016-05-04,True,-0.0197774585009509,0.0,-0.0197774585009509,1055640.4832120778
2016-05-05,True,-0.0005506845200529,0.0,-0.0005506845200529,1055059.1583392315
2016-05-06,True,0.0144505858849472,0.0,0.0144505858849472,1070305.3813205129
2016-05-09,True,0.0088082565001268,0.0,0.0088082565001268,1079732.9056526502
2016-05-10,True,0.0419317370943119,0.0,0.0419317370943119,1125007.9819845546
2016-05-11,True,-0.0273122001710921,0.0,-0.0273122001710921,1094281.538786516
2016-05-12,True,-0.0140395191905248,0.0,-0.0140395191905248,1078918.3521228856
2016-05-13,True,-0.0120818242898658,0.0,-0.0120818242898658,1065883.0501694253
2016-05-16,True,0.0385451071913047,0.0,0.0385451071913047,1106967.6265916007
2016-05-17,True,-0.038376211176243,0.0,-0.038376211176243,1064486.4031882568
2016-05-18,True,0.0113708020959268,0.0,0.0113708020959268,1076590.4674127155
2016-05-19,True,-0.0157834980972602,0.0,-0.0157834980972602,1059598.1038187784
2016-05-20,True,0.0333917766905893,0.0,0.0333917766905893,1094979.967083267
2016-05-23,True,-0.0048891934473921,0.0,-0.0048891934473921,1089626.3982031778
2016-05-24,True,0.0612046389584273,0.0,0.0612046389584273,1156316.588504775
2016-05-25,True,0.0215399883463764,0.0,0.0215399883463764,1181223.6343458896
2016-05-26,True,0.0083747431064025,0.0,0.0083747431064025,1191116.0788347477
2016-05-27,True,0.0150483821182496,0.0,0.0150483821182496,1209040.448736244
2016-05-31,True,0.0059683482673031,0.0,0.0059683482673031,1216256.4232035587
2016-06-01,True,0.000383059311116,0.0,0.000383059311116,1216722.3215511716
2016-06-02,True,0.0056435395782241,0.0,0.0056435395782241,1223588.9421285542
2016-06-03,True,-0.0136977884522592,0.0,-0.0136977884522592,1206828.4796467535
2016-06-06,True,0.0107054697778383,0.0,0.0107054697778383,1219748.1454626466
2016-06-07,True,-0.007061155282634,0.0,-0.007061155282634,1211135.31440183
2016-06-08,True,0.0044204627086341,0.0,0.0044204627086341,1216489.0928942533
2016-06-09,True,-0.0044010082159352,0.0,-0.0044010082159352,1211135.31440183
2016-06-10,True,-0.0336344921625398,0.0,-0.0336344921625398,1170399.3931618065
2016-06-13,True,-0.0256563910482735,0.0,-0.0256563910482735,1140371.1686481852
2016-06-14,True,0.000510748448669,0.0,0.000510748448669,1140953.6114534792
2016-06-15,True,-0.0089771984193987,0.0,-0.0089771984193987,1130711.0444961318
2016-06-16,True,0.0072056355326912,0.0,0.0072056355326912,1138858.5361755595
2016-06-17,True,-0.0342363325690356,0.0,-0.0342363325690356,1099868.196581968
2016-06-20,True,0.017989688632479,0.0,0.017989688632479,1119654.482975244
2016-06-21,True,0.009979065996216,0.0,0.009979065996216,1130827.588953813
2016-06-22,True,-0.0064840823261335,0.0,-0.0064840823261335,1123495.2097703735
2016-06-23,True,0.0421627632253633,0.0,0.0421627632253633,1170864.8722847519
2016-06-24,True,-0.1224649078124425,0.0,-0.1224649078124425,1027475.0136395723
2016-06-27,True,-0.058224140162217,0.0,-0.058224140162217,967651.1644322461
2016-06-28,True,0.0626654884478863,0.0,0.0626654884478863,1028289.4972985587
2016-06-29,True,0.0519524403652968,0.0,0.0519524403652968,1081711.6460852232
2016-06-30,True,0.0363676164541875,0.0,0.0363676164541875,1121050.9203440787
2016-07-01,True,0.0137045835641478,0.0,0.0137045835641478,1136414.456361599
2016-07-05,True,-0.0177185095628723,0.0,-0.0177185095628723,1116278.8859491695
2016-07-06,True,0.0235636661076314,0.0,0.0235636661076314,1142582.5089006745
2016-07-07,True,0.0094734264081461,0.0,0.0094734264081461,1153406.6802139804
2016-07-08,True,0.0462162170020896,0.0,0.0462162170020896,1206712.7736384096
2016-07-11,True,0.0170717511503339,0.0,0.0170717511503339,1227313.4738198938
2016-07-12,True,0.0157416741795097,0.0,0.0157416741795097,1246633.4426408887
2016-07-13,True,-0.0070021353004088,0.0,-0.0070021353004088,1237904.3466055028
2016-07-14,True,0.0203084553447767,0.0,0.0203084553447767,1263044.2717496455
2016-07-15,True,-0.0056208876984166,0.0,-0.0056208876984166,1255944.8417400124
2016-07-18,True,0.0199240600354309,0.0,0.0199240600354309,1280968.36216803
2016-07-19,True,-0.010357821400426,0.0,-0.010357821400426,1267700.3206530977
2016-07-20,True,0.0342451053264369,0.0,0.0342451053264369,1311112.851656221
2016-07-21,True,-0.0059474045693154,0.0,-0.0059474045693154,1303315.1330913927
2016-07-22,True,0.0116088255423112,0.0,0.0116088255423112,1318445.0910981048
2016-07-25,True,0.0008826819455718,0.0,0.0008826819455718,1319608.8587762448
2016-07-26,True,0.0033520381311016,0.0,0.0033520381311016,1324032.2379890024
2016-07-27,True,0.0195142642680676,0.0,0.0195142642680676,1349869.7529805608
2016-07-28,True,0.0108641426768514,0.0,0.0108641426768514,1364534.930572108
2016-07-29,True,0.0065679410251453,0.0,0.0065679410251453,1373497.1155228564
2016-08-01,True,0.0156761155286107,0.0,0.0156761155286107,1395028.214984006
2016-08-02,True,-0.0225261837322882,0.0,-0.0225261837322882,1363603.5531015506
2016-08-03,True,0.0094740346907815,0.0,0.0094740346907815,1376522.3804681075
2016-08-04,True,0.0089630086309437,0.0,0.0089630086309437,1388860.1624449305
2016-08-05,True,0.0289114042904876,0.0,0.0289114042904876,1429014.0601043282
2016-08-08,True,-0.0031762776912184,0.0,-0.0031762776912184,1424475.1146247813
2016-08-09,True,0.0066181462166605,0.0,0.0066181462166605,1433902.4992153624
2016-08-10,True,-0.0077111593168882,0.0,-0.0077111593168882,1422845.4485990286
2016-08-11,True,0.0129245024886126,0.0,0.0129245024886126,1441235.0181403582
2016-08-12,True,0.0018570670208923,0.0,0.0018570670208923,1443911.488161902
2016-08-15,True,0.0125745108165045,0.0,0.0125745108165045,1462067.9687878687
2016-08-16,True,-0.0157618662257589,0.0,-0.0157618662257589,1439023.0490508673
2016-08-17,True,0.0046917063209754,0.0,0.0046917063209754,1445774.5225861287
2016-08-18,True,0.0009657782769478,0.0,0.0009657782769478,1447170.8202134068
2016-08-19,True,-0.0013677026727946,0.0,-0.0013677026727946,1445191.5208146106
2016-08-22,True,0.0009666513503143,0.0,0.0009666513503143,1446588.517149669
2016-08-23,True,0.0059540846908558,0.0,0.0059540846908558,1455201.6276935977
2016-08-24,True,-0.0192756129266941,0.0,-0.0192756129266941,1427151.7243878806
2016-08-25,True,-0.0047300474287447,0.0,-0.0047300474287447,1420401.2290435112
2016-08-26,True,0.0048348726305615,0.0,0.0048348726305615,1427268.6880702297
2016-08-29,True,0.0027722755991479,0.0,0.0027722755991479,1431225.4702275947
2016-08-30,True,-0.0090269954557463,0.0,-0.0090269954557463,1418305.8044117019
2016-08-31,True,-0.0026259442344503,0.0,-0.0026259442344503,1414581.4124619197
2016-09-01,True,0.0044433182782697,0.0,0.0044433182782697,1420866.8479080123
2016-09-02,True,0.0117136231476977,0.0,0.0117136231476977,1437510.346707464
2016-09-06,True,0.0185409220115524,0.0,0.0185409220115524,1464163.1139365667
2016-09-07,True,0.0018284634436156,0.0,0.0018284634436156,1466840.2826658904
2016-09-08,True,-0.0171389245187679,0.0,-0.0171389245187679,1441700.2177801915
2016-09-09,True,-0.0758052028011504,0.0,-0.0758052028011504,1332411.8403929013
2016-09-12,True,0.0512753820755464,0.0,0.0512753820755464,1400731.7665910292
2016-09-13,True,-0.0235978998239277,0.0,-0.0235978998239277,1367677.438682821
2016-09-14,True,0.0128496508498046,0.0,0.0128496508498046,1385251.6162450504
2016-09-15,True,0.0463791116149636,0.0,0.0463791116149636,1449498.3555696884
2016-09-16,True,-0.0011242001606524,0.0,-0.0011242001606524,1447868.8292854915
2016-09-19,True,-0.0131031159302722,0.0,-0.0131031159302722,1428897.2361635363
2016-09-20,True,0.0055389165191972,0.0,0.0055389165191972,1436811.7786691578
2016-09-21,True,0.0290806524305475,0.0,0.0290806524305475,1478595.2026127526
2016-09-22,True,0.0233788589600891,0.0,0.0233788589600891,1513163.0713137006
2016-09-23,True,-0.0179986751379279,0.0,-0.0179986751379279,1485928.1407624162
2016-09-26,True,-0.0248298710045947,0.0,-0.0248298710045947,1449032.7367051882
2016-09-27,True,0.0283535865610429,0.0,0.0283535865610429,1490118.0118351437
2016-09-28,True,0.0054672132723332,0.0,0.0054672132723332,1498264.8048067917
2016-09-29,True,-0.0212070230758526,0.0,-0.0212070230758526,1466491.0685175161
2016-09-30,True,0.0205553314658448,0.0,0.0205553314658448,1496635.2785225948
2016-10-03,True,-0.0022549904888159,0.0,-0.0022549904888159,1493260.3802043
2016-10-04,True,-0.0056900363395705,0.0,-0.0056900363395705,1484763.6743764966
2016-10-05,True,0.0104259087635101,0.0,0.0104259087635101,1500243.6849809198
2016-10-06,True,-0.0015517176337772,0.0,-0.0015517176337772,1497915.730399972
2016-10-07,True,-0.006526894859367,0.0,-0.006526894859367,1488138.9919194595
2016-10-10,True,0.017910039070456,0.0,0.017910039070456,1514791.6194070063
2016-10-11,True,-0.0413365337168036,0.0,-0.0413365337168036,1452175.384557457
2016-10-12,True,-0.0020839377724787,0.0,-0.0020839377724787,1449149.1414213136
2016-10-13,True,-0.0117260896091871,0.0,-0.0117260896091871,1432156.288731931
2016-10-14,True,0.0022756263363401,0.0,0.0022756263363401,1435415.3413003245
2016-10-17,True,-0.006891889537009,0.0,-0.006891889537009,1425522.6173283546
2016-10-18,True,0.0256364585277562,0.0,0.0256364585277562,1462067.9687878718
2016-10-19,True,0.0003982735934093,0.0,0.0003982735934093,1462650.2718516097
2016-10-20,True,-0.004217325140845,0.0,-0.004217325140845,1456481.8000878661
2016-10-21,True,0.0108676442397455,0.0,0.0108676442397455,1472310.3261328852
2016-10-24,True,0.0364425540283404,0.0,0.0364425540283404,1525965.0747394662
2016-10-25,True,-0.0099913836278305,0.0,-0.0099913836278305,1510718.5722750733
2016-10-26,True,-0.0191832170854268,0.0,-0.0191832170854268,1481738.1299481345
2016-10-27,True,-0.0139820008982008,0.0,-0.0139820008982008,1461020.4660843012
2016-10-28,True,-0.0172865821961039,0.0,-0.0172865821961039,1435764.415707145
2016-10-31,True,-0.005674185042144,0.0,-0.005674185042144,1427617.6227354968
2016-11-01,True,-0.0205444763417216,0.0,-0.0205444763417216,1398287.9662601824
2016-11-02,True,-0.0260536347158468,0.0,-0.0260536347158468,1361857.4823596755
2016-11-03,True,-0.0288006498149308,0.0,-0.0288006498149308,1322635.1019123911
2016-11-04,True,-0.0113515606031823,0.0,-0.0113515606031823,1307621.1293971364
2016-11-07,True,0.0716510151029796,0.0,0.0716510151029796,1401313.5106885459
2016-11-08,True,0.0196014237884845,0.0,0.0196014237884845,1428781.250672081
2016-11-09,True,0.0140109179413474,0.0,0.0140109179413474,1448799.7875313833
2016-11-10,True,-0.0475577584208816,0.0,-0.0475577584208816,1379898.117235741
2016-11-11,True,-0.000843270906779,0.0,-0.000843270906779,1378734.4892991572
2016-11-14,True,-0.0337667034213475,0.0,-0.0337667034213475,1332179.1707022095
2016-11-15,True,0.0463041441435392,0.0,0.0463041441435392,1393864.5870474249
2016-11-16,True,0.0162827761625066,0.0,0.0162827761625066,1416560.572119163
2016-11-17,True,0.0231697672379105,0.0,0.0231697672379105,1449381.9508535652
2016-11-18,True,-0.0112426152455559,0.0,-0.0112426152455559,1433087.1072362654
2016-11-21,True,0.0300498241489155,0.0,0.0300498241489155,1476151.1227987933
2016-11-22,True,0.0089888357359446,0.0,0.0089888357359446,1489420.0027630618
2016-11-23,True,-0.0120345568139278,0.0,-0.0120345568139278,1471495.493120009
2016-11-25,True,0.0096498416304997,0.0,0.0096498416304997,1485695.1915886113
2016-11-28,True,-0.0055623094443193,0.0,-0.0055623094443193,1477431.295193058
2016-11-29,True,0.0096110719427713,0.0,0.0096110719427713,1491630.9936616602
2016-11-30,True,-0.0323813130187033,0.0,-0.0323813130187033,1443330.0235475027
2016-12-01,True,-0.0549152655929907,0.0,-0.0549152655929907,1364069.171966054
2016-12-02,True,0.0040101948793873,0.0,0.0040101948793873,1369539.3551746025
2016-12-05,True,0.0231157216620023,0.0,0.0231157216620023,1401197.245713977
2016-12-06,True,0.0072265435279048,0.0,0.0072265435279048,1411323.058601309
2016-12-07,True,0.0371101684703327,0.0,0.0371101684703327,1463697.495072069
2016-12-08,True,0.0061229762166854,0.0,0.0061229762166854,1472659.6800228176
2016-12-09,True,0.0233933788378026,0.0,0.0233933788378026,1507110.1658167485
2016-12-12,True,-0.0139008113319057,0.0,-0.0139008113319057,1486160.1117453328
2016-12-13,True,0.0390794148637778,0.0,0.0390794148637778,1544238.3793062272
2016-12-14,True,-0.0073110472718677,0.0,-0.0073110472718677,1532948.379516087
2016-12-15,True,0.0060739942325724,0.0,0.0060739942325724,1542259.499132099
2016-12-16,True,-0.012150033257787,0.0,-0.012150033257787,1523520.9949255064
2016-12-19,True,0.012223434083757,0.0,0.012223434083757,1542143.6533821982
2016-12-20,True,0.0120751917144419,0.0,0.0120751917144419,1560765.3336479983
2016-12-21,True,-0.0035049873121375,0.0,-0.0035049873121375,1555294.870956338
2016-12-22,True,-0.0086801239375927,0.0,-0.0086801239375927,1541794.7187169348
2016-12-23,True,0.003094391493591,0.0,0.003094391493591,1546565.635179396
2016-12-27,True,0.0146000913680339,0.0,0.0146000913680339,1569145.6347596766
2016-12-28,True,-0.023141957119265,0.0,-0.023141957119265,1532832.5337661863
2016-12-29,True,-0.0048596720245585,0.0,-0.0048596720245585,1525383.4703835095
2016-12-30,True,-0.0292232863220446,0.0,-0.0292232863220446,1480806.7524775781
2017-01-03,True,0.0242081701819416,0.0,0.0242081701819416,1516654.3743481236
2017-01-04,True,0.0170363229331296,0.0,0.0170363229331296,1542492.5880474618
2017-01-05,True,0.0177315447173769,0.0,0.0177315447173769,1569843.3643486479
2017-01-06,True,0.0253560983469238,0.0,0.0253560983469238,1609648.467084338
2017-01-09,True,0.0101229707764374,0.0,0.0101229707764374,1625942.89147697
2017-01-10,True,0.0057265110129409,0.0,0.0057265110129409,1635253.871351426
2017-01-11,True,0.0076867287581159,0.0,0.0076867287581159,1647823.6243111633
2017-01-12,True,-0.0050853392449433,0.0,-0.0050853392449433,1639443.882165709
2017-01-13,True,0.0115005398496126,0.0,0.0115005398496126,1658298.3718637596
2017-01-17,True,-0.0094045662323631,0.0,-0.0094045662323631,1642702.7949925468
2017-01-18,True,0.0068017025863755,0.0,0.0068017025863755,1653875.9708418942
2017-01-19,True,-0.0026742151917729,0.0,-0.0026742151917729,1649453.1505953604
2017-01-20,True,0.006491834100077,0.0,0.006491834100077,1660161.126804875
2017-01-23,True,0.0022431393344823,0.0,0.0022431393344823,1663885.0995299898
2017-01-24,True,0.020845269715628,0.0,0.020845269715628,1698569.2332055068
2017-01-25,True,0.029190109547649,0.0,0.029190109547649,1748150.6551970418
2017-01-26,True,0.004127536274517,0.0,0.004127536274517,1755366.210439688
2017-01-27,True,0.0047739449345258,0.0,0.0047739449345258,1763746.2320682546
2017-01-30,True,-0.022700098649232,0.0,-0.022700098649232,1723709.0186080942
2017-01-31,True,-0.0055371805284127,0.0,-0.0055371805284127,1714164.530593608
2017-02-01,True,0.0190117502890148,0.0,0.0190117502890148,1746753.79860354
2017-02-02,True,-0.00253210268764,0.0,-0.00253210268764,1742330.8386154505
2017-02-03,True,0.0086839061528907,0.0,0.0086839061528907,1757461.0761052745
2017-02-06,True,0.0037087395469808,0.0,0.0037087395469808,1763979.0415005058
2017-02-07,True,0.0102929909825224,0.0,0.0102929909825224,1782135.661868029
2017-02-08,True,0.0056165242553507,0.0,0.0056165242553507,1792145.0700392362
2017-02-09,True,0.0103910333729937,0.0,0.0103910333729937,1810767.3092712602
2017-02-10,True,0.0098983073973066,0.0,0.0098983073973066,1828690.8407234212
2017-02-13,True,0.0175660913929789,0.0,0.0175660913929789,1860813.7911610722
2017-02-14,True,0.0093821701219176,0.0,0.0093821701219176,1878272.262714956
2017-02-15,True,0.017226564932498,0.0,0.017226564932498,1910628.4418095255
2017-02-16,True,-0.0008530207818769,0.0,-0.0008530207818769,1908998.6360422168
2017-02-17,True,0.0125597662764074,0.0,0.0125597662764074,1932975.2127328876
2017-02-21,True,0.0158956070200175,0.0,0.0158956070200175,1963701.0270939243
2017-02-22,True,0.0001188411042487,0.0,0.0001188411042487,1963934.3954923986
2017-02-23,True,-0.010786074644549,0.0,-0.010786074644549,1942751.2525056205
2017-02-24,True,0.0053919957613253,0.0,0.0053919957613253,1953226.5590244401
2017-02-27,True,0.0029792334365545,0.0,0.0029792334365545,1959045.6768982522
2017-02-28,True,-0.007842178895979,0.0,-0.007842178895979,1943682.4902346218
2017-03-01,True,0.0323352521938298,0.0,0.0323352521938298,2006531.9537410894
2017-03-02,True,-0.0157772076620471,0.0,-0.0157772076620471,1974874.4824263833
2017-03-03,True,0.0051861210479371,0.0,0.0051861210479371,1985116.4205467287
2017-03-06,True,-0.0069183852286139,0.0,-0.0069183852286139,1971382.6204257393
2017-03-07,True,-0.0049591889956346,0.0,-0.0049591889956346,1961606.1614283388
2017-03-08,True,0.0051027306650968,0.0,0.0051027306650968,1971615.709341102
2017-03-09,True,0.0030694559471373,0.0,0.0030694559471373,1977667.4969056086
2017-03-10,True,0.0109464015869622,0.0,0.0109464015869622,1999315.8395322196
2017-03-13,True,0.0058212489495701,0.0,0.0058212489495701,2010954.3547629556
2017-03-14,True,-0.0074078603803544,0.0,-0.0074078603803544,1996057.485671606
2017-03-15,True,0.0174926746309591,0.0,0.0174926746309591,2030973.8698131498
2017-03-16,True,-0.0005732160911134,0.0,-0.0005732160911134,2029809.6829103422
2017-03-17,True,-0.0024083238700611,0.0,-0.0024083238700611,2024921.243799308
2017-03-20,True,0.0029890673686083,0.0,0.0029890673686083,2030973.8698131505
2017-03-21,True,-0.0445848039870684,0.0,-0.0445848039870684,1940423.2979246734
2017-03-22,True,0.0196739114779127,0.0,0.0196739114779127,1978599.0141177229
2017-03-23,True,-0.008000077406662,0.0,-0.008000077406662,1962770.068848036
2017-03-24,True,0.0054554004548719,0.0,0.0054554004548719,1973477.7655744387
2017-03-27,True,0.0053076898021149,0.0,0.0053076898021149,1983952.3733854787
2017-03-28,True,0.0187730805377952,0.0,0.0187730805377952,2021197.2710741942
2017-03-29,True,0.0132440770850088,0.0,0.0132440770850088,2047966.1635363104
2017-03-30,True,0.0050013019106152,0.0,0.0050013019106152,2058208.6606228799
2017-03-31,True,-0.0023750940342244,0.0,-0.0023750940342244,2053320.2215118455
2017-04-03,True,-0.002153984653829,0.0,-0.002153984653829,2048897.401265312
2017-04-04,True,0.004544522020389,0.0,0.004544522020389,2058208.6606228799
2017-04-05,True,-0.011423087472876,0.0,-0.011423087472876,2034697.5630551537
2017-04-06,True,0.0008010063986421,0.0,0.0008010063986421,2036327.3688224624
2017-04-07,True,-0.0011432809665815,0.0,-0.0011432809665815,2033999.2744999588
2017-04-10,True,0.0011445895540331,0.0,0.0011445895540331,2036327.3688224626
2017-04-11,True,-0.012574306400397,0.0,-0.012574306400397,2010721.9645553746
2017-04-12,True,-0.0131972910713856,0.0,-0.0131972910713856,1984185.881525509
2017-04-13,True,-0.0118491710101747,0.0,-0.0118491710101747,1960674.9236993392
2017-04-17,True,0.023744679710709,0.0,0.023744679710709,2007230.521779399
2017-04-18,True,-0.0028992172517211,0.0,-0.0028992172517211,2001411.1244224748
2017-04-19,True,0.003489190547312,0.0,0.003489190547312,2008394.4291990947
2017-04-20,True,0.024223212497789,0.0,0.024223212497789,2057044.1942369603
2017-04-21,True,-0.0004522991203943,0.0,-0.0004522991203943,2056113.7949572944
2017-04-24,True,0.0363409883136716,0.0,0.0363409883136716,2130835.0023514163
2017-04-25,True,0.0221760330379603,0.0,0.0221760330379603,2178088.4697620035
2017-04-26,True,-0.0043816629570575,0.0,-0.0043816629570575,2168544.8201968535
2017-04-27,True,0.0174964282384106,0.0,0.0174964282384106,2206486.609025205
2017-04-28,True,0.0056969808357527,0.0,0.0056969808357527,2219056.920951166
2017-05-01,True,0.0251755052875299,0.0,0.0251755052875299,2274922.8001979026
2017-05-02,True,0.0059350099244441,0.0,0.0059350099244441,2288424.489594422
2017-05-03,True,-0.0098668671211495,0.0,-0.0098668671211495,2265844.9092388093
2017-05-04,True,0.0010273495903891,0.0,0.0010273495903891,2268172.724078201
2017-05-05,True,0.0108787417218829,0.0,0.0108787417218829,2292847.5893240673
2017-05-08,True,0.0059896614848133,0.0,0.0059896614848133,2306580.9702203893
2017-05-09,True,0.0110000279291548,0.0,0.0110000279291548,2331953.4253136707
2017-05-10,True,0.0015968727947719,0.0,0.0015968727947719,2335677.258297229
2017-05-11,True,-0.0023914902863805,0.0,-0.0023914902863805,2330091.5088218916
2017-05-12,True,0.0064934691080136,0.0,0.0064934691080136,2345221.8860532716
2017-05-15,True,0.0093299201087604,0.0,0.0093299201087604,2367102.6188874654
2017-05-16,True,0.012587175292072,0.0,0.012587175292072,2396897.754485725
2017-05-17,True,-0.075653079150265,0.0,-0.075653079150265,2215565.058950524
2017-05-18,True,0.0253203885552661,0.0,0.0253203885552661,2271664.0271126227
2017-05-19,True,0.012091708378493,0.0,0.012091708378493,2299132.3260623817
2017-05-22,True,0.0259188344608249,0.0,0.0259188344608249,2358723.156225124
2017-05-23,True,0.0024671811702723,0.0,0.0024671811702723,2364542.553582048
2017-05-24,True,0.0137818331090928,0.0,0.0137818331090928,2397130.2844348643
2017-05-25,True,0.0263160379959783,0.0,0.0263160379959783,2460213.2560813623
2017-05-26,True,0.0042576583662834,0.0,0.0042576583662834,2470688.0036339588
2017-05-30,True,0.0020728026103467,0.0,0.0020728026103467,2475809.2521772436
2017-05-31,True,-0.0012222119496363,0.0,-0.0012222119496363,2472783.2885242123
2017-06-01,True,0.0119551946934921,0.0,0.0119551946934921,2502345.894173333
2017-06-02,True,0.0341394707174127,0.0,0.0341394707174127,2587774.6585523016
2017-06-05,True,-0.0008094699888596,0.0,-0.0008094699888596,2585679.932628272
2017-06-06,True,-0.0113434900801479,0.0,-0.0113434900801479,2556349.297962066
2017-06-07,True,0.010926996216342,0.0,0.010926996216342,2584282.517068546
2017-06-08,True,0.0027022759594015,0.0,0.0027022759594015,2591265.9615867217
2017-06-09,True,-0.0723138751010205,0.0,-0.0723138751010205,2403881.478487014
2017-06-12,True,-0.018107771164594,0.0,-0.018107771164594,2360352.542767765
2017-06-13,True,0.0233725470879426,0.0,0.0233725470879426,2415519.99371775
2017-06-14,True,-0.0133949459967427,0.0,-0.0133949459967427,2383164.233847848
2017-06-15,True,-0.0134793519253217,0.0,-0.0134793519253217,2351040.7244439735
2017-06-16,True,-0.0119798224058835,0.0,-0.0119798224058835,2322875.674096135
2017-06-19,True,0.0484018347249581,0.0,0.0484018347249581,2435307.1185603617
2017-06-20,True,-0.022653753994756,0.0,-0.022653753994756,2380138.2701948173
2017-06-21,True,0.0290464719361829,0.0,0.0290464719361829,2449272.8896642663
2017-06-22,True,-0.0011404013952743,0.0,-0.0011404013952743,2446479.7354434854
2017-06-23,True,0.0112271689308622,0.0,0.0112271689308622,2473946.776719241
2017-06-26,True,-0.0132668087459535,0.0,-0.0132668087459535,2441125.3979848386
2017-06-27,True,-0.0550203110014404,0.0,-0.0550203110014404,2306813.9193941974
2017-06-28,True,0.0419774607220042,0.0,0.0419774607220042,2403648.11008854
2017-06-29,True,-0.0509391844549292,0.0,-0.0509391844549292,2281208.235643998
2017-06-30,True,-0.0034693907554789,0.0,-0.0034693907554789,2273293.832879932
2017-07-03,True,-0.0272374753532183,0.0,-0.0272374753532183,2211375.048136242
2017-07-05,True,0.0285264556170843,0.0,0.0285264556170843,2274457.740299628
2017-07-06,True,-0.026404732857042,0.0,-0.026404732857042,2214401.291272385
2017-07-07,True,0.0299589086609866,0.0,0.0299589086609866,2280742.3372963853
2017-07-10,True,0.0209229793054972,0.0,0.0209229793054972,2328462.262020809
2017-07-11,True,0.0081973239163342,0.0,0.0081973239163342,2347549.4214095543
2017-07-12,True,0.0355976008888982,0.0,0.0355976008888982,2431116.548779856
2017-07-13,True,0.0066067973793995,0.0,0.0066067973793995,2447178.4432233493
2017-07-14,True,0.0234941703982611,0.0,0.0234941703982611,2504672.8705633907
2017-07-17,True,0.0005578117977138,0.0,0.0005578117977138,2506070.0066400045
2017-07-18,True,0.0198773185939291,0.0,0.0198773185939291,2555883.9585806783
2017-07-19,True,0.018306100170814,0.0,0.018306100170814,2602672.2263514325
2017-07-20,True,0.0037563695650844,0.0,0.0037563695650844,2612448.8250903897
2017-07-21,True,-0.0015145339414148,0.0,-0.0015145339414148,2608492.182674581
2017-07-24,True,0.0130283342188748,0.0,0.0130283342188748,2642476.490637788
2017-07-25,True,-0.0066948567246297,0.0,-0.0066948567246297,2624785.489134766
2017-07-26,True,0.0089572873377627,0.0,0.0089572873377627,2648296.4469609363
2017-07-27,True,-0.0178433368574375,0.0,-0.0178433368574375,2601042.0013594576
2017-07-28,True,-0.0032216865937092,0.0,-0.0032216865937092,2592662.259214003
2017-07-31,True,-0.0130180853333315,0.0,-0.0130180853333315,2558910.760683047
2017-08-01,True,0.006549787901072,0.0,0.006549787901072,2575671.0834232923
2017-08-02,True,0.0073200071442227,0.0,0.0073200071442227,2594525.0141551187
2017-08-03,True,-0.0104072927530711,0.0,-0.0104072927530711,2567523.0327776405
2017-08-04,True,0.0038982509902376,0.0,0.0038982509902376,2577531.881982624
2017-08-07,True,0.0177011733049274,0.0,0.0177011733049274,2623157.220524574
2017-08-08,True,-0.0037271415321852,0.0,-0.0037271415321852,2613380.3423025054
2017-08-09,True,-0.0039194662510427,0.0,-0.0039194662510427,2603137.2862497126
2017-08-10,True,-0.0649198694497265,0.0,-0.0649198694497265,2434141.9534666655
2017-08-11,True,0.0228558844527582,0.0,0.0228558844527582,2489776.4206967107
2017-08-14,True,0.0388927254228095,0.0,0.0388927254228095,2586610.6113910535
2017-08-15,True,0.0017997877899249,0.0,0.0017997877899249,2591265.9615867254
2017-08-16,True,0.0052105146049181,0.0,0.0052105146049181,2604767.7907248004
2017-08-17,True,-0.061484040628128,0.0,-0.061484040628128,2444616.1420530374
2017-08-18,True,-0.0035227261164759,0.0,-0.0035227261164759,2436004.428924669
2017-08-21,True,-0.0018156043535955,0.0,-0.0018156043535955,2431581.608678135
2017-08-22,True,0.0445145392430428,0.0,0.0445145392430428,2539822.3436202994
2017-08-23,True,-0.0111813168976965,0.0,-0.0111813168976965,2511423.7851324305
2017-08-24,True,-0.0083416806152799,0.0,-0.0083416806152799,2490474.2900272384
2017-08-25,True,-0.0067296592156145,0.0,-0.0067296592156145,2473714.2467701053
2017-08-28,True,0.0087512949053516,0.0,0.0087512949053516,2495362.449655161
2017-08-29,True,0.0123135029200343,0.0,0.0123135029200343,2526089.102465533
2017-08-30,True,0.0346477132316755,0.0,0.0346477132316755,2613612.31328542
2017-08-31,True,0.028411416108464,0.0,0.028411416108464,2687868.740264377
2017-09-01,True,-0.0006930230309282,0.0,-0.0006930230309282,2686005.985323262
2017-09-05,True,-0.0267785012829557,0.0,-0.0267785012829557,2614078.7705992567
2017-09-06,True,0.0086372005830692,0.0,0.0086372005830692,2636657.0932808653
2017-09-07,True,0.006180061835598,0.0,0.006180061835598,2652951.797156609
2017-09-08,True,-0.0246555358098325,0.0,-0.0246555358098325,2587541.849120055
2017-09-11,True,0.0318460859819802,0.0,0.0318460859819802,2669944.9293291043
2017-09-12,True,0.0084567890831435,0.0,0.0084567890831435,2692524.0904600485
2017-09-13,True,0.0041494956062637,0.0,0.0041494956062637,2703696.707343172
2017-09-14,True,-0.0168746520282682,0.0,-0.0168746520282682,2658072.7662167815
2017-09-15,True,0.0080567370935014,0.0,0.0080567370935014,2679488.159669586
2017-09-18,True,-0.0024321761530541,0.0,-0.0024321761530541,2672971.1724652466
2017-09-19,True,0.004266946996235,0.0,0.004266946996235,2684376.59878062
2017-09-20,True,-0.0083244922585501,0.0,-0.0083244922585501,2662030.5265650377
2017-09-21,True,-0.019237498602338,0.0,-0.019237498602338,2610819.7180308616
2017-09-22,True,-0.0024963600993019,0.0,-0.0024963600993019,2604302.1718602986
2017-09-25,True,-0.0313728465582868,0.0,-0.0313728465582868,2522597.7994311126
2017-09-26,True,0.0068280976829007,0.0,0.0068280976829007,2539822.3436202984
2017-09-27,True,0.0271285943326984,0.0,0.0271285943326984,2608724.153657497
2017-09-28,True,-0.0016950745026061,0.0,-0.0016950745026061,2604302.1718602995
2017-09-29,True,0.0211834135502031,0.0,0.0211834135502031,2659470.1817765087
2017-10-02,True,0.0028005373029802,0.0,0.0028005373029802,2666918.1272267373
2017-10-03,True,0.006284528410954,0.0,0.006284528410954,2683678.449966982
2017-10-04,True,0.0026019829432388,0.0,0.0026019829432388,2690661.335518934
2017-10-05,True,0.0288089768269885,0.0,0.0288089768269885,2768176.535583173
2017-10-06,True,0.0036158850573806,0.0,0.0036158850573806,2778185.94375438
2017-10-09,True,-0.0025136706683998,0.0,-0.0025136706683998,2771202.4992362037
2017-10-10,True,0.002099651291882,0.0,0.002099651291882,2777021.0581437917
2017-10-11,True,0.0087178545279795,0.0,0.0087178545279795,2801230.7237498253
2017-10-12,True,-0.0054017311160903,0.0,-0.0054017311160903,2786099.2285859976
2017-10-13,True,0.0111959795990612,0.0,0.0111959795990612,2817292.3387102066
2017-10-16,True,0.010328096189355,0.0,0.010328096189355,2846389.6049779383
2017-10-17,True,0.0035163314212078,0.0,0.0035163314212078,2856398.454182922
2017-10-18,True,-0.0038302239956009,0.0,-0.0038302239956009,2845457.8082827134
2017-10-19,True,-0.0110438473318912,0.0,-0.0110438473318912,2814033.006658701
2017-10-20,True,0.007279287654172,0.0,0.007279287654172,2834517.1623825044
2017-10-23,True,-0.0186416917061115,0.0,-0.0186416917061115,2781676.9673056877
2017-10-24,True,0.0051048263758204,0.0,0.0051048263758204,2795876.945257402
2017-10-25,True,-0.0121556513552628,0.0,-0.0121556513552628,2761891.239878636
2017-10-26,True,-0.009270765239108,0.0,-0.009270765239108,2736286.3945777724
2017-10-27,True,0.0861759711557859,0.0,0.0861759711557859,2972088.5319908755
2017-10-30,True,0.0071271712778908,0.0,0.0071271712778908,2993271.11601143
2017-10-31,True,0.0105763525295226,0.0,0.0105763525295226,3024929.0065508042
2017-11-01,True,-0.0013083812346291,0.0,-0.0013083812346291,3020971.246202548
2017-11-02,True,-0.0050855123771675,0.0,-0.0050855123771675,3005608.059538918
2017-11-03,True,0.0278812854589296,0.0,0.0278812854589296,3089408.275824582
2017-11-06,True,0.0101716056449032,0.0,0.0101716056449032,3120832.5184823703
2017-11-07,True,0.0016408088376209,0.0,0.0016408088376209,3125953.208059431
2017-11-08,True,0.0125104092477215,0.0,0.0125104092477215,3165060.1619814825
2017-11-09,True,-0.0160331071255624,0.0,-0.0160331071255624,3114314.4133455837
2017-11-10,True,-0.0002988390506718,0.0,-0.0002988390506718,3113383.7345828055
2017-11-13,True,0.0029905405774184,0.0,0.0029905405774184,3122694.43497415
2017-11-14,True,-0.0100632715737235,0.0,-0.0100632715737235,3091269.9128332497
2017-11-15,True,-0.014683652018124,0.0,-0.014683652018124,3045878.7811391093
2017-11-16,True,0.0374474560473294,0.0,0.0374474560473294,3159939.1929213097
2017-11-17,True,-0.0111972287477969,0.0,-0.0111972287477969,3124556.630949041
2017-11-20,True,-0.0024581903257572,0.0,-0.0024581903257572,3116875.8760665613
2017-11-21,True,0.0315156882171343,0.0,0.0315156882171343,3215106.3643881828
2017-11-22,True,0.0039822635366404,0.0,0.0039822635366404,3227909.7652295064
2017-11-24,True,0.011249682888627,0.0,0.011249682888627,3264222.726481441
2017-11-27,True,-0.0016403100852185,0.0,-0.0016403100852185,3258868.389022794
2017-11-28,True,0.0073571604809841,0.0,0.0073571604809841,3282844.406747241
2017-11-29,True,-0.0514073233324207,0.0,-0.0514073233324207,3114082.1628795564
2017-11-30,True,0.0248168890939932,0.0,0.0248168890939932,3191363.994545321
2017-12-01,True,-0.0133482409022027,0.0,-0.0133482409022027,3148764.8991395147
2017-12-04,True,-0.0345234013353171,0.0,-0.0345234013353171,3040058.824815962
2017-12-05,True,0.0014549388628732,0.0,0.0014549388628732,3044481.924545608
2017-12-06,True,0.0132271710422013,0.0,0.0132271710422013,3084751.807696463
2017-12-07,True,0.0098855286406713,0.0,0.0098855286406713,3115246.210040809
2017-12-08,True,0.0132256387142244,0.0,0.0132256387142244,3156447.330920666
2017-12-11,True,0.0229350864959989,0.0,0.0229350864959989,3228840.723475396
2017-12-12,True,-0.0037490150742224,0.0,-0.0037490150742224,3216735.750930824
2017-12-13,True,0.0049934015888839,0.0,0.0049934015888839,3232798.2043405417
2017-12-14,True,-0.0014402102660303,0.0,-0.0014402102660303,3228142.295178646
2017-12-15,True,0.0325209460242164,0.0,0.0325209460242164,3333124.536518641
2017-12-18,True,0.0256999142715699,0.0,0.0256999142715699,3418785.5513636363
2017-12-19,True,-0.0162726762166125,0.0,-0.0162726762166125,3363152.761032263
2017-12-20,True,-0.0041530816454167,0.0,-0.0041530816454167,3349185.3130296874
2017-12-21,True,-0.000486418907067,0.0,-0.000486418907067,3347556.2059701583
2017-12-22,True,-0.0033377946911039,0.0,-0.0033377946911039,3336382.7506376994
2017-12-26,True,-0.016186129812384,0.0,-0.016186129812384,3282379.6263320786
2017-12-27,True,0.0,0.0,0.0,3282379.6263320786
2017-12-28,True,0.0026945458988554,0.0,0.0026945458988554,3291224.1488926983
2017-12-29,True,-0.0188836535253447,0.0,-0.0188836535253447,3229073.8123907614
2018-01-02,True,0.0513263459824897,0.0,0.0513263459824897,3394810.372088527
2018-01-03,True,0.0292784586094085,0.0,0.0292784586094085,3494205.187054512
2018-01-04,True,0.0058625618921959,0.0,0.0058625618921959,3514690.181227651
2018-01-05,True,0.0302005935265528,0.0,0.0302005935265528,3620835.9107626732
2018-01-08,True,0.0111217089487971,0.0,0.0111217089487971,3661105.793913529
2018-01-09,True,0.0007631554036928,0.0,0.0007631554036928,3663899.7865836453
2018-01-10,True,-0.0071157248105332,0.0,-0.0071157248105332,3637828.4839689448
2018-01-11,True,0.0200282369615327,0.0,0.0200282369615327,3710687.774871289
2018-01-12,True,0.0212031122170532,0.0,0.0212031122170532,3789365.9041643324
2018-01-16,True,-0.0077400274765333,0.0,-0.0077400274765333,3760036.107947462
2018-01-17,True,0.0315112696022814,0.0,0.0315112696022814,3878519.6194593073
2018-01-18,True,0.0009601170933557,0.0,0.0009601170933557,3882243.452442866
2018-01-19,True,0.0095936172997403,0.0,0.0095936172997403,3919488.2103900253
2018-01-22,True,0.0312389542515538,0.0,0.0312389542515538,4041928.9232839043
2018-01-23,True,0.0253395101892814,0.0,0.0253395101892814,4144349.4224198083
2018-01-24,True,-0.0202761928923672,0.0,-0.0202761928923672,4060317.794117454
2018-01-25,True,-0.0012612925398854,0.0,-0.0012612925398854,4055196.5455741696
2018-01-26,True,0.0446588920599628,0.0,0.0446588920599628,4236297.130384901
2018-01-29,True,-0.0132425855414974,0.0,-0.0132425855414974,4180197.603256579
2018-01-30,True,-0.025559661876187,0.0,-0.025559661876187,4073353.1659416934
2018-01-31,True,0.0123436020006044,0.0,0.0123436020006044,4123633.01622998
2018-02-01,True,-0.0250068826469054,0.0,-0.0250068826469054,4020513.8093142123
2018-02-02,True,-0.0610817088889436,0.0,-0.0610817088889436,3774933.955229704
2018-02-05,True,-0.115434319542223,0.0,-0.115434319542223,3339177.0227909307
2018-02-06,True,0.0771001050579827,0.0,0.0771001050579827,3596627.9220553134
2018-02-07,True,-0.039544540711311,0.0,-0.039544540711311,3454400.922768159
2018-02-08,True,-0.1239218110928002,0.0,-0.1239218110928002,3026325.3041780884
2018-02-09,True,0.0470731585234016,0.0,0.0470731585234016,3168783.9949650457
2018-02-12,True,0.0559760190848204,0.0,0.0559760190848204,3346159.9083428825
2018-02-13,True,0.012173722609813,0.0,0.012173722609813,3386895.130875126
2018-02-14,True,0.0585569494385616,0.0,0.0585569494385616,3585221.3778074915
2018-02-15,True,0.0522659613785205,0.0,0.0522659613785205,3772606.4198734243
2018-02-16,True,-0.0111681931187531,0.0,-0.0111681931187531,3730473.22281523
2018-02-20,True,0.0049919990314479,0.0,0.0049919990314479,3749095.7415303662
2018-02-21,True,-0.0090028686356317,0.0,-0.0090028686356317,3715343.1250669626
2018-02-22,True,0.0001880600946784,0.0,0.0001880600946784,3716041.8328468255
2018-02-23,True,0.0595715006547397,0.0,0.0595715006547397,3937412.0213253
2018-02-26,True,0.0401417697784236,0.0,0.0401417697784236,4095466.7082081377
2018-02-27,True,-0.0358077042290564,0.0,-0.0358077042290564,3948817.4476406733
2018-02-28,True,-0.0201012074313529,0.0,-0.0201012074313529,3869441.4490171024
2018-03-01,True,-0.0481259938611737,0.0,-0.0481259938611737,3683220.7335955347
2018-03-02,True,0.0274915833806825,0.0,0.0274915833806825,3784478.3035026346
2018-03-05,True,0.0313691220974889,0.0,0.0313691220974889,3903194.065480507
2018-03-06,True,0.0126431357835161,0.0,0.0126431357835161,3952542.6780397915
2018-03-07,True,0.0074792479401026,0.0,0.0074792479401026,3982104.7247226886
2018-03-08,True,0.0149063331579883,0.0,0.0149063331579883,4041463.3044194044
2018-03-09,True,0.0582305913242786,0.0,0.0582305913242786,4276800.10245112
2018-03-12,True,0.014967520087358,0.0,0.014967520087358,4340813.193894171
2018-03-13,True,-0.0363039784243401,0.0,-0.0363039784243401,4183224.4053589464
2018-03-14,True,-0.0033945054282823,0.0,-0.0033945054282823,4169024.427407232
2018-03-15,True,-0.0044667427771569,0.0,-0.0044667427771569,4150402.4676583204
2018-03-16,True,-0.006618057033268,0.0,-0.006618057033268,4122934.8674163413
2018-03-19,True,-0.0627823345986985,0.0,-0.0627823345986985,3864087.3910415675
2018-03-20,True,0.007349357199764,0.0,0.007349357199764,3892485.9495294364
2018-03-21,True,-0.0144717847048195,0.0,-0.0144717847048195,3836154.7309013116
2018-03-22,True,-0.073058353734559,0.0,-0.073058353734559,3555891.5815906217
2018-03-23,True,-0.0807804701684338,0.0,-0.0807804701684338,3268644.9877617555
2018-03-26,True,0.112519775000637,0.0,0.112519775000637,3636432.1863416685
2018-03-27,True,-0.0958904341211089,0.0,-0.0958904341211089,3287733.1253413926
2018-03-28,True,-0.0344805425540777,0.0,-0.0344805425540777,3174370.303406608
2018-03-29,True,0.0553643932507859,0.0,0.0553643932507859,3350117.3892080276
2018-04-02,True,-0.0887990180558951,0.0,-0.0887990180558951,3052630.254674376
2018-04-03,True,0.0335515573755031,0.0,0.0335515573755031,3155050.75381028
2018-04-04,True,0.0472921223880709,0.0,0.0472921223880709,3304259.800200051
2018-04-05,True,0.0157098773864259,0.0,0.0157098773864259,3356169.3165140906
2018-04-06,True,-0.0746288853874763,0.0,-0.0746288853874763,3105702.141250996
2018-04-09,True,0.0200119561131635,0.0,0.0200119561131635,3167853.3162022685
2018-04-10,True,0.0660593509162936,0.0,0.0660593509162936,3377119.650068619
2018-04-11,True,-0.0168184610882589,0.0,-0.0168184610882589,3320321.694643545
2018-04-12,True,0.0350532982419606,0.0,0.0350532982419606,3436709.9212651374
2018-04-13,True,-0.0148332100478634,0.0,-0.0148332100478634,3385732.481129436
2018-04-16,True,0.0220695188688706,0.0,0.0220695188688706,3460453.96800667
2018-04-17,True,0.0639712683823869,0.0,0.0639712683823869,3681823.597518921
2018-04-18,True,0.0069544681068454,0.0,0.0069544681068454,3707428.722302897
2018-04-19,True,-0.0271864084542345,0.0,-0.0271864084542345,3606637.05074341
2018-04-20,True,-0.0479540389606273,0.0,-0.0479540389606273,3433684.237095218
2018-04-23,True,-0.0078639324399361,0.0,-0.0078639324399361,3406681.976234628
2018-04-24,True,-0.0637513154037792,0.0,-0.0637513154037792,3189501.519087324
2018-04-25,True,0.0039409772607146,0.0,0.0039409772607146,3202071.272047062
2018-04-26,True,0.0620093061789792,0.0,0.0620093061789792,3400629.4899623417
2018-04-27,True,0.0023273346265526,0.0,0.0023273346265526,3408543.8927264074
2018-04-30,True,-0.0213071048144517,0.0,-0.0213071048144517,3335917.6907394263
2018-05-01,True,0.0325171041014824,0.0,0.0325171041014824,3444392.073563177
2018-05-02,True,-0.0174358460878968,0.0,-0.0174358460878968,3384336.1835021577
2018-05-03,True,6.845995410631467e-05,0.0,6.845995410631467e-05,3384567.8750019604
2018-05-04,True,0.0562588345692991,0.0,0.0562588345692991,3574979.7191702602
2018-05-07,True,0.0237658932979805,0.0,0.0237658932979805,3659942.305718505
2018-05-08,True,-0.0033073453214133,0.0,-0.0033073453214133,3647837.612657044
2018-05-09,True,0.033501464823324,0.0,0.033501464823324,3770045.5161186727
2018-05-10,True,0.0311186973427184,0.0,0.0311186973427184,3887364.421503043
2018-05-11,True,-0.0029939346993961,0.0,-0.0029939346993961,3875725.906272307
2018-05-14,True,0.0044442832359279,0.0,0.0044442832359279,3892950.7299446044
2018-05-15,True,-0.0323483002394482,0.0,-0.0323483002394482,3767020.390914977
2018-05-16,True,0.0184141797107488,0.0,0.0184141797107488,3836386.9813673412
2018-05-17,True,-0.0112860156998881,0.0,-0.0112860156998881,3793089.4576647836
2018-05-18,True,-0.0160169592807204,0.0,-0.0160169592807204,3732335.698273237
2018-05-21,True,0.0174628286074209,0.0,0.0174628286074209,3797512.836877541
2018-05-22,True,-0.0052100333325262,0.0,-0.0052100333325262,3777727.6684167134
2018-05-23,True,0.0251401270874243,0.0,0.0251401270874243,3872700.2221023887
2018-05-24,True,-0.0008414731062019,0.0,-0.0008414731062019,3869441.4490171075
2018-05-25,True,0.002526400881994,0.0,0.002526400881994,3879217.209306729
2018-05-29,True,-0.0127810074517452,0.0,-0.0127810074517452,3829636.9052476417
2018-05-30,True,0.0213346109525438,0.0,0.0213346109525438,3911340.718710604
2018-05-31,True,-0.0021424933881313,0.0,-0.0021424933881313,3902960.6970820376
2018-06-01,True,0.0465201209458696,0.0,0.0465201209458696,4084526.90075727
2018-06-04,True,0.02564528903509,0.0,0.02564528903509,4189275.7736987905
2018-06-05,True,0.0103349240161527,0.0,0.0103349240161527,4232571.620502678
2018-06-06,True,0.0164991623242141,0.0,0.0164991623242141,4302405.506718214
2018-06-07,True,-0.0232106321933159,0.0,-0.0232106321933159,4202543.95495528
2018-06-08,True,-0.0006647006512803,0.0,-0.0006647006512803,4199750.521251387
2018-06-11,True,0.0078150116501469,0.0,0.0078150116501469,4232571.620502678
2018-06-12,True,0.0158391113109077,0.0,0.0158391113109077,4299611.793531208
2018-06-13,True,-0.0011369489492956,0.0,-0.0011369489492956,4294723.354420175
2018-06-14,True,0.0304065976579823,0.0,0.0304065976579823,4425311.279510369
2018-06-15,True,-0.0099416360314724,0.0,-0.0099416360314724,4381316.445443507
2018-06-18,True,-0.0022315570735249,0.0,-0.0022315570735249,4371539.287738327
2018-06-19,True,-0.0089456168408239,0.0,-0.0089456168408239,4332433.172265612
2018-06-20,True,0.0209542994035709,0.0,0.0209542994035709,4423216.274103228
2018-06-21,True,-0.0258920259715133,0.0,-0.0258920259715133,4308690.243456528
2018-06-22,True,-0.0100486234386106,0.0,-0.0100486234386106,4265393.837686417
2018-06-25,True,-0.0638506543461704,0.0,-0.0638506543461704,3993045.650106016
2018-06-26,True,0.0110176540597171,0.0,0.0110176540597171,4037039.6457235427
2018-06-27,True,-0.0401314284638257,0.0,-0.0401314284638257,3875027.47797556
2018-06-28,True,0.0245090886902894,0.0,0.0245090886902894,3970000.870110572
2018-06-29,True,0.0045733846108466,0.0,0.0045733846108466,3988157.2109949836
2018-07-02,True,0.0224128491009765,0.0,0.0224128491009765,4077543.1767559852
2018-07-03,True,-0.0344235926623557,0.0,-0.0344235926623557,3937179.491376169
2018-07-05,True,0.0367151803662872,0.0,0.0367151803662872,4081733.746536493
2018-07-06,True,0.0449956078849507,0.0,0.0449956078849507,4265393.8376864195
2018-07-09,True,0.0278323751518749,0.0,0.0278323751518749,4384109.879147404
2018-07-10,True,0.0023892529706925,0.0,0.0023892529706925,4394584.6267
2018-07-11,True,-0.0146193976941704,0.0,-0.0146193976941704,4330338.446341585
2018-07-12,True,0.0493467931690372,0.0,0.0493467931690372,4544026.762005134
2018-07-13,True,0.0029199170584623,0.0,0.0029199170584623,4557294.943261622
2018-07-16,True,-0.0067421780303204,0.0,-0.0067421780303204,4526568.849417474
2018-07-17,True,0.0185127192672658,0.0,0.0185127192672658,4610367.947770691
2018-07-18,True,-0.0063616433798826,0.0,-0.0063616433798826,4581038.431036931
2018-07-19,True,-0.0147866739958428,0.0,-0.0147866739958428,4513300.109194762
2018-07-20,True,-0.0013925544655496,0.0,-0.0013925544655496,4507015.0929733375
2018-07-23,True,0.0086767216585725,0.0,0.0086767216585725,4546121.208446052
2018-07-24,True,0.0127498320902117,0.0,0.0127498320902117,4604083.49051549
2018-07-25,True,0.041710944673424,0.0,0.041710944673424,4796124.162260206
2018-07-26,True,-0.0436808674520972,0.0,-0.0436808674520972,4586625.298444717
2018-07-27,True,-0.0417174960849668,0.0,-0.0417174960849668,4395282.775513641
2018-07-30,True,-0.0430569606529628,0.0,-0.0430569606529628,4206035.257989705
2018-07-31,True,0.0199237361701538,0.0,0.0199237361701538,4289835.194792257
2018-08-01,True,0.0136740899755198,0.0,0.0136740899755198,4348494.787225998
2018-08-02,True,0.0398266322112883,0.0,0.0398266322112883,4521680.689789552
2018-08-03,True,0.0089574420136666,0.0,0.0089574420136666,4562183.382372659
2018-08-06,True,0.0183683228612039,0.0,0.0183683228612039,4645983.039692099
2018-08-07,True,0.0097701540784109,0.0,0.0097701540784109,4691375.009835575
2018-08-08,True,0.002679391951506,0.0,0.002679391951506,4703945.042278425
2018-08-09,True,-0.0008908628274443,0.0,-0.0008908628274443,4699754.472497918
2018-08-10,True,-0.023328425274205,0.0,-0.023328425274205,4590116.60147914
2018-08-13,True,-0.0028904760907357,0.0,-0.0028904760907357,4576848.979188875
2018-08-14,True,0.0184620654953675,0.0,0.0184620654953675,4661347.064805066
2018-08-15,True,-0.0364045666814382,0.0,-0.0364045666814382,4491652.744759045
2018-08-16,True,0.0091728819444121,0.0,0.0091728819444121,4532854.145122013
2018-08-17,True,-0.0001540196951606,0.0,-0.0001540196951606,4532155.996308374
2018-08-20,True,-0.0020031811384746,0.0,-0.0020031811384746,4523077.266899945
2018-08-21,True,0.0103442205480159,0.0,0.0103442205480159,4569864.975704476
2018-08-22,True,0.0116135085701412,0.0,0.0116135085701412,4622937.141764208
2018-08-23,True,-0.004984394860657,0.0,-0.004984394860657,4599894.597633658
2018-08-24,True,0.027781622446362,0.0,0.027781622446362,4727687.132638177
2018-08-27,True,0.0301329689880907,0.0,0.0301329689880907,4870146.382391358
2018-08-28,True,0.0044450825879336,0.0,0.0044450825879336,4891794.585276415
2018-08-29,True,0.0349751351282174,0.0,0.0349751351282174,5062885.761915939
2018-08-30,True,-0.0056552583314675,0.0,-0.0056552583314675,5034253.8350295955
2018-08-31,True,0.0029129399041678,0.0,0.0029129399041678,5048918.313913363
2018-09-04,True,-0.0118948032681619,0.0,-0.0118948032681619,4988862.423852343
2018-09-05,True,-0.0397536895421134,0.0,-0.0397536895421134,4790536.735886202
2018-09-06,True,-0.0272592686110522,0.0,-0.0272592686110522,4659950.208211567
2018-09-07,True,-0.0098909290507746,0.0,-0.0098909290507746,4613858.971322004
2018-09-10,True,0.0087787274746171,0.0,0.0087787274746171,4654362.781837557
2018-09-11,True,0.0222056464278579,0.0,0.0222056464278579,4757715.916118023
2018-09-12,True,-0.0086600293198697,0.0,-0.0086600293198697,4716513.95678883
2018-09-13,True,0.0296121450740898,0.0,0.0296121450740898,4856180.05232123
2018-09-14,True,-0.007621617838741,0.0,-0.007621617838741,4819168.103806321
2018-09-17,True,-0.042167711158973,0.0,-0.042167711158973,4615954.81517848
2018-09-18,True,0.0237519376615777,0.0,0.0237519376615777,4725592.686197259
2018-09-19,True,-0.0022165406045422,0.0,-0.0022165406045422,4715118.218127775
2018-09-20,True,0.0313979400684683,0.0,0.0313979400684683,4863163.217356294
2018-09-21,True,-0.0159391403565011,0.0,-0.0159391403565011,4785648.576258278
2018-09-24,True,0.0086095996475428,0.0,0.0086095996475428,4826851.094553695
2018-09-25,True,0.0040506904320141,0.0,0.0040506904320141,4846403.174099161
2018-09-26,True,-0.0010085006315239,0.0,-0.0010085006315239,4841515.573437463
2018-09-27,True,0.0276936480097738,0.0,0.0276936480097738,4975594.801562078
2018-09-28,True,-0.0015437981095831,0.0,-0.0015437981095831,4967913.487713375
2018-10-01,True,0.0057631456394531,0.0,0.0057631456394531,4996544.29666727
2018-10-02,True,-0.0057301221111943,0.0,-0.0057301221111943,4967913.487713376
2018-10-03,True,0.0029517261026807,0.0,0.0029517261026807,4982577.407630919
2018-10-04,True,-0.0570426125894177,0.0,-0.0570426125894177,4698358.174870644
2018-10-05,True,-0.0376040903024492,0.0,-0.0376040903024492,4521680.689789558
2018-10-08,True,-0.0179150076464611,0.0,-0.0179150076464611,4440674.745657122
2018-10-09,True,0.0077056387346021,0.0,0.0077056387346021,4474892.980985027
2018-10-10,True,-0.1296817039047004,0.0,-0.1296817039047004,3894581.2344197044
2018-10-11,True,-0.0405235959702167,0.0,-0.0405235959702167,3736758.7980028926
2018-10-12,True,0.084470005008882,0.0,0.084470005008882,4052402.8323871805
2018-10-15,True,-0.037739021550475,0.0,-0.037739021550475,3899469.1145645147
2018-10-16,True,0.0861389612936296,0.0,0.0861389612936296,4235365.3336896915
2018-10-17,True,0.0032976162509865,0.0,0.0032976162509865,4249331.943242932
2018-10-18,True,-0.0693507270630132,0.0,-0.0693507270630132,3954637.683446948
2018-10-19,True,-0.0040616044280965,0.0,-0.0040616044280965,3938575.509520342
2018-10-22,True,0.0150710072893418,0.0,0.0150710072893418,3997933.8097339463
2018-10-23,True,-0.0110043229021536,0.0,-0.0110043229021536,3953939.255150197
2018-10-24,True,-0.1359944436150769,0.0,-0.1359944436150769,3416225.4860582342
2018-10-25,False,-5.504452659615475e-05,0.0005008208859397106,-0.0005558654125358654,3414326.524469111
2018-10-26,False,0.0011238804482793083,7.79770372703853e-07,0.0011231006779066045,3418161.156903337
2018-10-29,False,-0.00025645342038997394,6.139752628528533e-07,-0.0002570673956528268,3417282.4591168105
2018-10-30,False,-0.00032822072393142235,9.333431298796657e-07,-0.000329154067061302,3416157.6466970947
2018-10-31,False,-0.00032383185664587214,8.818367754605122e-07,-0.00032471369342133263,3415048.373530326
2018-11-01,False,-0.002109891424277153,3.0080313822378193e-06,-0.0021128994556593905,3407832.7196808434
2018-11-02,False,-0.0012689735994236998,4.1376944607188216e-07,-0.0012693873688697716,3403506.859871259
2018-11-05,False,0.0008132225299778565,6.70584244121461e-07,0.000812551945733735,3406272.3859925657
2018-11-06,False,-0.0008754874921255099,3.37877055823832e-07,-0.0008758253691813337,3403289.086222572
2018-11-07,False,-0.0010320651963448145,3.299963783862381e-07,-0.0010323951927232007,3399775.5469305078
2018-11-08,False,0.00043068548210869047,8.162008937731419e-07,0.00042986928121491733,3401237.0060011595
2018-11-09,False,-0.00014931444935218212,1.84674866778331e-06,-0.00015116119801996544,3400722.870940583
2018-11-12,False,-0.00018057317618778903,1.1639180304718056e-06,-0.00018173709421826084,3400104.833447776
2018-11-13,False,0.0014337782792160688,2.623275006581466e-07,0.0014335159517154107,3404978.9379640277
2018-11-14,False,0.00643439953602859,7.549081021313992e-07,0.006433644627926459,3426885.362416463
2018-11-15,False,-0.004382013101564066,1.6569251507917439e-06,-0.004383670026714858,3411863.0277682506
2018-11-16,False,0.002031764199257917,1.023215101398453e-06,0.0020307409841565185,3418791.637851068
2018-11-19,False,0.004111865670525412,1.138341680169755e-06,0.0041107273288452425,3432845.3580684094
2018-11-20,False,0.001395894847446173,6.198189899578877e-07,0.001395275028456215,3437635.1214730744
2018-11-21,False,-0.0013491249692689866,7.244565542149362e-07,-0.0013498494258232015,3432994.831678164
2018-11-23,False,0.0018210553921082613,7.351520154402214e-07,0.0018203202400928211,3439243.981654402
2018-11-26,False,-0.0009489566338466568,2.9016835893139192e-08,-0.00094898565068255,3435980.1884666155
2018-11-27,False,-0.0004173213482131159,9.253016968959193e-07,-0.0004182466499100118,3434543.101263632
2018-11-28,False,-0.0007597467983423339,8.773754501321119e-07,-0.000760624173792466,3431930.704754879
2018-11-29,False,0.0015058020858563313,3.288052320384871e-07,0.0015054732806242927,3437097.3847318417
2018-11-30,False,0.0001046621651809897,4.961662458614347e-07,0.00010416599893512826,3437455.41341436
2018-12-03,False,-0.002273055971105289,2.1727628163092094e-06,-0.002275228733921598,3429634.4160861853
2018-12-04,False,0.003503396533246107,4.3111094526680774e-07,0.0035029654223008404,3441648.3068568683
2018-12-06,False,0.0036924821185801236,8.896346867305061e-07,0.003691592483893393,3454353.469878665
2018-12-07,False,8.765759350176187e-05,1.6311332843652465e-06,8.602646021739663e-05,3454650.635680019
2018-12-10,False,0.004996035099135403,2.232838809083204e-06,0.00499380226032632,3471902.477833116
2018-12-11,False,-0.0021430930562063746,2.082641534266877e-07,-0.0021433013203598014,3464461.1446682154
2018-12-12,False,-0.00212004908536663,9.085847299980382e-07,-0.002120957670096628,3457113.16923068
2018-12-13,False,-0.0023691120757551444,4.228163533693957e-07,-0.0023695348921085138,3448921.41895022
2018-12-14,False,0.001798815996252278,9.645658249291949e-07,0.0017978514304273488,3455122.067256711
2018-12-17,False,0.0011404873604464255,1.0805155790470645e-06,0.0011394068448673785,3459058.8569899956
2018-12-18,False,0.007796480550260037,2.0330691244042214e-06,0.0077944474811356326,3486020.3095849613
2018-12-19,False,-0.002995546896770633,8.095692410075989e-07,-0.0029963564660116407,3475574.9500896884
2018-12-20,False,0.0060771537137092905,1.5466446773304831e-06,0.00607560706903196,3496691.177825404
2018-12-21,False,0.002293960660780027,1.3346116765200061e-06,0.0022926260491035067,3504707.7831053566
2018-12-24,False,0.005094520658786944,9.709825495504143e-07,0.0050935496762373935,3522559.1862993
2018-12-26,False,-0.0041733447190320195,2.7893999290763694e-07,-0.004173623659024927,3507857.349939045
2018-12-27,False,0.005778533570934622,4.984165441799804e-07,0.005778035154390442,3528125.8730235794
2018-12-28,False,0.00011229332314408036,1.2535747857788522e-06,0.00011103974835830151,3528517.635232697
2018-12-31,False,0.00032841045163727365,8.261304320712343e-07,0.0003275843212052024,3529673.522287095
2019-01-02,False,0.0017418317268920412,3.1747505739052054e-07,0.0017415142518346508,3535820.499030481
2019-01-03,False,0.003943443680660936,1.258942710434391e-06,0.0039421847379505015,3549759.356637892
2019-01-04,False,-0.010179881409895584,9.951502768204557e-07,-0.010180876560172405,3513619.6948096445
2019-01-07,False,-0.0028537012807935674,1.2262157065333345e-06,-0.0028549274965001007,3503588.5653306884
2019-01-08,False,-0.003013844593486839,2.484413313153938e-07,-0.0030140930348181542,3493028.4234390566
2019-01-09,False,-0.003394544227815162,2.362261429597903e-06,-0.0033969064892447596,3481162.9325203598
2019-01-10,False,-0.00022468603003536364,1.059352360015406e-06,-0.00022574538239537905,3480377.0760629773
2019-01-11,False,0.0022546773410596324,1.571993426940921e-07,0.0022545201417169384,3488223.6562817316
2019-01-14,False,0.0035136323997451736,7.716831889872933e-07,0.0035128607165561864,3500477.3001344455
2019-01-15,False,-0.0011923342986951979,8.805513209382554e-08,-0.0011924223538272917,3496303.2527527004
2019-01-16,False,-0.0009400454041211731,8.474557461925491e-07,-0.0009408928598673656,3493013.6059862543
2019-01-17,False,-0.002180945811892853,2.036197817280455e-07,-0.002181149431674581,3485394.821344726
2019-01-18,False,-0.0059615789719191,6.913301454264248e-07,-0.005962270302064527,3464613.9553104527
2019-01-22,False,0.005378282205879002,8.888392042772364e-07,0.005377393366674725,3483244.547411828
2019-01-23,False,-0.001323245981108791,2.208332135137381e-07,-0.0013234668143223048,3478634.5888471594
2019-01-24,False,0.002757006146780462,8.714297716330422e-07,0.002756134717008829,3488222.1744052684
2019-01-25,False,0.00025765736943985973,2.3926510511635553e-06,0.0002552647183886962,3489112.594456295
2019-01-28,False,0.004323307024362721,8.540896707333185e-07,0.004322452934691988,3504194.119429673
2019-01-29,False,0.0021514139973880827,5.729617748583965e-07,0.0021508410356132243,3511731.083938497
2019-01-30,False,-0.000676948512303078,1.6399520777354015e-06,-0.0006785884643808135,3509348.063734929
2019-01-31,False,0.004070827493159195,5.958500178416676e-07,0.004070231643141353,3523631.9232707396
2019-02-01,False,-0.005127833581190842,7.709811997547445e-07,-0.005128604562390597,3505560.6085128677
2019-02-04,False,-0.0017696691291980242,4.390551705810708e-07,-0.0017701081843686053,3499355.3869889393
2019-02-05,False,0.0031688290633526835,3.191837174674195e-07,0.003168509879635216,3510443.1291049686
2019-02-06,False,-0.0017196340149695664,8.413247756917652e-07,-0.0017204753397452581,3504403.498269765
2019-02-07,False,0.005924018090046346,1.2568845117409688e-06,0.005922761205534605,3525159.243357857
2019-02-08,False,0.0019740207787011465,3.034469697394959e-07,0.001973717331731407,3532116.9112535855
2019-02-11,False,-0.0002779913928281531,8.782427093853851e-07,-0.00027886963553753845,3531131.911097868
2019-02-12,False,-0.0022802462304607166,9.604824313667605e-07,-0.0022812067128920835,3523076.669278164
2019-02-13,False,-0.002525308945988694,2.390625788545736e-07,-0.0025255480085675484,3514178.970012038
2019-02-14,False,0.003914313047535696,2.786719585100572e-07,0.003914034375577186,3527933.587302596
2019-02-15,False,-0.002373138586891139,1.6366943380066167e-06,-0.0023747752812291454,3519555.537825652
2019-02-19,False,0.005141354738614552,1.6718966789350808e-06,0.005139682841935617,3537644.937034654
2019-02-20,False,-0.002149755363928021,2.7563331688010286e-07,-0.002150030997244901,3530038.890762783
2019-02-21,False,-0.005204849711443218,1.0222016993339938e-06,-0.005205871913142552,3511661.96044906
2019-02-22,False,0.0013534323202680717,4.5329188682120825e-07,0.0013529790283812505,3516413.1654363116
2019-02-25,False,0.0025647217704702486,1.024917742740522e-06,0.0025636968527275083,3525428.182801431
2019-02-26,False,-0.00013039992934279696,4.7499528446105777e-07,-0.000130874924627258,3524966.7926537283
2019-02-27,False,-0.005367841150847386,5.934234892716883e-07,-0.005368434574336657,3506043.239050657
2019-02-28,False,-0.0013674041917551723,7.087282744021733e-07,-0.0013681129200295745,3501246.5759971295
2019-03-01,False,-0.00411027923428626,2.1600831102357443e-06,-0.004112439317396496,3486847.911918099
2019-03-04,False,-0.0005229441716264964,3.934795217331588e-07,-0.0005233376511482296,3485023.1131219654
2019-03-05,False,0.0002487508646563158,1.7787270889528528e-07,0.0002485729919474205,3485889.3957442003
2019-03-06,False,0.003909760746736129,1.1439008303128078e-06,0.003908616845905816,3499514.4017593698
2019-03-07,False,0.004275822874749059,1.252009483419872e-06,0.00427457086526564,3514473.324063708
2019-03-08,False,0.0038762352991317094,1.1736702403998128e-06,0.0038750616288913096,3528092.1247875495
2019-03-11,False,-0.0011414633995665985,6.245340159098112e-07,-0.0011420879335825084,3524062.733343262
2019-03-12,False,0.0006563721434810448,1.0936774978033138e-06,0.0006552784659832415,3526371.975765196
2019-03-13,False,-0.00044282449452736256,1.239844737282475e-06,-0.000444064339264645,3524806.0397237763
2019-03-14,True,-0.0044265958423126,0.0005,-0.0049265958423126005,3507440.744943515
2019-03-15,True,0.0248241065536967,0.0,0.0248241065536967,3594509.8277267697
2019-03-18,True,0.0090383938474591,0.0,0.0090383938474591,3626998.4232383273
2019-03-19,True,0.0100322362192704,0.0,0.0100322362192704,3663385.328187175
2019-03-20,True,0.0115329994752024,0.0,0.0115329994752024,3705635.1492546224
2019-03-21,True,0.0463076105817614,0.0,0.0463076105817614,3877234.258704393
2019-03-22,True,-0.0653813799967273,0.0,-0.0653813799967273,3623735.332299712
2019-03-25,True,-0.0062780422673162,0.0,-0.0062780422673162,3600985.368717967
2019-03-26,True,0.013718338184369,0.0,0.013718338184369,3650384.9038030053
2019-03-27,True,-0.0195867612963867,0.0,-0.0195867612963867,3578885.6860522823
2019-03-28,True,0.0063566444643801,0.0,0.0063566444643801,3601635.3899371754
2019-03-29,True,0.0225590675463316,0.0,0.0225590675463316,3682884.925976027
2019-04-01,True,0.0393576776241288,0.0,0.0393576776241288,3827834.723619355
2019-04-02,True,0.01103759274234,0.0,0.01103759274234,3870084.804383653
2019-04-03,True,0.0172991220090137,0.0,0.0172991220090137,3937033.873599916
2019-04-04,True,-0.0014858067689992,0.0,-0.0014858067689992,3931184.2020207425
2019-04-05,True,0.0150463194634231,0.0,0.0150463194634231,3990334.0553939086
2019-04-08,True,0.0078186939266091,0.0,0.0078186939266091,4021533.256037959
2019-04-09,True,-0.0109906750777227,0.0,-0.0109906750777227,3977333.8907065894
2019-04-10,True,0.0161790549904523,0.0,0.0161790549904523,4041683.3944397215
2019-04-11,True,-0.0075585928288497,0.0,-0.0075585928288497,4011133.955318028
2019-04-12,True,0.0123156681706912,0.0,0.0123156681706912,4060533.7500999174
2019-04-15,True,0.0008003495597372,0.0,0.0008003495597372,4063783.5964991087
2019-04-16,True,0.0097568522656497,0.0,0.0097568522656497,4103433.332689721
2019-04-17,True,0.0099793308705558,0.0,0.0099793308705558,4144382.8516218993
2019-04-18,True,0.0031368782396836,0.0,0.0031368782396836,4157383.2760060704
2019-04-22,True,0.0084427115148912,0.0,0.0084427115148912,4192482.8636622233
2019-04-23,True,0.0379845286323374,0.0,0.0379845286323374,4351732.349037586
2019-04-24,True,-0.0097085570959427,0.0,-0.0097085570959427,4309483.307060693
2019-04-25,True,0.0111614336599277,0.0,0.0111614336599277,4357583.319101018
2019-04-26,True,0.0035798444530528,0.0,0.0035798444530528,4373182.7895746175
2019-04-29,True,0.0053507310876383,0.0,0.0053507310876383,4396582.514678719
2019-04-30,True,-0.0229156241184117,0.0,-0.0229156241184117,4295832.08236676
2019-05-01,True,-0.01149916834515,0.0,-0.01149916834515,4246433.5860691285
2019-05-02,True,-0.0122457863503915,0.0,-0.0122457863503915,4194432.667622998
2019-05-03,True,0.0471100560853903,0.0,0.0471100560853903,4392032.625841112
2019-05-06,True,-0.0179075377279012,0.0,-0.0179075377279012,4313382.135891688
2019-05-07,True,-0.0581675431536927,0.0,-0.0581675431536927,4062483.294363842
2019-05-08,True,-0.0087998759842551,0.0,-0.0087998759842551,4026733.9451853316
2019-05-09,True,-0.0158192080921906,0.0,-0.0158192080921906,3963034.2029745574
2019-05-10,True,0.002788227597064,0.0,0.002788227597064,3974084.0443074005
2019-05-13,True,-0.1033693810295004,0.0,-0.1033693810295004,3563285.4364881306
2019-05-14,True,0.0313755425830093,0.0,0.0313755425830093,3675085.450436081
2019-05-15,True,0.0415634616509805,0.0,0.0415634616509805,3827834.7236193577
2019-05-16,True,0.0312447526657222,0.0,0.0312447526657222,3947434.4728041077
2019-05-17,True,-0.031121442579267,0.0,-0.031121442579267,3824584.617523316
2019-05-20,True,-0.0501360348179602,0.0,-0.0501360348179602,3632835.1099749315
2019-05-21,True,0.0300591482314398,0.0,0.0300591482314398,3742035.0390460473
2019-05-22,True,-0.0130276101249732,0.0,-0.0130276101249732,3693285.2654833663
2019-05-23,True,-0.0471665310154852,0.0,-0.0471665310154852,3519085.811459911
2019-05-24,True,-0.0014776309346828,0.0,-0.0014776309346828,3513885.9014030946
2019-05-28,True,-0.0107287696842784,0.0,-0.0107287696842784,3476186.228870108
2019-05-29,True,-0.0250561164670509,0.0,-0.0250561164670509,3389086.50185838
2019-05-30,True,0.011891038304193,0.0,0.011891038304193,3429386.259268202
2019-05-31,True,-0.0481425550140912,0.0,-0.0481425550140912,3264286.8426168137
2019-06-03,True,-0.0639186354702474,0.0,-0.0639186354702474,3055638.081853265
2019-06-04,True,0.0810464880977017,0.0,0.0810464880977017,3303286.8172850693
2019-06-05,True,0.0220384314823054,0.0,0.0220384314823054,3376086.077474209
2019-06-06,True,0.0231037382470171,0.0,0.0231037382470171,3454086.2865075725
2019-06-07,True,0.0570191019780901,0.0,0.0570191019780901,3651035.1847190703
2019-06-10,True,0.0364964806827876,0.0,0.0364964806827876,3784285.119810348
2019-06-11,True,0.0037786338984677,0.0,0.0037786338984677,3798584.547845531
2019-06-12,True,-0.0169402532782707,0.0,-0.0169402532782707,3734235.5635061017
2019-06-13,True,0.0163618863623244,0.0,0.0163618863623244,3795334.7014463395
2019-06-14,True,-0.0130159942046522,0.0,-0.0130159942046522,3745934.6469675982
2019-06-17,True,0.0182198614154114,0.0,0.0182198614154114,3814185.057106536
2019-06-18,True,0.0432854973698968,0.0,0.0432854973698968,3979283.9543642206
2019-06-19,True,0.0117607717229824,0.0,0.0117607717229824,4026083.404572425
2019-06-20,True,0.0274460214569918,0.0,0.0274460214569918,4136583.376081959
2019-06-21,True,-0.0045569239755537,0.0,-0.0045569239755537,4117733.280118614
2019-06-24,True,-0.0003155287774795,0.0,-0.0003155287774795,4116434.016770751
2019-06-25,True,-0.0511606897265268,0.0,-0.0511606897265268,3905834.413259023
2019-06-26,True,0.0126475600758937,0.0,0.0126475600758937,3955233.688647209
2019-06-27,True,0.0108464139822241,0.0,0.0108464139822241,3998133.790630717
2019-06-28,True,0.0042270451384531,0.0,0.0042270451384531,4015034.0826332876
2019-07-01,True,0.0398252575197446,0.0,0.0398252575197446,4174933.8489247104
2019-07-02,True,0.0121436171847271,0.0,0.0121436171847271,4225632.647357611
2019-07-03,True,0.0221504535103145,0.0,0.0221504535103145,4319232.326864573
2019-07-05,True,-0.0064710881981434,0.0,-0.0064710881981434,4291282.193529161
2019-07-08,True,-0.0210540929127089,0.0,-0.0210540929127089,4200933.139511945
2019-07-09,True,0.0150086274385681,0.0,0.0150086274385681,4263983.379897214
2019-07-10,True,0.0295731551341487,0.0,0.0295731551341487,4390082.821880345
2019-07-11,True,-0.0026651847859084,0.0,-0.0026651847859084,4378382.439934592
2019-07-12,True,0.0167754969130329,0.0,0.0167754969130329,4451831.981039792
2019-07-15,True,0.0084684669338945,0.0,0.0084684669338945,4489532.172966482
2019-07-16,True,-0.0141885611804261,0.0,-0.0141885611804261,4425832.171058856
2019-07-17,True,-0.0148332073918182,0.0,-0.0148332073918182,4360182.88458416
2019-07-18,True,0.0043230564799092,0.0,0.0043230564799092,4379032.20145695
2019-07-19,True,-0.0241948033494301,0.0,-0.0241948033494301,4273082.378481877
2019-07-22,True,0.0235781111803203,0.0,0.0235781111803203,4373833.589884391
2019-07-23,True,0.0193193546115519,0.0,0.0193193546115519,4458333.232019285
2019-07-24,True,0.0212856281759226,0.0,0.0212856281759226,4553231.655480406
2019-07-25,True,-0.0285511694832426,0.0,-0.0285511694832426,4423231.56678832
2019-07-26,True,0.0296842091913898,0.0,0.0296842091913898,4554531.697918824
2019-07-29,True,-0.0092763788184636,0.0,-0.0092763788184636,4512282.136548229
2019-07-30,True,-0.013396803142872,0.0,-0.013396803142872,4451831.981039794
2019-07-31,True,-0.042195797582348,0.0,-0.042195797582348,4263983.379897215
2019-08-01,True,-0.0140245982113492,0.0,-0.0140245982113492,4204182.726214287
2019-08-02,True,-0.0457636506799233,0.0,-0.0457636506799233,4011783.9765372486
2019-08-05,True,-0.1049902414236193,0.0,-0.1049902414236193,3590585.8083011955
2019-08-06,True,0.0410933956195493,0.0,0.0410933956195493,3738135.1714276555
2019-08-07,True,0.01460620390426,0.0,0.01460620390426,3792735.135963214
2019-08-08,True,0.0661524131890842,0.0,0.0661524131890842,4043633.71779421
2019-08-09,True,-0.029577231231799,0.0,-0.029577231231799,3924034.2283063116
2019-08-12,True,-0.0334602311559777,0.0,-0.0334602311559777,3792735.1359632136
2019-08-13,True,0.065638187100375,0.0,0.065638187100375,4041683.394439733
2019-08-14,True,-0.0895784652422958,0.0,-0.0895784652422958,3679635.598970549
2019-08-15,True,-0.0042396180666689,0.0,-0.0042396180666689,3664035.3494063956
2019-08-16,True,0.0461238138155974,0.0,0.0461238138155974,3833034.633676184
2019-08-19,True,0.0468034133600729,0.0,0.0468034133600729,4012433.738059607
2019-08-20,True,-0.0205732492486303,0.0,-0.0205732492486303,3929884.9386728927
2019-08-21,True,0.0254712578537468,0.0,0.0254712578537468,4029984.0512813856
2019-08-22,True,-0.0096774513675444,0.0,-0.0096774513675444,3990984.0766131305
2019-08-23,True,-0.0915309792380291,0.0,-0.0915309792380291,3625685.3959573493
2019-08-26,True,0.0405162957798392,0.0,0.0405162957798392,3772584.7378646014
2019-08-27,True,-0.0060304074949615,0.0,-0.0060304074949615,3749834.5145860054
2019-08-28,True,0.0100537589280791,0.0,0.0100537589280791,3787534.4468158437
2019-08-29,True,0.045478178977671,0.0,0.045478178977671,3959784.616272229
2019-08-30,True,-0.0070584983891689,0.0,-0.0070584983891689,3931834.482936816
2019-09-03,True,-0.029095858261901,0.0,-0.029095858261901,3817434.384112031
2019-09-04,True,0.0420569868021389,0.0,0.0420569868021389,3977984.1716226623
2019-09-05,True,0.0552289529324676,0.0,0.0552289529324676,4197684.072203312
2019-09-06,True,-0.0027875277974805,0.0,-0.0027875277974805,4185982.911167004
2019-09-09,True,-0.0063663212134357,0.0,-0.0063663212134357,4159333.5993605624
2019-09-10,True,-0.0082826598791678,0.0,-0.0082826598791678,4124883.2538330643
2019-09-11,True,0.0269461524586431,0.0,0.0269461524586431,4236032.986864954
2019-09-12,True,0.0124291195885493,0.0,0.0124291195885493,4288683.147439739
2019-09-13,True,-0.0106091791362458,0.0,-0.0106091791362458,4243183.739669952
2019-09-16,True,-0.0137869615915012,0.0,-0.0137869615915012,4184683.1284254403
2019-09-17,True,0.0132028457979573,0.0,0.0132028457979573,4239932.854483355
2019-09-18,True,-0.0006131147761886,0.0,-0.0006131147761886,4237333.289000224
2019-09-19,True,0.0044485752424239,0.0,0.0044485752424239,4256183.384963568
2019-09-20,True,-0.0314601613455817,0.0,-0.0314601613455817,4122283.168956231
2019-09-23,True,0.0009460455428604,0.0,0.0009460455428604,4126183.036574631
2019-09-24,True,-0.0395398924754192,0.0,-0.0395398924754192,3963034.202974571
2019-09-25,True,0.0319829344665272,0.0,0.0319829344665272,4089783.666176913
2019-09-26,True,-0.0100127004192642,0.0,-0.0100127004192642,4048833.8875478837
2019-09-27,True,-0.0362818890542875,0.0,-0.0362818890542875,3901934.545640631
2019-09-30,True,0.0266535169912942,0.0,0.0266535169912942,4005934.824351782
2019-10-01,True,-0.0241768347806514,0.0,-0.0241768347806514,3909083.9999613715
2019-10-02,True,-0.0512136564258575,0.0,-0.0512136564258575,3708885.515047533
2019-10-03,True,0.0329475781278227,0.0,0.0329475781278227,3831084.3103217115
2019-10-04,True,0.0420768783376512,0.0,0.0420768783376512,3992284.378748403
2019-10-07,True,-0.0092805738735475,0.0,-0.0092805738735475,3955233.6886472185
2019-10-08,True,-0.0455216758551023,0.0,-0.0455216758551023,3775184.8227414396
2019-10-09,True,0.0303029719353333,0.0,0.0303029719353333,3889584.1424756697
2019-10-10,True,0.0218917806973466,0.0,0.0218917806973466,3974734.0655266237
2019-10-11,True,0.0374488967339645,0.0,0.0374488967339645,4123583.4710915014
2019-10-14,True,0.0011033192786449,0.0,0.0011033192786449,4128133.1002322584
2019-10-15,True,0.0379467901579324,0.0,0.0379467901579324,4284782.500730787
2019-10-16,True,-0.00743322239846,0.0,-0.00743322239846,4252932.759473826
2019-10-17,True,0.0068777093655016,0.0,0.0068777093655016,4282183.194944508
2019-10-18,True,-0.028688542734224,0.0,-0.028688542734224,4159333.599360567
2019-10-21,True,0.0264101566229155,0.0,0.0264101566229155,4269182.251166635
2019-10-22,True,-0.0231423875481253,0.0,-0.0231423875481253,4170383.1809965586
2019-10-23,True,0.0046757951582383,0.0,0.0046757951582383,4189883.0384822614
2019-10-24,True,0.0286998444130706,0.0,0.0286998444130706,4310132.029795665
2019-10-25,True,0.022771884332758,0.0,0.022771884332758,4408281.857837088
2019-10-28,True,0.0305222082576668,0.0,0.0305222082576668,4542832.354760486
2019-10-29,True,-0.0230364124085596,0.0,-0.0230364124085596,4438181.795133276
2019-10-30,True,0.0140599195218495,0.0,0.0140599195218495,4500582.273996187
2019-10-31,True,0.0007222100597237,0.0,0.0007222100597237,4503832.639789082
2019-11-01,True,0.02713229474566,0.0,0.02713229474566,4626031.954456964
2019-11-04,True,0.0178445197943097,0.0,0.0178445197943097,4708581.27323738
2019-11-05,True,0.0012422875475399,0.0,0.0012422875475399,4714430.685119703
2019-11-06,True,-0.0063422159096667,0.0,-0.0063422159096667,4684530.747823516
2019-11-07,True,0.0101291363153104,0.0,0.0101291363153104,4731980.998341483
2019-11-08,True,0.0118131808425934,0.0,0.0118131808425934,4787880.745618607
2019-11-11,True,-0.0042084087682523,0.0,-0.0042084087682523,4767731.386307399
2019-11-12,True,0.0081798223133342,0.0,0.0081798223133342,4806730.5818851
2019-11-13,True,-0.0014874920889863,0.0,-0.0014874920889863,4799580.6081706565
2019-11-14,True,-0.0002707576246353,0.0,-0.0002707576246353,4798281.085125943
2019-11-15,True,0.0188294625542648,0.0,0.0188294625542648,4888630.139143159
2019-11-18,True,0.0051852991430472,0.0,0.0051852991430472,4913979.148814333
2019-11-19,True,0.0041007332107174,0.0,0.0041007332107174,4934130.066306649
2019-11-20,True,-0.0175207067778775,0.0,-0.0175207067778775,4847680.62021098
2019-11-21,True,-0.0077768474217978,0.0,-0.0077768474217978,4809980.947677993
2019-11-22,True,0.0027025856730349,0.0,0.0027025856730349,4822980.333274758
2019-11-25,True,0.0346360443899813,0.0,0.0346360443899813,4990029.294190071
2019-11-26,True,0.0059921443985122,0.0,0.0059921443985122,5019930.270273664
2019-11-27,True,0.0201995223787816,0.0,0.0201995223787816,5121330.46410798
2019-11-29,True,-0.0133265937872107,0.0,-0.0133265937872107,5053080.573362745
2019-12-02,True,-0.0321588281234099,0.0,-0.0321588281234099,4890579.423710232
2019-12-03,True,-0.0224611693002684,0.0,-0.0224611693002684,4780731.291297867
2019-12-04,True,0.014819794694868,0.0,0.014819794694868,4851580.747526233
2019-12-05,True,0.0052251111086845,0.0,0.0052251111086845,4876930.795984812
2019-12-06,True,0.0309209246212402,0.0,0.0309209246212402,5027730.005510464
2019-12-09,True,-0.0122820273309973,0.0,-0.0122820273309973,4965979.288169909
2019-12-10,True,-0.0022249513340922,0.0,-0.0022249513340922,4954930.225927622
2019-12-11,True,0.0150857955090417,0.0,0.0150857955090417,5029679.290077536
2019-12-12,True,0.0228739875694863,0.0,0.0228739875694863,5144728.111637272
2019-12-13,True,0.0089705900614189,0.0,0.0089705900614189,5190879.358504228
2019-12-16,True,0.0286751810791012,0.0,0.0286751810791012,5339728.764069106
2019-12-17,True,0.0013391116710386,0.0,0.0013391116710386,5346879.257177252
2019-12-18,True,0.0023095910879469,0.0,0.0023095910879469,5359228.361857957
2019-12-19,True,0.020376054479839,0.0,0.020376054479839,5468428.2909290735
2019-12-20,True,0.0118861366935638,0.0,0.0118861366935638,5533426.7770940075
2019-12-23,True,0.0074004843608659,0.0,0.0074004843608659,5574376.815419889
2019-12-24,True,0.0012947626496755,0.0,0.0012947626496755,5581594.310315711
2019-12-26,True,0.0259788309814528,0.0,0.0259788309814528,5726597.605510442
2019-12-27,True,-0.0029523262482401,0.0,-0.0029523262482401,5709690.821086585
2019-12-30,True,-0.0199293331606172,0.0,-0.0199293331606172,5595900.490469033
2019-12-31,True,0.0056938479803383,0.0,0.0056938479803383,5627762.697174864
2020-01-02,True,0.0495667198941529,0.0,0.0495667198941529,5906712.434416493
2020-01-03,True,-0.0271908410613065,0.0,-0.0271908410613065,5746103.955417431
2020-01-06,True,0.0190110384079542,0.0,0.0190110384079542,5855343.35840997
2020-01-07,True,-0.0012217233102288,0.0,-0.0012217233102288,5848189.748939607
2020-01-08,True,0.0230154639839064,0.0,0.0230154639839064,5982788.549477377
2020-01-09,True,0.0252146210110728,0.0,0.0252146210110728,6133642.295341836
2020-01-10,True,-0.0081628488212827,0.0,-0.0081628488212827,6083574.300561135
2020-01-13,True,0.0349508803929501,0.0,0.0349508803929501,6296200.578301672
2020-01-14,True,-0.0116699823431565,0.0,-0.0116699823431565,6222724.028723919
2020-01-15,True,0.0006270894984334,0.0,0.0006270894984334,6226626.233613982
2020-01-16,True,0.0278821970729861,0.0,0.0278821970729861,6400238.253359431
2020-01-17,True,0.014934366498795,0.0,0.014934366498795,6495821.757114709
2020-01-21,True,-0.0005005378383018,0.0,-0.0005005378383018,6492570.35253441
2020-01-22,True,0.006810243636806,0.0,0.006810243636806,6536786.338464272
2020-01-23,True,0.0092507860486465,0.0,0.0092507860486465,6597256.7503271215
2020-01-24,True,-0.0259213584927288,0.0,-0.0259213584927288,6426246.893033317
2020-01-27,True,-0.0618232572590078,0.0,-0.0618232572590078,6028955.378155419
2020-01-28,True,0.0464839697927552,0.0,0.0464839697927552,6309205.157835465
2020-01-29,True,0.0036070715594065,0.0,0.0036070715594065,6331962.912322754
2020-01-30,True,0.01129614096093,0.0,0.01129614096093,6403489.657939733
2020-01-31,True,-0.0491472877522817,0.0,-0.0491472877522817,6088775.5091022095
2020-02-03,True,0.0459206513909755,0.0,0.0459206513909755,6368376.046653601
2020-02-04,True,0.0683070861164751,0.0,0.0683070861164751,6803381.257694467
2020-02-05,True,0.0115646608540787,0.0,0.0115646608540787,6882060.054600698
2020-02-06,True,0.0243763480948937,0.0,0.0243763480948937,7049819.546101608
2020-02-07,True,-0.0129127526647973,0.0,-0.0129127526647973,6958786.969971345
2020-02-10,True,0.0360680297455482,0.0,0.0360680297455482,7209776.7053972045
2020-02-11,True,0.0007215545697254,0.0,0.0007215545697254,7214978.952725684
2020-02-12,True,0.0292897869694934,0.0,0.0292897869694934,7426304.149240399
2020-02-13,True,-0.003852490116642,0.0,-0.003852490116642,7397694.3859022735
2020-02-14,True,0.0067680539596384,0.0,0.0067680539596384,7447762.380682974
2020-02-18,True,0.0017459661146166,0.0,0.0017459661146166,7460765.921429363
2020-02-19,True,0.028935125962668,0.0,0.028935125962668,7676644.123143903
2020-02-20,True,-0.0284600619350055,0.0,-0.0284600619350055,7458166.355946232
2020-02-21,True,-0.0571926902085536,0.0,-0.0571926902085536,7031613.758026741
2020-02-24,True,-0.1152209549938215,0.0,-0.1152209549938215,6221424.505679206
2020-02-25,True,-0.0808944950528641,0.0,-0.0808944950528641,5718145.511782773
2020-02-26,True,0.013759132076877,0.0,0.013759132076877,5796822.231114194
2020-02-27,True,-0.1495232219202512,0.0,-0.1495232219202512,4930062.694219061
2020-02-28,False,-0.0069716908421768,0.000504954840943355,-0.007476645683120155,4893202.362258817
2020-03-02,False,-0.0021471498012524803,1.498692951397318e-06,-0.0021486484942038774,4882688.590371314
2020-03-03,False,0.013711424408998278,2.9138649199395434e-06,0.013708510544078338,4949622.978395871
2020-03-04,False,-0.0007820421472605642,4.230925236544114e-07,-0.0007824652397842186,4945750.070465239
2020-03-05,False,0.013057099048589324,1.4056210682121124e-06,0.013055693427521112,5010320.267154374
2020-03-06,False,0.008999638298552824,2.2184285622563747e-06,0.008997419869990567,5055400.222281085
2020-03-09,False,0.0148033782864948,3.906605986023451e-06,0.014799471680508778,5130217.474704372
2020-03-10,False,-0.01563248361578499,1.0999227028308938e-06,-0.015633583538487823,5050013.791242971
2020-03-11,False,-0.0017816971472297948,4.1936336972446533e-07,-0.0017821165105995193,5041014.0782868415
2020-03-12,False,-0.008686010162267091,5.24594107555329e-06,-0.008691256103342645,4997201.333911895
2020-03-13,False,-0.013431196206099222,2.886272948557797e-06,-0.01343408247904778,4930068.519027715
2020-03-16,False,0.005754354928969123,2.8503431559704084e-06,0.0057515045858131525,4958423.830723275
2020-03-17,False,0.0023602928932983333,2.611318879761848e-06,0.0023576815744185712,4970114.21522713
2020-03-18,False,-0.0039714611712146275,3.136031489160002e-06,-0.003974597202703788,4950360.01317017
2020-03-19,False,-0.010997863327428442,2.1401659896861103e-06,-0.011000003493418129,4895906.03573162
2020-03-20,False,0.01646971773011406,5.739279470293457e-07,0.016469143802167033,4976537.416275983
2020-03-23,False,0.02180830253888379,3.6489701363244392e-06,0.021804653568747466,5085049.09060979
2020-03-24,False,0.010009256406339975,6.356558402758325e-06,0.010002899847937216,5135914.327385004
2020-03-25,False,-0.008031906598358793,1.4896023126423491e-06,-0.008033396200671436,5094655.492740415
2020-03-26,False,0.006859526064782818,9.870124535955872e-07,0.006858539052329223,5129597.386395539
2020-03-27,False,0.0003472741151480067,1.1342334300674662e-06,0.00034613988171793925,5131372.944628126
2020-03-30,False,0.004680751944053751,9.60379378348808e-07,0.004679791564675403,5155386.700449601
2020-03-31,False,-0.012667591144452615,3.2375274311747387e-06,-0.01267082867188379,5090063.678830896
2020-04-01,False,0.010962201761457619,1.9186009490538142e-06,0.010960283160508564,5145852.218055902
2020-04-02,False,-0.0024025542726519556,3.6800825526185216e-06,-0.0024062343552045742,5133470.09166201
2020-04-03,False,-0.002164180315699224,1.5476526801827955e-06,-0.0021657279683794067,5122352.391909659
2020-04-06,False,0.006684955125778272,3.480990847696888e-06,0.006681474134930575,5156577.256926202
2020-04-07,False,-0.005978486148649621,8.285390511325458e-07,-0.0059793146877007534,5125744.4587956
2020-04-08,False,-0.004832656262187805,8.093540402355076e-07,-0.00483346561622804,5100969.34919644
2020-04-09,False,0.013183055541091488,2.1286882892558173e-06,0.013180926852802232,5168204.853066584
2020-04-13,False,0.002663777585425093,2.4063510740108265e-06,0.002661371234351082,5181959.364795769
2020-04-14,False,0.0053766205500070776,6.158309905523878e-07,0.005376004719016525,5209817.602794663
2020-04-15,False,0.007589269659034076,2.6682053270946636e-06,0.007586601453706981,5249342.412593572
2020-04-16,False,-0.0008216648838820445,1.370567620421481e-07,-0.0008218019406440866,5245028.492811798
2020-04-17,False,-0.010121312193988147,1.565201720869297e-06,-0.010122877395709017,5191933.712442064
2020-04-20,False,0.011027757868882923,2.3247370512099462e-06,0.011025433131831713,5249177.030413497
2020-04-21,False,0.01980245511007525,7.318009591882446e-06,0.01979513710048337,5353085.209395241
2020-04-22,False,-0.000589684415307757,3.378749799262004e-06,-0.000593063165107019,5349910.491737869
2020-04-23,False,0.00355162236007203,1.0634305496388664e-06,0.003550558929522391,5368905.6642064545
2020-04-24,False,-0.0009551735927844711,5.555885477707689e-07,-0.0009557291813322419,5363774.444391352
2020-04-27,False,-0.0026266458043201556,6.707281547559952e-07,-0.0026273165324749116,5349682.111117137
2020-04-28,False,-0.0013202999444806695,6.351646720088588e-07,-0.0013209351091526783,5342615.528193756
2020-04-29,False,-0.001865518092695611,1.5469662113401228e-06,-0.0018670650589069511,5332640.517417892
2020-04-30,False,-0.010653265975958871,1.8783501217603528e-06,-0.010655144326080631,5275820.463065699
2020-05-01,False,0.004353752537165987,7.224799240585777e-07,0.004353030057241928,5298786.268118036
2020-05-04,False,0.0011839427180140316,3.8635277299151063e-07,0.00118355636524104,5305057.680333719
2020-05-05,False,-0.0063751011311050645,2.7114354869220705e-06,-0.006377812566591987,5271223.016793591
2020-05-06,False,-0.0001509363874528409,2.2304927270899304e-06,-0.00015316688017993083,5270415.640009376
2020-05-07,False,0.005023132254858798,1.712667482331995e-06,0.005021419587376466,5296880.608337735
2020-05-08,False,-0.00789626387921964,1.366412238398923e-06,-0.00789763029145804,5255047.80359509
2020-05-11,False,0.0018750153408357024,1.9355349521327505e-06,0.0018730798058835697,5264890.927514956
2020-05-12,False,0.0015653638923353837,3.8667862456064074e-07,0.001564977213710823,5273130.36184919
2020-05-13,False,0.009708346459762552,1.3438952559557543e-06,0.009707002564506597,5324316.651794637
2020-05-14,False,-0.0006966467393317652,1.7084157056754674e-06,-0.0006983551550374407,5320598.387813804
2020-05-15,False,-0.0007087285034707201,1.1777132617123849e-06,-0.0007099062167324325,5316821.261941559
2020-05-18,False,-0.01592798636075911,3.555297672712884e-06,-0.015931541658431823,5232116.102516501
2020-05-19,False,0.0019419393751922464,1.282221136828729e-06,0.0019406571540554177,5242269.846061698
2020-05-20,False,-0.0013431260296412051,9.824652363586289e-07,-0.0013441084948775637,5235223.666629166
2020-05-21,False,-0.0022754458658797,2.0548242633350035e-06,-0.002277500690143035,5223300.441115366
2020-05-22,False,0.006040734922835837,8.845342757706071e-07,0.006039850388560066,5254848.3943142025
2020-05-26,False,-0.014333182402770267,2.304162243932817e-06,-0.0143354865650142,5179517.585756325
2020-05-27,False,0.006277477339036871,1.7809075036633593e-06,0.0062756964315332075,5212022.665786319
2020-05-28,False,-0.0019798850778414818,1.2207694702841277e-06,-0.001981105847311766,5201697.097206809
2020-05-29,False,0.0006735769884920253,1.4279676519313445e-06,0.0006721490208400939,5205193.412817403
2020-06-01,False,-0.0009254103837691994,1.0767613822024181e-06,-0.0009264871451514018,5200370.8680324005
2020-06-02,False,-0.006943973264290105,1.1053466199953538e-06,-0.006945078610910101,5164253.883548029
2020-06-03,False,-0.011901696955816735,1.5900560144344323e-06,-0.011903287011831168,5102782.287370194
2020-06-04,True,-0.0203186734802561,0.0005,-0.0208186734802561,4996549.129088599
2020-06-05,True,0.0592741930549671,0.0,0.0592741930549671,5292715.546774825
2020-06-08,True,0.0222492975227284,0.0,0.0222492975227284,5410474.749678188
2020-06-09,True,0.0223094709220952,0.0,0.0223094709220952,5531179.578780864
2020-06-10,True,0.0360866609094987,0.0,0.0360866609094987,5730781.380669873
2020-06-11,True,-0.1472309858687943,0.0,-0.1472309858687943,4887032.788195318
2020-06-12,True,0.021687017152151,0.0,0.021687017152151,4993017.952096034
2020-06-15,True,0.0352592285862765,0.0,0.0352592285862765,5169067.913404371
2020-06-16,True,0.0528533352792581,0.0,0.0528533352792581,5442270.392912786
2020-06-17,True,0.0097372196022027,0.0,0.0097372196022027,5495262.974863145
2020-06-18,True,0.0077145365569426,0.0,0.0077145365569426,5537656.3819727395
2020-06-19,True,-0.0013823464439103,0.0,-0.0013823464439103,5530001.422365523
2020-06-22,True,0.0355624517186605,0.0,0.0355624517186605,5726661.830952521
2020-06-23,True,0.0261154543835122,0.0,0.0261154543835122,5876216.206768562
2020-06-24,True,-0.0589179792268788,0.0,-0.0589179792268788,5530001.422365524
2020-06-25,True,0.0265121164846771,0.0,0.0265121164846771,5676613.464235708
2020-06-26,True,-0.0718806386341126,0.0,-0.0718806386341126,5268574.863147443
2020-06-29,True,0.0319625111843258,0.0,0.0319625111843258,5436971.746136252
2020-06-30,True,0.0575047445495098,0.0,0.0575047445495098,5749623.41752072
2020-07-01,True,0.0357398542053788,0.0,0.0357398542053788,5955114.1201987425
2020-07-02,True,0.0212577486124978,0.0,0.0212577486124978,6081706.439124663
2020-07-06,True,0.0734823381804143,0.0,0.0734823381804143,6528604.448398425
2020-07-07,True,-0.0196609212211676,0.0,-0.0196609212211676,6400246.0706543
2020-07-08,True,0.0384545404308453,0.0,0.0384545404308453,6646364.591945635
2020-07-09,True,0.0249823055152871,0.0,0.0249823055152871,6812406.102747607
2020-07-10,True,0.0211755828275073,0.0,0.0211755828275073,6956662.772430955
2020-07-13,True,-0.0617859348065843,0.0,-0.0617859348065843,6526838.859902144
2020-07-14,True,0.0211998859151139,0.0,0.0211998859151139,6665207.099118402
2020-07-15,True,0.0049469413618872,0.0,0.0049469413618872,6698179.487802574
2020-07-16,True,-0.0214487170097988,0.0,-0.0214487170097988,6554512.1314878585
2020-07-17,True,0.0046712075902908,0.0,0.0046712075902908,6585129.618307118
2020-07-20,True,0.0851215927865107,0.0,0.0851215927865107,7145666.340123048
2020-07-21,True,-0.0319708126148257,0.0,-0.0319708126148257,6917213.580554907
2020-07-22,True,0.0115761437676076,0.0,0.0115761437676076,6997288.239434659
2020-07-23,True,-0.0783404940710758,0.0,-0.0783404940710758,6449117.22159962
2020-07-24,True,-0.0295808077721527,0.0,-0.0295808077721527,6258347.124767401
2020-07-27,True,0.053720890769471,0.0,0.053720890769471,6594551.1070544645
2020-07-28,True,-0.0375893743800528,0.0,-0.0375893743800528,6346666.0566230025
2020-07-29,True,0.0340476298811156,0.0,0.0340476298811156,6562754.993497942
2020-07-30,True,0.0162392176841912,0.0,0.0162392176841912,6669329.000445368
2020-07-31,True,0.0539418317560449,0.0,0.0539418317560449,7029084.823313103
2020-08-03,True,0.0372757575427076,0.0,0.0372757575427076,7291099.284934049
2020-08-04,True,0.0130017631510146,0.0,0.0130017631510146,7385896.4309472935
2020-08-05,True,0.007971960116702,0.0,0.007971960116702,7444776.502720897
2020-08-06,True,0.0382790363171443,0.0,0.0382790363171443,7729755.372841573
2020-08-07,True,-0.0326783685409537,0.0,-0.0326783685409537,7477159.578036439
2020-08-10,True,-0.0134655632882733,0.0,-0.0134655632882733,7376475.41252187
2020-08-11,True,-0.05675277160265,0.0,-0.05675277160265,6957839.988202453
2020-08-12,True,0.0748073751526148,0.0,0.0748073751526148,7478337.734451778
2020-08-13,True,0.007007467579881,0.0,0.007007467579881,7530741.94367735
2020-08-14,True,-0.0028929755191892,0.0,-0.0028929755191892,7508955.69159296
2020-08-17,True,0.0330118581452107,0.0,0.0330118581452107,7756840.2717025
2020-08-18,True,0.0293761106104495,0.0,0.0293761106104495,7984706.069511622
2020-08-19,True,-0.0195414908122161,0.0,-0.0195414908122161,7828673.009216015
2020-08-20,True,0.0411400180831282,0.0,0.0411400180831282,8150744.758382061
2020-08-21,True,0.0208772693123078,0.0,0.0208772693123078,8320910.0517986845
2020-08-24,True,0.018539509446841,0.0,0.018539509446841,8475175.64231032
2020-08-25,True,0.0233430222265926,0.0,0.0233430222265926,8673011.855703047
2020-08-26,True,0.06401868140199,0.0,0.06401868140199,9228246.638488984
2020-08-27,True,-0.0090599276453423,0.0,-0.0090599276453423,9144639.3916509
2020-08-28,True,0.0154531916856766,0.0,0.0154531916856766,9285953.25706647
2020-08-31,True,0.0231434396903051,0.0,0.0231434396903051,9500862.15623838
2020-09-01,True,0.0519335803338922,0.0,0.0519335803338922,9994275.944270624
2020-09-02,True,0.0282197597330278,0.0,0.0282197597330278,10276312.010123521
2020-09-03,True,-0.1535553536900202,0.0,-0.1535553536900202,8698329.284780001
2020-09-04,True,-0.0412237942522759,0.0,-0.0412237942522759,8339751.148005686
2020-09-08,True,-0.1413441885819348,0.0,-0.1413441885819348,7160975.789015563
2020-09-09,True,0.0859232652181938,0.0,0.0859232652181938,7776270.210956212
2020-09-10,True,-0.0578481306109236,0.0,-0.0578481306109236,7326427.516126983
2020-09-11,True,-0.0218595774899063,0.0,-0.0218595774899063,7166274.906114023
2020-09-14,True,0.0515159293289335,0.0,0.0515159293289335,7535452.217729103
2020-09-15,True,0.0425065611744122,0.0,0.0425065611744122,7855758.3783988645
2020-09-16,True,-0.0480438203121019,0.0,-0.0480438203121019,7478337.734451781
2020-09-17,True,-0.0460593419085956,0.0,-0.0460593419085956,7133890.419832715
2020-09-18,True,-0.0386263910030661,0.0,-0.0386263910030661,6858333.979103229
2020-09-21,True,0.0118472423799627,0.0,0.0118472423799627,6939586.324076398
2020-09-22,True,0.0546412459909273,0.0,0.0546412459909273,7318773.967485532
2020-09-23,True,-0.0925986368275816,0.0,-0.0925986368275816,6641065.474847181
2020-09-24,True,0.0146289850997733,0.0,0.0146289850997733,6738217.522725339
2020-09-25,True,0.0700803109133778,0.0,0.0700803109133778,7210433.901719902
2020-09-28,True,0.059284717975157,0.0,0.059284717975157,7637902.442061877
2020-09-29,True,-0.0104840393619771,0.0,-0.0104840393619771,7557826.372216359
2020-09-30,True,0.0197881386915252,0.0,0.0197881386915252,7707381.688676245
2020-10-01,True,0.0468293439007632,0.0,0.0468293439007632,8068313.316349709
2020-10-02,True,-0.0824635027922676,0.0,-0.0824635027922676,7402971.938658016
2020-10-05,True,0.06307178748357,0.0,0.06307178748357,7869890.611519886
2020-10-06,True,-0.0537185022614312,0.0,-0.0537185022614312,7447131.874907739
2020-10-07,True,0.0525776746867334,0.0,0.0525776746867334,7838684.751975841
2020-10-08,True,0.0147222862056695,0.0,0.0147222862056695,7954088.112370446
2020-10-09,True,0.0444888625880499,0.0,0.0444888625880499,8307956.445414937
2020-10-12,True,0.0932672282631217,0.0,0.0932672282631217,9082816.515609525
2020-10-13,True,0.0001293502031958,0.0,0.0001293502031958,9083991.379771411
2020-10-14,True,-0.0246951343898017,0.0,-0.0246951343898017,8859660.991852155
2020-10-15,True,-0.0206686258854705,0.0,-0.0206686258854705,8676543.973339466
2020-10-16,True,-0.0153365420474828,0.0,-0.0153365420474828,8543475.791865513
2020-10-19,True,-0.0496898294240746,0.0,-0.0496898294240746,8118951.937079004
2020-10-20,True,0.0064543217331491,0.0,0.0064543217331491,8171354.265016886
2020-10-21,True,-0.0025941121080053,0.0,-0.0025941121080053,8150156.855979206
2020-10-22,True,0.0005060912730128,0.0,0.0005060912730128,8154281.579237702
2020-10-23,True,0.0058485401144099,0.0,0.0058485401144099,8201972.222158069
2020-10-26,True,-0.0455850257984088,0.0,-0.0455850257984088,7828085.106813161
2020-10-27,True,0.0236177384178177,0.0,0.0236177384178177,8012966.77317829
2020-10-28,True,-0.1173486529121341,0.0,-0.1173486529121341,7072655.916516127
2020-10-29,True,0.0508655993548037,0.0,0.0508655993548037,7432410.798740018
2020-10-30,False,0.0009333647233193756,0.0005006040455809957,0.00043276067773838,7435627.2538745105
2020-11-02,True,0.0003405278542194,0.0005,-0.00015947214578060001,7434441.47844111
2020-11-03,True,0.050302305106179,0.0,0.050302305106179,7808411.021983688
2020-11-04,True,0.1351700864205258,0.0,0.1351700864205258,8863874.61463221
2020-11-05,True,0.0771701279396337,0.0,0.0771701279396337,9547900.95268425
2020-11-06,True,0.0033800920676729,0.0,0.0033800920676729,9580173.736957343
2020-11-09,True,-0.061030286799507,0.0,-0.061030286799507,8995492.986201733
2020-11-10,True,-0.0539532602712755,0.0,-0.0539532602712755,8510156.811848758
2020-11-11,True,0.0672166651145198,0.0,0.0672166651145198,9082181.172342846
2020-11-12,True,-0.0146312882416764,0.0,-0.0146312882416764,8949297.16174717
2020-11-13,True,0.0262324384356866,0.0,0.0262324384356866,9184059.048585368
2020-11-16,True,0.0230121051111447,0.0,0.0230121051111447,9395403.580758374
2020-11-17,True,-0.009226874309714,0.0,-0.009226874309714,9308713.372829681
2020-11-18,True,-0.0231799251965515,0.0,-0.0231799251965515,9092938.093171349
2020-11-19,True,0.0247741260122764,0.0,0.0247741260122764,9318207.687313404
2020-11-20,True,-0.0203045393413671,0.0,-0.0203045393413671,9129005.77273532
2020-11-23,True,0.0002079589592218,0.0,0.0002079589592218,9130904.231274547
2020-11-24,True,0.0408873240715257,0.0,0.0408873240715257,9504242.471644735
2020-11-25,True,0.018841562714287,0.0,0.018841562714287,9683317.25222602
2020-11-27,True,0.0273147435746197,0.0,0.0273147435746197,9947814.579922264
2020-11-30,True,0.0051523213035611,0.0,0.0051523213035611,9999068.916906273
2020-12-01,True,0.0392988192166561,0.0,0.0392988192166561,10392020.518606657
2020-12-02,True,0.0040187618093017,0.0,0.0040187618093017,10433783.573788315
2020-12-03,True,0.0040634239045396,0.0,0.0040634239045396,10476180.45937684
2020-12-04,True,0.0122611700826522,0.0,0.0122611700826522,10604630.689805817
2020-12-07,True,0.0169461441280658,0.0,0.0169461441280658,10784338.289900178
2020-12-08,True,0.0091534386277172,0.0,0.0091534386277172,10883052.06857732
2020-12-09,True,-0.0669807051459012,0.0,-0.0669807051459012,10154097.56688445
2020-12-10,True,0.0122763578266809,0.0,0.0122763578266809,10278752.902022554
2020-12-11,True,-0.0070179096448312,0.0,-0.0070179096448312,10206617.542894613
2020-12-14,True,0.0213268252853155,0.0,0.0213268252853155,10424292.291985964
2020-12-15,True,0.0310790697710501,0.0,0.0310790697710501,10748269.599442415
2020-12-16,True,0.016778835943803,0.0,0.016778835943803,10928613.051731225
2020-12-17,True,0.0204965533674434,0.0,0.0204965533674434,11152611.952378172
2020-12-18,True,-0.01089361388931,0.0,-0.01089361388931,11031119.703911662
2020-12-21,True,-0.0037286556275684,0.0,-0.0037286556275684,10989988.457349291
2020-12-22,True,0.0078882912436821,0.0,0.0078882912436821,11076680.687065568
2020-12-23,True,-0.0150815245415071,0.0,-0.0150815245415071,10909627.45544515
2020-12-24,True,0.0129922356813958,0.0,0.0129922356813958,11051367.906542521
2020-12-28,True,0.0300027240444211,0.0,0.0300027240444211,11382939.048155887
2020-12-29,True,0.0029464652363637,0.0,0.0029464652363637,11416478.482348926
2020-12-30,True,-0.0001662910802279,0.0,-0.0001662910802279,11414580.023809697
2020-12-31,True,0.0078163607334744,0.0,0.0078163607334744,11503800.498896906
2021-01-04,True,-0.0437292961556283,0.0,-0.0437292961556283,11000747.39996538
2021-01-05,True,0.0250790304422847,0.0,0.0250790304422847,11276635.478896996
2021-01-06,True,-0.0413557405150678,0.0,-0.0413557405150678,10810281.868148724
2021-01-07,True,0.072231293949589,0.0,0.072231293949589,11591122.515444888
2021-01-08,True,0.0387597054720425,0.0,0.0387597054720425,12040391.010233892
2021-01-11,True,-0.0441977966085614,0.0,-0.0441977966085614,11508232.257276025
2021-01-12,True,-0.0043439095273587,0.0,-0.0043439095273587,11458241.537530586
2021-01-13,True,0.019438959597126,0.0,0.019438959597126,11680977.831832755
2021-01-14,True,-0.0152220244932561,0.0,-0.0152220244932561,11503169.701171417
2021-01-15,True,-0.0243139965728719,0.0,-0.0243139965728719,11223481.67247997
2021-01-19,True,0.0433557819643499,0.0,0.0433557819643499,11710084.49675289
2021-01-20,True,0.0697073142601814,0.0,0.0697073142601814,12526363.036781322
2021-01-21,True,0.0248534181923651,0.0,0.0248534181923651,12837685.975763833
2021-01-22,True,-0.0090695250194852,0.0,-0.0090695250194852,12721254.261614349
2021-01-25,True,0.0277557549507654,0.0,0.0277557549507654,13074342.277566098
2021-01-26,True,0.0010646812822072,0.0,0.0010646812822072,13088262.285066193
2021-01-27,True,-0.0806419572142833,0.0,-0.0806419572142833,12032799.197864568
2021-01-28,True,0.0147245316756627,0.0,0.0147245316756627,12209976.530800415
2021-01-29,True,-0.0622927860377499,0.0,-0.0622927860377499,11449383.075241318
2021-02-01,True,0.0735050326681969,0.0,0.0735050326681969,12290970.352217631
2021-02-02,True,0.0483937269328382,0.0,0.0483937269328382,12885776.215182463
2021-02-03,True,-0.011490781219674,0.0,-0.011490781219674,12737708.579848122
2021-02-04,True,0.0353698703585159,0.0,0.0353698703585159,13188239.680981906
2021-02-05,True,0.0104597398245209,0.0,0.0104597398245209,13326185.2367884
2021-02-08,True,0.0195631703877019,0.0,0.0195631703877019,13586887.669193769
2021-02-09,True,-0.0004656087175523,0.0,-0.0004656087175523,13580561.49585059
2021-02-10,True,-0.0070824399674502,0.0,-0.0070824399674502,13484377.98433196
2021-02-11,True,0.0161426606737429,0.0,0.0161426606737429,13702051.722529521
2021-02-12,True,0.0169945640501938,0.0,0.0169945640501938,13934912.118147118
2021-02-16,True,-0.0083551787396269,0.0,-0.0083551787396269,13818483.436679007
2021-02-17,True,-0.0139208475467772,0.0,-0.0139208475467772,13626118.435429333
2021-02-18,True,-0.0134669675927746,0.0,-0.0134669675927746,13442615.940044098
2021-02-19,True,-0.0131801966843571,0.0,-0.0131801966843571,13265439.618002042
2021-02-22,True,-0.0774660380662627,0.0,-0.0774660380662627,12237818.567588188
2021-02-23,True,-0.0088936512896686,0.0,-0.0088936512896686,12128979.676701827
2021-02-24,True,0.0241028021282729,0.0,0.0241028021282729,12421322.073867215
2021-02-25,True,-0.1044320370393731,0.0,-0.1044320370393731,11124138.106971132
2021-02-26,True,0.0150170025063021,0.0,0.0150170025063021,11291189.316803968
2021-03-01,True,0.0872002364293298,0.0,0.0872002364293298,12275783.694797598
2021-03-02,True,-0.0479381759534631,0.0,-0.0479381759534631,11687305.016069736
2021-03-03,True,-0.086735139591733,0.0,-0.086735139591733,10673604.984049767
2021-03-04,True,-0.049442718728708,0.0,-0.049442718728708,10145872.935002059
2021-03-05,True,0.044779887724222,0.0,0.044779887724222,10600203.985895675
2021-03-08,True,-0.085482490321355,0.0,-0.085482490321355,9694072.151266959
2021-03-09,True,0.1177547980339128,0.0,0.1177547980339128,10835595.65956558
2021-03-10,True,-0.0085263060967398,0.0,-0.0085263060967398,10743208.054231618
2021-03-11,True,0.0693839106049578,0.0,0.0693839106049578,11488613.84147689
2021-03-12,True,-0.0248952731977522,0.0,-0.0248952731977522,11202601.661229845
2021-03-15,True,0.0319701227535622,0.0,0.0319701227535622,11560750.211498624
2021-03-16,True,0.0164201869385083,0.0,0.0164201869385083,11750579.89112083
2021-03-17,True,0.01260122311252,0.0,0.01260122311252,11898651.570030337
2021-03-18,True,-0.091788938498153,0.0,-0.091788938498153,10806486.97285787
2021-03-19,True,0.0127649758204653,0.0,0.0127649758204653,10944431.517770573
2021-03-22,True,0.0533069351193231,0.0,0.0533069351193231,11527845.618606245
2021-03-23,True,-0.0130638375525941,0.0,-0.0130638375525941,11377247.716113389
2021-03-24,True,-0.0505004957065715,0.0,-0.0505004957065715,10802691.066673204
2021-03-25,True,-0.0053891547074813,0.0,-0.0053891547074813,10744473.693257777
2021-03-26,True,0.044169801970836,0.0,0.044169801970836,11219054.96856983
2021-03-29,True,-0.0005642379804785,0.0,-0.0005642379804785,11212724.751651485
2021-03-30,True,-0.0142211986918011,0.0,-0.0142211986918011,11053266.365081774
2021-03-31,True,0.0448821271187742,0.0,0.0448821271187742,11549360.471157046
2021-04-01,True,0.0508437710614535,0.0,0.0508437710614535,12136573.510858756
2021-04-05,True,0.060062544848171,0.0,0.060062544848171,12865527.001657836
2021-04-06,True,-0.0023609080086616,0.0,-0.0023609080086616,12835152.67592397
2021-04-07,True,0.0073951494687338,0.0,0.0073951494687338,12930070.548416447
2021-04-08,True,0.0312224531967719,0.0,0.0312224531967719,13333779.07094534
2021-04-09,True,0.0181282324933516,0.0,0.0181282324933516,13575496.91795842
2021-04-12,True,-0.0039152735955568,0.0,-0.0039152735955568,13522345.133328976
2021-04-13,True,0.0342537126149102,0.0,0.0342537126149102,13985535.657405658
2021-04-14,True,-0.035110028882193,0.0,-0.035110028882193,13494503.096541202
2021-04-15,True,0.0441713553165195,0.0,0.0441713553165195,14090573.587638397
2021-04-16,True,0.0042213321043353,0.0,0.0042213321043353,14150054.578292394
2021-04-19,True,-0.0272783815017009,0.0,-0.0272783815017009,13764063.991235845
2021-04-20,True,-0.0218829873109329,0.0,-0.0218829873109329,13462865.153568763
2021-04-21,True,0.0252865641911597,0.0,0.0252865641911597,13803294.757471407
2021-04-22,True,-0.0363986496803812,0.0,-0.0363986496803812,13300873.467159163
2021-04-23,True,0.0376784015368225,0.0,0.0376784015368225,13802029.118445255
2021-04-26,True,0.0198056981564813,0.0,0.0198056981564813,14075387.941112148
2021-04-27,True,-0.0131271085442338,0.0,-0.0131271085442338,13890618.795806969
2021-04-28,True,-0.0102950834179467,0.0,-0.0102950834179467,13747613.716577236
2021-04-29,True,0.0100339983987605,0.0,0.0100339983987605,13885557.25059615
2021-04-30,True,-0.0187750788607476,0.0,-0.0187750788607476,13624854.818190783
2021-05-03,True,-0.0163478663199097,0.0,-0.0163478663199097,13402117.512994822
2021-05-04,True,-0.0526911511212623,0.0,-0.0526911511212623,12695944.513772696
2021-05-05,True,-0.0116627523821717,0.0,-0.0116627523821717,12547874.856650773
2021-05-06,True,0.021886133295909,0.0,0.021886133295909,12822499.318343818
2021-05-07,True,0.0244768363204992,0.0,0.0244768363204992,13136353.535378633
2021-05-10,True,-0.0751444174823589,0.0,-0.0751444174823589,12149229.90112028
2021-05-11,True,-0.0050001227294531,0.0,-0.0050001227294531,12088482.26054634
2021-05-12,True,-0.0761097060329755,0.0,-0.0761097060329755,11168431.429311318
2021-05-13,True,0.0210764299593884,0.0,0.0210764299593884,11403822.09208743
2021-05-14,True,0.0650319610173983,0.0,0.0650319610173983,12145435.005829405
2021-05-17,True,-0.0168805309495128,0.0,-0.0168805309495128,11940413.614318205
2021-05-18,True,-0.0209855635990602,0.0,-0.0209855635990602,11689837.305015845
2021-05-19,True,0.0036806904405559,0.0,0.0036806904405559,11732863.977436073
2021-05-20,True,0.0578148691078546,0.0,0.0578148691078546,12411197.972551802
2021-05-21,True,-0.0165189839909752,0.0,-0.0165189839909752,12206177.591934394
2021-05-24,True,0.0500779360774263,0.0,0.0500779360774263,12817437.773132998
2021-05-25,True,0.004837880793532,0.0,0.004837880793532,12879447.009157931
2021-05-26,True,0.010120909815219,0.0,0.010120909815219,13009798.730807511
2021-05-27,True,-0.0116730900727295,0.0,-0.0116730900727295,12857934.178394713
2021-05-28,True,0.0097441131527562,0.0,0.0097441131527562,12983223.343939682
2021-06-01,True,-0.0097474864542328,0.0,-0.0097474864542328,12856669.55026235
2021-06-02,True,0.0052168869914037,0.0,0.0052168869914037,12923741.34239189
2021-06-03,True,-0.0314336065554535,0.0,-0.0314336065554535,12517501.541810695
2021-06-04,True,0.051258910885332,0.0,0.051258910885332,13159135.037849378
2021-06-07,True,0.0088477457776086,0.0,0.0088477457776086,13275563.71931749
2021-06-08,True,0.0011438796006943,0.0,0.0011438796006943,13290749.365843736
2021-06-09,True,0.0011426486951191,0.0,0.0011426486951191,13305936.023263773
2021-06-10,True,0.0306258378888095,0.0,0.0306258378888095,13713441.462871121
2021-06-11,True,0.0079365839922274,0.0,0.0079365839922274,13822279.342863692
2021-06-14,True,0.0280168137596379,0.0,0.0280168137596379,14209535.568946395
2021-06-15,True,-0.0185252163995239,0.0,-0.0185252163995239,13946300.847594932
2021-06-16,True,-0.0107077336128343,0.0,-0.0107077336128343,13796967.57323444
2021-06-17,True,0.0373325998590592,0.0,0.0373325998590592,14312044.242914416
2021-06-18,True,-0.0238746636839082,0.0,-0.0238746636839082,13970348.99998562
2021-06-21,True,0.0182988189625623,0.0,0.0182988189625623,14225989.887180172
2021-06-22,True,0.0279333332622737,0.0,0.0279333332622737,14623369.203684513
2021-06-23,True,0.0017306357858841,0.0,0.0017306357858841,14648676.929738605
2021-06-24,True,0.0184018609854779,0.0,0.0184018609854779,14918239.846220832
2021-06-25,True,-0.0031387483292365,0.0,-0.0031387483292365,14871415.245828357
2021-06-28,True,0.0354012312425502,0.0,0.0354012312425502,15397881.655849913
2021-06-29,True,0.0112598861288129,0.0,0.0112598861288129,15571260.049919719
2021-06-30,True,-0.0043886898643148,0.0,-0.0043886898643148,15502922.618764026
2021-07-01,True,0.0004897672167913,0.0,0.0004897672167913,15510515.442027152
2021-07-02,True,0.0339426780352267,0.0,0.0339426780352267,16036983.873836292
2021-07-06,True,0.0134152681108987,0.0,0.0134152681108987,16252124.312193966
2021-07-07,True,0.0063853390421151,0.0,0.0063853390421151,16355899.636081927
2021-07-08,True,-0.0173320893008633,0.0,-0.0173320893008633,16072417.722993398
2021-07-09,True,0.0169291376964209,0.0,0.0169291376964209,16344509.895740349
2021-07-12,True,0.0125435611185416,0.0,0.0125435611185416,16549528.254570173
2021-07-13,True,-0.0005355141082037,0.0,-0.0005355141082037,16540665.748705735
2021-07-14,True,0.005432571483785,0.0,0.005432571483785,16630524.097774975
2021-07-15,True,-0.0206985985976676,0.0,-0.0206985985976676,16286295.55500629
2021-07-16,True,-0.0245552855639339,0.0,-0.0245552855639339,15886380.916874483
2021-07-19,True,-0.0239782126622387,0.0,-0.0239782126622387,15505453.896816336
2021-07-20,True,0.0329741228544562,0.0,0.0329741228544562,16016732.638524065
2021-07-21,True,0.0228350183948251,0.0,0.0228350183948251,16382475.022949759
2021-07-22,True,0.0210117518086434,0.0,0.0210117518086434,16726699.52214328
2021-07-23,True,0.0332148668058385,0.0,0.0332148668058385,17282274.618872553
2021-07-26,True,0.0041743014783428,0.0,0.0041743014783428,17354416.043363243
2021-07-27,True,-0.0326699480026035,0.0,-0.0326699480026035,16787448.17361102
2021-07-28,True,0.010931235525281,0.0,0.010931235525281,16970955.723465208
2021-07-29,True,0.0049215901530075,0.0,0.0049215901530075,17054479.812040944
2021-07-30,True,-0.0149893063083237,0.0,-0.0149893063083237,16798844.990209136
2021-08-02,True,-0.0003017244024996,0.0,-0.0003017244024996,16793776.368741784
2021-08-03,True,0.0174079023403641,0.0,0.0174079023403641,17086120.787694756
2021-08-04,True,0.0049623730785846,0.0,0.0049623730785846,17170908.493509058
2021-08-05,True,0.0187943294979096,0.0,0.0187943294979096,17493624.205514524
2021-08-06,True,-0.0130218214207991,0.0,-0.0130218214207991,17265825.355107743
2021-08-09,True,0.0053506600384711,0.0,0.0053506600384711,17358208.91686654
2021-08-10,True,-0.014945999539926,0.0,-0.014945999539926,17098773.134381115
2021-08-11,True,-0.005402935113107,0.0,-0.005402935113107,17006389.572622318
2021-08-12,True,0.0104183991532607,0.0,0.0104183991532607,17183568.927345745
2021-08-13,True,0.0100160062198824,0.0,0.0100160062198824,17355679.660601817
2021-08-16,True,0.0017499339493709,0.0,0.0017499339493709,17386050.95365431
2021-08-17,True,-0.0262772889938374,0.0,-0.0262772889938374,16929192.668283556
2021-08-18,True,-0.0290799585854144,0.0,-0.0290799585854144,16436892.44660537
2021-08-19,True,0.0142438739263219,0.0,0.0142438739263219,16671017.470355332
2021-08-20,True,0.0308966559709675,0.0,0.0308966559709675,17186096.16182289
2021-08-23,True,0.044551074143639,0.0,0.044551074143639,17951755.20616797
2021-08-24,True,0.0098690753056316,0.0,0.0098690753056316,18128922.43016591
2021-08-25,True,0.0011173465968103,0.0,0.0011173465968103,18149178.719947092
2021-08-26,True,-0.0169446833937891,0.0,-0.0169446833937891,17841646.632680293
2021-08-27,True,0.0292241460293953,0.0,0.0292241460293953,18363053.519278616
2021-08-30,True,0.0331496007248157,0.0,0.0331496007248157,18971781.411531124
2021-08-31,True,-0.0028017831408553,0.0,-0.0028017831408553,18918626.594220303
2021-09-01,True,0.0054852984426403,0.0,0.0054852984426403,19022400.907214474
2021-09-02,True,-0.0013970043058002,0.0,-0.0013970043058002,18995826.531240437
2021-09-03,True,0.0089939290473373,0.0,0.0089939290473373,19166673.64725794
2021-09-07,True,0.004093854650544,0.0,0.004093854650544,19245139.223304223
2021-09-08,True,-0.0102583572656133,0.0,-0.0102583572656133,19047715.7095251
2021-09-09,True,-0.0106971227202407,0.0,-0.0106971227202407,18843959.957040057
2021-09-10,True,-0.0224982820026297,0.0,-0.0224982820026297,18420003.231880307
2021-09-13,True,-0.0022673213218098,0.0,-0.0022673213218098,18378239.16580486
2021-09-14,True,-0.0086075017486068,0.0,-0.0086075017486068,18220048.440048877
2021-09-15,True,0.0221573792109968,0.0,0.0221573792109968,18623756.96257777
2021-09-16,True,0.0019705738351827,0.0,0.0019705738351827,18660456.45076103
2021-09-17,True,-0.0353339367488501,0.0,-0.0353339367488501,18001109.06282517
2021-09-20,True,-0.0615156115626096,0.0,-0.0615156115626096,16893759.830020245
2021-09-21,True,0.0012734187640688,0.0,0.0012734187640688,16915272.660783462
2021-09-22,True,0.0292532947046453,0.0,0.0292532947046453,17410100.116938792
2021-09-23,True,0.0277675424482952,0.0,0.0277675424482952,17893535.81096496
2021-09-24,True,0.0028290393807977,0.0,0.0028290393807977,17944157.328435894
2021-09-27,True,-0.0241200614012316,0.0,-0.0241200614012316,17511343.15188066
2021-09-28,True,-0.0833996146313545,0.0,-0.0833996146313545,16050903.881336406
2021-09-29,True,-0.0066229653444185,0.0,-0.0066229653444185,15944599.301183721
2021-09-30,True,-0.0112708772724442,0.0,-0.0112708772724442,15764889.67930178
2021-10-01,True,0.0182226984147035,0.0,0.0182226984147035,16052168.50946877
2021-10-04,True,-0.0614947216431273,0.0,-0.0614947216431273,15065044.875210414
2021-10-05,True,0.0384743084775656,0.0,0.0384743084775656,15644662.058967628
2021-10-06,True,0.019738022620602,0.0,0.019738022620602,15953456.752579207
2021-10-07,True,0.0270505355118793,0.0,0.0270505355118793,16385006.301002081
2021-10-08,True,-0.0153703303249203,0.0,-0.0153703303249203,16133163.34177978
2021-10-11,True,-0.0221995868742663,0.0,-0.0221995868742663,15775013.780617211
2021-10-12,True,-0.0101884547891524,0.0,-0.0101884547891524,15614290.765915137
2021-10-13,True,0.0234235669047537,0.0,0.0234235669047537,15980033.150340829
2021-10-14,True,0.0551992411859796,0.0,0.0551992411859796,16862118.854366444
2021-10-15,True,0.0185379180818501,0.0,0.0185379180818501,17174707.432375107
2021-10-18,True,0.029990536578027,0.0,0.029990536578027,17689786.123842668
2021-10-19,True,0.0219631189027766,0.0,0.0219631189027766,18078308.99984531
2021-10-20,True,-0.0031503917859433,0.0,-0.0031503917859433,18021355.243668452
2021-10-21,True,0.0179074052779046,0.0,0.0179074052779046,18344070.955673918
2021-10-22,True,-0.025318978079825,0.0,-0.025318978079825,17879617.825252455
2021-10-25,True,0.0300112964707293,0.0,0.0300112964707293,18416208.336589444
2021-10-26,True,0.0093458313288776,0.0,0.0093458313288776,18588323.11342068
2021-10-27,True,0.0078975384391828,0.0,0.0078975384391828,18735125.10972887
2021-10-28,True,0.0328290355031515,0.0,0.0328290355031515,19350181.197112147
2021-10-29,True,0.0147806438481603,0.0,0.0147806438481603,19636189.33378403
2021-11-01,True,0.0098609071742188,0.0,0.0098609071742188,19829819.97405986
2021-11-02,True,0.0133383115504051,0.0,0.0133383115504051,20094316.290862314
2021-11-03,True,0.0317420886002717,0.0,0.0317420886002717,20732151.85892875
2021-11-04,True,0.0372971827515047,0.0,0.0372971827515047,21505402.715643167
2021-11-05,True,0.0037071209024195,0.0,0.0037071209024195,21585125.843565278
2021-11-08,True,-0.0041040596808357,0.0,-0.0041040596808357,21496539.198884938
2021-11-09,True,-0.0206050500910327,0.0,-0.0206050500910327,21053601.931908064
2021-11-10,True,-0.0438207264514047,0.0,-0.0438207264514047,20131017.800833154
2021-11-11,True,0.0081096398236464,0.0,0.0081096398236464,20294273.104481325
2021-11-12,True,0.0317411596799175,0.0,0.0317411596799175,20938436.867678523
2021-11-15,True,-0.0003021320733328,0.0,-0.0003021320733328,20932110.694335345
2021-11-16,True,0.0206770441297332,0.0,0.0206770441297332,21364924.870890576
2021-11-17,True,0.0011848767296682,0.0,0.0011848767296682,21390239.673201207
2021-11-18,True,0.0305878194097939,0.0,0.0305878194097939,22044520.461457293
2021-11-19,True,0.016935602211404,0.0,0.016935602211404,22417857.690933693
2021-11-22,True,-0.0346619093901887,0.0,-0.0346619093901887,21640811.938928403
2021-11-23,True,-0.0136255335838175,0.0,-0.0136255335838175,21345944.329073455
2021-11-24,True,0.0092486651772369,0.0,0.0092486651772369,21543365.821064994
2021-11-26,True,-0.0551605573143068,0.0,-0.0551605573143068,20355021.75594906
2021-11-29,True,0.062111373707592,0.0,0.062111373707592,21619300.11905898
2021-11-30,True,-0.0429665278583198,0.0,-0.0429665278583198,20690393.85821606
2021-12-01,True,-0.0513184217693031,0.0,-0.0513184217693031,19628595.49962713
2021-12-02,True,0.0188267333845941,0.0,0.0188267333845941,19998137.833812654
2021-12-03,True,-0.0502469085253073,0.0,-0.0502469085253073,18993293.231400583
2021-12-06,True,0.0233876751100428,0.0,0.0233876751100428,19437502.202766355
2021-12-07,True,0.0901752004208853,0.0,0.0901752004208853,21190282.85958221
2021-12-08,True,0.0139153230561617,0.0,0.0139153230561617,21485152.491224743
2021-12-09,True,-0.0431761742234969,0.0,-0.0431761742234969,20557505.804045226
2021-12-10,True,0.0309654272700048,0.0,0.0309654272700048,21194077.75487309
2021-12-13,True,-0.042992734507754,0.0,-0.042992734507754,20282886.396821138
2021-12-14,True,-0.0297622993265156,0.0,-0.0297622993265156,19679221.060673233
2021-12-15,True,0.0661735282257547,0.0,0.0661735282257547,20981464.55099256
2021-12-16,True,-0.0763011578695816,0.0,-0.0763011578695816,19380554.511952247
2021-12-17,True,-0.0152801248423327,0.0,-0.0152801248423327,19084417.219495982
2021-12-20,True,-0.0299073731341196,0.0,-0.0299073731341196,18513652.4326653
2021-12-21,True,0.0668534731247578,0.0,0.0668534731247578,19751354.398013595
2021-12-22,True,0.0356893203605228,0.0,0.0356893203605228,20456266.812678523
2021-12-23,True,0.0237561884068757,0.0,0.0237561884068757,20942229.741181836
2021-12-27,True,0.0478004347056275,0.0,0.0478004347056275,21943277.426515453
2021-12-28,True,-0.0117652489486247,0.0,-0.0117652489486247,21685109.304843757
2021-12-29,True,-0.0015759328216097,0.0,-0.0015759328216097,21650935.02935006
2021-12-30,True,-0.0093522080141879,0.0,-0.0093522080141879,21448450.98125391
2021-12-31,True,-0.0185862357506704,0.0,-0.0185862357506704,21049805.01482963
2022-01-03,True,0.0288584276474761,0.0,0.0288584276474761,21657269.28984357
2022-01-04,True,-0.038859530686362,0.0,-0.038859530686362,20815677.96929209
2022-01-05,True,-0.0919869304407285,0.0,-0.0919869304407285,18900907.647854216
2022-01-06,True,-0.002745113392234,0.0,-0.002745113392234,18849022.513144713
2022-01-07,True,-0.0326977011243974,0.0,-0.0326977011243974,18232702.808522865
2022-01-10,True,0.003678819619632,0.0,0.003678819619632,18299777.63333378
2022-01-11,True,0.043983363248051,0.0,0.043983363248051,19104663.400339257
2022-01-12,True,0.0113936431042336,0.0,0.0113936431042336,19322335.11674924
2022-01-13,True,-0.0725700542688098,0.0,-0.0725700542688098,17920112.208726615
2022-01-14,True,0.0151132188315246,0.0,0.0151132188315246,18190942.786022577
2022-01-18,True,-0.0720747700321924,0.0,-0.0720747700321924,16879834.76805123
2022-01-19,True,-0.034787603326424,0.0,-0.034787603326424,16292625.771924682
2022-01-20,True,-0.0386828234695555,0.0,-0.0386828234695555,15662381.005333789
2022-01-21,True,-0.0841951678490152,0.0,-0.0841951678490152,14343684.207674483
2022-01-24,True,0.0144696168773363,0.0,0.0144696168773363,14551231.822769035
2022-01-25,True,-0.0737519019520199,0.0,-0.0737519019520199,13478050.80009506
2022-01-26,False,-0.00257586988211087,0.0005027397020964681,-0.0030786095842073383,13436557.143725455
2022-01-27,False,-0.000995416960309198,1.9857757045220887e-06,-0.0009974027360137201,13423155.4848677
2022-01-28,False,-0.00048379969502565756,4.167839320087241e-07,-0.00048421647895766627,13416655.771782314
2022-01-31,False,0.0007881879303697648,8.740091049674048e-07,0.0007873139212647974,13427218.891648257
2022-02-01,False,0.0014311888607612762,4.87437574645963e-07,0.0014307014231866302,13446429.232825978
2022-02-02,False,0.003038615003848102,2.058348708844221e-07,0.003038409168977218,13487284.986697001
2022-02-03,False,0.00014112174960638404,7.330429267652372e-07,0.0001403887066796188,13489178.4491929
2022-02-04,False,0.002988572166696117,1.7849036588223066e-06,0.002986787263037295,13529467.755573789
2022-02-07,False,-2.0220710396135048e-05,1.3916580219144464e-06,-2.1612368418049495e-05,13529175.351732155
2022-02-08,False,0.0010731901320608327,6.310711425596971e-07,0.0010725590609182729,13543686.191342408
2022-02-09,False,0.00034972614127480394,5.080643637021543e-07,0.00034921807691110177,13548415.891388435
2022-02-10,False,-0.0009709920472976667,1.5216428443169673e-06,-0.0009725136901419836,13535239.871454323
2022-02-11,False,0.008794827067193197,1.6951004272706127e-06,0.008793131966765927,13654257.021845855
2022-02-14,False,0.0052098362817203925,1.6167508982917883e-06,0.005208219530822101,13725371.389945896
2022-02-15,False,-0.006864199503182115,9.987640437912338e-07,-0.006865198267225907,13631143.994062608
2022-02-16,False,0.0036226126195615924,1.1062660652480656e-06,0.003621506353496344,13680509.268642528
2022-02-17,False,0.003509184006661916,1.7105281098908076e-06,0.0035074734785520254,13728493.292075379
2022-02-18,False,0.0015914992138081994,3.8687664011355373e-07,0.0015911123371680858,13750336.867123129
2022-02-22,False,0.00424728740866594,1.2136307931026603e-06,0.004246073777872838,13808721.811931541
2022-02-23,False,0.0031635075010183387,8.274178355187345e-07,0.0031626800831828198,13852394.381380348
2022-02-24,False,0.003059959906751937,1.7862076251565634e-06,0.0030581736991267807,13894757.409547416
2022-02-25,False,-0.01091632672353936,2.9646418787771384e-06,-0.010919291365418136,13743036.504940767
2022-02-28,False,0.008904297439136276,2.4135892698837205e-07,0.008904056080209288,13865405.272693124
2022-03-01,False,0.015417808359712607,1.3455543801572379e-06,0.015416462805332449,14079160.777360458
2022-03-02,False,0.0019190786805095828,4.009126390930748e-06,0.001915069554118652,14106123.349512722
2022-03-03,False,0.008864422637833191,1.6463357445179599e-06,0.008862776302088673,14231142.765249124
2022-03-04,False,0.011404212327350866,8.372388218732124e-07,0.011403375088528992,14393425.824139666
2022-03-07,False,0.010066590051011038,2.1054197988345238e-06,0.010064484631212203,14538288.237137211
2022-03-08,False,0.013339520762508673,3.0822107992616034e-06,0.013336438551709412,14732177.224858832
2022-03-09,False,-0.028356993868375608,4.243188815942822e-06,-0.02836123705719155,14314354.454216052
2022-03-10,False,0.0008619770863351667,5.973640234372552e-07,0.0008613797223117294,14326684.548880897
2022-03-11,False,0.002307224263180831,2.087313389373041e-06,0.002305136949791458,14359709.518802531
2022-03-14,False,-0.008408740122303466,1.1202485134276242e-06,-0.008409860370816893,14238946.36678391
2022-03-15,False,-0.011404642294292984,1.7678560653081322e-06,-0.011406410150358292,14076531.104415419
2022-03-16,False,-0.0019058101299722502,1.374985439517168e-06,-0.0019071851154117674,14049684.553816447
2022-03-17,False,0.008929244279037572,2.29463658291329e-06,0.008926949642454659,14175105.380320739
2022-03-18,False,-0.0021226971620999517,1.1135562294293938e-06,-0.002123810718329381,14145000.139580566
2022-03-21,False,0.009324538067300388,3.186200474502063e-06,0.009321351866825886,14276850.663037898
2022-03-22,False,-0.0027215974248238155,9.227776667922599e-07,-0.0027225202024906076,14237981.648679836
2022-03-23,False,0.0079091747080624,9.508937301775516e-07,0.007908223814332222,14350578.79422195
2022-03-24,False,0.0035050201397760342,1.0447260172125745e-06,0.003503975413758822,14400862.869490115
2022-03-25,False,0.00015515257721822098,1.975501399663529e-06,0.00015317707581855746,14403068.751553727
2022-03-28,False,-0.014264596694325152,2.4118366596297263e-06,-0.014267008530984782,14197580.04680295
2022-03-29,False,-0.0038195824658020295,1.8237020360192952e-06,-0.003821406167838049,14143325.32684372
2022-03-30,False,0.007014856647529807,6.96564711239897e-07,0.007014160082818567,14242528.874789584
2022-03-31,False,-0.0030837282824168586,1.3301470984912466e-06,-0.00308505842951535,14198589.8410268
2022-04-01,False,-0.003960967248286492,6.761728398539113e-07,-0.003961643421126346,14142340.090993825
2022-04-04,False,0.005088228598812738,7.282563653325247e-07,0.0050875003424474055,14214289.251049763
2022-04-05,False,-0.0001731420257844353,2.3926045980377507e-06,-0.00017553463038247306,14211794.15103993
2022-04-06,False,0.0008658949250224696,3.0164327874111775e-07,0.0008655932817437285,14224095.784578593
2022-04-07,False,0.002378295413411662,3.9544209079113434e-07,0.0023778999713208707,14257919.261536809
2022-04-08,False,0.005399420493556409,1.3654819098375265e-06,0.005398055011646571,14334884.2940622
2022-04-11,False,0.0029709815074383437,9.667113776424263e-07,0.0029700147960607013,14377459.112515384
2022-04-12,False,0.008848035596577111,8.693024482310241e-07,0.008847166294128881,14504658.884170847
2022-04-13,False,0.00564751792406776,7.644298811995964e-07,0.005646753494186561,14586563.117407024
2022-04-14,False,0.00436337830957642,3.094268816300219e-06,0.00436028404076012,14650164.675777394
2022-04-18,False,0.007208665262915286,2.0305846511426835e-06,0.007206634678264144,14755743.060572132
2022-04-19,False,-0.012621737053950179,1.3266496680054279e-06,-0.012623063703618183,14569480.375924308
2022-04-20,False,-0.0018148136434528357,1.9026506825085277e-06,-0.0018167162941353442,14543011.76352828
2022-04-21,False,0.0021319578244433997,1.935547190947795e-06,0.002130022277252452,14573988.70256294
2022-04-22,False,-0.007478102080833969,1.4165748048956401e-06,-0.0074795186556388645,14464982.28217505
2022-04-25,False,-0.009804256266385557,2.2945767210829776e-06,-0.009806550843106639,14323130.697980262
2022-04-26,False,0.00788377840137528,1.5670162575118635e-06,0.007882211385117768,14436028.641838413
2022-04-27,False,0.0004954854981271458,1.8981452468689875e-06,0.0004935873528802768,14443154.08300184
2022-04-28,False,0.004061906273482101,9.900636149130505e-07,0.004060916209867188,14501806.521539113
2022-04-29,False,-0.004688406225036456,1.1355897351439244e-06,-0.004689541814771599,14433799.693466628
2022-05-02,False,-0.001141745919422149,3.5109662846657675e-06,-0.0011452568857068148,14417269.284980774
2022-05-03,False,0.0014137175241760661,2.056334495233736e-07,0.0014135118907265428,14437648.266546901
2022-05-04,False,0.006695153251901132,5.17765335194112e-07,0.006694635486565938,14534303.058974685
2022-05-05,False,0.003337510470460818,2.6947544836187916e-06,0.003334815715977199,14582772.281236527
2022-05-06,False,0.0010737205617343969,6.590312586559344e-07,0.001073061530475741,14598420.49317921
2022-05-09,False,-0.012781091115894145,3.1346162284529577e-06,-0.012784225732122598,14411790.990261963
2022-05-10,False,-0.004675536717528261,9.434326268263349e-07,-0.004676480150155087,14344394.535767818
2022-05-11,False,0.008250227532294985,9.025161146534039e-07,0.008249325016180331,14462726.10845369
2022-05-12,False,-0.002096060841029004,2.2109450886165366e-06,-0.0020982717861176207,14432379.378309974
2022-05-13,False,-0.003459040160983777,7.777780557497033e-07,-0.0034598179390395267,14382445.973233873
2022-05-16,False,0.008124742320105542,8.694359110911626e-07,0.008123872884194451,14499287.136084218
2022-05-17,False,-0.002331327727806681,1.22474323249179e-06,-0.002332552471039173,14465466.78804664
2022-05-18,False,-0.00413832034209588,1.9550371797813216e-06,-0.004140275379275662,14405575.77205436
2022-05-19,False,-0.0008823406671195055,3.22412132884424e-06,-0.0008855647884483497,14392818.701393303
2022-05-20,False,0.005311574103844437,1.1718466324659172e-06,0.005310402257211971,14469250.358312823
2022-05-23,False,0.0011373304022220417,8.216835827942887e-07,0.0011365087186392473,14485694.787497219
2022-05-24,False,0.0013672262367336624,1.7488133492946367e-06,0.0013654774233843679,14505474.676691584
2022-05-25,False,0.0006417594719800674,1.1112459193349383e-06,0.0006406482260607325,14514767.583311377
2022-05-26,False,-0.0014062994392444645,2.347133170802901e-07,-0.0014065341525615449,14494352.066988956
2022-05-27,False,-0.00030299297765348673,1.8789143350930737e-07,-0.00030318086908699606,14489957.656732434
2022-05-31,False,-0.005589178411502075,7.213368244132767e-07,-0.005589899748326488,14408960.246073805
2022-06-01,False,0.008313895725172061,2.4820485529506167e-06,0.00831141367661911,14528719.075328883
2022-06-02,False,5.165567085221289e-05,2.1934959719694116e-06,4.946217488024348e-05,14529437.697372574
2022-06-03,False,0.0016243701489308746,2.388724801915959e-06,0.0016219814241289585,14553004.17542075
2022-06-06,False,0.006595467264238413,3.7046548594428243e-06,0.00659176260937897,14648934.124198426
2022-06-07,False,0.0023664613107599436,6.903595464111262e-07,0.0023657709512135325,14683590.147015695
2022-06-08,False,-0.0008041591960558601,2.0585874254354375e-07,-0.0008043650547984036,14671779.180222454
2022-06-09,False,0.002411875062214574,1.4910911640368952e-06,0.002410383971050537,14707143.801585255
2022-06-10,False,0.005479523740963898,2.3427024703066847e-06,0.005477181038493591,14787697.490745695
2022-06-13,False,-0.0063871926135969795,4.2399467924341545e-06,-0.0063914325603894135,14693182.919510154
2022-06-14,False,-0.006173723933069097,3.068084311732139e-07,-0.00617403074150027,14602466.756474612
2022-06-15,False,-0.0037390772215161344,5.085836799610416e-06,-0.0037441630583157446,14547792.739884736
2022-06-16,False,0.007997785408026587,6.758630554081907e-07,0.007997109544971178,14664133.032063132
2022-06-17,False,-0.006782166233973247,9.746911580890417e-07,-0.006783140925131336,14564664.151161775
2022-06-21,False,0.0008777683188899727,1.2392841424932883e-06,0.0008765290347474794,14577430.502171613
2022-06-22,False,-0.00512080657638271,3.6921054618660327e-06,-0.005124498681844576,14502728.478778554
2022-06-23,False,-0.007044322238800805,1.9866072619146996e-06,-0.00704630884606272,14400537.774806492
2022-06-24,False,0.0007905053907961796,7.509887741928845e-07,0.0007897544020219868,14411910.662905628
2022-06-27,False,0.0005103746291318566,8.395090976669878e-07,0.0005095351200341896,14419254.037535172
2022-06-28,False,0.0035906596245720984,1.466291774565212e-06,0.003589193332797533,14471007.52799061
2022-06-29,False,-0.0026355751133534575,1.5631907210027775e-06,-0.0026371383040744603,14432845.479739996
2022-06-30,False,-0.013235985322978804,4.4732097852341614e-06,-0.013240458532764038,14241747.987655709
2022-07-01,False,0.004901328855070498,9.507372933213743e-07,0.004900378117777176,14311537.937853314
2022-07-05,False,-0.01642153066720709,3.1054261875044926e-06,-0.016424636093394594,14076476.135287262
2022-07-06,False,-0.010048643922877172,9.75392187244739e-07,-0.010049619315064416,13935012.908830035
2022-07-07,False,0.009063283658126696,3.6926518392424447e-06,0.009059591006287454,14061258.426451372
2022-07-08,False,0.0043218806354001936,2.0010383120351583e-06,0.004319879597088158,14122001.369837184
2022-07-11,False,0.003498648940197548,1.4713782296447292e-06,0.003497177561967903,14171388.516157858
2022-07-12,False,-0.011265427472194625,3.3333132870448783e-06,-0.01126876078548167,14011694.528971152
2022-07-13,False,0.004415737081725765,5.735036155103262e-07,0.004415163578110255,14073558.452323072
2022-07-14,False,-0.0013773294526987633,2.524698917628243e-06,-0.0013798541516163916,14054138.994264618
2022-07-15,False,-0.0008744475412018476,4.670018821748417e-07,-0.0008749145430840225,14041842.823668012
2022-07-18,False,0.0018841054053858025,6.297958307067836e-07,0.0018834756095550958,14068290.292139597
2022-07-19,False,-0.0010494733681798902,5.734255744616612e-07,-0.001050046793754352,14053517.929024732
2022-07-20,False,-0.0050558450356633184,7.280452504083851e-07,-0.005056573080913727,13982455.288572688
2022-07-21,False,0.006278740809586579,1.697465522217223e-06,0.006277043344064362,14070223.7664755
2022-07-22,False,-0.003947102815089913,3.0207393663415487e-06,-0.003950123554456255,14014644.644159077
2022-07-25,False,0.003816674449464673,2.0377767280509025e-06,0.0038146366727366218,14068105.421574054
2022-07-26,False,0.0008141330866098155,6.271339150950156e-07,0.0008135059526947205,14079549.909077642
2022-07-27,False,7.151593488819175e-05,2.1500988894825048e-06,6.936583599870923e-05,14080526.548827572
2022-07-28,False,0.0015629871670487967,2.614744382593015e-06,0.0015603724226662037,14102497.414150981
2022-07-29,False,-0.00028890494066266824,8.804368724519424e-07,-0.00028978537753512017,14098410.716613634
2022-08-01,False,-0.004433209337689967,2.907354019371658e-06,-0.004436116691709339,14035868.52150709
2022-08-02,False,0.0017979827999376335,3.3093859809383147e-06,0.0017946734139566952,14061058.32158443
2022-08-03,False,0.0017403786674765303,1.4314731404777015e-07,0.0017402355201624824,14085527.874726728
2022-08-04,False,-0.0021539575466474003,4.116540595908075e-06,-0.0021580740872433083,14055130.262015136
2022-08-05,False,-0.0009608395071579214,3.2916359850906215e-06,-0.000964131143143012,14041579.273208596
2022-08-08,False,0.0027894564030251276,9.572392234231952e-07,0.0027884991638017042,14080734.205270391
2022-08-09,False,0.004854269512179661,1.419066549814857e-06,0.004852850445629846,14149065.902533231
2022-08-10,False,-0.008358903958960185,2.5481490735522335e-06,-0.008361452108033737,14030759.165615788
2022-08-11,False,0.00778499848563178,3.6424769085113275e-06,0.007781356008723268,14139937.4977561
2022-08-12,False,0.0013911536753164816,1.3865966435359228e-06,0.0013897670786729456,14159588.717384974
2022-08-15,False,-0.003774908748703534,1.5210956783101442e-06,-0.0037764298443818444,14106116.02396847
2022-08-16,False,0.0016270828621693257,1.1502812533910473e-06,0.0016259325809159346,14129051.61760202
2022-08-17,False,0.0036506168464223916,3.080318795243342e-06,0.0036475365276271484,14180587.849477954
2022-08-18,False,0.005768251955434727,2.0269328149210148e-06,0.005766225022619806,14262356.309971072
2022-08-19,False,-0.0014182029999106817,1.5485633438315494e-06,-0.0014197515632545133,14242107.307304299
2022-08-22,False,-1.917707627892053e-05,1.5815598424069045e-06,-2.0758636121327434e-05,14241811.660581106
2022-08-23,False,0.0032950660654502413,7.077914394424539e-07,0.0032943582740107987,14288729.290662047
2022-08-24,False,0.0008390582796782379,6.229445600128697e-07,0.000838435335118225,14300709.466193277
2022-08-25,False,-6.253356557821826e-05,1.177984735989346e-06,-6.37115503142076e-05,14299798.345822591
2022-08-26,False,-0.002854969454448731,1.554059433432259e-06,-0.002856523513882163,14258950.635603976
2022-08-29,False,0.0025752723587981045,1.3971897959388357e-06,0.0025738751690021658,14295651.394580983
2022-08-30,False,-0.0030501929618702277,8.844286653804934e-07,-0.0030510773905356083,14252034.255827997
2022-08-31,False,-0.0019280242127674059,9.680815807966148e-07,-0.0019289922943482025,14224542.19156972
2022-09-01,False,-0.0027829713627877894,1.1904749514960872e-06,-0.0027841618377392853,14184938.764040636
2022-09-02,False,0.004565723354683637,7.574953781083749e-07,0.004564965859305529,14249692.525214821
2022-09-06,False,-0.0015731958719300838,1.7499523297695997e-06,-0.0015749458242598534,14227250.031475248
2022-09-07,False,-0.005408200865204736,4.338764767166922e-06,-0.005412539629971903,14150244.476854369
2022-09-08,False,0.0007961379148694001,1.752581717434254e-06,0.0007943853331519659,14161485.223527297
2022-09-09,False,-0.00024837090242657594,9.222503052889464e-07,-0.0002492931527318649,14157954.86222856
2022-09-12,False,0.001498949798724329,5.939823868840038e-07,0.001498355816337445,14179168.516243825
2022-09-13,False,0.002257516210961748,3.73032602669561e-06,0.0022537858849350522,14211125.326105848
2022-09-14,False,-0.0036178911521112258,4.4023123279002264e-07,-0.0036183313833440156,14159704.765345765
2022-09-15,False,-0.007437000821495027,1.8877294412703444e-06,-0.007438888550936298,14054372.299682196
2022-09-16,False,-0.00141353364831764,1.5632874847420763e-06,-0.0014150969358023822,14034484.000506291
2022-09-19,False,0.0039573354531218675,1.5144509009041713e-06,0.003955821002220963,14090001.907070827
2022-09-20,False,-0.002056935925791904,9.280649577850797e-07,-0.002057863990749689,14061006.599516671
2022-09-21,False,0.0012524025768889276,5.643883417399965e-07,0.0012518381885471875,14078608.704547359
2022-09-22,False,-0.0007578169092383628,1.3656943711663345e-06,-0.0007591826036095292,14067920.469735842
2022-09-23,False,-0.0007411530676491654,2.9690593720698295e-06,-0.0007441221270212352,14057452.218833135
2022-09-26,False,0.0007222590875378965,3.851841457913605e-06,0.0007184072460799829,14067551.19436857
2022-09-27,False,0.00043952759588367085,7.498015340211134e-07,0.00043877779434964975,14073723.723453537
2022-09-28,False,0.0013926017750278824,5.541050485762644e-06,0.0013870607245421197,14093244.832878396
2022-09-29,False,0.003061292845530542,1.550039401215661e-06,0.0030597428061293263,14136366.537370816
2022-09-30,False,-0.0005463722951430305,1.256732818756129e-07,-0.0005464979684249061,14128641.041777233
2022-10-03,False,0.0035045865305496694,4.046582822105183e-06,0.0035005399477275644,14178098.914151076
2022-10-04,False,-0.0010360236213396202,3.0705105178694683e-06,-0.0010390941318574897,14163366.534768486
2022-10-05,False,0.004710631711926955,3.4768498886690315e-06,0.004707154862038286,14230035.694415452
2022-10-06,False,0.0063530278927989535,2.9573737400071658e-06,0.006350070519058946,14320397.424563715
2022-10-07,False,-0.0016408768724001394,1.9566901663738286e-06,-0.0016428335625665133,14296871.39504535
2022-10-10,False,-0.003183334708155875,2.0094202588534782e-06,-0.0031853441284147286,14251330.939692441
2022-10-11,False,0.0013026145750754117,6.071067447264294e-07,0.0013020074683306852,14269886.279009573
2022-10-12,False,0.0012400464818228159,8.156629536611032e-07,0.0012392308188691548,14287569.961868279
2022-10-13,False,-0.0055198861887328305,2.3523950265634532e-07,-0.005520121428235487,14208700.840764357
2022-10-14,False,0.0006886941626031845,2.8132801499490823e-06,0.0006858808824532354,14218446.317035533
2022-10-17,False,-0.00578688200116696,2.7648528771561794e-06,-0.005789646854044116,14136126.534046713
2022-10-18,False,-0.00236009150643505,1.4884977398005456e-06,-0.0023615800041748504,14102742.940287422
2022-10-19,False,-0.003379003514112007,2.471518522123434e-06,-0.0033814750326341303,14055054.867143184
2022-10-20,False,-0.0018101177197775164,5.540069980374679e-07,-0.0018106717267755538,14029605.77667697
2022-10-21,False,0.003650503558890039,2.432869394764434e-06,0.0036480706894952745,14080786.770296037
2022-10-24,False,-0.002114531343490825,3.531686768184772e-07,-0.0021148845121676434,14051007.532436403
2022-10-25,False,-0.002460573316622028,2.2320632692175713e-06,-0.0024628053798912454,14016402.635492625
2022-10-26,False,-0.0034484166870911493,2.7296769490261915e-06,-0.0034511463640401756,13968029.97850022
2022-10-27,False,-0.0012617533819955183,1.2290536260653462e-06,-0.0012629824356215837,13950388.601977138
2022-10-28,False,-0.0009319316459681584,2.2357388300958956e-06,-0.0009341673847982543,13937356.60393991
2022-10-31,False,0.0011554965494863546,1.9468343480473214e-06,0.0011535497151383073,13953434.037680164
2022-11-01,False,0.001651525577892188,1.422967296304714e-06,0.0016501026105958832,13976458.635612518
2022-11-02,False,0.0008754806297582973,1.6226659490999746e-06,0.0008738579638091973,13988672.075297099
2022-11-03,False,0.002799515925571844,2.242137113847159e-06,0.0027972737884579967,14027802.221028661
2022-11-04,False,0.005577287194789247,4.163280603406275e-06,0.00557312391418584,14105980.901050147
2022-11-07,False,-0.002432059214087314,3.6289244492897223e-07,-0.002432422106532243,14071669.201272111
2022-11-08,False,0.004783377338695636,3.0380838311538374e-06,0.004780339254864482,14138936.553936418
2022-11-09,False,-0.0020688000451248717,8.583868191704008e-07,-0.002069658431944042,14109673.784678841
2022-11-10,False,-0.001683171869493412,8.370226551624074e-06,-0.001691542096045036,14085806.677510595
2022-11-11,False,-0.0016991348709959556,1.50269747384571e-06,-0.0017006375684698012,14061851.825492617
2022-11-14,False,0.0021458769882885943,6.911671212365134e-07,0.0021451858211673576,14092017.110648021
2022-11-15,False,-0.0012994452149745056,1.860843862156736e-06,-0.0013013060588366624,14073679.083400704
2022-11-16,False,-0.003439305253042337,1.4367237895026863e-06,-0.0034407419768318396,14025255.185009986
2022-11-17,False,0.0003609639608782144,2.162392127559615e-06,0.00035880156875065476,14030287.468572496
2022-11-18,False,-0.002251039801734536,9.022041978477142e-07,-0.0022519420059323838,13998692.074866708
2022-11-21,False,-0.0008166509835790919,7.962005458185678e-07,-0.0008174471841249104,13987248.883448677
2022-11-22,False,-0.0022547060820584616,1.2854472921513678e-06,-0.002255991529350613,13955693.7684487
2022-11-23,False,-0.006111994450443694,3.6000041301913615e-06,-0.006115594454573886,13870346.405028641
2022-11-25,False,0.0014828235387060334,3.5067608612736337e-07,0.0014824728626199061,13890908.817169234
2022-11-28,False,0.0016091094967246161,1.684105174249856e-06,0.0016074253915503663,13913237.416713662
2022-11-29,False,0.0022002819572446443,8.647409101022741e-07,0.0021994172163345422,13943838.430622932
2022-11-30,False,0.0023522456018616297,2.847010731837865e-06,0.0023493985911297918,13976598.064986778
2022-12-01,False,0.0007510218210103557,4.138728694607518e-06,0.0007468830923157482,13987036.94976961
2022-12-02,False,-0.0015258097444195333,4.1965090155526855e-07,-0.0015262293953210886,13965689.52282343
2022-12-05,False,-0.0031187491843614815,3.1462706263432756e-06,-0.0031218954549878247,13922090.100176357
2022-12-06,False,0.0007174139102928841,7.140567108317314e-07,0.0007166998535820524,13932068.06011271
2022-12-07,False,0.001823798725110428,1.8871912638307177e-06,0.0018219115338465974,13957451.055601766
2022-12-08,False,-0.0006408867770005278,5.509314362870388e-07,-0.0006414377084368149,13948498.220181042
2022-12-09,False,0.0036711420417105413,1.2884130457489347e-06,0.0036698536286647924,13999687.166988797
2022-12-12,False,-0.0024914522378504493,9.639152685989583e-07,-0.002492416153119048,13964794.120555181
2022-12-13,False,0.0037620738834854076,2.7433582641024775e-06,0.003759330525221305,14017292.397371015
2022-12-14,False,-0.0008815891548000105,3.11915477152383e-07,-0.0008819010702771629,14004930.532203386
2022-12-15,False,0.0012991790671115927,2.991250651916605e-06,0.001296187816459676,14023083.552529592
2022-12-16,False,0.005134282680704994,1.0148157020877513e-06,0.005133267865002906,14095067.796698041
2022-12-19,False,-0.00180463256236241,6.920209372442698e-07,-0.001805324583299654,14069621.624301387
2022-12-20,False,0.005038738079253556,1.9163017170355927e-06,0.005036821777536521,14140487.800900368
2022-12-21,False,0.00041007459167887264,3.4420687827403653e-07,0.0004097303848005986,14146281.588408297
2022-12-22,False,-0.0016435347716092015,1.743168906768594e-06,-0.0016452779405159701,14123007.023370562
2022-12-23,False,-0.0001899488987897518,5.314792768749826e-07,-0.00019048037806662678,14120316.867653314
2022-12-27,False,-0.0008782647630652514,1.552743081692551e-06,-0.000879817506146944,14107893.56568081
2022-12-28,True,-0.0403799396220895,0.0005,-0.0408799396220895,13531163.728520915
2022-12-29,False,-5.723044500619608e-05,0.0005012872019263048,-0.0005585176469325009,13523606.334795002
2022-12-30,False,0.0005281025347955948,6.913959465483649e-07,0.0005274111388490464,13530738.835413383
2023-01-03,False,0.006540315742339115,3.030745947004976e-07,0.006540012667744415,13619230.038800929
2023-01-04,False,0.0008919770907837299,1.9369351466867606e-06,0.0008900401556370431,13631351.700424321
2023-01-05,False,-0.0005418844924716294,2.2281881693605733e-06,-0.00054411268064099,13623934.709109843
2023-01-06,False,0.0014491690165289114,4.2936392937222014e-06,0.0014448753772351892,13643619.596912095
2023-01-09,False,-0.0005888234710428889,9.007264570384394e-07,-0.0005897241974999273,13635573.62429431
2023-01-10,False,0.0034748697209974213,1.0690028828362063e-06,0.003473800718114585,13682940.889742289
2023-01-11,False,-0.005538854111780224,2.239260585739311e-06,-0.005541093372365963,13607122.436663663
2023-01-12,False,0.0012027441136730286,2.6755726563490455e-06,0.0012000685410166795,13623451.916233666
2023-01-13,False,0.0042934339139780635,1.3632994580358298e-06,0.004292070614520028,13681924.733871657
2023-01-17,False,-0.00385984107840498,4.810896274881904e-07,-0.0038603221680324684,13629108.096520143
2023-01-18,False,0.00026824197240187436,1.432655100676014e-06,0.00026680931730119835,13632744.4695468
2023-01-19,False,0.005212025294813479,1.766873469121466e-06,0.005210258421344358,13703774.59122529
2023-01-20,False,-0.000926546759050305,9.002585915219852e-07,-0.000927447017641827,13691065.066350223
2023-01-23,False,-0.0018334499425718563,6.227891370101935e-07,-0.0018340727317088664,13665954.65724398
2023-01-24,True,-0.0059822374156704,0.0005,-0.006482237415670399,13577368.694643937
2023-01-25,True,-0.0074076022564583,0.0,-0.0074076022564583,13476792.947664727
2023-01-26,True,0.0578360563502438,0.0,0.0578360563502438,14256237.50400643
2023-01-27,True,0.0286594234794366,0.0,0.0286594234794366,14664813.051857177
2023-01-30,True,-0.0600085426504083,0.0,-0.0600085426504083,13784798.992374541
2023-01-31,True,0.0446876006117373,0.0,0.0446876006117373,14400808.584258853
2023-02-01,True,0.0646006734642061,0.0,0.0646006734642061,15331110.517231096
2023-02-02,True,0.1033209926340263,0.0,0.1033209926340263,16915136.074053373
2023-02-03,True,-0.0516536053437228,0.0,-0.0516536053437228,16041408.310948852
2023-02-06,True,-0.0254702104370216,0.0,-0.0254702104370216,15632830.265562799
2023-02-07,True,0.0619219104746966,0.0,0.0619219104746966,16600844.981733106
2023-02-08,True,-0.053767618575361,0.0,-0.053767618575361,15708257.080726584
2023-02-09,True,-0.0268107013534534,0.0,-0.0268107013534534,15287107.691351954
2023-02-10,True,-0.0205590619972381,0.0,-0.0205590619972381,14972819.096566994
2023-02-13,True,0.0474391488427596,0.0,0.0474391488427596,15683116.890284749
2023-02-14,True,0.0216432602442495,0.0,0.0216432602442495,16022550.670582168
2023-02-15,True,0.0223616188996851,0.0,0.0223616188996851,16380840.842478622
2023-02-16,True,-0.0571757573124057,0.0,-0.0571757573124057,15444253.86189592
2023-02-17,True,-0.0215710474371898,0.0,-0.0215710474371898,15111105.129208962
2023-02-21,True,-0.0702993203597708,0.0,-0.0702993203597708,14048804.708740525
2023-02-22,True,0.0008947448186178,0.0,0.0008947448186178,14061374.803961445
2023-02-23,True,0.025033478532044,0.0,0.025033478532044,14413379.928247437
2023-02-24,True,-0.0505886155904441,0.0,-0.0505886155904441,13684226.991698304
2023-02-27,True,0.0215891591536372,0.0,0.0215891591536372,13979657.946116576
2023-02-28,True,-0.0049459733984542,0.0,-0.0049459733984542,13910514.929795597
2023-03-01,True,-0.0244013273971636,0.0,-0.0244013273971636,13571079.90073052
2023-03-02,True,0.0240852193561436,0.0,0.0240852193561436,13897942.337039366
2023-03-03,True,0.0610584144987755,0.0,0.0610584144987755,14746528.660934398
2023-03-06,True,0.0042627297373625,0.0,0.0042627297373625,14809389.127180234
2023-03-07,True,-0.0373514139187937,0.0,-0.0373514139187937,14256237.504006442
2023-03-08,True,0.0136682420533196,0.0,0.0136682420533196,14451095.208980814
2023-03-09,True,-0.0526315243705111,0.0,-0.0526315243705111,13690512.039308764
2023-03-10,True,-0.0413223562643741,0.0,-0.0413223562643741,13124787.823378745
2023-03-13,True,0.0215516519584038,0.0,0.0215516519584038,13407648.6825761
2023-03-14,True,0.0679795214620799,0.0,0.0679795214620799,14319094.223949311
2023-03-15,True,0.0144864466998877,0.0,0.0144864466998877,14526527.019215222
2023-03-16,True,0.079186413460687,0.0,0.079186413460687,15676830.59390664
2023-03-17,True,-0.0148356984925968,0.0,-0.0148356984925968,15444253.861895923
2023-03-20,True,0.0105820080151388,0.0,0.0105820080151388,15607685.080050346
2023-03-21,True,0.0422875759993022,0.0,0.0422875759993022,16267696.24904615
2023-03-22,True,-0.0408083979427342,0.0,-0.0408083979427342,15603837.62690355
2023-03-23,True,0.0356564329449846,0.0,0.0356564329449846,16160214.816931667
2023-03-24,True,0.010172143733101,0.0,0.010172143733101,16324598.844807284
2023-03-27,True,-0.020526572937052,0.0,-0.020526572937052,15989510.775951235
2023-03-28,True,-0.0166073998034399,0.0,-0.0166073998034399,15723966.5778336
2023-03-29,True,0.0546841315554584,0.0,0.0546841315554584,16583818.034749486
2023-03-30,True,0.0270683750714506,0.0,0.0270683750714506,17032715.04143077
2023-03-31,True,0.0489976296258716,0.0,0.0489976296258716,17867277.70455381
2023-04-03,True,-0.0070769855705172,0.0,-0.0070769855705172,17740831.23805426
2023-04-04,True,-0.0099786924044344,0.0,-0.0099786924044344,17563800.940130737
2023-04-05,True,-0.032037467435796,0.0,-0.032037467435796,17001101.239462495
2023-04-06,True,0.0200818213021996,0.0,0.0200818213021996,17342514.316493988
2023-04-10,True,-0.002187402769198,0.0,-0.002187402769198,17304579.25265323
2023-04-11,True,-0.0193642712428264,0.0,-0.0193642712428264,16969488.68626187
2023-04-12,True,-0.0264531104155806,0.0,-0.0264531104155806,16520592.928348236
2023-04-13,True,0.0574052703511398,0.0,0.0574052703511398,17468962.031761196
2023-04-14,True,-0.0057907088310561,0.0,-0.0057907088310561,17367804.35905449
2023-04-17,True,0.0010922525993217,0.0,0.0010922525993217,17386774.388510182
2023-04-18,True,0.0007271345139956,0.0,0.0007271345139956,17399416.91225512
2023-04-19,True,-0.0021801773740119,0.0,-0.0021801773740119,17361483.097182024
2023-04-20,True,-0.0233068038429123,0.0,-0.0233068038429123,16956842.416213963
2023-04-21,True,0.0018645157351562,0.0,0.0018645157351562,16988458.715717558
2023-04-24,True,-0.0059547143565223,0.0,-0.0059547143565223,16887297.29670789
2023-04-25,True,-0.0565331205627083,0.0,-0.0565331205627083,15932605.682654805
2023-04-26,True,0.0166667149998396,0.0,0.0166667149998396,16198149.880772438
2023-04-27,True,0.0807962466082834,0.0,0.0807962466082834,17506899.593137268
2023-04-28,True,0.0202239178004157,0.0,0.0202239178004157,17860957.691449005
2023-05-01,True,-0.0028318098742021,0.0,-0.0028318098742021,17810378.855095655
2023-05-02,True,-0.0266241276691577,0.0,-0.0266241276691577,17336193.05462152
2023-05-03,True,-0.0196937311855863,0.0,-0.0196937311855863,16994778.728822377
2023-05-04,True,-0.0111606526154289,0.0,-0.0111606526154289,16805105.90715391
2023-05-05,True,0.0613243229425819,0.0,0.0613243229425819,17835667.648888506
2023-05-08,True,0.008153058806108,0.0,0.008153058806108,17981082.89607609
2023-05-09,True,-0.0193388986032562,0.0,-0.0193388986032562,17633348.55717213
2023-05-10,True,0.032269591943685,0.0,0.032269591943685,18202369.519712843
2023-05-11,True,0.0083362227335861,0.0,0.0083362227335861,18354108.52630821
2023-05-12,True,-0.0103340797727438,0.0,-0.0103340797727438,18164435.70463974
2023-05-15,True,0.0153150488086359,0.0,0.0153150488086359,18442624.92403763
2023-05-16,True,0.0037709582318232,0.0,0.0037709582318232,18512171.29231136
2023-05-17,True,0.0358606568435504,0.0,0.0358606568435504,19176029.914453965
2023-05-18,True,0.053742054470957,0.0,0.053742054470957,20206589.158653248
2023-05-19,True,-0.0068835336560447,0.0,-0.0068835336560447,20067496.422105793
2023-05-22,True,0.0103969299009822,0.0,0.0103969299009822,20276136.77569464
2023-05-23,True,-0.038665406739469,0.0,-0.038665406739469,19492151.7001573
2023-05-24,True,-0.0162179009565567,0.0,-0.0162179009565567,19176029.914453972
2023-05-25,True,0.0722058264922884,0.0,0.0722058264922884,20560651.00326797
2023-05-26,True,0.0756456534756397,0.0,0.0756456534756397,22115974.884294745
2023-05-30,True,0.0140081670265337,0.0,0.0140081670265337,22425779.15442857
2023-05-31,True,-0.0202991057964861,0.0,-0.0202991057964861,21970555.890804194
2023-06-01,True,0.036259157350406,0.0,0.036259157350406,22767189.733924754
2023-06-02,True,0.0224935368159877,0.0,0.0224935368159877,23279304.354401372
2023-06-05,True,0.0021729635654712,0.0,0.0021729635654712,23329889.434593003
2023-06-06,True,-0.0010841260164016,0.0,-0.0010841260164016,23304596.894497186
2023-06-07,True,-0.0510037575669501,0.0,-0.0510037575669501,22115974.884294756
2023-06-08,True,0.0343053510285575,0.0,0.0343053510285575,22874671.16603925
2023-06-09,True,0.0121611792161022,0.0,0.0121611792161022,23152854.14159886
2023-06-12,True,0.0510651187380404,0.0,0.0510651187380404,24335157.38746414
2023-06-13,True,0.0223434314117196,0.0,0.0223434314117196,24878888.30744435
2023-06-14,True,0.0213468500737248,0.0,0.0213468500737248,25409974.206144307
2023-06-15,True,0.0350834773275461,0.0,0.0350834773275461,26301444.4600991
2023-06-16,True,-0.0192308203620562,0.0,-0.0192308203620562,25795646.10642434
2023-06-20,True,-0.004901901458313,0.0,-0.004901901458313,25669198.391157128
2023-06-21,True,-0.0400772070942726,0.0,-0.0400772070942726,24640448.611290753
2023-06-22,True,0.0332046544939714,0.0,0.0332046544939714,25458626.194005124
2023-06-23,True,-0.0296459508510325,0.0,-0.0296459508510325,24703881.013122838
2023-06-26,True,-0.039538062928811,0.0,-0.039538062928811,23727137.411040127
2023-06-27,True,0.0494519022241692,0.0,0.0494519022241692,24900489.490350313
2023-06-28,True,0.0061132243901094,0.0,0.0061132243901094,25052711.770028386
2023-06-29,True,-0.0068354279454816,0.0,-0.0068354279454816,24881465.76388544
2023-06-30,True,0.0451185095009158,0.0,0.0451185095009158,26004080.413350016
2023-07-03,True,0.0068293030559176,0.0,0.0068293030559176,26181670.159183234
2023-07-05,True,-0.0007267001640656,0.0,-0.0007267001640656,26162643.935183045
2023-07-06,True,-0.0235152216362453,0.0,-0.0235152216362453,25547423.564457048
2023-07-07,True,-0.0101786538618331,0.0,-0.0101786538618331,25287385.182932798
2023-07-10,True,0.0007523998176384,0.0,0.0007523998176384,25306411.406932987
2023-07-11,True,0.0142857368438402,0.0,0.0142857368438402,25667932.14075439
2023-07-12,True,0.037064386042839,0.0,0.037064386042839,26619298.286540706
2023-07-13,True,0.0497974944613208,0.0,0.0497974944613208,27944872.645528965
2023-07-14,True,-0.0009079469263507,0.0,-0.0009079469263507,27919500.184303198
2023-07-17,True,0.0277148189419975,0.0,0.0277148189419975,28693284.076862227
2023-07-18,True,0.0238724513954653,0.0,0.0238724513954653,29378263.1063634
2023-07-19,True,0.0,0.0,0.0,29378263.1063634
2023-07-20,True,-0.0701638932297489,0.0,-0.0701638932297489,27316969.79049305
2023-07-21,True,-0.008822799870282,0.0,-0.008822799870282,27075957.63296899
2023-07-24,True,0.0039821711341987,0.0,0.0039821711341987,27183778.729885783
2023-07-25,True,0.0200654303717244,0.0,0.0200654303717244,27729232.94923067
2023-07-26,True,-0.0102930483464336,0.0,-0.0102930483464336,27443814.61387472
2023-07-27,True,-0.0085506853207107,0.0,-0.0085506853207107,27209151.191111557
2023-07-28,True,0.054079154971439,0.0,0.054079154971439,28680599.09501699
2023-07-31,True,0.0019903233848803,0.0,0.0019903233848803,28737682.76208818
2023-08-01,True,-0.0077245592611496,0.0,-0.0077245592611496,28515696.828564316
2023-08-02,True,-0.0653915227761509,0.0,-0.0653915227761509,26651011.989921436
2023-08-03,True,-0.0071394935303171,0.0,-0.0071394935303171,26460737.26224299
2023-08-04,True,-0.0139023704215488,0.0,-0.0139023704215488,26092870.291196007
2023-08-07,True,0.0247936146703002,0.0,0.0247936146703002,26739806.862838045
2023-08-08,True,-0.0256166406917381,0.0,-0.0256166406917381,26054822.838266253
2023-08-09,True,-0.0333496801350126,0.0,-0.0333496801350126,25185902.830635652
2023-08-10,True,0.0045328864077169,0.0,0.0045328864077169,25300067.66724272
2023-08-11,True,-0.0200552536255133,0.0,-0.0200552536255133,24792668.39343352
2023-08-14,True,0.0332565584222352,0.0,0.0332565584222352,25617187.218302846
2023-08-15,True,-0.0307005361321019,0.0,-0.0307005361321019,24830725.83650452
2023-08-16,True,-0.0332056874951468,0.0,-0.0332056874951468,24006204.51409988
2023-08-17,True,-0.0338177715716194,0.0,-0.0338177715716194,23194368.173540477
2023-08-18,True,-0.0046484818458855,0.0,-0.0046484818458855,23086549.57415899
2023-08-21,True,0.0483514614712476,0.0,0.0483514614712476,24202817.986397985
2023-08-22,True,-0.0044546920902669,0.0,-0.0044546920902669,24095001.88455181
2023-08-23,True,0.0471176402786541,0.0,0.0471176402786541,25230301.51586162
2023-08-24,True,-0.0658622778675283,0.0,-0.0658622778675283,23568576.38674242
2023-08-25,True,0.0236811803744811,0.0,0.0236811803744811,24126708.095326606
2023-08-28,True,0.0223451733487698,0.0,0.0223451733487698,24665823.570051845
2023-08-29,True,0.0637694199289473,0.0,0.0637694199289473,26238748.83118381
2023-08-30,True,0.0166788868342677,0.0,0.0166788868342677,26676381.9536119
2023-08-31,True,0.0090346643687724,0.0,0.0090346643687724,26917394.111135963
2023-09-01,True,-0.0035344659373071,0.0,-0.0035344659373071,26822255.498529084
2023-09-05,True,0.0026011477267542,0.0,0.0026011477267542,26892024.147445504
2023-09-06,True,-0.0264150435224763,0.0,-0.0264150435224763,26181670.159183245
2023-09-07,True,-0.0218022450246365,0.0,-0.0218022450246365,25610850.97121852
2023-09-08,True,0.0029715879447458,0.0,0.0029715879447458,25686955.867219273
2023-09-11,True,0.0340740552043077,0.0,0.0340740552043077,26562214.61946952
2023-09-12,True,-0.0319959689229458,0.0,-0.0319959689229458,25712330.825980358
2023-09-13,True,0.0098666528348194,0.0,0.0098666528348194,25966025.467814334
2023-09-14,True,0.0234488768508347,0.0,0.0234488768508347,26574899.60131475
2023-09-15,True,-0.0513125854639606,0.0,-0.0513125854639606,25211272.79432611
2023-09-18,True,0.0022640138983152,0.0,0.0022640138983152,25268351.466326684
2023-09-19,True,-0.006024029102583,0.0,-0.006024029102583,25116134.181719232
2023-09-20,True,-0.0433592923409326,0.0,-0.0433592923409326,24027116.37725998
2023-09-21,True,-0.0569535497271351,0.0,-0.0569535497271351,22658686.80986804
2023-09-22,True,0.00084288435091,0.0,0.00084288435091,22677785.462392256
2023-09-25,True,0.0131909834135566,0.0,0.0131909834135566,22976927.754282866
2023-09-26,True,-0.0445981620769315,0.0,-0.0445981620769315,21952199.006267413
2023-09-27,True,0.0060884835335617,0.0,0.0060884835335617,22085854.60844254
2023-09-28,True,0.0242073445164909,0.0,0.0242073445164909,22620494.499890238
2023-09-29,True,0.0022510449505677,0.0,0.0022510449505677,22671414.249813564
2023-10-02,True,0.0238630285931777,0.0,0.0238630285931777,23212422.85630464
2023-10-03,True,-0.0529200575158606,0.0,-0.0529200575158606,21984020.103666525
2023-10-04,True,0.0405327661473393,0.0,0.0405327661473393,22875093.249506846
2023-10-05,True,-0.0105732385187268,0.0,-0.0105732385187268,22633229.43244169
2023-10-06,True,0.0503374115807748,0.0,0.0503374115807748,23772527.617784616
2023-10-09,True,0.0147256969268454,0.0,0.0147256969268454,24122594.654669177
2023-10-10,True,0.0163587532717093,0.0,0.0163587532717093,24517210.228898365
2023-10-11,True,0.0212875953923583,0.0,0.0212875953923583,25039122.680400547
2023-10-12,True,-0.0116930441503708,0.0,-0.0116930441503708,24746339.11341207
2023-10-13,True,-0.0378085896435959,0.0,-0.0378085896435959,23810714.93269181
2023-10-16,True,0.0336808904426777,0.0,0.0336808904426777,24612681.013701633
2023-10-17,True,-0.0095680394139376,0.0,-0.0095680394139376,24377185.911679864
2023-10-18,True,-0.0422977436497342,0.0,-0.0422977436497342,23346085.951085716
2023-10-19,True,-0.0267175172369525,0.0,-0.0267175172369525,22722336.49727221
2023-10-20,True,-0.0450979698181032,0.0,-0.0450979698181032,21697605.25172144
2023-10-23,True,0.0088001218287152,0.0,0.0088001218287152,21888546.82132796
2023-10-24,True,0.0282057663007517,0.0,0.0282057663007517,22505930.0576334
2023-10-25,True,-0.0732465041499209,0.0,-0.0732465041499209,20857449.358269125
2023-10-26,True,-0.0582850060224784,0.0,-0.0582850060224784,19641772.79680887
2023-10-27,False,0.005261131190627768,0.0005010558895876427,0.004760075301040126,19735269.1143676
2023-10-30,False,-0.003508692132209314,3.5656020762267485e-07,-0.003509048692416937,19666017.094087332
2023-10-31,False,-0.0008032873340196416,7.761693602321429e-07,-0.0008040635033798737,19650204.36748513
2023-11-01,False,-0.00043955950022233833,1.3058279643176908e-06,-0.00044086532818665605,19641541.273687724
2023-11-02,False,-0.0006404806754456028,1.2924143204893491e-06,-0.0006417730897660921,19628935.86105674
2023-11-03,False,-0.0045339407563734675,3.1770812387189594e-06,-0.0045371178376121864,19539877.066028193
2023-11-06,False,0.0004045725570767638,2.125044838996129e-06,0.00040244751223776767,19547740.840942845
2023-11-07,False,-0.0029789024105920533,1.0209289181552644e-06,-0.0029799233395102083,19489490.071776226
2023-11-08,False,-0.005289486356923691,1.23464249100734e-06,-0.005290720999414698,19386376.617385596
2023-11-09,False,0.003630526741486187,1.8087524343050055e-06,0.003628717989051882,19456724.310959637
2023-11-10,False,-0.002259917399304079,1.4449044979165104e-06,-0.0022613623038019955,19412725.608047366
2023-11-13,False,0.002806906821534206,4.6650835809639027e-07,0.00280644031317611,19467206.263782416
2023-11-14,False,-0.0029689266796452444,4.404923448139434e-06,-0.002973331603093384,19409323.804174375
2023-11-15,True,0.0027946711719644,0.0005,0.0022946711719644,19453861.819975138
2023-11-16,True,0.0016254537842854,0.0,0.0016254537842854,19485483.17328938
2023-11-17,True,0.0006957265087903,0.0,0.0006957265087903,19499039.740469627
2023-11-20,True,0.0356812211253079,0.0,0.0356812211253079,20194789.28918049
2023-11-21,True,-0.0181208891476394,0.0,-0.0181208891476394,19828841.751111314
2023-11-22,True,0.0116197752897388,0.0,0.0116197752897388,20059248.43651502
2023-11-24,True,-0.0049547336915705,0.0,-0.0049547336915705,19959860.202459037
2023-11-27,True,-0.0029427190308176,0.0,-0.0029427190308176,19901123.9419888
2023-11-28,True,0.0079455057406379,0.0,0.0079455057406379,20059248.43651502
2023-11-29,True,-0.0036035230283804,0.0,-0.0036035230283804,19986964.472842034
2023-11-30,True,-0.0083633840754483,0.0,-0.0083633840754483,19819805.812453315
2023-12-01,True,0.0084339201892527,0.0,0.0084339201892527,19986964.472842034
2023-12-04,True,-0.0284809722390747,0.0,-0.0284809722390747,19417716.292547647
2023-12-05,True,0.0072127117265314,0.0,0.0072127117265314,19557770.68255337
2023-12-06,True,-0.0177869908387874,0.0,-0.0177869908387874,19209896.794595685
2023-12-07,True,0.0418624696438285,0.0,0.0418624696438285,20014070.51602053
2023-12-08,True,0.011963980153689,0.0,0.011963980153689,20253518.45846873
2023-12-11,True,0.0254294627866025,0.0,0.0254294627866025,20768554.55240613
2023-12-12,True,0.0241462674295767,0.0,0.0241462674295767,21270037.624754276
2023-12-13,True,0.0352589814603592,0.0,0.0352589814603592,22019997.48702663
2023-12-14,True,-0.0016413254296594,0.0,-0.0016413254296594,21983855.505190134
2023-12-15,True,0.0119195153294917,0.0,0.0119195153294917,22245892.40788558
2023-12-18,True,0.0209179086362796,0.0,0.0209179086362796,22711229.952806238
2023-12-19,True,0.0149194791651217,0.0,0.0149194791651217,23050069.674901422
2023-12-20,True,-0.0444318122999025,0.0,-0.0444318122999025,22025913.305606525
2023-12-21,True,0.0331685339070004,0.0,0.0331685339070004,22756480.557916187
2023-12-22,True,0.0039878487079221,0.0,0.0039878487079221,22847229.95950593
2023-12-26,True,0.0182722498260936,0.0,0.0182722498260936,23264700.253160235
2023-12-27,True,0.0052661810726857,0.0,0.0052661810726857,23387216.377295133
2023-12-28,True,-0.002522308310443,0.0,-0.002522308310443,23328226.60706855
2023-12-29,True,-0.0138104656233153,0.0,-0.0138104656233153,23006052.93545872
2024-01-02,True,-0.0506903067624217,0.0,-0.0506903067624217,21839869.054767806
2024-01-03,True,-0.0319967966107583,0.0,-0.0319967966107583,21141063.206616808
2024-01-04,True,-0.0167415929988665,0.0,-0.0167415929988665,20787128.13084832
2024-01-05,True,0.0037108482356713,0.0,0.0037108482356713,20864266.00859735
2024-01-08,True,0.060243605030209,0.0,0.060243605030209,22121204.609264508
2024-01-09,True,0.0065640349833966,0.0,0.0065640349833966,22266408.970194593
2024-01-10,True,0.0197677478323143,0.0,0.0197677478323143,22706565.727848582
2024-01-11,True,0.0047960941695874,0.0,0.0047960941695874,22815468.55534727
2024-01-12,True,0.0011932615107543,0.0,0.0011932615107543,22842693.375824194
2024-01-16,True,-0.0005958032540775,0.0,-0.0005958032540775,22829083.624778986
2024-01-17,True,-0.0172929436567754,0.0,-0.0172929436567754,22434301.56791987
2024-01-18,True,0.0428804655323371,0.0,0.0428804655323371,23396294.863045115
2024-01-19,True,0.0577966784674741,0.0,0.0577966784674741,24748522.994574748
2024-01-22,True,0.0040336907120315,0.0,0.0040336907120315,24848350.881914463
2024-01-23,True,0.0118699567844391,0.0,0.0118699567844391,25143299.733047366
2024-01-24,True,0.0164230697150236,0.0,0.0164230697150236,25556229.897428937
2024-01-25,True,0.002840845240424,0.0,0.002840845240424,25628831.19149623
2024-01-26,True,-0.0184135654992037,0.0,-0.0184135654992037,25156913.029683582
2024-01-29,True,0.0294011507531113,0.0,0.0294011507531113,25896555.22215222
2024-01-30,True,-0.0199753541801198,0.0,-0.0199753541801198,25379262.359544702
2024-01-31,True,-0.0588237348592018,0.0,-0.0588237348592018,23886359.359584723
2024-02-01,True,0.0353344755963371,0.0,0.0353344755963371,24730371.34146131
2024-02-02,True,0.0502752379599924,0.0,0.0502752379599924,25973696.645492256
2024-02-05,True,-0.0050663202119407,0.0,-0.0050663202119407,25842105.58119838
2024-02-06,True,-0.0057946618369699,0.0,-0.0057946618369699,25692359.318200063
2024-02-07,True,0.0298481262948016,0.0,0.0298481262948016,26459228.10394112
2024-02-08,True,0.0041158061858566,0.0,0.0041158061858566,26568129.15864431
2024-02-09,True,0.029376762786262,0.0,0.029376762786262,27348614.786612574
2024-02-12,True,-0.0117802555677348,0.0,-0.0117802555677348,27026441.115002748
2024-02-13,True,-0.0473473506041089,0.0,-0.0473473506041089,25746810.731949408
2024-02-14,True,0.0317237500639491,0.0,0.0317237500639491,26563596.120553575
2024-02-15,True,0.0083703194123658,0.0,0.0083703194123658,26785941.90482369
2024-02-16,True,-0.027443709517436,0.0,-0.027443709517436,26050836.29603679
2024-02-20,True,-0.0231665970047318,0.0,-0.0231665970047318,25447327.069930267
2024-02-21,True,-0.0124822788910679,0.0,-0.0124822788910679,25129686.436411176
2024-02-22,True,0.0864933237155802,0.0,0.0864933237155802,27303236.540226713
2024-02-23,True,-0.0091407616520053,0.0,-0.0091407616520053,27053664.16268418
2024-02-26,True,-0.0013417687311269,0.0,-0.0013417687311269,27017364.402048282
2024-02-27,True,0.0062143134327359,0.0,0.0062143134327359,27185258.772569053
2024-02-28,True,-0.0161910737775881,0.0,-0.0161910737775881,26745100.242119562
2024-02-29,True,0.0240923629290197,0.0,0.0240923629290197,27389452.90372572
2024-03-01,True,0.0458913365332747,0.0,0.0458913365332747,28646391.504392877
2024-03-04,True,-0.0118801543250426,0.0,-0.0118801543250426,28306067.9524651
2024-03-05,True,-0.0535429176000291,0.0,-0.0535429176000291,26790478.488505434
2024-03-06,True,0.0184620879994938,0.0,0.0184620879994938,27285086.65990877
2024-03-07,True,0.0445700878988004,0.0,0.0445700878988004,28501185.370667294
2024-03-08,True,-0.0437827444258318,0.0,-0.0437827444258318,27253325.25575011
2024-03-11,True,-0.011655244860187,0.0,-0.011655244860187,26935681.076640025
2024-03-12,True,0.0424530183227456,0.0,0.0424530183227456,28079182.038922254
2024-03-13,True,-0.0232708284758395,0.0,-0.0232708284758395,27425756.209952623
2024-03-14,True,-0.0081071888252776,0.0,-0.0081071888252776,27203410.425682504
2024-03-15,True,-0.0365305189214699,0.0,-0.0365305189214699,26209655.7263986
2024-03-18,True,0.0282203530554068,0.0,0.0282203530554068,26949301.46445823
2024-03-19,True,0.0069033590905158,0.0,0.0069033590905158,27135342.169705953
2024-03-20,True,0.0354954458317029,0.0,0.0354954458317029,28098523.237815477
2024-03-21,True,0.0129659992129889,0.0,0.0129659992129889,28462848.668003142
2024-03-22,True,0.0020799922866823,0.0,0.0020799922866823,28522051.173689593
2024-03-25,True,-0.010218759787511,0.0,-0.010218759787511,28230591.184098564
2024-03-26,True,-0.0093562456858483,0.0,-0.0093562456858483,27966458.837123394
2024-03-27,True,0.0087932789294484,0.0,0.0087932789294484,28212375.71034716
2024-03-28,True,-0.0062953761456613,0.0,-0.0062953761456613,28034768.19328781
2024-04-01,True,0.006172869952945,0.0,0.006172869952945,28207823.171505935
2024-04-02,True,-0.0268001877636497,0.0,-0.0268001877636497,27451848.214105748
2024-04-03,True,0.0066356854108817,0.0,0.0066356854108817,27634010.04280183
2024-04-04,True,-0.0471324526797083,0.0,-0.0471324526797083,26331551.372108888
2024-04-05,True,0.0352819379949969,0.0,0.0352819379949969,27260579.534931708
2024-04-08,True,0.0006682633626171,0.0,0.0006682633626171,27278796.781478614
2024-04-09,True,0.0103505149359734,0.0,0.0103505149359734,27561146.375000697
2024-04-10,True,-0.0262722382188134,0.0,-0.0262722382188134,26837053.37185309
2024-04-11,True,0.0470047828456994,0.0,0.0470047828456994,28098523.23781549
2024-04-12,True,-0.0482981562147097,0.0,-0.0482981562147097,26741416.37307283
2024-04-15,True,-0.0502383899149322,0.0,-0.0502383899149322,25397970.670444842
2024-04-16,True,0.0001793179343272,0.0,0.0001793179343272,25402524.98208157
2024-04-17,True,-0.037110133673639,0.0,-0.037110133673639,24459833.884348568
2024-04-18,True,-0.0178736833316373,0.0,-0.0178736833316373,24022646.55915527
2024-04-19,True,-0.0619905296510183,0.0,-0.0619905296510183,22533469.975334026
2024-04-22,True,0.0291026480919736,0.0,0.0291026480919736,23189253.622317225
2024-04-23,True,0.0445797116251576,0.0,0.0445797116251576,24223023.86160277
2024-04-24,True,0.0097762370255181,0.0,0.0097762370255181,24459833.884348575
2024-04-25,True,-0.0160118730269724,0.0,-0.0160118730269724,24068186.12993155
2024-04-26,True,0.0459790417240855,0.0,0.0459790417240855,25174818.26422273
2024-04-29,True,0.0119393269300036,0.0,0.0119393269300036,25475388.64988271
2024-04-30,True,-0.0572041586955875,0.0,-0.0572041586955875,24018090.474723052
2024-05-01,True,-0.0216154314852697,0.0,-0.0216154314852697,23498929.085659668
2024-05-02,True,0.0370154691377695,0.0,0.0370154691377695,24368752.970000535
2024-05-03,True,0.0596150268875619,0.0,0.0596150268875619,25821496.833523475
2024-05-06,True,0.0328042900537244,0.0,0.0328042900537244,26668552.705271706
2024-05-07,True,0.0,0.0,0.0,26668552.705271706
2024-05-08,True,-0.0018783877387953,0.0,-0.0018783877387953,26618458.822858706
2024-05-09,True,0.0054746721653593,0.0,0.0054746721653593,26764186.15846097
2024-05-10,True,0.0068062447486001,0.0,0.0068062447486001,26946349.759952553
2024-05-13,True,0.0065912189011521,0.0,0.0065912189011521,27123959.04980741
2024-05-14,True,0.0186365375507855,0.0,0.0186365375507855,27629455.731165115
2024-05-15,True,0.0461514020278279,0.0,0.0461514020278279,28904593.850424193
2024-05-16,True,-0.0061446120979399,0.0,-0.0061446120979399,28726986.333364837
2024-05-17,True,-0.0022195284313594,0.0,-0.0022195284313594,28663225.97045066
2024-05-20,True,0.0206545777600311,0.0,0.0206545777600311,29255252.80011067
2024-05-21,True,0.0051371539821531,0.0,0.0051371539821531,29405541.53853166
2024-05-22,True,-0.0006195777526671,0.0,-0.0006195777526671,29387322.519189257
2024-05-23,True,-0.0148767924571325,0.0,-0.0148767924571325,28950133.42120046
2024-05-24,True,0.0280004869500807,0.0,0.0280004869500807,29760751.25426388
2024-05-28,True,0.0108645317013225,0.0,0.0108645317013225,30084087.879721005
2024-05-29,True,-0.0208899803404365,0.0,-0.0208899803404365,29455631.875353668
2024-05-30,True,-0.0321581996608197,0.0,-0.0321581996608197,28508391.78437044
2024-05-31,True,-0.0011183357691213,0.0,-0.0011183357691213,28476509.830117855
2024-06-03,True,0.0097554300695248,0.0,0.0097554300695248,28754310.430389706
2024-06-04,True,0.0074437001395089,0.0,0.0074437001395089,28968348.89495188
2024-06-05,True,0.0603677698546512,0.0,0.0603677698546512,30717103.514111575
2024-06-06,True,-0.0011857842098975,0.0,-0.0011857842098975,30680679.657790754
2024-06-07,True,-0.0037107693900702,0.0,-0.0037107693900702,30566830.73085008
2024-06-10,True,0.0105777905835948,0.0,0.0105777905835948,30890160.2651252
2024-06-11,True,0.0206399615071795,0.0,0.0206399615071795,31527731.98394799
2024-06-12,True,0.0394337892251488,0.0,0.0394337892251488,32770989.921749976
2024-06-13,True,0.0159810766153427,0.0,0.0159810766153427,33294705.62245009
2024-06-14,True,0.0144986615661673,0.0,0.0144986615661673,33777434.29121516
2024-06-17,True,0.0362679158843834,0.0,0.0362679158843834,35002471.43687924
2024-06-18,True,0.0005205573032396,0.0,0.0005205573032396,35020692.229017146
2024-06-20,True,-0.0235371157420217,0.0,-0.0235371157420217,34196406.14265705
2024-06-21,True,-0.0091889188844233,0.0,-0.0091889188844233,33882178.14047338
2024-06-24,True,-0.0338708793002701,0.0,-0.0338708793002701,32734558.974247154
2024-06-25,True,0.0333886850852138,0.0,0.0333886850852138,33827522.85524165
2024-06-26,True,0.0062571738490841,0.0,0.0062571738490841,34039187.54663077
2024-06-27,True,0.0072521774291913,0.0,0.0072521774291913,34286045.774264455
2024-06-28,True,-0.0157334227089391,0.0,-0.0157334227089391,33746608.923079915
2024-07-01,True,0.0163912069753142,0.0,0.0163912069753142,34299756.57465311
2024-07-02,True,0.0306545910354005,0.0,0.0306545910354005,35351201.5850629
2024-07-03,True,0.0245699600058892,0.0,0.0245699600058892,36219779.19416802
2024-07-05,True,0.0302915918860877,0.0,0.0302915918860877,37316933.96372197
2024-07-08,True,0.0066151797967559,0.0,0.0066151797967559,37563792.19135565
2024-07-09,True,0.0021906633134827,0.0,0.0021906633134827,37646081.81282455
2024-07-10,True,0.0313296163384275,0.0,0.0313296163384275,38825519.11266539
2024-07-11,True,-0.0657010916347453,0.0,-0.0657010916347453,36274640.123677604
2024-07-12,True,0.0162570014509944,0.0,0.0162570014509944,36864357.00080253
2024-07-15,True,0.0074404368313549,0.0,0.0074404368313549,37138643.92039552
2024-07-16,True,0.0007387394973306,0.0,0.0007387394973306,37166079.703536816
2024-07-17,True,-0.0879459418257588,0.0,-0.0879459418257588,33897473.82003805
2024-07-18,True,-0.0149697849203458,0.0,-0.0149697849203458,33390035.92760903
2024-07-19,True,-0.0271082917256889,0.0,-0.0271082917256889,32484889.092952173
2024-07-22,True,0.0436251616995844,0.0,0.0436251616995844,33902047.63242527
2024-07-23,True,-0.010787462710793,0.0,-0.010787462710793,33536330.55777096
2024-07-24,True,-0.1078247195330471,0.0,-0.1078247195330471,29920285.121211752
2024-07-25,True,-0.0333076185634568,0.0,-0.0333076185634568,28923711.67708456
2024-07-26,True,0.0286074823454187,0.0,0.0286074823454187,29751146.24825074
2024-07-29,True,0.0058390952429416,0.0,0.0058390952429416,29924866.024780963
2024-07-30,True,-0.0407883415469769,0.0,-0.0407883415469769,28704280.368614674
2024-07-31,True,0.0874340203075247,0.0,0.0874340203075247,31214011.001277015
2024-08-01,True,-0.0720560410822238,0.0,-0.0720560410822238,28964852.94222801
2024-08-02,True,-0.072916645627428,0.0,-0.072916645627428,26852833.024589006
2024-08-05,True,-0.0871638125909864,0.0,-0.0871638125909864,24512237.719296683
2024-08-06,True,0.0249907354397418,0.0,0.0249907354397418,25124816.567175686
2024-08-07,True,-0.0322053497114256,0.0,-0.0322053497114256,24315663.06319437
2024-08-08,True,0.0915586176727909,0.0,0.0915586176727909,26541971.56105779
2024-08-09,True,0.0136066308046223,0.0,0.0136066308046223,26903118.36891589
2024-08-12,True,0.0067969272119188,0.0,0.0067969272119188,27085976.906243045
2024-08-13,True,0.0727426667262705,0.0,0.0727426667262705,29056283.097289342
2024-08-14,True,0.0017306186121091,0.0,0.0017306186121091,29106568.441616222
2024-08-15,True,0.0752316691372601,0.0,0.0752316691372601,31296304.16833691
2024-08-16,True,0.0026292585678902,0.0,0.0026292585678902,31378590.244214807
2024-08-19,True,0.0387529715997605,0.0,0.0387529715997605,32594603.860789385
2024-08-20,True,-0.0061712199156835,0.0,-0.0061712199156835,32393455.39229987
2024-08-21,True,0.0136889652050333,0.0,0.0136889652050333,32836888.27603586
2024-08-22,True,-0.0480301425389225,0.0,-0.0480301425389225,31259727.851603188
2024-08-23,True,0.0314421573078771,0.0,0.0314421573078771,32242601.132114723
2024-08-26,True,-0.0293492748894649,0.0,-0.0293492748894649,31296304.168336917
2024-08-27,True,0.0084723574948766,0.0,0.0084723574948766,31561457.64551946
2024-08-28,True,-0.0338937677208172,0.0,-0.0338937677208172,30491720.931151815
2024-08-29,True,-0.0052473878178554,0.0,-0.0052473878178554,30331719.046192244
2024-08-30,True,0.0340619287179049,0.0,0.0340619287179049,31364875.898235165
2024-09-03,True,-0.0912402925426537,0.0,-0.0912402925426537,28503135.44571616
2024-09-04,True,-0.008500334586116,0.0,-0.008500334586116,28260849.25767419
2024-09-05,True,0.0032350350069543,0.0,0.0032350350069543,28352274.094349027
2024-09-06,True,-0.0811027966966746,0.0,-0.0811027966966746,26052825.372586645
2024-09-09,True,0.0371996271068801,0.0,0.0371996271068801,27021980.761527535
2024-09-10,True,0.0268988548003219,0.0,0.0268988548003219,27748841.09844896
2024-09-11,True,0.063756094039389,0.0,0.063756094039389,29517998.821005736
2024-09-12,True,0.029580425569432,0.0,0.029580425569432,30391153.788089078
2024-09-13,True,0.0130864557032615,0.0,0.0130864557032615,30788866.275907915
2024-09-16,True,-0.013362844546193,0.0,-0.013362844546193,30377439.442109436
2024-09-17,True,0.0006019142202788,0.0,0.0006019142202788,30395724.054885305
2024-09-18,True,-0.0130847213339176,0.0,-0.0130847213339176,29998004.475884475
2024-09-19,True,0.0755867456992074,0.0,0.0755867456992074,32265456.011686843
2024-09-20,True,-0.0063758198616882,0.0,-0.0063758198616882,32059737.276401103
2024-09-23,True,0.0074149465911947,0.0,0.0074149465911947,32297458.51603335
2024-09-24,True,0.0141542787178967,0.0,0.0141542787178967,32754605.745748997
2024-09-25,True,0.003500386388014,0.0,0.003500386388014,32869259.52184618
2024-09-26,True,0.0212083327040946,0.0,0.0212083327040946,33566361.713522725
2024-09-27,True,-0.0172155675181902,0.0,-0.0172155675181902,32988497.747103583
2024-09-30,True,0.0077853933055247,0.0,0.0077853933055247,33245326.176623203
2024-10-01,True,-0.0423505464603841,0.0,-0.0423505464603841,31837368.4457895
2024-10-02,True,0.0037452286755554,0.0,0.0037452286755554,31956606.671046894
2024-10-03,True,-0.0022963357041535,0.0,-0.0022963357041535,31883223.574164577
2024-10-04,True,0.0352418131039711,0.0,0.0352418131039711,33006846.180517416
2024-10-07,True,-0.0329305267386845,0.0,-0.0329305267386845,31919913.349810243
2024-10-08,True,0.0433910648642752,0.0,0.0433910648642752,33304952.380433906
2024-10-09,True,0.0240979170035631,0.0,0.0240979170035631,34107532.35870522
2024-10-10,True,-0.0034959499269363,0.0,-0.0034959499269363,33988294.13344783
2024-10-11,True,0.0025636149443051,0.0,0.0025636149443051,34075427.032219775
2024-10-14,True,0.0255719489466266,0.0,0.0255719489466266,34946802.1126222
2024-10-15,True,-0.0398949475625559,0.0,-0.0398949475625559,33552601.27486012
2024-10-16,True,-0.0005468557642824,0.0,-0.0005468557642824,33534252.841446295
2024-10-17,True,0.0030088765983136,0.0,0.0030088765983136,33635153.27006285
2024-10-18,True,0.0177256605273634,0.0,0.0177256605273634,34231358.57871383
2024-10-21,True,0.005493117445138,0.0,0.005493117445138,34419395.45169333
2024-10-22,True,0.00293129313024,0.0,0.00293129313024,34520288.7891279
2024-10-23,True,-0.046233421393765,0.0,-0.046233421393765,32924297.730905697
2024-10-24,True,0.0238193414741336,0.0,0.0238193414741336,33708532.82135418
2024-10-25,True,0.016870637305385,0.0,0.016870637305385,34277217.252679914
2024-10-28,True,0.0009367409215208,0.0,0.0009367409215208,34309326.12475636
2024-10-29,True,0.0276700007864318,0.0,0.0276700007864318,35258665.20561031
2024-10-30,True,-0.0222425374601444,0.0,-0.0222425374601444,34474423.023979835
2024-10-31,True,-0.0760941301000156,0.0,-0.0760941301000156,31851121.793270137
2024-11-01,True,0.0213101994544546,0.0,0.0213101994544546,32529875.551532853
2024-11-04,True,-0.0093046778437317,0.0,-0.0093046778437317,32227195.53922916
2024-11-05,True,0.0379961343864021,0.0,0.0379961343864021,33451704.391834565
2024-11-06,True,0.081162763164575,0.0,0.081162763164575,36166737.15284041
2024-11-07,True,0.0467918084655214,0.0,0.0467918084655214,37859044.19051898
2024-11-08,True,0.0024226943781671,0.0,0.0024226943781671,37950765.08404213
2024-11-11,True,-0.0018128395453886,0.0,-0.0018128395453886,37881966.43632003
2024-11-12,True,-0.0054477405331175,0.0,-0.0054477405331175,37675595.31229069
2024-11-13,True,-0.0043823471036861,0.0,-0.0043823471036861,37510487.776294224
2024-11-14,True,-0.0211517132137193,0.0,-0.0211517132137193,36717076.696343325
2024-11-15,True,-0.0723207508908138,0.0,-0.0723207508908138,34061670.139148176
2024-11-18,True,0.0201966988273267,0.0,0.0201966988273267,34749603.432504304
2024-11-19,True,0.0200606216252092,0.0,0.0200606216252092,35446702.07858984
2024-11-20,True,-0.0011646024472555,0.0,-0.0011646024472555,35405420.76260198
2024-11-21,True,0.0098446187370815,0.0,0.0098446187370815,35753973.63123574
2024-11-22,True,0.003719928052831,0.0,0.003719928052831,35886975.84074676
2024-11-25,True,0.0046005672238063,0.0,0.0046005672238063,36052076.28556123
2024-11-26,True,0.0155196479829207,0.0,0.0155196479829207,36611591.818566546
2024-11-27,True,-0.0241763735226661,0.0,-0.0241763735226661,35726456.29950149
2024-11-29,True,0.0255455744938248,0.0,0.0255455744938248,36639109.150300786
2024-12-02,True,0.0324197214746688,0.0,0.0324197214746688,37826938.86403353
2024-12-03,True,0.0088505412923718,0.0,0.0088505412923718,38161727.74841369
2024-12-04,True,0.036534007237658,0.0,0.036534007237658,39555928.58617577
2024-12-05,True,-0.0082317090387187,0.0,-0.0082317090387187,39230315.69129803
2024-12-06,True,0.0257187491385766,0.0,0.0257187491385766,40239270.33918969
2024-12-09,True,-0.023364405691693,0.0,-0.023364405691693,39299103.70224716
2024-12-10,True,-0.0108530940633363,0.0,-0.0108530940633363,38872586.83316186
2024-12-11,True,0.0534451100688173,0.0,0.0534451100688173,40950136.51511986
2024-12-12,True,-0.0198230344720342,0.0,-0.0198230344720342,40138380.54734613
2024-12-13,True,0.0214807529534974,0.0,0.0214807529534974,41000583.183837146
2024-12-16,True,0.0435123439291957,0.0,0.0435123439291957,42784614.66062987
2024-12-17,True,-0.0133991149906385,0.0,-0.0133991149906385,42211338.68896194
2024-12-18,True,-0.1081051773226454,0.0,-0.1081051773226454,37648074.43496546
2024-12-19,True,-0.0141308210115782,0.0,-0.0141308210115782,37116076.23369439
2024-12-20,True,0.0259483118164915,0.0,0.0259483118164915,38079175.75321096
2024-12-23,True,0.0278533244406098,0.0,0.0278533244406098,39139807.389896154
2024-12-24,True,0.0397366321321626,0.0,0.0397366321321626,40695091.517872155
2024-12-26,True,-0.0021483471240351,0.0,-0.0021483471240351,40607664.33504739
2024-12-27,True,-0.0406798985384008,0.0,-0.0406798985384008,38955748.67001623
2024-12-30,True,-0.0401605665409676,0.0,-0.0401605665409676,37391263.73340083
2024-12-31,True,-0.0262122116685163,0.0,-0.0262122116685163,36411156.01386762
2025-01-02,True,-0.0063186638230131,0.0,-0.0063186638230131,36181086.15960871
2025-01-03,True,0.0479459659529606,0.0,0.0479459659529606,37915823.28475843
2025-01-06,True,0.0341019254623826,0.0,0.0341019254623826,39208825.864260145
2025-01-07,True,-0.0538668355145565,0.0,-0.0538668355145565,37096770.49071115
2025-01-08,True,0.0007442566222066,0.0,0.0007442566222066,37124380.00781135
2025-01-10,True,-0.0477194377845116,0.0,-0.0477194377845116,35352825.46574003
2025-01-13,True,-0.0104125735162411,0.0,-0.0104125735162411,34984711.57157117
2025-01-14,True,-0.0035511943069814,0.0,-0.0035511943069814,34860474.06300682
2025-01-15,True,0.067581747594579,0.0,0.067581747594579,37216405.82216031
2025-01-16,True,-0.0204004542072042,0.0,-0.0204004542072042,36457174.2394286
2025-01-17,True,0.049349971606815,0.0,0.049349971606815,38256334.75300912
2025-01-21,True,0.0165984033302462,0.0,0.0165984033302462,38891328.82717648
2025-01-22,True,0.0388073509833732,0.0,0.0388073509833732,40400598.27518251
2025-01-23,True,0.0061503683937358,0.0,0.0061503683937358,40649076.8379022
2025-01-24,True,-0.0179985787657626,0.0,-0.0179985787657626,39917451.22667969
2025-01-27,True,-0.087723362291138,0.0,-0.087723362291138,36415758.19098283
2025-01-28,True,0.0443518251307892,0.0,0.0443518251307892,38030863.53027441
2025-01-29,True,-0.0061706612782613,0.0,-0.0061706612782613,37796187.95330931
2025-01-30,True,0.0125396187054604,0.0,0.0125396187054604,38270137.73876373
2025-01-31,True,-0.0054107358293141,0.0,-0.0054107358293141,38063068.13330781
2025-02-03,True,-0.0241779381786707,0.0,-0.0241779381786707,37142781.62509017
2025-02-04,True,0.0362983480157919,0.0,0.0362983480157919,38491003.23879225
2025-02-05,True,0.013030467245866,0.0,0.013030467245866,38992558.99575585
2025-02-06,True,0.0149869815606815,0.0,0.0149869815606815,39576939.758429036
2025-02-07,True,-0.0381350720196748,0.0,-0.0381350720196748,38067670.31042301
2025-02-10,True,0.0351747504941497,0.0,0.0351747504941497,39406691.11548569
2025-02-11,True,-0.0071229085464825,0.0,-0.0071229085464825,39126000.85855061
2025-02-12,True,0.00199934499997,0.0,0.00199934499997,39204227.23273598
2025-02-13,True,0.0421360714402963,0.0,0.0421360714402963,40856139.35217615
2025-02-14,True,0.0117131847440481,0.0,0.0117131847440481,41334694.860336766
2025-02-18,True,0.0062339729912064,0.0,0.0062339729912064,41592374.23169586
2025-02-19,True,0.0001106495409366,0.0,0.0001106495409366,41596976.40881106
2025-02-20,True,-0.0121682276782643,0.0,-0.0121682276782643,41090814.92914125
2025-02-21,True,-0.0625980702323727,0.0,-0.0625980702323727,38518609.21030144
2025-02-24,True,-0.0359573832556825,0.0,-0.0359573832556825,37133580.81645077
2025-02-25,True,-0.0381659002798674,0.0,-0.0381659002798674,35716344.27397571
2025-02-26,True,0.0064414853576026,0.0,0.0064414853576026,35946410.58264362
2025-02-27,True,-0.0829492714833718,0.0,-0.0829492714833718,32964682.012371168
2025-02-28,True,0.045784438249385,0.0,0.045784438249385,34473951.46037719
2025-03-03,True,-0.0646022728675205,0.0,-0.0646022728675205,32246855.841312245
2025-03-04,True,-0.0109873460087651,0.0,-0.0109873460087651,31892548.47848898
2025-03-05,True,0.0389554716470994,0.0,0.0389554716470994,33134937.7464965
2025-03-06,True,-0.0829051365635599,0.0,-0.0829051365635599,30387881.20759815
2025-03-07,True,0.0207449620569641,0.0,0.0207449620569641,31018276.65024131
2025-03-10,True,-0.1127429127676715,0.0,-0.1127429127676715,27521185.791659653
2025-03-11,False,0.003878719583473859,0.0005013030826165398,0.0033774165008573194,27614136.298675563
2025-03-12,False,-0.0011710757893625742,9.207230906978225e-07,-0.001171996512453272,27581772.627239104
2025-03-13,False,0.007940084656678526,1.6231222496921327e-06,0.007938461534428834,27800729.468291808
2025-03-14,False,-0.001243424435406781,2.981384827211164e-07,-0.0012437225738895022,27766153.0734815
2025-03-17,False,0.0005845109780793211,8.043668314497155e-07,0.0005837066112478714,27782360.360599414
2025-03-18,False,0.004228345286370431,1.2353781540945242e-06,0.004227109908216337,27899799.451353338
2025-03-19,False,0.004094691879604047,1.7566806680176238e-07,0.0040945162115372455,28014035.632505544
2025-03-20,False,-0.00045709669838767467,2.4451043717327314e-07,-0.00045734120882484793,28001223.65958531
2025-03-21,False,-0.0028960596328247933,8.614684607747281e-07,-0.002896921101285568,27920106.32390404
2025-03-24,False,-0.0029529052469853697,4.3175915169539614e-07,-0.002953337006137065,27837648.840682372
2025-03-25,False,0.002534481701334663,3.1019438249106636e-07,0.002534171506952172,27908194.217194974
2025-03-26,False,-0.0007793453084620389,4.6593864119745534e-08,-0.0007793919023261586,27886442.796613548
2025-03-27,False,0.004297517009732595,1.5115401094731862e-06,0.004296005469623122,28006243.10739613
2025-03-28,False,0.004985793204963945,5.84716923164974e-07,0.00498520848804078,28145860.068253256
2025-03-31,False,0.004665137021762408,1.7410671866373018e-06,0.004663395954575771,28277115.35823361
2025-04-01,False,-0.001332060143275293,5.580950947411955e-07,-0.0013326182383700343,28239432.758578733
2025-04-02,False,0.0005958520535199865,2.6650078512147067e-07,0.0005955855527348651,28256251.75674717
2025-04-03,False,-0.0026743169244808768,1.9585117199677345e-06,-0.0026762754362008446,28180630.24425148
2025-04-04,False,-0.007712052719889778,2.633679410526793e-06,-0.007714686399300305,27963225.519382443
2025-04-07,False,-0.010808738222469716,1.798955789145601e-06,-0.010810537178258861,27660928.03028112
2025-04-08,False,-0.00018503318827491774,9.383114485987109e-07,-0.00018597149972351645,27655783.886011586
2025-04-09,False,0.014273641482568976,3.732984933435754e-06,0.01426990849763554,28050429.391495347
2025-04-10,False,0.001663853214448113,3.7869867147426046e-06,0.0016600662277333703,28096994.96200159
2025-04-11,False,0.004423554255464933,2.4330888577014654e-06,0.0044211211666072316,28221215.18114615
2025-04-14,False,0.00013467889740255887,9.957550273118065e-07,0.00013368314237524706,28224987.881873213
2025-04-15,False,0.0012888151675749541,7.787988002229546e-07,0.0012880363687747312,28261342.692773294
2025-04-16,False,0.010553824566036164,3.6262270525779793e-06,0.010550198338983586,28559505.463508036
2025-04-17,False,-0.0022235640313482117,3.7141988111287494e-07,-0.0022239354512293245,28495990.96683816
2025-04-21,False,0.008888419644003304,3.642154610592946e-06,0.00888477748939271,28749171.50591826
2025-04-22,False,-0.004985222850654512,1.5427653124402973e-06,-0.0049867656159669526,28605806.12596501
2025-04-23,False,-0.00807654687652303,2.6719272545908806e-06,-0.00807921880377762,28374693.559214894
2025-04-24,False,0.004424972082796556,1.6811119491256244e-06,0.004423290970847431,28500203.085035935
2025-04-25,False,-0.0032425403344566377,1.2706433362368736e-06,-0.0032438109777928746,28407753.813399367
2025-04-28,False,0.0090790820336798,1.0015632869452285e-06,0.009078080470392855,28665641.688500516
2025-04-29,False,-0.0008509823112634839,1.4825855134491806e-06,-0.000852464896776933,28641205.23521748
2025-04-30,False,-0.0021100174764044737,1.2396466861771539e-06,-0.002111257123090651,28580736.28665073
2025-05-01,False,-0.009773357450365892,1.8512479230476664e-06,-0.00977520869828894,28301353.624697957
2025-05-02,False,0.0012539579942658918,1.2085318725794103e-06,0.0012527494623933125,28336808.130236298
2025-05-05,False,0.010250273011814193,3.2364062465358725e-06,0.010247036605567656,28627176.440431777
2025-05-06,False,0.01001340201895277,2.972006890211862e-06,0.010010430012062558,28913746.786631685
2025-05-07,False,-0.005124353600449482,1.6532564038889004e-06,-0.00512600685685337,28765534.72234609
2025-05-08,False,-0.01013146240001263,1.6101144641308268e-06,-0.01013307251447676,28474051.473086856
2025-05-09,False,0.002544891419815127,7.82971229840293e-07,0.0025441084485852868,28546492.54800499
2025-05-12,False,-0.01412213869779018,2.3783253193109117e-06,-0.01412451702310949,28143287.128060628
2025-05-13,False,0.0008242823659025377,5.719802323965878e-07,0.0008237103856701412,28166469.045954905
2025-05-14,False,-0.0075640282138921015,2.2627487933177397e-06,-0.007566290962685419,27953353.34576174
2025-05-15,False,0.0068935410824529295,1.501385545251907e-06,0.006892039696907677,28146008.96668241
2025-05-16,False,-0.005007111273070878,1.1859273970393213e-06,-0.0050082972004679175,28005045.38877023
2025-05-19,False,0.006216890373742124,1.103768119185708e-06,0.006215786605622938,28179118.774787612
2025-05-20,False,0.007990748488072734,1.7578694698822395e-06,0.007988990618602851,28404241.49031989
2025-05-21,False,0.003009342132808459,1.1747978995563652e-06,0.0030081673349089027,28489686.201743934
2025-05-22,False,-0.0020210300366310754,1.1423860216010773e-06,-0.0020221724226526763,28432075.14397674
2025-05-23,False,0.00927782238296505,2.0853963401693823e-06,0.00927573698662488,28695803.59499623
2025-05-27,False,-0.006890035754187988,1.688150884651185e-06,-0.006891723905072639,28498040.039385322
2025-05-28,False,-0.0015574782081268195,1.9655249424770093e-07,-0.0015576747606210672,28453649.361688804
2025-05-29,False,0.0033700864197863385,4.2434144131052454e-07,0.0033696620783450278,28549528.544933412
2025-05-30,False,0.0003544000352447742,1.1548144606648852e-06,0.00035324522078410933,28559613.529447548
2025-06-02,False,0.011127940551055775,2.547173654188953e-06,0.011125393377401586,28877350.464669216
2025-06-03,False,-0.005159208198123321,6.947736179563485e-07,-0.005159902971741277,28728346.138190556
2025-06-04,False,0.0033326236171682803,8.044230967842042e-07,0.003331819194071496,28824063.793267705
2025-06-05,False,-0.0011847189291566407,9.519142390106705e-07,-0.0011856708433956513,28789887.941239852
2025-06-06,False,-0.008370925412713144,8.479562256664825e-07,-0.00837177336893881,28548865.52407865
2025-06-09,True,0.0044468973433842,0.0005,0.003946897343384201,28661544.965572268
2025-06-10,True,0.0193185658659573,0.0,0.0193185658659573,29215244.909809776
2025-06-11,True,-0.0102661282078427,0.0,-0.0102661282078427,28915317.459942143
2025-06-12,True,0.0065162280457098,0.0,0.0065162280457098,29103736.26252522
2025-06-13,True,-0.0377857806974449,0.0,-0.0377857806974449,28004028.86663317
2025-06-16,True,0.0407797887189631,0.0,0.0407797887189631,29146027.247094214
2025-06-17,True,-0.0295513727773275,0.0,-0.0295513727773275,28284722.13093719
2025-06-18,True,-0.0013595184148581,0.0,-0.0013595184148581,28246268.530341033
2025-06-20,True,-0.0137489192556509,0.0,-0.0137489192556509,27857912.865043942
2025-06-23,True,0.0310557511086151,0.0,0.0310557511086151,28723061.273386233
2025-06-24,True,0.045515436079677,0.0,0.045515436079677,30030403.93278769
2025-06-25,True,0.0076784086956385,0.0,0.0076784086956385,30260989.64747874
2025-06-26,True,0.0273954616416092,0.0,0.0273954616416092,31090003.42860338
2025-06-27,True,0.0097977686951242,0.0,0.0097977686951242,31394616.09092746
2025-06-30,True,0.019405595886125,0.0,0.019405595886125,32003847.323788036
2025-07-01,True,-0.0254216433526477,0.0,-0.0254216433526477,31190256.931210108
2025-07-02,True,0.0199036357464554,0.0,0.0199036357464554,31811056.44400727
2025-07-03,True,0.027999929423258,0.0,0.027999929423258,32701763.77931875
2025-07-07,True,-0.0222851353689068,0.0,-0.0222851353689068,31973000.54669462
2025-07-08,True,0.0013264974259095,0.0,0.0013264974259095,32015412.649618413
2025-07-09,True,0.0207155700659473,0.0,0.0207155700659473,32678630.1735518
2025-07-10,True,-0.004601837046551,0.0,-0.004601837046551,32528248.44258861
2025-07-11,True,-0.0075865496197597,0.0,-0.0075865496197597,32281471.271735042
2025-07-14,True,0.0106307287533902,0.0,0.0106307287533902,32624646.836585216
2025-07-15,True,0.0026000943513255,0.0,0.0026000943513255,32709473.996539015
2025-07-16,True,0.0028292501859328,0.0,0.0028292501859328,32802017.28192549
2025-07-17,True,0.0232750341502496,0.0,0.0232750341502496,33565485.35435939
2025-07-18,True,-0.0034463927465485,0.0,-0.0034463927465485,33449805.509099744
2025-07-21,True,0.0152160758007748,0.0,0.0152160758007748,33958780.285247386
2025-07-22,True,-0.0155558068627152,0.0,-0.0155558068627152,33430524.057836693
2025-07-23,True,0.013148791923814,0.0,0.013148791923814,33870095.06257725
2025-07-24,True,0.0066029801414322,0.0,0.0066029801414322,34093738.627663866
2025-07-25,True,0.0056547297991056,0.0,0.0056547297991056,34286529.507444635
2025-07-28,True,0.0097841733313102,0.0,0.0097841733313102,34621994.855074555
2025-07-29,True,-0.0045663140714862,0.0,-0.0045663140714862,34463899.9527849
2025-07-30,True,0.0034684962566555,0.0,0.0034684962566555,34583437.86076089
2025-07-31,True,-0.0165012884704615,0.0,-0.0165012884704615,34012766.57632019
2025-08-01,True,-0.0599706003052877,0.0,-0.0599706003052877,31973000.54669465
2025-08-04,True,0.0547516270543755,0.0,0.0547516270543755,33723574.34843662
2025-08-05,True,-0.0208095250192057,0.0,-0.0208095250192057,33021802.784295782
2025-08-06,True,0.0373657037509911,0.0,0.0373657037509911,34255685.68445743
2025-08-07,True,0.0101305144655601,0.0,0.0101305144655601,34602713.40381151
2025-08-08,True,0.0269668258543249,0.0,0.0269668258543249,35535838.7502592
2025-08-11,True,-0.0087890379018634,0.0,-0.0087890379018634,35223512.91660867
2025-08-12,True,0.0368911107799279,0.0,0.0368911107799279,36522947.4336735
2025-08-13,True,0.0014779045106418,0.0,0.0014779045106418,36576924.86242767
2025-08-14,True,-0.0027407332565911,0.0,-0.0027407332565911,36476677.26803338
2025-08-15,True,-0.0141649662271493,0.0,-0.0141649662271493,35959986.36645306
2025-08-18,True,-0.0012867125467904,0.0,-0.0012867125467904,35913716.20081293
2025-08-19,True,-0.0407988043976176,0.0,-0.0407988043976176,34448479.51834442
2025-08-20,True,-0.0182449193347624,0.0,-0.0182449193347624,33819969.78832701
2025-08-21,True,-0.0139094678315278,0.0,-0.0139094678315278,33349552.006493032
2025-08-22,True,0.0449762733808247,0.0,0.0449762733808247,34849490.5746651
2025-08-25,True,-0.0087408067464126,0.0,-0.0087408067464126,34544877.91234102
2025-08-26,True,0.0116084085559153,0.0,0.0116084085559153,34945888.96866169
2025-08-27,True,0.0045239068986113,0.0,0.0045239068986113,35103980.91684513
2025-08-28,True,0.0182336885769167,0.0,0.0182336885769167,35744055.97269291
2025-08-29,True,-0.0360301383817748,0.0,-0.0360301383817748,34456192.689670876
2025-09-02,True,-0.0255147751639041,0.0,-0.0255147751639041,33577050.680189766
2025-09-03,True,0.0233118633003204,0.0,0.0233118633003204,34359794.29567428
2025-09-04,True,0.0270451934529873,0.0,0.0270451934529873,35289061.57940564
2025-09-05,True,0.0032780652157424,0.0,0.0032780652157424,35404741.42466529
2025-09-08,True,0.0142669228217948,0.0,0.0142669228217948,35909858.138096586
2025-09-09,True,0.0081607198077182,0.0,0.0081607198077182,36202908.4286965
2025-09-10,True,0.0010650247725154,0.0,0.0010650247725154,36241465.42301017
2025-09-11,True,0.0168103366061398,0.0,0.0168103366061398,36850696.65587075
2025-09-12,True,0.0124516629980862,0.0,0.0124516629980862,37309549.11187435
2025-09-15,True,0.0255270007858445,0.0,0.0255270007858445,38261950.00137267
2025-09-16,True,-0.0027209436846034,0.0,-0.0027209436846034,38157841.39015582
2025-09-17,True,-0.0063662422556775,0.0,-0.0063662422556775,37914919.327912375
2025-09-18,True,0.0269501700474885,0.0,0.0269501700474885,38936732.851136416
2025-09-19,True,0.0198058562976071,0.0,0.0198058562976071,39707908.18668434
2025-09-22,True,0.0168964285347619,0.0,0.0168964285347619,40378830.019625545
2025-09-23,True,-0.020148934285181,0.0,-0.020148934285181,39565239.62704761
2025-09-24,True,-0.0107499247945036,0.0,-0.0107499247945036,39139916.27658034
2025-09-25,True,-0.0134109463379495,0.0,-0.0134109463379495,38615012.95972329
2025-09-26,True,0.0119939808623861,0.0,0.0119939808623861,39078160.686163
2025-09-29,True,0.0133333373650565,0.0,0.0133333373650565,39599202.9861975
2025-09-30,True,0.0077972815707805,0.0,0.0077972815707805,39907969.12185938
2025-10-01,True,0.0141198806364879,0.0,0.0141198806364879,40471464.88230468
2025-10-02,True,0.0122067250600379,0.0,0.0122067250600379,40965488.926899955
2025-10-03,True,-0.0135669485575566,0.0,-0.0135669485575566,40409712.24599355
2025-10-06,True,0.0223496065220929,0.0,0.0223496065220929,41312853.414362505
2025-10-07,True,-0.0161622282218717,0.0,-0.0161622282218717,40645145.648982845
2025-10-08,True,0.0338999644156667,0.0,0.0338999644156667,42023014.64015296
2025-10-09,True,-0.0039493046503308,0.0,-0.0039493046503308,41857052.95301369
2025-10-10,True,-0.1049331330572727,0.0,-0.1049331330572727,37464861.24610978
2025-10-13,True,0.0634593882813054,0.0,0.0634593882813054,39842358.4228319
2025-10-14,True,-0.0203430519701365,0.0,-0.0203430519701365,39031843.254823424
2025-10-15,True,0.0204688020094541,0.0,0.0204688020094541,39830778.32647046
2025-10-16,True,-0.0111434303645182,0.0,-0.0111434303645182,39386926.82182488
2025-10-17,True,0.0190102829518046,0.0,0.0190102829518046,40135683.44530979
2025-10-20,True,0.0375035927458367,0.0,0.0375035927458367,41640915.77181851
2025-10-21,True,-0.0011122348386174,0.0,-0.0011122348386174,41594601.29458515
2025-10-22,True,-0.0294145011180896,0.0,-0.0294145011180896,40371116.848299086
2025-10-23,True,0.025047815390226,0.0,0.025047815390226,41382325.13021252
2025-10-24,True,0.0311508631102122,0.0,0.0311508631102122,42671420.27552606
2025-10-27,True,0.0530933592490354,0.0,0.0530933592490354,44936989.32188114
2025-10-28,True,0.0228463556745517,0.0,0.0228463556745517,45963635.76287237
2025-10-29,True,0.012763480160594,0.0,0.012763480160594,46550291.71604057
2025-10-30,True,-0.045767417408975,0.0,-0.045767417408975,44419805.08456299
2025-10-31,True,0.0141628799695889,0.0,0.0141628799695889,45048917.452248186
2025-11-03,True,0.0137080379784562,0.0,0.0137080379784562,45666449.72357194
2025-11-04,True,-0.0611899433552832,0.0,-0.0611899433552832,42872122.25174969
2025-11-05,True,0.0194453528428368,0.0,0.0194453528428368,43705785.796056196
2025-11-06,True,-0.0560755723904552,0.0,-0.0560755723904552,41254958.84076771
2025-11-07,True,-0.010384529705177,0.0,-0.010384529705177,40826545.495199904
2025-11-10,True,0.0655133365701248,0.0,0.0655133365701248,43501228.711222455
2025-11-11,True,-0.0082512307409599,0.0,-0.0082512307409599,43142290.035610884
2025-11-12,True,-0.0020575620248919,0.0,-0.0020575620248919,43053522.097966745
2025-11-13,True,-0.0617660281287497,0.0,-0.0617660281287497,40394277.04102198
2025-11-14,True,0.000764300448254,0.0,0.000764300448254,40425150.40507133
2025-11-17,True,-0.0256826152245116,0.0,-0.0256826152245116,39386926.82182488
2025-11-18,True,-0.0361587112581753,0.0,-0.0361587112581753,37962746.30752763
2025-11-19,True,0.0171817562120453,0.0,0.0171817562120453,38615012.959723294
2025-11-20,True,-0.0714642539115214,0.0,-0.0714642539115214,35855419.86877294
2025-11-21,True,0.0221742807509133,0.0,0.0221742807509133,36650488.01538498
2025-11-24,True,0.0758215872568084,0.0,0.0758215872568084,39429386.190448105
2025-11-25,True,0.0182065831217739,0.0,0.0182065831217739,40147260.58756502
2025-11-26,True,0.0261488982896949,0.0,0.0261488982896949,41197067.22127913
2025-11-28,True,0.0219223909656427,0.0,0.0219223909656427,42100205.43554188
2025-12-01,True,-0.008984298335485,0.0,-0.008984298335485,41721964.62992377
2025-12-02,True,0.0231268294133557,0.0,0.0231268294133557,42686861.388710074
2025-12-03,True,0.0070523831507647,0.0,0.0070523831507647,42987905.49072684
2025-12-04,True,-0.0032321516974122,0.0,-0.0032321516974122,42848962.05902679
2025-12-05,True,0.0115294974478248,0.0,0.0115294974478248,43342989.05772828
2025-12-08,True,-0.0062333885582692,0.0,-0.0062333885582692,43072815.365654655
2025-12-09,True,0.0037634101449048,0.0,0.0037634101449048,43234916.03597138
2025-12-10,True,0.0114266430492584,0.0,0.0114266430492584,43728945.98877908
2025-12-11,True,-0.0095322043507136,0.0,-0.0095322043507136,43312112.739572726
2025-12-12,True,-0.0586348179851891,0.0,-0.0586348179851891,40772514.89253388
2025-12-15,True,-0.0151457979217474,0.0,-0.0151457979217474,40154982.621210136
2025-12-16,True,0.0059592709096443,0.0,0.0059592709096443,40394277.04102198
2025-12-17,True,-0.0559908766616094,0.0,-0.0559908766616094,38132566.05738324
2025-12-18,True,0.0427125097398377,0.0,0.0427125097398377,39761303.656514235
2025-12-19,True,0.0390216017877997,0.0,0.0390216017877997,41312853.41436251
2025-12-22,True,0.0136397916866137,0.0,0.0136397916866137,41876352.128914036
2025-12-23,True,0.0140091715070118,0.0,0.0140091715070118,42463005.12797601
2025-12-24,True,0.0079383029255617,0.0,0.0079383029255617,42800089.32581156
2025-12-26,True,-0.0009032091879689,0.0,-0.0009032091879689,42761431.8918866
2025-12-29,True,-0.0148255104643428,0.0,-0.0148255104643428,42127471.83590315
2025-12-30,True,-0.0071573180154703,0.0,-0.0071573180154703,41825952.12278583
2025-12-31,True,-0.025508276570936,0.0,-0.025508276570936,40759044.16819508
2026-01-02,True,-0.0070182686328313,0.0,-0.0070182686328313,40472986.24700525
2026-01-05,True,0.0238777377843546,0.0,0.0238777377843546,41439389.599961035
2026-01-06,True,0.0263059762007025,0.0,0.0263059762007025,42529493.196549244
2026-01-07,True,0.0029085755398201,0.0,0.0029085755398201,42653193.44018167
2026-01-08,True,-0.0177632725361689,0.0,-0.0177632725361689,41895533.14056579
2026-01-09,True,0.0289720835403131,0.0,0.0289720835403131,43109334.026680216
2026-01-12,True,0.0023314569341057,0.0,0.0023314569341057,43209841.5824214
2026-01-13,True,-0.0051887449029346,0.0,-0.0051887449029346,42985636.73715401
2026-01-14,True,-0.0318344641948525,0.0,-0.0318344641948525,41617212.023552135
2026-01-15,True,0.01021733513535,0.0,0.01021733513535,42042429.02619568
2026-01-16,True,-0.0044134776189845,0.0,-0.0044134776189845,41856875.70664083
2026-01-20,True,-0.0629848199409854,0.0,-0.0629848199409854,39220527.92696585
2026-01-21,True,0.0394244345734537,0.0,0.0394244345734537,40766775.064158835
2026-01-22,True,0.0221884912337553,0.0,0.0221884912337553,41671328.2952984
2026-01-23,True,0.0089054212111392,0.0,0.0089054212111392,42042429.0261957
2026-01-26,True,0.0128723854174799,0.0,0.0128723854174799,42583615.37650794
2026-01-27,True,0.0265068634127685,0.0,0.0265068634127685,43712373.4529149
2026-01-28,True,0.0091970369713587,0.0,0.0091970369713587,44114397.7676672
2026-01-29,True,-0.0178759515596306,0.0,-0.0178759515596306,43325810.93009011
2026-01-30,True,-0.0364025666730827,0.0,-0.0364025666730827,41748640.209042124
2026-02-02,True,0.0203703402321331,0.0,0.0203703402321331,42599074.21432923
2026-02-03,True,-0.0468239478091012,0.0,-0.0468239478091012,40604417.386601456
2026-02-04,True,-0.052551397129314,0.0,-0.052551397129314,38470598.52331374
2026-02-05,True,-0.042604505928623,0.0,-0.042604505928623,36831577.680449545
2026-02-06,True,0.0619228089740024,0.0,0.0619228089740024,39112292.42936716
2026-02-09,True,0.0227317649768976,0.0,0.0227317649768976,40001383.86857923
2026-02-10,True,-0.0139157959678288,0.0,-0.0139157959678288,39444732.772233285
2026-02-11,True,0.0074481127518346,0.0,0.0074481127518346,39738521.589386865
2026-02-12,True,-0.0610895318533855,0.0,-0.0610895318533855,37310913.90894557
2026-02-13,True,0.0043514795149113,0.0,0.0043514795149113,37473271.58650297
2026-02-17,True,-0.002475808912581,0.0,-0.002475808912581,37380494.92672554
2026-02-18,True,0.0215098444009562,0.0,0.0215098444009562,38184543.556230135
2026-02-19,True,-0.0113383023151696,0.0,-0.0113383023151696,37751595.65762284
2026-02-20,True,0.025189440193537,0.0,0.025189440193537,38702537.218651116
2026-02-23,True,-0.036356404586182,0.0,-0.036356404586182,37295452.117018074
2026-02-24,True,0.0319236832010385,0.0,0.0319236832010385,38486060.31524126
2026-02-25,True,0.0419847638791193,0.0,0.0419847638791193,40101888.47021421
2026-02-26,True,-0.0350877516074626,0.0,-0.0350877516074626,38694803.36858117
2026-02-27,True,-0.0105893355422124,0.0,-0.0105893355422124,38285051.11197133
2026-03-02,True,0.0036348922495343,0.0,0.0036348922495343,38424213.14753126
2026-03-03,True,-0.0321932287193131,0.0,-0.0321932287193131,37187213.665313154
2026-03-04,True,0.0449064143861055,0.0,0.0449064143861055,38857158.09203235
2026-03-05,True,-0.0091523930808646,0.0,-0.0091523930808646,38501522.10716878
2026-03-06,True,-0.045381487401964,0.0,-0.045381487401964,36754265.766705856
2026-03-09,True,0.0389146065004495,0.0,0.0389146065004495,38184543.55623016
2026-03-10,True,0.0002024613952074,0.0,0.0002024613952074,38192274.45219391
2026-03-11,True,-0.001012179412707,0.0,-0.001012179412707,38153617.018268935
2026-03-12,True,-0.0510637180951932,0.0,-0.0510637180951932,36205351.47453609
2026-03-13,True,-0.0192185161465774,0.0,-0.0192185161465774,35509538.34263021
2026-03-16,True,0.0333115370536754,0.0,0.0333115370536754,36692415.64488964
2026-03-17,True,0.0147492701366367,0.0,0.0147492701366367,37233601.99520188
2026-03-18,True,-0.0427741443679537,0.0,-0.0427741443679537,35640966.52812018
2026-03-19,True,-0.0088936575468155,0.0,-0.0088936575468155,35323987.97718157
2026-03-20,True,-0.0571240573664139,0.0,-0.0571240573664139,33306138.461562537
2026-03-23,False,-0.013912358260660016,0.0005028630818175957,-0.014415221342477611,32826023.103575908
2026-03-24,False,0.0010182459153507094,8.044731958958135e-07,0.0010174414421548136,32859421.659862615
2026-03-25,False,0.010675491904935231,3.2014635492646495e-06,0.010672290441385967,33210106.95155264
2026-03-26,False,-0.011390056930671752,4.417635890689761e-06,-0.011394474566562443,32831695.232540354
2026-03-27,False,0.016002071246053236,3.1318458491428335e-06,0.015998939400204092,33356967.534971736
2026-03-30,False,0.004081980486378742,7.256061066438363e-07,0.004081254880272098,33493105.821514916
2026-03-31,False,0.013134720918056708,4.0730195777693295e-06,0.01313064789847894,33932892.001083724
2026-04-01,False,0.0030149376841597836,2.406890845809889e-06,0.0030125307933139738,34035115.88314319
2026-04-02,False,-0.0019009315977705904,2.890141247102143e-06,-0.0019038217390176925,33970319.08963487
2026-04-06,False,-0.0002728639362364948,9.273970425802414e-07,-0.00027379133327907503,33961018.310679406
2026-04-07,False,0.0043805199039385215,8.872914959367622e-07,0.004379632612442585,34109755.09402461
2026-04-08,False,-0.005056873695014345,3.0861272063200524e-06,-0.005059959822220665,33937161.10370307
2026-04-09,False,0.005226176859524676,8.665009891690723e-07,0.005225310358535507,34114493.30315754
2026-04-10,False,-0.00045482269166114575,3.12612631928888e-07,-0.00045513530429307464,34098966.592867196
2026-04-13,False,0.002421702404715199,1.3115401060521114e-06,0.0024203908646091466,34181499.42010119
2026-04-14,False,0.005989409629245437,2.7104222476709295e-06,0.005986699206997766,34386133.7755735
2026-04-15,True,0.041939743210378,0.0005,0.041439743210378,35811086.329230964
2026-04-16,True,0.0140161501870605,0.0,0.0140161501870605,36313019.89358326
2026-04-17,True,0.0382775090506954,0.0,0.0382775090506954,37702991.84121797
