Date,risk_on,gross_return,trading_cost,net_return,nav_1000
1996-01-02,False,0.004993229045662498,0.0005008280700972822,0.004492400975565216,1004.4924009755651
1996-01-03,False,0.005457949709421872,9.029455218602934e-07,0.005457046763900012,1009.9739629816709
1996-01-04,False,-0.002710026359406731,8.113270150391094e-07,-0.00271083768642177,1007.2360875005153
1996-01-05,False,0.000808875595453244,5.947640867637743e-07,0.0008082808313664803,1008.0502171227026
1996-01-08,False,-0.0016992592726237023,8.599180115508864e-07,-0.0017001191906352532,1006.3364116034484
1996-01-09,False,-0.0008982423082977857,7.150563966742407e-07,-0.0008989573646944599,1005.4317580748773
1996-01-10,False,-0.0008473863065690616,2.4428198371576337e-06,-0.0008498291264062192,1004.5773128822515
1996-01-11,False,-0.005306447916390216,1.6677753100875215e-06,-0.005308115691700303,999.2449002842151
1996-01-12,False,-0.000736171346598332,8.028958444819545e-07,-0.000736974242442814,998.5084825308132
1996-01-15,False,-0.004650282425282455,9.210439227945594e-07,-0.004651203469205249,993.864216412835
1996-01-16,False,-0.0003712702766466326,1.6020497473451107e-06,-0.0003728723263939777,993.4936319503415
1996-01-17,False,0.0049642628293348826,9.960117310965772e-07,0.004963266817603786,998.4246059273014
1996-01-18,False,0.003032588197195056,7.888430643012423e-07,0.0030317993541307546,1001.4516290027
1996-01-19,False,0.0007320271652113351,5.765824535162584e-07,0.0007314505827578188,1002.1841413803378
1996-01-22,False,-0.0027059925971917604,1.7476412895399002e-06,-0.0027077402384813004,999.4704870543545
1996-01-23,False,0.0011130862494686045,4.916309085098991e-07,0.0011125946185600946,1000.582492539661
1996-01-24,False,0.0012961812337548293,6.926042387771503e-07,0.0012954886295160522,1001.8787357816387
1996-01-25,False,-0.002626633306766577,2.1384392301659337e-06,-0.002628771745996743,999.2450252681011
1996-01-26,False,0.003901965623270942,7.251761171748056e-07,0.0039012404471537674,1003.1433203772941
1996-01-29,False,-0.00017239807042292223,1.0722511991082123e-06,-0.00017347032162203044,1002.9693047828752
1996-01-30,False,0.00658075339072202,7.31725794542823e-07,0.006580021664927477,1009.5688645376038
1996-01-31,False,0.0029772602074554285,9.06104994909826e-07,0.002976354102460519,1012.5736989692866
1996-02-01,False,0.0009258442026929894,1.3007437814750444e-06,0.0009245434589115144,1013.5098673593345
1996-02-02,False,0.003630530362423477,1.586422740030541e-06,0.0036289439396834464,1017.1878378502977
1996-02-05,False,-0.009930530622164887,3.3077593686739044e-06,-0.00993383838153356,1007.0832582654313
1996-02-06,False,0.002709179608074602,1.7520567622019007e-06,0.0027074275513124,1009.8098632253245
1996-02-07,False,0.004134116255821243,6.861826172577524e-07,0.004133430073203985,1013.983841682198
1996-02-08,False,-0.003678558347959613,1.93162504475336e-06,-0.0036804899730043666,1010.2518843200983
1996-02-09,False,0.002193430316103587,5.382476718883145e-07,0.0021928920684316988,1012.4672576643421
1996-02-12,False,-0.0011490266302223507,1.2422843499040603e-06,-0.0011502689145722548,1011.3026480508285
1996-02-13,False,0.007037429959061563,2.5607406405882965e-06,0.007034869218420975,1018.4170299201089
1996-02-14,False,-0.0016241637191994139,2.2708194610325529e-07,-0.0016243908011455172,1016.7627226649766
1996-02-15,False,-0.0013193367125256077,8.385339140504627e-07,-0.0013201752464396582,1015.4204176870119
1996-02-16,False,-0.0034140855060498057,6.716425281609873e-07,-0.003414757148577967,1011.9530035569031
1996-02-20,False,-0.011461157953846368,8.26093766379113e-07,-0.011461984047612747,1000.3540143731999
1996-02-21,False,-0.001382334445003676,2.0126958185077565e-06,-0.0013843471408221837,998.9691771535925
1996-02-22,False,0.005066003597823904,3.483136180288532e-07,0.005065655284205875,1004.0296106445994
1996-02-23,False,-0.0030921579360744696,1.7757541390443776e-07,-0.003092335511488374,1000.9248142250174
1996-02-26,False,0.000915343966507488,4.640166534561757e-07,0.0009148799498540318,1001.840540268863
1996-02-27,False,0.0009286565653590734,6.227428182086353e-07,0.0009280338225408647,1002.770282175025
1996-02-28,False,-0.0007923118321326135,1.3364441858969013e-06,-0.0007936482763185105,1001.9744352690334
1996-02-29,False,0.0045238204280604296,5.929543191481868e-07,0.004523227473741282,1006.5065935626287
1996-03-01,False,0.0036977311672816617,1.569892371772047e-06,0.00369616127490989,1010.2268042566961
1996-03-04,False,-0.0031695310498543235,1.424399416322164e-06,-0.003170955449270646,1007.0234200667392
1996-03-05,False,-0.002658226956419068,3.99120530335792e-07,-0.0026586260769494038,1004.346121342051
1996-03-06,False,-0.000907515167133012,6.304316793763753e-07,-0.0009081455988123883,1003.4340288322701
1996-03-07,False,-0.0011046345726143342,3.362656886028298e-07,-0.001104970838302937,1002.3252634922495
1996-03-08,False,-0.009775751609307916,2.881844937104902e-06,-0.00977863345424502,992.5238921386292
1996-03-11,False,0.003982171503678734,1.1029697638540171e-06,0.00398106853391488,996.475197774781
1996-03-12,False,-0.001722251505115567,4.958176416139521e-07,-0.001722747322757181,994.7585227956205
1996-03-13,False,0.001708343932034816,4.6614633972330566e-07,0.0017078777856950928,996.4574487788341
1996-03-14,False,0.000687888832188433,8.114603334674203e-07,0.0006870773718549656,997.1420921439063
1996-03-15,False,-0.0038662472500747267,7.288270269314029e-07,-0.0038669760771016582,993.2861675281148
1996-03-18,False,0.0030128630148566343,1.3969805863827124e-06,0.0030114660342702515,996.277415083936
1996-03-19,False,0.0011899794715735854,2.640160545841486e-07,0.0011897154555190013,997.4627017226459
1996-03-20,False,0.0035863775491803127,6.822936194644109e-07,0.0035856952555608484,1001.0392989998115
1996-03-21,False,0.00386127369488537,3.4512177455614525e-07,0.0038609285731108136,1004.9042402321269
1996-03-22,False,0.0018554664435073316,9.442571705571418e-07,0.0018545221863367745,1006.7678574407812
1996-03-25,False,0.004376838913567393,6.454795541349922e-07,0.004376193434013258,1011.1736683280892
1996-03-26,False,0.0013034785800053426,6.170219184809811e-07,0.0013028615580868617,1012.4910876291035
1996-03-27,False,-0.00010836922570067915,9.361229292920576e-07,-0.00010930534862997122,1012.3804169377854
1996-03-28,False,-0.006695354289324035,7.474453632985018e-07,-0.006696101734687334,1005.6014146717649
1996-03-29,False,0.003910567296113902,1.630374769907364e-06,0.003908936921343994,1009.5322471697312
1996-04-01,False,0.0038096833081801315,1.8496727811168485e-06,0.0038078336353990147,1013.3763780165241
1996-04-02,False,0.0028727226939000623,4.168166423603181e-07,0.002872305877257702,1016.2871049429751
1996-04-03,False,-0.0006783531662020822,2.3736328373892558e-07,-0.0006785905294858211,1015.5974621383224
1996-04-04,False,-0.00031813512482844363,9.149802748353448e-07,-0.000319050105103279,1015.2734356612845
1996-04-08,False,-0.002722175055096039,2.2742704780838315e-06,-0.002724449325574123,1012.5073746342237
1996-04-09,False,0.005195539532467429,2.1374541038851614e-07,0.005195325787057041,1017.7676803072462
1996-04-10,False,0.002052382391420344,2.067027271056246e-06,0.0020503153641492876,1019.8544250193147
1996-04-11,False,0.0008435031118332867,8.77009720932409e-07,0.0008426261021123542,1020.7137809781908
1996-04-12,False,0.0035063661576538955,1.0442319485596679e-06,0.0035053219257053358,1024.2917113745232
1996-04-15,False,0.001809731467867626,9.569478380371254e-07,0.0018087745200295888,1026.144424123135
1996-04-16,False,-0.005790437725448627,1.9042870345769848e-06,-0.005792342012483204,1020.2006446644111
1996-04-17,False,-0.003862865198142286,3.767924238126663e-07,-0.0038632419905660987,1016.259362695141
1996-04-18,False,-0.0024176647484956356,1.4496407311379022e-07,-0.0024178097125687496,1013.8022409375278
1996-04-19,False,0.004194251291202722,5.785316111757005e-07,0.004193672759591547,1018.0537957789604
1996-04-22,False,0.005143827900644581,1.1832754512788174e-06,0.005142644625193302,1023.2892846599806
1996-04-23,False,0.004377952185545457,1.2979920884419877e-06,0.004376654193457015,1027.7678679988073
1996-04-24,False,-0.0012481864403541233,4.7529099183024614e-07,-0.0012486617313459535,1026.48453359333
1996-04-25,False,0.005310373205890962,7.195809423881094e-07,0.005309653624948573,1031.9348109180778
1996-04-26,False,-0.003891520089664306,8.664517996409966e-07,-0.003892386541463947,1027.918121748392
1996-04-29,False,-0.0021177013130072773,9.643490148032729e-08,-0.0021177977479087578,1025.7411990651187
1996-04-30,False,-0.003725158228971114,1.6486149801645812e-06,-0.0037268068439512783,1021.9184597443199
1996-05-01,False,0.002858144151761234,6.900038442543e-07,0.00285745414791698,1024.8385448859492
1996-05-02,False,-0.007130619253052948,1.237096119742237e-06,-0.0071318563491726905,1017.5295436027274
1996-05-03,False,-0.0007735582005338786,8.064725918642408e-07,-0.0007743646731257428,1016.7416046702997
1996-05-06,False,-0.0003874732654279435,4.5559765433951515e-07,-0.000387928863082283,1016.3471812555516
1996-05-07,False,0.0017362629391406688,8.707776112485549e-07,0.0017353921615294201,1018.1109421872951
1996-05-08,False,0.004327689109820236,3.206640805805267e-07,0.004327368445739656,1022.5166833527788
1996-05-09,False,-0.002530291510535226,3.4166111098893337e-07,-0.002530633171646215,1019.9290687153247
1996-05-10,False,0.0038914656351783784,5.642112042385239e-07,0.00389090142397414,1023.8975121811416
1996-05-13,False,0.0008195395320384477,1.0708625067324395e-06,0.0008184686695317153,1024.7355402156732
1996-05-14,False,0.0006054903321500827,5.50350922586873e-07,0.0006049399812274958,1025.3554437141345
1996-05-15,False,0.0013744429683257952,4.075874504034238e-07,0.0013740353808753918,1026.764318371771
1996-05-16,False,-0.0019317155281146972,3.277421583869761e-07,-0.0019320432702730841,1024.7805652803042
1996-05-17,False,0.0003204345956253839,5.980018236979995e-07,0.0003198365938016859,1025.1083276056977
1996-05-20,False,0.0018006037484034913,9.066002807356227e-07,0.0017996971481227557,1026.9532121394063
1996-05-21,False,-0.0017150907699635713,4.716270882720169e-07,-0.0017155623970518433,1025.1914098251282
1996-05-22,False,-0.0003510845719646619,2.2094502108160887e-07,-0.0003513055169857435,1024.8312544268904
1996-05-23,False,-0.0009263912826859592,4.0801232521488207e-07,-0.0009267992950111741,1023.8814415427819
1996-05-24,False,0.0007000160722830702,3.5326584864102396e-07,0.0006996628064344292,1024.5978133056278
1996-05-28,False,-0.0006822123555187213,6.018435632106217e-07,-0.0006828141990819319,1023.8982033703545
1996-05-29,False,-0.006177004760657693,8.239219094474531e-07,-0.006177828682567141,1017.5727356815443
1996-05-30,False,-0.002596212144033268,8.294514078123067e-07,-0.00259704159544108,1014.9300569605925
1996-05-31,False,-0.0011377769675630213,4.366595912802945e-07,-0.0011382136271543017,1013.7748497391517
1996-06-03,False,0.0007315876610290683,3.461488182908007e-07,0.0007312415122107775,1014.516163993316
1996-06-04,False,-0.0003503137421542869,3.7096782528579785e-07,-0.0003506847099795727,1014.1603886865764
1996-06-05,False,-0.003452448613267619,9.06688470625694e-07,-0.0034533553017382446,1010.6581325314927
1996-06-06,False,0.0013036800062749343,1.4218877831188164e-06,0.0013022581184918155,1011.9742702896017
1996-06-07,False,0.0006060077402771178,1.8937299712131624e-06,0.0006041140103059047,1012.5856181243529
1996-06-10,False,0.0009524239385919276,8.937447863052173e-07,0.0009515301938056224,1013.5491239138117
1996-06-11,False,-0.0003303598354132467,3.8185278805974446e-07,-0.00033074168820130645,1013.2139009654935
1996-06-12,False,-0.0014896962766824584,2.4765491713357733e-07,-0.001489943931599592,1011.7042690623374
1996-06-13,False,1.0709340073342411e-05,3.2952360950144755e-07,1.0379816463840963e-05,1011.714770366966
1996-06-14,False,0.0017539615450382344,5.539395246987877e-07,0.0017534076055135356,1013.4887187399378
1996-06-17,False,0.004221216105359012,5.225913447724218e-07,0.004220693514014239,1017.76634400165
1996-06-18,False,-0.0006837296084831766,5.036476851258409e-08,-0.0006837799732516892,1017.070415758172
1996-06-19,False,-0.0007840367645199278,7.565607791020362e-07,-0.0007847933252990299,1016.272225684526
1996-06-20,False,0.0006753913171391139,1.211616465236487e-06,0.0006741797006738774,1016.9573757894412
1996-06-21,False,0.003084327509704865,1.3816838495422923e-06,0.0030829458258553226,1020.0926002862041
1996-06-24,False,0.0014171573272790167,2.891164976500799e-07,0.0014168682107813665,1021.5379370636028
1996-06-25,False,0.0023237834106725735,5.8040611538745514e-08,0.0023237253700610348,1023.9117106844374
1996-06-26,False,-0.00038385533064319317,5.01477605066289e-07,-0.0003843568082482595,1023.5181632473906
1996-06-27,False,0.0004085146559394493,7.526195984614432e-07,0.0004077620363409879,1023.9355150978683
1996-06-28,False,0.005773141334357572,1.370374730426227e-06,0.005771770959627146,1029.8454363684414
1996-07-01,False,0.0019270817650983666,1.0018889838255412e-06,0.001926079876114541,1031.8290009389389
1996-07-02,False,-0.003094364999354902,7.39895339683147e-07,-0.003095104894694585,1028.6353819476449
1996-07-03,False,0.0018199088987901207,3.271828718798137e-07,0.001819581715918241,1030.5070680809833
1996-07-05,False,-0.0057120019597589585,1.8254243145002653e-06,-0.005713827384073459,1024.618928575901
1996-07-08,False,0.000504201044332045,8.802263367352347e-08,0.0005041130216983714,1025.1354523200746
1996-07-09,False,0.002640894127348874,5.6387140706951054e-08,0.002640837740208167,1027.8426687113868
1996-07-10,False,0.002951839331717077,4.4976431767661253e-07,0.0029513895673994005,1030.8762328407495
1996-07-11,False,0.003165646115228132,1.020827402494276e-06,0.003164625287825638,1034.1385698358158
1996-07-12,False,0.0029340558180297456,9.941741031394003e-08,0.0029339564006194314,1037.1726873119133
1996-07-15,False,-0.0016623191754299301,1.4562861046998888e-07,-0.0016624648040404,1035.448424223545
1996-07-16,False,-0.0046847720539797,2.7169328688465417e-06,-0.0046874889868485465,1030.5947711385475
1996-07-17,False,-0.005189505427401733,1.2013166681356936e-06,-0.005190706744069868,1025.2452559095955
1996-07-18,False,-0.00029515259430751804,1.5029181578087303e-06,-0.0002966555124653268,1024.941111252801
1996-07-19,False,-0.00445347114287551,1.2165058164025772e-06,-0.004454687648691912,1020.3753187438666
1996-07-22,False,-0.004047103757201335,1.0129154142451691e-06,-0.0040481166726155805,1016.2447204037342
1996-07-23,False,0.002348964924270555,3.493518972686599e-07,0.0023486155723732864,1018.6314885794166
1996-07-24,False,-0.003120512438699232,2.4568124493087875e-07,-0.003120758119944163,1015.4525860902015
1996-07-25,False,-0.0012784356022440626,5.976915097311991e-07,-0.0012790332937537938,1014.1537884243637
1996-07-26,False,-0.001508283039650844,8.382170953533247e-07,-0.0015091212567461974,1012.6233073846427
1996-07-29,False,-0.0027361401297379385,1.9874350509667404e-07,-0.0027363388732430352,1009.8524268646943
1996-07-30,False,-0.00017143928811381428,5.131814314403016e-07,-0.00017195246954525458,1009.6787802460185
1996-07-31,False,0.002754446912731657,1.2674108452735145e-06,0.0027531795018863833,1012.4586071672817
1996-08-01,False,0.009032414318993804,1.286312439933171e-06,0.009031128006553871,1021.6022504499465
1996-08-02,False,0.0035568115371742066,6.992795483289072e-07,0.003556112257625878,1025.2351827351897
1996-08-05,False,0.0013769036638976342,1.232868164633194e-06,0.001375670795733001,1026.6455688348367
1996-08-06,True,0.0482044274462665,0.0005,0.0477044274462665,1075.6211078863491
1996-08-07,True,0.0474802510530952,0.0,0.0474802510530952,1126.6918681268014
1996-08-08,True,-0.0215418404608409,0.0,-0.0215418404608409,1102.420851655087
1996-08-09,True,0.0032787494744008,0.0,0.0032787494744008,1106.0354134430197
1996-08-12,True,0.004556360463011,0.0,0.004556360463011,1111.0749094715216
1996-08-13,True,-0.0456579204928189,0.0,-0.0456579204928189,1060.3455395933047
1996-08-14,True,0.0359633991500735,0.0,0.0359633991500735,1098.4791694706987
1996-08-15,True,-0.0005748761718234,0.0,-0.0005748761718234,1097.8476799709258
1996-08-16,True,-0.0215320707180192,0.0,-0.0215320707180192,1074.2087460881785
1996-08-19,True,-0.0092798730043522,0.0,-0.0092798730043522,1064.2402253443158
1996-08-20,True,-0.0332527646530025,0.0,-0.0332527646530025,1028.8512955966828
1996-08-21,True,0.0203733755069885,0.0,0.0203733755069885,1049.8124693827258
1996-08-22,True,0.0636540817169421,0.0,0.0636540817169421,1116.6373180962787
1996-08-23,True,-0.0180881258017972,0.0,-0.0180881258017972,1096.439441811572
1996-08-26,True,-0.0208097661642437,0.0,-0.0208097661642437,1073.6227934142194
1996-08-27,True,0.0271076625250817,0.0,0.0271076625250817,1102.7261977773276
1996-08-28,True,0.002518082174908,0.0,0.002518082174908,1105.5029529597546
1996-08-29,True,-0.0380496810768058,0.0,-0.0380496810768058,1063.4389181701688
1996-08-30,True,-0.0338852919188062,0.0,-0.0338852919188062,1027.4039799901534
1996-09-03,True,0.0256346209094244,0.0,0.0256346209094244,1053.7410915380347
1996-09-04,True,-0.0006286259916117,0.0,-0.0006286259916117,1053.0786824994648
1996-09-05,True,-0.0758985567450608,0.0,-0.0758985567450608,973.1515303587652
1996-09-06,True,0.0545018428830287,0.0,0.0545018428830287,1026.1900821677575
1996-09-09,True,0.0348243948768914,0.0,0.0348243948768914,1061.926530807917
1996-09-10,True,-0.0016973412278926,0.0,-0.0016973412278926,1060.124079126184
1996-09-11,True,0.0152740083222615,0.0,0.0152740083222615,1076.316423133387
1996-09-12,True,0.0465678952164299,0.0,0.0465678952164299,1126.4382135455853
1996-09-13,True,0.0969563064601493,0.0,0.0969563064601493,1235.653502186534
1996-09-16,True,0.005542772513478,0.0,0.005542772513478,1242.5024484546364
1996-09-17,True,0.0559495108554326,0.0,0.0559495108554326,1312.0198526823506
1996-09-18,True,0.0210771415509081,0.0,0.0210771415509081,1339.673480834938
1996-09-19,True,0.0374199484581187,0.0,0.0374199484581187,1389.8039934384901
1996-09-20,True,0.0268943471333103,0.0,0.0268943471333103,1427.1818644852856
1996-09-23,True,-0.0406194379715575,0.0,-0.0406194379715575,1369.2105392666938
1996-09-24,True,0.012869661287833,0.0,0.012869661287833,1386.8318151387873
1996-09-25,True,0.0367639853386506,0.0,0.0367639853386506,1437.8172796577237
1996-09-26,True,-0.0045588058295282,0.0,-0.0045588058295282,1431.2625498614238
1996-09-27,True,0.0002682370806805,0.0,0.0002682370806805,1431.646467549486
1996-09-30,True,-0.0290614027800192,0.0,-0.0290614027800192,1390.0408129174386
1996-10-01,True,-0.012704372624348,0.0,-0.012704372624348,1372.381216467084
1996-10-02,True,0.053086660462267,0.0,0.053086660462267,1445.2363521304649
1996-10-03,True,-0.0173510290734642,0.0,-0.0173510290734642,1420.160014166622
1996-10-04,True,0.0637185672988967,0.0,0.0637185672988967,1510.6505756044999
1996-10-07,True,0.0223083761959268,0.0,0.0223083761959268,1544.3507369456786
1996-10-08,True,-0.0456406364213747,0.0,-0.0456406364213747,1473.8655864536588
1996-10-09,True,0.0026892446286839,0.0,0.0026892446286839,1477.8291715654314
1996-10-10,True,-0.0102857924859828,0.0,-0.0102857924859828,1462.6285273769772
1996-10-11,True,0.0564727216001346,0.0,0.0564727216001346,1545.227141007952
1996-10-14,True,0.024662569111806,0.0,0.024662569111806,1583.3364121664993
1996-10-15,True,0.0117881023146707,0.0,0.0117881023146707,1602.0009437916613
1996-10-16,True,-0.0290158786114364,0.0,-0.0290158786114364,1555.517478871196
1996-10-17,True,-0.0464899114048757,0.0,-0.0464899114048757,1483.2016090897387
1996-10-18,True,0.0038703820445258,0.0,0.0038703820445258,1488.9421659659713
1996-10-21,True,-0.0420379598491333,0.0,-0.0420379598491333,1426.3500749754123
1996-10-22,True,-0.0389718356373156,0.0,-0.0389718356373156,1370.7625942921977
1996-10-23,True,0.0529689547624971,0.0,0.0529689547624971,1443.3704561393845
1996-10-24,True,-0.0053810634475352,0.0,-0.0053810634475352,1435.6035881366008
1996-10-25,True,-0.0197000847307102,0.0,-0.0197000847307102,1407.322075810598
1996-10-28,True,-0.0079268204051296,0.0,-0.0079268204051296,1396.1664864634736
1996-10-29,True,-0.0424090929315656,0.0,-0.0424090929315656,1336.9563321911066
1996-10-30,True,0.0209103676456427,0.0,0.0209103676456427,1364.9125806233928
1996-10-31,True,0.0634581836342412,0.0,0.0634581836342412,1451.527453809278
1996-11-01,True,0.013822888267634,0.0,0.013822888267634,1471.591755620687
1996-11-04,True,0.0026382248639414,0.0,0.0026382248639414,1475.4741455799367
1996-11-05,True,0.0540492463967109,0.0,0.0540492463967109,1555.222411226363
1996-11-06,True,0.0659828154753637,0.0,0.0659828154753637,1657.8403646094623
1996-11-07,True,0.032262164419698,0.0,0.032262164419698,1711.3258830341051
1996-11-08,True,0.0119996304777188,0.0,0.0119996304777188,1731.86116125747
1996-11-11,True,0.0225428276149169,0.0,0.0225428276149169,1770.902208868667
1996-11-12,True,-0.0398487750509204,0.0,-0.0398487750509204,1700.3339251102814
1996-11-13,True,0.0171961762034996,0.0,0.0171961762034996,1729.5731668912658
1996-11-14,True,0.0412849692882365,0.0,0.0412849692882365,1800.9785419681295
1996-11-15,True,-0.0384165326361748,0.0,-0.0384165326361748,1731.7911910335602
1996-11-18,True,-0.0232990388246025,0.0,-0.0232990388246025,1691.4421208375647
1996-11-19,True,0.0470139378597048,0.0,0.0470139378597048,1770.9634755999093
1996-11-20,True,0.0094973079072951,0.0,0.0094973079072951,1787.782861020255
1996-11-21,True,-0.0296122087517849,0.0,-0.0296122087517849,1734.84266173686
1996-11-22,True,0.0668653889521212,0.0,0.0668653889521212,1850.843591084628
1996-11-25,True,0.0103006034667917,0.0,0.0103006034667917,1869.9083969954436
1996-11-26,True,0.0153788676773742,0.0,0.0153788676773742,1898.6654708016474
1996-11-27,True,0.0247107848671696,0.0,0.0247107848671696,1945.5829847853506
1996-11-29,True,0.0056924058164411,0.0,0.0056924058164411,1956.6580326843116
1996-12-02,True,0.0379842951390986,0.0,0.0379842951390986,2030.9803088840802
1996-12-03,True,-0.0240841323100993,0.0,-0.0240841323100993,1982.0659104057095
1996-12-04,True,-0.011886570118573,0.0,-0.011886570118573,1958.5059449820387
1996-12-05,True,0.0039181195431441,0.0,0.0039181195431441,1966.1796054004367
1996-12-06,True,-0.0310474682408219,0.0,-0.0310474682408219,1905.134706546015
1996-12-09,True,0.1065199211393592,0.0,0.1065199211393592,2108.069505247153
1996-12-10,True,-0.0271080709208987,0.0,-0.0271080709208987,2050.923807592729
1996-12-11,True,0.0260079373793797,0.0,0.0260079373793797,2104.26410555048
1996-12-12,True,-0.0457882768310118,0.0,-0.0457882768310118,2007.9134781599732
1996-12-13,True,-0.0532835991647239,0.0,-0.0532835991647239,1900.9246212322505
1996-12-16,True,-0.0859269031955473,0.0,-0.0859269031955473,1737.5840553215946
1996-12-17,True,0.0408283118091526,0.0,0.0408283118091526,1808.5266789268767
1996-12-18,True,0.076091549068074,0.0,0.076091549068074,1946.1402754573621
1996-12-19,True,0.0255706591416856,0.0,0.0255706591416856,1995.904365082988
1996-12-20,True,-0.0346330612938933,0.0,-0.0346330612938933,1926.7800868703198
1996-12-23,True,-0.0335247838542363,0.0,-0.0335247838542363,1862.1852009233457
1996-12-24,True,0.0383747811488129,0.0,0.0383747811488129,1933.6461504673373
1996-12-26,True,0.0270029420030793,0.0,0.0270029420030793,1985.8602853228842
1996-12-27,True,-0.0269798087030038,0.0,-0.0269798087030038,1932.2821547139804
1996-12-30,True,-0.0324312932983248,0.0,-0.0324312932983248,1869.6157454193321
1996-12-31,True,-0.0188423124868732,0.0,-0.0188423124868732,1834.3878613137626
1997-01-02,True,-0.0212589686982421,0.0,-0.0212589686982421,1795.3906671896582
1997-01-03,True,0.1195814739857278,0.0,0.1195814739857278,2010.0861295524167
1997-01-06,True,0.0177482270647234,0.0,0.0177482270647234,2045.7615945993637
1997-01-07,True,0.0395108322000775,0.0,0.0395108322000775,2126.591337684942
1997-01-08,True,-0.0399857847581745,0.0,-0.0399857847581745,2041.5579141876735
1997-01-09,True,0.0133556513862782,0.0,0.0133556513862782,2068.824249974462
1997-01-10,True,0.0299918845547625,0.0,0.0299918845547625,2130.872188043789
1997-01-13,True,-0.0043757708558163,0.0,-0.0043757708558163,2121.547979625877
1997-01-14,True,0.0587811728901586,0.0,0.0587811728901586,2246.255058211032
1997-01-15,True,-0.0583898006704156,0.0,-0.0583898006704156,2115.0966731071776
1997-01-16,True,0.0322002006866934,0.0,0.0322002006866934,2183.2032104529862
1997-01-17,True,0.0334681790132897,0.0,0.0334681790132897,2256.271046322816
1997-01-20,True,0.0552688878782347,0.0,0.0552688878782347,2380.972637804939
1997-01-21,True,0.0462909129115701,0.0,0.0462909129115701,2491.1900348263985
1997-01-22,True,0.0384893024565929,0.0,0.0384893024565929,2587.074201553682
1997-01-23,True,-0.0416457471871901,0.0,-0.0416457471871901,2479.333563401276
1997-01-24,True,-0.0474509648706691,0.0,-0.0474509648706691,2361.686793581651
1997-01-27,True,-0.0287730493006347,0.0,-0.0287730493006347,2293.733863037268
1997-01-28,True,0.0030499333151779,0.0,0.0030499333151779,2300.729598362297
1997-01-29,True,0.00540407711487,0.0,0.00540407711487,2313.162918532311
1997-01-30,True,0.0644884886536144,0.0,0.0644884886536144,2462.335299158043
1997-01-31,True,0.0321593988175081,0.0,0.0321593988175081,2541.522522066095
1997-02-03,True,-0.0117421088234743,0.0,-0.0117421088234743,2511.6796880346837
1997-02-04,True,-0.0058056387331875,0.0,-0.0058056387331875,2497.097783152469
1997-02-05,True,-0.0948707996887824,0.0,-0.0948707996887824,2260.1961195637086
1997-02-06,True,-0.0065407361027279,0.0,-0.0065407361027279,2245.412773205233
1997-02-07,True,0.0482950489081572,0.0,0.0482950489081572,2353.8550929061807
1997-02-10,True,-0.0928364898218995,0.0,-0.0928364898218995,2135.33144853137
1997-02-11,True,-0.0014228040021423,0.0,-0.0014228040021423,2132.293290400499
1997-02-12,True,0.0988614710033057,0.0,0.0988614710033057,2343.0949416999715
1997-02-13,True,0.023235083730388,0.0,0.023235083730388,2397.5369488586193
1997-02-14,True,-0.025439438099167,0.0,-0.025439438099167,2336.5449560576644
1997-02-18,True,-0.0081520572694404,0.0,-0.0081520572694404,2317.497307763261
1997-02-19,True,0.000183329441706,0.0,0.000183329441706,2317.9221732508477
1997-02-20,True,-0.0582689537923353,0.0,-0.0582689537923353,2182.8592732434645
1997-02-21,True,-0.054745132989151,0.0,-0.054745132989151,2063.3583520331495
1997-02-24,True,0.0552484983450149,0.0,0.0552484983450149,2177.3558025306256
1997-02-25,True,0.0058478013053111,0.0,0.0058478013053111,2190.088546634791
1997-02-26,True,-0.00464326882058,0.0,-0.00464326882058,2179.919376771892
1997-02-27,True,-0.1097658986683315,0.0,-0.1097658986683315,1940.6385673560162
1997-02-28,True,0.0064246725933585,0.0,0.0064246725933585,1953.106534773323
1997-03-03,True,0.0196020808334295,0.0,0.0196020808334295,1991.3914869442488
1997-03-04,True,0.0206629317926022,0.0,0.0206629317926022,2032.5394734113465
1997-03-05,True,0.0346842960839315,0.0,0.0346842960839315,2103.0366743094237
1997-03-06,True,-0.0709503627364255,0.0,-0.0709503627364255,1953.8254594191642
1997-03-07,True,-0.037144316115433,0.0,-0.037144316115433,1881.2519489201177
1997-03-10,True,0.0490399976139564,0.0,0.0490399976139564,1973.508540006411
1997-03-11,True,-0.0224701635042148,0.0,-0.0224701635042148,1929.1634804355026
1997-03-12,True,-0.0326786312423145,0.0,-0.0326786312423145,1866.1210584522107
1997-03-13,True,0.0039944819542113,0.0,0.0039944819542113,1873.5752453445718
1997-03-14,True,-0.0056478787307549,0.0,-0.0056478787307549,1862.9935195659214
1997-03-17,True,-0.0243234887570385,0.0,-0.0243234887570385,1817.679017638324
1997-03-18,True,-0.0170568543306473,0.0,-0.0170568543306473,1786.675131414593
1997-03-19,True,-0.0573917190665387,0.0,-0.0573917190665387,1684.1347742092755
1997-03-20,True,0.0364701125580399,0.0,0.0364701125580399,1745.5553589875972
1997-03-21,True,-0.0330861374438263,0.0,-0.0330861374438263,1687.801674464326
1997-03-24,True,-0.0384696955245599,0.0,-0.0384696955245599,1622.872457941841
1997-03-25,True,0.017791922379647,0.0,0.017791922379647,1651.746478745609
1997-03-26,True,0.1008278294916792,0.0,0.1008278294916792,1818.2884910680527
1997-03-27,True,-0.0564606021210593,0.0,-0.0564606021210593,1715.6268280325583
1997-03-31,True,-0.079665566280785,0.0,-0.079665566280785,1578.9504452508374
1997-04-01,True,-0.0012416747904138,0.0,-0.0012416747904138,1576.9899022876568
1997-04-02,True,-0.0486815580967071,0.0,-0.0486815580967071,1500.2195767415199
1997-04-03,True,0.0791850605255411,0.0,0.0791850605255411,1619.0145547273987
1997-04-04,True,0.0658775086224077,0.0,0.0658775086224077,1725.6712000162563
1997-04-07,True,0.035927000917879,0.0,0.035927000917879,1787.6693908031978
1997-04-08,True,0.0287927578647514,0.0,0.0287927578647514,1839.1413227148216
1997-04-09,True,-0.0417404060053854,0.0,-0.0417404060053854,1762.3748172034234
1997-04-10,True,-0.0556101883574095,0.0,-0.0556101883574095,1664.368821662386
1997-04-11,True,-0.0867475894449945,0.0,-0.0867475894449945,1519.988838435768
1997-04-14,True,0.0636512318706068,0.0,0.0636512318706068,1616.7380004317774
1997-04-15,True,-0.0329100086802949,0.0,-0.0329100086802949,1563.531138803805
1997-04-16,True,0.0023320842001217,0.0,0.0023320842001217,1567.1774250690078
1997-04-17,True,0.0356097648607154,0.0,0.0356097648607154,1622.9842446707369
1997-04-18,True,0.030250179210201,0.0,0.030250179210201,1672.0798089273592
1997-04-21,True,-0.051413052126487,0.0,-0.051413052126487,1586.1130825513303
1997-04-22,True,0.0580162381023595,0.0,0.0580162381023595,1678.1333968058955
1997-04-23,True,0.0727117263376387,0.0,0.0727117263376387,1800.153373112498
1997-04-24,True,-0.0010128794500793,0.0,-0.0010128794500793,1798.3300347538814
1997-04-25,True,-0.0689089528606136,0.0,-0.0689089528606136,1674.4089951612004
1997-04-28,True,0.0394280919723192,0.0,0.0394280919723192,1740.4277470216946
1997-04-29,True,0.0969658012240747,0.0,0.0969658012240747,1909.1897179842642
1997-04-30,True,0.0645227031354412,0.0,0.0645227031354412,2032.3757993869997
1997-05-01,True,0.025087928009999,0.0,0.025087928009999,2083.363897131285
1997-05-02,True,0.0928600907492897,0.0,0.0928600907492897,2276.82525768269
1997-05-05,True,0.0769644546090057,0.0,0.0769644546090057,2452.059871880247
1997-05-06,True,-0.0580738272047099,0.0,-0.0580738272047099,2309.659370585071
1997-05-07,True,-0.0186173467145358,0.0,-0.0186173467145358,2266.6596412904123
1997-05-08,True,0.0328374457798168,0.0,0.0328374457798168,2341.0909543625853
1997-05-09,True,-0.0009711538638345,0.0,-0.0009711538638345,2338.817394836668
1997-05-12,True,0.0179261080999461,0.0,0.0179261080999461,2380.743288282544
1997-05-13,True,-0.0458726889961203,0.0,-0.0458726889961203,2271.5321918395584
1997-05-14,True,-0.0023622508484911,0.0,-0.0023622508484911,2266.166262992011
1997-05-15,True,0.0720187538572256,0.0,0.0720187538572256,2429.3727332859817
1997-05-16,True,-0.0534711982576823,0.0,-0.0534711982576823,2299.4712622226393
1997-05-19,True,-0.0058650029582626,0.0,-0.0058650029582626,2285.9848564672634
1997-05-20,True,0.0934922636610207,0.0,0.0934922636610207,2499.706755393201
1997-05-21,True,0.0265941785669845,0.0,0.0265941785669845,2566.1844032112253
1997-05-22,True,-0.014202134689864,0.0,-0.014202134689864,2529.739106677792
1997-05-23,True,0.0409382803588752,0.0,0.0409382803588752,2633.3022754617773
1997-05-27,True,0.0796373874529284,0.0,0.0796373874529284,2843.011589053405
1997-05-28,True,-0.0063445743075949,0.0,-0.0063445743075949,2824.9738907693018
1997-05-29,True,-0.0370355286601134,0.0,-0.0370355286601134,2720.3494892736435
1997-05-30,True,-0.036346849587333,0.0,-0.036346849587333,2621.473355562036
1997-06-02,True,-0.0007168208621328,0.0,-0.0007168208621328,2619.594228771244
1997-06-03,True,-0.0905889172617915,0.0,-0.0905889172617915,2382.2880239216197
1997-06-04,True,-0.0255447065380958,0.0,-0.0255447065380958,2321.4331754613218
1997-06-05,True,0.0279286824776037,0.0,0.0279286824776037,2386.2677455117564
1997-06-06,True,0.0461404020464026,0.0,0.0461404020464026,2496.371098680032
1997-06-09,True,0.0308003208147413,0.0,0.0308003208147413,2573.260129392025
1997-06-10,True,-0.0428860428633595,0.0,-0.0428860428633595,2462.903185184345
1997-06-11,True,0.0247131369797794,0.0,0.0247131369797794,2523.7692489677406
1997-06-12,True,0.0029485417089722,0.0,0.0029485417089722,2531.210687862144
1997-06-13,True,0.045259993307327,0.0,0.045259993307327,2645.773266654219
1997-06-16,True,0.035838542162754,0.0,0.035838542162754,2740.5939234242937
1997-06-17,True,0.0409119057052451,0.0,0.0409119057052451,2852.716843595796
1997-06-18,True,-0.0542492633636114,0.0,-0.0542492633636114,2697.9590562457574
1997-06-19,True,0.0318970409918338,0.0,0.0318970409918338,2784.0159668571177
1997-06-20,True,-0.0018665654763875,0.0,-0.0018665654763875,2778.819418767671
1997-06-23,True,-0.0379676752184777,0.0,-0.0379676752184777,2673.314105585101
1997-06-24,True,0.0535264518935822,0.0,0.0535264518935822,2816.407124454137
1997-06-25,True,-0.0221137089347663,0.0,-0.0221137089347663,2754.125917062156
1997-06-26,True,-0.0366160742548418,0.0,-0.0366160742548418,2653.280637975824
1997-06-27,True,-0.0136478348132765,0.0,-0.0136478348132765,2617.069102115465
1997-06-30,True,-0.0180108749652425,0.0,-0.0180108749652425,2569.9333977418637
1997-07-01,True,-0.0123167679350724,0.0,-0.0123167679350724,2538.280124473285
1997-07-02,True,0.0705437614901021,0.0,0.0705437614901021,2717.339952169195
1997-07-03,True,0.0323348046971658,0.0,0.0323348046971658,2805.204608818392
1997-07-07,True,0.0135270424964384,0.0,0.0135270424964384,2843.1507307730835
1997-07-08,True,0.0444925496739974,0.0,0.0444925496739974,2969.6497558926667
1997-07-09,True,0.0125778367021181,0.0,0.0125778367021181,3007.0015255847693
1997-07-10,True,-0.0003973977812927,0.0,-0.0003973977812927,3005.8065498501583
1997-07-11,True,0.0163548097728183,0.0,0.0163548097728183,3054.965944186849
1997-07-14,True,0.0773466690481163,0.0,0.0773466690481163,3291.2573840251357
1997-07-15,True,0.0491313923880078,0.0,0.0491313923880078,3452.9614420096027
1997-07-16,True,0.1255851542598599,0.0,0.1255851542598599,3886.602137357727
1997-07-17,True,-0.0235477648478074,0.0,-0.0235477648478074,3795.081344170241
1997-07-18,True,-0.0656012472954691,0.0,-0.0656012472954691,3546.119274404908
1997-07-21,True,-0.0353500424670352,0.0,-0.0353500424670352,3420.7638074615224
1997-07-22,True,0.0918671707682624,0.0,0.0918671707682624,3735.019700319481
1997-07-23,True,0.0028592180247917,0.0,0.0028592180247917,3745.698935969587
1997-07-24,True,-0.0108808723580073,0.0,-0.0108808723580073,3704.9424639557783
1997-07-25,True,-0.0079143164461202,0.0,-0.0079143164461202,3675.620376881364
1997-07-28,True,-0.0284426296651685,0.0,-0.0284426296651685,3571.07606771198
1997-07-29,True,0.0353250402428734,0.0,0.0353250402428734,3697.2244735142676
1997-07-30,True,0.0357910340219149,0.0,0.0357910340219149,3829.5519604324736
1997-07-31,True,0.016262617010112,0.0,0.016262617010112,3891.8304972853107
1997-08-01,True,0.0049518563876794,0.0,0.0049518563876794,3911.1022829930585
1997-08-04,True,0.0407337945441939,0.0,0.0407337945441939,4070.4163198298256
1997-08-05,True,0.0326828410878399,0.0,0.0326828410878399,4203.449089572174
1997-08-06,True,0.0140573056078601,0.0,0.0140573056078601,4262.538258031371
1997-08-07,True,-0.0165405966561632,0.0,-0.0165405966561632,4192.033331973808
1997-08-08,True,-0.0546178635345595,0.0,-0.0546178635345595,3963.0734275157383
1997-08-11,True,-0.0374619117752197,0.0,-0.0374619117752197,3814.609120415426
1997-08-12,True,-0.0285583118080716,0.0,-0.0285583118080716,3705.670323728689
1997-08-13,True,0.0226571928373635,0.0,0.0226571928373635,3789.6304108451054
1997-08-14,True,0.0118111233162466,0.0,0.0118111233162466,3834.390202950595
1997-08-15,True,-0.0731913540751255,0.0,-0.0731913540751255,3553.745991944246
1997-08-18,True,0.0356663414195827,0.0,0.0356663414195827,3680.4951098114034
1997-08-19,True,0.0868681809973012,0.0,0.0868681809973012,4000.213025170182
1997-08-20,True,0.0637009657640598,0.0,0.0637009657640598,4255.030458135494
1997-08-21,True,-0.0692585744292555,0.0,-0.0692585744292555,3960.3331144519675
1997-08-22,True,-0.0211662381188274,0.0,-0.0211662381188274,3876.5077607215994
1997-08-25,True,-0.0087575533969029,0.0,-0.0087575533969029,3842.559037013572
1997-08-26,True,-0.0396011383500105,0.0,-0.0396011383500105,3690.389324970714
1997-08-27,True,-0.0038461293606311,0.0,-0.0038461293606311,3676.1956102357844
1997-08-28,True,-0.0587999832111763,0.0,-0.0587999832111763,3460.03537007292
1997-08-29,True,0.009529635323391,0.0,0.009529635323391,3493.0082453557493
1997-09-02,True,0.079942346122797,0.0,0.079942346122797,3772.2475195157626
1997-09-03,True,-0.0065032910725716,0.0,-0.0065032910725716,3747.715495898565
1997-09-04,True,0.0144480322277673,0.0,0.0144480322277673,3801.862610163811
1997-09-05,True,0.0142401407291413,0.0,0.0142401407291413,3856.001668765404
1997-09-08,True,0.0177885910748651,0.0,0.0177885910748651,3924.5945056350693
1997-09-09,True,0.0236931412007218,0.0,0.0236931412007218,4017.5804774126577
1997-09-10,True,-0.0635338015714393,0.0,-0.0635338015714393,3762.3283165634334
1997-09-11,True,0.005520966589519,0.0,0.005520966589519,3783.100005497982
1997-09-12,True,0.0025242349697359,0.0,0.0025242349697359,3792.6494388258675
1997-09-15,True,-0.0701396611666769,0.0,-0.0701396611666769,3526.6342922626336
1997-09-16,True,0.1003947847509608,0.0,0.1003947847509608,3880.6899829296976
1997-09-17,True,-0.0214172309315597,0.0,-0.0214172309315597,3797.576349391502
1997-09-18,True,0.0015686880286838,0.0,0.0015686880286838,3803.533561948805
1997-09-19,True,0.0251787177665196,0.0,0.0251787177665196,3899.3016600205992
1997-09-22,True,0.0131136361256339,0.0,0.0131136361256339,3950.4356831341897
1997-09-23,True,0.0301953706586744,0.0,0.0301953706586744,4069.72055284968
1997-09-24,True,-0.0508530689448777,0.0,-0.0508530689448777,3862.7627729892297
1997-09-25,True,-0.0254828309030764,0.0,-0.0254828309030764,3764.3286424264465
1997-09-26,True,0.0007083440397065,0.0,0.0007083440397065,3766.9950821838056
1997-09-29,True,0.0321739854253439,0.0,0.0321739854253439,3888.1943270553297
1997-09-30,True,-0.0581634698661804,0.0,-0.0581634698661804,3662.0434534797937
1997-10-01,True,0.0131809019248563,0.0,0.0131809019248563,3710.3124890846734
1997-10-02,True,0.0291284854320145,0.0,0.0291284854320145,3818.388272371197
1997-10-03,True,0.0310564215669304,0.0,0.0310564215669304,3936.9737482641804
1997-10-06,True,0.0037589443375437,0.0,0.0037589443375437,3951.772613442276
1997-10-07,True,0.0392445987242053,0.0,0.0392445987242053,4106.858343906123
1997-10-08,True,0.0118803162406141,0.0,0.0118803162406141,4155.649119787133
1997-10-09,True,0.0072985634501132,0.0,0.0072985634501132,4185.979388564307
1997-10-10,True,-0.0274959304556497,0.0,-0.0274959304556497,4070.8819904075594
1997-10-13,True,0.0069266111457539,0.0,0.0069266111457539,4099.079406975366
1997-10-14,True,-0.0240222413927909,0.0,-0.0240222413927909,4000.6103319727863
1997-10-15,True,-0.032988911907704,0.0,-0.032988911907704,3868.6345501542855
1997-10-16,True,-0.0530010524009436,0.0,-0.0530010524009436,3663.5928476414574
1997-10-17,True,-0.0664169187207198,0.0,-0.0664169187207198,3420.2682992538444
1997-10-20,True,0.0364207543488313,0.0,0.0364207543488313,3544.8370507880636
1997-10-21,True,0.0612586743432864,0.0,0.0612586743432864,3761.9890692823055
1997-10-22,True,-0.0322039553214761,0.0,-0.0322039553214761,3640.8381413752563
1997-10-23,True,-0.0659135333505255,0.0,-0.0659135333505255,3400.857635119853
1997-10-24,True,-0.0485420770421038,0.0,-0.0485420770421038,3235.7729417866385
1997-10-27,True,-0.2249597876470318,0.0,-0.2249597876470318,2507.854147928305
1997-10-28,True,0.2106080107315843,0.0,0.2106080107315843,3036.028321228437
1997-10-29,True,-0.0492524889003317,0.0,-0.0492524889003317,2886.496370036041
1997-10-30,False,0.004326148806530855,0.0005008649193388954,0.0038252838871919597,2897.5380380907777
1997-10-31,False,-0.0031598998868307532,2.6388581088333393e-06,-0.0031625387449395865,2888.3744617803795
1997-11-03,False,0.0009252555386237088,1.4494956095587458e-06,0.0009238060430141501,2891.04275956266
1997-11-04,False,-0.0010009653096972849,6.956555134722542e-07,-0.0010016609652107572,2888.1469148816514
1997-11-05,False,-0.0002915241026023897,4.832911739170026e-07,-0.0002920073937763067,2887.3035546281935
1997-11-06,False,-0.0009446272327103272,8.81055317430296e-07,-0.0009455082880277575,2884.5735851872405
1997-11-07,False,-0.0030899308464506204,1.1201046614281452e-06,-0.0030910509511120486,2875.657221263195
1997-11-10,False,0.000917854835603392,9.222637157790815e-07,0.0009169325718876129,2878.294005034955
1997-11-11,False,0.002168297691352357,7.062345703290756e-07,0.002167591456782028,2884.5329705303757
1997-11-12,False,-0.004400180555752967,1.8599598545488984e-06,-0.004402040515607516,2871.835139525495
1997-11-13,False,0.00022020348364256768,1.2048149911650373e-07,0.00022008300214345117,2872.467181624663
1997-11-14,False,-0.008518694427265808,1.8452842215030685e-06,-0.00852053971148731,2847.9922109336862
1997-11-17,False,0.0021897576556474704,7.345217030542556e-07,0.0021890231339444163,2854.2265317687134
1997-11-18,False,-0.0007019576719576748,2.3150289323906058e-07,-0.0007021891748509139,2852.222324795533
1997-11-19,False,0.00477827218642901,6.36363540453197e-07,0.004777635822888557,2865.849204349319
1997-11-20,False,-0.0049268664535974775,8.194996508552599e-07,-0.004927685953248333,2851.727199480919
1997-11-21,False,0.0009720837551381053,3.8501254818992804e-07,0.0009716987425899153,2854.4982192148636
1997-11-24,False,0.0005475293534583542,4.5408789038618724e-07,0.0005470752655679681,2856.0598445862042
1997-11-25,False,-0.0031568063145112056,1.6675328497334219e-06,-0.003158473847360939,2847.039054260581
1997-11-26,False,-0.004182181752703511,1.526804853888536e-06,-0.004183708557557399,2835.1278726055707
1997-11-28,False,0.001374836673935114,6.067568690281549e-07,0.0013742299170660859,2839.023990146813
1997-12-01,False,0.000774425738870208,1.942757855167537e-06,0.0007724829810150405,2841.2170878618945
1997-12-02,False,0.0012851445128315437,3.495988858539939e-07,0.0012847949139456897,2844.8674691257947
1997-12-03,False,-0.0014700919870417513,8.888624482483037e-07,-0.0014709808494899996,2840.6827235593732
1997-12-04,False,-0.004259177817505456,1.5747664829738468e-06,-0.00426075258398843,2828.5792773046765
1997-12-05,False,-0.003851897746555951,2.844656611323132e-07,-0.0038521822122170833,2817.683074526798
1997-12-08,False,-0.00017024649736228177,4.4383582281432024e-07,-0.00017069033318509608,2817.202123263997
1997-12-09,False,-0.0037027490223142568,1.8561224296163304e-06,-0.0037046051447438733,2806.7655017843695
1997-12-10,False,0.00535089487780837,8.953646796379943e-07,0.0053499995131287325,2821.7816958523827
1997-12-11,False,0.0016652183369128988,1.1514605181517091e-06,0.0016640668763947472,2826.4773293048675
1997-12-12,False,0.001237735179398938,1.2607283177670931e-06,0.0012364744510811709,2829.9721963091133
1997-12-15,False,0.0004336687045661391,3.843162115386989e-07,0.0004332843883546004,2831.1983790812515
1997-12-16,False,0.00401076708242749,5.09965205940724e-07,0.00401025711722155,2842.552212531228
1997-12-17,False,-0.0009505272069421355,1.5290695751589146e-06,-0.0009520562765172944,2839.8459428559595
1997-12-18,False,0.006761152181683637,8.080155558561064e-07,0.006760344166127781,2859.0442788084474
1997-12-19,False,0.002058675550642764,9.759228592703812e-07,0.0020576996277834937,2864.927333156768
1997-12-22,False,0.002636406694980551,4.509466861311179e-07,0.0026359557482944196,2872.479154829048
1997-12-23,False,0.002065563544072231,8.277011366294301e-07,0.002064735842935602,2878.410065498109
1997-12-24,False,0.0052305413105413244,1.1707235854369197e-06,0.005229370586955887,2893.4623384318224
1997-12-26,False,0.0013847089947089917,4.635732534946924e-07,0.0013842454214554971,2897.4676004259504
1997-12-29,True,0.076682585463918,0.0005,0.076182585463918,3118.204173524334
1997-12-30,True,0.0608717540339727,0.0,0.0608717540339727,3308.014731002814
1997-12-31,True,-0.0231521355752898,0.0,-0.0231521355752898,3231.427125465581
1998-01-02,True,0.0524576256629702,0.0,0.0524576256629702,3400.940119970423
1998-01-05,True,0.0271228543441363,0.0,0.0271228543441363,3493.18332347751
1998-01-06,True,-0.0330400621198323,0.0,-0.0330400621198323,3377.7683294738504
1998-01-07,True,-0.0452388767523538,0.0,-0.0452388767523538,3224.961884318779
1998-01-08,True,0.0099510698267755,0.0,0.0099510698267755,3257.0537052183245
1998-01-09,True,-0.115926160412288,0.0,-0.115926160412288,2879.4759749157483
1998-01-12,True,0.0467808485117353,0.0,0.0467808485117353,3014.1803042914635
1998-01-13,True,0.0735467804000612,0.0,0.0735467804000612,3235.863561217377
1998-01-14,True,0.003759429423696,0.0,0.003759429423696,3248.0285619004835
1998-01-15,True,-0.0025970482330604,0.0,-0.0025970482330604,3239.5932750628704
1998-01-16,True,0.0307877795735082,0.0,0.0307877795735082,3339.333158723325
1998-01-20,True,0.0624433600811844,0.0,0.0624433600811844,3547.8523415845248
1998-01-21,True,-0.0012701666472655,0.0,-0.0012701666472655,3543.345977870821
1998-01-22,True,-0.0174320204511602,0.0,-0.0174320204511602,3481.5782983190406
1998-01-23,True,0.0110671158909433,0.0,0.0110671158909433,3520.1093288299307
1998-01-26,True,-0.0238533169674142,0.0,-0.0238533169674142,3436.1430452493983
1998-01-27,True,0.0569203455745529,0.0,0.0569203455745529,3631.7294948285908
1998-01-28,True,0.0792555963569996,0.0,0.0792555963569996,3919.5643817485357
1998-01-29,True,0.0161448098831252,0.0,0.0161448098831252,3982.8450035165347
1998-01-30,True,0.005756908137943,0.0,0.005756908137943,4005.773876329444
1998-02-02,True,0.0834080719760098,0.0,0.0834080719760098,4339.88775212595
1998-02-03,True,0.0277607669888392,0.0,0.0277607669888392,4460.366364770436
1998-02-04,True,0.0353632922334035,0.0,0.0353632922334035,4618.099603995856
1998-02-05,True,-0.0257781160419513,0.0,-0.0257781160419513,4499.053696510761
1998-02-06,True,0.0521452852232079,0.0,0.0521452852232079,4733.658134749842
1998-02-09,True,-0.0309008523551391,0.0,-0.0309008523551391,4587.384063628235
1998-02-10,True,0.0453912454767149,0.0,0.0453912454767149,4795.611139756354
1998-02-11,True,-0.0028011130755239,0.0,-0.0028011130755239,4782.178090687654
1998-02-12,True,0.0155578610293955,0.0,0.0155578610293955,4856.578552840393
1998-02-13,True,-0.0214746431886751,0.0,-0.0214746431886751,4752.285261300373
1998-02-17,True,-0.0214931412976053,0.0,-0.0214931412976053,4650.143722692717
1998-02-18,True,0.031968412438758,0.0,0.031968412438758,4798.80143511926
1998-02-19,True,0.0418828945728475,0.0,0.0418828945728475,4999.789129702389
1998-02-20,True,0.0075071195729425,0.0,0.0075071195729425,5037.323144538563
1998-02-23,True,0.0665158828120549,0.0,0.0665158828120549,5372.385140507143
1998-02-24,True,-0.0334492117779865,0.0,-0.0334492117779865,5192.683092189412
1998-02-25,True,0.0713972825674811,0.0,0.0713972825674811,5563.42655420584
1998-02-26,True,0.0162184539328639,0.0,0.0162184539328639,5653.656731484099
1998-02-27,True,-0.0321399116268912,0.0,-0.0321399116268912,5471.948703765422
1998-03-02,True,-0.0417765545590682,0.0,-0.0417765545590682,5243.349540198143
1998-03-03,True,-0.0049860592871095,0.0,-0.0049860592871095,5217.2058885276765
1998-03-04,True,0.0103686638284535,0.0,0.0103686638284535,5271.301342509648
1998-03-05,True,-0.1350827074400032,0.0,-0.1350827074400032,4559.239685431321
1998-03-06,True,0.0963704245843832,0.0,0.0963704245843832,4998.615549698307
1998-03-09,True,-0.0898223255416586,0.0,-0.0898223255416586,4549.628276535709
1998-03-10,True,0.0535950802491266,0.0,0.0535950802491266,4793.465969120335
1998-03-11,True,0.0135213401794539,0.0,0.0135213401794539,4858.280053127447
1998-03-12,True,0.0242228908424547,0.0,0.0242228908424547,4975.961640536429
1998-03-13,True,0.0153082205115862,0.0,0.0153082205115862,5052.1347585869535
1998-03-16,True,0.0276962695054288,0.0,0.0276962695054288,5192.060044438523
1998-03-17,True,-0.0314347574891216,0.0,-0.0314347574891216,5028.84889607264
1998-03-18,True,0.0232069212318274,0.0,0.0232069212318274,5145.552996290559
1998-03-19,True,0.0231015767656644,0.0,0.0231015767656644,5264.42338383616
1998-03-20,True,-0.0425336141084334,0.0,-0.0425336141084334,5040.508431124659
1998-03-23,True,0.0247922545118394,0.0,0.0247922545118394,5165.473999018173
1998-03-24,True,0.047177424417561,0.0,0.047177424417561,5409.167758187729
1998-03-25,True,0.0423821744400608,0.0,0.0423821744400608,5638.420049690794
1998-03-26,True,0.0074830913985697,0.0,0.0074830913985697,5680.612862266159
1998-03-27,True,-0.0157392057408578,0.0,-0.0157392057408578,5591.204527692788
1998-03-30,True,-0.0126002068961914,0.0,-0.0126002068961914,5520.754193844938
1998-03-31,True,0.0346376047442044,0.0,0.0346376047442044,5711.979895501247
1998-04-01,True,0.0188289548817912,0.0,0.0188289548817912,5819.5305072393385
1998-04-02,True,0.0041053160127913,0.0,0.0041053160127913,5843.4215190176365
1998-04-03,True,0.0082698472879317,0.0,0.0082698472879317,5891.745722618926
1998-04-06,True,-0.0690127777100639,0.0,-0.0690127777100639,5485.139984739607
1998-04-07,True,-0.0580574419310933,0.0,-0.0580574419310933,5166.686788591669
1998-04-08,True,0.0224466756032405,0.0,0.0224466756032405,5282.661730878734
1998-04-09,True,0.0144931944079117,0.0,0.0144931944079117,5359.224374335594
1998-04-13,True,0.0149935140059081,0.0,0.0149935140059081,5439.577980052999
1998-04-14,True,0.025092846123491,0.0,0.025092846123491,5576.072473283199
1998-04-15,True,0.0448901403486675,0.0,0.0448901403486675,5826.383149203222
1998-04-16,True,-0.0095462569223717,0.0,-0.0095462569223717,5770.762998732751
1998-04-17,True,0.008875775400785,0.0,0.008875775400785,5821.982995000664
1998-04-20,True,0.0530462408174904,0.0,0.0530462408174904,6130.817306988803
1998-04-21,True,0.0395007970870166,0.0,0.0395007970870166,6372.989477409738
1998-04-22,True,0.0498737174464734,0.0,0.0498737174464734,6690.83415389542
1998-04-23,True,-0.0753275756552134,0.0,-0.0753275756552134,6186.829837971376
1998-04-24,True,-0.0203344393506564,0.0,-0.0203344393506564,6061.024121858316
1998-04-27,True,-0.0724244974989435,0.0,-0.0724244974989435,5622.057495503752
1998-04-28,True,0.0058082802192322,0.0,0.0058082802192322,5654.711980846272
1998-04-29,True,0.0416488692665041,0.0,0.0416488692665041,5890.224340876273
1998-04-30,True,0.0205031060166976,0.0,0.0205031060166976,6010.992234999391
1998-05-01,True,0.0079819165495907,0.0,0.0079819165495907,6058.971473399394
1998-05-04,True,0.0100658213198479,0.0,0.0100658213198479,6119.959997632688
1998-05-05,True,-0.0206424825880609,0.0,-0.0206424825880609,5993.628829941926
1998-05-06,True,-0.0122921722367592,0.0,-0.0122921722367592,5919.954112041075
1998-05-07,True,-0.0474790060829525,0.0,-0.0474790060829525,5638.880574744677
1998-05-08,True,0.0767022838429267,0.0,0.0767022838429267,6071.395593145109
1998-05-11,True,-0.0393805723391848,0.0,-0.0393805723391848,5832.300559789451
1998-05-12,True,0.0452305505279728,0.0,0.0452305505279728,6096.098724953332
1998-05-13,True,0.0157080253243564,0.0,0.0157080253243564,6191.8563981046755
1998-05-14,True,0.0070715700523641,0.0,0.0070715700523641,6235.642544378052
1998-05-15,True,-0.0396943684154975,0.0,-0.0396943684154975,5988.122651914159
1998-05-18,True,-0.0170038412187892,0.0,-0.0170038412187892,5886.301565142376
1998-05-19,True,0.0313834467735558,0.0,0.0313834467735558,6071.03399700512
1998-05-20,True,-0.0428466783876422,0.0,-0.0428466783876422,5810.910355855
1998-05-21,True,-0.0342763118266865,0.0,-0.0342763118266865,5611.733780500792
1998-05-22,True,-0.0236832440587763,0.0,-0.0236832440587763,5478.829719784312
1998-05-26,True,-0.0348373341001742,0.0,-0.0348373341001742,5287.961898358222
1998-05-27,True,0.0231305497778367,0.0,0.0231305497778367,5410.2753642715015
1998-05-28,True,0.0131036771688938,0.0,0.0131036771688938,5481.169866039733
1998-05-29,True,-0.0564202765128888,0.0,-0.0564202765128888,5171.920746583658
1998-06-01,True,-0.0669574596936571,0.0,-0.0669574596936571,4825.622071655494
1998-06-02,True,0.0553793377030883,0.0,0.0553793377030883,5092.86182598918
1998-06-03,True,-0.0587705840568227,0.0,-0.0587705840568227,4793.551361955099
1998-06-04,True,0.0802213096439557,0.0,0.0802213096439557,5178.096330056705
1998-06-05,True,0.0286727124214052,0.0,0.0286727124214052,5326.566397018754
1998-06-08,True,0.0005761608090996,0.0,0.0005761608090996,5329.635355823782
1998-06-09,True,0.0406906450521787,0.0,0.0406906450521787,5546.50165634515
1998-06-10,True,-0.0594840259535707,0.0,-0.0594840259535707,5216.573407867591
1998-06-11,True,-0.0357383607425807,0.0,-0.0357383607425807,5030.141625577066
1998-06-12,True,0.0045405843850838,0.0,0.0045405843850838,5052.981408096922
1998-06-15,True,-0.0341374033178002,0.0,-0.0341374033178002,4880.485743811371
1998-06-16,True,0.0952059616586658,0.0,0.0952059616586658,5345.137082412341
1998-06-17,True,0.0324311237774985,0.0,0.0324311237774985,5518.485884739754
1998-06-18,True,0.0077445112850898,0.0,0.0077445112850898,5561.223860950729
1998-06-19,True,0.0300408933067605,0.0,0.0300408933067605,5728.28799361256
1998-06-22,True,0.0583929528115026,0.0,0.0583929528115026,6062.7796441142755
1998-06-23,True,0.0910692118414132,0.0,0.0910692118414132,6614.9122078719265
1998-06-24,True,0.0660552983956959,0.0,0.0660552983956959,7051.862207624237
1998-06-25,True,-0.0447471018972259,0.0,-0.0447471018972259,6736.31181085448
1998-06-26,True,0.0216096841258276,0.0,0.0216096841258276,6881.881381260127
1998-06-29,True,0.0424092130254269,0.0,0.0424092130254269,7173.736554773707
1998-06-30,True,-0.0055245004920923,0.0,-0.0055245004920923,7134.105243646719
1998-07-01,True,0.0419563498277165,0.0,0.0419563498277165,7433.426258956906
1998-07-02,True,-0.0524453931150524,0.0,-0.0524453931150524,7043.5772966141585
1998-07-06,True,0.0224089367429976,0.0,0.0224089367429976,7201.416374698399
1998-07-07,True,0.0081403546994444,0.0,0.0081403546994444,7260.03845832683
1998-07-08,True,0.07001891852498,0.0,0.07001891852498,7768.378499628638
1998-07-09,True,0.0114976928356097,0.0,0.0114976928356097,7857.696929448121
1998-07-10,True,0.0168963347332712,0.0,0.0168963347332712,7990.463207000674
1998-07-13,True,0.06333502269114,0.0,0.06333502269114,8496.53937552878
1998-07-14,True,-0.0053934073879144,0.0,-0.0053934073879144,8450.714077289098
1998-07-15,True,0.066312331188107,0.0,0.066312331188107,9011.10062795829
1998-07-16,True,0.0060716288014991,0.0,0.0060716288014991,9065.812686064208
1998-07-17,True,0.0232215115000158,0.0,0.0232215115000158,9276.334559610637
1998-07-20,True,0.0037175668771457,0.0,0.0037175668771457,9310.819953710768
1998-07-21,True,-0.0697993309515807,0.0,-0.0697993309515807,8660.930950331129
1998-07-22,True,-0.002961052168202,0.0,-0.002961052168202,8635.285481962002
1998-07-23,True,-0.0521817744537158,0.0,-0.0521817744537158,8184.680962598815
1998-07-24,True,0.0057584212509928,0.0,0.0057584212509928,8231.811803386441
1998-07-27,True,0.037630187827696,0.0,0.037630187827696,8541.576427710117
1998-07-28,True,-0.0698124813646948,0.0,-0.0698124813646948,7945.267782525489
1998-07-29,True,-0.0286386028639733,0.0,-0.0286386028639733,7717.7264138538185
1998-07-30,True,0.0910177408945699,0.0,0.0910177408945699,8420.176436885144
1998-07-31,True,-0.0947078201701994,0.0,-0.0947078201701994,7622.719881099274
1998-08-03,True,-0.0194306874285523,0.0,-0.0194306874285523,7474.605193734224
1998-08-04,True,-0.1124618900180342,0.0,-0.1124618900180342,6633.996966508258
1998-08-05,True,0.0286164248891428,0.0,0.0286164248891428,6823.838242415142
1998-08-06,True,0.0809265162580863,0.0,0.0809265162580863,7376.067698882503
1998-08-07,True,-0.0041670369314217,0.0,-0.0041670369314217,7345.331352372592
1998-08-10,True,-0.0028333441751211,0.0,-0.0028333441751211,7324.519500571013
1998-08-11,True,-0.0723048410240526,0.0,-0.0723048410240526,6794.921282504653
1998-08-12,True,0.0551109922800288,0.0,0.0551109922800288,7169.39613684817
1998-08-13,True,-0.0362464414269557,0.0,-0.0362464414269557,6909.531039707261
1998-08-14,True,-0.0189313180481723,0.0,-0.0189313180481723,6778.724510030845
1998-08-17,True,0.0849315074058775,0.0,0.0849315074058775,7354.451800956932
1998-08-18,True,0.0731504736321623,0.0,0.0731504736321623,7892.43343350184
1998-08-19,True,-0.0065963267979501,0.0,-0.0065963267979501,7840.372363343395
1998-08-20,True,-0.0003440749635011,0.0,-0.0003440749635011,7837.674687508643
1998-08-21,True,-0.0504857635397979,0.0,-0.0504857635397979,7441.9836965332215
1998-08-24,True,-0.0086180195839891,0.0,-0.0086180195839891,7377.848535292771
1998-08-25,True,0.0379250885006893,0.0,0.0379250885006893,7657.6540939384295
1998-08-26,True,-0.031115774214699,0.0,-0.031115774214699,7419.380258137176
1998-08-27,True,-0.1367150262478218,0.0,-0.1367150262478218,6405.03949140338
1998-08-28,True,-0.1065519297143389,0.0,-0.1065519297143389,5722.570173697803
1998-08-31,False,0.005733286659018966,0.0005009527309992213,0.005232333928019745,5752.512571773116
1998-09-01,False,-0.004130992455152863,4.352816041032034e-06,-0.004135345271193895,5728.723946111951
1998-09-02,False,0.0002893150058786502,6.35917744640932e-07,0.0002886790881340093,5730.377708916886
1998-09-03,False,-0.0076710989125028635,2.586323457646186e-06,-0.007673685235960509,5686.404594095493
1998-09-04,False,0.00471939647850675,2.690779955319994e-06,0.00471670569855143,5713.225691048733
1998-09-08,False,-0.0032607955072867837,1.3225131938664204e-06,-0.00326211802048065,5694.58847456689
1998-09-09,False,0.005270548268116936,2.009215101278161e-06,0.005268539053015658,5724.590636335998
1998-09-10,False,0.0072421408359337434,3.5066279789726654e-06,0.0072386342079547705,5766.0288539427165
1998-09-11,False,-0.0009261112434378127,1.788448595532441e-06,-0.0009278996920333452,5760.678557544888
1998-09-14,False,-0.004729084396271111,1.0088784753303494e-06,-0.004730093274746441,5733.430010641869
1998-09-15,False,-0.003361059333925514,1.2306263190887678e-06,-0.0033622899602446027,5714.152556479323
1998-09-16,False,-0.0009447846825178666,1.2225402823876492e-06,-0.0009460072228002543,5708.746926888711
1998-09-17,False,0.005830902400891516,3.245782294553079e-07,0.005830577822662061,5742.032220115818
1998-09-18,False,-0.0013535251641623794,9.72272186222381e-07,-0.0013544974363486019,5734.2546521942395
1998-09-21,False,0.00459610294940296,8.647035082035154e-07,0.004595238245894757,5760.604918483702
1998-09-22,False,-0.008806176599962218,8.82468702901637e-07,-0.00880705906866512,5709.870930695373
1998-09-23,False,0.0006416076412319702,4.87868362986546e-07,0.0006411197728689837,5713.531641849573
1998-09-24,False,0.0022924348726531423,1.8661278355817379e-06,0.0022905687448175607,5726.61887885092
1998-09-25,False,0.007765550007296309,1.7641682547874794e-06,0.007763785839041522,5771.079121408131
1998-09-28,False,-0.0065187958600334646,2.2011912516149285e-06,-0.006520997051285079,5733.445931474696
1998-09-29,False,0.001074242921569635,1.954760160337951e-06,0.0010722881614092972,5739.593837671097
1998-09-30,False,0.005792011829996128,2.1660016702881034e-06,0.005789845828325839,5772.825201108421
1998-10-01,False,0.014365837768334966,1.7604040266242933e-06,0.014364077364308342,5855.746508907771
1998-10-02,False,0.003898881492859972,1.1352011495340543e-06,0.003897746291710438,5878.570723148064
1998-10-05,False,0.0026776789044326977,1.5805350542338614e-06,0.002676098369378464,5894.302356674557
1998-10-06,False,-0.008736871211008385,8.411209888139343e-07,-0.008737712331997199,5842.799638284122
1998-10-07,False,-0.007499880304153366,3.40052346829145e-06,-0.007503280827621657,5798.959471778549
1998-10-08,False,-0.0028108703794497217,1.72920782353439e-06,-0.002812599587273256,5782.649320761611
1998-10-09,False,-0.015337575242548742,2.2092892666009114e-06,-0.015339784531815344,5693.94472615808
1998-10-12,False,-0.0014627982988010071,1.015751939809892e-06,-0.001463814050740817,5685.6098498637875
1998-10-13,False,0.0029476120636182843,6.833836395369331e-07,0.0029469286799787475,5702.364936593521
1998-10-14,False,0.0033568241152625816,1.2046018968709938e-06,0.0033556195133657104,5721.499903647086
1998-10-15,False,0.006519826394364618,9.107001256773855e-07,0.00651891569423894,5758.797879163559
1998-10-16,False,1.0447684001216795e-05,2.6492261817200046e-07,1.0182761383044794e-05,5758.856519628215
1998-10-19,False,0.004845951905925111,1.2761571528255022e-06,0.004844675748772286,5786.756312149518
1998-10-20,False,-0.005420997900474103,8.622918359431769e-07,-0.005421860192310046,5755.381328458075
1998-10-21,False,-0.0025394494983988335,4.6460492434227674e-07,-0.002539914103323176,5740.763154251921
1998-10-22,False,-0.003427426870933897,7.605527863080302e-07,-0.003428187423720205,5721.082742203957
1998-10-23,False,-0.002980057655230081,1.2454321739666098e-07,-0.0029801821984474777,5704.032873259796
1998-10-26,False,-0.004814403981153337,1.1514763420933382e-06,-0.00481555545749543,5676.5647866272375
1998-10-27,False,0.010828020402743686,1.6639790009704837e-06,0.010826356423742715,5738.021300269731
1998-10-28,False,-8.869437076076019e-05,4.0858717758915367e-07,-8.910295793834935e-05,5737.510025599163
1998-10-29,False,0.003762617945558351,4.7610560557807827e-07,0.003762141839952773,5759.095352123618
1998-10-30,False,-0.0034205266875779326,6.166159484982253e-07,-0.0034211433035264307,5739.39266162533
1998-11-02,False,-0.0029281420654385403,8.489602860125012e-07,-0.002928991025724553,5722.58203202632
1998-11-03,False,-0.0050826969484981,1.6693839555695507e-06,-0.0050843663324536695,5693.486328607981
1998-11-04,False,-0.0033228332533787146,1.1910191699401745e-06,-0.0033240242725486547,5674.561041856264
1998-11-05,False,0.0004144656161077191,7.004539552711714e-07,0.0004137651621524479,5676.908977525893
1998-11-06,False,-0.004826248355957799,8.056173326748129e-07,-0.004827053973290474,5649.506231489918
1998-11-09,False,0.006194919612724858,6.269627473922679e-07,0.006194292649977466,5684.500926415638
1998-11-10,False,0.0019303419030170627,2.0983021341670905e-07,0.0019301320728036461,5695.472763971594
1998-11-11,False,0.0006837396861605489,5.958391631710747e-07,0.0006831438469973778,5699.363591146042
1998-11-12,False,0.0008921681442522581,6.897459879772888e-07,0.0008914783982642808,5704.444450671403
1998-11-13,False,0.005228487368138873,1.165048489569831e-06,0.005227322319649303,5734.263420469597
1998-11-16,False,0.0046464798264453724,2.950211928715238e-06,0.004643529614516658,5760.890642479987
1998-11-17,False,-0.00012632019048933502,7.044756879179687e-07,-0.00012702466617725298,5760.158867269242
1998-11-18,False,0.004278910630837005,8.123565988118476e-07,0.004278098274238194,5784.801392978644
1998-11-19,False,0.0019083877134794044,4.675076500799541e-07,0.0019079202058293243,5795.838332443018
1998-11-20,False,-0.0027710111472391157,7.649639213816451e-07,-0.0027717761111604976,5779.773566209004
1998-11-23,False,0.003398254047055877,1.589888148322935e-06,0.003396664158907554,5799.405515927948
1998-11-24,False,0.002868984889638184,6.26701368538471e-07,0.0028683581882696456,5816.040288226655
1998-11-25,False,8.032438592772738e-05,1.370725355919339e-07,8.018731339213545e-05,5816.506660871949
1998-11-27,False,-0.000756564998590619,3.158114321105965e-07,-0.0007568808100227296,5812.104258598966
1998-11-30,False,0.008302728670062568,2.184312818617459e-06,0.008300544357243951,5860.3478878063925
1998-12-01,False,0.0029867192870121685,1.2883372185249348e-06,0.0029854309497936433,5877.843551767208
1998-12-02,False,0.006852507790692908,1.1996944526347226e-06,0.006851308096240273,5918.114468881863
1998-12-03,False,0.0006548944272215289,9.568909329236569e-07,0.0006539375362886053,5921.984546077118
1998-12-04,False,-0.0021883226442585366,8.062768872971193e-08,-0.002188403271947266,5909.024855720061
1998-12-07,False,-0.00043602371047751315,1.9239535322655018e-06,-0.00043794766400977864,5906.437012087924
1998-12-08,False,0.005745556427522311,1.957825133963878e-06,0.005743598602388347,5940.361215455648
1998-12-09,False,0.0039621722166714385,8.37984392078453e-07,0.00396133423227936,5963.892971690536
1998-12-10,True,-0.0582589681660822,0.0005,-0.0587589681660822,5613.46077442105
1998-12-11,True,0.0401913436294186,0.0,0.0401913436294186,5839.073305356068
1998-12-14,True,-0.1093051571426791,0.0,-0.1093051571426791,5200.8324801465005
1998-12-15,True,0.0921602820871386,0.0,0.0921602820871386,5680.142668604754
1998-12-16,True,-0.0137176176716858,0.0,-0.0137176176716858,5602.224643156205
1998-12-17,True,0.0602122123838763,0.0,0.0602122123838763,5939.546983192112
1998-12-18,True,0.0803608064664026,0.0,0.0803608064664026,6416.853768806518
1998-12-21,True,0.0902363534609909,0.0,0.0902363534609909,6995.8872535960345
1998-12-22,True,-0.0328931811280882,0.0,-0.0328931811280882,6765.770267011817
1998-12-23,True,0.0865863363352459,0.0,0.0865863363352459,7351.593526918308
1998-12-24,True,-0.0215069337708699,0.0,-0.0215069337708699,7193.483291824521
1998-12-28,True,0.0296187136961333,0.0,0.0296187136961333,7406.54501392299
1998-12-29,True,-0.001317222034735,0.0,-0.001317222034735,7396.788949629393
1998-12-30,True,-0.0205013347309862,0.0,-0.0205013347309862,7245.1449034385805
1998-12-31,True,0.0412856776579385,0.0,0.0412856776579385,7544.265620507002
1999-01-04,True,0.0298372412696002,0.0,0.0298372412696002,7769.365694028019
1999-01-05,True,0.0784454708721963,0.0,0.0784454708721963,8378.837244274335
1999-01-06,True,0.095890493970027,0.0,0.095890493970027,9182.28808652226
1999-01-07,True,0.0034726480678419,0.0,0.0034726480678419,9214.174941504289
1999-01-08,True,0.0109578125001779,0.0,0.0109578125001779,9315.142142857132
1999-01-11,True,0.0401149158449647,0.0,0.0401149158449647,9688.81828600173
1999-01-12,True,-0.0918368165078238,0.0,-0.0918368165078238,8799.02805889254
1999-01-13,True,0.0147049930028463,0.0,0.0147049930028463,8928.417704930403
1999-01-14,False,0.00630661513062743,0.0005010804170371283,0.005805534713590302,8980.251943853811
1999-01-15,False,-0.003545121652582318,7.659601334307347e-07,-0.003545887612715749,8948.408979727034
1999-01-19,False,0.00520572144694612,1.5592626717107761e-06,0.005204162184274409,8994.977951348752
1999-01-20,False,-0.0008046837811874714,4.7616379147810694e-07,-0.0008051599449789495,8987.735555396355
1999-01-21,False,0.0027289471438653374,7.078927221552678e-07,0.002728239251143182,9012.256248317482
1999-01-22,False,0.0020022001399511596,7.692033968410838e-07,0.0020014309365543187,9030.293656781021
1999-01-25,False,0.004195816545931759,1.139250489623711e-06,0.004194677295442135,9068.172824554296
1999-01-26,False,0.0011576702974674987,1.034191031516349e-06,0.0011566361064359824,9078.661400662575
1999-01-27,False,-0.0063470232818405746,1.366321554264846e-06,-0.00634838960339484,9021.026521013868
1999-01-28,False,-0.0019289203589978859,4.944670610813051e-07,-0.0019294148260589673,9003.621218697952
1999-01-29,False,0.003724076481707594,9.371892491761707e-07,0.003723139292458418,9037.142954631698
1999-02-01,False,0.0022945186909614913,1.2755378440088976e-06,0.0022932431531174826,9057.86732083615
1999-02-02,False,0.0033774021864680977,1.0099829019143276e-06,0.003376392203566183,9088.450233439158
1999-02-03,False,-0.001722244252259737,8.635279146977093e-07,-0.0017231077801744346,9072.78985413219
1999-02-04,False,-0.0006154927525321653,5.019001472773426e-07,-0.0006159946526794426,9067.20106409716
1999-02-05,False,0.0034077462831394686,1.0187425466481742e-06,0.0034067275405928205,9098.090547678312
1999-02-08,False,-0.0007752290803573243,2.811960660763224e-07,-0.0007755102764234006,9091.034884962757
1999-02-09,False,0.0010900701722747156,1.2503952900960042e-06,0.0010888197769846196,9100.933383538762
1999-02-10,False,0.003152451511542019,6.745970757657677e-07,0.0031517769144662534,9129.617495277096
1999-02-11,False,0.0008037817285909136,7.904010686309582e-07,0.0008029913275222826,9136.948498949398
1999-02-12,False,-0.0005620100832652379,1.2719326782435343e-06,-0.0005632820159434814,9131.801820179337
1999-02-16,False,-0.0015841940462639388,1.9608323536682432e-06,-0.001586154878617607,9117.31736817169
1999-02-17,False,0.0028168946211081496,2.198981332798139e-07,0.00281667472297487,9142.99788554396
1999-02-18,False,-0.003144201772389071,5.610638024037551e-07,-0.0031447628361914747,9114.245325582126
1999-02-19,False,0.001801718015101137,6.048716246796621e-07,0.0018011131434764573,9130.6611126309
1999-02-22,False,0.0054656969915919465,8.659839621314308e-07,0.005464831007629815,9180.558632599365
1999-02-23,False,-0.0017195951574586511,3.305008539110088e-07,-0.0017199256583125622,9164.768754249513
1999-02-24,False,0.0004597140079438909,8.42318903187797e-07,0.0004588716890407031,9168.974207167445
1999-02-25,False,-0.004161184130984308,3.8511087558762427e-07,-0.004161569241859895,9130.81688612749
1999-02-26,False,0.007434304652537068,1.2202111365807456e-06,0.007433084441400487,9198.687019061043
1999-03-01,False,-0.0024022232212240536,5.29487448206925e-07,-0.0024027527086722604,9176.584848909764
1999-03-02,False,-0.0024608519879672727,2.0348655048282593e-06,-0.002462886853472101,9153.983958725614
1999-03-03,False,-0.007802622533180026,1.5298329535453348e-06,-0.007804152366133571,9082.544873154577
1999-03-04,False,-0.0034930644799805294,1.4662777226339685e-06,-0.0034945307577031633,9050.805640737119
1999-03-05,False,-0.0003139622933742414,8.412704116254055e-07,-0.0003148035637858668,9047.956414866281
1999-03-08,False,-0.0028852510700055657,2.2021452302141837e-06,-0.00288745321523578,9021.830864024862
1999-03-09,False,0.0018021797333126605,2.1531495929928146e-06,0.0018000265837196676,9038.07039941393
1999-03-10,False,-0.010193411423275277,2.4578183160869767e-06,-0.010195869241591365,8945.919415425207
1999-03-11,False,0.005037805955372773,8.35425613763166e-07,0.00503697052975901,8990.979747882304
1999-03-12,False,-0.0008324580477040271,7.148241944401335e-07,-0.0008331728718984672,8983.48870746458
1999-03-15,False,-0.002005171730354985,1.2664058464272598e-06,-0.0020064381362014123,8965.463893125789
1999-03-16,False,-0.010231855722922602,2.1740821172908655e-06,-0.010234029805039893,8873.71106842753
1999-03-17,False,-0.004700049204512939,2.423046905595666e-06,-0.0047024722514185345,8831.982688361144
1999-03-18,False,-0.00025206355520110093,5.461748329510658e-07,-0.000252609730034052,8829.75164359857
1999-03-19,False,-0.003963361040648407,8.611863523294988e-07,-0.003964222227000737,8794.748545874121
1999-03-22,False,-0.008934581886416054,2.8917395023082134e-06,-0.008937473625918362,8716.145712698788
1999-03-23,False,-0.000670924192797388,2.6642803650984984e-07,-0.0006711906208338979,8710.295517446602
1999-03-24,False,0.0016214242450747387,1.845877943900398e-07,0.0016212396572803487,8724.416993966119
1999-03-25,False,-0.007205869745440379,1.6559543000840838e-06,-0.007207525699740463,8661.535534266855
1999-03-26,False,-0.012328785632706335,2.08044699041611e-06,-0.012330866079696752,8554.731299549276
1999-03-29,False,-0.0021329170888985866,6.091464106391248e-07,-0.002133526235309226,8536.479555885666
1999-03-30,False,-0.00486872587376633,1.9212329777472393e-06,-0.004870647106744078,8494.901376435011
1999-03-31,False,0.0017255308358272773,3.7899204135100063e-07,0.0017251518437859262,8509.556371207349
1999-04-01,False,0.002085324666499864,6.552533545722133e-07,0.0020846694131452918,8527.295983093842
1999-04-05,False,0.000406489128629995,7.061881543813237e-07,0.00040578294047561366,8530.756214332167
1999-04-06,False,0.00046940617183944405,1.2980970968811262e-06,0.00046810807474256295,8534.749530199755
1999-04-07,False,0.004852876331063038,8.049066096093433e-07,0.0048520714244534285,8576.160744510105
1999-04-08,False,0.004906338410898648,3.131586553199867e-07,0.004906025252243328,8618.23560568997
1999-04-09,False,-0.0028347940873605037,5.541050926135827e-07,-0.0028353481924531174,8593.79990694324
1999-04-12,False,0.00562661292694791,9.325218814849462e-07,0.005625680405066426,8642.145878684794
1999-04-13,False,-0.0014544763328468862,3.874564906889699e-07,-0.0014548637893375752,8629.572733583722
1999-04-14,False,0.0015732636340675893,7.083416528258502e-07,0.0015725552924147634,8643.143213857196
1999-04-15,True,0.0457032330874485,0.0005,0.0452032330874485,9033.841231161385
1999-04-16,False,-0.0006270695493258845,0.000500425295873096,-0.0011274948451989804,9023.655621740903
1999-04-19,True,-0.1711212482510181,0.0005,-0.1716212482510181,7475.004580150413
1999-04-20,True,0.095408488781279,0.0,0.095408488781279,8188.183470775703
1999-04-21,False,-0.001394761188378235,0.0005004154999192872,-0.0018951766882975224,8172.665416342386
1999-04-22,False,-0.00041003054542764075,6.992445764696376e-07,-0.0004107297900041104,8169.308659192157
1999-04-23,False,0.0006637581446755947,2.8251945130054744e-07,0.0006634756252242942,8174.728796362466
1999-04-26,False,-0.0011876516545149148,8.646617800624201e-07,-0.0011885163162949771,8165.0129978067025
1999-04-27,False,0.00048112627788819603,3.49090869932997e-07,0.000480777187018263,8168.938549787756
1999-04-28,False,0.0017413152163906064,8.619938051956655e-07,0.0017404532225854107,8183.156205211835
1999-04-29,False,0.001368392639275396,3.882451106523022e-07,0.0013680043941647437,8194.350798858703
1999-04-30,False,0.003951274979523417,1.4531744652475364e-06,0.0039498218050581695,8226.71702432233
1999-05-03,False,-0.0016452910052910082,5.466842871919425e-07,-0.0016458376895782001,8213.177183382206
1999-05-04,False,-0.0060870646383652345,9.66371593292187e-07,-0.006088031009958527,8163.17510599949
1999-05-05,False,-0.0009206798414539893,8.690201157266903e-07,-0.000921548861569716,8155.652341273763
1999-05-06,False,0.0007239560930957584,1.0499546107968632e-06,0.0007229061384849615,8161.54811241462
1999-05-07,False,-0.004370256364192897,2.497496409140279e-06,-0.004372753860602037,8125.85967139757
1999-05-10,False,-0.007067277496066639,1.5009085462543566e-06,-0.007068778404612893,8068.419770033481
1999-05-11,False,0.001856100003028733,9.312168226674467e-07,0.0018551687862060654,8083.388050544855
1999-05-12,False,-0.0013554170955773234,9.11137905152723e-07,-0.0013563282334824762,8072.424323109706
1999-05-13,False,0.001034620325168909,7.699734240404488e-07,0.0010338503517448685,8080.770001835587
1999-05-14,False,-0.006098563554999779,7.946065510527484e-07,-0.006099358161550832,8031.482491373276
1999-05-17,False,-0.00024316939927688784,2.738630738137599e-07,-0.0002434432623507016,8029.5272810740635
1999-05-18,False,-0.0013039097760986277,4.19692710361394e-07,-0.0013043294688089891,8019.054132020752
1999-05-19,False,-0.002630545191782486,1.1122963280065373e-06,-0.0026316574881104925,7997.950728166657
1999-05-20,False,0.0029828755885636543,4.956674171884973e-07,0.002982379921146466,8021.803655828659
1999-05-21,False,0.0011922707455894407,6.26394457464749e-07,0.0011916443511319759,8031.362792841018
1999-05-24,False,0.000779769929356449,9.326444303589948e-07,0.00077883728492609,8037.617917632849
1999-05-25,False,-0.0024209095008727688,4.993907296165085e-07,-0.002421408891602385,8018.155558139791
1999-05-26,False,-0.002614109372323771,9.531766032794265e-07,-0.0026150625489270505,7997.187579828227
1999-05-27,False,-0.002156278681199412,4.2690392615239715e-07,-0.0021567055851255644,7979.9400007095155
1999-05-28,False,-0.0011877316767399421,1.039859429902354e-06,-0.0011887715361698446,7970.453675176329
1999-06-01,False,-0.007542369629103235,1.6983692226822666e-07,-0.007542539466025503,7910.336213769184
1999-06-02,False,-0.0009617387055344619,3.467103271521388e-07,-0.000962085415861614,7902.7257946633545
1999-06-03,False,-0.0025383283168117915,1.079593548423366e-06,-0.0025394079103602148,7882.6575502669775
1999-06-04,False,0.0004938418494037542,2.611516488546656e-07,0.0004935806977548995,7886.548277880801
1999-06-07,False,-0.00011836521298640649,2.2529913208201025e-07,-0.0001185905121184885,7885.61300808168
1999-06-08,False,-0.00478855897314536,1.24991288096879e-06,-0.004789808886026329,7847.842428823806
1999-06-09,False,-0.0024078712769435642,3.4547707715484877e-07,-0.002408216754020719,7828.943123203798
1999-06-10,False,-0.006768601592467578,2.5272613683157696e-06,-0.006771128853835894,7775.932340527233
1999-06-11,False,0.00020230964123722946,2.6365084930268512e-06,0.0001996731327442026,7777.484985297673
1999-06-14,False,0.0022400520321038692,2.1233621236453614e-07,0.0022398396958915046,7794.905304901944
1999-06-15,False,0.0014048048322438474,5.334498017667416e-07,0.0014042713824420805,7805.851467350463
1999-06-16,False,0.000126150759051659,8.568826385789291e-07,0.00012529387641308006,7806.829492739513
1999-06-17,False,-0.0018686523288441229,1.755705686978845e-06,-0.0018704080345311018,7792.227536132079
1999-06-18,False,-0.004071312255432592,1.4004830947484255e-06,-0.004072712738527341,7760.49203178417
1999-06-21,False,0.000408441924346458,7.04517905623217e-07,0.0004077374064408348,7763.656274677915
1999-06-22,False,0.0003178874432188128,9.10062795261693e-07,0.00031697738042355114,7766.11717810637
1999-06-23,False,0.0004076212334497339,7.079584191947291e-07,0.00040691327503053915,7769.277314281585
1999-06-24,False,0.0012312096314284194,5.260881957530467e-07,0.0012306835432326663,7778.838836015082
1999-06-25,False,-0.0011417928207186545,8.92386784036886e-07,-0.0011426852075026913,7769.950071945621
1999-06-28,False,0.0002120140023858999,4.472730575896394e-07,0.00021156672932831026,7771.593934869386
1999-06-29,False,0.003169731700456308,5.557745891604238e-07,0.0031691759258671475,7796.223483273389
1999-06-30,False,-4.726682829592095e-06,1.9638681091339453e-06,-6.690550938726041e-06,7796.171322243045
1999-07-01,False,0.00685880234544271,1.574401103114173e-06,0.006857227944339596,7849.631446092788
1999-07-02,False,0.004634599866702019,1.065959725415025e-06,0.004633533906976604,7886.002979555527
1999-07-06,False,-0.0011485896762728164,3.5855499383550676e-06,-0.0011521752262111714,7876.916922288657
1999-07-07,False,0.002235290664709042,1.2280398631731166e-06,0.0022340626248458693,7894.514447983757
1999-07-08,False,0.001616495553985301,2.09647203428448e-07,0.0016162859067818725,7907.274240426919
1999-07-09,False,0.0031709744336650106,9.916929613626308e-07,0.003169982740703648,7932.340163295084
1999-07-12,False,-0.0014162553569390234,1.0340895415782148e-06,-0.0014172894464806016,7921.097741295752
1999-07-13,False,-0.000689141792841073,7.67209552445608e-07,-0.0006899090023935186,7915.632904655193
1999-07-14,False,-0.0007266997380502626,5.115324746693545e-07,-0.000727211270524932,7909.876567193591
1999-07-15,False,-6.13484866357755e-05,1.265739703913249e-06,-6.261422633968874e-05,7909.381296391893
1999-07-16,False,0.006024676487523115,6.829128815791786e-07,0.006023993574641536,7957.027358500748
1999-07-19,False,-0.006775004668508514,1.3147399243741004e-06,-0.006776319408432888,7903.107999577908
1999-07-20,False,-0.005122059425382333,1.1136945052069997e-06,-0.00512317311988754,7862.619009110902
1999-07-21,False,-0.002149490520938732,1.680363505269858e-06,-0.0021511708844440015,7845.705172023026
1999-07-22,False,-0.0024394698792418,7.020460951904922e-07,-0.0024401719253369907,7826.560302527784
1999-07-23,False,0.002184806956958995,8.399042675054647e-07,0.00218396705269149,7843.653252364408
1999-07-26,False,-0.0014239445807627418,1.0237819054900038e-06,-0.0014249683626682318,7832.476294632049
1999-07-27,False,0.004337608602835581,2.443387204581898e-07,0.004337364264115123,7866.448597411914
1999-07-28,False,-0.0004257488284061788,3.47772868625737e-07,-0.00042609660127480457,7863.096730400454
1999-07-29,False,0.0005154799986637233,9.43600259828703e-07,0.0005145363984038946,7867.142579872415
1999-07-30,False,0.003909193696013071,4.599314453034853e-07,0.003908733764567768,7897.893145705032
1999-08-02,False,-0.0036486841243698986,8.934793364754751e-07,-0.003649577603706374,7869.069171764001
1999-08-03,False,0.0005533038351254351,4.136052602361912e-07,0.0005528902298651988,7873.419903227204
1999-08-04,False,-0.0019416836433632139,7.09430215151019e-07,-0.001942393073578365,7858.126626941801
1999-08-05,False,0.0027907405208387006,3.690271108754001e-07,0.0027903714937278254,7880.0537194757235
1999-08-06,True,-0.0271930905479045,0.0005,-0.0276930905479045,7661.830678299931
1999-08-09,True,-0.0334918824055901,0.0,-0.0334918824055901,7405.221546210767
1999-08-10,True,-0.0329052877826016,0.0,-0.0329052877826016,7161.550600138779
1999-08-11,True,0.1079757088077214,0.0,0.1079757088077214,7934.824102351126
1999-08-12,True,-0.0369667551772542,0.0,-0.0369667551772542,7641.499402384937
1999-08-13,True,0.1254273058934066,0.0,0.1254273058934066,8599.952085412155
1999-08-16,True,0.0076202014164013,0.0,0.0076202014164013,8665.485452474397
1999-08-17,True,0.0312958933070187,0.0,0.0312958933070187,8936.679560648558
1999-08-18,True,-0.0258495629905608,0.0,-0.0258495629905608,8705.670299419115
1999-08-19,True,-0.0501748910885194,0.0,-0.0501748910885194,8268.864240293204
1999-08-20,True,0.0475542586392555,0.0,0.0475542586392555,8662.083949028996
1999-08-23,True,0.0915326159536558,0.0,0.0915326159536558,9454.947152493794
1999-08-24,True,0.0236143179800231,0.0,0.0236143179800231,9678.219281037096
1999-08-25,True,0.069773032368835,0.0,0.069773032368835,10353.49798820558
1999-08-26,True,-0.0533863130067587,0.0,-0.0533863130067587,9800.762903892391
1999-08-27,True,-0.0184937449086852,0.0,-0.0184937449086852,9619.5100948373
1999-08-30,True,-0.0447791394240167,0.0,-0.0447791394240167,9188.756711109845
1999-08-31,True,0.0377993223813174,0.0,0.0377993223813174,9536.085488316578
1999-09-01,True,0.0098877718233271,0.0,0.0098877718233271,9630.376125712794
1999-09-02,True,-0.015603989236633,0.0,-0.015603989236633,9480.103840302445
1999-09-03,True,0.1428425117748642,0.0,0.1428425117748642,10834.265684737782
1999-09-07,True,-0.0180045565249548,0.0,-0.0180045565249548,10639.199535810541
1999-09-08,False,0.0026140376688682716,0.0005001921580800624,0.002113845510788209,10661.689159987696
1999-09-09,False,0.007033191204619603,2.1659015991528224e-06,0.00703102530302045,10736.651766244508
1999-09-10,False,0.0014148269319751606,8.211636988490062e-07,0.0014140057682763116,10751.833453773952
1999-09-13,False,0.003445327794312218,9.524970364343383e-07,0.003444375297275784,10788.866803322551
1999-09-14,False,-0.0013278932430762543,5.119710650371978e-07,-0.0013284052141412915,10774.534816406343
1999-09-15,False,0.004118406529243372,7.903439540919017e-07,0.00411761618528928,10818.900215355341
1999-09-16,False,-0.003908582498229226,9.770868487331552e-07,-0.003909559585077959,10776.603080318397
1999-09-17,False,-0.0002959490558811551,4.744896777024721e-07,-0.00029642354555885756,10773.408641424248
1999-09-20,True,0.0098447172281838,0.0005,0.009344717228183799,10874.08309876203
1999-09-21,True,-0.0846757597553804,0.0,-0.0846757597553804,9953.311850731212
1999-09-22,True,0.0485444267133659,0.0,0.0485444267133659,10436.48966842431
1999-09-23,True,-0.1325133556581476,0.0,-0.1325133556581476,9053.515401169816
1999-09-24,True,-0.0045627084033971,0.0,-0.0045627084033971,9012.206850368613
1999-09-27,False,0.010369654677048477,0.0005050682656455888,0.009864586411402889,9101.108543601513
1999-09-28,False,0.02072228547451738,8.463406865673013e-06,0.020713822067651707,9289.627286592058
1999-09-29,False,0.005737789090760718,2.0694875594574335e-06,0.00573571960320126,9342.909983926198
1999-09-30,False,-0.006087443306721704,3.3515101282136225e-06,-0.006090794816849918,9286.004236221805
1999-10-01,False,0.011204929855002793,2.83602908223804e-06,0.011202093825920556,9390.026926943858
1999-10-04,False,0.0010677331584539411,2.806625466002244e-06,0.0010649265329879388,9400.026615763829
1999-10-05,False,0.00974652785100613,5.117511716672505e-06,0.009741410339289457,9491.596132228227
1999-10-06,False,-0.009449745128372402,2.1602807424714184e-06,-0.009451905409114874,9401.882463404887
1999-10-07,False,0.004470520991000626,1.992726339682463e-06,0.004468528264660944,9443.895040933632
1999-10-08,False,-0.003472082111110331,1.192125472341668e-06,-0.003473274236582673,9411.093803594966
1999-10-11,False,-0.004436765816750395,2.108275865207801e-06,-0.004438874092615603,9369.319143127013
1999-10-12,False,0.006177002541378182,1.3446636142738777e-06,0.006175657877763908,9427.18085270255
1999-10-13,False,0.001307699652996928,7.028299230317225e-07,0.0013069968230738963,9439.502148127574
1999-10-14,False,-0.003368854181755301,4.0823291353198066e-07,-0.003369262414668833,9407.697988326703
1999-10-15,False,-0.004228217073692665,2.0323493012981836e-06,-0.004230249422993963,9367.901079339883
1999-10-18,False,-0.0068606086442109014,9.772568243277825e-07,-0.006861585901035229,9303.62242137159
1999-10-19,False,-0.0022481438816224584,8.326947084077996e-07,-0.002248976576330866,9282.6987924709
1999-10-20,False,-0.00150776307579217,1.0992450930933373e-06,-0.0015088623208852632,9268.692478026813
1999-10-21,False,-0.004194524585078299,1.5630645075310202e-06,-0.00419608764958583,9229.800231991956
1999-10-22,False,0.0017101243267040303,9.816338962101573e-07,0.00170914269280782,9245.57527761454
1999-10-25,False,-0.0010222317835583044,5.2782549168239876e-08,-0.0010222845661074726,9236.12366870345
1999-10-26,False,-0.007709293922239408,1.8222702699804416e-06,-0.007711116192509388,9164.902845925692
1999-10-27,False,-0.007724239396113467,1.9919654448454365e-06,-0.007726231361558312,9094.092686131866
1999-10-28,False,0.0003950792464872596,3.756029278530734e-06,0.0003913232172087289,9097.651415739398
1999-10-29,False,0.003834777571689313,2.320232021564131e-06,0.003832457339667749,9132.517776681387
1999-11-01,False,-0.0073070058924256664,3.1260961311185555e-06,-0.007310131988556785,9065.757866346004
1999-11-02,False,-0.0034389943291781772,9.65153435662336e-07,-0.0034399594826138398,9034.572026606585
1999-11-03,True,0.0520051273426305,0.0005,0.0515051273426305,9499.898809323126
1999-11-04,True,0.0338940785772646,0.0,0.0338940785772646,9821.889126042386
1999-11-05,True,0.0581470861041237,0.0,0.0581470861041237,10393.003358759528
1999-11-08,True,0.0330591681931536,0.0,0.0330591681931536,10736.58740482877
1999-11-09,True,-0.0246511024583253,0.0,-0.0246511024583253,10471.91868865957
1999-11-10,True,0.0367202275585736,0.0,0.0367202275585736,10856.44992588203
1999-11-11,True,0.0557552795998171,0.0,0.0557552795998171,11461.754326960996
1999-11-12,True,0.0409383792259323,0.0,0.0409383792259323,11930.979972192596
1999-11-15,True,-0.0137655061953122,0.0,-0.0137655061953122,11766.743993469232
1999-11-16,True,0.0669344033707155,0.0,0.0669344033707155,12554.343982288046
1999-11-17,True,-0.0293629059633992,0.0,-0.0293629059633992,12185.711960503955
1999-11-18,True,0.0943621925982891,0.0,0.0943621925982891,13335.582459468305
1999-11-19,True,0.0250985368896678,0.0,0.0250985368896678,13670.286067772478
1999-11-22,True,0.0203486966926614,0.0,0.0203486966926614,13948.458572667494
1999-11-23,True,-0.0492430122631097,0.0,-0.0492430122631097,13261.594456122151
1999-11-24,True,0.108523684780413,0.0,0.108523684780413,14700.791552564026
1999-11-26,True,0.0075926774159273,0.0,0.0075926774159273,14812.409920581435
1999-11-29,True,-0.0516191594689688,0.0,-0.0516191594689688,14047.805770771205
1999-11-30,True,-0.0947523332014056,0.0,-0.0947523332014056,12716.743397630464
1999-12-01,True,0.0306895468114885,0.0,0.0306895468114885,13107.014489421732
1999-12-02,True,0.1110680146018784,0.0,0.1110680146018784,14562.784566119853
1999-12-03,True,0.0614475232846821,0.0,0.0614475232846821,15457.631609836313
1999-12-06,True,0.017481082666797,0.0,0.017481082666797,15727.847745840754
1999-12-07,True,0.0129304941950565,0.0,0.0129304941950565,15931.216589819081
1999-12-08,True,-0.038598318294495,0.0,-0.038598318294495,15316.298421066705
1999-12-09,True,0.0030387265381953,0.0,0.0030387265381953,15362.840463545717
1999-12-10,True,0.0336441353361647,0.0,0.0336441353361647,15879.709947249157
1999-12-13,True,0.0363815285850688,0.0,0.0363815285850688,16457.438068617605
1999-12-14,True,-0.0696956777627147,0.0,-0.0696956777627147,15310.4257681874
1999-12-15,True,0.0678663556669388,0.0,0.0678663556669388,16349.48856878347
1999-12-16,True,0.0860255266133733,0.0,0.0860255266133733,17755.961932772396
1999-12-17,True,0.0245729418331151,0.0,0.0245729418331151,18192.27815253742
1999-12-20,True,0.0266840737299727,0.0,0.0266840737299727,18677.7222440759
1999-12-21,True,0.1223485731819843,0.0,0.1223485731819843,20962.914910927993
1999-12-22,True,0.0284691135016066,0.0,0.0284691135016066,21559.710514851722
1999-12-23,True,0.0233411038734452,0.0,0.0233411038734452,22062.937957460286
1999-12-27,True,0.0066460811276172,0.0,0.0066460811276172,22209.570033039152
1999-12-28,True,-0.0157017483273887,0.0,-0.0157017483273887,21860.84095392086
1999-12-29,True,0.0917316786215433,0.0,0.0917316786215433,23866.172590702598
1999-12-30,True,-0.0051083527091798,0.0,-0.0051083527091798,23744.25576329113
1999-12-31,True,0.0194504282106796,0.0,0.0194504282106796,24206.091705431038
2000-01-03,True,0.0666974437749585,0.0,0.0666974437749585,25820.57614596552
2000-01-04,True,-0.1936182506362419,0.0,-0.1936182506362419,20821.241362163797
2000-01-05,True,-0.033129631308714,0.0,-0.033129631308714,20131.441312445564
2000-01-06,True,-0.1426454643185911,0.0,-0.1426454643185911,17259.7825190293
2000-01-07,False,0.00031989620064768604,0.0005019960108504871,-0.00018209981020280103,17256.639515908442
2000-01-10,False,-0.0016772029119227658,2.3325837361057313e-07,-0.0016774361702963764,17227.69260460669
2000-01-11,False,0.002158779316101669,1.183240702708116e-06,0.002157596075398961,17264.86300655857
2000-01-12,False,0.0012726178982019143,5.921434446203855e-07,0.001272025754757294,17286.824356955272
2000-01-13,False,-0.001559736555639859,1.0950852852777e-06,-0.0015608316409251367,17259.84253452782
2000-01-14,False,0.006234051738177715,1.6921093464247888e-06,0.006232359628831291,17367.41208034
2000-01-18,False,0.005844397510661015,1.4630757846083863e-06,0.005842934434876406,17468.88873042891
2000-01-19,False,0.0007283095704614372,9.98990687265236e-07,0.0007273105797741719,17481.594038019448
2000-01-20,False,-0.001278607589596228,4.7178838620302865e-07,-0.001279079377982431,17459.233691591155
2000-01-21,False,0.0012164301049201942,6.098531387956907e-07,0.0012158202517813985,17480.460981493976
2000-01-24,False,-0.003243734319379732,1.5978940906706819e-06,-0.003245332213470403,17423.731078364424
2000-01-25,False,-0.00017823136494209382,4.913924907000711e-07,-0.0001787227574327939,17420.61706110133
2000-01-26,False,-0.0026707140520463926,7.748543961495352e-07,-0.002671488906442542,17374.07807587921
2000-01-27,False,-0.0002681166786813657,2.8309534903162017e-07,-0.00026839977403039734,17369.41487724966
2000-01-28,False,-0.0013994138486037773,1.331961657488681e-06,-0.001400745810261266,17345.084742133662
2000-01-31,False,-0.002466397069172094,1.6007265601717253e-06,-0.002467997795732266,17302.277111223288
2000-02-01,False,-0.000666540499013072,4.439164417348041e-07,-0.0006669844154548069,17290.73676203822
2000-02-02,False,0.00012042010208094106,1.5082917387151812e-06,0.00011891181034222588,17292.792834848748
2000-02-03,False,-0.0002092019233722609,8.640489122725137e-07,-0.0002100659722845334,17289.16020750838
2000-02-04,False,0.01294463814282963,2.831539337651998e-06,0.012941806603491977,17512.91317525074
2000-02-07,False,0.020354527689602313,7.268995997659706e-06,0.020347258693604653,17869.2529501062
2000-02-08,False,-0.020591270980609755,5.45058428496005e-06,-0.020596721564894716,17501.20492252019
2000-02-09,False,0.016079711508341563,4.1977542359579595e-06,0.016075513754105604,17782.545782965586
2000-02-10,False,0.0032154954857753684,1.3530666393665736e-06,0.0032141424191360016,17839.701417686843
2000-02-11,False,0.0025452599311794884,9.192192675670647e-07,0.0025443407119119213,17885.091696292217
2000-02-14,False,0.00010641083533311495,1.7055656573544133e-06,0.00010470526967576054,17886.964359641453
2000-02-15,False,-0.004567816838697943,1.464091649773472e-06,-0.004569280930347717,17805.233794491134
2000-02-16,False,0.00013745649158959476,1.0069521726222414e-06,0.0001364495394169725,17807.6633104416
2000-02-17,False,-0.0001540416869635552,1.262872391037187e-06,-0.0001553045593545924,17804.897699138037
2000-02-18,False,2.128007691895844e-05,6.626566455942007e-07,2.061742027336424e-05,17805.264790196823
2000-02-22,False,-0.005638205659418735,2.336807793020451e-06,-0.0056405424672117555,17704.83343800777
2000-02-23,False,0.0017056414883103467,1.5297838225257626e-06,0.001704111704487821,17735.004451895486
2000-02-24,False,-0.0016408934019712482,1.5252357824979413e-06,-0.0016424186377537462,17705.876150043045
2000-02-25,False,-0.0003150674105067361,2.6008419106948456e-06,-0.000317668252417431,17700.251555308943
2000-02-28,False,-0.0004998125530380921,1.3456413272669583e-06,-0.000501158194365359,17691.38092919967
2000-02-29,False,0.0041768349759671326,1.3410344585573774e-07,0.004176700872521277,17765.272535362765
2000-03-01,False,0.0019679750102272755,7.548259284976128e-07,0.001967220184298778,17800.220738073902
2000-03-02,False,-0.002599371329579627,1.279783743029561e-06,-0.0026006511133226566,17753.928574194037
2000-03-03,False,-0.0030613834669577043,6.774540956338282e-07,-0.003062060921053338,17699.564963311826
2000-03-06,False,0.0019846851032354128,6.545866677192397e-07,0.0019840305165676935,17734.68144032901
2000-03-07,False,0.003704815293568949,5.222625647347684e-07,0.003704293031004214,17800.3758971955
2000-03-08,False,-0.004903879461860532,2.4781727501422824e-06,-0.004906357634610675,17713.040887013358
2000-03-09,False,-0.003297335476210835,8.632906461721046e-07,-0.003298198766857007,17654.61975740252
2000-03-10,False,-0.0016673614565978908,1.3203964162129822e-07,-0.001667493496239512,17625.180793778472
2000-03-13,False,-0.0012656250520793185,8.150940948263158e-07,-0.0012664401461741448,17602.859557237654
2000-03-14,False,-0.004152067117193515,1.0257099998049745e-06,-0.00415309282719332,17529.7532474724
2000-03-15,False,-0.0006343748570443406,6.046544347298871e-07,-0.0006349795114790705,17518.62221331897
2000-03-16,False,-0.004116097843990593,1.0189810884650847e-06,-0.004117116825079058,17446.49599905231
2000-03-17,False,-0.005472900582401547,1.4120857739311765e-06,-0.005474312668175479,17350.988424989424
2000-03-20,False,-0.00017986581458920032,1.1435613851685233e-06,-0.00018100937597436884,17347.84773340208
2000-03-21,False,0.001455320511415668,6.731336229290064e-07,0.001454647377792739,17373.08273461782
2000-03-22,False,0.0033657779484853084,9.819542761127926e-07,0.0033647959942091957,17431.539613810324
2000-03-23,False,-0.007304447349165954,1.2263658160618918e-06,-0.007305673714982016,17304.190473042047
2000-03-24,False,0.0007976896258116199,8.630299656477158e-07,0.0007968265958459722,17317.978912230552
2000-03-27,False,-0.00026261347680369513,4.888973038213867e-07,-0.00026310237410751653,17313.422510864
2000-03-28,False,-0.003782524150259444,1.4305094906332806e-06,-0.0037839546597500774,17247.909305077792
2000-03-29,False,-0.0020242211249960774,3.3805448452832457e-07,-0.0020245591794806057,17212.989891967347
2000-03-30,False,-0.007404565711614908,2.069489574720071e-06,-0.007406635201189627,17085.499555115777
2000-03-31,False,0.004659121101421606,4.5250829688277264e-07,0.004658668593124723,17165.095235291043
2000-04-03,False,-0.0024102233060644403,1.5821093524900493e-06,-0.0024118054154169304,17123.696365646418
2000-04-04,False,-0.0037164773183842154,1.991321146811692e-06,-0.003718468639531027,17060.022437717907
2000-04-05,False,0.005686779519065425,1.7186892662144626e-06,0.00568506082979921,17157.009703034073
2000-04-06,False,-0.001453003394571035,9.171427027575424e-07,-0.0014539205372737926,17132.064774268627
2000-04-07,False,0.0008884686491541107,6.641546942349891e-07,0.0008878044944598757,17147.2746983746
2000-04-10,False,-0.0005065012438556215,1.901546261570783e-06,-0.0005084027901171923,17138.556976075037
2000-04-11,False,-0.001162818791214792,4.514399594943153e-07,-0.0011632702311742862,17118.620202939484
2000-04-12,False,0.0006454070014701522,2.2643041020340705e-06,0.0006431426973681181,17129.629918512022
2000-04-13,False,0.0009472470427430698,6.006388870476859e-07,0.0009466464038560222,17145.845621073768
2000-04-14,False,-5.089060266956028e-05,8.565618238358524e-07,-5.1747164493396136e-05,17144.958372180034
2000-04-17,False,0.0012044068593406489,1.3592950458328341e-06,0.001203047564294816,17165.58457258962
2000-04-18,False,-0.00025808324980042003,6.265088997529228e-07,-0.000258709758700173,17161.143668346904
2000-04-19,False,0.0046612824439085515,7.529432448865892e-07,0.004660529500663665,17241.12368467836
2000-04-20,False,-0.0015390753669712164,6.356701332339843e-07,-0.0015397110371044504,17214.577336248978
2000-04-24,False,0.00028470899470895843,9.752073585114763e-08,0.0002846114739731073,17219.476802478475
2000-04-25,False,-0.00235008797182936,5.836470849781422e-07,-0.002350671618914338,17178.999467066336
2000-04-26,False,-0.0055435458281755485,1.0523232071779215e-06,-0.005544598151382726,17083.748818378634
2000-04-27,False,8.257328395317332e-05,1.1311443837014045e-06,8.144213956947192e-05,17085.14015543427
2000-04-28,False,0.0014690920883029038,8.199519907346881e-07,0.001468272136312169,17110.225790669483
2000-05-01,False,-0.0015621507239997401,2.5811616771272137e-07,-0.001562408840167453,17083.492622636877
2000-05-02,False,0.0029415062151461314,1.0666115197278946e-06,0.0029404396036264036,17133.72560091274
2000-05-03,False,-0.003088693215879857,6.047637626950125e-07,-0.003089297979642552,17080.79441703009
2000-05-04,False,0.007465273074169575,1.7285119080946155e-06,0.00746354456226148,17208.27768732042
2000-05-05,False,-0.002085285959458675,7.929772268022716e-07,-0.0020860789366854773,17172.37986170027
2000-05-08,False,0.0015407091450023818,2.537638712661633e-06,0.00153817150628972,17198.793927098715
2000-05-09,False,-0.0001694855812344693,9.341187798182354e-07,-0.00017041970001428755,17195.862913797053
2000-05-10,False,0.0035677148501496313,1.862302858788717e-07,0.0035675286198637523,17257.20964688528
2000-05-11,False,0.005259001305780539,1.923384699722544e-06,0.005257077921080816,17347.93214269938
2000-05-12,False,-0.004384323581884407,6.707942046526444e-07,-0.00438499437608906,17271.86155781687
2000-05-15,False,0.0023387260520158723,1.408584697601939e-06,0.0023373174673182702,17312.231381529054
2000-05-16,False,0.003812481871493669,3.632016550255829e-07,0.003812118669838643,17378.227661995148
2000-05-17,False,0.001322844814533192,2.3580731660511335e-06,0.001320486741367141,17401.175381211273
2000-05-18,False,0.0024404497471439512,1.8271326833143586e-06,0.002438622614460637,17443.61028101409
2000-05-19,False,-0.0006540385719413433,9.316028755574635e-07,-0.0006549701748169007,17432.1852365389
2000-05-22,False,-0.0013798644600507004,1.6456266650745205e-06,-0.0013815100867157748,17408.102496801122
2000-05-23,False,0.0013000572701405567,5.709148995773905e-07,0.0012994863552409793,17430.72408846635
2000-05-24,False,0.0052494983675332825,2.120618090871593e-06,0.005247377749442411,17522.18968220484
2000-05-25,False,0.002370478775104167,6.094060611199076e-07,0.002369869369043047,17563.71498281126
2000-05-26,False,-0.006524385387305802,1.5948262463421487e-06,-0.006525980213552144,17449.094526356967
2000-05-30,False,0.0029900009036114977,8.263685695749229e-07,0.002989174535041923,17501.252915374687
2000-05-31,False,-0.00046796311593643586,1.6765824787763617e-06,-0.0004696396984152122,17493.033632233626
2000-06-01,False,0.003789854691519793,2.9646938309915716e-07,0.0037895582221366938,17559.32450166477
2000-06-02,False,0.008666159375430867,3.895494373588215e-06,0.008662263881057279,17711.428004071306
2000-06-05,False,0.001404674418319294,8.312780613592418e-07,0.0014038431402579347,17736.29207077899
2000-06-06,False,0.003199012085219476,2.4864864465472396e-06,0.0031965255987729288,17792.98658241055
2000-06-07,False,-0.006135161261915702,1.4740975803431145e-06,-0.006136635359496045,17683.797511797893
2000-06-08,False,0.004410616315515909,7.318747007565713e-07,0.004409884440815153,17761.781015299694
2000-06-09,False,0.0012799308419780022,1.2151229197019108e-06,0.0012787157190583002,17784.49328388243
2000-06-12,False,0.002992169531272699,5.54645484800942e-07,0.002991614885787898,17837.697638726684
2000-06-13,False,0.008926098636534246,2.5278027950953465e-06,0.008923570833739151,17996.873597116686
2000-06-14,False,-0.0034678394693225443,1.918421061697012e-06,-0.003469757890384241,17934.42880295084
2000-06-15,False,0.00023332229553206722,2.2716737937425458e-07,0.00023309512815269297,17938.609230931008
2000-06-16,False,-0.00037725588844397573,2.339673340804191e-06,-0.0003795955617847799,17931.799814482354
2000-06-19,False,-0.005741903099445607,1.4670078164113892e-06,-0.005743370107262018,17828.81085145845
2000-06-20,False,0.0014237257424924831,4.6371883447601794e-07,0.0014232620236580072,17854.185920870314
2000-06-21,False,0.0018482237590885184,1.352795770866999e-06,0.0018468709633176514,17887.160298421248
2000-06-22,False,0.0046632674577976605,9.357913225102182e-07,0.00466233166647515,17970.556172303895
2000-06-23,False,-0.001507598155713211,1.0628687382350789e-06,-0.001508661024451446,17943.444694619026
2000-06-26,False,-0.000204399238725928,9.892921497568762e-07,-0.00020538853087568486,17939.759316874348
2000-06-27,False,-0.0004886619279525445,8.148347252953659e-08,-0.0004887434114250741,17930.99137770567
2000-06-28,False,0.004291015470317764,1.7412003059893155e-06,0.004289274270011775,18007.90231765787
2000-06-29,False,0.006863669187628682,6.217873924285745e-07,0.006863047400236254,18131.49140484278
2000-06-30,False,0.0010426482533639565,1.0955969018108664e-06,0.0010415526564621456,18150.376307881117
2000-07-03,False,0.0012345385349229827,4.969850136995191e-07,0.0012340415499092832,18172.774626391532
2000-07-05,False,-0.003218607192174075,7.710471659247293e-07,-0.00321937823934,18114.269591210894
2000-07-06,False,-0.00422756296191048,4.328599739353706e-07,-0.004227995821884416,18037.682535062766
2000-07-07,False,-0.0004928511485969341,1.120287943263451e-06,-0.0004939714365401976,18028.77243510907
2000-07-10,False,-0.0014422874501209494,1.0544729447412027e-06,-0.0014433419230656906,18002.750752032065
2000-07-11,False,-3.885214030549389e-05,1.0465160161046843e-06,-3.9898656321598574e-05,18002.032466466964
2000-07-12,False,-0.0020269428839858046,1.3763817723220078e-06,-0.0020283192657581267,17965.51859719243
2000-07-13,False,0.006371392525726907,9.652843734035964e-07,0.006370427241353504,18079.966626269023
2000-07-14,False,-0.004284802015840072,3.8670204697482947e-07,-0.004285188717887047,18002.490557262357
2000-07-17,False,0.0007468207595556978,1.1803377373364454e-06,0.0007456404218183614,18015.91394191526
2000-07-18,False,0.0037587483386580926,1.0745031566022079e-06,0.0037576738355014905,18083.611870357436
2000-07-19,False,-0.005536029106434376,1.179011282561593e-06,-0.005537208117716937,17983.47914791125
2000-07-20,False,0.0010457242922014094,1.2919957360691681e-06,0.0010444322964653402,18002.26167433614
2000-07-21,False,-0.0036816190362548118,1.1991449555196626e-06,-0.0036828181812103315,17935.96261773899
2000-07-24,False,-0.00205455784762641,6.2886573308929e-07,-0.002055186713359499,17899.100865675704
2000-07-25,False,0.0003386679313599423,1.0528718451084662e-07,0.00033856264417543146,17905.16083259315
2000-07-26,False,0.0005805220824276519,3.7469546726912053e-07,0.0005801473869603828,17915.54846486328
2000-07-27,False,0.003488620166761948,7.326739510849084e-07,0.003487887492810863,17978.035882280725
2000-07-28,False,-0.0013031154899543391,8.287480002444059e-07,-0.0013039442379545836,17954.593525982287
2000-07-31,False,-0.002004797216133151,1.052204533748491e-06,-0.0020058494206668994,17918.579314959887
2000-08-01,False,0.006590127411211,1.1937782804956332e-06,0.006588933632930504,18036.643644862557
2000-08-02,False,0.0041644821212282945,1.2241550081502627e-06,0.004163257966220144,18111.734845200903
2000-08-03,False,0.0011015593536733194,1.4454334011928665e-06,0.0011001139202721265,18131.659816824387
2000-08-04,False,0.0023423222087942852,1.3275970436634061e-06,0.002340994611750622,18174.10593475767
2000-08-07,False,-0.004298020273465978,4.94120360415587e-07,-0.004298514393826393,18095.98427880219
2000-08-08,False,0.003237061897092519,8.178422777427864e-07,0.003236244054814776,18154.547300340484
2000-08-09,False,0.002540099481644598,1.3565376790704575e-06,0.0025387429439655274,18200.637029200116
2000-08-10,False,0.0034756141738625846,7.149128763633828e-07,0.0034748992609862214,18263.882409362363
2000-08-11,False,-0.0002446326963728141,4.401489854360535e-07,-0.0002450728453582502,18259.40642773301
2000-08-14,False,0.004462769560906673,9.301056730162683e-07,0.004461839455233657,18340.87696776142
2000-08-15,False,-0.0043899174970112404,7.28210534665763e-07,-0.004390645707545906,18260.34867503029
2000-08-16,False,0.0014527639467395291,8.77189396276512e-07,0.0014518867573432527,18286.860633456035
2000-08-17,False,0.002413295941137422,4.0124766083828035e-07,0.002412894693476584,18330.984902438846
2000-08-18,False,0.002801765979736861,1.5719680501064954e-06,0.0028001940116867546,18382.315216590978
2000-08-21,False,0.0023552458512835542,1.3891871475202185e-06,0.002353856664136034,18425.5845517658
2000-08-22,False,-0.0018006200687897143,4.615905208234794e-07,-0.0018010816593105378,18392.39856936754
2000-08-23,False,0.0036990544901663136,1.062892554163905e-06,0.0036979915976121497,18460.413504736993
2000-08-24,False,-0.0017560342684417368,4.5368304778288514e-07,-0.0017564879514895197,18427.98801083641
2000-08-25,False,0.003528621116662141,5.860356217735896e-07,0.0035280350810403672,18493.00259901163
2000-08-28,False,0.0005707069128353622,5.129227859477364e-07,0.0005701939900494145,18503.54719795155
2000-08-29,False,-0.0008703500234074784,3.5588686871973476e-07,-0.0008707059102761981,18487.43605004522
2000-08-30,False,0.0026047968625018962,1.4537471402598507e-06,0.002603343115361636,18535.565189406796
2000-08-31,False,0.0072867350676820266,1.3678222198115487e-06,0.007285367245462215,18670.603588913833
2000-09-01,False,0.0016864844617891846,3.5920120266161315e-07,0.001686125260586523,18702.084565255493
2000-09-05,False,-0.000385325005252852,1.1422151258002888e-06,-0.00038646722037865227,18694.856822618272
2000-09-06,False,0.004125734737731636,2.203287364494502e-06,0.004123531450367142,18771.945652686452
2000-09-07,False,-0.0012343578534804208,7.933722808857042e-07,-0.0012351512257613064,18748.75946100361
2000-09-08,False,-0.002037234758713379,8.688976887877981e-07,-0.002038103656402167,18710.547545793135
2000-09-11,False,0.0022869895677870306,1.0447790066799161e-06,0.0022859447887803508,18753.31882445067
2000-09-12,False,0.0021463376459248213,9.218007197214912e-07,0.0021454158452051,18793.55249180683
2000-09-13,False,-0.0015739992995967775,1.046629789841755e-06,-0.0015750459293866193,18763.951783455894
2000-09-14,False,0.001559239240778564,5.786724470788623e-07,0.001558660568331485,18793.19841520684
2000-09-15,False,0.0006468620985828792,6.834142421319884e-07,0.0006461786843407472,18805.342179433334
2000-09-18,False,0.0006238183745006959,1.3785346264390263e-07,0.000623680521038052,18817.0707050421
2000-09-19,False,-0.0008594201213248336,5.619563303525532e-07,-0.0008599820776551861,18800.888361481797
2000-09-20,False,-0.0024385197822878028,2.141021285612804e-07,-0.002438733884416364,18755.03799797752
2000-09-21,False,-0.005730688264823616,1.12228518036174e-06,-0.005731810550003978,18647.53767331499
2000-09-22,False,0.0008410847327019917,2.787835982501499e-06,0.0008382968967194902,18663.169846277993
2000-09-25,False,-0.0025503801817617685,4.2615020867360634e-07,-0.002550806331970442,18615.563714459466
2000-09-26,False,0.0007786470748511708,1.2787787951070023e-06,0.0007773682960560637,18630.0348635043
2000-09-27,False,0.0004346348513330015,7.129017651582858e-07,0.0004339219495678432,18638.118844552788
2000-09-28,False,-0.0029435274326601473,1.1327463645549457e-06,-0.002944660179024702,18583.235918179304
2000-09-29,True,-0.1247149215580374,0.0005,-0.1252149215580374,16256.337490389982
2000-10-02,False,0.0020618943030173936,0.0005011822466152696,0.001560712056402124,16281.708952304176
2000-10-03,False,-0.0004947082528340982,7.678312279175981e-07,-0.0004954760840620158,16273.64175491065
2000-10-04,False,-0.0013674442920702586,2.344413443810811e-07,-0.0013676787334146398,16251.38464116725
2000-10-05,False,-0.0002785813545879328,5.398586513719467e-07,-0.00027912121323930475,16246.848534969387
2000-10-06,False,0.0019483961951794722,5.774754831026629e-07,0.0019478187196963696,16278.494450681872
2000-10-09,False,0.004311375661375658,1.4335899781638267e-06,0.0043099420713974945,16348.653818773875
2000-10-10,False,0.0026919831471683337,5.897485489836929e-07,0.00269139339861935,16392.654477738037
2000-10-11,False,0.0070397989855157965,8.477531121955373e-07,0.007038951232403601,16508.041573176477
2000-10-12,False,0.008479310386378053,1.5734399168411128e-06,0.008477736946461213,16647.992407135112
2000-10-13,False,-0.00018768528173637635,4.2764202269229836e-07,-0.00018811292375906866,16644.86070460869
2000-10-16,False,-0.003699423589088689,4.592583811478812e-07,-0.003699882847469837,16583.276669989184
2000-10-17,False,-0.0006333311932100102,9.02184156520533e-07,-0.0006342333773665307,16572.75900241897
2000-10-18,False,0.004579836620021609,7.598262233742825e-07,0.004579076793798235,16648.646938576156
2000-10-19,False,-0.004738591269841252,7.935254041929186e-07,-0.004739384795245445,16569.74259441406
2000-10-20,False,0.0023798319573481294,5.437340115316963e-07,0.0023792882233365977,16609.166787832666
2000-10-23,False,0.006706647669236866,9.823040877068867e-07,0.00670566536514916,16720.542302305825
2000-10-24,False,-0.004217466078466317,3.892696278649105e-07,-0.004217855348094182,16650.017473533007
2000-10-25,False,-0.005254176509024641,1.2305938276827023e-06,-0.005255407102852324,16562.51485343999
2000-10-26,False,-0.0008383665310202438,1.398449965346743e-07,-0.0008385063760167785,16548.627079132508
2000-10-27,False,-0.007845745318871658,9.984985017909427e-07,-0.007846743817373448,16418.774241913303
2000-10-30,False,0.0025417609540657232,4.225527974759669e-07,0.002541338401268247,16460.499903396034
2000-10-31,False,-0.0003752021600030182,6.051838613670979e-07,-0.0003758073438643853,16454.313926648658
2000-11-01,False,0.0021612199115859172,2.666845356752157e-07,0.002160953227050242,16489.87092942735
2000-11-02,False,-0.00248468169272311,4.1859312187944586e-07,-0.0024851002858449897,16448.891946467083
2000-11-03,False,-0.003490138244586754,4.547760301760184e-07,-0.0034905930206169298,16391.47555904186
2000-11-06,False,0.0018277413639014167,7.812529934155405e-07,0.0018269601109080012,16421.422131047155
2000-11-07,False,0.00190713676362527,7.623566210567811e-07,0.0019063744070042133,16452.727509924396
2000-11-08,False,0.0008633423734933093,1.0244824158689437e-06,0.0008623178910774404,16466.914991213227
2000-11-09,False,0.00385083681034949,6.174827064725913e-07,0.0038502193276430175,16530.31622557905
2000-11-10,False,0.004518550367132159,1.2180710235406705e-06,0.004517332296108618,16604.989156929743
2000-11-13,False,0.0027762822166583004,7.668240439338003e-07,0.0027755153926143665,16651.076559928995
2000-11-14,False,0.004965669949476103,1.4286275820341865e-06,0.004964241321894068,16733.736522241816
2000-11-15,False,0.0058460837053906966,1.8432104863119054e-06,0.0058442404949043845,16831.532502856164
2000-11-16,False,0.003964833012193149,6.56675712477739e-07,0.003964176336480671,16898.25566571069
2000-11-17,False,0.0001291419327416549,1.1099996637077976e-06,0.0001280319330779471,16900.419182049212
2000-11-20,False,0.004555989652342342,7.937188829254677e-07,0.004555195933459417,16977.403902781043
2000-11-21,False,0.002528042328042325,8.431946469014545e-07,0.0025271991333954236,17020.309183211455
2000-11-22,False,0.0027243843293643156,4.554686857894674e-07,0.0027239288606785263,17066.67129461328
2000-11-24,False,0.0003743625673267731,6.606922336713922e-07,0.0003737018750931017,17073.049141677675
2000-11-27,False,-0.00035834287228567245,1.749236347662858e-06,-0.0003600921086333353,17066.90127141145
2000-11-28,False,0.0004965604845190343,1.4237197844338551e-06,0.0004951367647346005,17075.351721691022
2000-11-29,False,0.0029221338636627853,1.1828545633475045e-06,0.002920951009099438,17125.22798753322
2000-11-30,False,0.002280419134435919,1.27654083265015e-06,0.002279142593603269,17164.25882406478
2000-12-01,False,-0.004800363396163018,1.1956791282938528e-06,-0.004801559075291313,17081.84362133744
2000-12-04,False,0.0019692115536800066,5.966404826456967e-07,0.001968614913197361,17115.47119343531
2000-12-05,False,0.0020486020328599184,2.8502781001119026e-07,0.002048317005049907,17150.529104130263
2000-12-06,False,0.004640805975953796,2.8244193099094537e-07,0.004640523534022805,17230.116538058923
2000-12-07,False,0.004221056386273623,7.022477672021799e-07,0.004220354138506421,17302.833731697265
2000-12-08,False,-0.0032420462266486445,2.3077228096494984e-07,-0.0032422769989296093,17246.73315187268
2000-12-11,False,0.003526182277674924,2.697790054242713e-06,0.003523484487620681,17307.501748595434
2000-12-12,False,-0.002020389876921117,7.030220658448966e-07,-0.0020210928989869616,17272.521679712143
2000-12-13,False,-0.0009959169361928252,7.893582153205847e-07,-0.0009967062944081458,17255.30604863367
2000-12-14,False,-0.0034891960720987987,1.7562619302119998e-06,-0.0034909523340290105,17195.068597708807
2000-12-15,False,0.00605615878601816,1.2099790437800906e-06,0.00605494880697438,17299.183857800348
2000-12-18,False,0.0030232698015244283,7.920604207282827e-07,0.0030224777411037,17351.47025594981
2000-12-19,False,-0.0019395173896328847,8.047990957234242e-08,-0.001939597869542457,17317.81538120794
2000-12-20,False,0.0033109012962505673,1.606497926640693e-06,0.0033092947983239264,17375.125137567306
2000-12-21,False,0.0011967950393837314,3.0243721786854527e-07,0.001196492602165863,17395.91434625611
2000-12-22,False,0.00010121547038407918,7.884561077748514e-07,0.00010042701427630433,17397.661365994514
2000-12-26,False,0.0010452943130089944,5.035912134669917e-07,0.0010447907217955273,17415.838281170647
2000-12-27,False,0.0020802243573547156,9.561685879519027e-07,0.0020792681887667635,17452.05047968939
2000-12-28,False,-0.0023996694676630694,1.2702657718835497e-07,-0.0023997964942402577,17410.169110130926
2000-12-29,False,0.0030008193668356596,1.5910854345517617e-06,0.0029992282814011078,17462.386181710004
2001-01-02,False,-0.0033602650935124177,2.6607337695854495e-06,-0.003362925827282003,17403.66147221356
2001-01-03,False,-0.003971480915800228,1.0135400576174458e-06,-0.003972494455857845,17334.525523503566
2001-01-04,False,0.003013949780536162,7.234483259011549e-07,0.0030132263322102605,17386.758372267355
2001-01-05,False,0.0034692695842235208,4.864326681713049e-07,0.0034687831515553495,17447.069266769242
2001-01-08,False,-0.004592297612631602,1.8235559538909984e-06,-0.004594121168585493,17366.915316520997
2001-01-09,False,-0.0021941616523680958,3.906738377198599e-07,-0.0021945523262058156,17328.80271211411
2001-01-10,False,-0.0006396215314486372,6.52645787468778e-07,-0.000640274177236106,17317.707527215123
2001-01-11,False,-0.0021220462260072488,4.0050886064833815e-07,-0.002122446734867897,17280.951615418588
2001-01-12,False,-0.002960279908062442,5.777538498532714e-07,-0.0029608576619122953,17229.78517742294
2001-01-16,False,0.001683329143284693,6.012889137080452e-07,0.001682727854370985,17258.778216865816
2001-01-17,False,-0.0030431835960959626,1.6310998034829021e-06,-0.0030448146958994456,17206.228435317837
2001-01-18,False,0.0023480664085934757,5.257664376656091e-07,0.0023475406421558103,17246.620755867963
2001-01-19,False,0.002261894605326316,1.1356021658203153e-06,0.0022607590031604955,17285.611209015882
2001-01-22,False,-0.004485442914713657,4.439098488009663e-07,-0.004485886824562458,17208.069913438852
2001-01-23,False,-0.0050425968171860765,7.485433173132217e-08,-0.005042671671517808,17121.295266764853
2001-01-24,False,-0.0013686243386243416,4.5418421780397954e-07,-0.0013690785228421456,17097.854869131887
2001-01-25,False,0.001666957480151071,2.800049929199272e-07,0.001666677475158151,17126.35147871579
2001-01-26,False,0.0013062888183873994,7.263363918283972e-07,0.001305562481995571,17148.71100065987
2001-01-29,False,0.0007313857678829158,2.9168361927344595e-06,0.0007284689316901813,17161.203303842383
2001-01-30,False,-0.00230157421622028,1.0009838032615653e-06,-0.002302575200023542,17121.688342712398
2001-01-31,False,0.002381304162639888,1.354853904283429e-06,0.0023799493087356045,17162.437093048018
2001-02-01,False,0.005986901946389511,1.3805842530500157e-06,0.005985521362136461,17265.16322689478
2001-02-02,False,0.00045124914233784776,1.6923614662835151e-06,0.00044955678087156423,17272.924898096284
2001-02-05,False,-0.005697897670024266,9.550916260212816e-07,-0.005698852761650287,17174.48904233899
2001-02-06,False,-0.004803403139602556,1.1407208590900609e-06,-0.004804543860461646,17091.973456454052
2001-02-07,False,0.006804133251917042,2.103333099332791e-06,0.00680202991881771,17208.23357127649
2001-02-08,False,0.0021047089947089917,7.027361125315629e-07,0.00210400625859646,17244.43980240985
2001-02-09,False,0.0036024169881461224,1.76433909511442e-07,0.003602240554236611,17306.558422801183
2001-02-12,False,-0.005298565541913405,7.512347145919584e-07,-0.005299316776627996,17214.84548740554
2001-02-13,False,-0.0027596093986774154,2.524787952695312e-07,-0.002759861877472685,17167.334891618266
2001-02-14,False,-0.005532693855712557,1.238067539382673e-06,-0.00553393192325194,17072.332029024383
2001-02-15,False,-0.0031343772504214564,5.844356333499224e-07,-0.003134961686054806,17018.810922221786
2001-02-16,False,0.00637420846892546,2.2826067608483493e-07,0.006373980208249376,17127.288486207966
2001-02-20,False,-0.0002630191091368113,6.837451883948826e-07,-0.0002637028543252062,17122.7719713473
2001-02-21,False,-0.00011769170785274155,1.3326741777540395e-07,-0.00011782497527051695,17120.754481163214
2001-02-22,False,2.4708994708991765e-05,1.0881565342624188e-08,2.469811314364914e-05,17121.177331494495
2001-02-23,False,0.0065086980763155505,6.679706810481107e-07,0.006508030105634503,17232.60246901177
2001-02-26,False,0.004907248716563655,1.1683952944145925e-06,0.0049060803212692405,17317.147000869245
2001-02-27,False,-0.0015513191115844119,1.7804871178391802e-06,-0.001553099598702251,17290.25174681153
2001-02-28,False,0.0024286970576758867,9.3327787264752e-07,0.0024277637798032392,17332.228393746114
2001-03-01,False,0.0022157283742599405,4.380746165986299e-07,0.002215290299643342,17370.62431117798
2001-03-02,False,-0.0010434384285418245,5.807733080563093e-07,-0.0010440192018498808,17352.48904584899
2001-03-05,False,0.0035618899640987244,9.894938710281049e-07,0.0035609004702276963,17414.279532251974
2001-03-06,False,0.007983161992688689,2.5342642912078024e-06,0.007980627728397482,17553.256414357133
2001-03-07,False,0.0065589580492185,1.5715327080253332e-06,0.006557386516510475,17668.35990128949
2001-03-08,False,-0.000662645036015917,3.6980420958776517e-07,-0.0006630148402255048,17656.645516472487
2001-03-09,False,0.0008093239183575036,1.529105311229434e-06,0.0008077948130462741,17670.908463136493
2001-03-12,False,-0.011434629386922952,4.540124435936433e-06,-0.011439169511358888,17468.767945806965
2001-03-13,False,-0.001458434679063048,6.190770789841759e-07,-0.001459053756142032,17443.28007432046
2001-03-14,False,0.004613044290209502,7.792313230262915e-07,0.0046122650588864755,17523.733105519623
2001-03-15,False,0.0058762641153261574,1.5001407574778968e-06,0.00587476397456868,17626.680901467884
2001-03-16,False,0.004424701823172944,1.2669438473864592e-06,0.004423434879325558,17704.65137657418
2001-03-19,False,-0.0020755235561631864,7.285846852180533e-07,-0.0020762521408484043,17667.892056250595
2001-03-20,False,0.0024685175734523155,7.096677682182223e-07,0.0024678079056840974,17711.493019943784
2001-03-21,False,0.005415831185182549,1.4992418284873744e-06,0.005414331943354062,17807.38892236616
2001-03-22,False,0.005531842523637372,1.3886776334096628e-06,0.005530453846003962,17905.87186491915
2001-03-23,False,-0.0036733211651372444,2.1189148461894792e-07,-0.0036735330566218635,17840.094052715736
2001-03-26,False,-0.005235703472903472,4.3536353971346255e-07,-0.005236138836443185,17746.68084340051
2001-03-27,False,-0.005554450278849973,1.0817502410698093e-06,-0.005555532029091043,17648.08858956494
2001-03-28,False,-0.0001714641865776115,2.0645803572953704e-07,-0.00017167064461334105,17645.058930820578
2001-03-29,False,0.0015546125388331015,3.6865812298729486e-07,0.0015542438807101143,17672.48365568858
2001-03-30,False,0.004460392268861762,1.8694945804942908e-06,0.004458522774281268,17751.276826545578
2001-04-02,False,0.0009867429098761045,1.2316728022516433e-06,0.0009855112370738528,17768.770909330546
2001-04-03,False,0.0005177833607622348,5.79330592385921e-07,0.0005172040301698489,17777.96098925601
2001-04-04,False,1.9129262860316954e-05,2.990162036393823e-07,1.8830246656677573e-05,17778.295752646492
2001-04-05,False,-0.0001970052125264235,4.197722655210068e-07,-0.00019742498479194452,17774.7858728779
2001-04-06,False,0.0025139161714129786,4.872617478587776e-07,0.00251342890966512,17819.4615335539
2001-04-09,False,0.0008013508536773715,4.340956238644556e-07,0.000800916758053507,17833.733438915613
2001-04-10,False,-0.0026232750109819337,7.704673153369202e-07,-0.0026240454782972705,17786.936911324065
2001-04-11,False,-0.004175602576274777,1.0902855029090304e-06,-0.004176692861777686,17712.64633889365
2001-04-12,False,-0.005200908881083297,1.281513555049116e-06,-0.005202190394638346,17620.50178024583
2001-04-16,False,-0.001928229241635177,9.001666388682994e-07,-0.0019291294082740453,17586.509552073014
2001-04-17,False,0.008694318010432871,1.492526528049626e-06,0.008692825483904822,17739.386010480215
2001-04-18,False,-0.00017871826162989472,9.753879426992046e-07,-0.00017969364957259393,17736.198355466815
2001-04-19,False,-0.008671800197954221,1.991973967251162e-06,-0.008673792171921471,17582.35825701152
2001-04-20,False,-0.0027104825117722255,3.414012912529574e-07,-0.0027108239130634783,17534.695579800366
2001-04-23,False,0.008539094899396077,1.49901726607643e-06,0.008537595882130001,17684.399724576873
2001-04-24,False,0.00023760903843288769,6.533488813435795e-07,0.0002369556895515441,17688.590143707916
2001-04-25,False,-0.0026009177261589506,4.319642886230074e-07,-0.0026013496904475734,17642.575935213128
2001-04-26,False,0.0010792480881962156,4.319287071461453e-07,0.0010788161594890695,17661.609031227046
2001-04-27,False,-0.003366724681679209,8.640297304992328e-07,-0.003367588711409708,17602.131996028154
2001-04-30,False,0.00279316191347107,1.7672574161391037e-06,0.002791394656054931,17651.266493217045
2001-05-01,False,-0.0016705541141441157,9.882251979794754e-07,-0.0016715423393420953,17621.761653930622
2001-05-02,False,-0.00294843465530106,1.1369464363907843e-06,-0.002949571601737451,17569.785006183603
2001-05-03,False,0.004953267203376128,8.834130187047457e-07,0.004952383790357424,17656.79732464829
2001-05-04,False,0.0002978788432814105,2.5519576631964636e-07,0.0002976236475150908,17662.05240507149
2001-05-07,False,-0.00037641638102940965,8.95269904567092e-08,-0.00037650590801986634,17655.40253799322
2001-05-08,False,0.005367926187896136,8.898775675505039e-07,0.005367036310328585,17750.1597244881
2001-05-09,False,0.0018073606292392144,3.033240582246133e-07,0.0018070573051809898,17782.235280286364
2001-05-10,False,-0.0004026295014595599,6.935102255173908e-07,-0.0004033230116850773,17775.06329559863
2001-05-11,False,-0.0062619791037493685,7.943709345259037e-07,-0.006262773474683895,17663.742100680123
2001-05-14,False,0.0066303863207604445,2.385516329479226e-06,0.006628000804430966,17780.817397532694
2001-05-15,False,-0.0026049323322540167,1.7721459693338659e-07,-0.00260510954685095,17734.496420379568
2001-05-16,False,-0.0014396510823447984,6.326355941270179e-07,-0.0014402837179389254,17708.95371393945
2001-05-17,False,0.0005897077045672422,1.0087063588223866e-07,0.00058960683393136,17719.39503407096
2001-05-18,False,0.02459273551688219,6.871046700578143e-06,0.02458586447018161,18155.041678872236
2001-05-21,False,-0.0023332222903467304,2.5954632227606912e-06,-0.002335817753569491,18112.634810201933
2001-05-22,False,-0.0085116913367534,4.330759197796588e-06,-0.008516022095951196,17958.387211942358
2001-05-23,False,0.002281375661375658,7.613670920841448e-07,0.002280614294283574,17999.343366520192
2001-05-24,False,-0.004507049170503015,7.519182918184347e-07,-0.004507801088794834,17918.205906895004
2001-05-25,False,0.0003911313294153232,8.965421254594764e-08,0.0003910416752027773,17925.212672149468
2001-05-29,False,-0.012083223985075822,4.590137611125228e-06,-0.012087814122686946,17708.53603325889
2001-05-30,False,-0.00031183214171099147,1.0299732913592042e-07,-0.0003119351390401274,17703.01211860916
2001-05-31,False,0.004906182572048694,1.1092641077617704e-06,0.0049050733079409325,17789.846690822305
2001-06-01,False,-0.0009810077518239574,1.324464684818838e-06,-0.0009823322165087762,17772.371151291158
2001-06-04,False,0.0009550313484526851,4.1709643508702764e-07,0.000954614252017598,17789.336910084327
2001-06-05,False,0.0032176561154232983,1.0261251412030382e-07,0.003217553502909178,17846.5750533738
2001-06-06,False,-0.0009052910052910083,2.9938920013479475e-07,-0.0009055903944911432,17830.413366430897
2001-06-07,False,-0.0014735630421069082,2.4330686571083506e-07,-0.001473806348972619,17804.134790006643
2001-06-08,False,0.0012703148301964635,7.210341442624308e-07,0.001269593796052201,17826.738809080114
2001-06-11,False,0.006815128018474242,1.273638006053665e-06,0.0068138543804681885,17948.20761140383
2001-06-12,False,0.0007799759130880389,3.297474013786023e-07,0.0007796461656866603,17962.200862649006
2001-06-13,False,-0.0005119576719576415,1.6809311123160141e-07,-0.000512125765068873,17953.0019567899
2001-06-14,False,0.0005531642427379336,2.1358210424186898e-07,0.0005529506606336917,17962.929081082264
2001-06-15,False,0.001859794929809643,7.436511397457963e-07,0.0018590512786698973,17996.323087359106
2001-06-18,False,-0.0023747969012982207,4.536110839802737e-07,-0.002375250512382201,17953.57731172486
2001-06-19,False,0.003389771534559533,4.1245353838642584e-07,0.0033893590810211466,18014.428432023175
2001-06-20,False,0.000533123861256801,9.14507249580171e-08,0.000533032410531843,18024.03070623465
2001-06-21,False,-0.0006899453974676116,3.802714669704915e-07,-0.0006903256689345821,18011.588255180475
2001-06-22,False,0.0019650243094235646,5.72952004511712e-07,0.001964451357419053,18046.971144177634
2001-06-25,False,-0.0025978457752312873,1.6503883862893781e-06,-0.0025994961636175767,18000.05811192343
2001-06-26,False,-0.00219756083024444,1.0461749797591874e-06,-0.002198607005224199,17960.48305806411
2001-06-27,False,-0.0006292921212573462,2.0057809332077458e-07,-0.000629492699350667,17949.17706510225
2001-06-28,False,0.0029301989533871086,1.891092231291941e-06,0.0029283078611558166,18001.737781403262
2001-06-29,False,-0.004306261005516398,1.077653138827947e-06,-0.004307338658655226,17924.198200334453
2001-07-02,False,-0.0027216194728710685,1.073219206842238e-06,-0.0027226926920779107,17875.396116883046
2001-07-03,False,-0.004812094100128842,3.9153508699397986e-07,-0.004812485635215836,17789.371029846752
2001-07-05,False,0.0015949974696845223,8.411587756005784e-07,0.0015941563109089217,17817.730067941084
2001-07-06,False,0.00010463231876045702,1.0539951045083208e-06,0.0001035783236559487,17819.575598552878
2001-07-09,False,-0.0005934465788927835,4.747072835979832e-07,-0.0005939212861763815,17808.992173294268
2001-07-10,False,-0.0031972893458931625,1.5604409569309612e-06,-0.0031988497868500935,17752.02388247671
2001-07-11,False,-0.0025916748269832436,7.09894009938164e-07,-0.002592384720993182,17706.003806997072
2001-07-12,False,-0.0010611836312746528,8.123314276016619e-07,-0.0010619959627022545,17687.200102438448
2001-07-13,False,0.005069161583745804,8.405991311347533e-07,0.00506832098461467,17776.84450987672
2001-07-16,False,0.0054410493608519975,5.974213745381652e-07,0.005440451939477459,17873.558578068267
2001-07-17,False,-0.0042064110369127794,1.187258926232171e-06,-0.004207598295839012,17798.353823454607
2001-07-18,False,2.3801268661443587e-06,9.151033668721165e-07,1.465023499272242e-06,17798.379898461208
2001-07-19,False,6.848375255875747e-05,1.7690725930057107e-07,6.83068452994569e-05,17799.59564964351
2001-07-20,False,-0.002311212556377547,3.8609443904505384e-07,-0.002311598650816592,17758.450128354714
2001-07-23,False,-0.0002039164269271998,7.131175586936184e-07,-0.0002046295444858934,17754.816224794173
2001-07-24,False,-0.0036432751795996594,9.143263963035803e-07,-0.003644189505995963,17690.114309826888
2001-07-25,False,-0.00596828789187602,1.3885727533045205e-06,-0.005969676464629325,17584.510050774912
2001-07-26,False,0.0013418789648766713,2.976208014276033e-07,0.0013415813440752437,17608.101101403732
2001-07-27,False,0.00043532846639496623,4.0237957711494743e-07,0.0004349260868178513,17615.75932391206
2001-07-30,False,0.0013440147304928003,2.1116367196785669e-07,0.0013438035668208324,17639.43144412379
2001-07-31,False,0.004405539155617002,7.091228083564715e-07,0.004404830032808646,17717.130141510534
2001-08-01,False,-0.0015287243241411633,2.52527930300922e-07,-0.0015289768520714642,17690.04105963903
2001-08-02,False,-0.003398784411234701,5.657413989411386e-07,-0.003399350152633642,17629.906415862853
2001-08-03,False,-7.494053974656303e-05,6.85874823120547e-07,-7.562641456968358e-05,17628.57312925142
2001-08-06,False,0.0034310008554320585,1.1679929005032618e-06,0.003429832862531555,17689.036188689668
2001-08-07,False,0.007939812513043066,2.236485222754575e-06,0.00793757602782031,17829.444258296255
2001-08-08,False,0.0009205778163995384,6.05613926699139e-07,0.0009199722024728392,17845.84685139943
2001-08-09,False,-0.0026113072035857977,7.183245655147802e-07,-0.0026120255281513126,17799.233043852095
2001-08-10,False,0.0006152312314140323,2.259036667542208e-07,0.0006150053277472781,17810.17966700388
2001-08-13,False,0.00032206062264592163,3.735564626140414e-07,0.0003216870661833076,17815.908971449153
2001-08-14,False,-0.0016313793036650485,1.3286042401826904e-06,-0.0016327079079052312,17786.820795984946
2001-08-15,False,-0.005315390990807797,1.4752765063159867e-06,-0.005316866267314113,17692.250648492012
2001-08-16,False,0.001589236690019748,2.6709380903447434e-07,0.0015889695962107136,17720.36309686101
2001-08-17,False,0.0013633521388789424,7.09463052248463e-07,0.001362642675826694,17744.509619847933
2001-08-20,False,-0.0027024787136413057,6.388061456175792e-07,-0.0027031175197869232,17696.544125014494
2001-08-21,False,-0.0028865342995438737,7.668525653949932e-07,-0.002887301152109269,17645.448872773988
2001-08-22,False,0.0015100597763025268,6.556666081778961e-07,0.0015094041096943489,17672.08298581995
2001-08-23,False,-0.0013888945256403315,7.629105146305936e-07,-0.001389657436154962,17647.52484428636
2001-08-24,False,0.0004827349335057034,4.643200342482057e-07,0.0004822706134714552,17656.03572691927
2001-08-27,False,-0.00022968147731078627,1.1227411040830304e-07,-0.00022979375142119458,17651.978480234353
2001-08-28,False,0.0041705077636865154,5.73152095860438e-07,0.004169934611590655,17725.586076262134
2001-08-29,False,0.0019658355768993915,3.2963675380397186e-07,0.0019655059401455875,17760.425820987588
2001-08-30,False,0.0011647089947089584,3.9042710025970205e-07,0.0011643185676086987,17781.1046145396
2001-08-31,False,-0.00031143836261809336,8.116797277690214e-07,-0.00031225004234586236,17775.552463870757
2001-09-04,False,-0.007546364165372573,6.195625996753273e-07,-0.007546983727972249,17641.40065867021
2001-09-05,False,-0.0004705431191696879,5.365344174420999e-07,-0.00047107965358713,17633.090153759127
2001-09-06,False,0.0051627903702735345,4.0030661541019806e-07,0.005162390063658124,17724.11904316048
2001-09-07,False,0.004566211013992342,1.850396722125891e-07,0.004566025974320129,17805.04783108349
2001-09-10,False,-0.003473383180220502,7.054179534855266e-07,-0.0034740885981739875,17743.191517423584
2001-09-17,False,0.03933297304471504,6.53630431551043e-06,0.039326436740399526,18440.968016206338
2001-09-18,False,-0.006085821509936951,1.6443105655985918e-06,-0.00608746582050255,18328.7092537107
2001-09-19,False,0.002355771326426054,1.1412490718831909e-06,0.002354630077354171,18371.866583798568
2001-09-20,False,-0.00396429865951453,8.930085540523603e-07,-0.003965191668068582,18299.018611493622
2001-09-21,False,0.0047911989211016645,1.5023894218914453e-06,0.0047896965316797735,18386.66535747024
2001-09-24,False,-0.005217848276311131,1.5914114256168066e-06,-0.005219439687736748,18290.697266578325
2001-09-25,False,4.370625756729419e-05,1.412000023018334e-07,4.356505756499236e-05,18291.494101857643
2001-09-26,False,0.005722427186912377,1.034194616340675e-06,0.005721392992296036,18396.146928030637
2001-09-27,False,0.0003823556805151798,1.0095285450223563e-06,0.00038134615197015745,18403.16222787272
2001-09-28,False,0.00409516735951928,1.2341405478313444e-06,0.004093933218971449,18478.50354505153
2001-10-01,False,-0.000811749912899693,1.2899637656076103e-06,-0.0008130398766653006,18463.479784808304
2001-10-02,False,0.0031009012227831514,2.2189213870811574e-07,0.003100679330644443,18520.729114948834
2001-10-03,False,-0.001695619970143498,7.244180246915172e-07,-0.0016963443881681897,18489.311580049904
2001-10-04,False,-0.001570592420443542,4.0337980000303144e-07,-0.001570995800243545,18460.264949208253
2001-10-05,False,0.0022505985358353257,2.2788457925398965e-07,0.002250370651256072,18501.80738766436
2001-10-08,False,0.001635411470143687,2.721235443915032e-07,0.0016351393465992956,18532.060420907128
2001-10-09,False,-0.005277650918193666,2.9477962245205714e-07,-0.005277945697816118,18434.249212336934
2001-10-10,False,-0.005421101076445933,9.084415998089345e-07,-0.005422009518045742,18334.298537649614
2001-10-11,False,-0.011291595042157987,1.2105418329277501e-06,-0.011292805583990914,18127.25286874509
2001-10-12,False,0.005017433705392858,1.5493207681917116e-06,0.005015884384624666,18218.177073345567
2001-10-15,False,0.0020995599498086583,3.223240912565567e-07,0.002099237625717402,18256.421356129915
2001-10-16,False,-0.001469800076713141,5.403309305682669e-07,-0.0014703404076437095,18229.578202111028
2001-10-17,False,0.001998050283670961,2.248756398854357e-07,0.001997825408031076,18265.997716620896
2001-10-18,False,0.0021778263287637995,1.0813406397570669e-06,0.0021767449881240426,18305.758135603635
2001-10-19,False,-0.008827565547184028,1.4145595257365057e-06,-0.008828980106709764,18144.136961186152
2001-10-22,False,-0.004632724777693417,1.1763580020948823e-06,-0.004633901135695512,18060.058824315496
2001-10-23,False,0.001818376919196036,6.64062996641332e-07,0.0018177128561993946,18092.886825424175
2001-10-24,False,-0.0020286031996968094,7.851589092594535e-07,-0.002029388358606069,18056.16933152708
2001-10-25,False,0.006349534727015501,6.542566534890465e-07,0.006348880470362012,18170.805792365558
2001-10-26,False,0.0003946739764150789,2.6275192874132546e-07,0.00039441122448633756,18177.97256212803
2001-10-29,False,0.0036765799973505382,1.954018021539522e-07,0.0036763845955483845,18244.801780433736
2001-10-30,False,0.007132081275373987,5.689288076085458e-07,0.0071315123465663785,18374.914809591555
2001-10-31,False,0.005055324092966155,1.8167415310095665e-06,0.005053507351435145,18467.772576663818
2001-11-01,False,0.007248987700135649,5.859213797688723e-07,0.007248401778755881,18601.634412258172
2001-11-02,False,-0.003946156818762063,4.955933402306101e-07,-0.003946652412102293,18528.220226935984
2001-11-05,False,0.0012495753227894889,1.191896844188134e-06,0.0012483834259453008,18551.350549979557
2001-11-06,False,0.0015206141008068423,4.876940889592396e-07,0.001520126406717883,18579.55094783086
2001-11-07,False,0.0032562884891743048,4.379553060405439e-07,0.003255850533868264,18640.04318870339
2001-11-08,False,-0.00892073064579725,1.9186607481015972e-06,-0.008922649306545353,18473.72462027173
2001-11-09,False,-0.007533217488126955,9.74182951099009e-07,-0.007534191671078053,18334.54003810389
2001-11-12,False,0.007895734626923506,1.3056467310490483e-06,0.007894428980192457,18479.280762319195
2001-11-13,False,-0.011792480452083537,1.550064724463937e-06,-0.011794030516808,18261.33556107974
2001-11-14,False,0.001979015825595579,1.63095710921346e-06,0.0019773848684863657,18297.445249696568
2001-11-15,False,-0.004978447455909995,2.2224723712407498e-06,-0.004980669928281236,18206.311714377032
2001-11-16,False,-0.010011671288983845,1.2926631705872938e-06,-0.010012963952154433,18024.01257147929
2001-11-19,False,-0.0001341134357339052,1.0678569850225418e-06,-0.00013518129271892774,18021.576062159893
2001-11-20,False,-0.004817857519104571,4.6760995830286144e-07,-0.004818325129062874,17934.742249354273
2001-11-21,False,-0.004636922947966499,6.81745778524298e-07,-0.004637604693745023,17851.56800451756
2001-11-23,False,-0.001720124004357475,4.6812861888946566e-07,-0.0017205921329763645,17820.852737047695
2001-11-26,False,0.0030826654378479164,1.1809153932907517e-06,0.003081484522454626,17875.76741893385
2001-11-27,False,-0.003520787169355577,1.9065814726937914e-06,-0.0035226937508282706,17812.796564755914
2001-11-28,False,0.0049296480600614975,9.702755397242857e-07,0.004928677784521773,17900.590099464833
2001-11-29,False,0.006673566345930193,8.661756117193665e-07,0.006672700170318474,18020.03537007033
2001-11-30,False,-0.001615692500529525,1.8904389512813675e-06,-0.0016175829394808063,17990.886468286866
2001-12-03,False,0.0015213149984382949,3.0142726725045087e-07,0.0015210135711710444,18018.250850762528
2001-12-04,False,0.004473284725763441,8.937877121187321e-07,0.004472390938051322,18098.83551258701
2001-12-05,False,-0.009540611570679034,6.362225440759567e-07,-0.00954124779322311,17926.150038192634
2001-12-06,False,-0.0005975820862663865,1.1269371184787353e-06,-0.0005987090233848652,17915.41749041022
2001-12-07,False,-0.006593613369774339,8.285834689280708e-07,-0.006594441953243267,17797.27530970159
2001-12-10,False,0.0017887100612107327,1.326176178458205e-06,0.0017873838850322745,17829.08587278763
2001-12-11,False,0.0028027703299066445,7.540914000135484e-07,0.002802016238506631,17879.043260920913
2001-12-12,False,0.006118395330159183,3.3488515189065984e-07,0.006118060445007293,17988.428328290127
2001-12-13,False,-0.002132731437387441,8.72639464071151e-07,-0.002133604076851512,17950.048144272736
2001-12-14,False,-0.003087913351966643,2.1588877139316206e-06,-0.003090072239680575,17894.58119880119
2001-12-17,False,0.0011335688742601005,2.2926307260356937e-07,0.0011333396111874968,17914.861836499396
2001-12-18,False,0.005027690219036434,7.101478932104998e-07,0.005026980071143224,18004.91948992877
2001-12-19,False,0.0032609973402801546,6.635180125240531e-07,0.0032603338222676305,18063.621537908984
2001-12-20,False,-0.0015822104702790782,1.4560054521176452e-06,-0.0015836664757311958,18035.014786049105
2001-12-21,False,-0.0010115858545702969,1.0291100574151418e-06,-0.001012614964627712,18016.75226018947
2001-12-24,False,-0.0013381851191741577,3.4095983137433226e-07,-0.001338526079005532,17992.636367430227
2001-12-26,False,-0.005904063527827498,1.3657193726326344e-06,-0.00590542924720013,17886.382126391767
2001-12-27,False,0.005052675138914332,9.199061565469541e-07,0.005051755232757785,17976.73975089387
2001-12-28,False,-0.001885696117904338,4.093249034008983e-07,-0.001886105442807739,17942.833724205768
2001-12-31,False,0.009322273324319568,1.5419829369655997e-06,0.009320731341382603,18110.07405685219
2002-01-02,False,-0.0042050343734398215,1.8209626658696881e-06,-0.004206855336105691,18033.887595168853
2002-01-03,False,0.004364671879716034,7.277117968311625e-07,0.004363944167919203,18112.5864737647
2002-01-04,False,-0.006667993114728939,1.450003091509014e-06,-0.006669443117820448,17991.785608561324
2002-01-07,False,0.003306241556358924,3.601590063718602e-07,0.003305881397352552,18051.26431790982
2002-01-08,False,0.000732303097179565,3.976582774152249e-07,0.0007319054389021498,18064.476136443158
2002-01-09,False,0.006478488218053721,9.224318253153729e-07,0.0064775657862284055,18181.48996901072
2002-01-10,False,0.010544526514549872,1.6318973728791376e-06,0.010542894617176992,18373.17550173726
2002-01-11,False,0.002541679900722645,1.062673838097078e-06,0.0025406172268845483,18419.854707929546
2002-01-14,False,0.003604610395922742,8.511634879223434e-07,0.0036037592324348194,18486.235429393353
2002-01-15,False,-0.003746017629766743,9.271418602232324e-07,-0.003746944771626966,18416.968526204124
2002-01-16,False,-0.0013204036662565913,4.525922453424841e-07,-0.0013208562585019339,18392.642358063655
2002-01-17,False,0.0032470854023862864,1.5936444001340283e-06,0.0032454917579861522,18452.335527244333
2002-01-18,False,0.0008007323644872322,1.1877646856111728e-06,0.000799544599801621,18467.08899246887
2002-01-22,False,-0.0011886928651413794,4.818811683576369e-07,-0.001189174746309737,18445.12839660117
2002-01-23,False,-0.0056769184513612405,2.2177257626999904e-07,-0.005677140223937511,18340.412816245134
2002-01-24,False,-0.0029177628800406675,4.3776873752457423e-07,-0.002918200648778192,18286.891811665908
2002-01-25,False,-0.0032016987406678723,6.451156759359062e-07,-0.0032023438563438082,18228.330896021194
2002-01-28,False,0.002224181411314066,6.827844616068696e-07,0.0022234986268524592,18268.861564738312
2002-01-29,False,0.0031717526702924794,1.2439032559791312e-06,0.0031705087670365,18326.783150493087
2002-01-30,False,0.005862740489422762,1.1723735081724945e-06,0.00586156811591459,18434.206838275302
2002-01-31,False,-0.0015859223548598076,1.152507394764843e-06,-0.0015870748622545724,18404.950371996674
2002-02-01,False,0.0005872232261395416,1.198833221644588e-06,0.000586024392917897,18415.736121865106
2002-02-04,False,0.008951215247368702,7.317475385405087e-07,0.008950483499830162,18580.565864161086
2002-02-05,False,0.006988489762254528,1.4609533962321453e-06,0.0069870288088582965,18710.38881313887
2002-02-06,False,0.008958179832381714,2.7893672190612978e-06,0.008955390465162652,18877.94765071554
2002-02-07,False,-0.0014460512823322978,3.294678803955481e-07,-0.0014463807502126933,18850.642950630026
2002-02-08,False,0.005362774109428839,1.7651687433918456e-06,0.0053610089406854475,18951.701416026022
2002-02-11,False,-0.013193776749528286,2.0761909490181335e-06,-0.013195852940477305,18701.617551168307
2002-02-12,False,-0.0006323236566524716,7.469206159354952e-07,-0.0006330705772684071,18689.778107349335
2002-02-13,False,-0.004217588698924533,4.03203339818109e-07,-0.004217991902264352,18610.94477463742
2002-02-14,False,0.0040575911627062705,2.2223474772360697e-07,0.004057368927958547,18686.45624368599
2002-02-15,False,0.0036509308059303742,1.4363732126947139e-07,0.003650787168609105,18754.67651836721
2002-02-19,False,-0.004678971360848788,1.0899292662792104e-06,-0.0046800612901150675,18666.903482784972
2002-02-20,False,-0.0044645124334163335,2.1912871733024836e-06,-0.004466703720589636,18583.523955546527
2002-02-21,False,-0.00026273028534037554,7.214011530407155e-07,-0.00026345168649341625,18578.62809481945
2002-02-22,False,0.0011720686519526248,2.4838698206353094e-07,0.0011718202649705612,18600.39890771631
2002-02-25,False,0.0034781838247049304,1.7608448205764098e-06,0.003476422979884354,18665.06176191411
2002-02-26,False,-0.0002476423167794061,1.323402077056099e-06,-0.00024896571885646223,18660.414801395058
2002-02-27,False,0.0053295185803908214,9.170111398282832e-07,0.005328601569250993,18759.848716988647
2002-02-28,False,-0.0027571705993083124,1.0918152209423576e-06,-0.0027582624145292547,18708.104131370324
2002-03-01,False,-0.011046824686675094,1.837494363652159e-06,-0.011048662181038746,18501.40460877512
2002-03-04,False,-0.002312971879589168,1.7502195620318766e-06,-0.0023147220991512,18458.57899866185
2002-03-05,False,-0.004938710533498618,1.7254028429452284e-06,-0.004940435936341563,18367.385571643063
2002-03-06,False,-0.010232412050217245,1.5704637527998166e-06,-0.010233982513970044,18179.414068875525
2002-03-07,False,-0.015408523627051118,2.5427595663474467e-06,-0.015411066386617465,17899.249911790273
2002-03-08,False,-0.006406020508914118,1.5834427183381016e-07,-0.006406178853185953,17784.58411551747
2002-03-11,False,-0.0033287465816153167,2.2961856565524575e-06,-0.003331042767271869,17725.342905230536
2002-03-12,False,0.002528714742002856,9.471116352328668e-07,0.002527767630367623,17770.148453263544
2002-03-13,False,0.0009472213021835182,4.15567621697574e-07,0.0009468057345618205,17786.97333172311
2002-03-14,False,-0.009208553400277064,8.95150810661785e-07,-0.009209448551087726,17623.165115945038
2002-03-15,False,-0.002892702758029599,7.924720163854787e-07,-0.0028934952300459847,17572.17257174374
2002-03-18,False,-8.677703964793625e-05,1.492333326993653e-06,-8.82693729749299e-05,17570.621487089025
2002-03-19,False,0.000509933738256203,5.113077602111604e-07,0.0005094224304959919,17579.5723557923
2002-03-20,False,-0.0016280281260501195,9.395342759015851e-07,-0.0016289676603260211,17550.935800942356
2002-03-21,False,-0.0030810263427504462,1.8522022936002664e-06,-0.0030828785450440466,17496.828397516183
2002-03-22,False,0.0018807390525992101,6.198996868308355e-07,0.0018801191529123793,17529.724519701573
2002-03-25,False,0.0020228882505518094,1.6110371354247921e-06,0.0020212772134163845,17565.156952430716
2002-03-26,False,-0.0033903541249664143,1.1856226107491708e-06,-0.0033915397475771636,17505.584024454114
2002-03-27,False,0.0019059866804615121,1.3094996712224165e-06,0.0019046771807902897,17538.9265108819
2002-03-28,False,0.004911338542298026,5.140448327750763e-07,0.0049108244974652515,17625.057100850783
2002-04-01,False,-0.003649740709317392,1.063926270133575e-06,-0.0036508046355875254,17560.711460684503
2002-04-02,False,0.0028250403361966005,1.2606121093089729e-06,0.0028237797240872916,17610.299041647733
2002-04-03,False,0.00045838102159156003,5.372521382563112e-07,0.00045784376945330374,17618.36180734216
2002-04-04,False,-0.0012561665130224695,9.19249825804852e-07,-0.0012570857628482744,17596.21401554944
2002-04-05,False,-3.2499557844504457e-06,6.115889694388172e-07,-3.861544753889263e-06,17596.14606698152
2002-04-08,False,7.231361127837462e-06,6.137903346058044e-07,6.617570793231658e-06,17596.26251072381
2002-04-09,False,-0.0005839400344916316,8.765847005911126e-07,-0.0005848166191922227,17585.97192397187
2002-04-10,False,0.00022276264225420053,6.194015800917024e-07,0.00022214324067410882,17589.878528765465
2002-04-11,False,0.004845220770518249,1.030433313433235e-06,0.004844190337204816,17675.087248367112
2002-04-12,False,-0.0024978703482520363,7.223185785824732e-07,-0.002498592666830619,17630.924404982754
2002-04-15,False,-0.0009788510312324188,4.890034896981032e-07,-0.0009793400347221169,17613.657734863795
2002-04-16,False,-0.0018949427738353898,9.938047092437618e-07,-0.0018959365785446336,17580.2633568823
2002-04-17,False,0.0031811634890995723,1.1985567301005113e-06,0.003179964932369472,17636.167977859008
2002-04-18,False,0.005452789038544756,9.668067909136824e-07,0.005451822231753843,17732.317230523644
2002-04-19,False,-0.0030623522061330537,8.368930818490605e-07,-0.003063189099214903,17677.999789679285
2002-04-22,False,0.001937085327407111,7.223510278708406e-07,0.0019363629763792401,17712.23081396846
2002-04-23,False,-0.000892518810382469,4.0578196977136826e-07,-0.0008929245923522404,17696.41512748925
2002-04-24,False,0.004749696713114434,3.318509556826665e-08,0.004749663528018866,17780.467144996965
2002-04-25,False,0.005070088774789618,8.407521079732694e-07,0.005069248022681645,17870.6007429141
2002-04-26,False,0.0005200558096885046,4.4167635962009953e-07,0.0005196141333288844,17879.886559631195
2002-04-29,False,0.0022655293276088884,1.301938892369875e-06,0.0022642273887165188,17920.370688486655
2002-04-30,False,-0.002525969772775194,1.3496179987120826e-06,-0.002527319390773906,17875.08018815579
2002-05-01,False,0.000763487029889206,1.742266220616656e-07,0.0007633128032671444,17888.724465722833
2002-05-02,False,-0.0025281704488114287,1.3397697516083496e-07,-0.0025283044257865895,17843.49632448447
2002-05-03,False,0.004622968126976201,7.675004321474055e-07,0.0046222006265440535,17925.97254437524
2002-05-06,False,-0.0015865175175059885,3.7617722550696565e-07,-0.0015868936947314954,17897.525931572636
2002-05-07,False,0.0017137657007318457,5.429086633322034e-07,0.0017132227920685136,17928.188380920245
2002-05-08,False,-0.006913398164825584,3.507430184461341e-07,-0.00691374890784403,17804.237388082034
2002-05-09,False,-0.00026338771553607865,8.446242324492287e-07,-0.00026423233976852786,17799.532932779188
2002-05-10,False,0.004071509460525707,5.576428937727751e-07,0.004070951817631934,17871.99397372488
2002-05-13,False,-0.006528925616530626,1.2130992990002088e-06,-0.006530138715829626,17755.287373947987
2002-05-14,False,-0.005751794654941563,3.544575711584008e-07,-0.005752149112512721,17653.156313437525
2002-05-15,False,0.0007554571686287175,1.8245870241762053e-07,0.0007552747099262999,17666.489295951436
2002-05-16,False,0.0034148818897678317,4.376524502017476e-07,0.00341444423731763,17726.81053852163
2002-05-17,False,0.0014214871179874316,6.896047785232701e-07,0.0014207975132089084,17751.996746851888
2002-05-20,False,0.0019070504257656887,2.98938313855579e-07,0.0019067514874518332,17785.845393054184
2002-05-21,False,0.00475828301277497,1.1783373146283666e-06,0.004757104675460341,17870.4545213305
2002-05-22,False,0.0037505316551529923,3.7549476656657813e-07,0.0037501561603864256,17937.47151644257
2002-05-23,False,-0.002831524178298645,6.683049585989726e-07,-0.002832192483257244,17886.66914444506
2002-05-24,False,0.0037718829739403163,1.3604960261828502e-06,0.0037705224779141333,17954.111232509204
2002-05-28,False,-0.00013277283535872834,3.700284090346201e-07,-0.00013314286376776296,17951.720770723303
2002-05-29,False,0.008544593287812846,2.12055961011276e-06,0.008542472728202733,18105.072855831517
2002-05-30,False,-0.0012150941453289803,5.033035668817049e-07,-0.001215597448895862,18083.064375455895
2002-05-31,False,0.001373933870220302,5.082906206703986e-07,0.0013734255795996317,18107.90011862669
2002-06-03,False,0.0008644764267375591,1.4659817643403184e-07,0.000864329828561125,18123.551316831825
2002-06-04,False,0.0015140658908193768,2.5460433005029814e-07,0.0015138112864893265,18150.986953366515
2002-06-05,False,-0.0064449999758290355,1.284135674171294e-06,-0.006446284111503207,18033.980534560927
2002-06-06,False,0.0046612777610746834,4.74987131836177e-07,0.004660802773942848,18118.03336106164
2002-06-07,False,0.0012362881388938752,9.728475022246774e-07,0.0012353152913916505,18140.414844722505
2002-06-10,False,-0.005844970157451639,1.1306540480923999e-06,-0.005846100811499732,18034.364150777834
2002-06-11,False,-0.00423379668558925,2.252237915523189e-06,-0.004236048923504774,17957.969701930837
2002-06-12,False,0.0035296930999481244,9.576455988721671e-07,0.003528735454349252,18021.33862630617
2002-06-13,False,-0.003369303744162839,1.0503215616765177e-06,-0.0033703540657245156,17960.6003343972
2002-06-14,False,0.004977091065587905,9.779810103822117e-07,0.004976113084577523,18049.97431272806
2002-06-17,False,-0.005800064111848937,1.26827077498623e-06,-0.005801332382623923,17945.260412242103
2002-06-18,False,0.0019549565920216664,2.1708284712006198e-07,0.0019547395091745463,17980.33872177234
2002-06-19,False,0.00532258173997906,3.154181179481352e-07,0.0053222663218611115,18076.03487300688
2002-06-20,False,0.0021970107173247683,1.1012060142866209e-06,0.0021959095113104816,18115.728209911293
2002-06-21,False,0.004255001710781698,6.447562758131048e-07,0.004254356954505885,18192.79898420707
2002-06-24,False,-0.001463164242528411,2.155298038382422e-06,-0.0014653195405667935,18166.140720357904
2002-06-25,False,-0.004575051418715641,1.6475547874395674e-06,-0.004576698973503081,18082.99976277053
2002-06-26,False,0.005342119698161969,9.655516140302524e-07,0.0053411541465479394,18179.58385193548
2002-06-27,False,-0.007120641541825714,2.4296681294923297e-07,-0.007120884508638663,18050.129134910734
2002-06-28,False,0.003255647595750326,6.998107516216073e-07,0.0032549477849987047,18108.88136275735
2002-07-01,False,-0.009769915194404996,1.7403077236741311e-06,-0.00977165550212867,17931.927612551568
2002-07-02,False,0.0029860097576744175,9.946981146694012e-07,0.0029850150595597483,17985.45468652197
2002-07-03,False,-0.0052714174240569124,1.0376088105154003e-06,-0.005272455032867428,17890.627185441608
2002-07-05,False,-0.004684392222341027,1.024154170829822e-06,-0.004685416376511857,17806.802147840874
2002-07-08,False,0.006586760297354609,1.6761661127046163e-06,0.006585084131241905,17924.06143809278
2002-07-09,False,0.005661883755772426,2.017742253531546e-07,0.005661681981547073,18025.541773772977
2002-07-10,False,0.004136968680790983,1.9471410919147392e-07,0.004136773966681792,18100.109365718054
2002-07-11,False,0.000773017336768423,4.752427337185311e-07,0.0007725420940347045,18114.092462109707
2002-07-12,False,0.004376265487203899,6.181073558320787e-07,0.004375647379848067,18193.35334332986
2002-07-15,False,0.005156407923869919,1.000439541051737e-06,0.005155407484328867,18287.147493321103
2002-07-16,False,-0.0031713018801124266,3.5038967220478443e-07,-0.0031716522697846313,18229.147020466025
2002-07-17,False,-0.001315553217679184,8.842968522385919e-07,-0.0013164375145314226,18205.149487470375
2002-07-18,False,0.0011763600034481337,9.81571985217422e-07,0.0011753784314629163,18226.547427519505
2002-07-19,False,0.009117572753569782,1.221185193737595e-06,0.009116351568376044,18392.707041746457
2002-07-22,False,-0.0020152877477242477,1.5472368361513222e-06,-0.002016834984560399,18355.61198672389
2002-07-23,False,-0.009691692735649774,2.0704863766026623e-06,-0.009693763222026376,18177.6770303292
2002-07-24,False,-0.005303503439455233,3.542618141840759e-06,-0.005307046057597074,18081.207261109117
2002-07-25,False,5.74415356545827e-05,9.760031511957812e-07,5.646553250338692e-05,18082.22822610542
2002-07-26,False,-0.01003030930530433,1.8345600060108574e-06,-0.010032143865310341,17900.824711135756
2002-07-29,False,-0.009877981836624939,6.433581069238136e-07,-0.009878625194731863,17723.989173137852
2002-07-30,False,0.00575215343676357,1.2429315442045592e-06,0.005750910505219365,17825.918248668047
2002-07-31,False,0.0033710169511674023,1.3244790943753304e-06,0.003369692472073027,17885.98611119837
2002-08-01,False,-4.5345804939332365e-05,1.3081084553526606e-06,-4.6653913394685023e-05,17885.151659951363
2002-08-02,False,0.008919354660430442,1.848719024523937e-07,0.00891916978852799,18044.67236430004
2002-08-05,False,0.004329865466894945,1.6996080029341166e-06,0.004328165858892011,18122.7726991621
2002-08-06,False,-0.010282553228078575,5.753983772701504e-07,-0.010283128626455845,17936.413896428592
2002-08-07,False,0.01228191530675244,1.44846725116983e-06,0.012280466839501271,18156.681432503254
2002-08-08,False,-0.006205204763892695,1.330723283140531e-06,-0.006206535487175836,18043.991344863076
2002-08-09,False,0.005360153282356988,4.663662991256645e-07,0.005359686916057862,18140.701489187602
2002-08-12,False,0.009377630638225685,1.1230386174524294e-06,0.009376507599608234,18310.79791456319
2002-08-13,False,0.0008646564991954181,1.671440614067321e-06,0.0008629850585813507,18326.599859574162
2002-08-14,False,0.005060497290168049,6.978872848784484e-07,0.005059799402883171,18419.328778600517
2002-08-15,False,-0.0059657352925662835,5.959191878534831e-07,-0.005966331211754137,18309.43296240919
2002-08-16,False,-0.004044475521614173,1.503772664329356e-06,-0.0040459792942785025,18235.3533757533
2002-08-19,False,-0.008550796698975566,1.5823782376119671e-06,-0.008552379077213177,18079.39772107692
2002-08-20,False,0.0027075754331791894,1.5782850053248366e-06,0.0027059971481738646,18128.320519750854
2002-08-21,False,-0.00269755654906708,3.3858567863777336e-07,-0.0026978951347457177,18079.41221201951
2002-08-22,False,-0.009694690964382665,1.7646593328253524e-06,-0.00969645562371549,17904.1059938028
2002-08-23,False,0.003802666565289273,3.3500132445700435e-07,0.0038023315639648158,17972.183341147607
2002-08-26,False,0.0021236039190475967,5.665295956890776e-07,0.0021230373894519077,18010.33895835095
2002-08-27,False,0.00749389796722866,1.806099616201401e-06,0.007492091867612459,18145.274072393753
2002-08-28,False,0.0006010809039114488,5.481839810623779e-07,0.0006005327199303864,18156.17090318633
2002-08-29,False,0.0051285414631464556,6.021549130368481e-07,0.005127939308233419,18249.274645647783
2002-08-30,False,0.003096144807773442,4.5448075474187334e-07,0.0030956903270187,18305.768748643422
2002-09-03,False,0.009692129199741694,1.425825845069617e-06,0.009690703373896626,18483.164523617674
2002-09-04,False,0.0015202863540362873,5.210462581227981e-07,0.0015197653077781645,18511.25459583862
2002-09-05,False,0.009437334286968897,1.1402340438829567e-06,0.009436194052925014,18685.930386368058
2002-09-06,False,0.0007811332324879743,1.2515662238462844e-06,0.000779881666264128,18700.503200893472
2002-09-09,False,0.005469323634136194,1.1877418154115083e-06,0.005468135892320782,18802.760093650737
2002-09-10,False,-0.003490492988180001,1.1821008385523857e-06,-0.0034916750890185535,18737.106964626942
2002-09-11,False,-0.006525848153300077,8.004864618893631e-07,-0.006526648639761967,18614.816450943188
2002-09-12,False,0.005476355876575613,8.496253372624746e-07,0.00547550625123835,18716.741994785985
2002-09-13,False,0.0009164390651087112,4.1055078949782385e-07,0.0009160285143192133,18733.887064148366
2002-09-16,False,-0.0022450442719415863,1.4353037936158526e-06,-0.002246479575735202,18691.801769484628
2002-09-17,False,0.0001432948058493765,3.8049461140676755e-07,0.00014291431123796973,18694.47309546031
2002-09-18,False,0.0058058502372494184,9.620561522683534e-07,0.00580488818109715,18802.992421383988
2002-09-19,False,0.007452028922497435,6.764415589378265e-07,0.007451352480938497,18943.100145612134
2002-09-20,False,-0.0034304523593335534,1.3110889014597283e-06,-0.0034317634482350133,18878.091906936166
2002-09-23,False,0.003350621862874182,4.5613248234888106e-07,0.0033501657303918334,18941.336643497973
2002-09-24,False,0.006650053936732691,9.630585778813705e-07,0.006649090878154809,19067.279312194314
2002-09-25,False,-0.006189680273930381,6.440396874271421e-07,-0.0061903243136178085,18949.246669473498
2002-09-26,False,-0.004784882378259251,2.0598167737361643e-06,-0.004786942195032987,18858.537721027307
2002-09-27,False,0.004034020195776466,5.521027736316298e-07,0.004033468093002835,18934.60303120576
2002-09-30,False,0.008685404355241889,4.651936641305449e-07,0.008684939161577759,19099.048906580407
2002-10-01,False,-0.005587785999115631,1.0128291099974207e-07,-0.005587887282026631,18992.32557409652
2002-10-02,False,-0.0011024312724313052,5.985880234177648e-07,-0.001103029860454723,18971.376471868814
2002-10-03,False,-0.002650613144073399,9.708043694764969e-07,-0.0026515839484428753,18921.07227453614
2002-10-04,False,-0.0034092700579603365,4.307302763340709e-07,-0.0034097007882366707,18856.55707948737
2002-10-07,False,0.004241843289085651,2.8833932321971344e-07,0.004241554949762431,18936.53820250335
2002-10-08,False,-0.0036089104517766078,8.286296910698377e-07,-0.0036097390814676775,18868.18224048607
2002-10-09,False,0.0030505613977336063,4.1862937908726526e-07,0.003050142768354519,18925.732890098883
2002-10-10,False,-0.006774363633926317,1.5027864831130417e-06,-0.0067758664204094305,18797.494652127225
2002-10-11,False,-0.00523271204224809,3.3051482930211707e-07,-0.005233042557077392,18699.12656264621
2002-10-14,False,0.003758180894436224,7.790420699042289e-07,0.00375740185236632,18769.386695430323
2002-10-15,False,-0.008213756849962997,5.579012120601468e-07,-0.008214314751175057,18615.209045427542
2002-10-16,False,-0.0027596571901568265,6.778041551745024e-07,-0.002760334994312001,18563.824832473012
2002-10-17,False,-0.007150914322021987,5.661607021357207e-07,-0.007151480482724123,18431.06600149887
2002-10-18,False,0.0019366888863348768,7.457852747251304e-07,0.0019359431010601516,18466.74749656966
2002-10-21,False,-0.0066253368212993895,1.5678312733818783e-06,-0.006626904652572771,18344.370121666758
2002-10-22,False,-0.001726903787120042,4.045479842594013e-07,-0.0017273083351043014,18312.683738253363
2002-10-23,False,0.0008466679115018866,3.833900144349645e-07,0.0008462845214874516,18328.181479047937
2002-10-24,False,0.0012600688679938368,5.02271834341303e-07,0.0012595665961594954,18351.267044207292
2002-10-25,False,1.9717519614047215e-05,1.0849315277770277e-06,1.8632588086270186e-05,18351.60897580699
2002-10-28,False,0.005241797529393351,5.50149970345748e-07,0.005241247379423005,18447.794298259632
2002-10-29,False,0.0069334012220311735,2.7095638472422746e-07,0.006933130265646449,18575.695259243315
2002-10-30,False,-0.002703103292121116,4.4401634001026147e-07,-0.002703547308461126,18525.474988322392
2002-10-31,False,0.006314585496947807,8.653366830245063e-07,0.0063137201602647824,18642.439653234647
2002-11-01,False,0.0018745921305159108,1.234072842548492e-06,0.0018733580576733623,18677.36361777372
2002-11-04,False,-0.005592191555755029,5.132445760187288e-07,-0.0055927048003310475,18572.90663661107
2002-11-05,False,-0.001948147622480311,8.653278493122308e-07,-0.0019490129503296231,18536.707801051052
2002-11-06,False,-0.0012301451214062375,4.877973748003695e-07,-0.0012306329187810377,18513.89591822525
2002-11-07,False,0.007222607314679277,1.80856138801061e-07,0.007222426458540476,18647.611169955708
2002-11-08,False,0.00373218455269448,6.519098039553528e-07,0.0037315326428905247,18717.19533974833
2002-11-11,False,-0.0011614366140197529,3.2752593862375724e-07,-0.0011617641399583765,18695.450373402015
2002-11-12,False,-9.061235095841154e-05,5.732832213807271e-07,-9.118563417979226e-05,18693.745616903438
2002-11-13,False,-0.0003379616867983364,1.4158182111778106e-06,-0.0003393775050095142,18687.40138015669
2002-11-14,False,-0.008965889799327385,1.2976992506317787e-06,-0.008967187498578017,18519.827948119637
2002-11-15,False,0.0015781401551509212,5.47778835698079e-07,0.0015775923763152232,18549.04468750126
2002-11-18,False,0.002377571227393917,8.350859856890297e-07,0.002376736141408228,18593.130872398644
2002-11-19,False,0.002815148738355065,1.868364204313383e-07,0.0028149619019346337,18645.46982744213
2002-11-20,False,-0.0031192463692669855,3.250003150132158e-07,-0.0031195713695819985,18587.303953596038
2002-11-21,False,-0.002467353215905315,3.738145351463301e-07,-0.0024677270304404616,18541.435561206737
2002-11-22,False,0.0002897147184331098,3.56610898168519e-07,0.0002893581075349413,18546.80067591171
2002-11-25,False,-0.0029550532820336282,7.112595963322394e-07,-0.0029557645416299605,18491.98070011317
2002-11-26,False,0.0038034175992751273,6.079855763443387e-07,0.003802809613698783,18562.302182095893
2002-11-27,False,-0.004904271030514406,1.0033779577095087e-06,-0.004905274408472116,18471.248996239734
2002-11-29,False,0.004525880093136244,2.5121634276584205e-07,0.004525628876793478,18554.843014087557
2002-12-02,False,-0.001343042987497787,1.1385113350943638e-06,-0.0013441814988328813,18529.901937394272
2002-12-03,False,0.0026780496095490567,1.2593107066368043e-06,0.00267679029884242,18579.502599138792
2002-12-04,False,0.0034313884518642605,6.742957661140802e-07,0.003430714156098146,18643.24356171892
2002-12-05,False,0.003023132711457488,4.015971333265339e-07,0.0030227311143241615,18699.597074104848
2002-12-06,False,0.00538917944091959,8.005075752199192e-07,0.00538837893334437,18800.35758904098
2002-12-09,False,0.0011954910527478592,5.33816433468351e-07,0.0011949572363143908,18822.823212387302
2002-12-10,False,-0.0004892428703256732,9.468775431956261e-07,-0.0004901897478688688,18813.596457422642
2002-12-11,False,0.003423332216251533,1.9933070397187837e-08,0.0034233122831811356,18878.001273266145
2002-12-12,False,0.007040317007225083,1.3752648648450717e-06,0.007038941742360238,19010.882424440868
2002-12-13,False,0.007229948693366988,1.7413276366337882e-06,0.007228207365730354,19148.297024810247
2002-12-16,False,0.0024470137282894835,8.384460230229651e-07,0.0024461752822664603,19195.137115689835
2002-12-17,False,0.007027109398588542,1.8163611652627921e-06,0.007025293037423279,19329.988578821078
2002-12-18,False,0.0016622746558409348,7.700455321668492e-07,0.001661504610308768,19362.105443962006
2002-12-19,False,0.010668849262337085,1.6531969842885909e-06,0.010667196065352796,19568.64481897078
2002-12-20,False,-0.004166929683306483,9.546210666276507e-07,-0.004167884304373111,19487.084971371944
2002-12-23,False,0.004557266516187767,8.957305597408899e-07,0.004556370785628026,19575.87535603255
2002-12-24,False,0.0038435315473093258,4.925183987784382e-07,0.0038430390289105475,19651.10620905087
2002-12-26,False,4.50097866368595e-05,1.326427946339026e-07,4.48771438422256e-05,19651.988094570876
2002-12-27,False,0.007908211268814665,7.506447417387069e-07,0.007907460624072927,19807.385416613444
2002-12-30,False,-0.00513824250786563,1.1410825956454097e-06,-0.005139383590461275,19705.58766503336
2002-12-31,False,-0.0026836240679163886,1.6960291350839042e-06,-0.0026853200970514725,19652.671854452237
2003-01-02,False,-0.002796682261736559,1.233600022586087e-06,-0.002797915861759145,19597.685332144716
2003-01-03,False,0.004597295236657411,1.3326575072137165e-06,0.004595962579150198,19687.755560569218
2003-01-06,False,0.005627414414174771,2.5525310608413148e-06,0.005624861883113929,19798.49646638593
2003-01-07,False,-0.004775591554154063,1.0872955470419832e-06,-0.004776678849701105,19703.92540705906
2003-01-08,False,0.004925164903221481,9.95900873434194e-07,0.004924169002348047,19800.950865773077
2003-01-09,False,0.0017175592150520055,1.5665974240148817e-06,0.0017159926176279906,19834.92915128076
2003-01-10,False,0.0007689035427514392,1.5285032043090008e-07,0.0007687506924310083,19850.17726680013
2003-01-13,False,0.0012237751726649265,4.787848795072408e-07,0.0012232963877854192,19874.459916947504
2003-01-14,False,0.0017993445482299443,1.3051922972423523e-07,0.0017992140290002201,19910.218324048878
2003-01-15,False,0.0008522992272524677,1.2768618604143134e-06,0.0008510223653920533,19927.16236514248
2003-01-16,False,0.0053225906329610094,1.1534289974621525e-06,0.0053214372039635475,20033.203508321778
2003-01-17,False,0.008567672639367889,9.897654444864513e-07,0.008566682873923401,20204.821609726343
2003-01-21,False,-0.0020423038229933914,1.158534804713965e-06,-0.002043462357798105,20163.53381732084
2003-01-22,False,0.006803685871963915,1.0701476656860693e-06,0.00680261572429823,20300.698589523963
2003-01-23,False,0.005830808193057284,1.896827629929515e-06,0.005828911365427355,20419.029562258555
2003-01-24,False,0.007812422688062083,1.7145348807875161e-06,0.007810708153181296,20578.51664294054
2003-01-27,False,-3.702998906377769e-05,1.1419838949590366e-06,-3.817197295873673e-05,20577.731120359713
2003-01-28,False,-3.518929377575495e-05,3.2087617370188394e-07,-3.5510169949456835e-05,20577.000401630452
2003-01-29,False,0.005443145658329686,1.5576637993318931e-06,0.005441587994530354,20688.97195997941
2003-01-30,False,-0.001619437534819373,7.702863494812029e-07,-0.0016202078211688543,20655.451525797907
2003-01-31,False,0.0002824123567780541,7.119203168843291e-07,0.0002817004364611698,20661.27017550803
2003-02-03,False,-9.996938336126934e-06,9.060447925824805e-07,-1.0902983128709415e-05,20661.044906027888
2003-02-04,False,0.013024108255674604,1.720170519044356e-06,0.01302238808515556,20930.101051039015
2003-02-05,False,0.002279400851472223,2.0692118791245384e-06,0.0022773316395930986,20977.76583238243
2003-02-06,False,-0.0020812539180576823,2.408711105610806e-06,-0.002083662629163293,20934.055245674157
2003-02-07,False,0.0016495609328283669,1.4061555369234563e-06,0.0016481547772914434,20968.557808835398
2003-02-10,False,-0.008887756059370732,1.3170798747423053e-06,-0.008889073139245475,20782.166764848163
2003-02-11,False,-0.003058174316005462,2.4242938924877445e-06,-0.0030605986098979497,20718.560894137
2003-02-12,False,-0.00869163855376732,2.0978579632564553e-06,-0.008693736411730577,20538.439186892985
2003-02-13,False,0.0015004719485750568,1.8870638057129491e-06,0.0014985848847693438,20569.21778141522
2003-02-14,False,-0.002291366259124756,1.06667837246191e-06,-0.002292432937497218,20522.06422907455
2003-02-18,False,-0.011832500028004586,2.839430908978202e-06,-0.011835339458913564,20279.178632525825
2003-02-19,False,0.009256076305749046,1.5843226708409236e-06,0.009254491983078206,20466.852128603943
2003-02-20,False,0.006405402134447374,1.592951946685739e-06,0.006403809182500689,20597.91794420198
2003-02-21,False,0.003177375393148932,1.1268569868136958e-06,0.003176248536162118,20663.34205092024
2003-02-24,False,0.011439162901070032,1.995644349020595e-06,0.011437167256721012,20899.672150039452
2003-02-25,False,-0.0026345890341758237,2.290269078770932e-06,-0.0026368793032545946,20844.562237102207
2003-02-26,False,-0.0007793982340379956,2.5312760533842545e-06,-0.0007819295100913798,20828.26325876408
2003-02-27,False,-0.0029792731397063864,8.259151033988416e-07,-0.002980099054809785,20766.192971113305
2003-02-28,False,0.0009674448976242997,1.965040852798153e-06,0.0009654798567715015,20786.242312128747
2003-03-03,False,-0.0011869096382101955,7.410783617882166e-07,-0.0011876507165719838,20761.555516551904
2003-03-04,False,0.007630207647406895,2.517287381139738e-06,0.007627690360025756,20919.91823342465
2003-03-05,False,0.0033375856305220496,5.734883285084813e-07,0.003337012142193541,20989.728254583282
2003-03-06,False,0.0006477430577314786,2.477646102310299e-07,0.0006474952931212475,21003.31900483202
2003-03-07,False,0.0014762152454220457,2.207372235882729e-06,0.001474007873186163,21034.278062408182
2003-03-10,False,0.0036404790680481963,1.1445506910187363e-06,0.0036393345173571776,21110.828836608394
2003-03-11,False,-0.008991876481198218,1.3713609114314463e-06,-0.008993247842109649,20920.973920728422
2003-03-12,False,-0.004613345661583767,6.321378488390872e-07,-0.004613977799432606,20824.445011515672
2003-03-13,False,-0.02606421133052647,3.1681149357540155e-06,-0.026067379445462224,20281.60630165933
2003-03-14,False,-0.0012555273543836207,9.068840586790028e-07,-0.0012564342384422998,20256.123797091317
2003-03-17,False,-0.0028639169235683977,3.243465738087689e-06,-0.0028671603893064856,20198.04624129941
2003-03-18,False,-0.009210364956590346,1.5626652242552997e-06,-0.009211927621814602,20011.983301222495
2003-03-19,False,-0.010188559847919878,1.364138633454498e-06,-0.010189923986553332,19808.062712562863
2003-03-20,False,-0.0025545296302203475,5.656901338383508e-07,-0.0025550953203541857,19757.451224220713
2003-03-21,False,-0.011376087925782083,1.812942876604995e-06,-0.011377900868658688,19532.65290277417
2003-03-24,False,0.007090095172506679,3.362808174577556e-06,0.007086732364332102,19671.075586261522
2003-03-25,False,0.0005882479342878052,1.1823458099010088e-06,0.0005870655884779042,19682.623797826564
2003-03-26,False,-0.0009424277350962076,8.255472947086007e-07,-0.0009432532823909161,19664.0580983232
2003-03-27,False,0.0066545814851497525,9.604359632960912e-07,0.006653621049186456,19794.895289198626
2003-03-28,False,0.0009104659121802527,1.1550753316531549e-06,0.0009093108368485996,19812.89500199938
2003-03-31,False,0.009762378761323713,5.026334745430184e-07,0.00976187612784917,20006.306028742976
2003-04-01,False,-0.003279685075762394,8.444888113909449e-07,-0.0032805295645737848,19940.674750337774
2003-04-02,False,-0.01402895633196844,1.6484009467841037e-06,-0.014030604732915224,19660.895024808164
2003-04-03,False,-0.006390457632592499,1.7832147692971868e-06,-0.006392240847361796,19535.217848534892
2003-04-04,False,-0.001852316633240255,6.675170139945896e-07,-0.0018529841502542496,19499.019399489793
2003-04-07,False,-0.009651846351761214,9.01444104405319e-07,-0.00965274779586562,19310.800282959826
2003-04-08,False,0.007615146313363137,6.888509209849874e-07,0.007614457462442152,19457.84155028014
2003-04-09,False,0.003528174772408915,1.7989571692971635e-06,0.0035263758152396176,19526.45721213981
2003-04-10,False,0.0022677184966070902,1.3020192659640578e-06,0.002266416477341126,19570.7122965095
2003-04-11,False,-0.0011594468827052632,2.9362494785525886e-07,-0.0011597405076531186,19548.015348695615
2003-04-14,False,0.00036449685395112944,5.265104758584854e-07,0.00036397034347527093,19555.13024655634
2003-04-15,False,0.002946024762347796,8.066195517687224e-07,0.0029452181427960275,19612.724370943233
2003-04-16,False,0.0024721764982384036,1.3712472849824048e-06,0.002470805250953421,19661.18359330446
2003-04-17,True,0.0814593818635252,0.0005,0.08095938186352519,21252.940863723674
2003-04-21,True,-0.0070523649984764,0.0,-0.0070523649984764,21103.05736746166
2003-04-22,True,0.0593116739979462,0.0,0.0593116739979462,22354.715026400503
2003-04-23,True,0.0284711312143693,0.0,0.0284711312143693,22991.179051176983
2003-04-24,True,-0.0130401545407151,0.0,-0.0130401545407151,22691.370523276382
2003-04-25,True,-0.0675666957697004,0.0,-0.0675666957697004,21158.189594532618
2003-04-28,True,0.0662304768175915,0.0,0.0662304768175915,22559.506579975514
2003-04-29,True,0.0261016581538072,0.0,0.0261016581538072,23148.3471088446
2003-04-30,True,-0.0288971259684195,0.0,-0.0288971259684195,22479.42640647962
2003-05-01,True,0.0193204854955437,0.0,0.0193204854955437,22913.73983831415
2003-05-02,True,0.0622871084179418,0.0,0.0622871084179418,24340.970435883733
2003-05-05,True,-0.0003110099032188,0.0,-0.0003110099032188,24333.400153024217
2003-05-06,True,0.0435444191300433,0.0,0.0435444191300433,25392.98392814657
2003-05-07,True,-0.0441316212752137,0.0,-0.0441316212752137,24272.350378382012
2003-05-08,True,-0.0452099605278914,0.0,-0.0452099605278914,23174.998375856212
2003-05-09,True,0.0664027152585952,0.0,0.0664027152585952,24713.881194126596
2003-05-12,True,0.044184494630945,0.0,0.044184494630945,25805.8515450583
2003-05-13,True,-0.0115766916544394,0.0,-0.0115766916544394,25507.10515884092
2003-05-14,True,-0.0203914431082791,0.0,-0.0203914431082791,24986.978475137523
2003-05-15,True,0.038574254453631,0.0,0.038574254453631,25950.832540864878
2003-05-16,True,-0.02186917411773,0.0,-0.02186917411773,25383.30926552865
2003-05-19,True,-0.1091846341082411,0.0,-0.1091846341082411,22611.841930915576
2003-05-20,True,0.000900520577244,0.0,0.000900520577244,22632.204359863757
2003-05-21,True,0.0021667488862354,0.0,0.0021667488862354,22681.24266345354
2003-05-22,True,0.0477963649000677,0.0,0.0477963649000677,23765.32361418295
2003-05-23,True,-0.0037834771353507,0.0,-0.0037834771353507,23675.40805567448
2003-05-27,True,0.1128342099369601,0.0,0.1128342099369601,26346.804018571653
2003-05-28,True,0.0017948039923502,0.0,0.0017948039923502,26394.09136760985
2003-05-29,True,0.0216862572863591,0.0,0.0216862572863591,26966.48042384751
2003-05-30,True,0.0407204171768566,0.0,0.0407204171768566,28064.56675649812
2003-06-02,True,-0.0320300734387022,0.0,-0.0320300734387022,27165.656622262122
2003-06-03,True,0.0339497506683419,0.0,0.0339497506683419,28087.923891329716
2003-06-04,True,0.0654826816540689,0.0,0.0654826816540689,29927.196469829378
2003-06-05,True,0.0169779070315775,0.0,0.0169779070315775,30435.297629209894
2003-06-06,True,-0.0453974230300144,0.0,-0.0453974230300144,29053.61354769226
2003-06-09,True,-0.0434952918506289,0.0,-0.0434952918506289,27789.91814712
2003-06-10,True,0.0436944383476335,0.0,0.0436944383476335,29004.18301228511
2003-06-11,True,0.0376501062408027,0.0,0.0376501062408027,30096.193584125333
2003-06-12,True,0.0025719279182057,0.0,0.0025719279182057,30173.59882463607
2003-06-13,True,-0.0620733908239443,0.0,-0.0620733908239443,28300.621232229532
2003-06-16,True,0.0938048722892682,0.0,0.0938048722892682,30955.35739262577
2003-06-17,True,-0.0047767812332433,0.0,-0.0047767812332433,30807.490422364335
2003-06-18,True,0.0199492853115628,0.0,0.0199492853115628,31422.077838533318
2003-06-19,True,-0.0529748147731047,0.0,-0.0529748147731047,29757.499085250936
2003-06-20,True,-0.0061561316581168,0.0,-0.0061561316581168,29574.308003065846
2003-06-23,True,-0.0570274976019298,0.0,-0.0570274976019298,27887.759224342273
2003-06-24,True,-0.0212348553420219,0.0,-0.0212348553420219,27295.56669140023
2003-06-25,True,-0.0085495525267664,0.0,-0.0085495525267664,27062.201810224247
2003-06-26,True,0.0662039498159335,0.0,0.0662039498159335,28853.826460777
2003-06-27,True,-0.0231336929282859,0.0,-0.0231336929282859,28186.330899627334
2003-06-30,True,-0.0089016967150323,0.0,-0.0089016967150323,27935.424730449307
2003-07-01,True,0.0390802086474807,0.0,0.0390802086474807,29027.146957571254
2003-07-02,True,0.0698735913839002,0.0,0.0698735913839002,31055.377963125007
2003-07-03,True,-0.0347661424758939,0.0,-0.0347661424758939,29975.702268216268
2003-07-07,True,0.1230927469299176,0.0,0.1230927469299176,33665.49380156437
2003-07-08,True,0.0385021200183277,0.0,0.0385021200183277,34961.68668438848
2003-07-09,True,-0.007482062624897,0.0,-0.007482062624897,34700.10115514386
2003-07-10,True,-0.0614703599510371,0.0,-0.0614703599510371,32567.07344679976
2003-07-11,True,0.0281224597361336,0.0,0.0281224597361336,33482.9396585311
2003-07-14,True,0.035473442805924,0.0,0.035473442805924,34670.6948034822
2003-07-15,True,-0.0030063356462781,0.0,-0.0030063356462781,34566.463057813264
2003-07-16,True,-0.0058130041162833,0.0,-0.0058130041162833,34365.52806577284
2003-07-17,True,-0.0837733530272179,0.0,-0.0837733530272179,31486.612551152088
2003-07-18,True,0.0094176358922333,0.0,0.0094176358922333,31783.142003638663
2003-07-21,True,-0.0456171312218529,0.0,-0.0456171312218529,30333.28624421589
2003-07-22,True,0.0406741938015964,0.0,0.0406741938015964,31567.068207552427
2003-07-23,True,0.0259112204368918,0.0,0.0259112204368918,32385.00947042472
2003-07-24,True,-0.0349730912542737,0.0,-0.0349730912542737,31252.405578945036
2003-07-25,True,0.0586771683820084,0.0,0.0586771683820084,33086.208243443616
2003-07-28,True,0.0051422368628762,0.0,0.0051422368628762,33256.345363125845
2003-07-29,True,-0.012625688776849,0.0,-0.012625688776849,32836.46109671562
2003-07-30,True,-0.0268645211147047,0.0,-0.0268645211147047,31954.325294250717
2003-07-31,True,0.0311720696086551,0.0,0.0311720696086551,32950.40774662071
2003-08-01,True,-0.0296689343863025,0.0,-0.0296689343863025,31972.80426118431
2003-08-04,True,0.0071456445061096,0.0,0.0071456445061096,32201.270554298157
2003-08-05,True,-0.089211950476209,0.0,-0.089211950476209,29328.5324003371
2003-08-06,True,-0.0356603589586449,0.0,-0.0356603589586449,28282.66640721083
2003-08-07,True,0.0049696215096185,0.0,0.0049696215096185,28423.220554537467
2003-08-08,True,-0.0244435877062419,0.0,-0.0244435877062419,27728.455070018772
2003-08-11,True,0.0393435342870293,0.0,0.0393435342870293,28819.39049279241
2003-08-12,True,0.0430023476521543,0.0,0.0430023476521543,30058.69194188666
2003-08-13,True,-0.0008651659402835,0.0,-0.0008651659402835,30032.686185409068
2003-08-14,True,0.0278195756656664,0.0,0.0278195756656664,30868.182771187272
2003-08-15,True,0.0040786785906145,0.0,0.0040786785906145,30994.084167387286
2003-08-18,True,0.0745481098419157,0.0,0.0745481098419157,33304.63455834725
2003-08-19,True,0.0346768261866362,0.0,0.0346768261866362,34459.53358213649
2003-08-20,True,2.508435975302921e-05,0.0,2.508435975302921e-05,34460.397977473796
2003-08-21,True,0.0343703256968624,0.0,0.0343703256968624,35644.81307960307
2003-08-22,True,-0.0231388058718507,0.0,-0.0231388058718507,34820.03466941573
2003-08-25,True,0.0047597219368036,0.0,0.0047597219368036,34985.768352272
2003-08-26,True,0.0054642067999357,0.0,0.0054642067999357,35176.93782560347
2003-08-27,True,0.0225735992403399,0.0,0.0225735992403399,35971.007922581
2003-08-28,True,0.030410605864313,0.0,0.030410605864313,37064.908067056684
2003-08-29,True,0.0199044585596788,0.0,0.0199044585596788,37802.66499369572
2003-09-02,True,0.0444219828997872,0.0,0.0444219828997872,39481.93433161205
2003-09-03,True,-0.0020514560744561,0.0,-0.0020514560744561,39400.93887759619
2003-09-04,True,0.0287593091090191,0.0,0.0287593091090191,40534.08265796254
2003-09-05,True,-0.0248841624950091,0.0,-0.0248841624950091,39525.42595851567
2003-09-08,True,0.0546278500293496,0.0,0.0546278500293496,41684.615000123624
2003-09-09,True,-0.0350487423602571,0.0,-0.0350487423602571,40223.62166859778
2003-09-10,True,-0.0838579634242031,0.0,-0.0838579634242031,36850.55067392352
2003-09-11,True,0.0416356528702771,0.0,0.0416356528702771,38384.847409861555
2003-09-12,True,0.0151013551995945,0.0,0.0151013551995945,38964.5106248801
2003-09-15,True,-0.0218552718116801,0.0,-0.0218552718116801,38112.93065416425
2003-09-16,True,0.0779513503646969,0.0,0.0779513503646969,41083.88506501241
2003-09-17,True,-0.013127019261453,0.0,-0.013127019261453,40544.57611442867
2003-09-18,True,0.0507678371140155,0.0,0.0507678371140155,42602.936550462786
2003-09-19,True,-0.0169296824321932,0.0,-0.0169296824321932,41881.682363984575
2003-09-22,True,-0.0559618417539795,0.0,-0.0559618417539795,39537.90628314084
2003-09-23,True,0.0478655957445252,0.0,0.0478655957445252,41430.41172187457
2003-09-24,True,-0.1049043658067475,0.0,-0.1049043658067475,37084.18065507888
2003-09-25,True,-0.0311720146623319,0.0,-0.0311720146623319,35928.1920319582
2003-09-26,True,-0.0372680620252752,0.0,-0.0372680620252752,34589.217942855175
2003-09-29,True,0.059964169622983,0.0,0.059964169622983,36663.33167470687
2003-09-30,True,-0.0715229524890674,0.0,-0.0715229524890674,34041.061945245885
2003-10-01,True,0.0727412247589895,0.0,0.0727412247589895,36517.25048323971
2003-10-02,True,0.0038874605905998,0.0,0.0038874605905998,36659.20985537036
2003-10-03,True,0.0856860737127415,0.0,0.0856860737127415,39800.39361328849
2003-10-06,True,0.0138501617782839,0.0,0.0138501617782839,40351.63550367191
2003-10-07,True,0.0235139966381803,0.0,0.0235139966381803,41300.46372525032
2003-10-08,True,-0.0219533422578559,0.0,-0.0219533422578559,40393.78050968174
2003-10-09,True,0.0315098380936121,0.0,0.0315098380936121,41666.581993530715
2003-10-10,True,0.0169426920416644,0.0,0.0169426920416644,42372.52606067587
2003-10-13,True,0.0209680369194285,0.0,0.0209680369194285,43260.99475148556
2003-10-14,True,0.0125300188139503,0.0,0.0125300188139503,43803.05582963188
2003-10-15,True,-0.0065492946607858,0.0,-0.0065492946607858,43516.17670996077
2003-10-16,True,0.0192341038641683,0.0,0.0192341038641683,44353.17137257166
2003-10-17,True,-0.0688046931761929,0.0,-0.0688046931761929,41301.465024890764
2003-10-20,True,0.0328379469130132,0.0,0.0328379469130132,42657.7203408078
2003-10-21,True,0.0272235867824799,0.0,0.0272235867824799,43819.01649244854
2003-10-22,True,-0.0733306384865797,0.0,-0.0733306384865797,40605.74003520332
2003-10-23,True,-0.020155353897129,0.0,-0.020155353897129,39787.316974538975
2003-10-24,True,-0.0163936815543587,0.0,-0.0163936815543587,39135.05637015605
2003-10-27,True,0.0148159304197333,0.0,0.0148159304197333,39714.87864230862
2003-10-28,True,0.0927372418268265,0.0,0.0927372418268265,43397.926947083455
2003-10-29,True,-0.0002785485684295,0.0,-0.0002785485684295,43385.83851665954
2003-10-30,True,-0.0054339174056044,0.0,-0.0054339174056044,43150.083453587125
2003-10-31,True,-0.0021627303274889,0.0,-0.0021627303274889,43056.76145946837
2003-11-03,True,0.056569586425324,0.0,0.056569586425324,45492.46464804432
2003-11-04,True,-0.0286506764440469,0.0,-0.0286506764440469,44189.07476277096
2003-11-05,True,0.0003105633813612,0.0,0.0003105633813612,44202.7982712485
2003-11-06,True,0.0220091713002298,0.0,0.0220091713002298,45175.665230349914
2003-11-07,True,-0.0070460638294197,0.0,-0.0070460638294197,44857.35460960037
2003-11-10,True,-0.0462350063475393,0.0,-0.0462350063475393,42783.374534491675
2003-11-11,True,-0.0106287966866524,0.0,-0.0106287966866524,42328.63874499567
2003-11-12,True,0.0720365523707073,0.0,0.0720365523707073,45377.8479467303
2003-11-13,True,-0.0076522852723817,0.0,-0.0076522852723817,45030.60370919516
2003-11-14,True,-0.0674896962142285,0.0,-0.0674896962142285,41991.50194451826
2003-11-17,True,-0.0293957445613669,0.0,-0.0293957445613669,40757.13047960907
2003-11-18,True,-0.0625965886024975,0.0,-0.0625965886024975,38205.87315035867
2003-11-19,True,0.0311488408528097,0.0,0.0311488408528097,39395.941812761834
2003-11-20,True,-0.0335937710326879,0.0,-0.0335937710326879,38072.48356388682
2003-11-21,True,0.021561614298408,0.0,0.021561614298408,38893.38776987383
2003-11-24,True,0.1003974813549867,0.0,0.1003974813549867,42798.18594333199
2003-11-25,True,-0.0168710671240643,0.0,-0.0168710671240643,42076.13487549386
2003-11-26,True,0.0185324713235363,0.0,0.0185324713235363,42855.90963847919
2003-11-28,True,0.0086795842671705,0.0,0.0086795842671705,43227.88111753262
2003-12-01,True,0.0480214019864654,0.0,0.0480214019864654,45303.74457370078
2003-12-02,True,-0.0315574926602147,0.0,-0.0315574926602147,43874.07198683598
2003-12-03,True,-0.0254596121493985,0.0,-0.0254596121493985,42757.05513063635
2003-12-04,True,0.0265788813673148,0.0,0.0265788813673148,43893.489826569275
2003-12-05,True,-0.0534106069603293,0.0,-0.0534106069603293,41549.11189332517
2003-12-08,True,0.0236879672112664,0.0,0.0236879672112664,42533.32589351149
2003-12-09,True,-0.0728211160265252,0.0,-0.0728211160265252,39436.00163362608
2003-12-10,True,0.0114248550698554,0.0,0.0114248550698554,39886.55223682485
2003-12-11,True,0.0604117445036367,0.0,0.0604117445036367,42296.16843968687
2003-12-12,True,0.0005909355252789,0.0,0.0005909355252789,42321.16274820106
2003-12-15,True,-0.0433527622114226,0.0,-0.0433527622114226,40486.42344306739
2003-12-16,True,0.0138090273633244,0.0,0.0138090273633244,41045.501572235844
2003-12-17,True,-0.0070773662449135,0.0,-0.0070773662449135,40755.007524902954
2003-12-18,True,0.0670281843778027,0.0,0.0670281843778027,43486.74168360089
2003-12-19,True,-0.0108378136211408,0.0,-0.0108378136211408,43015.44048224333
2003-12-22,True,0.0115882539355254,0.0,0.0115882539355254,43513.91432970004
2003-12-23,True,0.0344252390713049,0.0,0.0344252390713049,45011.89123342824
2003-12-24,True,-0.010381841254958,0.0,-0.010381841254958,44544.58492405735
2003-12-26,True,0.0013287660067157,0.0,0.0013287660067157,44603.7742542877
2003-12-29,True,0.0550163776684158,0.0,0.0550163776684158,47057.712344098356
2003-12-30,True,-0.000801089722594,0.0,-0.000801089722594,47020.01489437072
2003-12-31,True,-0.0043321803875362,0.0,-0.0043321803875362,46816.31570802366
2004-01-02,True,-0.0089565777166799,0.0,-0.0089565777166799,46397.001737976134
2004-01-05,True,0.0675978156754344,0.0,0.0675978156754344,49533.33770935266
2004-01-06,True,0.0093159742746878,0.0,0.0093159742746878,49994.78900919241
2004-01-07,True,0.0259126549248549,0.0,0.0259126549248549,51290.28672482854
2004-01-08,True,0.0324068990616356,0.0,0.0324068990616356,52952.445869562405
2004-01-09,True,-0.0200361048618751,0.0,-0.0200361048618751,51891.485111427086
2004-01-12,True,0.0380356300140894,0.0,0.0380356300140894,53865.21044000695
2004-01-13,True,-0.0292704395115158,0.0,-0.0292704395115158,52288.552056047665
2004-01-14,True,0.0182331413167294,0.0,0.0182331413167294,53241.93661493274
2004-01-15,True,-0.0041123597329251,0.0,-0.0041123597329251,53022.98661869454
2004-01-16,True,0.0422521288780613,0.0,0.0422521288780613,55263.32068280734
2004-01-20,True,-0.0015130289116968,0.0,-0.0015130289116968,55179.70568085788
2004-01-21,True,-0.0121778912754273,0.0,-0.0121778912754273,54507.73322446631
2004-01-22,True,-0.0314492772527902,0.0,-0.0314492772527902,52793.50440986895
2004-01-23,True,0.0014832709635322,0.0,0.0014832709635322,52871.811482023215
2004-01-26,True,0.0439198063016844,0.0,0.0439198063016844,55193.931201132844
2004-01-27,True,-0.0665473525043374,0.0,-0.0665473525043374,51520.92120539091
2004-01-28,True,-0.0546864532935866,0.0,-0.0546864532935866,48703.42475424975
2004-01-29,True,0.0096481429063328,0.0,0.0096481429063328,49173.32235630658
2004-01-30,True,-0.0067219969704769,0.0,-0.0067219969704769,48842.7794323992
2004-02-02,True,-0.010595163105668,0.0,-0.010595163105668,48325.28221777876
2004-02-03,True,0.0080189561033505,0.0,0.0080189561033505,48712.80053456516
2004-02-04,True,-0.0588660690897999,0.0,-0.0588660690897999,45845.269452739805
2004-02-05,True,0.0048972088046829,0.0,0.0048972088046829,46069.783309956816
2004-02-06,True,0.0693929189596174,0.0,0.0693929189596174,49266.70004967179
2004-02-09,True,-0.0161577088832345,0.0,-0.0161577088832345,48470.66305263156
2004-02-10,True,0.0188074150646952,0.0,0.0188074150646952,49382.27093112339
2004-02-11,True,0.0277084106565759,0.0,0.0277084106565759,50750.57517323725
2004-02-12,True,-0.0255059331973048,0.0,-0.0255059331973048,49456.13439314387
2004-02-13,True,-0.033775762538851,0.0,-0.033775762538851,47785.715741791544
2004-02-17,True,0.0445953832435769,0.0,0.0445953832435769,49916.73804886536
2004-02-18,True,0.00176545291175,0.0,0.00176545291175,50004.86369939878
2004-02-19,True,-0.0452210226817773,0.0,-0.0452210226817773,47743.59262384909
2004-02-20,True,-0.005522038583223,0.0,-0.005522038583223,47479.95066327851
2004-02-23,True,-0.0372108918663484,0.0,-0.0372108918663484,45713.1793533277
2004-02-24,True,-0.0035517994385984,0.0,-0.0035517994385984,45550.81530856401
2004-02-25,True,0.0166966361684665,0.0,0.0166966361684665,46311.360698948105
2004-02-26,True,0.0140326651280852,0.0,0.0140326651280852,46961.23251526241
2004-02-27,True,-0.0137763522838452,0.0,-0.0137763522838452,46314.278032448594
2004-03-01,True,0.038922192980115,0.0,0.038922192980115,48116.93129976225
2004-03-02,True,-0.0328373432331174,0.0,-0.0328373432331174,46536.89911134763
2004-03-03,True,-0.0145869246183619,0.0,-0.0145869246183619,45858.068872038086
2004-03-04,True,0.0311790815911051,0.0,0.0311790815911051,47287.88134300988
2004-03-05,True,-0.0170172408378534,0.0,-0.0170172408378534,46483.17207748405
2004-03-08,True,-0.0649761169677739,0.0,-0.0649761169677739,43462.876051544285
2004-03-09,True,-0.0076656432796747,0.0,-0.0076656432796747,43129.70514782443
2004-03-10,True,-0.0417446667545484,0.0,-0.0417446667545484,41329.26997920657
2004-03-11,True,-0.0324487536970725,0.0,-0.0324487536970725,39988.186677171485
2004-03-12,True,0.0624060796687539,0.0,0.0624060796687539,42483.69264075605
2004-03-15,True,-0.0661495531227861,0.0,-0.0661495531227861,39673.41535756425
2004-03-16,True,0.015362564107546,0.0,0.015362564107546,40282.90074436013
2004-03-17,True,0.0464561050928395,0.0,0.0464561050928395,42154.28741478455
2004-03-18,True,-0.0234130313236817,0.0,-0.0234130313236817,41167.32776311472
2004-03-19,True,-0.0406727664965727,0.0,-0.0406727664965727,39492.938653717676
2004-03-22,True,-0.0369399626946323,0.0,-0.0369399626946323,38034.07097314795
2004-03-23,True,-0.0247160051224532,0.0,-0.0247160051224532,37094.02068014788
2004-03-24,True,0.0258160894873413,0.0,0.0258160894873413,38051.643237471864
2004-03-25,True,0.0954568153553129,0.0,0.0954568153553129,41683.93191995745
2004-03-26,True,-0.0220957223314574,0.0,-0.0220957223314574,40762.8953345707
2004-03-29,True,0.0569912356164165,0.0,0.0569912356164165,43086.02310699054
2004-03-30,True,0.0060477325729285,0.0,0.0060477325729285,43346.59585237264
2004-03-31,True,-0.0142651377132656,0.0,-0.0142651377132656,42728.25069313727
2004-04-01,True,0.0308218911948985,0.0,0.0308218911948985,44045.216186949496
2004-04-02,True,0.0764804434449905,0.0,0.0764804434449905,47413.813852557876
2004-04-05,True,0.0363085065453525,0.0,0.0363085065453525,49135.338623163596
2004-04-06,True,-0.0294825478969399,0.0,-0.0294825478969399,47686.703648773815
2004-04-07,True,-0.0234068586915537,0.0,-0.0234068586915537,46570.507715000975
2004-04-08,True,0.0071202796683249,0.0,0.0071202796683249,46902.102754227664
2004-04-12,True,0.0209767560694444,0.0,0.0209767560694444,47885.95672284712
2004-04-13,True,-0.0462921318549609,0.0,-0.0462921318549609,45669.213700232125
2004-04-14,True,0.0055954623445823,0.0,0.0055954623445823,45924.75406579845
2004-04-15,True,-0.033021886726652,0.0,-0.033021886726652,44408.2320390883
2004-04-16,True,-0.0214237511572994,0.0,-0.0214237511572994,43456.84112654726
2004-04-19,True,0.0504894134506156,0.0,0.0504894134506156,45650.95154544322
2004-04-20,True,-0.0745443584117981,0.0,-0.0745443584117981,42247.93065160007
2004-04-21,True,0.0293907985841924,0.0,0.0293907985841924,43489.63107198018
2004-04-22,True,0.0712412316705889,0.0,0.0712412316705889,46587.885954447556
2004-04-23,True,0.0231766580437145,0.0,0.0231766580437145,47667.63745619336
2004-04-26,True,-0.0330942150242543,0.0,-0.0330942150242543,46090.1144125199
2004-04-27,True,-0.0022160585944942,0.0,-0.0022160585944942,45987.976018354806
2004-04-28,True,-0.0536813743531619,0.0,-0.0536813743531619,43519.278261969266
2004-04-29,True,-0.0448087773242691,0.0,-0.0448087773242691,41569.23261301578
2004-04-30,True,-0.062945324657779,0.0,-0.062945324657779,38952.643770414776
2004-05-03,True,0.0297523609472683,0.0,0.0297523609472683,40111.57688772251
2004-05-04,True,0.0143875015650756,0.0,0.0143875015650756,40688.682262972274
2004-05-05,True,0.013242907441009,0.0,0.013242907441009,41227.51871607744
2004-05-06,True,-0.0269937821221661,0.0,-0.0269937821221661,40114.632058418116
2004-05-07,True,-0.0200134693537247,0.0,-0.0200134693537247,39311.79909908102
2004-05-10,True,-0.019464440314754,0.0,-0.019464440314754,38546.616931851364
2004-05-11,True,0.0531611814038147,0.0,0.0531611814038147,40595.800627068864
2004-05-12,True,-0.014966025678954,0.0,-0.014966025678954,39988.24283242645
2004-05-13,True,0.0047233306731358,0.0,0.0047233306731358,40177.12052636166
2004-05-14,True,-0.0365657321292183,0.0,-0.0365657321292183,38708.0146994714
2004-05-17,True,-0.0428254370365906,0.0,-0.0428254370365906,37050.32705314776
2004-05-18,True,0.0381277050989209,0.0,0.0381277050989209,38462.970996848744
2004-05-19,True,-0.0024960580664982,0.0,-0.0024960580664982,38366.965187830574
2004-05-20,True,0.001068881405179,0.0,0.001068881405179,38407.97492349299
2004-05-21,True,0.0241987754781016,0.0,0.0241987754781016,39337.40088523516
2004-05-24,True,0.0122849836779116,0.0,0.0122849836779116,39820.66021304174
2004-05-25,True,0.0715355730053689,0.0,0.0715355730053689,42669.25395883377
2004-05-26,True,0.0126725429009515,0.0,0.0126725429009515,43209.98191017869
2004-05-27,True,0.0189953737652933,0.0,0.0189953737652933,44030.7716669541
2004-05-28,True,0.0063051124720443,0.0,0.0063051124720443,44308.39063454514
2004-06-01,True,0.0046720930468922,0.0,0.0046720930468922,44515.40355834778
2004-06-02,True,-0.0089001781093234,0.0,-0.0089001781093234,44119.20853807008
2004-06-03,True,-0.0390240329279259,0.0,-0.0390240329279259,42397.49909132641
2004-06-04,True,0.0203291048062545,0.0,0.0203291048062545,43259.402293877065
2004-06-07,True,0.0749924336321204,0.0,0.0749924336321204,46503.53014936583
2004-06-08,True,0.0090132913021954,0.0,0.0090132913021954,46922.6800131825
2004-06-09,True,-0.0531611292562884,0.0,-0.0531611292562884,44428.21735595025
2004-06-10,True,0.023948961978166,0.0,0.023948961978166,45492.22704416559
2004-06-14,True,-0.0459159479126798,0.0,-0.0459159479126798,43403.408316773886
2004-06-15,True,0.0422047251592572,0.0,0.0422047251592572,45235.237235758344
2004-06-16,True,0.0015226376461356,0.0,0.0015226376461356,45304.11411090539
2004-06-17,True,-0.0324304251071019,0.0,-0.0324304251071019,43834.882431188074
2004-06-18,True,0.0011911591496569,0.0,0.0011911591496569,43887.09675247012
2004-06-21,True,-0.023472089920226,0.0,-0.023472089920226,42856.97487115848
2004-06-22,True,0.0445925479366288,0.0,0.0445925479366288,44768.07657751951
2004-06-23,True,0.0378563000589408,0.0,0.0378563000589408,46462.83031749972
2004-06-24,True,-0.0105444276936153,0.0,-0.0105444276936153,45972.90636277613
2004-06-25,True,0.0202180599986138,0.0,0.0202180599986138,46902.38934192939
2004-06-28,True,-0.0107141579783389,0.0,-0.0107141579783389,46399.8697329584
2004-06-29,True,0.0251943779039764,0.0,0.0251943779039764,47568.88558570584
2004-06-30,True,0.0218167531157316,0.0,0.0218167531157316,48606.68421851966
2004-07-01,True,-0.0536228905067311,0.0,-0.0536228905067311,46000.25331277472
2004-07-02,True,-0.0169570233549332,0.0,-0.0169570233549332,45220.22594301716
2004-07-06,True,-0.0719422108348757,0.0,-0.0719422108348757,41966.9829142239
2004-07-07,True,0.0139896137967191,0.0,0.0139896137967191,42554.084797407406
2004-07-08,True,-0.0441958850374755,0.0,-0.0441958850374755,40673.3693578262
2004-07-09,True,0.0185147542547701,0.0,0.0185147542547701,41426.426796199856
2004-07-12,True,-0.0165186393892611,0.0,-0.0165186393892611,40742.11859076781
2004-07-13,True,-0.0072661679992115,0.0,-0.0072661679992115,40446.07951244349
2004-07-14,True,-0.0266021025329437,0.0,-0.0266021025329437,39370.12875819787
2004-07-15,True,-0.0003568956671405,0.0,-0.0003568956671405,39356.07772982931
2004-07-16,True,-0.0504021093506951,0.0,-0.0504021093506951,37372.44839647599
2004-07-19,True,0.0098310582637597,0.0,0.0098310582637597,37739.8591141211
2004-07-20,True,0.0521098507830628,0.0,0.0521098507830628,39706.47754113177
2004-07-21,True,-0.0729139172401306,0.0,-0.0729139172401306,36811.32272380058
2004-07-22,True,0.0473875982724525,0.0,0.0473875982724525,38555.72289691364
2004-07-23,True,-0.0704335588356773,0.0,-0.0704335588356773,35840.10611980181
2004-07-26,True,-0.0155268823733268,0.0,-0.0155268823733268,35283.621007832095
2004-07-27,True,0.0505575740379133,0.0,0.0505575740379133,37067.475289261245
2004-07-28,False,0.0019044733111050697,0.0005015745890187205,0.0014028987220863491,37119.477202975526
2004-07-29,False,-0.0006392212227855827,3.6036014605561606e-07,-0.0006395815829316383,37095.736268988454
2004-07-30,False,0.00817636124592481,3.9946073901506177e-07,0.008175961785185796,37399.02959111703
2004-08-02,False,-0.0009690820872427641,5.123161285093686e-07,-0.0009695944033712735,37362.76770133397
2004-08-03,False,-0.00016848477591079554,3.2567725395687976e-07,-0.00016881045316475242,37356.46047558682
2004-08-04,False,-0.0053830219428864234,2.0371289191914306e-06,-0.005385059071805615,37155.29372921221
2004-08-05,False,-0.00040779747463278864,2.1684387564602226e-07,-0.00040801431850843463,37140.13383736231
2004-08-06,False,0.012840101992309021,1.3157198993080932e-06,0.012838786272409712,37616.9680778289
2004-08-09,False,-0.002456672302716332,5.235073689341397e-07,-0.0024571958100852664,37524.535821479934
2004-08-10,False,-0.0037139887764270334,1.006406319035577e-06,-0.003714995182746069,37385.132351668355
2004-08-11,False,-0.0042876374933316155,1.6521989273202835e-06,-0.004289289692258936,37224.776688828606
2004-08-12,False,0.0012300586053790416,1.3815362871029412e-07,0.0012299204517503314,37270.56020299003
2004-08-13,False,0.007554483519960409,9.719104650819239e-07,0.007553511609495327,37552.08381217572
2004-08-16,False,-0.0013638859327312891,2.2861452823004643e-06,-0.0013661720780135896,37500.781203800296
2004-08-17,False,-0.002108103259563588,9.990889727928693e-07,-0.002109102348536381,37421.68821809141
2004-08-18,False,-0.0013539142917665366,7.804042184636484e-07,-0.0013546946959850004,37370.99325554756
2004-08-19,False,0.004893205931577187,8.548376408781533e-07,0.004892351093936309,37553.82527528283
2004-08-20,False,-0.0024348141401560066,2.3281997102161946e-06,-0.0024371423398662226,37462.30125768049
2004-08-23,False,-0.008017358706008277,2.266948488196502e-06,-0.008019625654496473,37161.86762543793
2004-08-24,False,-0.007280576083006712,1.222328603564471e-06,-0.007281798411610277,36891.262396790546
2004-08-25,False,-0.0022379612935774,8.104869561739587e-07,-0.002238771780533574,36808.67127958835
2004-08-26,False,-0.0012145389677379796,7.18449423531567e-07,-0.0012152574171615113,36763.93926879997
2004-08-27,False,-0.001322953655151668,1.7231055422943508e-07,-0.0013231259657058973,36715.29594615179
2004-08-30,False,-0.002445118439836846,1.257220980897214e-06,-0.002446375660817743,36625.47653976941
2004-08-31,False,0.005162803334569421,2.2099294597649477e-07,0.005162582341623445,36814.55857820717
2004-09-01,False,0.004608769686989465,1.3688961252019682e-06,0.004607400790864263,36984.17800451572
2004-09-02,False,-8.814743013912044e-05,1.0464501469143878e-06,-8.919388028603483e-05,36980.879242170304
2004-09-03,False,-0.005777081094625841,1.0775106035538912e-06,-0.005778158605229395,36767.197856548206
2004-09-07,False,-0.0005657722147904418,1.1761856341541283e-06,-0.0005669484004245959,36746.35275253534
2004-09-08,False,0.0036279748183737325,1.3559561387065239e-06,0.003626618862235026,36879.61776854603
2004-09-09,False,0.006009734512119007,1.2873599751065529e-06,0.006008447152143901,37101.20700289961
2004-09-10,False,0.003354137459407844,5.442554055296172e-07,0.0033535932040023144,37225.629358564816
2004-09-13,False,0.001832610550629342,1.3154874653535654e-06,0.0018312950631639883,37293.800469832335
2004-09-14,False,0.009911782612185636,1.3452333592592902e-06,0.009910437378826378,37663.39834400705
2004-09-15,False,-0.002309072916042593,1.4549046207841532e-07,-0.0023092184065046715,37576.42533129956
2004-09-16,False,0.00593653524459143,1.6706595300528954e-06,0.005934864585061378,37799.43632723149
2004-09-17,False,0.004588657506926354,1.1975479303215491e-06,0.004587459958996032,37972.83972785529
2004-09-20,False,0.0035094647342212605,1.1586186534259108e-06,0.0035083061155678345,38106.060073698005
2004-09-21,False,0.007514095863645705,1.2430092201678872e-06,0.007512852854425537,38392.345295893596
2004-09-22,False,0.00415468591852393,2.371034775452127e-06,0.004152314883748478,38551.76240268775
2004-09-23,False,0.006506024482184309,1.4323370454642493e-06,0.0065045921451388445,38802.52589359353
2004-09-24,False,3.2950947285473785e-05,1.6377875421347972e-06,3.131315974333899e-05,38803.74092328527
2004-09-27,False,0.006875655372900012,1.4408175396587314e-06,0.006874214555360353,39070.48616394256
2004-09-28,False,0.0032527962654739263,6.85755941170374e-07,0.003252110509532756,39197.54770260886
2004-09-29,False,-0.0016808185897432982,7.848339604876464e-07,-0.0016816034237037859,39131.632972191364
2004-09-30,False,0.00656429656882001,7.725460173590021e-07,0.006563524022802651,39388.47438525583
2004-10-01,False,0.0006224506578971165,8.754492522704272e-07,0.0006215752086448462,39412.95728444005
2004-10-04,False,-0.0057725098516281485,1.2601892454476295e-06,-0.005773770040873596,39185.39593244892
2004-10-05,False,0.004210193299632917,8.450893894927231e-07,0.004209348210243424,39350.340908684855
2004-10-06,False,0.0022197342255482998,8.492144477250524e-07,0.0022188850111005748,39437.65479030884
2004-10-07,False,-0.00026597648038308505,2.0104955451674678e-07,-0.0002661775299376018,39427.15737277023
2004-10-08,True,-0.0512222217961271,0.0005,-0.0517222217961271,37387.897194344994
2004-10-11,True,0.0140987904218945,0.0,0.0140987904218945,37915.02132120341
2004-10-12,True,-0.005791321414433,0.0,-0.005791321414433,37695.44324629724
2004-10-13,True,-0.0012238837482182,0.0,-0.0012238837482182,37649.30840592621
2004-10-14,True,-0.0194408665069482,0.0,-0.0194408665069482,36917.373227127675
2004-10-15,True,0.012049287941202,0.0,0.012049287941202,37362.20128717416
2004-10-18,True,0.0551019531193363,0.0,0.0551019531193363,39420.93155093524
2004-10-19,True,-0.0279100415132629,0.0,-0.0279100415132629,38320.69171485714
2004-10-20,True,0.0174800234454277,0.0,0.0174800234454277,38990.53830447785
2004-10-21,True,0.0464417189905324,0.0,0.0464417189905324,40801.325927704
2004-10-22,True,-0.074428898185754,0.0,-0.074428898185754,37764.52819438715
2004-10-25,True,-0.0119492500954902,0.0,-0.0119492500954902,37313.27040225423
2004-10-26,True,0.0199392805109823,0.0,0.0199392805109823,38057.27016758692
2004-10-27,True,0.0787182624961532,0.0,0.0787182624961532,41053.07235052604
2004-10-28,True,0.0142694918447496,0.0,0.0142694918447496,41638.87883163379
2004-10-29,True,-0.0009087469824546,0.0,-0.0009087469824546,41601.03962614275
2004-11-01,True,0.0040724496673274,0.0,0.0040724496673274,41770.45776612871
2004-11-02,True,0.0120668463986009,0.0,0.0120668463986009,42274.495463991836
2004-11-03,True,0.0180792065454922,0.0,0.0180792065454922,43038.784799091816
2004-11-04,True,0.0244518843235645,0.0,0.0244518843235645,44091.164186426
2004-11-05,True,0.0177807818057296,0.0,0.0177807818057296,44875.13955638544
2004-11-08,True,0.003609908375727,0.0,0.003609908375727,45037.134698531954
2004-11-09,True,-0.0003633212628416,0.0,-0.0003633212628416,45020.77174987852
2004-11-10,True,-0.0196363027771423,0.0,-0.0196363027771423,44136.73024453729
2004-11-11,True,0.0486176799785106,0.0,0.0486176799785106,46282.55567086405
2004-11-12,True,0.0324082855993092,0.0,0.0324082855993092,47782.49395331134
2004-11-15,True,0.0047993278132306,0.0,0.0047993278132306,48011.817805527
2004-11-16,True,-0.0239991197622929,0.0,-0.0239991197622929,46859.57644000677
2004-11-17,True,0.043654275948678,0.0,0.043654275948678,48905.197320757
2004-11-18,True,0.0183931024892454,0.0,0.0183931024892454,49804.71562733445
2004-11-19,True,-0.0545763534084584,0.0,-0.0545763534084584,47086.55586584928
2004-11-22,True,0.0311420332077348,0.0,0.0311420332077348,48552.92695226141
2004-11-23,True,-0.0109774269152215,0.0,-0.0109774269152215,48019.940745122876
2004-11-24,True,0.0381901346862531,0.0,0.0381901346862531,49853.828749805005
2004-11-26,True,-0.0082451608703625,0.0,-0.0082451608703625,49442.77591175935
2004-11-29,True,0.0040303064587279,0.0,0.0040303064587279,49642.045450853955
2004-11-30,True,-0.0170832146516863,0.0,-0.0170832146516863,48793.99973266826
2004-12-01,True,0.0679430390056097,0.0,0.0679430390056097,52109.21235974465
2004-12-02,True,0.0110869449967081,0.0,0.0110869449967081,52686.94433099892
2004-12-03,True,0.0022120016952732,0.0,0.0022120016952732,52803.487941177846
2004-12-06,True,0.0095302484957621,0.0,0.0095302484957621,53306.71830270025
2004-12-07,True,-0.0561653345378219,0.0,-0.0561653345378219,50312.72863611565
2004-12-08,True,0.0236322733271905,0.0,0.0236322733271905,51501.7327910811
2004-12-09,True,0.0146436622342103,0.0,0.0146436622342103,52255.906770550246
2004-12-10,True,-0.0087425559588767,0.0,-0.0087425559588767,51799.05658142687
2004-12-13,True,0.0297898304101002,0.0,0.0297898304101002,53342.14169239076
2004-12-14,True,0.0115455403533462,0.0,0.0115455403533462,53958.005541834165
2004-12-15,True,-0.0071726431150083,0.0,-0.0071726431150083,53570.98402488495
2004-12-16,True,-0.0296941609602674,0.0,-0.0296941609602674,51980.2386024501
2004-12-17,True,-0.0206581985790205,0.0,-0.0206581985790205,50906.42051121582
2004-12-20,True,-0.008831504922832,0.0,-0.008831504922832,50456.84020786726
2004-12-21,True,0.0324700663479085,0.0,0.0324700663479085,52095.177157122525
2004-12-22,True,0.0079230752792824,0.0,0.0079230752792824,52507.931167425966
2004-12-23,True,0.0002600647796132,0.0,0.0002600647796132,52521.58663097296
2004-12-27,True,-0.011603180604159,0.0,-0.011603180604159,51912.169175676805
2004-12-28,True,0.0308639105582359,0.0,0.0308639105582359,53514.38172199891
2004-12-29,True,0.0012907896846286,0.0,0.0012907896846286,53583.45753390494
2004-12-30,True,-0.0023098876218428,0.0,-0.0023098876218428,53459.68576861183
2004-12-31,True,-0.0049906002036983,0.0,-0.0049906002036983,53192.88984992535
2005-01-03,True,-0.0327051833464209,0.0,-0.0327051833464209,51453.20663465757
2005-01-04,True,-0.0593870686942637,0.0,-0.0593870686942637,48397.55151770502
2005-01-05,True,-0.0155193190121917,0.0,-0.0155193190121917,47646.45447629277
2005-01-06,True,-0.0120873948231537,0.0,-0.0120873948231537,47070.53296911439
2005-01-07,True,0.0139249986802525,0.0,0.0139249986802525,47725.9900785881
2005-01-10,True,9.278068298059416e-05,0.0,9.278068298059416e-05,47730.41812854352
2005-01-11,True,-0.0222015873543133,0.0,-0.0222015873543133,46670.72708100476
2005-01-12,True,0.0237914996328767,0.0,0.0237914996328767,47781.09366721858
2005-01-13,True,-0.0395868158445011,0.0,-0.0395868158445011,45889.59231136554
2005-01-14,True,0.0308098598206812,0.0,0.0308098598206812,47303.44421770692
2005-01-18,True,0.0236716070520739,0.0,0.0236716070520739,48423.19276143817
2005-01-19,True,-0.0531978373758919,0.0,-0.0531978373758919,45847.18362769372
2005-01-20,True,-0.0604611944852802,0.0,-0.0604611944852802,43075.20814177737
2005-01-21,True,-0.0217482100267122,0.0,-0.0217482100267122,42138.399468165655
2005-01-24,True,-0.0459671428805206,0.0,-0.0459671428805206,40201.417639056024
2005-01-25,True,0.0199595383818765,0.0,0.0199595383818765,41003.81937742861
2005-01-26,True,0.0369935564278161,0.0,0.0369935564278161,42520.696483323496
2005-01-27,True,-0.0030234666822787,0.0,-0.0030234666822787,42392.136574198885
2005-01-28,True,-0.016220846919417,0.0,-0.016220846919417,41704.50021624178
2005-01-31,True,0.0402311003054795,0.0,0.0402311003054795,43382.318147631304
2005-02-01,True,0.0078324255113488,0.0,0.0078324255113488,43722.10692303226
2005-02-02,True,0.002711646482284,0.0,0.002711646482284,43840.66582046815
2005-02-03,True,-0.033287439002461,0.0,-0.033287439002461,42381.322331142044
2005-02-04,True,0.0520911094885064,0.0,0.0520911094885064,44589.012432961244
2005-02-07,True,-0.0107588572403642,0.0,-0.0107588572403642,44109.28561370619
2005-02-08,True,0.0070186869093962,0.0,0.0070186869093962,44418.87487922593
2005-02-09,True,-0.0507793249779362,0.0,-0.0507793249779362,42163.31439657943
2005-02-10,True,-8.390123010507204e-05,0.0,-8.390123010507204e-05,42159.77684263625
2005-02-11,True,0.0470204737755114,0.0,0.0470204737755114,44142.14952404684
2005-02-14,True,0.01496649645602,0.0,0.01496649645602,44802.8028484596
2005-02-15,True,0.0176021545070203,0.0,0.0176021545070203,45591.428706545754
2005-02-16,True,-0.0096067506141117,0.0,-0.0096067506141117,45153.44322082092
2005-02-17,True,-0.0450946311194556,0.0,-0.0450946311194556,43117.26535500472
2005-02-18,True,-0.0078083891087976,0.0,-0.0078083891087976,42780.58896980556
2005-02-22,True,-0.0423559444441515,0.0,-0.0423559444441515,40968.5767201124
2005-02-23,True,0.0059346967375697,0.0,0.0059346967375697,41211.71279871613
2005-02-24,True,0.0411901117538595,0.0,0.0411901117538595,42909.22785446321
2005-02-25,True,0.0180337988319417,0.0,0.0180337988319417,43683.04423762455
2005-02-28,True,-0.031333058352266,0.0,-0.031333058352266,42314.320863522444
2005-03-01,True,0.0320910119514261,0.0,0.0320910119514261,43672.230240070225
2005-03-02,True,-0.0040014956943201,0.0,-0.0040014956943201,43497.47599880323
2005-03-03,True,-0.0264687541364317,0.0,-0.0264687541364317,42346.15200103557
2005-03-04,True,0.0171106238193794,0.0,0.0171106238193794,43070.721078123555
2005-03-07,True,0.0484409846676441,0.0,0.0484409846676441,45157.109217493315
2005-03-08,True,-0.032263836951789,0.0,-0.032263836951789,43700.16760848599
2005-03-09,True,-0.0132226451043231,0.0,-0.0132226451043231,43122.33580119953
2005-03-10,True,0.0045985126987991,0.0,0.0045985126987991,43320.63440998323
2005-03-11,True,-0.0370131262143122,0.0,-0.0370131262143122,41717.20230088244
2005-03-14,True,0.0186950771856507,0.0,0.0186950771856507,42497.10861786684
2005-03-15,True,-0.0259346543784316,0.0,-0.0259346543784316,41394.9607937798
2005-03-16,True,-0.0317507622397684,0.0,-0.0317507622397684,40080.63923569197
2005-03-17,True,0.0026923263827691,0.0,0.0026923263827691,40188.549398144474
2005-03-18,True,-0.0066480670367031,0.0,-0.0066480670367031,39921.373227637756
2005-03-21,True,-3.493691944189936e-05,0.0,-3.493691944189936e-05,39919.97849783729
2005-03-22,True,-0.0392628634082051,0.0,-0.0392628634082051,38352.60583481822
2005-03-23,True,0.0135433359700239,0.0,0.0135433359700239,38872.028060965065
2005-03-24,True,-0.0038658389738614,0.0,-0.0038658389738614,38721.75505989395
2005-03-28,True,0.0055178546907781,0.0,0.0055178546907781,38935.41607768635
2005-03-29,True,-0.0171856678441304,0.0,-0.0171856678441304,38266.28494960222
2005-03-30,True,0.0559994406988926,0.0,0.0559994406988926,40409.1755044044
2005-03-31,True,-0.0186555810969131,0.0,-0.0186555810969131,39655.31885372259
2005-04-01,True,-0.0268047595670834,0.0,-0.0268047595670834,38592.36756629252
2005-04-04,True,0.0149134327099537,0.0,0.0149134327099537,39167.91224311022
2005-04-05,True,0.0141480459440261,0.0,0.0141480459440261,39722.06166505733
2005-04-06,True,-0.0063599530561587,0.0,-0.0063599530561587,39469.43121757373
2005-04-07,True,0.0384440211248728,0.0,0.0384440211248728,40986.79486508884
2005-04-08,True,-0.0283590934381263,0.0,-0.0283590934381263,39824.44651978048
2005-04-11,True,-0.0143691020953101,0.0,-0.0143691020953101,39252.20498184854
2005-04-12,True,0.0213952400829349,0.0,0.0213952400829349,40092.015331219765
2005-04-13,True,-0.0554929683166552,0.0,-0.0554929683166552,37867.19039469353
2005-04-14,True,-0.0423108956837841,0.0,-0.0423108956837841,36264.99565206566
2005-04-15,True,-0.0678722569226816,0.0,-0.0678722569226816,33803.60854986873
2005-04-18,True,0.0028227863788435,0.0,0.0028227863788435,33899.02891563906
2005-04-19,True,0.0228837343463089,0.0,0.0228837343463089,34674.765287942384
2005-04-20,True,-0.0295919548609915,0.0,-0.0295919548609915,33648.67119872612
2005-04-21,True,0.0862689161467419,0.0,0.0862689161467419,36551.50559281831
2005-04-22,True,-0.0543612968074704,0.0,-0.0543612968074704,34564.5183485272
2005-04-25,True,0.0338465929486882,0.0,0.0338465929486882,35734.40953153727
2005-04-26,True,-0.0353705062207957,0.0,-0.0353705062207957,34470.465376905566
2005-04-27,True,0.006895698801436,0.0,0.006895698801436,34708.16332369003
2005-04-28,True,-0.0306265545265291,0.0,-0.0306265545265291,33645.17186714136
2005-04-29,True,0.0243427593370665,0.0,0.0243427593370665,34464.18818875743
2005-05-02,True,0.0060266793284344,0.0,0.0060266793284344,34671.89279928589
2005-05-03,True,0.00808000284404,0.0,0.00808000284404,34952.04179171236
2005-05-04,True,0.0515371404191846,0.0,0.0515371404191846,36753.37007746905
2005-05-05,True,-0.0043485142102323,0.0,-0.0043485142102323,36593.54752541325
2005-05-06,True,0.0119447897674324,0.0,0.0119447897674324,37030.64975744885
2005-05-09,True,0.0150680394533438,0.0,0.0150680394533438,37588.62904897705
2005-05-10,True,-0.026829323759704,0.0,-0.026829323759704,36580.15155053863
2005-05-11,True,0.018872640362623,0.0,0.018872640362623,37270.51559516218
2005-05-12,True,-0.0099207844229181,0.0,-0.0099207844229181,36900.76284461157
2005-05-13,True,0.0325293220083613,0.0,0.0325293220083613,38101.11964153812
2005-05-16,True,0.0203642276480425,0.0,0.0203642276480425,38877.019515563705
2005-05-17,True,0.019029862243099,0.0,0.019029862243099,39616.843841367154
2005-05-18,True,0.0383568150118704,0.0,0.0383568150118704,41136.41979194464
2005-05-19,True,0.0240541854318589,0.0,0.0240541854318589,42125.922861622865
2005-05-20,True,0.0129355842210324,0.0,0.0129355842210324,42670.8462846881
2005-05-23,True,0.0139166772494224,0.0,0.0139166772494224,43264.68268039182
2005-05-24,True,0.0101200142197523,0.0,0.0101200142197523,43702.52188433046
2005-05-25,True,-0.0152517546258306,0.0,-0.0152517546258306,43035.98174402066
2005-05-26,True,0.031354308367419,0.0,0.031354308367419,44385.3451865173
2005-05-27,True,0.0017967941067555,0.0,0.0017967941067555,44465.09651317474
2005-05-31,True,-0.0140202090663349,0.0,-0.0140202090663349,43841.68656390527
2005-06-01,True,0.0326674088838491,0.0,0.0326674088838491,45273.88086504591
2005-06-02,True,0.0180578759820954,0.0,0.0180578759820954,46091.43099093506
2005-06-03,True,-0.0469496796373209,0.0,-0.0469496796373209,43927.453071884986
2005-06-06,True,0.001392571355578,0.0,0.001392571355578,43988.62518475638
2005-06-07,True,-0.0276129760476209,0.0,-0.0276129760476209,42773.96833116193
2005-06-08,True,-0.006882050865167,0.0,-0.006882050865167,42479.595705401836
2005-06-09,True,0.0229920196683185,0.0,0.0229920196683185,43456.28740536265
2005-06-10,True,-0.0360762042516188,0.0,-0.0360762042516188,41888.54950490974
2005-06-13,True,0.015853451753091,0.0,0.015853451753091,42552.627603492794
2005-06-14,True,-0.0093821110107858,0.0,-0.0093821110107858,42153.3941275162
2005-06-15,True,0.00983618257608,0.0,0.00983618257608,42568.02260835591
2005-06-16,True,0.0154137580327292,0.0,0.0154137580327292,43224.15580877285
2005-06-17,True,0.0012444474618854,0.0,0.0012444474618854,43277.945999761214
2005-06-20,True,-0.0017412414812231,0.0,-0.0017412414812231,43202.58864496429
2005-06-21,True,-0.0017618663372514,0.0,-0.0017618663372514,43126.47145834861
2005-06-22,True,-0.0042816860208382,0.0,-0.0042816860208382,42941.81744837732
2005-06-23,True,-0.0361393449485848,0.0,-0.0361393449485848,41389.92829489126
2005-06-24,True,-0.0313524901708774,0.0,-0.0313524901708774,40092.25097485235
2005-06-27,True,-0.0130052774564626,0.0,-0.0130052774564626,39570.84012707027
2005-06-28,True,0.0296979709789243,0.0,0.0296979709789243,40746.01378877566
2005-06-29,True,-0.0090946235323504,0.0,-0.0090946235323504,40375.444132922785
2005-06-30,True,-0.0212680460190119,0.0,-0.0212680460190119,39516.73732906574
2005-07-01,True,-0.0061533644267887,0.0,-0.0061533644267887,39273.576443322316
2005-07-05,True,0.0316916635424661,0.0,0.0316916635424661,40518.2214140734
2005-07-06,True,-0.0166780406533101,0.0,-0.0166780406533101,39842.45687012967
2005-07-07,True,0.0113281643825556,0.0,0.0113281643825556,40293.79877095938
2005-07-08,True,0.0586842849408229,0.0,0.0586842849408229,42658.411539382534
2005-07-11,True,0.0280073757243821,0.0,0.0280073757243821,43853.16169917134
2005-07-12,True,0.0152225721335039,0.0,0.0152225721335039,44520.719616419185
2005-07-13,True,0.0037657191793813,0.0,0.0037657191793813,44688.3721441586
2005-07-14,True,0.0303198460093711,0.0,0.0303198460093711,46043.316705978956
2005-07-15,True,0.0082004378121621,0.0,0.0082004378121621,46420.89206129201
2005-07-18,True,-0.0148496077473739,0.0,-0.0148496077473739,45731.56002289865
2005-07-19,True,0.0388261919425056,0.0,0.0388261919425056,47507.14235017793
2005-07-20,True,0.0229728171049116,0.0,0.0229728171049116,48598.51524256556
2005-07-21,True,-0.0017636685076439,0.0,-0.0017636685076439,48512.803571713994
2005-07-22,True,-0.0022713093298988,0.0,-0.0022713093298988,48402.61598834201
2005-07-25,True,-0.0136321930914714,0.0,-0.0136321930914714,47742.782181056595
2005-07-26,True,0.0099338916638004,0.0,0.0099338916638004,48217.05380697163
2005-07-27,True,0.02427286863602,0.0,0.02427286863602,49387.42002004416
2005-07-28,True,0.0122947395163814,0.0,0.0122947395163814,49994.62548457673
2005-07-29,True,-0.0251775049137996,0.0,-0.0251775049137996,48735.88555577523
2005-08-01,True,0.0091301799464555,0.0,0.0091301799464555,49180.852960749326
2005-08-02,True,0.0313295405665567,0.0,0.0313295405665567,50721.66648868099
2005-08-03,True,0.0001738214346578,0.0,0.0001738214346578,50730.48300151829
2005-08-04,True,-0.0341739191069969,0.0,-0.0341739191069969,48996.823579165524
2005-08-05,True,-0.0134935862407422,0.0,-0.0134935862407422,48335.68071467762
2005-08-08,True,-0.0219267108163152,0.0,-0.0219267108163152,47275.838221537146
2005-08-09,True,0.0209158282434208,0.0,0.0209158282434208,48264.65153384256
2005-08-10,True,-0.029070513494419,0.0,-0.029070513494419,46861.57333012456
2005-08-11,True,0.0281053000824357,0.0,0.0281053000824357,48178.63191090277
2005-08-12,True,-0.0168408933776487,0.0,-0.0168408933776487,47367.26070781027
2005-08-15,True,0.0167261510219139,0.0,0.0167261510219139,48159.53266390347
2005-08-16,True,-0.0502010536597501,0.0,-0.0502010536597501,45741.87338041436
2005-08-17,True,0.0156212795986173,0.0,0.0156212795986173,46456.41997385436
2005-08-18,True,-0.0125402446135993,0.0,-0.0125402446135993,45873.845103510124
2005-08-19,True,-0.0040440389417127,0.0,-0.0040440389417127,45688.329487505434
2005-08-22,True,0.0034043057540947,0.0,0.0034043057540947,45843.86653047472
2005-08-23,True,-0.008328697675709,0.0,-0.008328697675709,45462.04682585684
2005-08-24,True,-0.0184703339936789,0.0,-0.0184703339936789,44622.347636947
2005-08-25,True,0.0078496853701377,0.0,0.0078496853701377,44972.61902637394
2005-08-26,True,-0.0136489101568453,0.0,-0.0136489101568453,44358.79178976493
2005-08-29,True,0.0242420155981531,0.0,0.0242420155981531,45434.13831224763
2005-08-30,True,-0.0112139170440161,0.0,-0.0112139170440161,44924.64365424774
2005-08-31,True,0.0304581443792704,0.0,0.0304581443792704,46292.964936856086
2005-09-01,True,-0.008617799932545,0.0,-0.008617799932545,45894.021426745945
2005-09-02,True,-0.008013403568663,0.0,-0.008013403568663,45526.254111664566
2005-09-06,True,0.0458948958390382,0.0,0.0458948958390382,47615.67680206099
2005-09-07,True,0.004705448834449,0.0,0.004705448834449,47839.72993297074
2005-09-08,True,-0.0042464041315888,0.0,-0.0042464041315888,47636.58310612928
2005-09-09,True,0.0188996643234386,0.0,0.0188996643234386,48536.89853635071
2005-09-12,True,0.0079940762613107,0.0,0.0079940762613107,48924.906204737796
2005-09-13,True,-0.0091273229929358,0.0,-0.0091273229929358,48478.35278340806
2005-09-14,True,-0.0332849447984294,0.0,-0.0332849447984294,46864.75348709354
2005-09-15,True,-0.0021957144300398,0.0,-0.0021957144300398,46761.85187160167
2005-09-16,True,0.0204063218952089,0.0,0.0204063218952089,47716.08927330965
2005-09-19,True,-0.0252771388556232,0.0,-0.0252771388556232,46509.96305910089
2005-09-20,True,-0.0150117785986165,0.0,-0.0150117785986165,45811.765791027836
2005-09-21,True,-0.031254830572994,0.0,-0.031254830572994,44379.926812979575
2005-09-22,True,0.0104446042688053,0.0,0.0104446042688053,44843.457586019686
2005-09-23,True,0.0082440178774613,0.0,0.0082440178774613,45213.14785204601
2005-09-26,True,0.0019585051696405,0.0,0.0019585051696405,45301.69803584996
2005-09-27,True,-0.0078266353762234,0.0,-0.0078266353762234,44947.138163399584
2005-09-28,True,-0.0002151395012129,0.0,-0.0002151395012129,44937.46825851416
2005-09-29,True,0.0402264397507768,0.0,0.0402264397507768,46745.14261796773
2005-09-30,True,0.0219718004938598,0.0,0.0219718004938598,47772.21756562674
2005-10-03,True,0.0071975981194343,0.0,0.0071975981194343,48116.0627889383
2005-10-04,True,-0.0189421188498448,0.0,-0.0189421188498448,47204.64260900364
2005-10-05,True,-0.0453257277336374,0.0,-0.0453257277336374,45065.05783034428
2005-10-06,True,-0.0356323806751426,0.0,-0.0356323806751426,43459.282534586135
2005-10-07,True,0.0055929094060509,0.0,0.0055929094060509,43702.34636465405
2005-10-10,True,-0.0173823234161958,0.0,-0.0173823234161958,42942.69804609702
2005-10-11,True,-0.0150610417608556,0.0,-0.0150610417608556,42295.93627750094
2005-10-12,True,-0.0354813997230427,0.0,-0.0354813997230427,40795.21725577859
2005-10-13,True,0.0247004402176288,0.0,0.0247004402176288,41802.87708077012
2005-10-14,True,0.0203481004909245,0.0,0.0203481004909245,42653.486224419394
2005-10-17,True,0.0106868446999012,0.0,0.0106868446999012,43109.31740760914
2005-10-18,True,-0.0223349970721987,0.0,-0.0223349970721987,42146.470929525705
2005-10-19,True,0.0606296630759618,0.0,0.0606296630759618,44701.79726182367
2005-10-20,True,-0.0269685884313874,0.0,-0.0269685884313874,43496.25288932622
2005-10-21,True,0.0182061252566508,0.0,0.0182061252566508,44288.15111762425
2005-10-24,True,0.0487609785032383,0.0,0.0487609785032383,46447.6847022189
2005-10-25,True,-0.0092846158903196,0.0,-0.0092846158903196,46016.435790764124
2005-10-26,True,-0.0203778276028898,0.0,-0.0203778276028898,45078.72079532049
2005-10-27,True,-0.0606630521127546,0.0,-0.0606630521127546,42344.10800653765
2005-10-28,True,0.0265131547060197,0.0,0.0265131547060197,43466.7838930034
2005-10-31,True,0.0423444154009678,0.0,0.0423444154009678,45307.359446312825
2005-11-01,True,-0.0052293927571485,0.0,-0.0052293927571485,45070.42946897875
2005-11-02,True,0.0393484502755167,0.0,0.0393484502755167,46843.881021835055
2005-11-03,True,0.0418583551161441,0.0,0.0418583551161441,48804.68882866542
2005-11-04,True,0.0153078107833124,0.0,0.0153078107833124,49551.78177059307
2005-11-07,True,0.0021088796321147,0.0,0.0021088796321147,49656.28051390407
2005-11-08,True,-0.0017780079292555,0.0,-0.0017780079292555,49567.99125341301
2005-11-09,True,0.0031572846599179,0.0,0.0031572846599179,49724.491511820364
2005-11-10,True,0.0379537935373724,0.0,0.0379537935373724,51611.724596410815
2005-11-11,True,0.0042391336428458,0.0,0.0042391336428458,51830.513594512755
2005-11-14,True,-0.0028273272151948,0.0,-0.0028273272151948,51683.97177284946
2005-11-15,True,-0.0139619498846909,0.0,-0.0139619498846909,50962.36274911516
2005-11-16,True,0.0128490219104934,0.0,0.0128490219104934,51617.179264689046
2005-11-17,True,0.045127872354556,0.0,0.045127872354556,53946.55274184817
2005-11-18,True,0.0060139218398475,0.0,0.0060139218398475,54270.98309356686
2005-11-21,True,0.0112163610020565,0.0,0.0112163610020565,54879.70603188081
2005-11-22,True,0.013897889149688,0.0,0.013897889149688,55642.41810287935
2005-11-23,True,0.0044815287698435,0.0,0.0044815287698435,55891.781200431054
2005-11-25,True,0.0073916607408846,0.0,0.0073916607408846,56304.914285268394
2005-11-28,True,-0.0295587092451844,0.0,-0.0295587092451844,54640.61369483512
2005-11-29,True,-0.0136238888258919,0.0,-0.0136238888258919,53896.196048478174
2005-11-30,True,-0.0078328043149924,0.0,-0.0078328043149924,53474.037691507976
2005-12-01,True,0.0567183304082597,0.0,0.0567183304082597,56506.995829558655
2005-12-02,True,0.0083072667509014,0.0,0.0083072667509014,56976.414517206875
2005-12-05,True,-0.0253324849934795,0.0,-0.0253324849934795,55533.06035146746
2005-12-06,True,0.0114685481118247,0.0,0.0114685481118247,56169.94392590513
2005-12-07,True,-0.0077783450672612,0.0,-0.0077783450672612,55733.034719640724
2005-12-08,True,-0.0204166023321243,0.0,-0.0204166023321243,54595.15551300735
2005-12-09,True,0.0123366442387801,0.0,0.0123366442387801,55268.67652373219
2005-12-12,True,0.0099819206979703,0.0,0.0099819206979703,55820.36406987386
2005-12-13,True,0.0129326565781131,0.0,0.0129326565781131,56542.269668454785
2005-12-14,True,-0.0121154248734156,0.0,-0.0121154248734156,55857.23604811422
2005-12-15,True,0.0046278449125926,0.0,0.0046278449125926,56115.73467379096
2005-12-16,True,-0.0231283220995156,0.0,-0.0231283220995156,54817.871887404566
2005-12-19,True,-0.0433815363976424,0.0,-0.0433815363976424,52439.78838287982
2005-12-20,True,0.0011039907511395,0.0,0.0011039907511395,52497.68142424623
2005-12-21,True,0.0098048356151965,0.0,0.0098048356151965,53012.41256078992
2005-12-22,True,0.022701056197854,0.0,0.022701056197854,54215.85031751623
2005-12-23,True,-0.0009433671100399,0.0,-0.0009433671100399,54164.704867483844
2005-12-27,True,-0.0261139455615206,0.0,-0.0261139455615206,52750.25071321854
2005-12-28,True,-0.0024594112738152,0.0,-0.0024594112738152,52620.51615191787
2005-12-29,True,-0.0213043746373197,0.0,-0.0213043746373197,51499.46896220828
2005-12-30,True,-0.0185933972995537,0.0,-0.0185933972995537,50541.918875077914
2006-01-03,True,0.063146553575629,0.0,0.063146553575629,53733.466863138114
2006-01-04,True,0.0282094559138563,0.0,0.0282094559138563,55249.25872771246
2006-01-05,True,0.0165505438386587,0.0,0.0165505438386587,56163.66400633886
2006-01-06,True,0.0520635940797339,0.0,0.0520635940797339,59087.746211195445
2006-01-09,True,0.0117623959954378,0.0,0.0117623959954378,59782.75968060946
2006-01-10,True,0.003463143447353,0.0,0.003463143447353,59989.79595306205
2006-01-11,True,0.0242722819562502,0.0,0.0242722819562502,61445.885194932685
2006-01-12,True,-0.0187702271272372,0.0,-0.0187702271272372,60292.53197378966
2006-01-13,True,-0.0011680159784641,0.0,-0.0011680159784641,60222.10933306222
2006-01-17,True,-0.0180355825609916,0.0,-0.0180355825609916,59135.96850818871
2006-01-18,True,-0.0343473147831545,0.0,-0.0343473147831545,57104.80678283124
2006-01-19,True,0.0230532273848688,0.0,0.0230532273848688,58421.256878364846
2006-01-20,True,-0.0930384978972144,0.0,-0.0930384978972144,52985.83089313448
2006-01-23,True,-0.0003343826759013,0.0,-0.0003343826759013,52968.11334921558
2006-01-24,True,0.0175612244961032,0.0,0.0175612244961032,53898.29827887619
2006-01-25,True,-0.0165962471877333,0.0,-0.0165962471877333,53003.788797641784
2006-01-26,True,0.0239385288935544,0.0,0.0239385288935544,54272.62152724198
2006-01-27,True,0.0363990991692694,0.0,0.0363990991692694,56248.096060388285
2006-01-30,True,0.0039076199210817,0.0,0.0039076199210817,56467.89224107678
2006-01-31,True,-0.0049217770033516,0.0,-0.0049217770033516,56189.96986761691
2006-02-01,True,0.0037861866665845,0.0,0.0037861866665845,56402.715582325465
2006-02-02,True,-0.0479176549972997,0.0,-0.0479176549972997,53700.029716140765
2006-02-03,True,-0.0379936531575917,0.0,-0.0379936531575917,51659.769412553345
2006-02-06,True,-0.0127930532621362,0.0,-0.0127930532621362,50998.88323094888
2006-02-07,True,-0.010511908146857,0.0,-0.010511908146857,50462.78765483286
2006-02-08,True,0.0336393605251262,0.0,0.0336393605251262,52160.32356185666
2006-02-09,True,-0.0296312266237075,0.0,-0.0296312266237075,50614.74919362938
2006-02-10,True,0.0173417980083178,0.0,0.0173417980083178,51492.49995038696
2006-02-13,True,-0.0325100836490536,0.0,-0.0325100836490536,49818.474469700996
2006-02-14,True,0.0291858850824086,0.0,0.0291858850824086,51272.470740554585
2006-02-15,True,0.0200198900700833,0.0,0.0200198900700833,52298.939968402046
2006-02-16,True,0.0275226406481897,0.0,0.0275226406481897,53738.34489943362
2006-02-17,True,-0.0240037013700269,0.0,-0.0240037013700269,52448.4257163481
2006-02-21,True,-0.0351723741706604,0.0,-0.0351723741706604,50603.69006239062
2006-02-22,True,0.0393746187412427,0.0,0.0393746187412427,52596.19106549727
2006-02-23,True,-0.0095519649010906,0.0,-0.0095519649010906,52093.79409450858
2006-02-24,True,0.007353177817625,0.0,0.007353177817625,52476.84902568025
2006-02-27,True,0.034085780800199,0.0,0.034085780800199,54265.56339865472
2006-02-28,True,-0.044589944375421,0.0,-0.044589944375421,51845.86494520783
2006-03-01,True,0.0429177691278002,0.0,0.0429177691278002,54070.97380715737
2006-03-02,True,-0.0016161451607104,0.0,-0.0016161451607104,53983.58726450403
2006-03-03,True,-0.0169555641627596,0.0,-0.0169555641627596,53068.2650869048
2006-03-06,True,-0.0258119894223646,0.0,-0.0258119894223646,51698.46758981837
2006-03-07,True,-0.0162236577750687,0.0,-0.0162236577750687,50859.72934414568
2006-03-08,True,0.0013185334985808,0.0,0.0013185334985808,50926.78960101468
2006-03-09,True,-0.0304726134805093,0.0,-0.0304726134805093,49374.91722569974
2006-03-10,True,0.0055261626691542,0.0,0.0055261626691542,49647.771050064985
2006-03-13,True,0.0099204214290364,0.0,0.0099204214290364,50140.29786189394
2006-03-14,True,0.0494325175798418,0.0,0.0494325175798418,52618.85901741051
2006-03-15,True,0.0235511278849761,0.0,0.0235511278849761,53858.09249529107
2006-03-16,True,-0.0274828678902247,0.0,-0.0274828678902247,52377.917654423494
2006-03-17,True,0.0116095037661224,0.0,0.0116095037661224,52985.99928669417
2006-03-20,True,0.0057071246705272,0.0,0.0057071246705272,53288.39699041579
2006-03-21,True,-0.029527941186059,0.0,-0.029527941186059,51714.90033818343
2006-03-22,True,0.0067033779536222,0.0,0.0067033779536222,52061.56486098418
2006-03-23,True,-0.0102058025873868,0.0,-0.0102058025873868,51530.234807622546
2006-03-24,True,0.016103308693513,0.0,0.016103308693513,52360.0420857789
2006-03-27,True,0.0012639982577142,0.0,0.0012639982577142,52426.225087749175
2006-03-28,True,-0.0137673795918681,0.0,-0.0137673795918681,51704.45334639741
2006-03-29,True,0.0550465948039335,0.0,0.0550465948039335,54550.607439315434
2006-03-30,True,0.0083224496725417,0.0,0.0083224496725417,55004.602124335725
2006-03-31,True,-0.009014212314803,0.0,-0.009014212314803,54508.7789624957
2006-04-03,True,0.0052746119947509,0.0,0.0052746119947509,54796.291621830496
2006-04-04,True,0.0169882473377662,0.0,0.0169882473377662,55727.18457709453
2006-04-05,True,0.0280932167133407,0.0,0.0280932167133407,57292.74045024318
2006-04-06,True,0.0109823608484389,0.0,0.0109823608484389,57921.949999863704
2006-04-07,True,-0.0280945321820033,0.0,-0.0280945321820033,56294.65991154815
2006-04-10,True,-0.0074630738102796,0.0,-0.0074630738102796,55874.528709503684
2006-04-11,True,-0.0254404838559925,0.0,-0.0254404838559925,54453.053663908366
2006-04-12,True,0.0004131152874022,0.0,0.0004131152874022,54475.549052822666
2006-04-13,True,0.0126786653804118,0.0,0.0126786653804118,55166.226310677615
2006-04-17,True,-0.0313063204302592,0.0,-0.0313063204302592,53439.174752867344
2006-04-18,True,0.057023001584351,0.0,0.057023001584351,56486.436899466506
2006-04-19,True,0.0126534020648708,0.0,0.0126534020648708,57201.18249676741
2006-04-20,True,-0.0090965352442109,0.0,-0.0090965352442109,56680.84992417502
2006-04-21,True,-0.0347006368326337,0.0,-0.0347006368326337,54713.98833559121
2006-04-24,True,-0.004733754978487,0.0,-0.004733754978487,54454.98572091472
2006-04-25,True,-0.0089435937783585,0.0,-0.0089435937783585,53967.96244942055
2006-04-26,True,0.001080931486016,0.0,0.001080931486016,54026.298119268264
2006-04-27,True,0.0261249496219169,0.0,0.0261249496219169,55437.73243589281
2006-04-28,True,-0.0289102317540578,0.0,-0.0289102317540578,53835.014743251704
2006-05-01,True,-0.0250791665244622,0.0,-0.0250791665244622,52484.877443658814
2006-05-02,True,0.0056985770595924,0.0,0.0056985770595924,52783.96656223477
2006-05-03,True,-0.006651306139787,0.0,-0.006651306139787,52432.88424135706
2006-05-04,True,0.0259987471745117,0.0,0.0259987471745117,53796.073542378545
2006-05-05,True,0.0223844755650211,0.0,0.0223844755650211,55000.270436082
2006-05-08,True,0.0022241022404589,0.0,0.0022241022404589,55122.59666078474
2006-05-09,True,-0.007310396062403,0.0,-0.007310396062403,54719.62864720631
2006-05-10,True,-0.0288741869007676,0.0,-0.0288741869007676,53139.64386250627
2006-05-11,True,-0.0663026999419195,0.0,-0.0663026999419195,49616.34200047005
2006-05-12,True,-0.0394303829347746,0.0,-0.0394303829347746,47659.95063556878
2006-05-15,True,-0.0020977197044689,0.0,-0.0020977197044689,47559.97341800653
2006-05-16,True,-0.0205591294244336,0.0,-0.0205591294244336,46582.18176908311
2006-05-17,True,-0.0459920382179064,0.0,-0.0459920382179064,44439.77228488598
2006-05-18,True,-0.0223477803107932,0.0,-0.0223477803107932,43446.64201680167
2006-05-19,True,0.0257833935289767,0.0,0.0257833935289767,44566.84388543344
2006-05-22,True,-0.0307350212735292,0.0,-0.0307350212735292,43197.08099052058
2006-05-23,True,-0.0296669456736828,0.0,-0.0296669456736828,41915.55553551314
2006-05-24,True,0.0211502565712474,0.0,0.0211502565712474,42802.08028941561
2006-05-25,True,0.0368138538229919,0.0,0.0368138538229919,44377.789816510114
2006-05-26,True,0.0123381802512697,0.0,0.0123381802512697,44925.330986419176
2006-05-30,True,-0.0657220585263993,0.0,-0.0657220585263993,41972.74575401188
2006-05-31,True,0.0156189068727068,0.0,0.0156189068727068,42628.31416113558
2006-06-01,True,0.070045229193759,0.0,0.070045229193759,45614.22419669588
2006-06-02,True,-0.0070174530846231,0.0,-0.0070174530846231,45294.1285184041
2006-06-05,True,-0.0660525072525511,0.0,-0.0660525072525511,42302.33776594423
2006-06-06,True,-0.0042213440382066,0.0,-0.0042213440382066,42123.765044613756
2006-06-07,True,-0.0195754101361043,0.0,-0.0195754101361043,41299.17506738855
2006-06-08,True,-0.007243061399378,0.0,-0.007243061399378,41000.04260663179
2006-06-09,True,-0.0205355261588667,0.0,-0.0205355261588667,40158.08515916865
2006-06-12,True,-0.059515884063084,0.0,-0.059515884063084,37768.041218640115
2006-06-13,True,-0.0070374994184722,0.0,-0.0070374994184722,37502.2486505271
2006-06-14,True,0.0263119933539161,0.0,0.0263119933539161,38489.00756777668
2006-06-15,False,0.009849026607272516,0.0005034189158112624,0.009345607691461253,38848.7107329388
2006-06-16,False,0.0020141755809160275,7.096315868133501e-07,0.002013465949329214,38926.931289174914
2006-06-19,False,-0.008798287128496245,2.3686045912484215e-06,-0.008800655733087493,38584.34876815333
2006-06-20,False,0.010209490279922235,1.684385001024774e-06,0.01020780589492121,38978.21031096059
2006-06-21,False,0.00942187089999091,1.5556546394869252e-06,0.009420315245351423,39345.397339789444
2006-06-22,False,-0.004017101588329845,1.0490875248793247e-06,-0.0040181506758547245,39187.3016048768
2006-06-23,False,0.0022164709046471266,5.273011629373242e-07,0.0022159436034841894,39274.138455205924
2006-06-26,False,0.005435337856560901,1.1312947215462167e-06,0.005434206561839355,39487.562236109785
2006-06-27,False,-0.0052544056078848355,1.2006905470164364e-06,-0.005255606298431852,39280.031155311975
2006-06-28,False,-0.00025180324296385687,6.387947244105157e-07,-0.0002524420376882674,39270.11522420667
2006-06-29,False,0.014736205395832135,3.2314852908375823e-06,0.014732973910541297,39848.68080726886
2006-06-30,False,0.012788363810805855,2.6233613829063503e-06,0.012785740449422949,40358.17569732249
2006-07-03,False,0.005958427622852511,1.5833747835697631e-06,0.0059568442480689415,40598.583064087645
2006-07-05,False,0.005127833160858765,1.4808527762845136e-06,0.00512635230808248,40806.705704083106
2006-07-06,False,0.0037594095765762056,7.572528011744461e-07,0.003758652323775031,40960.083923303355
2006-07-07,False,-0.0031034151856306987,9.967051034813213e-07,-0.00310441189073418,40832.92695172638
2006-07-10,False,-0.006793250305755436,1.1399523660517996e-06,-0.006794390258121489,40555.492110634994
2006-07-11,False,0.00968714478789176,3.165093826290849e-06,0.009683979694065469,40948.23067271722
2006-07-12,False,0.005941780660112995,1.8976514579717162e-06,0.005939883008655024,41191.458372324574
2006-07-13,False,0.005190500282469914,7.484197587511177e-07,0.005189751862711162,41405.23182014013
2006-07-14,False,1.0049901438353183e-06,9.201665735989878e-07,8.482357023633052e-08,41405.23533227971
2006-07-17,False,-0.010972983945256027,3.0131358895474082e-06,-0.010975997081145574,40950.77159012847
2006-07-18,False,-0.005943237048626363,1.7564101333542303e-06,-0.005944993458759717,40707.31952089399
2006-07-19,False,0.006077613322776054,1.969259340353885e-06,0.0060756440634357,40954.642705079495
2006-07-20,False,-0.00933944526955744,2.343699492857343e-06,-0.009341788969050299,40572.05307562579
2006-07-21,False,-0.004968396648332791,1.3907663239978163e-06,-0.004969787414656789,40370.418596863754
2006-07-24,False,-0.005395582581325105,9.04142137120284e-07,-0.005396486723462225,40152.56016888517
2006-07-25,False,0.0016734267273468518,8.373473740752591e-07,0.0016725893799727765,40219.71891460236
2006-07-26,False,0.0030743716495089967,7.039640860781044e-07,0.0030736676854229185,40343.34096494696
2006-07-27,False,0.004675384547736043,1.6324956376999323e-06,0.004673752052098343,40531.89573757038
2006-07-28,False,0.0009242549297234274,7.200436510597791e-07,0.0009235348860723675,40569.32835728267
2006-07-31,False,-0.0010258623652892828,1.136855863430153e-06,-0.001026999221152713,40527.663688657056
2006-08-01,False,0.010798684031109104,1.7805530421487194e-06,0.010796903478066956,40965.236961695045
2006-08-02,False,0.0027562075374577073,6.530534860584858e-07,0.0027555544839716487,41078.11890409181
2006-08-03,False,-0.002383229103824796,1.2273347211024105e-06,-0.0023844564385458985,40980.169918987594
2006-08-04,False,0.002238281900026891,1.3940162985953687e-07,0.0022381424983970314,41071.88937887481
2006-08-07,False,0.0032426022376306693,8.50133526280869e-07,0.0032417521041043884,41205.034262688314
2006-08-08,False,-0.003952845263252597,8.184593785160038e-07,-0.0039536637226311126,41042.12341353416
2006-08-09,False,0.0025998848146578653,1.2828961547567685e-06,0.0025986019185031085,41148.77555417601
2006-08-10,False,-0.01098409052588443,1.851013453653627e-06,-0.010985941539338084,40696.717511522496
2006-08-11,False,-0.001811971328412926,1.1340500876459437e-06,-0.001813105378500572,40622.93007411503
2006-08-14,False,-0.0022955607477613267,8.418956180595571e-07,-0.002296402643379386,40529.64347011102
2006-08-15,False,-0.0005017089717213157,7.123625164366654e-07,-0.0005024213342377523,40509.28051256258
2006-08-16,False,0.0031191369493813667,7.678722980545977e-07,0.003118369077083312,40635.603400247855
2006-08-17,False,-0.010927927988235909,2.095542601389569e-06,-0.010930023530837298,40191.45529889337
2006-08-18,False,0.0001956244355423136,2.7950532567458384e-07,0.000195344930216639,40199.30649592404
2006-08-21,False,0.010319892210656273,2.081164236873531e-06,0.0103178110464194,40614.07534454608
2006-08-22,False,-0.004888662172891269,8.187797664875734e-07,-0.004889480952657756,40415.49359673912
2006-08-23,False,-0.0019351620129511356,3.231523543189979e-07,-0.0019354851653054547,40337.270008434134
2006-08-24,False,-0.0020279666218420644,4.6127434533549396e-07,-0.0020284278961873996,40255.44876469298
2006-08-25,False,0.00039261763843822037,9.018812788746944e-08,0.0003925274503103329,40271.25013335768
2006-08-28,False,-0.003686230967478853,1.468642846363777e-06,-0.003687699610325217,40122.74185993359
2006-08-29,False,0.00103212364321845,5.074556358372617e-07,0.0010316161875826128,40164.13312992649
2006-08-30,False,0.003584657649811396,7.127674643794963e-07,0.0035839448823470166,40308.07916931139
2006-08-31,False,0.006028923384615986,1.3478553719823427e-06,0.006027575529244004,40551.03916094316
2006-09-01,False,0.0005406281175458196,5.812477415366862e-07,0.0005400468698042829,40572.938622709335
2006-09-05,False,0.0073571582387130935,2.0310486168060025e-06,0.007355127190096287,40871.357746755326
2006-09-06,False,-0.001404745389257094,1.0826322687108175e-06,-0.0014058280215258048,40813.899646757134
2006-09-07,True,-0.0142566678714142,0.0005,-0.0147566678714142,40211.62248513271
2006-09-08,True,0.0187108225679999,0.0,0.0187108225679999,40964.01501862343
2006-09-11,True,0.0170682719320181,0.0,0.0170682719320181,41663.199966388565
2006-09-12,True,0.0603474531611142,0.0,0.0603474531611142,44177.467974902334
2006-09-13,True,0.0150888725424832,0.0,0.0150888725424832,44844.056158425265
2006-09-14,True,0.0034641572756446,0.0,0.0034641572756446,44999.4030218359
2006-09-15,True,0.0117065756904903,0.0,0.0117065756904903,45526.1919393379
2006-09-18,True,-0.0007075945908731,0.0,-0.0007075945908731,45493.97785217858
2006-09-19,True,-0.0206140587340943,0.0,-0.0206140587340943,44556.162320686184
2006-09-20,True,0.0447221097083628,0.0,0.0447221097083628,46548.80790017553
2006-09-21,True,-0.0193192294087911,0.0,-0.0193192294087911,45649.5208016463
2006-09-22,True,-0.0231488344738072,0.0,-0.0231488344738072,44592.787600800366
2006-09-25,True,0.0515666869626074,0.0,0.0515666869626074,46892.28991980088
2006-09-26,True,0.0158414477956889,0.0,0.0158414477956889,47635.131682585714
2006-09-27,True,-0.0065918449859761,0.0,-0.0065918449859761,47321.12827864755
2006-09-28,True,0.0105175773554923,0.0,0.0105175773554923,47818.83190586739
2006-09-29,True,-0.0136787373821773,0.0,-0.0136787373821773,47164.73066230455
2006-10-02,True,-0.038876173055254,0.0,-0.038876173055254,45331.14643097235
2006-10-03,True,0.0135329991246423,0.0,0.0135329991246423,45944.61279594173
2006-10-04,True,0.074501121182359,0.0,0.074501121182359,49367.537961528746
2006-10-05,True,0.0145820092776114,0.0,0.0145820092776114,50087.41585809659
2006-10-06,True,-0.0082916903319345,0.0,-0.0082916903319345,49672.10651627443
2006-10-09,True,0.0108273191640706,0.0,0.0108273191640706,50209.92226707784
2006-10-10,True,0.003706950827809,0.0,0.003706950827809,50396.047979990006
2006-10-11,True,-0.0037756248860409,0.0,-0.0037756248860409,50205.77140707865
2006-10-12,True,0.0481379832096774,0.0,0.0481379832096774,52622.575988101504
2006-10-13,True,0.0149192231158634,0.0,0.0149192231158634,53407.66394019947
2006-10-16,True,0.0004777743836065,0.0,0.0004777743836065,53433.18075391836
2006-10-17,True,-0.0314740849185462,0.0,-0.0314740849185462,51751.4202854015
2006-10-18,True,-0.0157644100869297,0.0,-0.0157644100869297,50935.58967344138
2006-10-19,True,0.0096958723762639,0.0,0.0096958723762639,51429.45465032481
2006-10-20,True,0.0054264603640058,0.0,0.0054264603640058,51708.534547527226
2006-10-23,True,0.0284733121283467,0.0,0.0284733121283467,53180.84779139837
2006-10-24,True,-0.0211637936858294,0.0,-0.0211637936858294,52055.339300703716
2006-10-25,True,0.022327226732306,0.0,0.022327226732306,53217.590663897645
2006-10-26,True,0.029855436040386,0.0,0.029855436040386,54806.42503818709
2006-10-27,True,-0.0457319174462431,0.0,-0.0457319174462431,52300.02213281701
2006-10-30,True,0.0175807051915729,0.0,0.0175807051915729,53219.493403446795
2006-10-31,True,0.008013434384683,0.0,0.008013434384683,53645.96432182139
2006-11-01,True,-0.0433149016283838,0.0,-0.0433149016283838,51322.294654461904
2006-11-02,True,0.0042108657608665,0.0,0.0042108657608665,51538.405947791485
2006-11-03,True,-0.0110757107981337,0.0,-0.0110757107981337,50967.58146851693
2006-11-06,True,0.0495723388163647,0.0,0.0495723388163647,53494.163685724925
2006-11-07,True,0.0158375380877163,0.0,0.0158375380877163,54341.37954056813
2006-11-08,True,0.0139425195190646,0.0,0.0139425195190646,55099.03528550539
2006-11-09,True,-0.0166936445146932,0.0,-0.0166936445146932,54179.231577346625
2006-11-10,True,0.0186948281928525,0.0,0.0186948281928525,55192.103003305885
2006-11-13,True,0.028718927293735,0.0,0.028718927293735,56777.16099664616
2006-11-14,True,0.0324130272465191,0.0,0.0324130272465191,58617.48066301046
2006-11-15,True,0.0108447233727998,0.0,0.0108447233727998,59253.171025611235
2006-11-16,True,0.0134131412418377,0.0,0.0134131412418377,60047.94217760453
2006-11-17,True,-0.0023812061710684,0.0,-0.0023812061710684,59904.95564713125
2006-11-20,True,0.0050147427191601,0.0,0.0050147427191601,60205.3635873043
2006-11-21,True,0.0082157571453128,0.0,0.0082157571453128,60699.99623338285
2006-11-22,True,0.017828742480024,0.0,0.017828742480024,61782.20083476627
2006-11-24,True,-0.0071886326387059,0.0,-0.0071886326387059,61338.07128935438
2006-11-27,True,-0.0669068242181575,0.0,-0.0669068242181575,57234.135735716736
2006-11-28,True,0.0085218412949084,0.0,0.0085218412949084,57721.87595710775
2006-11-29,True,0.0207303104704685,0.0,0.0207303104704685,58918.46836663647
2006-11-30,True,-0.0027584379513293,0.0,-0.0027584379513293,58755.94542745975
2006-12-01,True,-0.0272295181187489,0.0,-0.0272295181187489,57156.04934685852
2006-12-04,True,0.0417155283751965,0.0,0.0417155283751965,59540.344145201525
2006-12-05,True,0.0079867828995917,0.0,0.0079867828995917,60015.87994765623
2006-12-06,True,-0.0097210722979017,0.0,-0.0097210722979017,59432.461239662865
2006-12-07,True,-0.0363472477633952,0.0,-0.0363472477633952,57272.25484579646
2006-12-08,True,0.0145555845215614,0.0,0.0145555845215614,58105.88599194486
2006-12-11,True,0.0090766403051115,0.0,0.0090766403051115,58633.29221870356
2006-12-12,True,-0.0165696638094166,0.0,-0.0165696638094166,57661.75827860036
2006-12-13,True,0.0022631465959561,0.0,0.0022631465959561,57792.25529056542
2006-12-14,True,0.0333802222474135,0.0,0.0333802222474135,59721.37361634376
2006-12-15,True,0.008356637992105,0.0,0.008356637992105,60220.443516046784
2006-12-18,True,-0.0293571645544745,0.0,-0.0293571645544745,58452.54204620277
2006-12-19,True,-0.010044860760525,0.0,-0.010044860760525,57865.39440024993
2006-12-20,True,-0.0123122630371831,0.0,-0.0123122630371831,57152.94044364371
2006-12-21,True,-0.0198536335878245,0.0,-0.0198536335878245,56018.246905608845
2006-12-22,True,-0.030225708777898,0.0,-0.030225708777898,54325.05568839153
2006-12-26,True,0.0082620066717217,0.0,0.0082620066717217,54773.88966093067
2006-12-27,True,0.016655931745149,0.0,0.016655931745149,55686.19982853945
2006-12-28,True,-0.0078185099833194,0.0,-0.0078185099833194,55250.81671924689
2006-12-29,True,-0.0036937197094336,0.0,-0.0036937197094336,55046.73568856871
2007-01-03,True,0.0040020257308179,0.0,0.0040020257308179,55267.0341411919
2007-01-04,True,0.056975775237074,0.0,0.056975775237074,58415.91625644015
2007-01-05,True,-0.012949044662253,0.0,-0.012949044662253,57659.485947849076
2007-01-08,True,0.0028751921517352,0.0,0.0028751921517352,57825.26804931942
2007-01-09,True,0.0140351371825379,0.0,0.0140351371825379,58636.85361900864
2007-01-10,True,0.0340662344970897,0.0,0.0340662344970897,60634.39042456531
2007-01-11,True,0.0306882175329817,0.0,0.0306882175329817,62495.15178789411
2007-01-12,True,0.0160513609198046,0.0,0.0160513609198046,63498.28402497956
2007-01-16,True,-0.0040720009003995,0.0,-0.0040720009003995,63239.71895525602
2007-01-17,True,-0.0242512824644112,0.0,-0.0242512824644112,61706.07466790213
2007-01-18,True,-0.0560265724623961,0.0,-0.0560265724623961,58248.894804150885
2007-01-19,True,0.0050162131169108,0.0,0.0050162131169108,58541.08367431302
2007-01-22,True,-0.0299211838657438,0.0,-0.0299211838657438,56789.46514599401
2007-01-23,True,-0.0096959619120052,0.0,-0.0096959619120052,56238.83665493531
2007-01-24,True,0.0492288755383174,0.0,0.0492288755383174,59007.41134504088
2007-01-25,True,-0.0416250180621612,0.0,-0.0416250180621612,56551.22678200217
2007-01-26,True,-0.008284905412873,0.0,-0.008284905412873,56082.705217131355
2007-01-29,True,0.0033514132565861,0.0,0.0033514132565861,56270.66153886126
2007-01-30,True,0.0043109842746138,0.0,0.0043109842746138,56513.24347587741
2007-01-31,True,0.0242846603723017,0.0,0.0242846603723017,57885.64840022629
2007-02-01,True,-0.0016079025346943,0.0,-0.0016079025346943,57792.573919441136
2007-02-02,True,0.0109677169186143,0.0,0.0109677169186143,58426.42651018765
2007-02-05,True,-0.0047906044041973,0.0,-0.0047906044041973,58146.528614026436
2007-02-06,True,-0.0041120734499143,0.0,-0.0041120734499143,57907.42581750802
2007-02-07,True,0.0297126858736606,0.0,0.0297126858736606,59628.01097057594
2007-02-08,True,-0.0008986232501261,0.0,-0.0008986232501261,59574.427853559
2007-02-09,True,-0.0416598952946633,0.0,-0.0416598952946633,57092.56342694026
2007-02-12,True,-0.0121663002423392,0.0,-0.0121663002423392,56397.95815868331
2007-02-13,True,0.0088891145746022,0.0,0.0088891145746022,56899.286070529466
2007-02-14,True,0.0521848823318739,0.0,0.0521848823318739,59868.56861888767
2007-02-15,True,0.0137141970069315,0.0,0.0137141970069315,60689.61796345009
2007-02-16,True,-0.0033789185411889,0.0,-0.0033789185411889,60484.55268805572
2007-02-20,True,0.01990567723104,0.0,0.01990567723104,61688.53867132799
2007-02-21,True,0.0086470489533113,0.0,0.0086470489533113,62221.9624850772
2007-02-22,True,0.0115402772616562,0.0,0.0115402772616562,62940.021183919365
2007-02-23,True,-0.0108953787324838,0.0,-0.0108953787324838,62254.26581569001
2007-02-26,True,-0.0151900045626785,0.0,-0.0151900045626785,61308.623233903476
2007-02-27,True,-0.1220155543986409,0.0,-0.1220155543986409,53828.01758060135
2007-02-28,True,0.0088848801795976,0.0,0.0088848801795976,54306.27306711026
2007-03-01,True,-0.0140986744121229,0.0,-0.0140986744121229,53540.62660460124
2007-03-02,True,-0.0471312133284352,0.0,-0.0471312133284352,51017.19191036168
2007-03-05,True,-0.0229691773011097,0.0,-0.0229691773011097,49845.36898396785
2007-03-06,True,0.0526026841250594,0.0,0.0526026841250594,52467.36918372854
2007-03-07,True,-0.0122656192262508,0.0,-0.0122656192262508,51823.824411517795
2007-03-08,True,0.0176330969275631,0.0,0.0176330969275631,52737.638930523106
2007-03-09,True,-0.0031205666266778,0.0,-0.0031205666266778,52573.06761450673
2007-03-12,True,0.0198662839247639,0.0,0.0198662839247639,53617.499102532325
2007-03-13,True,-0.0581873264412242,0.0,-0.0581873264412242,50497.64017929124
2007-03-14,True,0.0357845522085533,0.0,0.0357845522085533,52304.67562069582
2007-03-15,True,0.0027445275886019,0.0,0.0027445275886019,52448.2272459497
2007-03-16,True,-0.004754263123837,0.0,-0.004754263123837,52198.874573243666
2007-03-19,True,0.0273349549818939,0.0,0.0273349549818939,53625.728459808815
2007-03-20,True,0.0151745686801536,0.0,0.0151745686801536,54439.47575934545
2007-03-21,True,0.0661586886416445,0.0,0.0661586886416445,58041.12008592234
2007-03-22,True,-0.0111772332017122,0.0,-0.0111772332017122,57392.3809514334
2007-03-23,True,-0.0097345911496406,0.0,-0.0097345911496406,56833.68958776678
2007-03-26,True,0.0146832433127272,0.0,0.0146832433127272,57668.192480343976
2007-03-27,True,-0.0218809919222369,0.0,-0.0218809919222369,56406.355226511565
2007-03-28,True,-0.0327144439103688,0.0,-0.0327144439103688,54561.05268226551
2007-03-29,True,0.0017836938610706,0.0,0.0017836938610706,54658.372896988425
2007-03-30,True,0.0008684996777139,0.0,0.0008684996777139,54705.843676233824
2007-04-02,True,0.0014266112222989,0.0,0.0014266112222989,54783.88764674767
2007-04-03,True,0.0386606070734855,0.0,0.0386606070734855,56901.866001016555
2007-04-04,True,0.0088521709519288,0.0,0.0088521709519288,57405.57104634129
2007-04-05,True,0.0184333406210206,0.0,0.0184333406210206,58463.74749098271
2007-04-09,True,-0.0080746540112599,0.0,-0.0080746540112599,57991.67295779135
2007-04-10,True,0.0142860199602812,0.0,0.0142860199602812,58820.14315519646
2007-04-11,True,-0.031322779483563,0.0,-0.031322779483563,56977.73278195463
2007-04-12,True,0.0254791166337036,0.0,0.0254791166337036,58429.475081030054
2007-04-13,True,0.0053438261888667,0.0,0.0053438261888667,58741.712040169805
2007-04-16,True,0.0280380404677694,0.0,0.0280380404677694,60388.71453949814
2007-04-17,True,0.0013400036503428,0.0,0.0013400036503428,60469.63563742057
2007-04-18,True,-0.0043338929398404,0.0,-0.0043338929398404,60207.56671045683
2007-04-19,True,-8.250100791716761e-05,0.0,-8.250100791716761e-05,60202.59952551898
2007-04-20,True,0.0217570127877212,0.0,0.0217570127877212,61512.428253249745
2007-04-23,True,0.0067592667935595,0.0,0.0067592667935595,61928.20716693314
2007-04-24,True,0.0138773824186261,0.0,0.0138773824186261,62787.60858028857
2007-04-25,True,0.0360350844040655,0.0,0.0360350844040655,65050.1653550087
2007-04-26,True,0.0129273071342232,0.0,0.0129273071342232,65891.08882168491
2007-04-27,True,0.0021538402265297,0.0,0.0021538402265297,66033.0076993589
2007-04-30,True,-0.0371898580075816,0.0,-0.0371898580075816,63577.249519206205
2007-05-01,True,0.0089132195069871,0.0,0.0089132195069871,64143.92749982139
2007-05-02,True,0.0258912320294925,0.0,0.0258912320294925,65804.69281000219
2007-05-03,True,0.0091722036327927,0.0,0.0091722036327927,66408.26685244891
2007-05-04,True,-0.0001152891530492,0.0,-0.0001152891530492,66400.61069960803
2007-05-07,True,0.0002016919968323,0.0,0.0002016919968323,66414.00317137093
2007-05-08,True,0.0059133958764191,0.0,0.0059133958764191,66806.735463861
2007-05-09,True,0.0089809856113351,0.0,0.0089809856113351,67406.72579380221
2007-05-10,True,-0.0481455704061908,0.0,-0.0481455704061908,64161.3905312459
2007-05-11,True,0.0375310599314644,0.0,0.0375310599314644,66569.43552456019
2007-05-14,True,-0.0171297644647884,0.0,-0.0171297644647884,65429.11677347055
2007-05-15,True,-0.0260909120899494,0.0,-0.0260909120899494,63722.011439610906
2007-05-16,True,0.031497418355583,0.0,0.031497418355583,65729.09029238357
2007-05-17,True,-0.0111341419178993,0.0,-0.0111341419178993,64997.25327293376
2007-05-18,True,0.019291362201715,0.0,0.019291362201715,66251.13882793853
2007-05-21,True,0.0222953339992468,0.0,0.0222953339992468,67728.2300959379
2007-05-22,True,0.008092496091259,0.0,0.008092496091259,68276.32053325717
2007-05-23,True,-0.0190577243918304,0.0,-0.0190577243918304,66975.12923404608
2007-05-24,True,-0.0471700231038237,0.0,-0.0471700231038237,63815.91084069455
2007-05-25,True,0.0232356224559022,0.0,0.0232356224559022,65298.71325166844
2007-05-29,True,0.0165267189122845,0.0,0.0165267189122845,66377.88673091264
2007-05-30,True,0.0286736767808842,0.0,0.0286736767808842,68281.18480043297
2007-05-31,True,0.0156086834677958,0.0,0.0156086834677958,69346.96420078899
2007-06-01,True,-9.713962078986842e-05,0.0,-9.713962078986842e-05,69340.2278629836
2007-06-04,True,0.0083033361912455,0.0,0.0083033361912455,69915.9830865075
2007-06-05,True,-0.0023485538827918,0.0,-0.0023485538827918,69751.78163296048
2007-06-06,True,-0.0273755103355903,0.0,-0.0273755103355903,67842.29101394155
2007-06-07,True,-0.0514062453066082,0.0,-0.0514062453066082,64354.77355991657
2007-06-08,True,0.0381916823515837,0.0,0.0381916823515837,66812.590629525
2007-06-11,True,-0.0069712360950798,0.0,-0.0069712360950798,66346.82428612268
2007-06-12,True,-0.0180114341380945,0.0,-0.0180114341380945,65151.82283022145
2007-06-13,True,0.0366108241380254,0.0,0.0366108241380254,67537.08475813047
2007-06-14,True,0.0165242608305763,0.0,0.0165242608305763,68653.08516241056
2007-06-15,True,0.027658179064688,0.0,0.027658179064688,70551.90448517578
2007-06-18,True,0.0028267497929061,0.0,0.0028267497929061,70751.33706656839
2007-06-19,True,-0.0042435149763874,0.0,-0.0042435149763874,70451.10270812699
2007-06-20,True,-0.0305326637612639,0.0,-0.0305326637612639,68300.04287752946
2007-06-21,True,0.029763941100332,0.0,0.029763941100332,70332.92133088641
2007-06-22,True,-0.0301526847478605,0.0,-0.0301526847478605,68212.19492660012
2007-06-25,True,-0.0143178569130304,0.0,-0.0143178569130304,67235.54247991732
2007-06-26,True,-0.0068882146280829,0.0,-0.0068882146280829,66772.40963268006
2007-06-27,True,0.0381779887773778,0.0,0.0381779887773778,69321.645938275
2007-06-28,True,-0.0023630181578088,0.0,-0.0023630181578088,69157.83763019365
2007-06-29,True,0.0035665865090687,0.0,0.0035665865090687,69404.49504088185
2007-07-02,True,0.0308412780101941,0.0,0.0308412780101941,71545.01836759484
2007-07-03,True,0.0167981911762302,0.0,0.0167981911762302,72746.8452638406
2007-07-05,True,0.0239994850766616,0.0,0.0239994850766616,74492.73209112436
2007-07-06,True,0.0107670148122012,0.0,0.0107670148122012,75294.79644095081
2007-07-09,True,0.0011300062020537,0.0,0.0011300062020537,75379.88002791145
2007-07-10,True,-0.0263178328762275,0.0,-0.0263178328762275,73396.0449431068
2007-07-11,True,0.0183336142422598,0.0,0.0183336142422598,74741.65971800129
2007-07-12,True,0.0556571543469772,0.0,0.0556571543469772,78901.56780907534
2007-07-13,True,0.0163086051320839,0.0,0.0163086051320839,80188.34232277589
2007-07-16,True,-0.0063247880954387,0.0,-0.0063247880954387,79681.16804985983
2007-07-17,True,0.0201425249241619,0.0,0.0201425249241619,81286.14796329047
2007-07-18,True,-0.0057957533727866,0.0,-0.0057957533727866,80815.03349707139
2007-07-19,True,0.0218823796985484,0.0,0.0218823796985484,82583.4587454052
2007-07-20,True,-0.0252152165895201,0.0,-0.0252152165895201,80501.0989464281
2007-07-23,True,0.0004485390492719,0.0,0.0004485390492719,80537.20683281487
2007-07-24,True,-0.0529268352137002,0.0,-0.0529268352137002,76274.6273582028
2007-07-25,True,0.0156671756393308,0.0,0.0156671756393308,77469.63534184826
2007-07-26,True,-0.0368170303504355,0.0,-0.0368170303504355,74617.43342623026
2007-07-27,True,-0.0461310652996168,0.0,-0.0461310652996168,71175.25173235504
2007-07-30,True,0.0269938011235957,0.0,0.0269938011235957,73096.54232254009
2007-07-31,True,-0.0638467844079074,0.0,-0.0638467844079074,68429.56314390938
2007-08-01,True,0.0200068226469895,0.0,0.0200068226469895,69798.62127754056
2007-08-02,True,0.032981686752798,0.0,0.032981686752798,72100.6975402936
2007-08-03,True,-0.0734920455642719,0.0,-0.0734920455642719,66801.86979144654
2007-08-06,True,0.0557856018537056,0.0,0.0557856018537056,70528.45230271526
2007-08-07,True,0.0109480431688276,0.0,0.0109480431688276,71300.60084315599
2007-08-08,True,0.0390918171158163,0.0,0.0390918171158163,74087.87089156447
2007-08-09,True,-0.076560132792859,0.0,-0.076560132792859,68415.6936577661
2007-08-10,True,-0.0181973072827119,0.0,-0.0181973072827119,67170.71225731586
2007-08-13,True,0.0142413888486588,0.0,0.0142413888486588,68127.31648981366
2007-08-14,True,-0.0515188278826809,0.0,-0.0515188278826809,64617.47699746603
2007-08-15,True,-0.0576187643070743,0.0,-0.0576187643070743,60894.297820231244
2007-08-16,True,-0.0304608792842652,0.0,-0.0304608792842652,59039.40396522908
2007-08-17,False,0.005174023033898472,0.0005008698289791765,0.004673153204919296,59315.30414508573
2007-08-20,False,0.004869976284178293,8.757391238725931e-07,0.00486910054505442,59604.11632482864
2007-08-21,False,-0.0013394058405880912,7.79476395138215e-07,-0.0013401853169832294,59524.23576329834
2007-08-22,False,0.004716480585955823,1.2389114473173452e-06,0.004715241674508506,59804.906920412715
2007-08-23,False,0.0018612851900835139,1.0012555129284007e-06,0.0018602839345705855,59916.16102796524
2007-08-24,False,0.00807911006954905,1.6402647448339886e-06,0.008077469804804215,60400.132009488414
2007-08-27,False,0.0010630036077631127,5.043608039229791e-07,0.0010624992469591898,60464.307104264735
2007-08-28,False,-0.0018984240181947204,1.2397101838760167e-06,-0.0018996637283785964,60349.44525319722
2007-08-29,False,0.00551187282024124,1.2173724473908133e-06,0.005510655447793849,60682.01025245309
2007-08-30,False,0.0005980630317773995,7.802978471658784e-07,0.0005972827339302336,60718.25456943706
2007-08-31,False,0.005480437749027243,9.0532402587995e-07,0.005479532425001364,61050.96221413978
2007-09-04,False,0.006424821561306516,1.2264027880548034e-06,0.006423595158518461,61443.12887944142
2007-09-05,False,0.0036091223039560333,3.136941135847005e-07,0.0036088086098424485,61664.86537195721
2007-09-06,False,0.007043536561737847,2.018890607866544e-06,0.00704151767112998,62099.07961116171
2007-09-07,False,0.006368458330839201,5.263907575347588e-07,0.0063679319400816664,62494.52232366729
2007-09-10,False,0.0030052535154292573,1.9842701342151494e-07,0.003005055088415836,62682.32180597414
2007-09-11,False,0.006671700511594925,1.553606557920667e-06,0.006670146905037005,63100.42210076879
2007-09-12,False,-0.0010680408050033022,1.2434843050590506e-07,-0.001068165153433808,63033.02042871378
2007-09-13,False,-0.0020947774380921796,9.594727882980824e-07,-0.0020957369108804778,62900.919801197044
2007-09-14,False,-0.001570920162569504,4.6223944750643787e-07,-0.0015713824020170105,62802.078402750754
2007-09-17,False,0.0046471120548663,1.5519440456676637e-06,0.004645560110820632,63093.82923305521
2007-09-18,False,0.007582506213468618,1.1034602637912671e-06,0.007581402753204827,63572.168963712924
2007-09-19,False,-0.0013754520764200715,3.9891396058008843e-07,-0.0013758509903806517,63484.70313208356
2007-09-20,True,-0.0130289851822247,0.0005,-0.013528985182224701,62625.81952411167
2007-09-21,True,0.0247309159637216,0.0,0.0247309159637216,64174.61340392167
2007-09-24,True,0.0112019223897165,0.0,0.0112019223897165,64893.49244266245
2007-09-25,True,0.028382882726943,0.0,0.028382882726943,66735.3568284043
2007-09-26,True,0.016516062261491,0.0,0.016516062261491,67837.56213682506
2007-09-27,True,0.0113395301699122,0.0,0.0113395301699122,68606.80821932889
2007-09-28,True,-0.0077265370581932,0.0,-0.0077265370581932,68076.71517317789
2007-10-01,True,0.0369250927108059,0.0,0.0369250927108059,70590.45419239461
2007-10-02,True,-0.0017066725752697,0.0,-0.0017066725752697,70469.97940014862
2007-10-03,True,-0.0184377261874282,0.0,-0.0184377261874282,69170.67321553497
2007-10-04,True,0.0034616403151984,0.0,0.0034616403151984,69410.11720656727
2007-10-05,True,0.0626701695653453,0.0,0.0626701695653453,73760.06102145334
2007-10-08,True,0.0187883027218358,0.0,0.0187883027218358,75145.88737670549
2007-10-09,True,0.0108452622015966,0.0,0.0108452622015966,75960.86422867751
2007-10-10,True,0.0077928430762966,0.0,0.0077928430762966,76552.81532355146
2007-10-11,True,-0.0498746465555549,0.0,-0.0498746465555549,72734.77071645667
2007-10-12,True,0.0517602844581072,0.0,0.0517602844581072,76499.54313873567
2007-10-15,True,-0.0264558285467651,0.0,-0.0264558285467651,74475.68434155142
2007-10-16,True,-0.0109975858903352,0.0,-0.0109975858903352,73656.63160626372
2007-10-17,True,0.0388711795142996,0.0,0.0388711795142996,76519.75175584943
2007-10-18,True,0.0113680132180348,0.0,0.0113680132180348,77389.62930525067
2007-10-19,True,-0.0775750877857153,0.0,-0.0775750877857153,71386.12201819189
2007-10-22,True,0.0369443202222294,0.0,0.0369443202222294,74023.4337694551
2007-10-23,True,0.0661931970825733,0.0,0.0661931970825733,78923.28150968546
2007-10-24,True,-0.0227414597753566,0.0,-0.0227414597753566,77128.45087789382
2007-10-25,True,-0.0372815218080635,0.0,-0.0372815218080635,74252.98485446746
2007-10-26,True,0.0457222787341858,0.0,0.0457222787341858,77648.00052482869
2007-10-29,True,0.0118924795536523,0.0,0.0118924795536523,78571.4277834522
2007-10-30,True,0.0055289483602763,0.0,0.0055289483602763,79005.84515026008
2007-10-31,True,0.0424542901386148,0.0,0.0424542901386148,82359.9822229157
2007-11-01,True,-0.0563255532681531,0.0,-0.0563255532681531,77721.01065705472
2007-11-02,True,0.0227626538896788,0.0,0.0227626538896788,79490.1471225973
2007-11-05,True,-0.0182984100588255,0.0,-0.0182984100588255,78035.60381491164
2007-11-06,True,0.0318559945389186,0.0,0.0318559945389186,80521.50558388067
2007-11-07,True,-0.0737302270116949,0.0,-0.0737302270116949,74584.63669785768
2007-11-08,True,-0.0876481079136528,0.0,-0.0876481079136528,68047.43441186326
2007-11-09,True,-0.1025077684947486,0.0,-0.1025077684947486,61072.043758510394
2007-11-12,True,-0.0770423967244072,0.0,-0.0770423967244072,56366.90713449688
2007-11-13,True,0.1268536203797788,0.0,0.1268536203797788,63517.2533741186
2007-11-14,False,0.007844297442419601,0.000501445763745438,0.007342851678674163,63983.65114468151
2007-11-15,False,-0.009039307699738224,3.361070683240555e-06,-0.009042668770421465,63405.06818065797
2007-11-16,False,0.0011290527216618392,6.54419006163004e-07,0.0011283983026556762,63476.61435197279
2007-11-19,False,0.0006815451937239019,1.2060210754497454e-06,0.0006803391726484521,63519.79997926354
2007-11-20,False,0.015393308348562493,2.3807652844072827e-06,0.015390927583278086,64497.42862084868
2007-11-21,False,0.0010972472706277613,4.131175506841278e-07,0.0010968341530770771,64568.171603345676
2007-11-23,False,0.009945172106487701,2.288959934997503e-06,0.009942883146552704,65210.1653885843
2007-11-26,False,0.004547014792478304,7.165099203724074e-07,0.004546298282557932,65506.630251495735
2007-11-27,False,-0.010050912026505722,8.044823311212368e-07,-0.010051716508836843,64848.176174758504
2007-11-28,False,-0.005513509015367843,3.317785882726021e-07,-0.005513840793956116,64490.613655552464
2007-11-29,False,-0.003699833746651287,2.093130581047917e-06,-0.003701926877232335,64251.87411953176
2007-11-30,False,-0.007735335882772143,1.7456675936918937e-06,-0.007737081550365835,63754.75212970511
2007-12-03,False,0.009245578072658309,6.514380527268826e-07,0.009244926634605582,64344.16013575169
2007-12-04,False,0.006445147320049939,1.3020252031070017e-06,0.006443845294846832,64758.78394929332
2007-12-05,False,-0.007571603243900775,1.1242759266940905e-06,-0.007572727519827469,64268.38332392994
2007-12-06,False,0.0015094582111165502,1.3149781288135654e-06,0.0015081432329877367,64365.30925133499
2007-12-07,False,-0.007798528945078592,3.196466170900941e-07,-0.007798848591695682,63863.333949926164
2007-12-10,False,0.005667848977043284,2.012572313498828e-06,0.005665836404729785,64225.173152347066
2007-12-11,False,-7.136753289229437e-05,2.404951342689879e-06,-7.377248423498425e-05,64220.43510177319
2007-12-12,False,0.0071175448192831005,2.285555492387334e-06,0.007115259263790713,64677.38014755575
2007-12-13,False,-0.012010736502437669,2.144558689082407e-06,-0.01201288106112675,63900.418472497884
2007-12-14,False,-0.005171421584309,1.1791945145799703e-06,-0.005172600778823581,63569.887118139886
2007-12-17,False,-9.387619134434515e-05,8.122435278325735e-07,-9.468843487217772e-05,63563.86778502368
2007-12-18,False,0.005383779353910204,1.4839008152183198e-06,0.005382295453094986,63905.98730158414
2007-12-19,False,0.0018364115362121767,3.3664652240725235e-07,0.0018360748896897694,64023.32348016941
2007-12-20,False,-0.0020754681237448273,8.547514957386038e-07,-0.002076322875240566,63890.39038907861
2007-12-21,False,0.0030386738961591386,2.515444100281372e-06,0.003036158452058857,64084.371737863745
2007-12-24,False,-0.00019711261030882997,4.1235001942369067e-07,-0.00019752496032825366,64071.71347487856
2007-12-26,False,0.008356308597769818,1.971395394903014e-06,0.008354337202374915,64606.99017438165
2007-12-27,False,0.003726765376763181,5.373436116664631e-07,0.0037262280331515144,64847.73055230698
2007-12-28,False,0.008592562250064757,1.49766154947302e-06,0.008591064588515284,65404.841593900484
2007-12-31,False,7.916291117399978e-05,1.1889660361845134e-06,7.797394513781527e-05,65409.94146743067
2008-01-02,False,0.020474356548012867,2.044200697341639e-06,0.020472312347315526,66749.03421977155
2008-01-03,False,0.0033597432770797065,8.317002894218939e-07,0.003358911576790285,66973.23832355191
2008-01-04,False,-0.0007075248272917188,8.500961157236059e-07,-0.0007083749234074424,66925.79616098411
2008-01-07,False,-0.005814859169321805,1.3872568416120195e-06,-0.005816246426163417,66536.53923824466
2008-01-08,False,0.00992708157692397,2.2747786127827878e-06,0.009924806798311186,67196.90153521247
2008-01-09,False,-0.0014465130469091877,6.788661524417261e-07,-0.0014471919130616294,67099.65472272792
2008-01-10,False,0.005015546286359492,2.42554179873683e-06,0.005013120744560755,67436.03339377129
2008-01-11,False,0.005140043005950155,3.598100598267984e-07,0.005139683195890328,67782.63324140274
2008-01-14,False,0.007479216770634178,1.237282226460884e-06,0.007477979488407717,68289.51038245222
2008-01-15,False,-0.003976053726922953,2.231318393076012e-06,-0.0039782850453160285,68017.83524454576
2008-01-16,False,-0.00798025588834385,1.3407421132009267e-06,-0.007981596630457052,67474.9443199469
2008-01-17,False,0.0016365974249812978,6.561540370087077e-07,0.001635941270944289,67585.32936611457
2008-01-18,False,0.003884085500174598,1.1209347738070642e-06,0.003882964565400791,67847.76080518415
2008-01-22,False,0.004677847980318545,1.5872165722164156e-06,0.004676260763746328,68165.03462694547
2008-01-23,False,-0.0034182347505748363,1.842573765384048e-07,-0.0034184190079513746,67932.01797689906
2008-01-24,False,0.006877996727645994,2.9860522338218675e-06,0.0068750106754121715,68399.05132569252
2008-01-25,False,0.0035520359743976744,3.4510152457030433e-07,0.0035516908728731042,68641.98361199918
2008-01-28,False,0.009885850495527685,1.6315128570681126e-06,0.009884218982670617,69320.45600942508
2008-01-29,False,-0.005685270605371766,3.7696845018371505e-07,-0.005685647573821949,68926.32432689884
2008-01-30,False,0.005094499972504117,8.447795991062824e-07,0.00509365519290501,69277.41125673441
2008-01-31,False,-7.298857064344522e-05,1.1827873264157878e-06,-7.417135796986101e-05,69272.27285706486
2008-02-01,False,-0.005625759799724507,2.816370430403295e-06,-0.005628576170154911,68882.36859280911
2008-02-04,False,-0.0008743251496515142,6.045827935500375e-07,-0.0008749297324450642,68822.10136048603
2008-02-05,False,-0.005811689225279924,1.6974382783488257e-06,-0.005813386663558273,68422.01187427892
2008-02-06,False,0.004552845920464426,1.6477654434929184e-06,0.004551198155020933,68733.41400848396
2008-02-07,False,-0.00026257699381953035,1.7305607954775648e-06,-0.0002643075546150079,68715.24724790703
2008-02-08,False,0.00571640756253058,1.1737436138793828e-06,0.005715233818916701,69107.97095285349
2008-02-11,False,0.007917462449838288,1.7350193081383665e-06,0.00791572743053015,69655.01081419327
2008-02-12,False,-0.013265340628499198,1.6616976085087332e-06,-0.013267002326107707,68730.89762369632
2008-02-13,False,0.0006271320127497628,1.044564941135584e-07,0.0006270275562556492,68773.99379047257
2008-02-14,False,0.003116793596335722,1.2483103415984327e-06,0.0031155452859941237,68988.26228262545
2008-02-15,False,0.00016026547675119466,1.0669247993507491e-06,0.00015919855195184392,68999.24511408253
2008-02-19,False,0.009942655884984513,2.8573863849807173e-06,0.009939798498599531,69685.083707072
2008-02-20,False,0.004053734624741836,2.3359390773087657e-06,0.004051398685664527,69967.40576361325
2008-02-21,False,0.004653741111717746,7.542346689324714e-07,0.004652986877048813,70292.96318445248
2008-02-22,False,0.0009737779790828723,1.6213844300179413e-07,0.0009736158406398705,70361.40152689439
2008-02-25,False,-0.0033897770161971496,1.185648587029131e-06,-0.0033909626647841786,70122.8086412748
2008-02-26,False,0.010879469179391912,1.4328333373022916e-06,0.01087803634605461,70885.60710236202
2008-02-27,False,0.00676204618358215,9.757535078220303e-07,0.006761070430074328,71364.86968445966
2008-02-28,False,0.0116661449702313,7.799191796709071e-07,0.011665365051051629,72197.36694114961
2008-02-29,False,0.0068610628884087825,1.1078535218923408e-06,0.00685995503488689,72692.63763200313
2008-03-03,False,0.00788032562289599,1.3031186048842596e-06,0.007879022504291107,73265.38455980195
2008-03-04,False,-0.01390422224792187,1.6303738330932517e-06,-0.013905852621754963,72246.56691983715
2008-03-05,False,0.012525090928899548,2.3433339139024846e-06,0.012522747594985647,73151.29244197851
2008-03-06,False,-0.002632638034088806,1.6463382664483467e-06,-0.0026342843723552545,72958.59113548101
2008-03-07,False,-0.0013995654488603657,9.462596380970661e-07,-0.0014005117084984627,72856.41177436023
2008-03-10,False,0.004004069694315292,1.0447373535463905e-06,0.004003024956961745,73148.05780896769
2008-03-11,False,-0.0035228017669055238,1.1101186562977317e-06,-0.0035239118855618216,72890.2904986489
2008-03-12,False,0.011238288287953471,4.024293351240771e-07,0.011237885858618346,73709.42326347425
2008-03-13,False,0.006231149279390055,1.7337911850483363e-06,0.006229415488205007,74168.5898863784
2008-03-14,False,0.00490721214040225,4.564168371974653e-07,0.004906755723565052,74532.51703931214
2008-03-17,False,-0.0033106059273841776,2.451347791966124e-06,-0.003313057275176144,74285.58654149785
2008-03-18,False,-0.00886124224728032,3.0372815111635448e-06,-0.008864279528791484,73627.0983374338
2008-03-19,False,-0.020911686460802926,4.279753508645137e-06,-0.02091596621431157,72087.11643615023
2008-03-20,False,-0.01776630566626319,3.157565499827278e-06,-0.017769463231763018,70806.16707115424
2008-03-24,False,-0.004005074577112191,1.583561565765612e-06,-0.004006658138677957,70522.47096559001
2008-03-25,False,0.01524022554574643,2.290035716678157e-06,0.015237935510029752,71597.08783017161
2008-03-26,False,0.01001309665127098,1.5119736774802662e-06,0.0100115846775935,72313.88813765247
2008-03-27,False,-0.0012418692593467512,4.742338129518353e-07,-0.0012423434931597029,72224.04944925958
2008-03-28,False,-0.007280081049262959,1.6512689946345943e-06,-0.007281732318257594,71698.13325422947
2008-03-31,False,-0.006874774937338744,2.28395335729914e-06,-0.006877058890696043,71205.06096948717
2008-04-01,False,-0.024327833498273024,2.7092319326613295e-06,-0.024330542730205684,69472.60319096217
2008-04-02,False,0.014984516581991491,2.8812785672273357e-06,0.014981635303424263,70513.41639554866
2008-04-03,False,0.00030162989799895176,2.2971121057911715e-07,0.00030140018678837265,70534.66915242137
2008-04-04,False,0.009423216241323381,5.889144911813831e-07,0.0094226273268322,71199.29105346606
2008-04-07,False,0.0010277017363680516,1.526128893371656e-06,0.00102617560747468,71272.3540292146
2008-04-08,False,-0.0037289264317623,8.808273881572293e-07,-0.003729807259150457,71006.5218857797
2008-04-09,False,0.017138111234361375,1.967261199124076e-06,0.01713614397316225,72223.29986784793
2008-04-10,False,-0.004653317885272599,1.642880872348984e-07,-0.004653482173359834,71887.21002941168
2008-04-11,False,-8.258299162072422e-05,8.398771532547867e-07,-8.3422868773979e-05,71881.21299212286
2008-04-14,False,-0.00015120807098169712,5.802890895574703e-07,-0.00015178836007125458,71870.30226068286
2008-04-15,False,0.001965795446187544,8.94092654421863e-07,0.0019649013535331223,72011.52031487372
2008-04-16,False,0.005705257197342727,2.221380144693072e-06,0.0057030358171980345,72422.20459448034
2008-04-17,False,-0.00781295750062667,9.116296066015856e-07,-0.007813869130233271,71856.30696565608
2008-04-18,False,-0.010919349425884716,1.691802175428983e-06,-0.010921041228060145,71071.56127478801
2008-04-21,False,-0.0010637647769512273,5.037440813517175e-07,-0.001064268521032579,70995.92204938261
2008-04-22,False,0.0032256713736624767,1.178586372067844e-06,0.003224492787290409,71224.84788795788
2008-04-23,False,-0.0069755465290598714,1.0255920679476949e-06,-0.006976572121127819,70727.94259985119
2008-04-24,False,-0.01771923665462385,1.978053757134654e-06,-0.017721214708380985,69474.55754315719
2008-04-25,False,-0.0023764910460434886,4.927880342334434e-07,-0.002376983834077722,69309.4176429974
2008-04-28,False,0.004684081559441162,3.4248807508249767e-07,0.00468373907136608,69634.04487042554
2008-04-29,False,-0.011336405255143761,1.9110654887063844e-06,-0.011338316320632468,68844.51204299954
2008-04-30,False,0.00681222749947108,4.936748909108585e-07,0.006811733824580168,69313.46253431955
2008-05-01,False,-0.01650941763903657,2.797758977926043e-06,-0.016512215398014493,68168.94371097066
2008-05-02,False,0.0020356153027327353,1.2047912750400847e-06,0.002034410511457695,68307.62732661123
2008-05-05,False,0.011987743374747117,1.830643791688999e-06,0.011985912730955428,69126.3565866066
2008-05-06,False,0.003156401457339038,8.141219254618748e-07,0.003155587335413576,69344.49084199459
2008-05-07,False,-0.0021077625125240744,1.209602765982268e-06,-0.0021089721152900568,69198.24524445983
2008-05-08,False,0.009081779449586394,1.2328797391883833e-06,0.009080546569847206,69826.60313295385
2008-05-09,False,0.007679947447424162,1.9119914317138053e-06,0.007678035455992448,70362.73426758018
2008-05-12,False,-0.004481982703649671,6.051825969074221e-07,-0.004482587886246578,70047.32712730915
2008-05-13,False,-0.010279555978566933,1.3662689142099478e-06,-0.010280922247481143,69327.1760034694
2008-05-14,False,-0.004669900242878101,1.0448961871451086e-06,-0.0046709451390652456,69003.35256771087
2008-05-15,False,0.009383821941995704,1.938967606045866e-06,0.009381882974389659,69650.73394634169
2008-05-16,False,0.011425562551988197,2.1696749748026516e-06,0.011423392877013393,70446.38164438309
2008-05-19,False,3.232971638533032e-05,6.770330644439299e-07,3.165268332088639e-05,70448.61146139237
2008-05-20,False,0.012840464618271928,1.3956401002569036e-06,0.01283906897817167,71353.10604336161
2008-05-21,False,0.007512823635339459,1.8172625258161684e-06,0.0075110063728136426,71889.03967757335
2008-05-22,False,-0.009871174615555022,6.353401742196368e-07,-0.009871809955729241,71179.36473997646
2008-05-23,False,0.005996703730374427,8.057177277672189e-07,0.005995898012646659,71606.14895156234
2008-05-27,False,-0.013496935642145226,1.5431277267287104e-06,-0.013498478769871954,70639.57487014738
2008-05-28,False,-0.0027068021783625516,4.264274308336119e-07,-0.0027072286057933854,70448.33739235785
2008-05-29,False,-0.017979730325639234,2.453218119009573e-06,-0.017982183543758242,69181.52245901585
2008-05-30,False,0.007253928124105549,5.97632731706585e-07,0.007253330491373843,69683.31890530749
2008-06-02,False,0.0068324990803698355,4.2004685022052626e-07,0.006832079033519615,70159.40084738651
2008-06-03,False,-0.0022662824196901543,1.6724647519606728e-06,-0.002267954884442115,70000.28249154515
2008-06-04,False,-0.0033577677062303483,1.1881347287971689e-07,-0.003357886519703228,69765.22948659137
2008-06-05,False,0.001933363759645192,1.4649404439614212e-06,0.0019318988192012305,69900.0088510578
2008-06-06,False,0.020189217867474,2.436220310836776e-06,0.020186781647163164,71311.06506686889
2008-06-09,False,-0.009951049931224287,4.969904725963398e-07,-0.009951546921696884,70601.40965681977
2008-06-10,False,-0.017309621260211554,1.7673834657003229e-06,-0.017311388643677254,69379.20121545909
2008-06-11,False,0.010764926190888624,1.3361177989083401e-06,0.010763590073089715,70125.9704969407
2008-06-12,False,-0.00980741187607506,1.0958567699602823e-06,-0.00980850773284502,69438.13937304821
2008-06-13,False,-0.0007667718170630719,5.760628703278676e-07,-0.0007673478799333997,69384.85616401376
2008-06-16,False,0.005046036661626655,1.4430638010304865e-06,0.005044593597825624,69734.87456520481
2008-06-17,False,0.0015409122156395817,3.928799757194068e-07,0.0015405193356638623,69842.30248784261
2008-06-18,False,0.0071950089766788725,7.628669364736357e-07,0.007194246109742399,70344.76520081122
2008-06-19,False,-0.003365455204909098,8.280051936699478e-07,-0.003366283210102768,70107.96479879711
2008-06-20,False,0.004725883657992531,3.4044741512712085e-07,0.004725543210577404,70439.26301585948
2008-06-23,False,-0.008299917156963287,2.1193763763863866e-06,-0.008302036533339673,69854.47368092029
2008-06-24,False,0.00378745465216159,2.0546425547667003e-07,0.0037872491879061133,70119.02997963996
2008-06-25,False,-0.0015395750482686832,2.7048726072605165e-07,-0.0015398455355294092,70011.05750437015
2008-06-26,False,0.01946909282882196,2.782729688695626e-06,0.019466310099133265,71373.91446011847
2008-06-27,False,0.005754419995692238,6.615917257927484e-07,0.005753758403966446,71784.58272026735
2008-06-30,False,0.001637398904561779,4.176615707121023e-07,0.001636981242991067,71902.09273571636
2008-07-01,False,0.00577186037635061,1.32795535256916e-06,0.00577053242099804,72317.00609298542
2008-07-02,False,0.006280390456004359,8.777556093807343e-07,0.006279512700394978,72771.12165120085
2008-07-03,False,-0.006491237637888537,1.0889415178139961e-06,-0.006492326579406351,72298.66776389156
2008-07-07,False,-0.007391611346572152,1.6828680706999084e-06,-0.007393294214642852,71764.14244178639
2008-07-08,False,-0.007720011957217637,2.3531644649370103e-06,-0.007722365121682575,71209.95353120648
2008-07-09,False,0.0038971995804636846,5.223969994160721e-07,0.0038966771834642684,71487.43573236708
2008-07-10,False,0.011858700431608684,1.8099329054548502e-06,0.01185689049870323,72335.05442987886
2008-07-11,False,0.004747124395327547,2.103429987298372e-06,0.004745020965340249,72678.28577967767
2008-07-14,False,0.004412283992819819,5.756564574554146e-07,0.004411708336362364,72998.92117892439
2008-07-15,False,-0.0025665183257073537,1.7484009153720947e-06,-0.002568266726622726,72811.44047858121
2008-07-16,False,-0.011555244897281979,1.0848168022881688e-06,-0.011556329714084266,71970.0074654533
2008-07-17,False,-0.008683782777463208,1.7915940170253887e-06,-0.008685574371480233,71344.90661309611
2008-07-18,False,-0.0019640053814584855,2.393534423492938e-07,-0.0019642447349008346,71204.76775591935
2008-07-21,False,0.004790214940489308,8.787858168824298e-07,0.004789336154672426,71545.79132451784
2008-07-22,False,-0.013153267066990363,1.9236986355372634e-06,-0.0131551907656259,70604.59279116614
2008-07-23,False,-0.015338209092121614,2.2969799884360323e-06,-0.01534050607211005,69521.4826067344
2008-07-24,False,0.004155443710176254,1.0415790618680947e-06,0.004154402131114386,69810.30280223404
2008-07-25,False,-0.002328559768772391,1.0474918259180122e-06,-0.002329607260598309,69647.6722139614
2008-07-28,False,0.004870565754258357,7.354683846383242e-07,0.004869830285873718,69986.84455744954
2008-07-29,False,-0.008868965425931378,1.3435698048088196e-06,-0.008870308995736187,69366.0396205884
2008-07-30,False,-0.0027371517756892075,1.5165349114555222e-06,-0.002738668310600663,69176.06904604763
2008-07-31,False,0.004601361817531991,1.093528582257211e-06,0.004600268288949733,69494.29752283436
2008-08-01,False,-0.004348975371603349,5.814800021321092e-07,-0.0043495568516054815,69192.02812489642
2008-08-04,False,-0.010960119885783251,1.699447919354502e-06,-0.010961819333702607,68433.55761325883
2008-08-05,False,-0.013498136117150712,1.9843869511792375e-06,-0.013500120504101891,67509.69633895543
2008-08-06,False,-0.0010700702672026014,1.2639555170405881e-06,-0.001071334222719642,67437.37089090211
2008-08-07,False,-0.00016745657158230565,1.2007392774934512e-06,-0.0001686573108597991,67425.99708527619
2008-08-08,False,-0.013519706582108605,1.989005464231364e-06,-0.013521695587572836,66514.28327800053
2008-08-11,False,-0.017483671106017496,3.6644001617183454e-06,-0.017487335506179213,65351.12569036508
2008-08-12,False,-0.002247289157144745,1.1081948435666539e-06,-0.002248397351988312,65204.19039241341
2008-08-13,False,0.005217388304776396,1.2764518064102143e-06,0.005216111852969985,65544.30274278257
2008-08-14,False,-0.009599404214414462,2.944465339610389e-06,-0.009602348679754073,64914.92349387502
2008-08-15,False,-0.007843597624923317,2.3236485371795344e-06,-0.007845921273460496,64405.60611466937
2008-08-18,False,0.005978058224269515,1.506578582263371e-06,0.005976551645687251,64790.52954588549
2008-08-19,False,0.008481462299013986,2.0168576367588926e-06,0.008479445441377227,65339.917306287774
2008-08-20,False,-0.0003561181082471296,7.076169206660377e-07,-0.00035682572516779567,65316.60234291255
2008-08-21,False,0.010489268363681753,2.8847109659959485e-06,0.010486383652715757,66001.5372939722
2008-08-22,False,-0.0074011348885996255,1.2463401152971177e-06,-0.007402381228714922,65512.968753240966
2008-08-25,False,0.0021211621842746014,6.604666479414351e-07,0.00212050171762666,65651.88911600904
2008-08-26,False,0.002365648299462655,3.9334420253327177e-07,0.0023652549552601217,65807.17257206287
2008-08-27,False,0.0018830065941583488,2.1575929147167606e-07,0.001882790834866877,65931.07371345007
2008-08-28,False,0.002716917701300949,1.2236323591982152e-06,0.0027156940689417506,66110.12233929263
2008-08-29,False,-0.0014836502521224793,7.069685038764012e-07,-0.0014843572206263557,66011.9913018418
2008-09-02,False,-0.006690345229651905,4.031652409795458e-06,-0.0066943768820617,65570.0821533319
2008-09-03,False,-0.0013724951930392353,6.62429239788348e-07,-0.0013731576222790235,65480.04409522959
2008-09-04,False,-0.001069069209805831,8.7908475936542e-07,-0.0010699482945651965,65409.98383372184
2008-09-05,False,0.0037880688404021297,9.149313770291517e-07,0.0037871539090251006,65657.70150968699
2008-09-08,False,-0.0002155250147821175,2.1736046148543298e-07,-0.00021574237524360292,65643.53636121025
2008-09-09,False,-0.009768959735739267,3.4140742539439248e-06,-0.00977237380999321,65002.04318567863
2008-09-10,False,-0.00881576442584057,3.5078030465211103e-06,-0.008819272228887091,64428.77247139025
2008-09-11,False,-0.004776900533725426,1.7722713472321655e-06,-0.004778672805072659,64120.88844851699
2008-09-12,False,0.003697644242914642,4.99834265969458e-06,0.0036926459002549475,64357.66418436711
2008-09-15,False,0.014217592103267044,2.035597296616912e-06,0.014215556505970426,65272.544196172246
2008-09-16,False,-0.0020290978638533284,1.54966072390679e-06,-0.0020306475245772354,65139.99866587743
2008-09-17,False,0.03300441013517664,1.2891343945253903e-05,0.03299151879123138,67289.0661559235
2008-09-18,False,-0.012799304748378875,3.0939878925491103e-06,-0.012802398736271425,66427.60470040403
2008-09-19,False,-0.0008071614864819492,6.54077293635727e-06,-0.0008137022594183064,66373.55240837157
2008-09-22,False,0.0018713200082709329,5.880096575857946e-06,0.0018654399116950749,66497.36828211513
2008-09-23,False,-0.0016306242917935264,1.3376479221841874e-06,-0.0016319619397157105,66388.84710798746
2008-09-24,False,-0.0009039295065580849,2.8901531837045717e-06,-0.0009068196597417895,66328.64439624234
2008-09-25,False,-0.0044514757368539866,2.4324116867288636e-07,-0.00445171897802266,66033.36791119707
2008-09-26,False,0.0039059435053537205,9.320356040267292e-07,0.003905011469749694,66291.2289702765
2008-09-29,False,0.031278097771935943,2.9448742830775615e-06,0.03127515289765287,68364.49729209521
2008-09-30,False,-0.016800977919563344,5.668411180729472e-06,-0.016806646330744072,67215.51936452785
2008-10-01,False,0.006403402875107579,6.915944165850757e-07,0.006402711280690994,67645.88092860061
2008-10-02,False,0.0025051092966170765,7.4555651413135274e-06,0.002497653731475763,67814.8369155209
2008-10-03,False,0.003552328399989218,8.431242790302162e-08,0.003552244087561315,68055.73176900299
2008-10-06,False,0.03439477247565474,6.958211808725675e-06,0.03438781426384602,70396.0196326656
2008-10-07,False,0.005847094442977881,4.909603453978923e-06,0.005842184839523902,70807.28619132638
2008-10-08,False,0.007280911283421882,2.8716407875724744e-06,0.0072780396426343095,71322.62442721422
2008-10-09,False,-0.0029388352124028305,1.3885472953277662e-06,-0.002940223759698158,71112.9199522693
2008-10-10,False,-0.01025857993028796,1.0785006399442395e-05,-0.010269364936687403,70382.63542556601
2008-10-13,False,-0.019411954513319105,2.6035475272864346e-06,-0.019414558060846392,69016.18766362096
2008-10-14,False,-0.000966560823783537,6.028225273413679e-07,-0.0009671636463108783,68949.43771590575
2008-10-15,False,0.017063165091805544,2.6574611202131588e-06,0.01706050763068533,70125.75012418942
2008-10-16,False,-0.01213339767471089,6.093952756868443e-06,-0.012139491627467759,69274.45916768693
2008-10-17,False,-0.01377931170883751,2.6252095163480925e-06,-0.013781936918353858,68319.72294138478
2008-10-20,False,0.006928034361108684,1.6187284018303744e-06,0.006926415632706854,68792.9337383882
2008-10-21,False,-0.0014439224212619839,5.010745341205825e-06,-0.0014489331666031897,68693.2573750667
2008-10-22,False,-0.0023163351457474216,9.104979884264966e-06,-0.0023254401256316867,68533.51531800638
2008-10-23,False,-0.0015536119652327467,2.2374113966557723e-06,-0.0015558493766294026,68426.88749092064
2008-10-24,False,0.0151471589815357,3.1976195498502057e-06,0.01514396136198585,69463.1416312041
2008-10-27,False,-0.0008180066870826372,2.986735420648645e-07,-0.000818305360624702,69406.29957004146
2008-10-28,False,0.000497141842754755,3.632896312009651e-06,0.0004935089464427453,69440.55219981876
2008-10-29,False,-0.014495536042164294,5.532608789758434e-06,-0.014501068650954053,68433.58998520904
2008-10-30,False,-0.005066318753553072,2.0715159686788278e-06,-0.00506839026952175,68086.74184361956
2008-10-31,False,-0.0061278982260130795,2.132084321525854e-06,-0.006130030310334605,67669.36805238624
2008-11-03,False,0.002117798946079323,9.117259389613691e-07,0.0021168872201403617,67812.6164728113
2008-11-04,False,0.0062319539667646156,9.742941431955934e-06,0.00622221102533266,68234.5608826851
2008-11-05,False,0.0016499371332934266,6.18247163163553e-06,0.001643754661661791,68346.72176022247
2008-11-06,False,0.013807833290040586,5.9926160745973205e-06,0.013801840673965988,69290.03232454494
2008-11-07,False,0.0005118654133080573,5.605730602274012e-07,0.0005113048402478298,69325.46065345341
2008-11-10,False,0.0019597100644055247,2.1519273322922193e-06,0.0019575581370732324,69461.16927306193
2008-11-11,False,0.004688176880417584,5.1494954411241965e-06,0.00468302738497646,69786.45783096016
2008-11-12,False,0.004102741485885286,5.403704365227718e-06,0.004097337781520058,70072.39652126942
2008-11-13,False,0.005428401962152278,4.191564096965458e-06,0.005424210398055313,70452.48394309674
2008-11-14,False,0.004212979786982738,2.548094892220881e-06,0.004210431692090517,70749.11931427725
2008-11-17,False,0.002898286274142039,2.006137925629106e-06,0.00289628013621641,70954.028583202
2008-11-18,False,0.007536704959370943,1.6712865134173027e-06,0.007535033672857526,71488.66957780132
2008-11-19,False,0.0033498089592103575,1.1291524152963334e-06,0.003348679806795061,71728.06224203114
2008-11-20,False,0.024736355817790805,3.70561072495354e-06,0.024732650207065852,73502.08731549395
2008-11-21,False,0.021702444121769252,8.452718786246399e-06,0.021693991402983007,75096.64096581758
2008-11-24,False,-0.01274612116696707,7.425290119738221e-06,-0.012753546457086807,74138.89246648886
2008-11-25,False,0.009399047835457993,1.6335520983757762e-06,0.009397414283359617,74835.60635350591
2008-11-26,False,-0.002238090993279325,9.37597251733091e-07,-0.002239028590531058,74668.04729129067
2008-11-28,False,0.0043784056371504836,8.710636747461531e-07,0.004377534573475737,74994.90924984223
2008-12-01,False,0.0010174786691093604,9.830428343410677e-06,0.0010076482407659498,75070.47773821422
2008-12-02,False,0.013204256081737009,1.8992269262767259e-06,0.013202356854810733,76061.58497457525
2008-12-03,False,0.0023822123318784955,2.0598707554263797e-06,0.002380152461123069,76242.62314324942
2008-12-04,False,0.007494599632850693,3.0000823120636957e-06,0.007491599550538629,76813.80234452127
2008-12-05,False,0.0013027380127613776,4.23402783553134e-06,0.0012985039849258463,76913.54537296294
2008-12-08,False,-0.009080855326406748,6.2886302538015945e-06,-0.00908714395666055,76214.62091394169
2008-12-09,False,0.007901142179405142,1.0928416065197761e-06,0.007900049337798622,76816.72017942344
2008-12-10,False,0.007988474985388598,6.087528261225231e-06,0.007982387457127373,77429.90100308134
2008-12-11,False,-0.0053056380776002705,4.084062209704378e-06,-0.005309722139809975,77018.769743442
2008-12-12,False,0.003818979359806965,8.021068770908829e-07,0.0038181772529298744,77312.84105812505
2008-12-15,False,0.007696555130902293,2.3906305118012032e-06,0.007694164500390492,77907.6987752188
2008-12-16,False,0.005654841429319856,4.034658219102788e-06,0.005650806771100753,78347.94012697869
2008-12-17,False,0.005499232088055774,9.921288842076602e-07,0.005498239959171566,78778.71590210362
2008-12-18,False,0.0015001470932353006,3.28851385462664e-06,0.001496858579380674,78896.63649887429
2008-12-19,False,0.001632962684864721,3.6701796194905103e-06,0.0016292925052452305,79025.18219741096
2008-12-22,False,0.003737255217008434,1.0473433443312085e-06,0.0037362078736641025,79320.43670535464
2008-12-23,False,-0.004194968608353378,9.623599391859611e-07,-0.004195930968292565,78987.61362856416
2008-12-24,False,0.00394854971431513,1.0571094492247552e-06,0.003947492604865905,79299.41664923892
2008-12-26,False,0.0019045426612731055,4.169482818974654e-06,0.0019003731784541307,79450.11513370619
2008-12-29,False,0.0054167844860776235,5.544794896187727e-07,0.005416230006588005,79880.43523132025
2008-12-30,False,-0.00163793061450559,5.965409754353363e-07,-0.0016385271554810253,79749.54896900208
2008-12-31,False,-0.010602575821443834,3.873978177112824e-06,-0.010606449799620948,78903.68938131994
2009-01-02,False,-0.010421839694704838,1.5542245971502667e-06,-0.010423393919301988,78081.24514521219
2009-01-05,False,-0.015041548662069318,2.122164463958673e-06,-0.015043670826533276,76906.61659552177
2009-01-06,False,-0.0074965306509658935,4.230626580002131e-06,-0.007500761277545896,76329.75842377501
2009-01-07,False,0.0044375964986697325,6.111613044242029e-06,0.004431484885625491,76668.01259455342
2009-01-08,False,0.012075770491808203,1.4397967648107912e-06,0.012074330695043392,77593.72753235183
2009-01-09,False,0.0013627371477264092,1.290958619071525e-06,0.0013614461891073377,77699.36721699938
2009-01-12,False,0.006108794361573633,7.438096471286418e-06,0.006101356265102347,78173.43873796331
2009-01-13,False,0.0032186078669863157,8.225844454017028e-07,0.003217785282540914,78424.98407861995
2009-01-14,False,0.00226026757109333,2.6169148119604967e-06,0.0022576506562813695,78602.0402953939
2009-01-15,False,0.0017265733685782908,9.638602807010844e-07,0.0017256095082975897,78737.67672349923
2009-01-16,False,0.0009423963639370291,4.648437815528428e-06,0.0009377479261215007,78811.51281655431
2009-01-20,False,0.016659346797656873,3.2729689961782242e-06,0.016656073828660696,80124.20319257528
2009-01-21,False,-0.00836628423685887,6.830001337765068e-07,-0.008366967236992645,79453.80660957287
2009-01-22,False,0.002081658559622895,9.025560484174911e-07,0.0020807560035744775,79619.13059468257
2009-01-23,False,0.006907214596538553,6.586852553809267e-06,0.006900627743984744,80168.55257621619
2009-01-26,False,-0.00472475355854528,2.0957764340739373e-06,-0.004726849334979354,79789.60790678504
2009-01-27,False,0.006772637433350353,2.4678465975287305e-06,0.006770169586752824,80329.79708357449
2009-01-28,False,-0.010663184137692407,8.096008762424472e-07,-0.010663993738568649,79473.16063045476
2009-01-29,False,0.006545135212491175,2.855985285060453e-06,0.006542279227206115,79993.0962383678
2009-01-30,False,0.008377440905726825,1.9579301398131716e-06,0.008375482975587012,80663.07705407676
2009-02-02,False,0.001690136553426547,4.782060503129251e-06,0.0016853544929234178,80799.02293340287
2009-02-03,False,-0.009947916331332981,1.3706490468151783e-06,-0.009949286980379796,79995.13026650414
2009-02-04,False,0.0015020817902038068,1.0855738905431872e-06,0.0015009962163132636,80115.20265435766
2009-02-05,False,-0.0015552660701302786,2.5631086375429853e-06,-0.0015578291787678215,79990.39685399982
2009-02-06,False,-0.010060928046841323,1.8248718970439726e-06,-0.010062752918738366,79185.47325458619
2009-02-09,False,-0.007166113265032071,1.1766888011417315e-06,-0.007167289953833212,78617.92800763907
2009-02-10,False,0.024417743379241203,2.9353677145488865e-06,0.024414808011526654,80537.3696262096
2009-02-11,False,0.013215108306569872,1.7563092888593508e-06,0.013213351997281013,81601.53824001584
2009-02-12,False,0.011796440149836248,2.1765840317654605e-06,0.011794263565804482,82563.96828939366
2009-02-13,False,-0.0096577484630494,1.2793980271555012e-06,-0.009659027861076556,81766.48061936536
2009-02-17,False,0.03389107892767316,4.236249125259689e-06,0.0338868426785479,84537.28848449234
2009-02-18,False,0.005850948669584089,1.8034713092055094e-06,0.0058491451982748835,85031.7593595066
2009-02-19,False,-0.013541969237780624,1.5912200466251524e-06,-0.01354356045782725,83880.1265857857
2009-02-20,False,0.011599658510344266,1.5811633854812685e-06,0.011598077346958785,84852.97478180034
2009-02-23,False,0.0005064278701857792,4.2871157681161064e-07,0.0005059991586089676,84895.9103156454
2009-02-24,False,-0.01806160345913309,2.634858059873929e-06,-0.018064238317192966,83362.33035954853
2009-02-25,False,-0.010600833017106792,1.0238820176291519e-06,-0.01060185689912442,82478.53486229907
2009-02-26,False,-0.009183721987162689,2.783273815071319e-06,-0.00918650526097776,81720.84536786882
2009-02-27,False,0.0032721581593081676,1.5412637148085605e-06,0.003270616895593359,81988.12294545113
2009-03-02,False,0.012429736767875654,5.7041428775662235e-06,0.012424032624998088,83006.74605978778
2009-03-03,False,-0.00964183849460483,1.3369010310563117e-06,-0.009643175395635887,82206.29744851222
2009-03-04,False,-0.01776103255917327,3.327256755708663e-06,-0.017764359815928978,80745.95520150158
2009-03-05,False,0.02776922120484948,3.256764096440157e-06,0.027765964440753042,82987.94452236111
2009-03-06,False,-0.0008296540080777677,6.823846939948836e-07,-0.0008303363927717626,82919.03661186286
2009-03-09,False,-0.004525639482936108,2.3625719766642433e-06,-0.004528002054912773,82543.57904369295
2009-03-10,False,-0.013440553253942028,2.261990130497285e-06,-0.013442815244072525,81433.9609610241
2009-03-11,False,0.010371448295039819,1.2883640919901657e-06,0.01037015993094783,82278.44416000048
2009-03-12,False,0.0010764381969972057,3.717071834728983e-06,0.0010727211251624767,82366.7059851964
2009-03-13,False,0.0015778810526410221,1.2278643305393967e-07,0.0015777582662079683,82496.66073642488
2009-03-16,False,-0.010109836288048273,2.0541275115148193e-06,-0.010111890415559788,81662.46354340852
2009-03-17,False,-0.008499773984573824,1.0220582668382244e-06,-0.008500796042840661,80968.26759647009
2009-03-18,False,0.020922893072458426,2.8704245919335125e-06,0.020920022647866493,82662.12558834675
2009-03-19,False,-0.007742212915652536,4.595208261476705e-06,-0.007746808123914013,82021.75796229894
2009-03-20,False,-0.0031383789030970852,8.220395058082253e-07,-0.0031392009426028933,81764.27518238976
2009-03-23,False,-0.016070032372409542,2.299296361060313e-06,-0.016072331668770604,80450.13263300176
2009-03-24,False,-0.0077120500407608554,1.1552241712974448e-06,-0.0077132052649321525,79829.6042464124
2009-03-25,False,0.007975417931227335,1.8707696261675565e-06,0.007973547161601167,80466.12936076312
2009-03-26,False,0.00018401110441626511,5.468413420361279e-07,0.00018346426307422898,80480.89201988872
2009-03-27,False,0.004472373176822659,4.0017073419519045e-06,0.004468371469480707,80840.51054162874
2009-03-30,False,0.012141117018772006,4.8706783543437665e-06,0.012136246340417663,81821.61089184709
2009-03-31,False,-0.007296262661657764,3.902429372779376e-06,-0.007300165091030543,81224.29962432254
2009-04-01,False,0.006682357393389879,9.67331468945412e-07,0.006681390061920933,81766.99085261897
2009-04-02,False,-0.028053433932982295,4.557274887816071e-06,-0.02805799120787011,79472.77334218219
2009-04-03,False,-0.014588361450442561,1.3465842155190173e-06,-0.01458970803465808,78313.2887824152
2009-04-06,False,-0.005962013032620109,3.4413551526726316e-06,-0.005965454387772782,77846.11443022723
2009-04-07,False,0.011473510238761026,1.7503097782424065e-06,0.011471759928982783,78739.14636637493
2009-04-08,False,0.0022576320460731595,6.246451578628826e-07,0.0022570074009152967,78916.8612024656
2009-04-09,False,-0.006807967729427017,1.1347305876511644e-06,-0.006809102460014668,78379.50820871526
2009-04-13,False,0.0040806896258444,2.511532818390408e-06,0.00407817809302601,78699.15380203417
2009-04-14,False,0.00043034139386430043,1.0384943090926551e-06,0.0004293028995552078,78732.93957695393
2009-04-15,False,0.0022200577605563927,3.5087807032424534e-07,0.0022197068824860683,78907.70362481124
2009-04-16,False,-0.008381182443552527,1.8375897033130196e-06,-0.00838302003325584,78246.21876454624
2009-04-17,False,-0.00576083837095983,2.1303364757122024e-07,-0.005761051404607401,77795.43827602753
2009-04-20,False,0.027074055588346635,4.802630711099626e-06,0.027069252957635535,79901.30267367145
2009-04-21,False,-0.0051091433594435,1.0287320462622206e-06,-0.0051101720914897624,79492.99326667478
2009-04-22,False,-0.0013467101948760245,1.1659034214068498e-06,-0.0013478760982974314,79385.84656106851
2009-04-23,False,0.0034051344758226063,2.133699584768556e-06,0.0034030007762378377,79655.99665853812
2009-04-24,False,-0.003337038398007091,2.2905399167095916e-06,-0.0033393289379238006,79389.9990838171
2009-04-27,False,0.009655199884778582,3.6489024698306283e-06,0.009651550982308752,80156.23570746001
2009-04-28,False,-0.007289947517490878,1.15270129593735e-06,-0.007291100218786815,79571.80855975623
2009-04-29,False,-0.008991042466821655,3.4188990554604866e-06,-0.008994461365877116,78856.10300185253
2009-04-30,False,-0.006979187516791764,1.4739765418619739e-06,-0.0069806614933336265,78305.63524011314
2009-05-01,False,-0.011466901228481768,2.9594522080802073e-06,-0.011469860680689848,77407.48051339612
2009-05-04,False,0.001688828831595562,2.9529559067913573e-06,0.0016858758756887707,77537.97991739151
2009-05-05,False,0.0009533957869514387,1.0500995416958397e-06,0.0009523456874097429,77611.8228781763
2009-05-06,False,-0.003901342461121103,3.894971875643125e-06,-0.0039052374329967463,77308.73028222933
2009-05-07,False,-0.006684116044992131,1.1922833527898552e-06,-0.006685308328344921,76791.89758381978
2009-05-08,False,-0.00975414094816951,4.299581903207145e-06,-0.009758440530072717,76042.52841805664
2009-05-11,False,0.0062271269716884245,1.5971995403815248e-06,0.006225529772148043,76515.93344267266
2009-05-12,False,0.0012269828644717329,1.6702782187372896e-06,0.0012253125862529955,76609.68937896885
2009-05-13,False,0.009542554497615197,1.8750151494829892e-06,0.009540679482465715,77340.59787058485
2009-05-14,False,-0.0025428874776076585,7.397331452171363e-07,-0.0025436272107528758,77143.87222134534
2009-05-15,True,-0.0101000952681798,0.0005,-0.0106000952681798,76326.1398264428
2009-05-18,True,0.0832453155232676,0.0,0.0832453155232676,82679.93341896807
2009-05-19,True,0.0114205910935686,0.0,0.0114205910935686,83624.18713018957
2009-05-20,False,-0.0005770084203129017,0.0005029872222490055,-0.0010799956425619072,83533.87337247618
2009-05-21,True,-0.0567149923435154,0.0005,-0.0572149923435154,78754.48344704577
2009-05-22,True,-0.009297513922639,0.0,-0.009297513922639,78022.26254072662
2009-05-26,True,0.1087660150223516,0.0,0.1087660150223516,86508.43312030914
2009-05-27,True,-0.0228262661235273,0.0,-0.0228262661235273,84533.7686039756
2009-05-28,True,0.0394020332692203,0.0,0.0394020332692203,87864.570966882
2009-05-29,True,0.0321945473522349,0.0,0.0321945473522349,90693.33105745909
2009-06-01,True,0.0867924753524245,0.0,0.0867924753524245,98564.82975789288
2009-06-02,True,0.0064413385224055,0.0,0.0064413385224055,99199.71919276674
2009-06-03,True,-0.0099074055273554,0.0,-0.0099074055273554,98216.90734652424
2009-06-04,True,0.0351384341172879,0.0,0.0351384341172879,101668.09567452384
2009-06-05,True,0.0009047240393678,0.0,0.0009047240393678,101760.07724471732
2009-06-08,True,-0.0095222937917256,0.0,-0.0095222937917256,100791.08789292442
2009-06-09,True,0.0262826692136134,0.0,0.0262826692136134,103440.14671569438
2009-06-10,True,-0.0125861567580082,0.0,-0.0125861567580082,102138.23281405927
2009-06-11,True,0.0034515623156351,0.0,0.0034515623156351,102490.76928942584
2009-06-12,True,-0.0141476267378513,0.0,-0.0141476267378513,101040.76814144381
2009-06-15,True,-0.0665031478731724,0.0,-0.0665031478731724,94321.23899651445
2009-06-16,True,-0.0282686349474496,0.0,-0.0282686349474496,91654.90632353084
2009-06-17,True,0.0262353633011075,0.0,0.0262353633011075,94059.50608925764
2009-06-18,True,-0.004345637474055,0.0,-0.004345637474055,93650.75757480506
2009-06-19,True,0.0359282398717094,0.0,0.0359282398717094,97015.46445711995
2009-06-22,True,-0.0910248741714562,0.0,-0.0910248741714562,88184.64401222522
2009-06-23,True,-0.0045610478197525,0.0,-0.0045610478197525,87782.4296339176
2009-06-24,True,0.0475577647369714,0.0,0.0475577647369714,91957.16577048719
2009-06-25,True,0.0595850426259744,0.0,0.0595850426259744,97436.43741268547
2009-06-26,True,0.0088637462545136,0.0,0.0088637462545136,98300.0892698553
2009-06-29,True,0.0073173352272278,0.0,0.0073173352272278,99019.38397590925
2009-06-30,True,-0.0133427486722742,0.0,-0.0133427486722742,97698.19322183527
2009-07-01,True,0.0082672030805938,0.0,0.0082672030805938,98505.88402580726
2009-07-02,True,-0.071041855344634,0.0,-0.071041855344634,91507.84326225056
2009-07-06,True,-0.0109709598607628,0.0,-0.0109709598607628,90503.91438687543
2009-07-07,True,-0.0754656487093703,0.0,-0.0754656487093703,83673.97777693256
2009-07-08,True,0.0143760043490545,0.0,0.0143760043490545,84876.87524535642
2009-07-09,True,0.0072929387351579,0.0,0.0072929387351579,85495.87709655245
2009-07-10,True,0.010264937748886,0.0,0.010264937748886,86373.48695273497
2009-07-13,True,0.0588266942585907,0.0,0.0588266942585907,91454.55366175187
2009-07-14,True,0.0106123448604743,0.0,0.0106123448604743,92425.10092427113
2009-07-15,True,0.0993662714019488,0.0,0.0993662714019488,101609.03858706476
2009-07-16,True,0.0357172423802686,0.0,0.0357172423802686,105238.23324630501
2009-07-17,True,0.0165328576915354,0.0,0.0165328576915354,106978.12198027478
2009-07-20,True,0.032842971125777,0.0,0.032842971125777,110491.60135156279
2009-07-21,True,0.0174670692999855,0.0,0.0174670692999855,112421.5658094369
2009-07-22,True,0.023122028156773,0.0,0.023122028156773,115020.98041951121
2009-07-23,True,0.0699670008578417,0.0,0.0699670008578417,123068.65345519294
2009-07-24,True,-0.0046471129569365,0.0,-0.0046471129569365,122496.73952112858
2009-07-27,True,0.0004295991767132,0.0,0.0004295991767132,122549.3640195769
2009-07-28,True,0.0115153914384907,0.0,0.0115153914384907,123960.56791680041
2009-07-29,True,-0.010989463653292,0.0,-0.010989463653292,122598.30776123729
2009-07-30,True,0.0192031448731267,0.0,0.0192031448731267,124952.5808263765
2009-07-31,True,-0.012170496474862,0.0,-0.012170496474862,123431.84588190418
2009-08-03,True,0.0462883041420264,0.0,0.0462883041420264,129145.29670489748
2009-08-04,True,0.000642695031573,0.0,0.000642695031573,129228.29774544072
2009-08-05,True,-0.0259220270992567,0.0,-0.0259220270992567,125878.43830929259
2009-08-06,True,-0.02633246805909,0.0,-0.02633246805909,122563.74835318502
2009-08-07,True,0.035953957409101,0.0,0.035953957409101,126970.40014137521
2009-08-10,True,-0.0168223702077303,0.0,-0.0168223702077303,124834.45706477335
2009-08-11,True,-0.0293606335070969,0.0,-0.0293606335070969,121169.23832183711
2009-08-12,True,0.0468043062783511,0.0,0.0468043062783511,126840.48046376691
2009-08-13,True,0.016743432523662,0.0,0.016743432523662,128964.22548968084
2009-08-14,True,-0.0314824091943757,0.0,-0.0314824091943757,124904.12097137897
2009-08-17,True,-0.0869536620219827,0.0,-0.0869536620219827,114043.25025128084
2009-08-18,True,0.0413887396163755,0.0,0.0413887396163755,118763.35664093625
2009-08-19,True,0.0190788252200774,0.0,0.0190788252200774,121029.22196483839
2009-08-20,True,0.0330501283499044,0.0,0.0330501283499044,125029.25328486538
2009-08-21,True,0.043747261474237,0.0,0.043747261474237,130498.94072024696
2009-08-24,True,-0.0055339449084478,0.0,-0.0055339449084478,129776.76677169032
2009-08-25,True,0.0093570490998674,0.0,0.0093570490998674,130991.09435039505
2009-08-26,True,-0.0053432226523615,0.0,-0.0053432226523615,130291.17976780441
2009-08-27,True,0.0072374737485491,0.0,0.0072374737485491,131234.15876104136
2009-08-28,True,0.0041120437092092,0.0,0.0041120437092092,131773.79935800805
2009-08-31,True,-0.0329912559107276,0.0,-0.0329912559107276,127426.41622105915
2009-09-01,True,-0.0542158516552373,0.0,-0.0542158516552373,120517.88454225966
2009-09-02,True,-0.0029701196339777,0.0,-0.0029701196339777,120159.93200713524
2009-09-03,True,0.0219781391255439,0.0,0.0219781391255439,122800.82371010394
2009-09-04,True,0.0599070294641672,0.0,0.0599070294641672,130157.45627432915
2009-09-08,True,0.0306206230943712,0.0,0.0306206230943712,134142.9586858275
2009-09-09,True,0.0261042173694145,0.0,0.0261042173694145,137644.65563793873
2009-09-10,True,0.030389685773654,0.0,0.030389685773654,141827.6334711985
2009-09-11,True,-0.0012831777728241,0.0,-0.0012831777728241,141645.64340435603
2009-09-14,True,0.0147358881503456,0.0,0.0147358881503456,143732.9177625464
2009-09-15,True,0.0101826487767378,0.0,0.0101826487767378,145196.4995817781
2009-09-16,True,0.0426814413621473,0.0,0.0426814413621473,151393.69546466682
2009-09-17,True,-0.0046308768982371,0.0,-0.0046308768982371,150692.60989780075
2009-09-18,True,0.0071983912539673,0.0,0.0071983912539673,151777.3542629266
2009-09-21,True,0.0109879670278639,0.0,0.0109879670278639,153445.07882714405
2009-09-22,True,0.0043121198992928,0.0,0.0043121198992928,154106.75240500312
2009-09-23,True,-0.0170251717284828,0.0,-0.0170251717284828,151483.05848078916
2009-09-24,True,-0.0252816471511067,0.0,-0.0252816471511067,147653.3172469074
2009-09-25,True,-0.0274259474858443,0.0,-0.0274259474858443,143603.785121983
2009-09-28,True,0.0538665060263766,0.0,0.0538665060263766,151339.2192786668
2009-09-29,True,-0.0120747596853188,0.0,-0.0120747596853188,149511.83457491314
2009-09-30,True,0.0022677407167415,0.0,0.0022677407167415,149850.8886498134
2009-10-01,True,-0.0917992745986843,0.0,-0.0917992745986843,136094.6857737923
2009-10-02,True,-0.0070933300092562,0.0,-0.0070933300092562,135129.32125509277
2009-10-05,True,0.0236940709013838,0.0,0.0236940709013838,138331.08497376682
2009-10-06,True,0.0529771142427927,0.0,0.0529771142427927,145659.46666575153
2009-10-07,True,0.0091123310420037,0.0,0.0091123310420037,146986.7639454115
2009-10-08,True,0.0128392452376708,0.0,0.0128392452376708,148873.9630543983
2009-10-09,True,0.0173767787199065,0.0,0.0173767787199065,151460.9129675501
2009-10-12,True,0.0032118933714259,0.0,0.0032118933714259,151947.38926994067
2009-10-13,True,0.0010750125273548,0.0,0.0010750125273548,152110.73461690475
2009-10-14,True,0.0415595701360619,0.0,0.0415595701360619,158432.3913606639
2009-10-15,True,-0.0015742291295985,0.0,-0.0015742291295985,158182.982475112
2009-10-16,True,-0.0240575922434263,0.0,-0.0240575922434263,154377.48078287672
2009-10-19,True,0.0299074831133156,0.0,0.0299074831133156,158994.52268246684
2009-10-20,True,-0.0008724368930075,0.0,-0.0008724368930075,158855.80999509254
2009-10-21,True,-0.0045275570210742,0.0,-0.0045275570210742,158136.5812572108
2009-10-22,True,0.0163718507933318,0.0,0.0163718507933318,160725.56977052146
2009-10-23,True,-0.0162333913719593,0.0,-0.0162333913719593,158116.4486929554
2009-10-26,True,-0.0118053192937482,0.0,-0.0118053192937482,156249.8335305415
2009-10-27,True,-0.0417529817357947,0.0,-0.0417529817357947,149725.93708491986
2009-10-28,True,-0.0703993870980091,0.0,-0.0703993870980091,139185.32288146642
2009-10-29,True,0.0520620477383055,0.0,0.0520620477383055,146431.5958057928
2009-10-30,True,-0.0774155030604955,0.0,-0.0774155030604955,135095.52015253622
2009-11-02,True,0.0103664467587427,0.0,0.0103664467587427,136495.98066954216
2009-11-03,True,0.0112448825619623,0.0,0.0112448825619623,138030.861942351
2009-11-04,True,0.0025920644519556,0.0,0.0025920644519556,138388.6468328646
2009-11-05,True,0.0721156665532994,0.0,0.0721156665532994,148368.63634262577
2009-11-06,True,0.0168209598375989,0.0,0.0168209598375989,150864.33921570439
2009-11-09,True,0.0652079627730576,0.0,0.0652079627730576,160701.89543106395
2009-11-10,True,0.0080570167628294,0.0,0.0080570167628294,161996.67329637046
2009-11-11,True,0.0165114025632244,0.0,0.0165114025632244,164671.46558306998
2009-11-12,True,-0.0165413223577061,0.0,-0.0165413223577061,161947.58178774454
2009-11-13,True,0.0261391419713725,0.0,0.0261391419713725,166180.75262001486
2009-11-16,True,0.0317495045513726,0.0,0.0317495045513726,171456.90918167456
2009-11-17,True,0.0076827093860178,0.0,0.0076827093860178,172774.16278714224
2009-11-18,True,-0.0173663697444959,0.0,-0.0173663697444959,169773.702793885
2009-11-19,True,-0.0475707266872375,0.0,-0.0475707266872375,161697.44437959683
2009-11-20,True,-0.0149215626043706,0.0,-0.0149215626043706,159284.6658403199
2009-11-23,True,0.0485092124176393,0.0,0.0485092124176393,167011.4395304407
2009-11-24,True,-0.0112281592736226,0.0,-0.0112281592736226,165136.20848687593
2009-11-25,True,0.0124275832818339,0.0,0.0124275832818339,167188.45247069286
2009-11-27,True,-0.0472163568466542,0.0,-0.0472163568466542,159294.42283819674
2009-11-30,True,0.0033130127711742,0.0,0.0033130127711742,159822.16729543652
2009-12-01,True,0.0343879896342788,0.0,0.0343879896342788,165318.13032771993
2009-12-02,True,0.0051845908485832,0.0,0.0051845908485832,166175.23719332193
2009-12-03,True,-0.0132854805740793,0.0,-0.0132854805740793,163967.51930769702
2009-12-04,True,0.0151090670822613,0.0,0.0151090670822613,166444.915556229
2009-12-07,True,-0.013862825122594,0.0,-0.013862825122594,164137.5187993281
2009-12-08,True,-0.018400532772473,0.0,-0.018400532772473,161117.30100546865
2009-12-09,True,0.0286847410409925,0.0,0.0286847410409925,165738.90906203416
2009-12-10,True,0.0161762300834185,0.0,0.0161762300834185,168419.9397887964
2009-12-11,True,-0.012221120247187,0.0,-0.012221120247187,166361.6594526135
2009-12-14,True,0.0284749443487371,0.0,0.0284749443487371,171098.79844729023
2009-12-15,True,-0.018076580525443,0.0,-0.018076580525443,168005.91723935123
2009-12-16,True,0.0043203162865586,0.0,0.0043203162865586,168731.7559398386
2009-12-17,True,-0.0376000884479801,0.0,-0.0376000884479801,162387.42699251766
2009-12-18,True,0.0490413769744479,0.0,0.0490413769744479,170351.13001556837
2009-12-21,True,0.0355358700072178,0.0,0.0355358700072178,176404.70562738425
2009-12-22,True,0.0175499102247131,0.0,0.0175499102247131,179500.59237436182
2009-12-23,True,0.0203181374049729,0.0,0.0203181374049729,183147.7100744981
2009-12-24,True,0.0288804515916374,0.0,0.0288804515916374,188437.09864942392
2009-12-28,True,0.0133444385798602,0.0,0.0133444385798602,190951.6859385182
2009-12-29,True,-0.0098755310883771,0.0,-0.0098755310883771,189065.93662765433
2009-12-30,True,0.0105905422346232,0.0,0.0105905422346232,191068.24741463814
2009-12-31,True,-0.0293216474572039,0.0,-0.0293216474572039,185465.81162368032
2010-01-04,True,0.0425218093169063,0.0,0.0425218093169063,193352.1535003477
2010-01-05,True,0.0027159210282121,0.0,0.0027159210282121,193877.28267988938
2010-01-06,True,-0.0159368280525938,0.0,-0.0159368280525938,190787.4937625159
2010-01-07,True,-0.0027495166292336,0.0,-0.0027495166292336,190262.92037576606
2010-01-08,True,0.0253343690447627,0.0,0.0253343690447627,195083.1114161
2010-01-11,True,-0.0100995225098101,0.0,-0.0100995225098101,193112.8651410693
2010-01-12,True,-0.038921160587832,0.0,-0.038921160587832,185596.68830533742
2010-01-13,True,0.0391855499086927,0.0,0.0391855499086927,192869.39659781428
2010-01-14,True,0.0005859891254507,0.0,0.0005859891254507,192982.41596685283
2010-01-15,True,-0.0350197659016356,0.0,-0.0350197659016356,186224.2169365616
2010-01-19,True,0.0497796516555463,0.0,0.0497796516555463,195494.3935854905
2010-01-20,True,-0.0436064755131259,0.0,-0.0436064755131259,186969.57209865138
2010-01-21,True,-0.0279476756961415,0.0,-0.0279476756961415,181744.20713259192
2010-01-22,True,-0.0904122763920496,0.0,-0.0904122763920496,165312.29964466608
2010-01-25,True,0.0126184796348456,0.0,0.0126184796348456,167398.28953112182
2010-01-26,True,0.002411625595801,0.0,0.002411625595801,167801.99153084838
2010-01-27,True,0.0249776534509033,0.0,0.0249776534509033,171993.2915236773
2010-01-28,True,-0.0788743774628404,0.0,-0.0788743774628404,158427.42772696243
2010-01-29,True,-0.0509528414097086,0.0,-0.0509528414097086,150355.10012704245
2010-02-01,True,0.0338744831786442,0.0,0.0338744831786442,155448.3014371193
2010-02-02,True,0.0275663054994071,0.0,0.0275663054994071,159733.43680389886
2010-02-03,True,0.0130987664753193,0.0,0.0130987664753193,161825.7477908933
2010-02-04,True,-0.0869579103016678,0.0,-0.0869579103016678,147753.7189299925
2010-02-05,True,0.022693346521743,0.0,0.022693346521743,151106.745273547
2010-02-08,True,-0.0193482599713978,0.0,-0.0193482599713978,148183.09268256262
2010-02-09,True,0.0327491724976692,0.0,0.0327491724976692,153035.96634606196
2010-02-10,True,-0.0070154235277013,0.0,-0.0070154235277013,151962.35422717332
2010-02-11,True,0.0445066912050742,0.0,0.0445066912050742,158725.6958015582
2010-02-12,True,0.0040918741192776,0.0,0.0040918741192776,159375.18136827293
2010-02-16,True,0.038736176261662,0.0,0.038736176261662,165548.7664854887
2010-02-17,True,0.0169701471902148,0.0,0.0169701471902148,168358.15341990595
2010-02-18,True,0.0189580028791909,0.0,0.0189580028791909,171549.88777717578
2010-02-19,True,0.0,0.0,0.0,171549.88777717578
2010-02-22,True,-0.0070202975127159,0.0,-0.0070202975127159,170345.556526707
2010-02-23,True,-0.0390419243827868,0.0,-0.0390419243827868,163694.93818984757
2010-02-24,True,0.0302402549825022,0.0,0.0302402549825022,168645.1148600535
2010-02-25,True,-0.0005700939572831,0.0,-0.0005700939572831,168548.97129914648
2010-02-26,True,0.0124750586337902,0.0,0.0124750586337902,170651.62959876834
2010-03-01,True,0.042893977731534,0.0,0.042893977731534,177971.55679862792
2010-03-02,True,0.0060123837523682,0.0,0.0060123837523682,179041.59009510768
2010-03-03,True,0.0055542188502628,0.0,0.0055542188502628,180036.02626979494
2010-03-04,True,0.0110389827327135,0.0,0.0110389827327135,182023.44085505357
2010-03-05,True,0.0442019466596661,0.0,0.0442019466596661,190069.23127853754
2010-03-08,True,0.0053325794934868,0.0,0.0053325794934868,191082.79056359627
2010-03-09,True,0.0177017841988975,0.0,0.0177017841988975,194465.2968862762
2010-03-10,True,0.0244703000785868,0.0,0.0244703000785868,199223.92105595482
2010-03-11,True,0.0092095495753365,0.0,0.0092095495753365,201058.6836335126
2010-03-12,True,0.0022814340298933,0.0,0.0022814340298933,201517.38575635967
2010-03-15,True,-0.0067338272232765,0.0,-0.0067338272232765,200160.40249818997
2010-03-16,True,0.0189083352725938,0.0,0.0189083352725938,203945.1024969231
2010-03-17,True,0.0069346294724565,0.0,0.0069346294724565,205359.38621546142
2010-03-18,True,0.010142166510572,0.0,0.010142166510572,207442.17530496753
2010-03-19,True,-0.0176891668046309,0.0,-0.0176891668046309,203772.69606368244
2010-03-22,True,0.0270116748964377,0.0,0.0270116748964377,209276.93788252526
2010-03-23,True,0.0209148148643814,0.0,0.0209148148643814,213653.9262937229
2010-03-24,True,-0.0142243224933341,0.0,-0.0142243224933341,210614.84394415398
2010-03-25,True,-0.0062619129654156,0.0,-0.0062619129654156,209295.99212215113
2010-03-26,True,0.0052071404941853,0.0,0.0052071404941853,210385.82575800107
2010-03-29,True,0.0137164806729361,0.0,0.0137164806729361,213271.5788708704
2010-03-30,True,0.0104852703098359,0.0,0.0104852703098359,215507.78902473697
2010-03-31,True,-0.0134786842360081,0.0,-0.0134786842360081,212603.0275860723
2010-04-01,True,-0.0019783050522419,0.0,-0.0019783050522419,212182.43394247684
2010-04-05,True,0.0289125278857105,0.0,0.0289125278857105,218317.16448069664
2010-04-06,True,0.0076173531380308,0.0,0.0076173531380308,219980.16341863968
2010-04-07,True,-0.0056480147521916,0.0,-0.0056480147521916,218737.7122104617
2010-04-08,True,0.0035830542315302,0.0,0.0035830542315302,219521.46129579266
2010-04-09,True,0.0180199917927901,0.0,0.0180199917927901,223477.23622668412
2010-04-12,True,0.0040196670918495,0.0,0.0040196670918495,224375.540318922
2010-04-13,True,0.0150789352764395,0.0,0.0150789352764395,227758.88456900718
2010-04-14,True,0.0352416984128343,0.0,0.0352416984128343,235785.49448983165
2010-04-15,True,0.0133750270062176,0.0,0.0133750270062176,238939.13184630754
2010-04-16,True,-0.0355959341497124,0.0,-0.0355959341497124,230433.87024331692
2010-04-19,True,-0.0015731743242727,0.0,-0.0015731743242727,230071.35759520737
2010-04-20,True,0.0147853555561852,0.0,0.0147853555561852,233473.04442054674
2010-04-21,True,0.0175998099518261,0.0,0.0175998099518261,237582.12563122262
2010-04-22,True,0.0148029131966198,0.0,0.0148029131966198,241099.03321401004
2010-04-23,True,0.0132380330291441,0.0,0.0132380330291441,244290.7101789918
2010-04-26,True,-0.0074322902653809,0.0,-0.0074322902653809,242475.0707118055
2010-04-27,True,-0.0617178461264625,0.0,-0.0617178461264625,227510.03160811117
2010-04-28,True,0.0023514917048466,0.0,0.0023514917048466,228045.01956020703
2010-04-29,True,0.0510412680829293,0.0,0.0510412680829293,239684.72653855642
2010-04-30,True,-0.0589270784635376,0.0,-0.0589270784635376,225560.80585130735
2010-05-03,True,0.0408401818267496,0.0,0.0408401818267496,234772.75017526292
2010-05-04,True,-0.0884068007292306,0.0,-0.0884068007292306,214017.24243386503
2010-05-05,True,-0.0164326090223491,0.0,-0.0164326090223491,210500.380764908
2010-05-06,True,-0.0979663045442504,0.0,-0.0979663045442504,189878.43635621236
2010-05-07,True,-0.0727727993860051,0.0,-0.0727727993860051,176060.4509995334
2010-05-10,True,0.1491523494365785,0.0,0.1491523494365785,202320.2809089774
2010-05-11,True,-0.0006600444364108,0.0,-0.0006600444364108,202186.7405331904
2010-05-12,True,0.0538810971808829,0.0,0.0538810971808829,213080.7839485452
2010-05-13,True,-0.0452057145572142,0.0,-0.0452057145572142,203448.31485173982
2010-05-14,True,-0.0615337309781566,0.0,-0.0615337309781566,190929.38097769354
2010-05-17,True,0.0135150814784961,0.0,0.0135150814784961,193509.8071182459
2010-05-18,True,-0.0382218012020034,0.0,-0.0382218012020034,186113.51373993428
2010-05-19,True,-0.0263927381485205,0.0,-0.0263927381485205,181201.4685058951
2010-05-20,True,-0.1011497305149852,0.0,-0.1011497305149852,162872.98879760425
2010-05-21,True,0.0077456143645888,0.0,0.0077456143645888,164134.5401592385
2010-05-24,False,0.008062232900393018,0.0005014773477268211,0.007560755552666196,165375.5212951318
2010-05-25,False,0.0030197355443521367,2.3775401277340015e-07,0.0030194977903393633,165874.87231625867
2010-05-26,False,0.002110831992100324,1.2219624540589364e-06,0.002109610029646265,166224.80361056334
2010-05-27,False,-0.0035975004981297055,9.123690809652724e-07,-0.0035984128672106705,165626.65813840152
2010-05-28,False,0.006185476927003303,7.908619869268774e-07,0.006184686065016376,166651.00702298532
2010-06-01,False,0.00428582237454774,7.266243051292226e-07,0.004285095750242611,167365.1225449532
2010-06-02,False,-0.0010797822104820312,5.505581846806663e-07,-0.001080332768666712,167184.31251873594
2010-06-03,False,-0.008884274672617938,1.3462893972129298e-06,-0.00888562096201515,165698.77608689936
2010-06-04,False,0.010977701780464385,4.5043825970374206e-07,0.010977251342204682,167517.69319910093
2010-06-07,False,0.007840506739109817,1.8945417231911178e-06,0.007838612197386626,168830.79943228947
2010-06-08,False,-0.0014903519615308391,6.10969219429769e-07,-0.001490962930750269,168579.078968767
2010-06-09,False,-0.004265013720840992,9.64946556831242e-07,-0.004265978667397823,167859.92421411665
2010-06-10,False,-0.01129238690476247,7.288386553554737e-07,-0.011293115743417825,165964.2626612853
2010-06-11,False,0.00534601326885854,5.629395054385367e-07,0.005345450329353101,166851.4163837889
2010-06-14,False,-0.008439962838995028,2.116200177693775e-06,-0.008442079039172722,165442.84353887904
2010-06-15,False,3.4552385147768615e-05,1.9311859793265662e-06,3.2621199168442045e-05,165448.2404828291
2010-06-16,False,-0.0016911632739455898,6.283627160919292e-07,-0.0016917916366616817,165168.33653327986
2010-06-17,False,0.005540056423202061,1.2443385741111035e-06,0.005538812084627949,166083.1729116683
2010-06-18,False,0.002409107212439893,8.679256509454697e-07,0.0024082392867889476,166483.14093354874
2010-06-21,False,-0.007979218347115168,1.996876025842309e-06,-0.00798121522314101,165154.4031547336
2010-06-22,False,0.007843618579504948,5.750661680394286e-07,0.007843043513336909,166449.71632509536
2010-06-23,False,0.00020736637466496998,7.205650826222765e-07,0.0002066458095823477,166484.11246148014
2010-06-24,False,0.0015146027624274173,2.520520350293848e-07,0.001514350710392388,166736.2277954552
2010-06-25,False,0.001680958072797413,1.7322478428041384e-06,0.0016792258249546089,167016.2155751248
2010-06-28,False,-4.898936349541765e-05,2.2592502401852093e-06,-5.124861373560286e-05,167007.65622560523
2010-06-29,False,0.0076533460608314815,1.7146528250835403e-06,0.007651631408006398,168285.5372533586
2010-06-30,False,-0.0020022087532466644,1.607851128061416e-06,-0.002003816604374726,167948.32389953418
2010-07-01,False,-0.016411192379644935,3.680672537135971e-06,-0.01641487305218207,165191.47348339658
2010-07-02,False,0.0022795290625693687,1.6810632389317876e-06,0.002277847999330437,165567.75455077717
2010-07-06,False,-0.004768974200434729,1.9997469000742064e-06,-0.004770973947334803,164777.83510729668
2010-07-07,False,-0.0023030444601845495,2.231298035214935e-06,-0.0023052757582197646,164397.97675853188
2010-07-08,False,-0.004769972101071483,7.134075840942445e-07,-0.004770685508655577,163613.68571315764
2010-07-09,False,0.004398664041321442,1.016219084878367e-06,0.004397647822236564,164333.20108182222
2010-07-12,False,-0.0009477948975307821,1.2795489884969841e-06,-0.0009490744465192791,164177.23663996073
2010-07-13,False,-0.001783932858326165,1.7492300850305704e-06,-0.0017856820884111955,163884.06828916792
2010-07-14,False,0.00039862082075137905,6.554302365539694e-07,0.0003979653905148251,163949.28847640377
2010-07-15,False,-0.0037810576305037677,1.5992037430982709e-06,-0.003782656834246866,163329.12457987858
2010-07-16,False,-7.37301217484052e-05,2.1869835863562446e-06,-7.591710533476143e-05,163316.72510552363
2010-07-19,False,-0.0036068807572427306,7.443493730372869e-07,-0.003607625106615768,162727.5395877027
2010-07-20,False,0.0034057822873556597,7.547194859719442e-07,0.0034050275678696876,163281.63134605045
2010-07-21,False,-6.915325206720757e-05,1.1315774870674228e-06,-7.0284829554275e-05,163270.15512442193
2010-07-22,False,-0.0033685167467877876,2.155842533880861e-06,-0.0033706725893216686,162719.82488788976
2010-07-23,False,-0.004703303793771744,3.5709785471409185e-07,-0.0047036608916264586,161954.4460112723
2010-07-26,False,-0.002739958865401402,3.6266406697343935e-07,-0.0027403215294683754,161510.63875607448
2010-07-27,False,-0.008035969325665167,1.5732371716299237e-06,-0.008037542562836796,160212.49012272156
2010-07-28,False,0.001302900933189597,6.795980399445095e-07,0.0013022213351496525,160421.1222455168
2010-07-29,False,0.0005663563895431855,8.439147750654297e-07,0.0005655124747681201,160511.84239136297
2010-07-30,False,0.0073530656016917205,5.205910394496388e-07,0.007352545010652271,161692.01293728815
2010-08-02,False,-0.0023490206213902585,4.647558829087156e-07,-0.0023494853772731672,161312.11991727015
2010-08-03,False,0.00438398278587042,9.890261499334586e-08,0.004383883883255426,162019.29351994922
2010-08-04,False,0.0009128236937975268,8.959906797546269e-07,0.0009119277031177722,162167.04340214963
2010-08-05,False,0.00602977372357946,1.2044418674793251e-06,0.00602856928171198,163144.67865850986
2010-08-06,False,0.0045396966898854215,4.6653658965919996e-07,0.004539230153295762,163885.22990322634
2010-08-09,False,-0.001007229637382684,4.548919966323728e-07,-0.0010076845293793164,163720.0852924591
2010-08-10,False,0.0018060902724627672,5.733129238489481e-07,0.0018055169595389182,164015.6846830718
2010-08-11,False,0.003288329233637982,1.221262547722729e-06,0.0032871079710902595,164554.82194757738
2010-08-12,False,0.004575174143610559,1.262828407665839e-06,0.004573911315202893,165307.4811096546
2010-08-13,False,0.0005650443436218017,3.285922398375274e-07,0.0005647157513819642,165400.8328480585
2010-08-16,False,0.007065990748574472,4.7094052679794163e-07,0.007065519808047674,166569.47570881402
2010-08-17,False,-0.0023081170766896656,4.134762761195954e-07,-0.002308530552965785,166184.94498494873
2010-08-18,False,0.0019340188365226847,4.6190931610144706e-07,0.0019335569272065833,166506.27303652183
2010-08-19,False,0.003017824400446936,3.4764679627428964e-07,0.0030174767536506617,167008.70184474654
2010-08-20,False,-0.0025276646037042725,3.0037000190588637e-07,-0.0025279649737061784,166586.50969617887
2010-08-23,False,0.001561541731349434,5.233979141522765e-07,0.0015610183334352817,166846.55429191762
2010-08-24,False,0.0048481501562642765,1.0645884548757257e-07,0.004848043697418789,167655.43367788856
2010-08-25,False,0.0007037572517236005,1.2665504584552651e-06,0.0007024907012651452,167773.21006106384
2010-08-26,False,0.001669165604451259,8.261472013026544e-07,0.0016683394572499565,168053.1127272782
2010-08-27,False,-0.004229233049167576,7.770560293965113e-07,-0.004230010105196973,167342.246362232
2010-08-30,False,0.004087329703321411,8.156154880054473e-07,0.004086514087833406,168026.09280948096
2010-08-31,False,0.006124237713979376,5.884571190151178e-07,0.00612364925686036,169055.02566784687
2010-09-01,False,-0.0044718768716818305,2.608536936525713e-07,-0.004472137725375483,168298.98830989338
2010-09-02,False,0.0004052023923488735,7.539188822469623e-07,0.00040444847346662654,168367.0565788013
2010-09-03,False,-0.002380680150788452,3.5596078724541013e-07,-0.0023810361115756975,167966.16853708748
2010-09-07,False,0.007327995703133007,4.437489259220412e-07,0.007327551954207085,169196.94936359208
2010-09-08,False,-0.0035051400914201413,7.634861105385999e-07,-0.00350590357753068,168603.76117351098
2010-09-09,False,-0.005303489305816117,6.816505510434251e-07,-0.00530417095636716,167709.45800036017
2010-09-10,False,-0.00318962508790351,1.0166385143935835e-06,-0.003190641726417904,167174.3572057493
2010-09-13,False,0.0021894202535210844,5.143845367589495e-07,0.0021889058689843256,167540.28613738064
2010-09-14,False,0.010317885040515598,1.5532505356436466e-06,0.010316331789979954,169268.68731736203
2010-09-15,False,-0.00382826499393648,8.90364385151457e-07,-0.0038291553583216314,168620.53121632469
2010-09-16,False,-0.0001648538370960844,9.554944850749675e-07,-0.00016580933158115936,168592.57235875283
2010-09-17,False,0.004897496040799232,1.4632510602591298e-06,0.004896032789738973,169418.00712112774
2010-09-20,False,0.001387470146839173,2.608830570197396e-07,0.0013872092637821532,169653.02535005767
2010-09-21,False,0.00610021178771009,5.018184342798354e-07,0.006099709969275811,170687.85960010323
2010-09-22,False,0.00442925854770985,1.2197211152063376e-06,0.004428038826594644,171443.67206964083
2010-09-23,False,0.000450670629762026,1.2172358105073944e-07,0.0004505489061809753,171520.91582856345
2010-09-24,False,0.0014773102420100042,6.645616686675182e-07,0.0014766456803413366,171774.19144800986
2010-09-27,False,0.004140653031295853,6.479610492379912e-07,0.004140005070246615,172485.33747154215
2010-09-28,True,0.0025120955644188,0.0005,0.0020120955644188,172832.3944539959
2010-09-29,True,-0.0080546514477607,0.0,-0.0080546514477607,171440.28975778708
2010-09-30,True,-0.0135407256534112,0.0,-0.0135407256534112,169118.86382823554
2010-10-01,True,-0.003109100286315,0.0,-0.003109100286315,168593.05632028592
2010-10-04,True,-0.0346924957276527,0.0,-0.0346924957276527,162744.1424341825
2010-10-05,True,0.074445327351593,0.0,0.074445327351593,174859.68339224948
2010-10-06,True,-0.025484622568942,0.0,-0.025484622568942,170403.4503584733
2010-10-07,True,0.0098048390287912,0.0,0.0098048390287912,172074.22875918873
2010-10-08,True,0.0201444521371334,0.0,0.0201444521371334,175540.56982446238
2010-10-11,True,0.002027223900723,0.0,0.002027223900723,175896.42986315707
2010-10-12,True,0.0207609125997731,0.0,0.0207609125997731,179548.2002701582
2010-10-13,True,0.0242994044034272,0.0,0.0242994044034272,183911.11459843034
2010-10-14,True,-0.0055503050333329,0.0,-0.0055503050333329,182890.35181338884
2010-10-15,True,0.0637887319506644,0.0,0.0637887319506644,194556.6954415758
2010-10-18,True,0.0,0.0,0.0,194556.6954415758
2010-10-19,True,-0.0397652065858012,0.0,-0.0397652065858012,186820.10825469074
2010-10-20,True,0.0207900451957503,0.0,0.0207900451957503,190704.10674878073
2010-10-21,True,0.0069760588055054,0.0,0.0069760588055054,192034.4698119116
2010-10-22,True,0.0194985902581281,0.0,0.0194985902581281,195778.87125421094
2010-10-25,True,0.0151741219145318,0.0,0.0151741219145318,198749.64371491177
2010-10-26,True,0.0059939981467587,0.0,0.0059939981467587,199940.9487110079
2010-10-27,True,0.0102938380960038,0.0,0.0102938380960038,201999.1084658004
2010-10-28,True,0.0057445649983705,0.0,0.0057445649983705,203159.5054739951
2010-10-29,True,-0.0047991170773606,0.0,-0.0047991170773606,202184.51922184674
2010-11-01,True,0.002297924991566,0.0,0.002297924991566,202649.12408147435
2010-11-02,True,0.0303108871016557,0.0,0.0303108871016557,208791.59880275736
2010-11-03,True,0.0144505035293296,0.0,0.0144505035293296,211808.74253815098
2010-11-04,True,0.0354321650635203,0.0,0.0354321650635203,219313.58486565945
2010-11-05,True,0.001197443724594,0.0,0.001197443724594,219576.20054157506
2010-11-08,True,0.0025381176843217,0.0,0.0025381176843217,220133.51077922582
2010-11-09,True,-0.0161675877744252,0.0,-0.0161675877744252,216574.48292161032
2010-11-10,True,0.0152894249945936,0.0,0.0152894249945936,219885.7822339832
2010-11-11,True,-0.0168182975395666,0.0,-0.0168182975395666,216187.6777236517
2010-11-12,True,-0.0508858017590863,0.0,-0.0508858017590863,205186.7944122487
2010-11-15,True,-0.010708106586865,0.0,-0.010708106586865,202989.63234746517
2010-11-16,True,-0.0496227326027536,0.0,-0.0496227326027536,192916.73210035564
2010-11-17,True,0.0094617864714527,0.0,0.0094617864714527,194742.06902625965
2010-11-18,True,0.0464823197401811,0.0,0.0464823197401811,203794.13214560266
2010-11-19,True,0.0023526429043378,0.0,0.0023526429043378,204273.58696454074
2010-11-22,True,0.0263612337174568,0.0,0.0263612337174568,209658.49073281622
2010-11-23,True,-0.0472334651756646,0.0,-0.0472334651756646,199755.59371200536
2010-11-24,True,0.0584029955092297,0.0,0.0584029955092297,211421.91875451113
2010-11-26,True,-0.0062923678173327,0.0,-0.0062923678173327,210091.5742770615
2010-11-29,True,-0.0139198269489562,0.0,-0.0139198269489562,207167.13591969103
2010-11-30,True,-0.0380154520674871,0.0,-0.0380154520674871,199291.5835941774
2010-12-01,True,0.0635865109071687,0.0,0.0635865109071687,211963.8400480955
2010-12-02,True,0.0303660293993213,0.0,0.0303660293993213,218400.340246589
2010-12-03,True,0.0083603097608713,0.0,0.0083603097608713,220226.2347429302
2010-12-06,True,-0.0017565680572647,0.0,-0.0017565680572647,219839.3923736091
2010-12-07,True,0.0009163516910277,0.0,0.0009163516910277,220040.84257256516
2010-12-08,True,0.0138519555306928,0.0,0.0138519555306928,223088.83853881652
2010-12-09,True,0.0010388007795212,0.0,0.0010388007795212,223320.58339819315
2010-12-10,True,0.0209944744943983,0.0,0.0209944744943983,228009.0816904207
2010-12-13,True,-0.0117392431706658,0.0,-0.0117392431706658,225332.42763533664
2010-12-14,True,0.0041870738816791,0.0,0.0041870738816791,226275.91115778394
2010-12-15,True,-0.0101879760264363,0.0,-0.0101879760264363,223970.6175995484
2010-12-16,True,0.0208646662088236,0.0,0.0208646662088236,228643.68977634705
2010-12-17,True,0.0030454046132779,0.0,0.0030454046132779,229340.00232398885
2010-12-20,True,0.0026971685565027,0.0,0.0026971685565027,229958.57096700536
2010-12-21,True,0.0164844281719491,0.0,0.0164844281719491,233749.30651263503
2010-12-22,True,0.0010599634296317,0.0,0.0010599634296317,233997.0722292402
2010-12-23,True,-0.0076047363897895,0.0,-0.0076047363897895,232217.58617895428
2010-12-27,True,0.0004016188006901,0.0,0.0004016188006901,232310.84912741464
2010-12-28,True,-0.0043298694750881,0.0,-0.0043298694750881,231304.97347304603
2010-12-29,True,0.0059541199865138,0.0,0.0059541199865138,232682.19103858195
2010-12-30,True,-0.007515116698975,0.0,-0.007515116698975,230933.55721915382
2010-12-31,True,-0.0091798636142826,0.0,-0.0091798636142826,228813.61865992084
2011-01-03,True,0.0451720514958431,0.0,0.0451720514958431,239149.59922497702
2011-01-04,True,-0.0015526821984624,0.0,-0.0015526821984624,238778.27589949098
2011-01-05,True,0.0248188120396355,0.0,0.0248188120396355,244704.46904818868
2011-01-06,True,0.0090420308226539,0.0,0.0090420308226539,246917.0943997636
2011-01-07,True,-0.0023197750302212,0.0,-0.0023197750302212,246344.30228964024
2011-01-10,True,0.0112443142984948,0.0,0.0112443142984948,249114.27505022837
2011-01-11,True,0.0045960927243278,0.0,0.0045960927243278,250259.22735731295
2011-01-12,True,0.0202801852454366,0.0,0.0202801852454366,255334.5308474991
2011-01-13,True,0.0031509860907208,0.0,0.0031509860907208,256139.0864026803
2011-01-14,True,0.021686637359805,0.0,0.021686637359805,261693.88188316696
2011-01-18,True,0.0079806664624584,0.0,0.0079806664624584,263782.37346974254
2011-01-19,True,-0.0334920432045208,0.0,-0.0334920432045208,254947.7628209029
2011-01-20,True,-0.0224568321075326,0.0,-0.0224568321075326,249222.44371504284
2011-01-21,True,-0.0228465464358939,0.0,-0.0228465464358939,243528.57158184014
2011-01-24,True,0.0412986440302582,0.0,0.0412986440302582,253585.97137079583
2011-01-25,True,0.0034768726659424,0.0,0.0034768726659424,254467.6575031214
2011-01-26,True,0.0155062992286436,0.0,0.0155062992286436,258413.5091443768
2011-01-27,True,0.0192793347306867,0.0,0.0192793347306867,263395.54968610266
2011-01-28,True,-0.075426400058538,0.0,-0.075426400058538,243528.57158184014
2011-01-31,True,0.0148047538044853,0.0,0.0148047538044853,247133.95212846727
2011-02-01,True,0.0555324175182867,0.0,0.0555324175182867,260857.89794100958
2011-02-02,True,-0.0045078085640881,0.0,-0.0045078085640881,259682.0004746611
2011-02-03,True,0.003873633227919,0.0,0.003873633227919,260687.91330039222
2011-02-04,True,0.0180444176312788,0.0,0.0180444176312788,265391.8748794111
2011-02-07,True,0.0145164637130776,0.0,0.0145164637130776,269244.4264008437
2011-02-08,True,0.0213219625035696,0.0,0.0213219625035696,274985.24596485763
2011-02-09,True,-0.0060780466117397,0.0,-0.0060780466117397,273313.87282234256
2011-02-10,True,0.0048695005275196,0.0,0.0048695005275196,274644.7748702294
2011-02-11,True,0.0205066256016692,0.0,0.0205066256016692,280276.8124419479
2011-02-14,True,0.0062939254011287,0.0,0.0062939254011287,282040.8537911237
2011-02-15,True,-0.0025785544793602,0.0,-0.0025785544793602,281313.596084218
2011-02-16,True,0.0184811230996431,0.0,0.0184811230996431,286512.5872830537
2011-02-17,True,-0.0008648935473219,0.0,-0.0008648935473219,286264.7843950861
2011-02-18,True,-0.005674556565302,0.0,-0.005674556565302,284640.3586833822
2011-02-22,True,-0.0880637230016124,0.0,-0.0880637230016124,259573.86898120926
2011-02-23,True,-0.0246774816243859,0.0,-0.0246774816243859,253168.23959925474
2011-02-24,True,0.0142386968070462,0.0,0.0142386968070462,256773.0254040822
2011-02-25,True,0.0428452195146702,0.0,0.0428452195146702,267774.5220429661
2011-02-28,True,0.0072800612955508,0.0,0.0072800612955508,269723.9369768257
2011-03-01,True,-0.0480727628584515,0.0,-0.0480727628584515,256757.56211729083
2011-03-02,True,0.0141021896436468,0.0,0.0141021896436468,260378.4059507093
2011-03-03,True,0.0596627004407828,0.0,0.0596627004407828,275913.28478619497
2011-03-04,True,-0.0148047795840294,0.0,-0.0148047795840294,271828.4494206298
2011-03-07,True,-0.0398449522935393,0.0,-0.0398449522935393,260997.45782143812
2011-03-08,True,0.0104335049119372,0.0,0.0104335049119372,263720.5760796212
2011-03-09,True,-0.0201823904508201,0.0,-0.0201823904508201,258398.06444326707
2011-03-10,True,-0.04574902582681,0.0,-0.04574902582681,246576.60471945434
2011-03-11,True,0.0166916911258141,0.0,0.0166916911258141,250692.38524428342
2011-03-14,True,-0.0097505506369922,0.0,-0.0097505506369922,248247.99644765072
2011-03-15,True,-0.04088920306576,0.0,-0.04088920306576,238097.33371023464
2011-03-16,True,-0.0734334655603704,0.0,-0.0734334655603704,220613.0213552081
2011-03-17,True,0.026091795883304,0.0,0.026091795883304,226369.2112776072
2011-03-18,True,-0.0054699746234819,0.0,-0.0054699746234819,225130.97743638107
2011-03-21,True,0.0558081508338754,0.0,0.0558081508338754,237695.12098252843
2011-03-22,True,-0.0027345047791671,0.0,-0.0027345047791671,237045.14253821698
2011-03-23,True,0.0151444455743572,0.0,0.0151444455743572,240635.05979805277
2011-03-24,True,0.0543973679218643,0.0,0.0543973679218643,253724.97368078725
2011-03-25,True,0.0073179502209148,0.0,0.0073179502209148,255581.72040798617
2011-03-28,True,-0.0169498119446849,0.0,-0.0169498119446849,251249.6583105718
2011-03-29,True,0.0286974404541702,0.0,0.0286974404541702,258459.88041907002
2011-03-30,True,0.0147263870917544,0.0,0.0147263870917544,262266.06066580984
2011-03-31,True,0.0042476222237544,0.0,0.0042476222237544,263380.0678136305
2011-04-01,True,0.0015274719133155,0.0,0.0015274719133155,263782.373469743
2011-04-04,True,-0.0090325541715805,0.0,-0.0090325541715805,261399.74489186943
2011-04-05,True,-0.0113650769589443,0.0,-0.0113650769589443,258428.91667412492
2011-04-06,True,0.0075436189636737,0.0,0.0075436189636737,260378.4059507095
2011-04-07,True,-0.0002373368478697,0.0,-0.0002373368478697,260316.60856058783
2011-04-08,True,-0.0149774754915628,0.0,-0.0149774754915628,256417.7229358249
2011-04-11,True,-0.0090531525341173,0.0,-0.0090531525341173,254096.33417763584
2011-04-12,True,-0.0197286817112648,0.0,-0.0197286817112648,249083.3484766461
2011-04-13,True,0.0238540892911038,0.0,0.0238540892911038,255025.00491213513
2011-04-14,True,-0.0054611766789331,0.0,-0.0054611766789331,253632.26830276416
2011-04-15,True,-0.0064653967431858,0.0,-0.0064653967431858,251992.43506131266
2011-04-18,True,-0.0192802729639991,0.0,-0.0192802729639991,247133.9521284677
2011-04-19,True,0.0180316504284272,0.0,0.0180316504284272,251590.18516224393
2011-04-20,True,0.0665432497769964,0.0,0.0665432497769964,268331.81369493593
2011-04-21,True,0.0253711223700188,0.0,0.0253711223700188,275139.6929759592
2011-04-25,True,0.0074222568948774,0.0,0.0074222568948774,277181.8504592045
2011-04-26,True,0.0171935513655168,0.0,0.0171935513655168,281947.59084266383
2011-04-27,True,0.0207448824998512,0.0,0.0207448824998512,287796.56048581103
2011-04-28,True,-0.0015051481919041,0.0,-0.0015051481919041,287363.3840131596
2011-04-29,True,-0.00484653961211,0.0,-0.00484653961211,285970.6659894698
2011-05-02,True,-0.0054104178359732,0.0,-0.0054104178359732,284423.4451976353
2011-05-03,True,-0.0150157181126973,0.0,-0.0150157181126973,280152.62291990535
2011-05-04,True,-0.0058535557561568,0.0,-0.0058535557561568,278512.7339214101
2011-05-05,True,-0.0149993270088851,0.0,-0.0149993270088851,274335.2303491843
2011-05-06,True,0.0086847600522717,0.0,0.0086847600522717,276717.7659986517
2011-05-09,True,0.0108476454152228,0.0,0.0108476454152228,279719.5022042977
2011-05-10,True,0.0256680461990412,0.0,0.0256680461990412,286899.35530965036
2011-05-11,True,-0.0215734962018788,0.0,-0.0215734962018788,280709.93315755617
2011-05-12,True,0.0176380282289756,0.0,0.0176380282289756,285661.102882743
2011-05-13,True,-0.0354234585967585,0.0,-0.0354234585967585,275541.9986320718
2011-05-16,True,-0.0520000709588257,0.0,-0.0520000709588257,261213.7951510674
2011-05-17,True,0.0081748487253827,0.0,0.0081748487253827,263349.1784114105
2011-05-18,True,0.0243237818559993,0.0,0.0243237818559993,269754.82637904625
2011-05-19,True,0.00860568821219,0.0,0.00860568821219,272076.2523085978
2011-05-20,True,-0.0220652673248389,0.0,-0.0220652673248389,266072.81706866826
2011-05-23,True,-0.0433840823396964,0.0,-0.0433840823396964,254529.4920646062
2011-05-24,True,-0.0188429669270161,0.0,-0.0188429669270161,249733.4012636826
2011-05-25,True,0.0111512568662748,0.0,0.0111512568662748,252518.24256926242
2011-05-26,True,0.0187506039910032,0.0,0.0187506039910032,257253.11213618278
2011-05-27,True,0.0149156866887241,0.0,0.0149156866887241,261090.21895650527
2011-05-31,True,0.0481217045395252,0.0,0.0481217045395252,273654.3253312902
2011-06-01,True,-0.0638922358584489,0.0,-0.0638922358584489,256169.93863353867
2011-06-02,True,0.0057985133773115,0.0,0.0057985133773115,257655.3434495703
2011-06-03,True,-0.0454010680143199,0.0,-0.0454010680143199,245957.5156773634
2011-06-06,True,-0.0241570957803971,0.0,-0.0241570957803971,240015.8964132368
2011-06-07,True,-0.0058001295026445,0.0,-0.0058001295026445,238623.7731313467
2011-06-08,True,-0.0215279568637069,0.0,-0.0215279568637069,233486.69083672008
2011-06-09,True,0.0043743715034938,0.0,0.0043743715034938,234508.0483635613
2011-06-10,True,-0.0459223344906782,0.0,-0.0459223344906782,223738.8913258537
2011-06-13,True,0.0006903833118463,0.0,0.0006903833118463,223893.35692263607
2011-06-14,True,0.037179438330523,0.0,0.037179438330523,232217.586178955
2011-06-15,True,-0.054637204483436,0.0,-0.054637204483436,219529.86643824552
2011-06-16,True,-0.0139550587405414,0.0,-0.0139550587405414,216466.31425679658
2011-06-17,True,-0.0074329394673622,0.0,-0.0074329394673622,214857.33324620282
2011-06-20,True,0.0132492310582819,0.0,0.0132492310582819,217704.02769894805
2011-06-21,True,0.066666467466909,0.0,0.066666467466909,232217.58617895504
2011-06-22,True,-0.0225213865212792,0.0,-0.0225213865212792,226987.7241635803
2011-06-23,True,0.0276759035401741,0.0,0.0276759035401741,233269.81452233522
2011-06-24,True,-0.0526665099732691,0.0,-0.0526665099732691,220984.30750933205
2011-06-27,True,0.0485932331541636,0.0,0.0485932331541636,231722.6494875444
2011-06-28,True,0.0448715712188312,0.0,0.0448715712188312,242120.408857041
2011-06-29,True,0.0125252019707913,0.0,0.0125252019707913,245153.015879226
2011-06-30,True,0.0379952153168086,0.0,0.0379952153168086,254467.6575031222
2011-07-01,True,0.0463340397763678,0.0,0.0463340397763678,266258.172067671
2011-07-05,True,0.0144111566786615,0.0,0.0144111566786615,270095.2603023122
2011-07-06,True,0.0106559546305995,0.0,0.0106559546305995,272973.38314203365
2011-07-07,True,0.0404720542482466,0.0,0.0404720542482466,284021.17671288544
2011-07-08,True,-0.008279892577537,0.0,-0.008279892577537,281669.5118799571
2011-07-11,True,-0.0536151677158233,0.0,-0.0536151677158233,266567.7537600791
2011-07-12,True,-0.0243800287548158,0.0,-0.0243800287548158,260068.82425830167
2011-07-13,True,0.0133284813721064,0.0,0.0133284813721064,263535.1467378941
2011-07-14,True,-0.0344071344828637,0.0,-0.0344071344828637,254467.65750312214
2011-07-15,True,0.0397683338181806,0.0,0.0397683338181806,264587.4122526368
2011-07-18,True,-0.0164917485413303,0.0,-0.0164917485413303,260223.90318256503
2011-07-19,True,0.0705186821434078,0.0,0.0705186821434078,278574.5498972133
2011-07-20,True,-0.0139958428585867,0.0,-0.0139958428585867,274675.6642724504
2011-07-21,True,0.0202792686810089,0.0,0.0202792686810089,280245.88586836605
2011-07-22,True,0.0310282306881326,0.0,0.0310282306881326,288941.41986448976
2011-07-25,True,-0.0058891890002176,0.0,-0.0058891890002176,287239.78923291655
2011-07-26,True,0.0054939867926651,0.0,0.0054939867926651,288817.8808412901
2011-07-27,True,-0.0758597629854581,0.0,-0.0758597629854581,266908.22485470754
2011-07-28,True,0.0053336267213333,0.0,0.0053336267213333,268331.8136949363
2011-07-29,True,-0.0096873736801436,0.0,-0.0096873736801436,265732.38314540277
2011-08-01,True,-0.0135095911270726,0.0,-0.0135095911270726,262142.44729988577
2011-08-02,True,-0.0759069882331487,0.0,-0.0759069882331487,242244.00363728454
2011-08-03,True,0.0259327500085353,0.0,0.0259327500085353,248526.05682467695
2011-08-04,False,-0.003759515500077948,0.0005018995564825154,-0.004261415056560463,247466.98414417668
2011-08-05,False,-0.0007192872328957422,1.272440519623358e-06,-0.0007205596734153655,247288.66941490068
2011-08-08,False,0.01372266330186403,3.2021723787306472e-06,0.0137194611294853,250681.33670270056
2011-08-09,False,0.007308882047678194,3.7856944673321515e-07,0.0073085034782314606,252513.44212391993
2011-08-10,False,0.018646922995916693,2.7422384763601398e-06,0.018644180757440332,257221.3483825617
2011-08-11,False,-0.012665416462116436,1.5653187743596004e-06,-0.012666981780890796,253963.13024894363
2011-08-12,False,-0.0006182806159161572,7.974119594101187e-07,-0.0006190780278755673,253805.907255116
2011-08-15,False,0.004976258227569922,1.2378567902913001e-06,0.004975020370779631,255068.59681393442
2011-08-16,False,0.005958165012702136,1.0573230444866494e-06,0.005957107689657649,256588.06791340487
2011-08-17,False,0.006886971153880639,1.3925808104820192e-06,0.006885578573070156,258354.82521593486
2011-08-18,False,0.007137791471602518,1.94976214850362e-06,0.007135841709454015,260198.40435354944
2011-08-19,False,0.006179267972507175,1.0549041222457507e-06,0.006178213068384929,261805.96553569945
2011-08-22,False,0.008321386267967487,2.886571562821766e-06,0.008318499696404665,263983.79838052514
2011-08-23,False,-0.013952780746808335,3.978122213324539e-06,-0.01395675886902166,260299.4401611997
2011-08-24,False,-0.01708446702993258,2.848430408806585e-06,-0.017087315460341385,255851.62151301504
2011-08-25,False,0.002155662216757522,5.248123845646297e-07,0.0021551374043729575,256403.0169125072
2011-08-26,False,0.01326542236190483,2.694560683821956e-06,0.013262727801221008,259803.6203332297
2011-08-29,False,-0.008445336972346057,1.9711632570405537e-06,-0.008447308135603097,257608.97909752963
2011-08-30,False,0.013606166618676146,2.6892992777891866e-06,0.013603477319398358,261113.3570019562
2011-08-31,False,-0.005053620842800507,8.188009000749396e-07,-0.005054439643700582,259793.57529882577
2011-09-01,False,0.0032063146288394974,3.924624203625882e-07,0.003205922166419135,260626.45328056955
2011-09-02,False,0.014394907447825468,2.595264794761784e-06,0.014392312183030706,264377.47055933956
2011-09-06,False,-0.006245184432960106,1.7836082234851252e-06,-0.006246968041183592,262725.9129499464
2011-09-07,False,-0.01144335922956917,3.435524858676764e-06,-0.011446794754427846,259718.54334773865
2011-09-08,False,0.008098877633663184,3.0771103589288528e-06,0.008095800523304254,261821.17286688508
2011-09-09,False,-1.4638147528795003e-05,1.0151215309825296e-06,-1.5653269059777534e-05,261817.0745096207
2011-09-12,False,-0.009787814291066217,2.1063393927355094e-06,-0.009789920630458953,259253.90613047255
2011-09-13,False,0.0031711272506227315,1.2316860285347399e-06,0.0031698955645941967,260075.7139376193
2011-09-14,False,-0.0036909312592551175,6.287046541723768e-07,-0.0036915599639092897,259115.6288444621
2011-09-15,False,-0.007207359683081995,1.4520663976106824e-06,-0.007208811749479605,257247.71305477436
2011-09-16,False,0.003114174583605965,1.0354726933393953e-06,0.003113139110912626,258048.56097147803
2011-09-19,False,-0.0028123945843551326,2.1125286079171497e-06,-0.00281450711296305,257322.2814611339
2011-09-20,False,0.005160641923908727,1.5074346442137677e-06,0.005159134489264514,258649.84171827626
2011-09-21,False,-0.005812269300700844,1.1142261720850782e-06,-0.005813383526872929,257146.21098920298
2011-09-22,False,-0.008452283457028753,2.975358354447691e-06,-0.0084552588153832,254971.97322189412
2011-09-23,False,-0.023847131403961493,5.270760313434028e-06,-0.02385240216427493,248890.27917598677
2011-09-26,False,-0.008762120618409806,9.210926572362637e-07,-0.008763041711067043,246709.24327808848
2011-09-27,False,0.0038267176333551534,2.5782254651626757e-06,0.0038241394078899907,247652.69381759892
2011-09-28,False,-0.00921814009017534,3.0676581324723535e-06,-0.009221207748307814,245369.0368784788
2011-09-29,False,0.0032012638500712206,1.0420852933786805e-06,0.003200221764777842,246154.27221069986
2011-09-30,False,0.004141834850149107,3.3663324566653164e-07,0.00414149821690344,247173.71969014363
2011-10-03,False,0.009864601394474029,1.4000094317463685e-06,0.009863201385042283,249611.64386453753
2011-10-04,False,-0.006322459147687291,2.399139803403297e-06,-0.0063248582874906945,248032.88559018675
2011-10-05,False,9.614027767052696e-05,1.9080164463576994e-06,9.423226122416926e-05,248056.25828985384
2011-10-06,False,-0.0024721675793258923,1.4922657627217119e-06,-0.002473659845088614,247442.6514843993
2011-10-07,False,-0.005505654623964336,4.452727341048568e-07,-0.005506099896698442,246080.20752662225
2011-10-10,False,0.0033956195657895154,3.7038626175176503e-06,0.0033919157031719977,246914.89084677165
2011-10-11,False,-0.003806925782582595,7.766534969988192e-07,-0.003807702436079594,245974.71241539007
2011-10-12,False,-0.0009243705425896325,1.3479752334069755e-06,-0.0009257185178230395,245747.00906919094
2011-10-13,False,0.0030461546272625025,1.5725174308743734e-06,0.0030445821098316283,246495.20601654766
2011-10-14,False,-0.0029269826709722216,1.8325333481920974e-06,-0.002928815204320414,245773.2671093743
2011-10-17,False,0.003955822128382125,1.5512266020843158e-06,0.003954270901780041,246745.12118794033
2011-10-18,False,-0.00035215021259592494,7.40977672977039e-07,-0.00035289119026890196,246658.04700843125
2011-10-19,False,-0.0038030419173541025,1.4002388279551608e-06,-0.0038044421561820576,245719.65073623083
2011-10-20,False,-0.005446556597258202,1.2885279187437454e-06,-0.005447845125176946,244381.0081348073
2011-10-21,False,-0.0001626347370445013,1.903203737531986e-06,-0.00016453794078203328,244340.79818696255
2011-10-24,False,-0.001457852190542745,1.812819751175504e-06,-0.0014596650102939204,243984.14247326175
2011-10-25,False,0.013861532727776153,2.3869112103682423e-06,0.013859145816565785,247365.55428072845
2011-10-26,False,0.003403769953488589,1.2545726139312902e-06,0.003402515380874658,248207.21938386717
2011-10-27,False,-0.008701152773201132,3.964301867319789e-06,-0.008705117075068452,246046.5464802534
2011-10-28,False,0.0004196963217337057,4.892249881681271e-07,0.0004192070967455376,246149.69093866766
2011-10-31,False,0.0025581413579056655,2.6598533284178247e-06,0.0025554815045772477,246778.7219212188
2011-11-01,False,0.01123408881590881,2.707238506190812e-06,0.011231381577402619,249550.38791229972
2011-11-02,False,0.0028689991372376038,1.1912486876221595e-06,0.0028678078885499814,250266.05048334535
2011-11-03,False,0.002010445161192255,2.28268339714556e-06,0.0020081624777951094,250768.62537539194
2011-11-04,False,0.0008187754636860544,9.800532455820354e-07,0.0008177954104404724,250973.7028063064
2011-11-07,False,0.010321063265012193,2.2851030617368068e-06,0.010318778161950455,253563.44477004796
2011-11-08,False,-0.005070699847103229,5.387224075202729e-07,-0.00507123856951075,252277.5640491121
2011-11-09,False,0.0016883301692989974,1.6807975568294414e-06,0.001686649371742168,252703.0678440202
2011-11-10,False,-0.0023858561090724702,5.188806594365742e-07,-0.002386374989731907,252100.0235630887
2011-11-11,False,0.0030115559682649916,2.2376319813825347e-06,0.003009318336283609,252858.67278657464
2011-11-14,False,0.0009848233880000409,8.914054189385484e-07,0.0009839319825811024,253107.46852180234
2011-11-15,False,0.00029278726333329666,1.8631780890156213e-07,0.0002926009455243951,253181.5280064111
2011-11-16,False,-0.0027162617570851417,1.3294793098626024e-06,-0.0027175912363950044,252493.48410468377
2011-11-17,False,-0.008829297643363916,2.8389697743778086e-06,-0.008832136613138294,250263.42715914393
2011-11-18,False,-0.001293634047805332,7.351972801701995e-07,-0.0012943692450855023,249939.49387585942
2011-11-21,False,-0.006444416186714497,3.0420980790806934e-06,-0.006447458284793577,248328.0194153724
2011-11-22,False,0.004640567775445939,1.0666756334026252e-06,0.004639501099812537,249480.1375345643
2011-11-23,False,4.873558753224441e-05,4.92033583621293e-07,4.8243553948623116e-05,249492.17334303856
2011-11-25,False,-0.0072662320495920155,6.670450896260754e-07,-0.007266899094681641,247679.1388944419
2011-11-28,False,0.0063944612646932705,2.2146797444839022e-06,0.006392246584948786,249262.36502420294
2011-11-29,False,-0.001784954141944394,7.08772769900598e-07,-0.0017856629147142947,248817.26646294526
2011-11-30,False,0.0049492051401262985,2.4090547933011687e-06,0.0049467960853329974,250048.11474264745
2011-12-01,False,-0.0011396429899679992,3.002231438573172e-07,-0.0011399432131118565,249763.07409129516
2011-12-02,False,0.002491154306442076,2.2923655196935288e-07,0.0024909250698901065,250385.21519408197
2011-12-05,False,-0.004353823052205735,1.7354970645285101e-06,-0.004355558549270264,249294.6477294325
2011-12-06,False,0.0012596193677408788,6.458772140273545e-07,0.0012589734905268514,249608.5030822541
2011-12-07,False,0.006280470618877466,4.924403782698983e-07,0.006279978178499196,251176.0390347785
2011-12-08,False,-0.003978668762859496,2.712495983467886e-06,-0.003981381258842964,250176.01146029503
2011-12-09,False,-0.0008227293521505565,5.593174565484554e-07,-0.0008232886696071049,249970.04438465225
2011-12-12,False,-0.0047840405295938235,3.637115875940511e-06,-0.004787677645469764,248773.26839111478
2011-12-13,False,-0.0051222434811165835,2.802858480644474e-06,-0.005125046339597228,247498.29386255727
2011-12-14,False,-0.006494801409490645,4.797008549778423e-06,-0.006499598418040423,245889.6543433005
2011-12-15,False,-0.002791313951095607,3.292724733145042e-07,-0.0027916432235689215,245203.2181560073
2011-12-16,False,0.007594211894073221,1.892852528831951e-06,0.007592319041544389,247064.8792182611
2011-12-19,False,-0.002026391570816512,4.7535662461348217e-07,-0.002026866927441125,246564.11158564137
2011-12-20,False,-0.0014671817973014687,2.518948463869339e-06,-0.001469700745765338,246201.736126965
2011-12-21,False,-0.0009423741132956191,3.485063523734483e-07,-0.0009427226196479926,245969.6361813215
2011-12-22,False,-0.00390218704903351,6.529122940703152e-07,-0.0039028399613275804,245009.65605595981
2011-12-23,False,-0.0019882122089050812,6.209955411591028e-07,-0.0019888332044462405,244522.37271658579
2011-12-27,False,-0.004363319894515228,8.68771056711265e-07,-0.0043641886655719385,243455.23094909728
2011-12-28,False,-0.004047913665789363,3.5140443198499045e-06,-0.0040514277101092126,242468.88968025905
2011-12-29,True,0.0194828301998695,0.0005,0.0189828301998695,247071.63544181033
2011-12-30,True,-0.0081673738205972,0.0,-0.0081673738205972,245053.70903469075
2012-01-03,True,0.0569191210329975,0.0,0.0569191210329975,259001.9507588213
2012-01-04,True,0.011967355360642,0.0,0.011967355360642,262101.51914265164
2012-01-05,True,0.0246151457426833,0.0,0.0246151457426833,268553.1862357267
2012-01-06,True,0.0103332213194387,0.0,0.0103332213194387,271328.2057451409
2012-01-09,True,-0.0083682539125342,0.0,-0.0083682539125342,269057.66242583323
2012-01-10,True,0.0204963930982282,0.0,0.0204963930982282,274572.3740410035
2012-01-11,True,0.006956178143249,0.0,0.006956178143249,276482.34838804754
2012-01-12,True,0.0118637716756737,0.0,0.0118637716756737,279762.4718416774
2012-01-13,True,-0.0114674774768361,0.0,-0.0114674774768361,276554.3019969689
2012-01-17,True,0.0268493095786712,0.0,0.0268493095786712,283979.5940665989
2012-01-18,True,0.039725680098033,0.0,0.039725680098033,295260.8765748579
2012-01-19,True,0.0200178900306371,0.0,0.0200178900306371,301171.3763324829
2012-01-20,True,-0.0044275720271977,0.0,-0.0044275720271977,299837.91837124055
2012-01-23,True,-0.0001200597020872,0.0,-0.0001200597020872,299801.91992008645
2012-01-24,True,-0.0055305575634094,0.0,-0.0055305575634094,298143.8481443478
2012-01-25,True,0.0382027188778888,0.0,0.0382027188778888,309533.7537601783
2012-01-26,True,-0.010597191271914,0.0,-0.010597191271914,306253.56536646816
2012-01-27,True,0.0098859739682899,0.0,0.0098859739682899,309281.18014137703
2012-01-30,True,0.0016310547676472,0.0,0.0016310547676472,309785.63468479016
2012-01-31,True,0.0034916519757437,0.0,0.0034916519757437,310867.2983081943
2012-02-01,True,0.0245780922723828,0.0,0.0245780922723828,318507.82345047954
2012-02-02,True,0.010298543726436,0.0,0.010298543726436,321787.99019749626
2012-02-03,True,0.0397635269470693,0.0,0.0397635269470693,334583.41561695765
2012-02-06,True,-0.000970008850611,0.0,-0.000970008850611,334258.86674254155
2012-02-07,True,0.0043121918908877,0.0,0.0043121918908877,335700.2551171661
2012-02-08,True,0.0166419549354488,0.0,0.0166419549354488,341286.96363464464
2012-02-09,True,0.0221786551517673,0.0,0.0221786551517673,348856.24950889114
2012-02-10,True,-0.0213878033849026,0.0,-0.0213878033849026,341394.98063480045
2012-02-13,True,0.026922694044789,0.0,0.026922694044789,350586.2532468579
2012-02-14,True,0.0087384200159126,0.0,0.0087384200159126,353649.82317953405
2012-02-15,True,-0.0223208645705303,0.0,-0.0223208645705303,345756.0533709517
2012-02-16,True,0.0418023356858479,0.0,0.0418023356858479,360209.46397937817
2012-02-17,True,-0.0085047876275992,0.0,-0.0085047876275992,357145.9589867822
2012-02-21,True,0.0084771265230361,0.0,0.0084771265230361,360173.53046830423
2012-02-22,True,-0.0132093599440149,0.0,-0.0132093599440149,355415.8686620418
2012-02-23,True,0.0189623632943529,0.0,0.0189623632943529,362155.39348418947
2012-02-24,True,0.0097545846045556,0.0,0.0097545846045556,365688.06890992715
2012-02-27,True,0.0048300279563411,0.0,0.0048300279563411,367454.3525060625
2012-02-28,True,0.0299156174816259,0.0,0.0299156174816259,378446.9763575924
2012-02-29,True,-0.0131419844533801,0.0,-0.0131419844533801,373473.4320778722
2012-03-01,True,0.0243195151723105,0.0,0.0243195151723105,382556.1248757449
2012-03-02,True,-0.0030156068717857,0.0,-0.0030156068717857,381402.4859967259
2012-03-05,True,-0.0311857917796904,0.0,-0.0311857917796904,369508.1474841757
2012-03-06,True,-0.0286764033045658,0.0,-0.0286764033045658,358911.9828225965
2012-03-07,True,0.0226955801509163,0.0,0.0226955801509163,367057.69849587104
2012-03-08,True,0.0317165618234998,0.0,0.0317165618234998,378699.5066830069
2012-03-09,True,0.0120861529231419,0.0,0.0120861529231419,383276.5268326961
2012-03-12,True,0.0015996830002562,0.0,0.0015996830002562,383889.6477770676
2012-03-13,True,0.0563326546497493,0.0,0.0563326546497493,405515.1707289071
2012-03-14,True,0.0111983150481222,0.0,0.0111983150481222,410056.2573675225
2012-03-15,True,0.0076464636056037,0.0,0.0076464636056037,413191.73761573335
2012-03-16,True,-0.0021804293213992,0.0,-0.0021804293213992,412290.80223567615
2012-03-19,True,0.0217677242753524,0.0,0.0217677242753524,421265.4347400062
2012-03-20,True,0.0054752694625548,0.0,0.0054752694625548,423571.97651046806
2012-03-21,True,-0.0003397467864338,0.0,-0.0003397467864338,423428.06929262524
2012-03-22,True,-0.006043597456268,0.0,-0.006043597456268,420869.04049013584
2012-03-23,True,-0.0013699779988816,0.0,-0.0013699779988816,420292.45916425396
2012-03-26,True,0.0522260699056016,0.0,0.0522260699056016,442242.6825173635
2012-03-27,True,0.0038286769371014,0.0,0.0038286769371014,443935.8868765196
2012-03-28,True,-0.0116910001212194,0.0,-0.0116910001212194,438745.83236923255
2012-03-29,True,-0.0102677594366665,0.0,-0.0102677594366665,434240.8957086253
2012-03-30,True,-0.0069721510759018,0.0,-0.0069721510759018,431213.3025804099
2012-04-02,True,0.0305071414816764,0.0,0.0305071414816764,444368.3878110114
2012-04-03,True,8.25204934822299e-05,0.0,8.25204934822299e-05,444405.05730966147
2012-04-04,True,-0.0407948824759638,0.0,-0.0407948824759638,426275.6052249898
2012-04-05,True,0.0182633798236599,0.0,0.0182633798236599,434060.8385127743
2012-04-09,True,-0.0230006270676801,0.0,-0.0230006270676801,424077.1670414575
2012-04-10,True,-0.0482754910302012,0.0,-0.0482754910302012,403604.63356783445
2012-04-11,True,0.0144672909667282,0.0,0.0144672909667282,409443.69923718006
2012-04-12,True,0.033537797151633,0.0,0.033537797151633,423175.53896721086
2012-04-13,True,-0.045225891596587,0.0,-0.045225891596587,404037.0479155525
2012-04-16,True,-0.0314889791466092,0.0,-0.0314889791466092,391314.33373928216
2012-04-17,True,0.0589475456713011,0.0,0.0589475456713011,414381.3532992133
2012-04-18,True,-0.0073061922567797,0.0,-0.0073061922567797,411353.8034643847
2012-04-19,True,-0.0323323411081089,0.0,-0.0323323411081089,398053.77197465615
2012-04-20,True,-0.0107748991443858,0.0,-0.0107748991443858,393764.7827275869
2012-04-23,True,-0.0251701324997273,0.0,-0.0251701324997273,383853.6709726072
2012-04-24,True,-0.0176530663459028,0.0,-0.0176530663459028,377077.4766518094
2012-04-25,True,0.0794297974343203,0.0,0.0794297974343203,407028.66423930734
2012-04-26,True,0.0178874187428657,0.0,0.0178874187428657,414309.3563969051
2012-04-27,True,0.0171371272168812,0.0,0.0171371272168812,421409.428544623
2012-04-30,True,-0.0207830318377004,0.0,-0.0207830318377004,412651.262974473
2012-05-01,True,0.0056781151523976,0.0,0.0056781151523976,414994.3443634244
2012-05-02,True,0.0066001928511942,0.0,0.0066001928511942,417733.387068378
2012-05-03,True,-0.0310612737457217,0.0,-0.0310612737457217,404758.05597991956
2012-05-04,True,-0.0733752414246839,0.0,-0.0733752414246839,375058.83590380725
2012-05-07,True,0.0014409241861255,0.0,0.0014409241861255,375599.2672516812
2012-05-08,True,-0.0110345329981893,0.0,-0.0110345329981893,371454.7047430967
2012-05-09,True,-0.0055309238140448,0.0,-0.0055309238140448,369400.21707079414
2012-05-10,True,-0.0102453142026837,0.0,-0.0102453142026837,365615.5957803643
2012-05-11,True,-0.0009843615231991,0.0,-0.0009843615231991,365255.69785559655
2012-05-14,True,-0.0276310026781624,0.0,-0.0276310026781624,355163.3166899345
2012-05-15,True,-0.0087270417433044,0.0,-0.0087270417433044,352063.791599491
2012-05-16,True,-0.0217042563276361,0.0,-0.0217042563276361,344422.5088229362
2012-05-17,True,-0.0615320470481879,0.0,-0.0615320470481879,323229.48680558836
2012-05-18,True,-0.0401426488755829,0.0,-0.0401426488755829,310254.19901051675
2012-05-21,True,0.0841090861367659,0.0,0.0841090861367659,336349.3961593856
2012-05-22,True,-0.0036437432480666,0.0,-0.0036437432480666,335123.8253181386
2012-05-23,True,0.005591955572852,0.0,0.005591955572852,336997.82286072185
2012-05-24,True,-0.0179678351181907,0.0,-0.0179678351181907,330942.7015443712
2012-05-25,True,-0.0056627350511879,0.0,-0.0056627350511879,329068.66070840106
2012-05-29,True,0.0372392791957898,0.0,0.0372392791957898,341322.94043910585
2012-05-30,True,-0.0242867440449592,0.0,-0.0242867440449592,333033.3175479885
2012-05-31,True,-0.0142857783557451,0.0,-0.0142857783557451,328275.67738841946
2012-06-01,True,-0.0786129264007348,0.0,-0.0786129264007348,302468.96572273225
2012-06-04,True,0.0214488856248131,0.0,0.0214488856248131,308956.5879735747
2012-06-05,True,0.013766148670482,0.0,0.013766148670482,313209.7302963438
2012-06-06,True,0.0683558119289755,0.0,0.0683558119289755,334619.43571480585
2012-06-07,True,-0.011202968723962,0.0,-0.011202968723962,330870.70464206306
2012-06-08,True,0.0294129962055724,0.0,0.0294129962055724,340602.6034222352
2012-06-11,True,-0.0478314545151219,0.0,-0.0478314545151219,324311.0854889124
2012-06-12,True,0.0315633110766475,0.0,0.0315633110766475,334547.4171658042
2012-06-13,True,-0.019609383355968,0.0,-0.019609383355968,327987.14861185104
2012-06-14,True,0.0112096646241419,0.0,0.0112096646241419,331663.7745488185
2012-06-15,True,0.0369479645284398,0.0,0.0369479645284398,343918.0759262167
2012-06-18,True,0.0257816254849321,0.0,0.0257816254849321,352784.8429572449
2012-06-19,True,0.0328978221742226,0.0,0.0328978221742226,364390.6959866134
2012-06-20,True,0.0035603898167646,0.0,0.0035603898167646,365688.06890992797
2012-06-21,True,-0.0749071653899219,0.0,-0.0749071653899219,338295.4122509708
2012-06-22,True,0.0311115129529031,0.0,0.0311115129529031,348820.29435112455
2012-06-25,True,-0.0593101026774247,0.0,-0.0593101026774247,328131.7268771899
2012-06-26,True,0.0193306534314212,0.0,0.0193306534314212,334474.7275693066
2012-06-27,True,0.0183208934721648,0.0,0.0183208934721648,340602.60342223523
2012-06-28,True,-0.0359802664505827,0.0,-0.0359802664505827,328347.63099734107
2012-06-29,True,0.0976944374617669,0.0,0.0976944374617669,360425.36809953017
2012-07-02,True,0.0080007850878474,0.0,0.0080007850878474,363309.05400990276
2012-07-03,True,0.0238099352093015,0.0,0.0238099352093015,371959.41904683114
2012-07-05,True,0.0034878257237098,0.0,0.0034878257237098,373256.7486767589
2012-07-06,True,-0.0393974295849999,0.0,-0.0393974295849999,358551.39220364025
2012-07-09,True,-0.003418238392832,0.0,-0.003418238392832,357325.77806900645
2012-07-10,True,-0.0306629674270147,0.0,-0.0306629674270147,346369.1093752438
2012-07-11,True,-0.0137356269292132,0.0,-0.0137356269292132,341611.51250906166
2012-07-12,True,-0.0289093380726335,0.0,-0.0289093380726335,331735.7498044335
2012-07-13,True,0.043458639630074,0.0,0.043458639630074,346152.5342075968
2012-07-16,True,-0.0074968363478183,0.0,-0.0074968363478183,343557.4853072599
2012-07-17,True,0.0153185689991828,0.0,0.0153185689991828,348820.29435112484
2012-07-18,True,0.0407089922194965,0.0,0.0407089922194965,363020.4169998673
2012-07-19,True,0.0325668409912602,0.0,0.0325668409912602,374842.84519688296
2012-07-20,True,-0.0384627245313431,0.0,-0.0384627245313431,360425.36809953034
2012-07-23,True,-0.0369982858034472,0.0,-0.0369982858034472,347090.2473197712
2012-07-24,True,-0.0228467280611832,0.0,-0.0228467280611832,339160.3708265676
2012-07-25,True,-0.0223155490372446,0.0,-0.0223155490372446,331591.82093989727
2012-07-26,True,0.0391303010981789,0.0,0.0391303010981789,344567.1087349689
2012-07-27,True,0.0757316460954238,0.0,0.0757316460954238,370661.74306980893
2012-07-30,True,-0.0060282948622486,0.0,-0.0060282948622486,368427.28478842904
2012-07-31,True,0.0005858980473942,0.0,0.0005858980473942,368643.14561519335
2012-08-01,True,-0.0097767480653844,0.0,-0.0097767480653844,365039.0144544828
2012-08-02,True,-0.0104663919115248,0.0,-0.0104663919115248,361218.3730662055
2012-08-03,True,0.0568760112662551,0.0,0.0568760112662551,381763.0333222973
2012-08-06,True,0.0224701733774324,0.0,0.0224701733774324,390341.31487014383
2012-08-07,True,0.0247454911099902,0.0,0.0247454911099902,400000.5024071249
2012-08-08,True,-0.0016228505672184,0.0,-0.0016228505672184,399351.36136490584
2012-08-09,True,0.0084840005273025,0.0,0.0084840005273025,402739.4585253047
2012-08-10,True,0.0041172524174251,0.0,0.0041172524174251,404397.63853451045
2012-08-13,True,0.0060607883810319,0.0,0.0060607883810319,406848.6070434572
2012-08-14,True,0.001417082478627,0.0,0.001417082478627,407425.1450759523
2012-08-15,True,0.0070776174677715,0.0,0.0070776174677715,410308.74439955124
2012-08-16,True,0.0358398927976026,0.0,0.0358398927976026,425014.1658127502
2012-08-17,True,0.013737195898287,0.0,0.013737195898287,430852.66866806697
2012-08-20,True,0.0038485005116597,0.0,0.0038485005116597,432510.805383886
2012-08-21,True,-0.0114993371522651,0.0,-0.0114993371522651,427537.21781077894
2012-08-22,True,0.0107896968076159,0.0,0.0107896968076159,432150.2147649289
2012-08-23,True,-0.0221848568093104,0.0,-0.0221848568093104,422563.02413025626
2012-08-24,True,0.0177406743048376,0.0,0.0177406743048376,430059.5771146184
2012-08-27,True,0.0048612744874496,0.0,0.0048612744874496,432150.214764929
2012-08-28,True,-0.0001667017468319,0.0,-0.0001667017468319,432078.17456923396
2012-08-29,True,0.0003335592799167,0.0,0.0003335592799167,432222.298254011
2012-08-30,True,-0.030519862445916,0.0,-0.030519862445916,419030.9331652409
2012-08-31,True,0.0213323522267636,0.0,0.0213323522267636,427969.8486254313
2012-09-04,True,-0.0042127028508882,0.0,-0.0042127028508882,426166.9388240328
2012-09-05,True,-0.0045657647290204,0.0,-0.0045657647290204,424221.16084607545
2012-09-06,True,0.0661003564535565,0.0,0.0661003564535565,452262.33079314255
2012-09-07,True,-0.0043043318148274,0.0,-0.0043043318148274,450315.64365406166
2012-09-10,True,-0.0368173284437765,0.0,-0.0368173284437765,433736.22469827946
2012-09-11,True,-0.0043202932006113,0.0,-0.0043202932006113,431862.35703585664
2012-09-12,True,0.0086784792361094,0.0,0.0086784792361094,435610.2655342496
2012-09-13,True,0.0398807571592416,0.0,0.0398807571592416,452982.7327500938
2012-09-14,True,0.0256209134335325,0.0,0.0256209134335325,464588.56413276895
2012-09-17,True,0.0018621460275476,0.0,0.0018621460275476,465453.69588191283
2012-09-18,True,0.0018582198183449,0.0,0.0018582198183449,466318.6111641226
2012-09-19,True,0.0066467504610474,0.0,0.0066467504610474,469418.11460787273
2012-09-20,True,-0.0023027430107258,0.0,-0.0023027430107258,468337.1653253514
2012-09-21,True,0.0,0.0,0.0,468337.1653253514
2012-09-24,True,-0.0184700094372648,0.0,-0.0184700094372648,459686.9734619703
2012-09-25,True,-0.040144852833631,0.0,-0.040144852833631,441232.90756280225
2012-09-26,True,-0.0263031863302789,0.0,-0.0263031863302789,429627.0761801271
2012-09-27,True,0.0424513476383967,0.0,0.0424513476383967,447865.3245459176
2012-09-28,True,-0.0239824686391059,0.0,-0.0239824686391059,437124.40844545217
2012-10-01,True,-0.0042884899899908,0.0,-0.0042884899899908,435249.8047954532
2012-10-02,True,0.0064597442441403,0.0,0.0064597442441403,438061.4072167438
2012-10-03,True,0.0189232783679929,0.0,0.0189232783679929,446350.96516778093
2012-10-04,True,0.0116282284105071,0.0,0.0116282284105071,451541.2361420022
2012-10-05,True,-0.0172414669240446,0.0,-0.0172414669240446,443756.00285421766
2012-10-08,True,-0.0264778284272386,0.0,-0.0264778284272386,432006.3075470865
2012-10-09,True,-0.0513927088787727,0.0,-0.0513927088787727,409804.33314952557
2012-10-10,True,-0.0121381836767486,0.0,-0.0121381836767486,404830.05288222915
2012-10-11,True,-0.008902504285171,0.0,-0.008902504285171,401226.0516016791
2012-10-12,True,-0.0001793343394184,0.0,-0.0001793343394184,401154.0979927577
2012-10-15,True,0.0199451885312493,0.0,0.0199451885312493,409155.1921073065
2012-10-16,True,0.0435162058481042,0.0,0.0435162058481042,426960.07367086865
2012-10-17,True,-0.0030391352031876,0.0,-0.0030391352031876,425662.48428062
2012-10-18,True,-0.0342069258437004,0.0,-0.0342069258437004,411101.8792463875
2012-10-19,True,-0.0722433896534439,0.0,-0.0722433896534439,381402.4859967277
2012-10-22,True,0.0156875640840676,0.0,0.0156875640840676,387385.76193762413
2012-10-23,True,-0.0295877701186421,0.0,-0.0295877701186421,375923.88106617867
2012-10-24,True,-0.0099699752544317,0.0,-0.0099699752544317,372175.929274399
2012-10-25,True,0.0,0.0,0.0,372175.929274399
2012-10-26,True,0.0104586697066282,0.0,0.0104586697066282,376068.3943914373
2012-10-31,True,-0.0193597911427939,0.0,-0.0193597911427939,368787.7888206133
2012-11-01,True,0.0424155410561213,0.0,0.0424155410561213,384430.1224183302
2012-11-02,True,-0.0365657430191505,0.0,-0.0365657430191505,370373.14935316093
2012-11-05,True,0.0245230865513206,0.0,0.0245230865513206,379455.8421510337
2012-11-06,True,0.0060802626155009,0.0,0.0060802626155009,381763.0333222981
2012-11-07,True,-0.0717536029811596,0.0,-0.0717536029811596,354370.1601964067
2012-11-08,True,-0.0467850456888147,0.0,-0.0467850456888147,337790.9360608652
2012-11-09,True,0.0108845801684822,0.0,0.0108845801684822,341467.64858460636
2012-11-12,True,0.001477249451919,0.0,0.001477249451919,341972.0814813261
2012-11-13,True,-0.0217113171442515,0.0,-0.0217113171442515,334547.4171658052
2012-11-14,True,-0.0357688569519422,0.0,-0.0357688569519422,322581.0384575598
2012-11-15,True,-0.0089390127950482,0.0,-0.0089390127950482,319697.48242734774
2012-11-16,True,0.0112752602888113,0.0,0.0112752602888113,323302.15475539374
2012-11-19,True,0.0720159867097016,0.0,0.0720159867097016,346585.07843547605
2012-11-20,True,0.0002096059744947,0.0,0.0002096059744947,346657.72473858687
2012-11-21,True,0.0070687227392931,0.0,0.0070687227392931,349108.1520801981
2012-11-23,True,0.0458392597859402,0.0,0.0458392597859402,365111.0113567919
2012-11-26,True,0.0128331198768516,0.0,0.0128331198768516,369796.5247338922
2012-11-27,True,-0.0113060255407626,0.0,-0.0113060255407626,365615.5957803655
2012-11-28,True,0.0268142305070842,0.0,0.0268142305070842,375419.29664260516
2012-11-29,True,0.0172812919909275,0.0,0.0172812919909275,381907.02712691465
2012-11-30,True,-0.0035860638896153,0.0,-0.0035860638896153,380537.4841277445
2012-12-03,True,-0.0049248344973233,0.0,-0.0049248344973233,378663.3999983876
2012-12-04,True,-0.006472912607162,0.0,-0.006472912607162,376212.3449026672
2012-12-05,True,-0.0308491508583478,0.0,-0.0308491508583478,364606.51351999206
2012-12-06,True,0.0183877241811687,0.0,0.0183877241811687,371310.79752525524
2012-12-07,True,-0.0170845917452067,0.0,-0.0170845917452067,364967.10413894913
2012-12-10,True,0.0088869761635967,0.0,0.0088869761635967,368210.5580939289
2012-12-11,True,0.0385672816024724,0.0,0.0385672816024724,382411.438376941
2012-12-12,True,-0.0067861259713832,0.0,-0.0067861259713832,379816.34618321725
2012-12-13,True,-0.0225847706848677,0.0,-0.0225847706848677,371238.2811023049
2012-12-14,True,-0.0283491713413338,0.0,-0.0283491713413338,360713.9834628735
2012-12-17,True,0.0389696789410323,0.0,0.0389696789410323,374770.8915879625
2012-12-18,True,0.0463546689964662,0.0,0.0463546689964662,392143.272217033
2012-12-19,True,-0.0143379028705614,0.0,-0.0143379028705614,386520.7600686411
2012-12-20,True,0.00074474066806,0.0,0.00074474066806,386808.61779771367
2012-12-21,True,-0.0311206256941422,0.0,-0.0311206256941422,374770.8915879625
2012-12-24,True,-0.0084642372661868,0.0,-0.0084642372661868,371598.7418411016
2012-12-26,True,-0.0236656946981033,0.0,-0.0236656946981033,362804.5994664908
2012-12-27,True,-0.0055640485199589,0.0,-0.0055640485199589,360785.937071795
2012-12-28,True,-0.0289709206017175,0.0,-0.0289709206017175,350333.63633467176
2012-12-31,True,0.0652269712541222,0.0,0.0652269712541222,373184.83836122556
2013-01-02,True,0.0932961666394429,0.0,0.0932961666394429,408001.5532282881
2013-01-03,True,-0.0144864638648029,0.0,-0.0144864638648029,402091.05347066297
2013-01-04,True,-0.0098598279466806,0.0,-0.0098598279466806,398126.5048645427
2013-01-07,True,0.0010861229846155,0.0,0.0010861229846155,398558.9192122607
2013-01-08,True,-0.0057886161199217,0.0,-0.0057886161199217,396251.8146277701
2013-01-09,True,0.0101886763592422,0.0,0.0101886763592422,400289.09612377494
2013-01-10,True,0.0176475919655321,0.0,0.0176475919655321,407353.23476041894
2013-01-11,True,0.0037150075357634,0.0,0.0037150075357634,408866.5550972716
2013-01-14,True,-0.0128695327701309,0.0,-0.0128695327701309,403604.63356783666
2013-01-15,True,-0.0148247040213366,0.0,-0.0148247040213366,397621.3143335535
2013-01-16,True,0.0112411960224045,0.0,0.0112411960224045,402091.0534706631
2013-01-17,True,0.0154170308624868,0.0,0.0154170308624868,408290.1036515502
2013-01-18,True,-0.0056490597324312,0.0,-0.0056490597324312,405983.648467862
2013-01-22,True,0.004084138434367,0.0,0.004084138434367,407641.7418902941
2013-01-23,True,0.0162685113113632,0.0,0.0162685113113632,414273.4661792202
2013-01-24,True,-0.0398467840557267,0.0,-0.0398467840557267,397766.0008323594
2013-01-25,True,0.0148592382085368,0.0,0.0148592382085368,403676.50058998447
2013-01-28,True,0.0071432348080646,0.0,0.0071432348080646,406560.05662019656
2013-01-29,True,0.0,0.0,0.0,406560.05662019656
2013-01-30,True,-0.0054959038685898,0.0,-0.0054959038685898,404325.64163220354
2013-01-31,True,-0.006418429156841,0.0,-0.006418429156841,401730.506145093
2013-02-01,True,0.0328362461739937,0.0,0.0328362461739937,414921.82794047636
2013-02-04,True,-0.050902059838768,0.0,-0.050902059838768,393801.45222623926
2013-02-05,True,0.0439318517551072,0.0,0.0439318517551072,411101.8792463884
2013-02-06,True,-0.0092938713441423,0.0,-0.0092938713441423,407281.1512713373
2013-02-07,True,0.0024772871935361,0.0,0.0024772871935361,408290.1036515505
2013-02-08,True,0.0303680302770514,0.0,0.0303680302770514,420689.06988106127
2013-02-11,True,-0.0003440303125386,0.0,-0.0003440303125386,420544.34008886846
2013-02-12,True,-0.0116551421973467,0.0,-0.0116551421973467,415642.8360048434
2013-02-13,True,0.0116196807535522,0.0,0.0116196807535522,420472.47306672076
2013-02-14,True,-0.002057214025628,0.0,-0.002057214025628,419607.47119773744
2013-02-15,True,-0.0085893953313308,0.0,-0.0085893953313308,416003.29674364004
2013-02-19,True,0.0218335353328475,0.0,0.0218335353328475,425086.11942167336
2013-02-20,True,-0.0456165873166297,0.0,-0.0456165873166297,405695.1413379873
2013-02-21,True,-0.0325151421954544,0.0,-0.0325151421954544,392503.9061293777
2013-02-22,True,0.0293835083067324,0.0,0.0293835083067324,404037.0479155552
2013-02-25,True,-0.0372886895146924,0.0,-0.0372886895146924,388971.0358833992
2013-02-26,True,0.0120462523555748,0.0,0.0120462523555748,393656.6791406599
2013-02-27,True,0.0303983374917669,0.0,0.0303983374917669,405623.18772906595
2013-02-28,True,-0.0037329872906591,0.0,-0.0037329872906591,404109.0015244767
2013-03-01,True,0.01034647115333,0.0,0.01034647115333,408290.1036515507
2013-03-04,True,0.0128883390576786,0.0,0.0128883390576786,413552.2849413066
2013-03-05,True,0.0439252453854142,0.0,0.0439252453854142,431717.6705370523
2013-03-06,True,-0.0063445230341073,0.0,-0.0063445230341073,428978.6278320988
2013-03-07,True,0.008738635298221,0.0,0.008738635298221,432727.31561145483
2013-03-08,True,0.0011661563732057,0.0,0.0011661563732057,433231.94332841533
2013-03-11,True,0.0103152979173839,0.0,0.0103152979173839,437700.8598911752
2013-03-12,True,-0.0121865154965193,0.0,-0.0121865154965193,432366.81157927157
2013-03-13,True,-0.0031673485931873,0.0,-0.0031673485931873,430997.355166875
2013-03-14,True,0.0102020336967254,0.0,0.0102020336967254,435394.40470748703
2013-03-15,True,-0.0094378608615792,0.0,-0.0094378608615792,431285.2128959477
2013-03-18,True,-0.006853097279751,0.0,-0.006853097279751,428329.5733766536
2013-03-19,True,-0.0040389546869916,0.0,-0.0040389546869916,426599.5696386869
2013-03-20,True,0.0190945746308819,0.0,0.0190945746308819,434745.3069586549
2013-03-21,True,-0.0320012037633338,0.0,-0.0320012037633338,420832.9338055179
2013-03-22,True,0.0275784451195362,0.0,0.0275784451195362,432438.8517749668
2013-03-25,True,-0.0101681262355377,0.0,-0.0101681262355377,428041.75894096796
2013-03-26,True,0.015324667206972,0.0,0.015324667206972,434601.35644742526
2013-03-27,True,0.0053071589466011,0.0,0.0053071589466011,436907.8549245002
2013-03-28,True,0.0057747920290074,0.0,0.0057747920290074,439430.9069225289
2013-04-01,True,-0.0193574034464787,0.0,-0.0193574034464787,430924.6655703775
2013-04-02,True,0.0225837087338629,0.0,0.0225837087338629,440656.5427038562
2013-04-03,True,-0.026501172092219,0.0,-0.026501172092219,428978.62783209904
2013-04-04,True,0.0005034999249644,0.0,0.0005034999249644,429194.61853902385
2013-04-05,True,-0.0245206851577071,0.0,-0.0245206851577071,418670.4724264462
2013-04-08,True,0.0153238583032737,0.0,0.0153238583032737,425086.11942167376
2013-04-09,True,0.0196705663898928,0.0,0.0196705663898928,433447.8041551797
2013-04-10,True,0.0585403068017955,0.0,0.0585403068017955,458821.9715929885
2013-04-11,True,-0.0017285387417155,0.0,-0.0017285387417155,458028.8800395397
2013-04-12,True,-0.0011012651647266,0.0,-0.0011012651647266,457524.46878951346
2013-04-15,True,-0.0608156757017104,0.0,-0.0608156757017104,429699.80907001306
2013-04-16,True,0.0417704292837928,0.0,0.0417704292837928,447648.55455803126
2013-04-17,True,-0.0584530792079561,0.0,-0.0584530792079561,421482.1181411236
2013-04-18,True,-0.0432711878247462,0.0,-0.0432711878247462,403244.0862422672
2013-04-19,True,0.0414733645408165,0.0,0.0414733645408165,419967.97522992117
2013-04-22,True,0.0307246700715044,0.0,0.0307246700715044,432871.35270945827
2013-04-23,True,0.0294742560825782,0.0,0.0294742560825782,445629.91381002887
2013-04-24,True,-0.0024252772883527,0.0,-0.0024252772883527,444549.13770105486
2013-04-25,True,0.0162157445464152,0.0,0.0162157445464152,451757.83295634435
2013-04-26,True,-0.008457277571204,0.0,-0.008457277571204,447937.19156806695
2013-04-29,True,0.0265523290372153,0.0,0.0265523290372153,459830.9672665885
2013-04-30,True,0.0219480241308129,0.0,0.0219480241308129,469923.3484322506
2013-05-01,True,-0.012732266600678,0.0,-0.012732266600678,463940.15907812794
2013-05-02,True,0.0362027922237286,0.0,0.0362027922237286,480736.088261477
2013-05-03,True,0.0349365903510274,0.0,0.0349365903510274,497531.36804402363
2013-05-06,True,0.0128951338429652,0.0,0.0128951338429652,503947.10162602493
2013-05-07,True,-0.0024322441068637,0.0,-0.0024322441068637,502721.379257924
2013-05-08,True,0.0156306851371519,0.0,0.0156306851371519,510579.25884881936
2013-05-09,True,-0.0035306826574367,0.0,-0.0035306826574367,508776.5655143549
2013-05-10,True,0.0170021165212468,0.0,0.0170021165212468,517426.8439645098
2013-05-13,True,0.0039011392330607,0.0,0.0039011392330607,519445.3981257385
2013-05-14,True,0.0147102972080457,0.0,0.0147102972080457,527086.5943155198
2013-05-15,True,0.0073852790527286,0.0,0.0073852790527286,530979.2758994922
2013-05-16,True,-0.0036662205615901,0.0,-0.0036662205615901,529032.5887604113
2013-05-17,True,0.0282061545000784,0.0,0.0282061545000784,543954.5636945639
2013-05-20,True,-0.0045060719271464,0.0,-0.0045060719271464,541503.4653054568
2013-05-21,True,0.0037276047101624,0.0,0.0037276047101624,543521.9761732987
2013-05-22,True,-0.0244032604377051,0.0,-0.0244032604377051,530258.2678351254
2013-05-23,True,-0.010875145533727,0.0,-0.010875145533727,524491.6320019566
2013-05-24,True,-0.0005502351210967,0.0,-0.0005502351210967,524203.0382853077
2013-05-28,True,0.0206270897589269,0.0,0.0206270897589269,535015.8214079209
2013-05-29,True,-0.015090738232376,0.0,-0.015090738232376,526942.0376968745
2013-05-30,True,0.0162792002675775,0.0,0.0162792002675775,535520.2326579473
2013-05-31,True,-0.0285363378266748,0.0,-0.0285363378266748,520238.44638580066
2013-06-03,True,0.0058197923202774,0.0,0.0058197923202774,523266.1261007899
2013-06-04,True,-0.0150156612568355,0.0,-0.0150156612568355,515408.9392040838
2013-06-05,True,-0.0383220466446653,0.0,-0.0383220466446653,495657.4137948275
2013-06-06,True,0.0122163000111277,0.0,0.0122163000111277,501712.5134644848
2013-06-07,True,0.0418110318842621,0.0,0.0418110318842621,522689.6313616817
2013-06-10,True,0.0004128980573332,0.0,0.0004128980573332,522905.4488950592
2013-06-11,True,-0.0289493875030706,0.0,-0.0289493875030706,507767.656427529
2013-06-12,True,-0.0346398145308443,0.0,-0.0346398145308443,490178.6789841179
2013-06-13,True,0.0358827876395271,0.0,0.0358827876395271,507767.656427529
2013-06-14,True,-0.0176042566982196,0.0,-0.0176042566982196,498828.7842607254
2013-06-17,True,0.0277457450081604,0.0,0.0277457450081604,512669.1605115542
2013-06-18,True,0.0236220292907893,0.0,0.0236220292907893,524779.4464376424
2013-06-19,True,-0.031455675875589,0.0,-0.031455675875589,508272.154264329
2013-06-20,True,-0.0737478471369263,0.0,-0.0737478471369263,470788.177127687
2013-06-21,True,-0.0140873487164816,0.0,-0.0140873487164816,464156.0199048926
2013-06-24,True,-0.0309050984705409,0.0,-0.0309050984705409,449811.2324040376
2013-06-25,True,0.0213137126212856,0.0,0.0213137126212856,459398.3797453236
2013-06-26,True,0.0273026362599131,0.0,0.0273026362599131,471941.1666059036
2013-06-27,True,0.0111498955279236,0.0,0.0111498955279236,477203.2613088859
2013-06-28,True,0.0027191544891995,0.0,0.0027191544891995,478500.85069913464
2013-07-01,True,0.0213925046568581,0.0,0.0213925046568581,488737.18237602647
2013-07-02,True,0.0004429107135406,0.0,0.0004429107135406,488953.64931020647
2013-07-03,True,0.0135630054196238,0.0,0.0135630054196238,495585.33030574565
2013-07-05,True,0.0221087595963951,0.0,0.0221087595963951,506542.1072329754
2013-07-08,True,0.0032731011274234,0.0,0.0032731011274234,508200.07077524706
2013-07-09,True,0.0182986519163625,0.0,0.0182986519163625,517499.4469742342
2013-07-10,True,0.0168544890563404,0.0,0.0168544890563404,526221.6357399236
2013-07-11,True,0.0623290538924559,0.0,0.0623290538924559,559020.5324333337
2013-07-12,True,0.0104442427602602,0.0,0.0104442427602602,564859.0785820374
2013-07-15,True,0.0077843301229219,0.0,0.0077843301229219,569256.1281226494
2013-07-16,True,-0.0039253769221999,0.0,-0.0039253769221999,567021.5832544959
2013-07-17,True,0.0071188568965228,0.0,0.0071188568965228,571058.1287629245
2013-07-18,True,-0.0073205379902875,0.0,-0.0073205379902875,566877.6760366529
2013-07-19,True,-0.0303918713675254,0.0,-0.0303918713675254,549649.2026254252
2013-07-22,True,0.0072129494240509,0.0,0.0072129494240509,553613.7945249324
2013-07-23,True,-0.022265040108337,0.0,-0.022265040108337,541287.5611853062
2013-07-24,True,0.0094542996327935,0.0,0.0094542996327935,546405.0559762561
2013-07-25,True,0.0180740294217993,0.0,0.0180740294217993,556280.7970341909
2013-07-26,True,0.016587550842106,0.0,0.016587550842106,565508.1330374829
2013-07-29,True,-0.0045888033351735,0.0,-0.0045888033351735,562913.1274305327
2013-07-30,True,0.0148542306666157,0.0,0.0148542306666157,571274.7688706518
2013-07-31,True,0.006308624472052,0.0,0.006308624472052,574878.7268578152
2013-08-01,True,0.0304708158714352,0.0,0.0304708158714352,592395.7506923048
2013-08-02,True,0.0166710698490895,0.0,0.0166710698490895,602271.6216304
2013-08-05,True,0.0021543482323849,0.0,0.0021543482323849,603569.124433875
2013-08-06,True,-0.0177956685748961,0.0,-0.0177956685748961,592828.2083334095
2013-08-07,True,-0.0057149955518307,0.0,-0.0057149955518307,589440.1977597843
2013-08-08,True,0.0133299870282939,0.0,0.0133299870282939,597297.4279498771
2013-08-09,True,-0.0107412710682887,0.0,-0.0107412710682887,590881.6943678758
2013-08-12,True,0.0062225272823095,0.0,0.0062225272823095,594558.4718316973
2013-08-13,True,0.0166101371562719,0.0,0.0166101371562719,604434.1695962452
2013-08-14,True,-0.0110918348804496,0.0,-0.0110918348804496,597729.8855909819
2013-08-15,True,-0.0501684207446148,0.0,-0.0501684207446148,567742.7211990231
2013-08-16,True,-0.0035557842536483,0.0,-0.0035557842536483,565723.9505708601
2013-08-19,True,-0.0039497325137554,0.0,-0.0039497325137554,563489.4922894803
2013-08-20,True,0.0136881874537957,0.0,0.0136881874537957,571202.6420881829
2013-08-21,True,-0.009969332476969,0.0,-0.009969332476969,565508.1330374827
2013-08-22,True,0.0285528603119726,0.0,0.0285528603119726,581655.0077653865
2013-08-23,True,0.0210679519080969,0.0,0.0210679519080969,593909.2874960914
2013-08-26,True,0.0008493068902035,0.0,0.0008493068902035,594413.6987461178
2013-08-27,True,-0.0629389326765476,0.0,-0.0629389326765476,557001.9349787183
2013-08-28,True,0.0129419572942146,0.0,0.0129419572942146,564210.6302340078
2013-08-29,True,0.0206974861380517,0.0,0.0206974861380517,575888.3719322176
2013-08-30,True,-0.0186505872728555,0.0,-0.0186505872728555,565147.7155920732
2013-09-03,True,0.016453315421961,0.0,0.016453315421961,574446.2692167102
2013-09-04,True,0.0326273502330751,0.0,0.0326273502330751,593188.9288325273
2013-09-05,True,0.0043746696555133,0.0,0.0043746696555133,595783.9344394774
2013-09-06,True,0.0036297520641939,0.0,0.0036297520641939,597946.4824053227
2013-09-09,True,0.0352011805816558,0.0,0.0352011805816558,618994.9045106384
2013-09-10,True,0.0151393813736748,0.0,0.0151393813736748,628366.1044383864
2013-09-11,True,-0.0050472174161796,0.0,-0.0050472174161796,625194.6040923281
2013-09-12,True,-0.0044973021034728,0.0,-0.0044973021034728,622382.9150842638
2013-09-13,True,0.0032434064288688,0.0,0.0032434064288688,624401.5558322662
2013-09-16,True,-0.0084274208701615,0.0,-0.0084274208701615,619139.4611292841
2013-09-17,True,0.020024869559976,0.0,0.020024869559976,631537.6480778318
2013-09-18,True,0.0367542713081083,0.0,0.0367542713081083,654749.3541365691
2013-09-19,True,0.0061648917958505,0.0,0.0061648917958505,658785.8130582242
2013-09-20,True,-0.0109414102605301,0.0,-0.0109414102605301,651577.7672037372
2013-09-23,True,-0.0056428171056439,0.0,-0.0056428171056439,647901.0330333028
2013-09-24,True,0.0002223134254455,0.0,0.0002223134254455,648045.0701313061
2013-09-25,True,-0.0094546715359431,0.0,-0.0094546715359431,641918.0168527273
2013-09-26,True,0.0229085662454193,0.0,0.0229085662454193,656623.4382659262
2013-09-27,True,-0.0047206304811222,0.0,-0.0047206304811222,653523.7616486289
2013-09-30,True,-0.0062866866645914,0.0,-0.0062866866645914,649415.2625312787
2013-10-01,True,0.0299700659998636,0.0,0.0299700659998636,668878.28081066
2013-10-02,True,-0.0018323749125802,0.0,-0.0018323749125802,667652.6450293327
2013-10-03,True,-0.0347660762496202,0.0,-0.0347660762496202,644440.9822639823
2013-10-04,True,0.0257268228000293,0.0,0.0257268228000293,661020.4012197646
2013-10-07,True,-0.0247537527199982,0.0,-0.0247537527199982,644657.6656650965
2013-10-08,True,-0.056581194836258,0.0,-0.056581194836258,608182.1646814124
2013-10-09,True,-0.0110224835372459,0.0,-0.0110224835372459,601478.4867835649
2013-10-10,True,0.0635184566705151,0.0,0.0635184566705151,639683.4719845738
2013-10-11,True,0.0225372366924891,0.0,0.0225372366924891,654100.1698009634
2013-10-14,True,0.0207192657242287,0.0,0.0207192657242287,667652.6450293327
2013-10-15,True,-0.0106892384926711,0.0,-0.0106892384926711,660515.9466763514
2013-10-16,True,0.0341588701124879,0.0,0.0341588701124879,683078.4251060958
2013-10-17,True,0.0161466426474055,0.0,0.0161466426474055,694107.8483364366
2013-10-18,True,0.0494333033965121,0.0,0.0494333033965121,728419.8921931519
2013-10-21,True,0.005740080355657,0.0,0.005740080355657,732601.0809069996
2013-10-22,True,0.003444318912587,0.0,0.003444318912587,735124.3926653493
2013-10-23,True,-0.0160820967555949,0.0,-0.0160820967555949,723302.0510551071
2013-10-24,True,0.0124577220297112,0.0,0.0124577220297112,732312.7469506718
2013-10-25,True,0.0199824795783274,0.0,0.0199824795783274,746946.1714615625
2013-10-28,True,0.0020267633849961,0.0,0.0020267633849961,748460.0546124439
2013-10-29,True,0.0048155690055329,0.0,0.0048155690055329,752064.315653315
2013-10-30,True,-0.0031637160601966,0.0,-0.0031637160601966,749684.9976995818
2013-10-31,True,-0.0064418753428111,0.0,-0.0064418753428111,744855.6203980254
2013-11-01,True,-0.0004843986888337,0.0,-0.0004843986888337,744494.8133121341
2013-11-04,True,0.0048421475483793,0.0,0.0048421475483793,748099.7670471946
2013-11-05,True,0.0042395240214423,0.0,0.0042395240214423,751271.3539800267
2013-11-06,True,-0.0017273066118489,0.0,-0.0017273066118489,749973.6780030043
2013-11-07,True,-0.0554593895510572,0.0,-0.0554593895510572,708380.5956415964
2013-11-08,True,0.0394837458337224,0.0,0.0394837458337224,736350.1150334502
2013-11-11,True,-0.0047976367405844,0.0,-0.0047976367405844,732817.374667632
2013-11-12,True,0.0049187163484312,0.0,0.0049187163484312,736421.8954688242
2013-11-13,True,0.0358260348951724,0.0,0.0358260348951724,762804.9719934594
2013-11-14,True,0.0077486030482023,0.0,0.0077486030482023,768715.6449246319
2013-11-15,True,0.0069397543134812,0.0,0.0069397543134812,774050.3426373381
2013-11-18,True,-0.0276590953657723,0.0,-0.0276590953657723,752640.8103924232
2013-11-19,True,-0.0098649038865298,0.0,-0.0098649038865298,745216.081136822
2013-11-20,True,-0.0069644380271329,0.0,-0.0069644380271329,740026.0699229218
2013-11-21,True,0.030585700276869,0.0,0.030585700276869,762660.2854946536
2013-11-22,True,0.0157848857737572,0.0,0.0157848857737572,774698.7909853678
2013-11-25,True,0.0066066247311971,0.0,0.0066066247311971,779816.9351771203
2013-11-26,True,0.0165465085679961,0.0,0.0165465085679961,792720.182776497
2013-11-27,True,0.0200058742501947,0.0,0.0200058742501947,808579.243068715
2013-11-29,True,0.0164028643545783,0.0,0.0164028643545783,821842.2587126987
2013-12-02,True,-0.0062274371559108,0.0,-0.0062274371559108,816724.2876944935
2013-12-03,True,-0.0029125028876418,0.0,-0.0029125028876418,814345.5758481761
2013-12-04,True,0.0025672610158571,0.0,0.0025672610158571,816436.2134984869
2013-12-05,True,-0.0030904295315252,0.0,-0.0030904295315252,813913.0749136846
2013-12-06,True,0.0206359169231391,0.0,0.0206359169231391,830708.9175102602
2013-12-09,True,0.011975258983607,0.0,0.011975258983607,840656.8719374374
2013-12-10,True,-0.0018010396095845,0.0,-0.0018010396095845,839142.8156130087
2013-12-11,True,-0.0373672360024933,0.0,-0.0373672360024933,807786.3679822007
2013-12-12,True,-0.0081208359291223,0.0,-0.0081208359291223,801226.4674220356
2013-12-13,True,-0.0047684912364046,0.0,-0.0047684912364046,797405.8260337583
2013-12-16,True,0.0171755240285771,0.0,0.0171755240285771,811101.6889593285
2013-12-17,True,-0.0063092600684002,0.0,-0.0063092600684002,805984.2374617655
2013-12-18,True,0.0345224780330108,0.0,0.0345224780330108,833808.8105944924
2013-12-19,True,-0.00899088948122,0.0,-0.00899088948122,826312.1277299698
2013-12-20,True,0.0300962950667953,0.0,0.0300962950667953,851181.0613434025
2013-12-23,True,0.0323513369063379,0.0,0.0323513369063379,878717.9066272172
2013-12-24,True,0.0013947015137742,0.0,0.0013947015137742,879943.4558217707
2013-12-26,True,0.0097475420076158,0.0,0.0097475420076158,888520.74162172
2013-12-27,True,-0.0073011849393789,0.0,-0.0073011849393789,882033.4873646658
2013-12-30,True,-0.0052300548754748,0.0,-0.0052300548754748,877420.4038237422
2013-12-31,True,0.0196352209909722,0.0,0.0196352209909722,894648.7473548094
2014-01-02,True,-0.0233667024925005,0.0,-0.0233667024925005,873743.7562400813
2014-01-03,True,-0.0217804825526528,0.0,-0.0217804825526528,854713.195601805
2014-01-06,True,-0.0106265971376254,0.0,-0.0106265971376254,845630.5028039322
2014-01-07,True,0.0259143759782385,0.0,0.0259143759782385,867544.4895922601
2014-01-08,True,0.0074782184300101,0.0,0.0074782184300101,874032.1767831828
2014-01-09,True,-0.010309192561499,0.0,-0.010309192561499,865021.6107677788
2014-01-10,True,0.0099999719726115,0.0,0.0099999719726115,873671.8026311599
2014-01-13,True,-0.0444720732042104,0.0,-0.0444720732042104,834817.8062680926
2014-01-14,True,0.0572491487492325,0.0,0.0572491487492325,882610.4150376426
2014-01-15,True,0.023357943791465,0.0,0.023357943791465,903226.3795018536
2014-01-16,True,0.0020754527243025,0.0,0.0020754527243025,905100.9831518526
2014-01-17,True,-0.0177601706822343,0.0,-0.0177601706822343,889026.2352064176
2014-01-21,True,0.0223788551404144,0.0,0.0223788551404144,908921.6245401301
2014-01-22,True,0.0092789205232539,0.0,0.0092789205232539,917355.4360561048
2014-01-23,True,-0.0120225921850838,0.0,-0.0120225921850838,906326.4457596325
2014-01-24,True,-0.0592543685254081,0.0,-0.0592543685254081,852622.644538268
2014-01-27,True,-0.0290830809814653,0.0,-0.0290830809814653,827825.7511205304
2014-01-28,True,-0.0003486165008254,0.0,-0.0003486165008254,827537.1574038815
2014-01-29,True,-0.0315329115412736,0.0,-0.0315329115412736,801442.501422348
2014-01-30,True,0.0527076324775446,0.0,0.0527076324775446,843684.6382392012
2014-01-31,True,-0.007006400477021,0.0,-0.007006400477021,837773.4457873867
2014-02-03,True,-0.0662533837918643,0.0,-0.0662533837918643,782268.1201530024
2014-02-04,True,0.0195351175532809,0.0,0.0195351175532809,797549.8198383754
2014-02-05,True,-0.0092189883192782,0.0,-0.0092189883192782,790197.217365243
2014-02-06,True,0.0383139604515545,0.0,0.0383139604515545,820472.8023003034
2014-02-07,True,0.0530667350237643,0.0,0.0530667350237643,864012.6150941789
2014-02-10,True,0.0183539232806286,0.0,0.0183539232806286,879870.6363451129
2014-02-11,True,0.0342460691451773,0.0,0.0342460691451773,910002.7469961988
2014-02-12,True,0.0047528383249031,0.0,0.0047528383249031,914327.8429278895
2014-02-13,True,0.0257011795159147,0.0,0.0257011795159147,937827.1469553784
2014-02-14,True,0.0029214111592144,0.0,0.0029214111592144,940566.925647908
2014-02-18,True,0.0156345898615162,0.0,0.0156345898615162,955272.3037677202
2014-02-19,True,-0.0218838032174449,0.0,-0.0218838032174449,934367.3126529923
2014-02-20,True,0.0145041626398176,0.0,0.0145041626398176,947919.5281210407
2014-02-21,True,-0.0051713499503316,0.0,-0.0051713499503316,943017.5045163736
2014-02-24,True,0.0175819306398643,0.0,0.0175819306398643,959597.5728729585
2014-02-25,True,-0.0036059566364833,0.0,-0.0036059566364833,956137.3056367039
2014-02-26,True,-0.0033177170491589,0.0,-0.0033177170491589,952965.1125964562
2014-02-27,True,0.0196677290365336,0.0,0.0196677290365336,971707.7722122731
2014-02-28,True,-0.0050448399525304,0.0,-0.0050448399525304,966805.6620208323
2014-03-03,True,-0.0219207982845387,0.0,-0.0219207982845387,945612.5101233236
2014-03-04,True,0.0402500471340441,0.0,0.0402500471340441,983673.4582263292
2014-03-05,True,0.0082078765369744,0.0,0.0082078765369744,991747.3285241496
2014-03-06,True,-0.0037799692102103,0.0,-0.0037799692102103,987998.55415802
2014-03-07,True,-0.0142999843477525,0.0,-0.0142999843477525,973870.1902979582
2014-03-10,True,0.0020721358629762,0.0,0.0020721358629762,975888.1816451581
2014-03-11,True,-0.0124095903000345,0.0,-0.0124095903000345,963777.8091322959
2014-03-12,True,0.0112191658908895,0.0,0.0112191658908895,974590.5922549092
2014-03-13,True,-0.0424551149946711,0.0,-0.0424551149946711,933214.2365880023
2014-03-14,True,-0.0205470656698515,0.0,-0.0205470656698515,914039.4223847883
2014-03-17,True,0.0266563979561098,0.0,0.0266563979561098,938404.42097545
2014-03-18,True,0.0359504117742695,0.0,0.0359504117742695,972140.4463203123
2014-03-19,True,-0.0164617579118144,0.0,-0.0164617579118144,956137.3056367041
2014-03-20,True,0.0078405923713336,0.0,0.0078405923713336,963633.9885012268
2014-03-21,True,-0.0366549427613862,0.0,-0.0366549427613862,928312.039809788
2014-03-24,True,-0.0251593668455774,0.0,-0.0251593668455774,904956.2966530473
2014-03-25,True,0.0092408336537039,0.0,0.0092408336537039,913318.84725429
2014-03-26,True,-0.0380431660241763,0.0,-0.0380431660241763,878573.3067151858
2014-03-27,True,-0.0177224443954303,0.0,-0.0177224443954303,863002.8401396165
2014-03-28,True,0.0065152570309383,0.0,0.0065152570309383,868625.5254615559
2014-03-31,True,0.0199167651031464,0.0,0.0199167651031464,885925.7360147709
2014-04-01,True,0.0541908579377015,0.0,0.0541908579377015,933934.811718501
2014-04-02,True,0.0078726221510361,0.0,0.0078726221510361,941287.3276048598
2014-04-03,True,-0.0235868196101767,0.0,-0.0235868196101767,919085.3532072987
2014-04-04,True,-0.0793729137257532,0.0,-0.0793729137257532,846134.8707605724
2014-04-07,True,-0.0299875062716796,0.0,-0.0299875062716796,820761.3960169529
2014-04-08,True,0.0279292402560507,0.0,0.0279292402560507,843684.6382392021
2014-04-09,True,0.0512644700915094,0.0,0.0512644700915094,886935.6841428817
2014-04-10,True,-0.0923284022478658,0.0,-0.0923284022478658,805046.3295293517
2014-04-11,True,-0.034921071286714,0.0,-0.034921071286714,776933.2492667497
2014-04-14,True,0.022453756795751,0.0,0.022453756795751,794378.319492318
2014-04-15,True,0.0099816216083059,0.0,0.0099816216083059,802307.5032913322
2014-04-16,True,0.0388139956934734,0.0,0.0388139956934734,833448.2632689234
2014-04-17,True,0.0005188256629415,0.0,0.0005188256629415,833880.6776166414
2014-04-21,True,0.0226490040369331,0.0,0.0226490040369331,852767.2444503013
2014-04-22,True,0.0245137912096224,0.0,0.0245137912096224,873671.8026311611
2014-04-23,True,-0.0272280931960242,0.0,-0.0272280931960242,849883.3853663814
2014-04-24,True,0.0295167947902248,0.0,0.0295167947902248,874969.2188478624
2014-04-25,True,-0.0482782282317646,0.0,-0.0482782282317646,832727.2552045565
2014-04-28,True,0.010734141762043,0.0,0.010734141762043,841665.8676110392
2014-04-29,True,0.0220967255765913,0.0,0.0220967255765913,860263.927314824
2014-04-30,True,0.0088822852619869,0.0,0.0088822852619869,867905.0369178315
2014-05-01,True,0.0089700942652033,0.0,0.0089700942652033,875690.2269122292
2014-05-02,True,-0.0049388729315769,0.0,-0.0049388729315769,871365.3041540859
2014-05-05,True,0.0142284606575928,0.0,0.0142284606575928,883763.4911026338
2014-05-06,True,-0.0386623270250463,0.0,-0.0386623270250463,849595.1379968271
2014-05-07,True,-0.0089932130501364,0.0,-0.0089932130501364,841954.5479144616
2014-05-08,True,-0.0034249900039325,0.0,-0.0034249900039325,839070.8620040892
2014-05-09,True,0.0116842027053243,0.0,0.0116842027053243,848874.7360398761
2014-05-12,True,0.04874269488418,0.0,0.04874269488418,890251.1782935567
2014-05-13,True,0.0021056046977869,0.0,0.0021056046977869,892125.695356782
2014-05-14,True,-0.0148677272504924,0.0,-0.0148677272504924,878861.8138450616
2014-05-15,True,-0.0231295941801387,0.0,-0.0231295941801387,858534.0967504046
2014-05-16,True,0.0186394707252013,0.0,0.0186394707252013,874536.7179133709
2014-05-19,True,0.0214308366069746,0.0,0.0214308366069746,893278.7714217723
2014-05-20,True,-0.0109743807367039,0.0,-0.0109743807367039,883475.5900801747
2014-05-21,True,0.0282304202882286,0.0,0.0282304202882286,908416.4773025288
2014-05-22,True,0.0123791867624911,0.0,0.0123791867624911,919661.9345331811
2014-05-23,True,0.0224171768455294,0.0,0.0224171768455294,940278.1587577132
2014-05-27,True,0.0375657013010142,0.0,0.0375657013010142,975600.3672094732
2014-05-28,True,-0.0094581548006916,0.0,-0.0094581548006916,966372.9879127945
2014-05-29,True,0.0202900415438178,0.0,0.0202900415438178,985980.7359843684
2014-05-30,True,-0.000877564436835,0.0,-0.000877564436835,985115.4743550642
2014-06-02,True,-0.0024880451745398,0.0,-0.0024880451745398,982664.4625527306
2014-06-03,True,-0.001466838454271,0.0,-0.001466838454271,981223.0525314127
2014-06-04,True,0.0105785690768762,0.0,0.0105785690768762,991602.9883724396
2014-06-05,True,0.0260246783786073,0.0,0.0260246783786073,1017409.1372240983
2014-06-06,True,0.0161543222190525,0.0,0.0161543222190525,1033844.6922554247
2014-06-09,True,-0.0018127327473805,0.0,-0.0018127327473805,1031970.6081260679
2014-06-10,True,0.0057282306092962,0.0,0.0057282306092962,1037881.9737514298
2014-06-11,True,-0.0015283719476673,0.0,-0.0015283719476673,1036295.7040577584
2014-06-12,True,-0.0261546949351415,0.0,-0.0261546949351415,1009191.7060555301
2014-06-13,True,0.0068569875379913,0.0,0.0068569875379913,1016111.721007397
2014-06-16,True,0.0036890772228197,0.0,0.0036890772228197,1019860.2356132056
2014-06-17,True,0.0014134256418232,0.0,0.0014134256418232,1021301.7322212971
2014-06-18,True,0.0182102367045908,0.0,0.0182102367045908,1039899.8785118556
2014-06-19,True,-0.0038817090810626,0.0,-0.0038817090810626,1035863.2897100403
2014-06-20,True,0.0036189020468186,0.0,0.0036189020468186,1039611.9774893963
2014-06-23,True,0.0011089742292378,0.0,0.0011089742292378,1040764.880380839
2014-06-24,True,-0.0027699883842685,0.0,-0.0027699883842685,1037881.9737514296
2014-06-25,True,0.0183662421346617,0.0,0.0183662421346617,1056943.965388549
2014-06-26,True,0.0027288977582913,0.0,0.0027288977582913,1059828.2574063374
2014-06-27,True,0.0099313149409019,0.0,0.0099313149409019,1070353.745613907
2014-06-30,True,0.0074101872155867,0.0,0.0074101872155867,1078285.2672558106
2014-07-01,True,0.0335646173166437,0.0,0.0335646173166437,1114477.4996094268
2014-07-02,True,0.0038815276344024,0.0,0.0038815276344024,1118803.3748220806
2014-07-03,True,0.0192038173600386,0.0,0.0192038173600386,1140288.6704939585
2014-07-07,True,-0.0096104452493626,0.0,-0.0096104452493626,1129329.9886577078
2014-07-08,True,-0.0348569788251775,0.0,-0.0348569788251775,1089964.9571564281
2014-07-09,True,0.0226219588099036,0.0,0.0226219588099036,1114622.0995214593
2014-07-10,True,-0.0094441877896737,0.0,-0.0094441877896737,1104095.3990990582
2014-07-11,True,0.0173703626064665,0.0,0.0173703626064665,1123273.9365335403
2014-07-14,True,0.0191263081589403,0.0,0.0191263081589403,1144758.0199905867
2014-07-15,True,-0.0104539512866488,0.0,-0.0104539512866488,1132790.7754146045
2014-07-16,True,0.011328299162185,0.0,0.011328299162185,1145623.3682066647
2014-07-17,True,-0.0398990153978617,0.0,-0.0398990153978617,1099914.1237984367
2014-07-18,True,0.0473255705116584,0.0,0.0473255705116584,1151968.1872210288
2014-07-21,True,-0.0036302808021975,0.0,-0.0036302808021975,1147786.219226218
2014-07-22,True,0.0198495659331345,0.0,0.0198495659331345,1170569.2774618922
2014-07-23,True,0.0187240490831037,0.0,0.0187240490831037,1192487.074068262
2014-07-24,True,-0.0035068568028752,0.0,-0.0035068568028752,1188305.192660225
2014-07-25,True,-0.012255949763423,0.0,-0.012255949763423,1173741.3839153664
2014-07-28,True,0.0012288588402813,0.0,0.0012288588402813,1175183.7463911949
2014-07-29,True,-0.0050308259661352,0.0,-0.0050308259661352,1169271.60148487
2014-07-30,True,0.0119618241765206,0.0,0.0119618241765206,1183258.2227964308
2014-07-31,True,-0.0609306873760251,0.0,-0.0609306873760251,1111161.4859381104
2014-08-01,True,-0.0115498229398069,0.0,-0.0115498229398069,1098327.7675179925
2014-08-04,True,0.0204806481127746,0.0,0.0204806481127746,1120822.2320370178
2014-08-05,True,-0.0234145057934657,0.0,-0.0234145057934657,1094578.7333915418
2014-08-06,True,-0.0017124674719778,0.0,-0.0017124674719778,1092704.3029150902
2014-08-07,True,-0.0096330675068305,0.0,-0.0096330675068305,1082178.208600105
2014-08-08,True,0.0213190018749109,0.0,0.0213190018749109,1105249.1678582386
2014-08-11,True,0.0181342336118788,0.0,0.0181342336118788,1125292.0144675146
2014-08-12,True,-0.0023064577971315,0.0,-0.0023064577971315,1122696.5759266962
2014-08-13,True,0.0324945488805306,0.0,0.0324945488805306,1159178.0946911506
2014-08-14,True,0.0154247930135882,0.0,0.0154247930135882,1177058.1768676473
2014-08-15,True,0.0135977181650808,0.0,0.0135977181650808,1193063.4822205973
2014-08-18,True,0.0241723909719693,0.0,0.0241723909719693,1221902.6791672127
2014-08-19,True,0.0172286680887303,0.0,0.0172286680887303,1242954.434863315
2014-08-20,True,0.0,0.0,0.0,1242954.434863315
2014-08-21,True,0.00568491220664,0.0,0.00568491220664,1250020.5217023666
2014-08-22,True,0.0039217623069995,0.0,0.0039217623069995,1254922.805067355
2014-08-25,True,0.0111453347315944,0.0,0.0111453347315944,1268909.3397921422
2014-08-26,True,0.0034092651464836,0.0,0.0034092651464836,1273235.3881783432
2014-08-27,True,0.000113636881404,0.0,0.000113636881404,1273380.074677149
2014-08-28,True,-0.004076455399974,0.0,-0.004076455399974,1268189.197595512
2014-08-29,True,0.0117108209263483,0.0,0.0117108209263483,1283040.7341892824
2014-09-02,True,0.0083167903632723,0.0,0.0083167903632723,1293711.5150030735
2014-09-03,True,-0.0171650041288479,0.0,-0.0171650041288479,1271504.9515065078
2014-09-04,True,-0.0031751991930675,0.0,-0.0031751991930675,1267467.670010503
2014-09-05,True,0.0154722043901673,0.0,0.0154722043901673,1287078.1888588346
2014-09-08,True,0.0050413044948049,0.0,0.0050413044948049,1293566.7419174942
2014-09-09,True,-0.0243001425344899,0.0,-0.0243001425344899,1262132.8857110234
2014-09-10,True,0.0231916983689304,0.0,0.0231916983689304,1291403.8908979413
2014-09-11,True,-0.0007813839399786,0.0,-0.0007813839399786,1290394.8086375676
2014-09-12,True,-0.0157559842846789,0.0,-0.0157559842846789,1270063.3683116427
2014-09-15,True,-0.0300861754478204,0.0,-0.0300861754478204,1231852.0189827688
2014-09-16,True,0.0270397571005467,0.0,0.0270397571005467,1265160.9983598809
2014-09-17,True,0.0049003246145957,0.0,0.0049003246145957,1271360.6979415703
2014-09-18,True,0.0215492905372318,0.0,0.0215492905372318,1298757.6189991313
2014-09-19,True,-0.0022202085243953,0.0,-0.0022202085243953,1295874.106262306
2014-09-22,True,-0.0271505306293718,0.0,-0.0271505306293718,1260690.4366484215
2014-09-23,True,-0.008692534607156,0.0,-0.008692534607156,1249731.8413989444
2014-09-24,True,0.0324219955979538,0.0,0.0324219955979538,1290250.6416594037
2014-09-25,True,-0.06347812303456,0.0,-0.06347812303456,1208347.9526827282
2014-09-26,True,0.0319813037889937,0.0,0.0319813037889937,1246992.495640283
2014-09-29,True,-0.0033534349638107,0.0,-0.0033534349638107,1242810.7874057936
2014-09-30,True,0.0037127902352591,0.0,0.0037127902352591,1247425.0831615485
2014-10-01,True,-0.0478556877252562,0.0,-0.0478556877252562,1187728.6979211175
2014-10-02,True,-0.0004860318868119,0.0,-0.0004860318868119,1187151.4239010462
2014-10-03,True,0.030122883562573,0.0,0.030122883562573,1222911.8480143603
2014-10-06,True,-0.0068387240848453,0.0,-0.0068387240848453,1214548.6913057016
2014-10-07,True,-0.0422654840102847,0.0,-0.0422654840102847,1163215.2030136082
2014-10-08,True,0.0577662154913563,0.0,0.0577662154913563,1230409.7430937141
2014-10-09,True,-0.0498063530008687,0.0,-0.0498063530008687,1169127.5210934805
2014-10-10,True,-0.0748645053686831,0.0,-0.0748645053686831,1081601.3675139025
2014-10-13,True,-0.0467941039413023,0.0,-0.0467941039413023,1030988.8006994022
2014-10-14,True,0.0018186779357791,0.0,0.0018186779357791,1032863.8372832697
2014-10-15,True,-0.0213594054518798,0.0,-0.0213594054518798,1010802.479806152
2014-10-16,True,-0.015549945874833,0.0,-0.015549945874833,995084.5559550193
2014-10-17,True,0.0391249335753147,0.0,0.0391249335753147,1034017.1731085811
2014-10-20,True,0.0430900212829099,0.0,0.0430900212829099,1078572.9951047243
2014-10-21,True,0.0782086958867283,0.0,0.0782086958867283,1162926.7824705073
2014-10-22,True,-0.0154986680954259,0.0,-0.0154986680954259,1144902.9662497153
2014-10-23,True,0.0457178341821824,0.0,0.0457178341821824,1197245.4502154088
2014-10-24,True,0.0230033491435706,0.0,0.0230033491435706,1224786.105317265
2014-10-27,True,0.0037676419548218,0.0,0.0037676419548218,1229400.660833341
2014-10-28,True,0.044686752054674,0.0,0.044686752054674,1284338.5833398532
2014-10-29,True,-0.0120133769613829,0.0,-0.0120133769613829,1268909.3397921429
2014-10-30,True,0.0062505241467096,0.0,0.0062505241467096,1276840.6882604992
2014-10-31,True,0.041219293885933,0.0,0.041219293885933,1329471.1598354257
2014-11-03,True,0.0103039518943539,0.0,0.0103039518943539,1343169.9667113007
2014-11-04,True,-0.0106280679056097,0.0,-0.0106280679056097,1328894.6650963177
2014-11-05,True,-0.0001082257569743,0.0,-0.0001082257569743,1328750.8444652483
2014-11-06,True,0.0085726553310343,0.0,0.0085726553310343,1340141.7674756697
2014-11-07,True,-0.0024748921688738,0.0,-0.0024748921688738,1336825.0611101636
2014-11-10,True,0.0102472048793917,0.0,0.0102472048793917,1350523.781399265
2014-11-11,True,0.0095026429177529,0.0,0.0095026429177529,1363357.3266458355
2014-11-12,True,0.0054993912252474,0.0,0.0054993912252474,1370854.9619648685
2014-11-13,True,0.0128329995821161,0.0,0.0128329995821161,1388447.1431189054
2014-11-14,True,0.0092425311465447,0.0,0.0092425311465447,1401279.9090845129
2014-11-17,True,-0.009363962739162,0.0,-0.009363962739162,1388158.3762287092
2014-11-18,True,0.0224368264677792,0.0,0.0224368264677792,1419304.2448259469
2014-11-19,True,-0.0126994164973024,0.0,-0.0126994164973024,1401279.9090845129
2014-11-20,True,0.0132743573359415,0.0,0.0132743573359415,1419880.9993253762
2014-11-21,True,0.0072104166032711,0.0,0.0072104166032711,1430118.9328575812
2014-11-24,True,0.0225851594862331,0.0,0.0225851594862331,1462418.3970404512
2014-11-25,True,0.0032540681180188,0.0,0.0032540681180188,1467177.206121465
2014-11-26,True,0.0204421612375584,0.0,0.0204421612375584,1497169.4791330707
2014-11-28,True,0.0149281370648219,0.0,0.0149281370648219,1519519.430326837
2014-12-01,True,-0.0369138144681429,0.0,-0.0369138144681429,1463428.171995014
2014-12-02,True,0.0107396536004056,0.0,0.0107396536004056,1479144.8836313153
2014-12-03,True,0.0090660760376342,0.0,0.0090660760376342,1492554.9236169944
2014-12-04,True,-0.0029947188942733,0.0,-0.0029947188942733,1488085.1411864979
2014-12-05,True,0.0006781078800162,0.0,0.0006781078800162,1489094.2234468714
2014-12-08,True,-0.0215934563380821,0.0,-0.0215934563380821,1456939.5323495811
2014-12-09,True,0.0096989531658435,0.0,0.0096989531658435,1471070.320639306
2014-12-10,True,-0.0484220005827111,0.0,-0.0484220005827111,1399838.1527161004
2014-12-11,True,0.0156572553693408,0.0,0.0156572553693408,1421755.7761489227
2014-12-12,True,-0.0330628889347273,0.0,-0.0330628889347273,1374748.4228298038
2014-12-15,True,-0.0299978875259351,0.0,-0.0299978875259351,1333508.8742652985
2014-12-16,True,-0.0496321044348365,0.0,-0.0496321044348365,1267324.0225529822
2014-12-17,True,0.053703278838834,0.0,0.053703278838834,1335383.4779152977
2014-12-18,True,0.0733180664494599,0.0,0.0733180664494599,1433291.2124846026
2014-12-19,True,0.0111670014954781,0.0,0.0111670014954781,1449296.7775978737
2014-12-22,True,0.0092247709340704,0.0,0.0092247709340704,1462666.2083867004
2014-12-23,True,-0.0095646053364542,0.0,-0.0095646053364542,1448676.3833645137
2014-12-24,True,0.0020903811625421,0.0,0.0020903811625421,1451704.6691869183
2014-12-26,True,0.0202663812618641,0.0,0.0202663812618641,1481125.4694922888
2014-12-29,True,0.0001950229625506,0.0,0.0001950229625506,1481414.3229692585
2014-12-30,True,-0.020638828163914,0.0,-0.020638828163914,1450839.667317935
2014-12-31,True,-0.0313118886334035,0.0,-0.0313118886334035,1405411.1372299518
2015-01-02,True,-0.0082094133875744,0.0,-0.0082094133875744,1393873.5362249298
2015-01-05,True,-0.0450075897645892,0.0,-0.0450075897645892,1331138.647922801
2015-01-06,True,-0.039653327317773,0.0,-0.039653327317773,1278354.5714113805
2015-01-07,True,0.0384698982752134,0.0,0.0384698982752134,1327532.7417332302
2015-01-08,True,0.0570339370690458,0.0,0.0570339370690458,1403247.1605823413
2015-01-09,True,-0.0202461358587947,0.0,-0.0202461358587947,1374836.8279257233
2015-01-12,True,-0.030735591872574,0.0,-0.030735591872574,1332580.4042912142
2015-01-13,True,-0.0008658804693791,0.0,-0.0008658804693791,1331426.5489452612
2015-01-14,True,-0.0153809745324592,0.0,-0.0153809745324592,1310947.911104094
2015-01-15,True,-0.0397139312954536,0.0,-0.0397139312954536,1258885.0158305874
2015-01-16,True,0.0356278998299677,0.0,0.0356278998299677,1303736.445072047
2015-01-20,True,0.0221240721836026,0.0,0.0221240721836026,1332580.4042912147
2015-01-21,True,0.0153677864005563,0.0,0.0153677864005563,1353059.215305929
2015-01-22,True,0.0556384304815107,0.0,0.0556384304815107,1428341.3063940955
2015-01-23,True,0.0066641335377617,0.0,0.0066641335377617,1437859.9635974066
2015-01-26,True,-0.0022066120679272,0.0,-0.0022066120679272,1434687.1644497432
2015-01-27,True,-0.0774025811623226,0.0,-0.0774025811623226,1323638.6747608797
2015-01-28,True,-0.0172146039804417,0.0,-0.0172146039804417,1300852.7591616744
2015-01-29,True,0.0289356362475288,0.0,0.0289356362475288,1338493.7614123707
2015-01-30,True,-0.0229502919737729,0.0,-0.0229502919737729,1307774.9387828833
2015-02-02,True,0.0262460014589867,0.0,0.0262460014589867,1342098.801734205
2015-02-03,True,0.0272944386480451,0.0,0.0272944386480451,1378730.6351377543
2015-02-04,True,-0.0026154440065693,0.0,-0.0026154440065693,1375124.6423614097
2015-02-05,True,0.0265342682849809,0.0,0.0265342682849809,1411612.568547116
2015-02-06,True,-0.0181857594854794,0.0,-0.0181857594854794,1385941.3218888382
2015-02-09,True,-0.0110299726621612,0.0,-0.0110299726621612,1370654.4269970448
2015-02-10,True,0.0478745326230796,0.0,0.0478745326230796,1436273.8670772833
2015-02-11,True,0.0112460559588736,0.0,0.0112460559588736,1452426.2833587022
2015-02-12,True,0.0349513551383706,0.0,0.0349513551383706,1503190.5502006758
2015-02-13,True,0.0252328992639041,0.0,0.0252328992639041,1541120.4059283424
2015-02-17,True,0.002714151241173,0.0,0.002714151241173,1545303.23979089
2015-02-18,True,0.0042929646951057,0.0,0.0042929646951057,1551937.1720425447
2015-02-19,True,0.0150543225677588,0.0,0.0150543225677588,1575300.5348353686
2015-02-20,True,0.0192254122338115,0.0,0.0192254122338115,1605586.3370097224
2015-02-23,True,0.0039523078408183,0.0,0.0039523078408183,1611932.1084785967
2015-02-24,True,0.0020574356622968,0.0,0.0020574356622968,1615248.5550837822
2015-02-25,True,-0.008035624304464,0.0,-0.008035624304464,1602269.0245368006
2015-02-26,True,0.0152117469336838,0.0,0.0152117469336838,1626642.3354577348
2015-02-27,True,-0.0132103938898348,0.0,-0.0132103938898348,1605153.7494884573
2015-03-02,True,0.0269541194472311,0.0,0.0269541194472311,1648419.2553833402
2015-03-03,True,-0.0143478974325357,0.0,-0.0143478974325357,1624767.9049812832
2015-03-04,True,-0.0110952420033019,0.0,-0.0110952420033019,1606740.711876318
2015-03-05,True,0.0043979383525551,0.0,0.0043979383525551,1613807.058475691
2015-03-06,True,-0.034405778464164,0.0,-0.034405778464164,1558282.770337872
2015-03-09,True,0.0096248350260068,0.0,0.0096248350260068,1573280.984926243
2015-03-10,True,-0.0553670029133749,0.0,-0.0553670029133749,1486173.1320502742
2015-03-11,True,-0.0175638811850915,0.0,-0.0175638811850915,1460070.163738468
2015-03-12,True,0.0191621554753302,0.0,0.0191621554753302,1488048.2552209154
2015-03-13,True,-0.0128900715306916,0.0,-0.0128900715306916,1468867.2067699973
2015-03-16,True,0.038291555122327,0.0,0.038291555122327,1525112.4163854092
2015-03-17,True,0.005579070095939,0.0,0.005579070095939,1533621.1254606105
2015-03-18,True,0.0287758167420921,0.0,0.0287758167420921,1577752.325918666
2015-03-19,True,0.0048444617913476,0.0,0.0048444617913476,1585395.686777789
2015-03-20,True,0.0207402484753336,0.0,0.0207402484753336,1618277.1872532826
2015-03-23,True,-0.008376825300923,0.0,-0.008376825300923,1604721.1619671928
2015-03-24,True,-0.0101555606083775,0.0,-0.0101555606083775,1588424.318947289
2015-03-25,True,-0.0697271239218519,0.0,-0.0697271239218519,1477668.059619568
2015-03-26,True,-0.0081992304116994,0.0,-0.0081992304116994,1465552.3187267384
2015-03-27,True,0.0096446719101737,0.0,0.0096446719101737,1479687.090008052
2015-03-30,True,0.0359686129130756,0.0,0.0359686129130756,1532909.382181027
2015-03-31,True,-0.0309560648667602,0.0,-0.0309560648667602,1485456.5399113658
2015-04-01,True,-0.0168947949538398,0.0,-0.0168947949538398,1460360.056256723
2015-04-02,True,0.0016791320879296,0.0,0.0016791320879296,1462812.1936871144
2015-04-06,True,0.0240579948971764,0.0,0.0240579948971764,1498004.5219783664
2015-04-07,True,-0.0046214539412932,0.0,-0.0046214539412932,1491081.5630761944
2015-04-08,True,0.0237956008892108,0.0,0.0237956008892108,1526562.7448444164
2015-04-09,True,0.0186131507339748,0.0,0.0186131507339748,1554976.8873190759
2015-04-10,True,0.0119658574645813,0.0,0.0119658574645813,1573583.5191134543
2015-04-13,True,-0.0074248826009495,0.0,-0.0074248826009495,1561899.8462212477
2015-04-14,True,-0.0085878299530727,0.0,-0.0085878299530727,1548486.5159381693
2015-04-15,True,0.0176972940293245,0.0,0.0176972940293245,1575890.5371111713
2015-04-16,True,-0.0034779971351852,0.0,-0.0034779971351852,1570409.5943377332
2015-04-17,True,-0.0467486324787738,0.0,-0.0467486324787738,1496995.0933708984
2015-04-20,True,0.0447052968721424,0.0,0.0447052968721424,1563918.703436185
2015-04-21,True,0.0128196056819378,0.0,0.0128196056819378,1583967.5245328443
2015-04-22,True,0.0162082393377462,0.0,0.0162082393377462,1609640.84927369
2015-04-23,True,0.0120073700171641,0.0,0.0120073700171641,1628968.4025456614
2015-04-24,True,0.0391352168262042,0.0,0.0391352168262042,1692718.4341823214
2015-04-27,True,-0.0063900721598036,0.0,-0.0063900721598036,1681901.8412416668
2015-04-28,True,-0.0065172447983897,0.0,-0.0065172447983897,1670940.4752154325
2015-04-29,True,-0.0190767147797435,0.0,-0.0190767147797435,1639064.4203558187
2015-04-30,True,-0.0469904169800184,0.0,-0.0469904169800184,1562044.0997861868
2015-05-01,True,0.0404431964672706,0.0,0.0404431964672706,1625218.1562043803
2015-05-04,True,0.0035497410204252,0.0,0.0035497410204252,1630987.2597605991
2015-05-05,True,-0.047399913189578,0.0,-0.047399913189578,1553678.6052346388
2015-05-06,True,-0.0213516773276625,0.0,-0.0213516773276625,1520504.960984776
2015-05-07,True,0.0171691245727052,0.0,0.0171691245727052,1546610.70007334
2015-05-08,True,0.0366502604919254,0.0,0.0366502604919254,1603294.385110627
2015-05-11,True,-0.0109747891353821,0.0,-0.0109747891353821,1585698.5673120958
2015-05-12,True,-0.012916440875765,0.0,-0.012916440875765,1565216.9855206236
2015-05-13,True,0.005160409495897,0.0,0.005160409495897,1573294.1461158437
2015-05-14,True,0.0442793408791917,0.0,0.0442793408791917,1642958.573914944
2015-05-15,True,-8.737948298120912e-05,0.0,-8.737948298120912e-05,1642815.013044196
2015-05-18,True,0.0122910140742804,0.0,0.0122910140742804,1663006.8754909614
2015-05-19,True,-0.0028620897597583,0.0,-0.0028620897597583,1658247.200542211
2015-05-20,True,0.0016527358281506,0.0,0.0016527358281506,1660987.8451024776
2015-05-21,True,0.0157174128996366,0.0,0.0157174128996366,1687094.276885231
2015-05-22,True,-0.0027359275614575,0.0,-0.0027359275614575,1682478.5091543235
2015-05-26,True,-0.0346335050269346,0.0,-0.0346335050269346,1624208.3812498178
2015-05-27,True,0.048130632016214,0.0,0.048130632016214,1702382.5571654036
2015-05-28,True,-0.0073710391129647,0.0,-0.0073710391129647,1689834.2287513085
2015-05-29,True,-0.016899809480163,0.0,-0.016899809480163,1661276.3522323533
2015-06-01,True,0.0087689836372486,0.0,0.0087689836372486,1675844.057382027
2015-06-02,True,-0.0091232511047557,0.0,-0.0091232511047557,1660554.9112341183
2015-06-03,True,0.0087728976769545,0.0,0.0087728976769545,1675122.7895573394
2015-06-04,True,-0.0217841522566684,0.0,-0.0217841522566684,1638631.6596610073
2015-06-05,True,-0.007569564782258,0.0,-0.007569564782258,1626227.9311589443
2015-06-08,True,-0.0305988632845906,0.0,-0.0305988632845906,1576467.2050238291
2015-06-09,True,-0.0049405743681341,0.0,-0.0049405743681341,1568678.5515584843
2015-06-10,True,0.0396287696561619,0.0,0.0396287696561619,1630843.3525427573
2015-06-11,True,0.0054834708501598,0.0,0.0054834708501598,1639786.0345276024
2015-06-12,True,-0.0254204415593439,0.0,-0.0254204415593439,1598101.9494670653
2015-06-15,True,-0.0138084632034022,0.0,-0.0138084632034022,1576034.6175025639
2015-06-16,True,0.0152833286652953,0.0,0.0152833286652953,1600121.6725497385
2015-06-17,True,0.0083826939620814,0.0,0.0083826939620814,1613535.0028328171
2015-06-18,True,0.0422817628652489,0.0,0.0422817628652489,1681758.1071973732
2015-06-19,True,-0.0152661772969363,0.0,-0.0152661772969363,1656084.0897623382
2015-06-22,True,0.0241245899493127,0.0,0.0241245899493127,1696036.4393494355
2015-06-23,True,0.0024662405627038,0.0,0.0024662405627038,1700219.2732119828
2015-06-24,True,-0.0153545403507513,0.0,-0.0153545403507513,1674113.1877763243
2015-06-25,True,-0.0065476691061383,0.0,-0.0065476691061383,1663151.6485765425
2015-06-26,True,-0.0185589088833053,0.0,-0.0185589088833053,1632285.3686714915
2015-06-29,True,-0.0706897722402107,0.0,-0.0706897722402107,1516899.4877290756
2015-06-30,True,0.0114100046372944,0.0,0.0114100046372944,1534207.317918374
2015-07-01,True,0.0204943628565621,0.0,0.0204943628565621,1565649.919388986
2015-07-02,True,0.0037771556687198,0.0,0.0037771556687198,1571563.6228572368
2015-07-06,True,-0.0084438934360792,0.0,-0.0084438934360792,1558293.5070978117
2015-07-07,True,0.0050909878923592,0.0,0.0050909878923592,1566226.7604751887
2015-07-08,True,-0.0500970726077011,0.0,-0.0500970726077011,1487763.3847355386
2015-07-09,True,-0.0029078693588882,0.0,-0.0029078693588882,1483437.1631757903
2015-07-10,True,0.0464755151299505,0.0,0.0464755151299505,1552380.6694972978
2015-07-13,True,0.0511006652383352,0.0,0.0511006652383352,1631708.3544117417
2015-07-14,True,0.0200656139399055,0.0,0.0200656139399055,1664449.5843138865
2015-07-15,True,0.0047659802564732,0.0,0.0047659802564732,1672382.3181706213
2015-07-16,True,0.039068733974495,0.0,0.039068733974495,1737720.1780628785
2015-07-17,True,0.0457338483933373,0.0,0.0457338483933373,1817192.8092364497
2015-07-20,True,0.0111911417739667,0.0,0.0111911417739667,1837529.2715952476
2015-07-21,True,-0.0027473604530883,0.0,-0.0027473604530883,1832480.9163430745
2015-07-22,True,-0.0328219502237813,0.0,-0.0328219502237813,1772335.318920833
2015-07-23,True,-0.0119625429651981,0.0,-0.0119625429651981,1751133.6815195046
2015-07-24,True,-0.0284160942783318,0.0,-0.0284160942783318,1701373.301731484
2015-07-27,True,-0.0256866590558951,0.0,-0.0256866590558951,1657670.7058031047
2015-07-28,True,0.0263638585005978,0.0,0.0263638585005978,1701373.301731484
2015-07-29,True,0.0111901954589426,0.0,0.0111901954589426,1720412.0015264857
2015-07-30,True,0.0139164971918379,0.0,0.0139164971918379,1744354.1103145333
2015-07-31,True,-0.0030590099124707,0.0,-0.0030590099124707,1739018.1138002223
2015-08-03,True,-0.0092061843124922,0.0,-0.0092061843124922,1723008.392521815
2015-08-04,True,-0.0064458840325821,0.0,-0.0064458840325821,1711902.0802364536
2015-08-05,True,0.0234222527181557,0.0,0.0234222527181557,1751998.6833884881
2015-08-06,True,-0.0479950056395115,0.0,-0.0479950056395115,1667911.496698841
2015-08-07,True,-0.003978115433354,0.0,-0.003978115433354,1661276.3522323547
2015-08-10,True,0.0337733357100342,0.0,0.0337733357100342,1717383.196183439
2015-08-11,True,-0.0381287030652642,0.0,-0.0381287030652642,1651901.6022468866
2015-08-12,True,0.0088183293942392,0.0,0.0088183293942392,1666468.614702371
2015-08-13,True,-0.0045003108661406,0.0,-0.0045003108661406,1658968.9878875439
2015-08-14,True,0.0053904014340164,0.0,0.0053904014340164,1667911.4966988417
2015-08-17,True,0.0245586202278058,0.0,0.0245586202278058,1708873.1017198598
2015-08-18,True,-0.0159518969434473,0.0,-0.0159518969434473,1681613.3341117953
2015-08-19,True,-0.0187838671006543,0.0,-0.0187838671006543,1650026.1327291513
2015-08-20,True,-0.082342717616666,0.0,-0.082342717616666,1514158.4968217153
2015-08-21,True,-0.1244045638004527,0.0,-0.1244045638004527,1325790.2694998607
2015-08-24,True,-0.1184725139835922,0.0,-0.1184725139835922,1168720.563257228
2015-08-25,False,-0.006699048288182737,0.0005009556909878694,-0.0072000039791706065,1160305.7705512375
2015-08-26,False,-0.0019482574130888386,2.2106832154773633e-06,-0.001950468096304316,1158042.6311638195
2015-08-27,False,-0.006627564505715809,2.3174315091954582e-06,-0.006629881937225005,1150364.9452409297
2015-08-28,False,-0.0001631430180575449,1.5280950829045515e-06,-0.00016467111314044942,1150175.5133648792
2015-08-31,False,-0.00444909865945838,1.6156718401751784e-06,-0.004450714331298555,1145056.4107240376
2015-09-01,False,0.0079037834510591,1.6017098569626187e-06,0.007902181741202139,1154104.8545855074
2015-09-02,False,-0.0014582327874924936,6.431160752712606e-07,-0.0014588759035677648,1152421.158822962
2015-09-03,False,-0.002447197776578473,7.909120210487646e-07,-0.0024479886885995215,1149600.0448616608
2015-09-04,False,0.002932632556352635,1.3688801514433468e-06,0.0029312636762011918,1152969.825715323
2015-09-08,False,-0.0037428233806110645,8.610856614445217e-07,-0.003743684466272509,1148653.4704887115
2015-09-09,False,-0.0019978875398346343,1.8253025104939258e-06,-0.0019997128423451284,1146356.493392371
2015-09-10,False,-0.0031373302539808388,1.1507218187122859e-06,-0.003138480975799551,1142758.675346375
2015-09-11,False,0.0004275513846361855,4.1574709679713387e-07,0.0004271356375393884,1143246.7883017228
2015-09-14,False,0.0003699003663088127,1.1660692810604168e-07,0.00036978375938070664,1143669.5423970008
2015-09-15,False,-0.004354097991807274,2.2455867929493946e-07,-0.0043543225504865685,1138689.6363182368
2015-09-16,False,0.0008387922440150393,2.077527002072158e-06,0.0008367147170129671,1139642.3946950545
2015-09-17,False,0.0056800839047349986,9.81107875735382e-07,0.005679102796859264,1146114.5410061865
2015-09-18,False,0.011055673080122294,1.9969765665775465e-06,0.011053676103555716,1158783.3199200444
2015-09-21,False,-0.005085921741127338,2.6881641187295745e-07,-0.005086190557539211,1152889.5271400332
2015-09-22,False,0.0035906039677353493,1.8897805518298811e-06,0.0035887141871835193,1157026.918142336
2015-09-23,False,0.0026692877374090225,5.885399602183761e-07,0.0026686991974488043,1160114.674950209
2015-09-24,False,0.007186526121206384,2.281807179757539e-06,0.007184244314026626,1168449.222207339
2015-09-25,False,-0.006621729981257603,8.973201481850962e-07,-0.006622627301405788,1160711.0184880423
2015-09-28,False,0.0008398055178812537,2.2477836470837648e-06,0.0008375577342341699,1161683.1809787878
2015-09-29,False,-0.00044330563090512633,6.027569413573214e-07,-0.00044390838784648363,1161167.500070731
2015-09-30,False,-0.004280249408307273,1.0197090876003928e-06,-0.004281269117394874,1156196.2295125555
2015-10-01,False,0.0008169904279085697,3.3864162145427756e-07,0.0008166517862871153,1157140.439228685
2015-10-02,False,0.006890308121525181,2.3644692667880025e-06,0.006887943652258393,1165110.757371842
2015-10-05,False,-0.005950874053604486,1.077935650359102e-06,-0.005951951989254845,1158176.0740818004
2015-10-06,False,-0.0029940640639716056,2.8211025511071243e-06,-0.0029968851665227126,1154705.153385163
2015-10-07,False,-0.0013894318965425839,6.83335942992941e-08,-0.0013895002301368832,1153100.6903087944
2015-10-08,False,-0.004730615532304581,6.46990359368882e-07,-0.00473126252266395,1147645.0682278785
2015-10-09,False,0.0017511471272709817,2.3459059755944757e-06,0.0017488012212953873,1149652.071324809
2015-10-12,False,0.006084883143788847,9.268795224526839e-07,0.006083956264266395,1156646.5042458724
2015-10-13,False,0.004285936115117739,5.67453037008614e-07,0.00428536866208073,1161603.1609282729
2015-10-14,False,0.00597528827427619,1.8981893158927094e-06,0.005973390084960297,1168541.8697324204
2015-10-15,False,-0.0024423241917390266,3.7964792192722586e-07,-0.0024427038396609537,1165687.4680204205
2015-10-16,False,-0.0023224136651052774,7.916947659268592e-07,-0.0023232053598712045,1162979.3366467808
2015-10-19,False,0.002867279966727046,1.6473964586822543e-06,0.0028656325702683637,1166312.008112425
2015-10-20,False,-0.0012397283487515156,1.2645581042504268e-06,-0.001240992906855766,1164864.6231831766
2015-10-21,False,0.0008850934270234872,1.624536515042921e-06,0.0008834688905084443,1165893.7448394129
2015-10-22,False,0.0019095371326101054,5.506922439432183e-07,0.0019089864403661623,1168119.420189219
2015-10-23,False,0.0009619687563277019,1.1802032219863784e-06,0.0009607885531057155,1169241.7359567974
2015-10-26,False,0.0012002478392110858,3.5952717175379013e-07,0.001199888312039332,1170644.6954497206
2015-10-27,False,0.004719864705898628,9.057475431555051e-07,0.004718958958355472,1176168.9197223643
2015-10-28,False,-0.006430513568726402,3.518837529976199e-07,-0.0064308654524793995,1168605.1356502417
2015-10-29,False,-0.006826503551561024,5.61413346238257e-07,-0.006827064964907262,1160626.992470833
2015-10-30,False,-0.0035346685383019394,9.71529337725846e-07,-0.003535640067639665,1156523.4331726693
2015-11-02,False,-0.002501242036674937,6.869251722293051e-07,-0.002501928961847166,1153629.8937001596
2015-11-03,False,-0.00961211463642666,1.3230704819589961e-06,-0.00961343770690862,1142539.5445802456
2015-11-04,False,0.000511966227408712,2.0352969587928842e-06,0.0005099309304499191,1143122.1608332891
2015-11-05,True,-0.0088026265965479,0.0005,-0.009302626596547901,1132488.1222168182
2015-11-06,True,0.0033098831978133,0.0,0.0033098831978133,1136236.5256242668
2015-11-09,True,-0.0321879179561321,0.0,-0.0321879179561321,1099663.4375587122
2015-11-10,True,-0.0070674380035593,0.0,-0.0070674380035593,1091891.6343889853
2015-11-11,True,-0.0044381452668899,0.0,-0.0044381452668899,1087045.660699865
2015-11-12,True,-0.0290185070301548,0.0,-0.0290185070301548,1055501.2185527466
2015-11-13,True,-0.0588182740246686,0.0,-0.0588182740246686,993418.4586465396
2015-11-16,True,0.0416938005642228,0.0,0.0416938005642228,1034837.8497381661
2015-11-17,True,0.0034455846392271,0.0,0.0034455846392271,1038403.4711373149
2015-11-18,True,0.0573214799772958,0.0,0.0573214799772958,1097926.294916467
2015-11-19,True,0.0014990136726005,0.0,0.0014990136726005,1099572.1014440544
2015-11-20,True,0.0198735353154153,0.0,0.0198735353154153,1121424.4864339482
2015-11-23,True,-0.0080718193790427,0.0,-0.0080718193790427,1112372.5505322176
2015-11-24,True,-0.0031233108753254,0.0,-0.0031233108753254,1108898.265247727
2015-11-25,True,0.0022262725704864,0.0,0.0022262725704864,1111366.9750391082
2015-11-27,True,0.003619732237605,0.0,0.003619732237605,1115389.8259064667
2015-11-30,True,-0.0063116109902816,0.0,-0.0063116109902816,1108349.9192228273
2015-12-01,True,0.0296978247446513,0.0,0.0296978247446513,1141265.5008796554
2015-12-02,True,-0.0181864633120973,0.0,-0.0181864633120973,1120509.917718545
2015-12-03,True,-0.0509994060916461,0.0,-0.0509994060916461,1063364.5773951
2015-12-04,True,0.0687015926328973,0.0,0.0687015926328973,1136419.417411551
2015-12-07,True,-0.012229656724355,0.0,-0.012229656724355,1122521.3980417163
2015-12-08,True,8.175811236554864e-05,0.0,8.175811236554864e-05,1122613.1732723103
2015-12-09,True,-0.0465873619136718,0.0,-0.0465873619136718,1070313.5870800174
2015-12-10,True,0.0141804174133126,0.0,0.0141804174133126,1085491.080507952
2015-12-11,True,-0.0685644411470587,0.0,-0.0685644411470587,1011064.9912028074
2015-12-14,True,0.022427023655253,0.0,0.022427023655253,1033740.169677511
2015-12-15,True,0.0169825322586023,0.0,0.0169825322586023,1051295.6954560722
2015-12-16,True,0.0441811835774645,0.0,0.0441811835774645,1097743.1835712153
2015-12-17,True,-0.0416458699494728,0.0,-0.0416458699494728,1052026.713710288
2015-12-18,True,-0.0549273337928907,0.0,-0.0549273337928907,994241.6912472852
2015-12-21,True,0.0297032337620151,0.0,0.0297032337620151,1023773.8846183446
2015-12-22,True,0.0189337655977686,0.0,0.0189337655977686,1043157.7793748254
2015-12-23,True,0.0228767741015507,0.0,0.0228767741015507,1067021.8642458585
2015-12-24,True,-0.0020564361471843,0.0,-0.0020564361471843,1064827.6019143872
2015-12-28,True,-0.0002575326761335,0.0,-0.0002575326761335,1064553.3740124453
2015-12-29,True,0.0456066786824542,0.0,0.0456066786824542,1113104.1176813536
2015-12-30,True,-0.0255464248191306,0.0,-0.0255464248191306,1084668.287023142
2015-12-31,True,-0.0370897223240223,0.0,-0.0370897223240223,1044438.2414437807
2016-01-04,True,-0.0611049453495367,0.0,-0.0611049453495367,980617.8997793923
2016-01-05,True,-0.0089513130249279,0.0,-0.0089513130249279,971840.0820006195
2016-01-06,True,-0.026813297687699,0.0,-0.026813297687699,945781.8445770991
2016-01-07,True,-0.0951275558083866,0.0,-0.0951275558083866,855811.9293745323
2016-01-08,True,-0.0236113241895735,0.0,-0.0236113241895735,835605.0764647658
2016-01-11,False,0.0008087927459368213,0.0005020435484018871,0.0003067491975349342,835861.3976514277
2016-01-12,False,0.002177676167041301,1.2036810318168389e-06,0.002176472486009484,837680.6269855333
2016-01-13,False,0.004703280699730906,3.4295751682172915e-07,0.004702937742214084,841620.1868221051
2016-01-14,False,-0.004416618305096163,1.978269168579655e-06,-0.004418596574264743,837901.406747781
2016-01-15,False,0.010653742612117956,1.3829756975267393e-06,0.010652359636420429,846827.0338723209
2016-01-19,False,-0.0014518784667796804,1.7827909511598793e-07,-0.0014520567458747964,845597.3929651976
2016-01-20,False,0.007908304122930638,9.02801198829295e-07,0.007907401321731808,852283.8709079834
2016-01-21,False,-0.004241508278844526,1.464292763404554e-06,-0.0042429725716079305,848667.6538204971
2016-01-22,False,-0.00778775153502267,1.5423864667368226e-06,-0.007789293921489407,842057.1320232284
2016-01-25,False,0.004002359430623169,1.0430540384503835e-06,0.004001316376584719,845426.4690156128
2016-01-26,False,0.003573520914372058,1.3008440614392657e-06,0.0035722200703106185,848446.5184162022
2016-01-27,False,-0.0009495209444578227,1.0844428771486087e-06,-0.0009506053873349714,847639.98058493
2016-01-28,False,-0.005115380285233843,1.0031403806299021e-06,-0.005116383425614473,843303.1294373771
2016-01-29,False,0.0013123128826034074,1.0173836880468662e-06,0.0013112954989153605,844408.9490352296
2016-02-01,False,0.004225922192029711,1.005636120164896e-06,0.004224916555909545,847976.5063839668
2016-02-02,False,0.00922392228777002,2.2667710982505333e-06,0.00922165551667177,855796.2536120706
2016-02-03,False,-0.0035593893933743245,2.9857291404047914e-06,-0.0035623751225147293,852747.5863282616
2016-02-04,False,0.003298443577320502,1.4591759059396637e-06,0.0032969844014145624,855559.0818187299
2016-02-05,False,0.01025902597096872,1.6924745217542503e-06,0.010257333496446966,864334.8366468585
2016-02-08,False,0.010852973181438158,1.0762865717889592e-06,0.010851896894866368,873714.5091767913
2016-02-09,False,0.003451247486080002,1.5112430784446351e-06,0.0034497362430015574,876728.5937851346
2016-02-10,False,0.0029066636341662975,8.04520693807445e-07,0.00290585911347249,879276.2435594271
2016-02-11,False,0.01763959934667497,3.6930395711836652e-06,0.017635906307103787,894783.0770089034
2016-02-12,False,-0.012646855025619625,2.5528091698762273e-06,-0.012649407834789501,883464.60094415
2016-02-16,False,-0.007646014885884045,3.809999890394475e-06,-0.00764982488577444,876706.2514541466
2016-02-17,False,-0.0044459434442403155,2.3795889438247427e-06,-0.00444832303318414,872806.3788424666
2016-02-18,False,0.013196099000480722,1.8320074851917445e-06,0.013194266992995531,884322.4192381039
2016-02-19,False,0.0010952276586722067,1.5074776922912175e-06,0.0010937201809799154,885289.6205145177
2016-02-22,False,-0.008663161386365702,1.5319387498104603e-06,-0.008664693325115514,877618.8574488515
2016-02-23,False,0.008046121663858303,1.1463694383629098e-06,0.008044975294419941,884679.2794749445
2016-02-24,False,0.0009190240163427189,4.009728351155456e-07,0.0009186230435076034,885491.9662471839
2016-02-25,False,-6.523177551721159e-05,8.92519591384755e-07,-6.612429510859635e-05,885433.4137150915
2016-02-26,False,-0.0034773668100842093,7.053472193575411e-07,-0.003478072157303567,882353.8124117028
2016-02-29,False,0.005072412801806059,1.3253135937801863e-06,0.005071087488212279,886828.3057900002
2016-03-01,False,-0.00784328631166382,5.336377550892584e-07,-0.007843819949418908,879872.1842333352
2016-03-02,False,-0.0008426569483765689,1.4294734936148162e-06,-0.0008440864218701837,879129.4960696426
2016-03-03,False,0.004670928286143302,2.0906410087360577e-06,0.004668837645134566,883234.0089558407
2016-03-04,False,-0.007326217682827361,1.7585136399197177e-06,-0.007327976196467281,876761.691162302
2016-03-07,False,-0.003087718558901864,1.5735723219787029e-06,-0.003089292131223843,874053.1181688358
2016-03-08,False,0.00513575978575958,1.7467358864514115e-06,0.005134013049873129,878540.518283797
2016-03-09,False,-0.010979374136806774,1.863902122624203e-06,-0.010981238038929399,868893.0557256782
2016-03-10,False,0.002714909689319376,2.2175248604117126e-06,0.0027126921644589643,871250.095109698
2016-03-11,False,-0.011002964571838384,1.4131634551040885e-06,-0.011004377735293489,861662.5299612004
2016-03-14,False,-0.0014040114310441406,1.9181494632584533e-06,-0.001405929580507399,860451.0931219131
2016-03-15,False,0.0016465237144770812,5.663135988168838e-07,0.0016459574008782644,861867.3589667309
2016-03-16,False,0.006066532721850009,2.6885461174362136e-06,0.006063844175732573,867093.5883316552
2016-03-17,False,-0.0035345100562339895,7.368629051067028e-07,-0.003535246919139096,864028.1983949005
2016-03-18,False,0.001964716524082323,8.209343427179466e-07,0.001963895589739605,865725.059563139
2016-03-21,True,0.0118902706547079,0.0005,0.0113902706547079,875585.9023041263
2016-03-22,True,0.0089139067684795,0.0,0.0089139067684795,883390.7934050603
2016-03-23,True,-0.0237951284554801,0.0,-0.0237951284554801,862370.3959995983
2016-03-24,True,-0.0003085905991868,0.0,-0.0003085905991868,862104.276602376
2016-03-28,True,-0.0036009026621715,0.0,-0.0036009026621715,858999.923017689
2016-03-29,True,0.0478061776188618,0.0,0.0478061776188618,900065.4259120614
2016-03-30,True,0.0149779628314152,0.0,0.0149779628314152,913546.5724072143
2016-03-31,True,-0.005825372414564,0.0,-0.005825372414564,908224.8234048937
2016-04-01,True,0.03330095248927,0.0,0.03330095248927,938469.5750986758
2016-04-04,True,-0.0123805150260662,0.0,-0.0123805150260662,926850.8384226607
2016-04-05,True,-0.0268897525659745,0.0,-0.0268897525659745,901928.0487119093
2016-04-06,True,0.0478904785659257,0.0,0.0478904785659257,945121.8145967544
2016-04-07,True,-0.0431681045143048,0.0,-0.0431681045143048,904322.6973254923
2016-04-08,True,-0.0023539630304159,0.0,-0.0023539630304159,902193.9551284221
2016-04-11,True,-0.0107159145956267,0.0,-0.0107159145956267,892526.1217565752
2016-04-12,True,0.0233530987965331,0.0,0.0233530987965331,913369.3724564431
2016-04-13,True,0.039037007630277,0.0,0.039037007630277,949024.5796182867
2016-04-14,True,0.0006538495546821,0.0,0.0006538495546821,949645.0989170526
2016-04-15,True,-0.007658284463093,0.0,-0.007658284463093,942372.4466105637
2016-04-18,True,0.0147763077796845,0.0,0.0147763077796845,956297.2319247758
2016-04-19,True,-0.0172510865655619,0.0,-0.0172510865655619,939800.0655944342
2016-04-20,True,0.0024538784502992,0.0,0.0024538784502992,942106.2207229862
2016-04-21,True,0.0002825858504291,0.0,0.0002825858504291,942372.4466105638
2016-04-22,True,-0.0452709114062256,0.0,-0.0452709114062256,899710.3870683889
2016-04-25,True,-0.0007884006509838,0.0,-0.0007884006509838,899001.0548135272
2016-04-26,True,-0.0137136080891826,0.0,-0.0137136080891826,886672.5066760527
2016-04-27,True,-0.0240074919074368,0.0,-0.0240074919074368,865385.7236474806
2016-04-28,True,-0.0354614179288096,0.0,-0.0354614179288096,834697.918831592
2016-04-29,True,-0.0159388276641887,0.0,-0.0159388276641887,821393.8125516783
2016-05-02,True,0.0264550923069213,0.0,0.0264550923069213,843123.8616830669
2016-05-03,True,-0.0266149517017828,0.0,-0.0266149517017828,820684.1608257515
2016-05-04,True,-0.0197774585009509,0.0,-0.0197774585009509,804453.1138926324
2016-05-05,True,-0.0005506845200529,0.0,-0.0005506845200529,804010.1140157034
2016-05-06,True,0.0144505858849472,0.0,0.0144505858849472,815628.5312206537
2016-05-09,True,0.0088082565001268,0.0,0.0088082565001268,822812.7965324669
2016-05-10,True,0.0419317370943119,0.0,0.0419317370943119,857314.7663945019
2016-05-11,True,-0.0273122001710921,0.0,-0.0273122001710921,833899.6138851022
2016-05-12,True,-0.0140395191905248,0.0,-0.0140395191905248,822192.064252991
2016-05-13,True,-0.0120818242898658,0.0,-0.0120818242898658,812258.4842001643
2016-05-16,True,0.0385451071913047,0.0,0.0385451071913047,843567.0745407064
2016-05-17,True,-0.038376211176243,0.0,-0.038376211176243,811194.1663468067
2016-05-18,True,0.0113708020959268,0.0,0.0113708020959268,820418.0946737066
2016-05-19,True,-0.0157834980972602,0.0,-0.0157834980972602,807469.0272374663
2016-05-20,True,0.0333917766905893,0.0,0.0333917766905893,834431.8526795472
2016-05-23,True,-0.0048891934473921,0.0,-0.0048891934473921,830352.153933131
2016-05-24,True,0.0612046389584273,0.0,0.0612046389584273,881173.5577229608
2016-05-25,True,0.0215399883463764,0.0,0.0215399883463764,900154.0258874485
2016-05-26,True,0.0083747431064025,0.0,0.0083747431064025,907692.5846104498
2016-05-27,True,0.0150483821182496,0.0,0.0150483821182496,921351.8894695697
2016-05-31,True,0.0059683482673031,0.0,0.0059683482673031,926850.8384226619
2016-06-01,True,0.000383059311116,0.0,0.000383059311116,927205.8772663354
2016-06-02,True,0.0056435395782241,0.0,0.0056435395782241,932438.60033185
2016-06-03,True,-0.0136977884522592,0.0,-0.0136977884522592,919666.2536397837
2016-06-06,True,0.0107054697778383,0.0,0.0107054697778383,929511.7129238222
2016-06-07,True,-0.007061155282634,0.0,-0.007061155282634,922948.28638184
2016-06-08,True,0.0044204627086341,0.0,0.0044204627086341,927028.1448637887
2016-06-09,True,-0.0044010082159352,0.0,-0.0044010082159352,922948.2863818399
2016-06-10,True,-0.0336344921625398,0.0,-0.0336344921625398,891905.3894771003
2016-06-13,True,-0.0256563910482735,0.0,-0.0256563910482735,869022.3160266131
2016-06-14,True,0.000510748448669,0.0,0.000510748448669,869466.1678263826
2016-06-15,True,-0.0089771984193987,0.0,-0.0089771984193987,861660.7975188508
2016-06-16,True,0.0072056355326912,0.0,0.0072056355326912,867869.6111785797
2016-06-17,True,-0.0342363325690356,0.0,-0.0342363325690356,838156.9385437103
2016-06-20,True,0.017989688632479,0.0,0.017989688632479,853235.1208932635
2016-06-21,True,0.009979065996216,0.0,0.009979065996216,861749.6104749467
2016-06-22,True,-0.0064840823261335,0.0,-0.0064840823261335,856161.9550561135
2016-06-23,True,0.0421627632253633,0.0,0.0421627632253633,892260.1088497087
2016-06-24,True,-0.1224649078124425,0.0,-0.1224649078124425,782989.5568747092
2016-06-27,True,-0.058224140162217,0.0,-0.058224140162217,737400.663169684
2016-06-28,True,0.0626654884478863,0.0,0.0626654884478863,783610.2359090075
2016-06-29,True,0.0519524403652968,0.0,0.0519524403652968,824320.6999597065
2016-06-30,True,0.0363676164541875,0.0,0.0363676164541875,854299.2790110885
2016-07-01,True,0.0137045835641478,0.0,0.0137045835641478,866007.0948690872
2016-07-05,True,-0.0177185095628723,0.0,-0.0177185095628723,850662.7398771341
2016-07-06,True,0.0235636661076314,0.0,0.0235636661076314,870707.4726498019
2016-07-07,True,0.0094734264081461,0.0,0.0094734264081461,878956.0558149727
2016-07-08,True,0.0462162170020896,0.0,0.0462162170020896,919578.0796258183
2016-07-11,True,0.0170717511503339,0.0,0.0170717511503339,935276.8877644922
2016-07-12,True,0.0157416741795097,0.0,0.0157416741795097,949999.7117993068
2016-07-13,True,-0.0070021353004088,0.0,-0.0070021353004088,943347.6852819388
2016-07-14,True,0.0203084553447767,0.0,0.0203084553447767,962505.6196230855
2016-07-15,True,-0.0056208876984166,0.0,-0.0056208876984166,957095.4836260893
2016-07-18,True,0.0199240600354309,0.0,0.0199240600354309,976164.7115014953
2016-07-19,True,-0.010357821400426,0.0,-0.010357821400426,966053.7717623644
2016-07-20,True,0.0342451053264369,0.0,0.0342451053264369,999136.3849273684
2016-07-21,True,-0.0059474045693154,0.0,-0.0059474045693154,993194.116626282
2016-07-22,True,0.0116088255423112,0.0,0.0116088255423112,1004723.9338558464
2016-07-25,True,0.0008826819455718,0.0,0.0008826819455718,1005610.785532545
2016-07-26,True,0.0033520381311016,0.0,0.0033520381311016,1008981.631230697
2016-07-27,True,0.0195142642680676,0.0,0.0195142642680676,1028671.165424159
2016-07-28,True,0.0108641426768514,0.0,0.0108641426768514,1039846.7957328901
2016-07-29,True,0.0065679410251453,0.0,0.0065679410251453,1046676.44816245
2016-08-01,True,0.0156761155286107,0.0,0.0156761155286107,1063084.2690849204
2016-08-02,True,-0.0225261837322882,0.0,-0.0225261837322882,1039137.0375166081
2016-08-03,True,0.0094740346907815,0.0,0.0094740346907815,1048981.8578585165
2016-08-04,True,0.0089630086309437,0.0,0.0089630086309437,1058383.8913042059
2016-08-05,True,0.0289114042904876,0.0,0.0289114042904876,1088983.2558802413
2016-08-08,True,-0.0031762776912184,0.0,-0.0031762776912184,1085524.3426584785
2016-08-09,True,0.0066181462166605,0.0,0.0066181462166605,1092708.5014799368
2016-08-10,True,-0.0077111593168882,0.0,-0.0077111593168882,1084282.4521381068
2016-08-11,True,0.0129245024886126,0.0,0.0129245024886126,1098296.263389125
2016-08-12,True,0.0018570670208923,0.0,0.0018570670208923,1100335.8731590342
2016-08-15,True,0.0125745108165045,0.0,0.0125745108165045,1114172.0584978606
2016-08-16,True,-0.0157618662257589,0.0,-0.0157618662257589,1096610.6275593387
2016-08-17,True,0.0046917063209754,0.0,0.0046917063209754,1101755.602572308
2016-08-18,True,0.0009657782769478,0.0,0.0009657782769478,1102819.6541997779
2016-08-19,True,-0.0013677026727946,0.0,-0.0013677026727946,1101311.3248111187
2016-08-22,True,0.0009666513503143,0.0,0.0009666513503143,1102375.9088903638
2016-08-23,True,0.0059540846908558,0.0,0.0059540846908558,1108939.5484130562
2016-08-24,True,-0.0192756129266941,0.0,-0.0192756129266941,1087564.0589187432
2016-08-25,True,-0.0047300474287447,0.0,-0.0047300474287447,1082419.8293382593
2016-08-26,True,0.0048348726305615,0.0,0.0048348726305615,1087653.191345904
2016-08-29,True,0.0027722755991479,0.0,0.0027722755991479,1090668.4657486076
2016-08-30,True,-0.0090269954557463,0.0,-0.0090269954557463,1080823.0064645691
2016-08-31,True,-0.0026259442344503,0.0,-0.0026259442344503,1077984.8255222822
2016-09-01,True,0.0044433182782697,0.0,0.0044433182782697,1082774.6552012227
2016-09-02,True,0.0117136231476977,0.0,0.0117136231476977,1095457.869466128
2016-09-06,True,0.0185409220115524,0.0,0.0185409220115524,1115768.668390841
2016-09-07,True,0.0018284634436156,0.0,0.0018284634436156,1117808.8106125253
2016-09-08,True,-0.0171389245187679,0.0,-0.0171389245187679,1098650.7697810237
2016-09-09,True,-0.0758052028011504,0.0,-0.0758052028011504,1015367.3253701332
2016-09-12,True,0.0512753820755464,0.0,0.0512753820755464,1067430.6729255125
2016-09-13,True,-0.0235978998239277,0.0,-0.0235978998239277,1042241.5508368285
2016-09-14,True,0.0128496508498046,0.0,0.0128496508498046,1055633.9908662408
2016-09-15,True,0.0463791116149636,0.0,0.0463791116149636,1104593.3575531757
2016-09-16,True,-0.0011242001606524,0.0,-0.0011242001606524,1103351.5735231587
2016-09-19,True,-0.0131031159302722,0.0,-0.0131031159302722,1088894.2299434366
2016-09-20,True,0.0055389165191972,0.0,0.0055389165191972,1094925.524181329
2016-09-21,True,0.0290806524305475,0.0,0.0290806524305475,1126766.6727873813
2016-09-22,True,0.0233788589600891,0.0,0.0233788589600891,1153109.1919114066
2016-09-23,True,-0.0179986751379279,0.0,-0.0179986751379279,1132354.7541676345
2016-09-26,True,-0.0248298710045947,0.0,-0.0248298710045947,1104238.5316902127
2016-09-27,True,0.0283535865610429,0.0,0.0283535865610429,1135547.6544825302
2016-09-28,True,0.0054672132723332,0.0,0.0054672132723332,1141755.935690484
2016-09-29,True,-0.0212070230758526,0.0,-0.0212070230758526,1117542.6912153042
2016-09-30,True,0.0205553314658448,0.0,0.0205553314658448,1140514.151660467
2016-10-03,True,-0.0022549904888159,0.0,-0.0022549904888159,1137942.3030961128
2016-10-04,True,-0.0056900363395705,0.0,-0.0056900363395705,1131467.3700391613
2016-10-05,True,0.0104259087635101,0.0,0.0104259087635101,1143263.9456080783
2016-10-06,True,-0.0015517176337772,0.0,-0.0015517176337772,1141489.9227836165
2016-10-07,True,-0.006526894859367,0.0,-0.006526894859367,1134039.5380745807
2016-10-10,True,0.017910039070456,0.0,0.017910039070456,1154350.2305089384
2016-10-11,True,-0.0413365337168036,0.0,-0.0413365337168036,1106633.3932845057
2016-10-12,True,-0.0020839377724787,0.0,-0.0020839377724787,1104327.2381559538
2016-10-13,True,-0.0117260896091871,0.0,-0.0117260896091871,1091377.798003471
2016-10-14,True,0.0022756263363401,0.0,0.0022756263363401,1093861.3660635047
2016-10-17,True,-0.006891889537009,0.0,-0.006891889537009,1086322.5943597932
2016-10-18,True,0.0256364585277562,0.0,0.0256364585277562,1114172.0584978624
2016-10-19,True,0.0003982735934093,0.0,0.0003982735934093,1114615.8038072768
2016-10-20,True,-0.004217325140845,0.0,-0.004217325140845,1109915.106555497
2016-10-21,True,0.0108676442397455,0.0,0.0108676442397455,1121977.2690698614
2016-10-24,True,0.0364425540283404,0.0,0.0364425540283404,1162864.9863165095
2016-10-25,True,-0.0099913836278305,0.0,-0.0099913836278305,1151246.3561308496
2016-10-26,True,-0.0191832170854268,0.0,-0.0191832170854268,1129161.7473623848
2016-10-27,True,-0.0139820008982008,0.0,-0.0139820008982008,1113373.80679655
2016-10-28,True,-0.0172865821961039,0.0,-0.0172865821961039,1094127.3789703723
2016-10-31,True,-0.005674185042144,0.0,-0.005674185042144,1087919.0977624184
2016-11-01,True,-0.0205444763417216,0.0,-0.0205444763417216,1065568.3695967314
2016-11-02,True,-0.0260536347158468,0.0,-0.0260536347158468,1037806.4405304976
2016-11-03,True,-0.0288006498149308,0.0,-0.0288006498149308,1007916.9406610989
2016-11-04,True,-0.0113515606031823,0.0,-0.0113515606031823,996475.5104262104
2016-11-07,True,0.0716510151029796,0.0,0.0716510151029796,1067873.992273508
2016-11-08,True,0.0196014237884845,0.0,0.0196014237884845,1088805.842948762
2016-11-09,True,0.0140109179413474,0.0,0.0140109179413474,1104061.0122683765
2016-11-10,True,-0.0475577584208816,0.0,-0.0475577584208816,1051554.345365003
2016-11-11,True,-0.000843270906779,0.0,-0.000843270906779,1050667.6001786594
2016-11-14,True,-0.0337667034213475,0.0,-0.0337667034213475,1015190.0189290079
2016-11-15,True,0.0463041441435392,0.0,0.0463041441435392,1062197.523898579
2016-11-16,True,0.0162827761625066,0.0,0.0162827761625066,1079493.0484205883
2016-11-17,True,0.0231697672379105,0.0,0.0231697672379105,1104504.651087436
2016-11-18,True,-0.0112426152455559,0.0,-0.0112426152455559,1092087.1302583327
2016-11-21,True,0.0300498241489155,0.0,0.0300498241489155,1124904.1564778895
2016-11-22,True,0.0089888357359446,0.0,0.0089888357359446,1135015.7351591506
2016-11-23,True,-0.0120345568139278,0.0,-0.0120345568139278,1121356.3238096759
2016-11-25,True,0.0096498416304997,0.0,0.0096498416304997,1132177.2347457986
2016-11-28,True,-0.0055623094443193,0.0,-0.0055623094443193,1125879.7146203287
2016-11-29,True,0.0096110719427713,0.0,0.0096110719427713,1136700.6255564515
2016-11-30,True,-0.0323813130187033,0.0,-0.0323813130187033,1099892.766791752
2016-12-01,True,-0.0549152655929907,0.0,-0.0549152655929907,1039491.8633795737
2016-12-02,True,0.0040101948793873,0.0,0.0040101948793873,1043660.4283272633
2016-12-05,True,0.0231157216620023,0.0,0.0231157216620023,1067785.3922981226
2016-12-06,True,0.0072265435279048,0.0,0.0072265435279048,1075501.789914026
2016-12-07,True,0.0371101684703327,0.0,0.0371101684703327,1115413.8425278799
2016-12-08,True,0.0061229762166854,0.0,0.0061229762166854,1122243.4949574398
2016-12-09,True,0.0233933788378026,0.0,0.0233933788378026,1148496.5621832388
2016-12-12,True,-0.0139008113319057,0.0,-0.0139008113319057,1132531.5281569874
2016-12-13,True,0.0390794148637778,0.0,0.0390794148637778,1176790.1975921427
2016-12-14,True,-0.0073110472718677,0.0,-0.0073110472718677,1168186.628828476
2016-12-15,True,0.0060739942325724,0.0,0.0060739942325724,1175282.1876745485
2016-12-16,True,-0.012150033257787,0.0,-0.012150033257787,1161002.470007018
2016-12-19,True,0.012223434083757,0.0,0.012223434083757,1175193.907170228
2016-12-20,True,0.0120751917144419,0.0,0.0120751917144419,1189384.5989009526
2016-12-21,True,-0.0035049873121375,0.0,-0.0035049873121375,1185215.820972553
2016-12-22,True,-0.0086801239375927,0.0,-0.0086801239375927,1174928.0007537156
2016-12-23,True,0.003094391493591,0.0,0.003094391493591,1178563.6879648298
2016-12-27,True,0.0146000913680339,0.0,0.0146000913680339,1195770.8254921634
2016-12-28,True,-0.023141957119265,0.0,-0.023141957119265,1168098.3483241554
2016-12-29,True,-0.0048596720245585,0.0,-0.0048596720245585,1162421.7734588718
2016-12-30,True,-0.0292232863220446,0.0,-0.0292232863220446,1128451.989146104
2017-01-03,True,0.0242081701819416,0.0,0.0242081701819416,1155769.7469415036
2017-01-04,True,0.0170363229331296,0.0,0.0170363229331296,1175459.8135867408
2017-01-05,True,0.0177315447173769,0.0,0.0177315447173769,1196302.5318348333
2017-01-06,True,0.0253560983469238,0.0,0.0253560983469238,1226636.0964847116
2017-01-09,True,0.0101229707764374,0.0,0.0101229707764374,1239053.2978427496
2017-01-10,True,0.0057265110129409,0.0,0.0057265110129409,1246148.7501984667
2017-01-11,True,0.0076867287581159,0.0,0.0076867287581159,1255727.5576335075
2017-01-12,True,-0.0050853392449433,0.0,-0.0050853392449433,1249341.7570037174
2017-01-13,True,0.0115005398496126,0.0,0.0115005398496126,1263709.8616659236
2017-01-17,True,-0.0094045662323631,0.0,-0.0094045662323631,1251825.218573396
2017-01-18,True,0.0068017025863755,0.0,0.0068017025863755,1260339.761400257
2017-01-19,True,-0.0026742151917729,0.0,-0.0026742151917729,1256969.341663525
2017-01-20,True,0.006491834100077,0.0,0.006491834100077,1265129.3780984876
2017-01-23,True,0.0022431393344823,0.0,0.0022431393344823,1267967.2395697096
2017-01-24,True,0.020845269715628,0.0,0.020845269715628,1294398.3586691206
2017-01-25,True,0.029190109547649,0.0,0.029190109547649,1332181.9885569694
2017-01-26,True,0.004127536274517,0.0,0.004127536274517,1337680.6180389966
2017-01-27,True,0.0047739449345258,0.0,0.0047739449345258,1344066.6316494972
2017-01-30,True,-0.022700098649232,0.0,-0.022700098649232,1313556.1865199127
2017-01-31,True,-0.0055371805284127,0.0,-0.0055371805284127,1306282.7887809386
2017-02-01,True,0.0190117502890148,0.0,0.0190117502890148,1331117.5109680796
2017-02-02,True,-0.00253210268764,0.0,-0.00253210268764,1327746.9847409928
2017-02-03,True,0.0086839061528907,0.0,0.0086839061528907,1339277.014951267
2017-02-06,True,0.0037087395469808,0.0,0.0037087395469808,1344244.0445809793
2017-02-07,True,0.0102929909825224,0.0,0.0102929909825224,1358080.3364101609
2017-02-08,True,0.0056165242553507,0.0,0.0056165242553507,1365708.0275603235
2017-02-09,True,0.0103910333729937,0.0,0.0103910333729937,1379899.1452524683
2017-02-10,True,0.0098983073973066,0.0,0.0098983073973066,1393557.811169458
2017-02-13,True,0.0175660913929789,0.0,0.0175660913929789,1418037.1750418607
2017-02-14,True,0.0093821701219176,0.0,0.0093821701219176,1431341.441057307
2017-02-15,True,0.017226564932498,0.0,0.017226564932498,1455998.5373322559
2017-02-16,True,-0.0008530207818769,0.0,-0.0008530207818769,1454756.5403215291
2017-02-17,True,0.0125597662764074,0.0,0.0125597662764074,1473027.9424570426
2017-02-21,True,0.0158956070200175,0.0,0.0158956070200175,1496442.615759845
2017-02-22,True,0.0001188411042487,0.0,0.0001188411042487,1496620.4546527464
2017-02-23,True,-0.010786074644549,0.0,-0.010786074644549,1480477.7947143032
2017-02-24,True,0.0053919957613253,0.0,0.0053919957613253,1488460.524708139
2017-02-27,True,0.0029792334365545,0.0,0.0029792334365545,1492894.9960723412
2017-02-28,True,-0.007842178895979,0.0,-0.007842178895979,1481187.44644023
2017-03-01,True,0.0323352521938298,0.0,0.0323352521938298,1529082.0160672094
2017-03-02,True,-0.0157772076620471,0.0,-0.0157772076620471,1504957.3715674155
2017-03-03,True,0.0051861210479371,0.0,0.0051861210479371,1512762.2626683493
2017-03-06,True,-0.0069183852286139,0.0,-0.0069183852286139,1502296.3905759002
2017-03-07,True,-0.0049591889956346,0.0,-0.0049591889956346,1494846.2188475747
2017-03-08,True,0.0051027306650968,0.0,0.0051027306650968,1502474.016488092
2017-03-09,True,0.0030694559471373,0.0,0.0030694559471373,1507085.7942934209
2017-03-10,True,0.0109464015869622,0.0,0.0109464015869622,1523582.9606237626
2017-03-13,True,0.0058212489495701,0.0,0.0058212489495701,1532452.1163328765
2017-03-14,True,-0.0074078603803544,0.0,-0.0074078603803544,1521099.9250155042
2017-03-15,True,0.0174926746309591,0.0,0.0174926746309591,1547708.0310849766
2017-03-16,True,-0.0005732160911134,0.0,-0.0005732160911134,1546820.8599372134
2017-03-17,True,-0.0024083238700611,0.0,-0.0024083238700611,1543095.614337518
2017-03-20,True,0.0029890673686083,0.0,0.0029890673686083,1547708.031084977
2017-03-21,True,-0.0445848039870684,0.0,-0.0445848039870684,1478703.7718898419
2017-03-22,True,0.0196739114779127,0.0,0.0196739114779127,1507795.6590000584
2017-03-23,True,-0.008000077406662,0.0,-0.008000077406662,1495733.177014629
2017-03-24,True,0.0054554004548719,0.0,0.0054554004548719,1503893.0004688813
2017-03-27,True,0.0053076898021149,0.0,0.0053076898021149,1511875.1980109422
2017-03-28,True,0.0187730805377952,0.0,0.0187730805377952,1540257.7528662966
2017-03-29,True,0.0132440770850088,0.0,0.0132440770850088,1560657.0452760404
2017-03-30,True,0.0050013019106152,0.0,0.0050013019106152,1568462.3623383946
2017-03-31,True,-0.0023750940342244,0.0,-0.0023750940342244,1564737.1167386991
2017-04-03,True,-0.002153984653829,0.0,-0.002153984653829,1561366.6970019673
2017-04-04,True,0.004544522020389,0.0,0.004544522020389,1568462.362338395
2017-04-05,True,-0.011423087472876,0.0,-0.011423087472876,1550545.6795754896
2017-04-06,True,0.0008010063986421,0.0,0.0008010063986421,1551787.6765862165
2017-04-07,True,-0.0011432809665815,0.0,-0.0011432809665815,1550013.5472713998
2017-04-10,True,0.0011445895540331,0.0,0.0011445895540331,1551787.6765862165
2017-04-11,True,-0.012574306400397,0.0,-0.012574306400397,1532275.0228724612
2017-04-12,True,-0.0131972910713856,0.0,-0.0131972910713856,1512053.1433941994
2017-04-13,True,-0.0118491710101747,0.0,-0.0118491710101747,1494136.5671216494
2017-04-17,True,0.023744679710709,0.0,0.023744679710709,1529614.3613520113
2017-04-18,True,-0.0028992172517211,0.0,-0.0028992172517211,1525179.6770070991
2017-04-19,True,0.003489190547312,0.0,0.003489190547312,1530501.3195190646
2017-04-20,True,0.024223212497789,0.0,0.024223212497789,1567574.9782099214
2017-04-21,True,-0.0004522991203943,0.0,-0.0004522991203943,1566865.9654261249
2017-04-24,True,0.0363409883136716,0.0,0.0363409883136716,1623807.4231647654
2017-04-25,True,0.0221760330379603,0.0,0.0221760330379603,1659817.0302281526
2017-04-26,True,-0.0043816629570575,0.0,-0.0043816629570575,1652544.2714313085
2017-04-27,True,0.0174964282384106,0.0,0.0174964282384106,1681457.893687203
2017-04-28,True,0.0056969808357527,0.0,0.0056969808357527,1691037.1270836643
2017-05-01,True,0.0251755052875299,0.0,0.0251755052875299,1733609.8412179686
2017-05-02,True,0.0059350099244441,0.0,0.0059350099244441,1743898.8328307115
2017-05-03,True,-0.0098668671211495,0.0,-0.0098668671211495,1726692.014774443
2017-05-04,True,0.0010273495903891,0.0,0.0010273495903891,1728465.93110855
2017-05-05,True,0.0108787417218829,0.0,0.0108787417218829,1747269.465548154
2017-05-08,True,0.0059896614848133,0.0,0.0059896614848133,1757735.0181695381
2017-05-09,True,0.0110000279291548,0.0,0.0110000279291548,1777070.1524614564
2017-05-10,True,0.0015968727947719,0.0,0.0015968727947719,1779907.9074423234
2017-05-11,True,-0.0023914902863805,0.0,-0.0023914902863805,1775651.2749710232
2017-05-12,True,0.0064934691080136,0.0,0.0064934691080136,1787181.4116716525
2017-05-15,True,0.0093299201087604,0.0,0.0093299201087604,1803855.6714624108
2017-05-16,True,0.012587175292072,0.0,0.012587175292072,1826561.1190007066
2017-05-17,True,-0.075653079150265,0.0,-0.075653079150265,1688376.1460921497
2017-05-18,True,0.0253203885552661,0.0,0.0253203885552661,1731126.4861386458
2017-05-19,True,0.012091708378493,0.0,0.012091708378493,1752058.7627753196
2017-05-22,True,0.0259188344608249,0.0,0.0259188344608249,1797470.0838133309
2017-05-23,True,0.0024671811702723,0.0,0.0024671811702723,1801904.7681582428
2017-05-24,True,0.0137818331090928,0.0,0.0137818331090928,1826738.3189514785
2017-05-25,True,0.0263160379959783,0.0,0.0263160379959783,1874810.8339617152
2017-05-26,True,0.0042576583662834,0.0,0.0042576583662834,1882793.137994131
2017-05-30,True,0.0020728026103467,0.0,0.0020728026103467,1886695.7965253082
2017-05-31,True,-0.0012222119496363,0.0,-0.0012222119496363,1884389.8543774663
2017-06-01,True,0.0119551946934921,0.0,0.0119551946934921,1906918.1019649901
2017-06-02,True,0.0341394707174127,0.0,0.0341394707174127,1972019.2766675283
2017-06-05,True,-0.0008094699888596,0.0,-0.0008094699888596,1970422.9862456133
2017-06-06,True,-0.0113434900801479,0.0,-0.0113434900801479,1948071.512647441
2017-06-07,True,0.010926996216342,0.0,0.010926996216342,1969358.0826953033
2017-06-08,True,0.0027022759594015,0.0,0.0027022759594015,1974679.8316976237
2017-06-09,True,-0.0723138751010205,0.0,-0.0723138751010205,1831883.0809837375
2017-06-12,True,-0.018107771164594,0.0,-0.018107771164594,1798711.7613529924
2017-06-13,True,0.0233725470879426,0.0,0.0233725470879426,1840752.2366928514
2017-06-14,True,-0.0133949459967427,0.0,-0.0133949459967427,1816095.4598889672
2017-06-15,True,-0.0134793519253217,0.0,-0.0134793519253217,1791615.6700551452
2017-06-16,True,-0.0119798224058835,0.0,-0.0119798224058835,1770152.4325082866
2017-06-19,True,0.0484018347249581,0.0,0.0484018347249581,1855831.0579845351
2017-06-20,True,-0.022653753994756,0.0,-0.022653753994756,1813789.5177411258
2017-06-21,True,0.0290464719361829,0.0,0.0290464719361829,1866473.7040663362
2017-06-22,True,-0.0011404013952743,0.0,-0.0011404013952743,1864345.1748499763
2017-06-23,True,0.0112271689308622,0.0,0.0112271689308622,1885276.493073455
2017-06-26,True,-0.0132668087459535,0.0,-0.0132668087459535,1860264.8904066074
2017-06-27,True,-0.0550203110014404,0.0,-0.0550203110014404,1757912.5375913754
2017-06-28,True,0.0419774607220042,0.0,0.0419774607220042,1831705.2420908362
2017-06-29,True,-0.0509391844549292,0.0,-0.0509391844549292,1738399.6708969106
2017-06-30,True,-0.0034693907554789,0.0,-0.0034693907554789,1732368.4831493732
2017-07-03,True,-0.0272374753532183,0.0,-0.0272374753532183,1685183.1392869
2017-07-05,True,0.0285264556170843,0.0,0.0285264556170843,1733255.4413164265
2017-07-06,True,-0.026404732857042,0.0,-0.026404732857042,1687489.2944154516
2017-07-07,True,0.0299589086609866,0.0,0.0299589086609866,1738044.632053237
2017-07-10,True,0.0209229793054972,0.0,0.0209229793054972,1774409.7039217174
2017-07-11,True,0.0081973239163342,0.0,0.0081973239163342,1788955.1150250505
2017-07-12,True,0.0355976008888982,0.0,0.0355976008888982,1852637.6252178652
2017-07-13,True,0.0066067973793995,0.0,0.0066067973793995,1864877.6266251316
2017-07-14,True,0.0234941703982611,0.0,0.0234941703982611,1908691.3793569675
2017-07-17,True,0.0005578117977138,0.0,0.0005578117977138,1909756.0699265676
2017-07-18,True,0.0198773185939291,0.0,0.0198773185939291,1947716.8997651879
2017-07-19,True,0.018306100170814,0.0,0.018306100170814,1983372.0004366767
2017-07-20,True,0.0037563695650844,0.0,0.0037563695650844,1990822.2786553577
2017-07-21,True,-0.0015145339414148,0.0,-0.0015145339414148,1987807.1107430095
2017-07-24,True,0.0130283342188748,0.0,0.0130283342188748,2013704.9261444253
2017-07-25,True,-0.0066948567246297,0.0,-0.0066948567246297,2000223.4601782074
2017-07-26,True,0.0089572873377627,0.0,0.0089572873377627,2018140.0364507579
2017-07-27,True,-0.0178433368574375,0.0,-0.0178433368574375,1982129.6839548857
2017-07-28,True,-0.0032216865937092,0.0,-0.0032216865937092,1975743.883325095
2017-07-31,True,-0.0130180853333315,0.0,-0.0130180853333315,1950023.4808551613
2017-08-01,True,0.006549787901072,0.0,0.006549787901072,1962795.721056873
2017-08-02,True,0.0073200071442227,0.0,0.0073200071442227,1977163.399757659
2017-08-03,True,-0.0104072927530711,0.0,-0.0104072927530711,1956586.481435724
2017-08-04,True,0.0038982509902376,0.0,0.0038982509902376,1964213.7466244665
2017-08-07,True,0.0177011733049274,0.0,0.0177011733049274,1998982.6345613871
2017-08-08,True,-0.0037271415321852,0.0,-0.0037271415321852,1991532.1433619964
2017-08-09,True,-0.0039194662510427,0.0,-0.0039194662510427,1983726.4003382223
2017-08-10,True,-0.0649198694497265,0.0,-0.0649198694497265,1854943.141404289
2017-08-11,True,0.0228558844527582,0.0,0.0228558844527582,1897339.5075106618
2017-08-14,True,0.0388927254228095,0.0,0.0388927254228095,1971132.2120101226
2017-08-15,True,0.0017997877899249,0.0,0.0017997877899249,1974679.8316976263
2017-08-16,True,0.0052105146049181,0.0,0.0052105146049181,1984968.929800724
2017-08-17,True,-0.061484040628128,0.0,-0.061484040628128,1862925.0194752847
2017-08-18,True,-0.0035227261164759,0.0,-0.0035227261164759,1856362.4448561426
2017-08-21,True,-0.0018156043535955,0.0,-0.0018156043535955,1852992.0251194108
2017-08-22,True,0.0445145392430428,0.0,0.0445145392430428,1935477.111338634
2017-08-23,True,-0.0111813168976965,0.0,-0.0111813168976965,1913835.9284085187
2017-08-24,True,-0.0083416806152799,0.0,-0.0083416806152799,1897871.3203436872
2017-08-25,True,-0.0067296592156145,0.0,-0.0067296592156145,1885099.2931226855
2017-08-28,True,0.0087512949053516,0.0,0.0087512949053516,1901596.3529626722
2017-08-29,True,0.0123135029200343,0.0,0.0123135029200343,1925011.6652076046
2017-08-30,True,0.0346477132316755,0.0,0.0346477132316755,1991708.9173513479
2017-08-31,True,0.028411416108464,0.0,0.028411416108464,2048296.1881691557
2017-09-01,True,-0.0006930230309282,0.0,-0.0006930230309282,2046876.671736592
2017-09-05,True,-0.0267785012829557,0.0,-0.0267785012829557,1992064.3821564417
2017-09-06,True,0.0086372005830692,0.0,0.0086372005830692,2009270.241799515
2017-09-07,True,0.006180061835598,0.0,0.006180061835598,2021687.656138263
2017-09-08,True,-0.0246555358098325,0.0,-0.0246555358098325,1971841.8637360497
2017-09-11,True,0.0318460859819802,0.0,0.0318460859819802,2034637.3092714562
2017-09-12,True,0.0084567890831435,0.0,0.0084567890831435,2051843.8078566596
2017-09-13,True,0.0041494956062637,0.0,0.0041494956062637,2060357.9247221006
2017-09-14,True,-0.0168746520282682,0.0,-0.0168746520282682,2025590.1016887303
2017-09-15,True,0.0080567370935014,0.0,0.0080567370935014,2041909.7485972352
2017-09-18,True,-0.0024321761530541,0.0,-0.0024321761530541,2036943.4644000083
2017-09-19,True,0.004266946996235,0.0,0.004266946996235,2045634.9941969307
2017-09-20,True,-0.0083244922585501,0.0,-0.0083244922585501,2028606.121523919
2017-09-21,True,-0.019237498602338,0.0,-0.019237498602338,1989580.8140964082
2017-09-22,True,-0.0024963600993019,0.0,-0.0024963600993019,1984614.1039377614
2017-09-25,True,-0.0313728465582868,0.0,-0.0313728465582868,1922351.1101775102
2017-09-26,True,0.0068280976829007,0.0,0.0068280976829007,1935477.1113386347
2017-09-27,True,0.0271285943326984,0.0,0.0271285943326984,1987983.8847323635
2017-09-28,True,-0.0016950745026061,0.0,-0.0016950745026061,1984614.1039377619
2017-09-29,True,0.0211834135502031,0.0,0.0211834135502031,2026655.0052390415
2017-10-02,True,0.0028005373029802,0.0,0.0028005373029802,2032330.728181485
2017-10-03,True,0.006284528410954,0.0,0.006284528410954,2045102.9683831965
2017-10-04,True,0.0026019829432388,0.0,0.0026019829432388,2050424.2914240968
2017-10-05,True,0.0288089768269885,0.0,0.0288089768269885,2109494.917321228
2017-10-06,True,0.0036158850573806,0.0,0.0036158850573806,2117122.6084713903
2017-10-09,True,-0.0025136706683998,0.0,-0.0025136706683998,2111800.8594690696
2017-10-10,True,0.002099651291882,0.0,0.002099651291882,2116234.9048718517
2017-10-11,True,0.0087178545279795,0.0,0.0087178545279795,2134683.9329195567
2017-10-12,True,-0.0054017311160903,0.0,-0.0054017311160903,2123152.944296087
2017-10-13,True,0.0111959795990612,0.0,0.0111959795990612,2146923.7213461134
2017-10-16,True,0.010328096189355,0.0,0.010328096189355,2169097.356051384
2017-10-17,True,0.0035163314212078,0.0,0.0035163314212078,2176724.6212401264
2017-10-18,True,-0.0038302239956009,0.0,-0.0038302239956009,2168387.278364037
2017-10-19,True,-0.0110438473318912,0.0,-0.0110438473318912,2144439.94030537
2017-10-20,True,0.007279287654172,0.0,0.007279287654172,2160049.9354879484
2017-10-23,True,-0.0186416917061115,0.0,-0.0186416917061115,2119782.950520776
2017-10-24,True,0.0051048263758204,0.0,0.0051048263758204,2130604.074437609
2017-10-25,True,-0.0121556513552628,0.0,-0.0121556513552628,2104705.1941326433
2017-10-26,True,-0.009270765239108,0.0,-0.009270765239108,2085192.966380308
2017-10-27,True,0.0861759711557859,0.0,0.0861759711557859,2264886.495305345
2017-10-30,True,0.0071271712778908,0.0,0.0071271712778908,2281028.729282368
2017-10-31,True,0.0105763525295226,0.0,0.0105763525295226,2305153.6932532275
2017-11-01,True,-0.0013083812346291,0.0,-0.0013083812346291,2302137.6734180395
2017-11-02,True,-0.0050855123771675,0.0,-0.0050855123771675,2290430.1237859284
2017-11-03,True,0.0278812854589296,0.0,0.0278812854589296,2354290.2598909354
2017-11-06,True,0.0101716056449032,0.0,0.0101716056449032,2378237.171988183
2017-11-07,True,0.0016408088376209,0.0,0.0016408088376209,2382139.40455794
2017-11-08,True,0.0125104092477215,0.0,0.0125104092477215,2411940.9433940835
2017-11-09,True,-0.0160331071255624,0.0,-0.0160331071255624,2373270.035868116
2017-11-10,True,-0.0002988390506718,0.0,-0.0002988390506718,2372560.8101036097
2017-11-13,True,0.0029905405774184,0.0,0.0029905405774184,2379656.049478617
2017-11-14,True,-0.0100632715737235,0.0,-0.0100632715737235,2355708.9244006597
2017-11-15,True,-0.014683652018124,0.0,-0.014683652018124,2321118.514298771
2017-11-16,True,0.0374474560473294,0.0,0.0374474560473294,2408038.4978436166
2017-11-17,True,-0.0111972287477969,0.0,-0.0111972287477969,2381075.1399497604
2017-11-20,True,-0.0024581903257572,0.0,-0.0024581903257572,2375222.004075835
2017-11-21,True,0.0315156882171343,0.0,0.0315156882171343,2450078.760202766
2017-11-22,True,0.0039822635366404,0.0,0.0039822635366404,2459835.6195114185
2017-11-24,True,0.011249682888627,0.0,0.011249682888627,2487507.9901890713
2017-11-27,True,-0.0016403100852185,0.0,-0.0016403100852185,2483427.7057457026
2017-11-28,True,0.0073571604809841,0.0,0.0073571604809841,2501698.681919796
2017-11-29,True,-0.0514073233324207,0.0,-0.0514073233324207,2373093.0488980543
2017-11-30,True,0.0248168890939932,0.0,0.0248168890939932,2431985.835902284
2017-12-01,True,-0.0133482409022027,0.0,-0.0133482409022027,2399523.103093915
2017-12-04,True,-0.0345234013353171,0.0,-0.0345234013353171,2316683.4039924387
2017-12-05,True,0.0014549388628732,0.0,0.0014549388628732,2320054.036709881
2017-12-06,True,0.0132271710422013,0.0,0.0132271710422013,2350741.7882805928
2017-12-07,True,0.0098855286406713,0.0,0.0098855286406713,2373980.1135554635
2017-12-08,True,0.0132256387142244,0.0,0.0132256387142244,2405377.5168521013
2017-12-11,True,0.0229350864959989,0.0,0.0229350864959989,2460545.0582566354
2017-12-12,True,-0.0037490150742224,0.0,-0.0037490150742224,2451320.4377424275
2017-12-13,True,0.0049934015888839,0.0,0.0049934015888839,2463560.8651111145
2017-12-14,True,-0.0014402102660303,0.0,-0.0014402102660303,2460012.819462191
2017-12-15,True,0.0325209460242164,0.0,0.0325209460242164,2540014.763582801
2017-12-18,True,0.0256999142715699,0.0,0.0256999142715699,2605292.9252554015
2017-12-19,True,-0.0162726762166125,0.0,-0.0162726762166125,2562897.837033289
2017-12-20,True,-0.0041530816454167,0.0,-0.0041530816454167,2552253.9130672277
2017-12-21,True,-0.000486418907067,0.0,-0.000486418907067,2551012.448508276
2017-12-22,True,-0.0033377946911039,0.0,-0.0033377946911039,2542497.692700705
2017-12-26,True,-0.016186129812384,0.0,-0.016186129812384,2501344.494998965
2017-12-27,True,0.0,0.0,0.0,2501344.494998965
2017-12-28,True,0.0026945458988554,0.0,0.0026945458988554,2508084.4825495887
2017-12-29,True,-0.0188836535253447,0.0,-0.0188836535253447,2460722.684168829
2018-01-02,True,0.0513263459824897,0.0,0.0513263459824897,2587022.588023439
2018-01-03,True,0.0292784586094085,0.0,0.0292784586094085,2662766.6217884882
2018-01-04,True,0.0058625618921959,0.0,0.0058625618921959,2678377.2559131966
2018-01-05,True,0.0302005935265528,0.0,0.0302005935265528,2759265.838729795
2018-01-08,True,0.0111217089487971,0.0,0.0111217089487971,2789953.5903005064
2018-01-09,True,0.0007631554036928,0.0,0.0007631554036928,2792082.758458997
2018-01-10,True,-0.0071157248105332,0.0,-0.0071157248105332,2772215.065901568
2018-01-11,True,0.0200282369615327,0.0,0.0200282369615327,2827737.646149776
2018-01-12,True,0.0212031122170532,0.0,0.0212031122170532,2887694.4847814757
2018-01-16,True,-0.0077400274765333,0.0,-0.0077400274765333,2865343.650125433
2018-01-17,True,0.0315112696022814,0.0,0.0315112696022814,2955634.2663877206
2018-01-18,True,0.0009601170933557,0.0,0.0009601170933557,2958472.021368588
2018-01-19,True,0.0095936172997403,0.0,0.0095936172997403,2986854.4697335875
2018-01-22,True,0.0312389542515538,0.0,0.0312389542515538,3080160.6798696443
2018-01-23,True,0.0253395101892814,0.0,0.0253395101892814,3158210.4428018257
2018-01-24,True,-0.0202761928923672,0.0,-0.0202761928923672,3094173.958668887
2018-01-25,True,-0.0012612925398854,0.0,-0.0012612925398854,3090271.3001377108
2018-01-26,True,0.0446588920599628,0.0,0.0446588920599628,3228279.3925665617
2018-01-29,True,-0.0132425855414974,0.0,-0.0132425855414974,3185528.626558646
2018-01-30,True,-0.025559661876187,0.0,-0.025559661876187,3104107.591966893
2018-01-31,True,0.0123436020006044,0.0,0.0123436020006044,3142423.4606491867
2018-02-01,True,-0.0250068826469054,0.0,-0.0250068826469054,3063841.24594185
2018-02-02,True,-0.0610817088889436,0.0,-0.0610817088889436,2876696.586875292
2018-02-05,True,-0.115434319542223,0.0,-0.115434319542223,2544627.073839907
2018-02-06,True,0.0771001050579827,0.0,0.0771001050579827,2740818.0885663508
2018-02-07,True,-0.039544540711311,0.0,-0.039544540711311,2632433.6960807415
2018-02-08,True,-0.1239218110928002,0.0,-0.1239218110928002,2306217.744880702
2018-02-09,True,0.0470731585234016,0.0,0.0470731585234016,2414778.698374953
2018-02-12,True,0.0559760190848204,0.0,0.0559760190848204,2549948.3968808074
2018-02-13,True,0.012173722609813,0.0,0.012173722609813,2580990.761333772
2018-02-14,True,0.0585569494385616,0.0,0.0585569494385616,2732125.706846588
2018-02-15,True,0.0522659613785205,0.0,0.0522659613785205,2874922.883521895
2018-02-16,True,-0.0111681931187531,0.0,-0.0111681931187531,2842815.1895572
2018-02-20,True,0.0049919990314479,0.0,0.0049919990314479,2857006.5202300553
2018-02-21,True,-0.0090028686356317,0.0,-0.0090028686356317,2831285.265837281
2018-02-22,True,0.0001880600946784,0.0,0.0001880600946784,2831817.717612436
2018-02-23,True,0.0595715006547397,0.0,0.0595715006547397,3000513.3486312884
2018-02-26,True,0.0401417697784236,0.0,0.0401417697784236,3120959.2646891326
2018-02-27,True,-0.0358077042290564,0.0,-0.0358077042290564,3009204.8784282105
2018-02-28,True,-0.0201012074313529,0.0,-0.0201012074313529,2948716.226963486
2018-03-01,True,-0.0481259938611737,0.0,-0.0481259938611737,2806806.3279262977
2018-03-02,True,0.0274915833806825,0.0,0.0274915833806825,2883969.878123911
2018-03-05,True,0.0313691220974889,0.0,0.0313691220974889,2974437.481356261
2018-03-06,True,0.0126431357835161,0.0,0.0126431357835161,3012043.6983126276
2018-03-07,True,0.0074792479401026,0.0,0.0074792479401026,3034571.519938732
2018-03-08,True,0.0149063331579883,0.0,0.0149063331579883,3079805.8540066816
2018-03-09,True,0.0582305913242786,0.0,0.0582305913242786,3259144.770049466
2018-03-12,True,0.014967520087358,0.0,0.014967520087358,3307926.084862789
2018-03-13,True,-0.0363039784243401,0.0,-0.0363039784243401,3187835.2076486186
2018-03-14,True,-0.0033945054282823,0.0,-0.0033945054282823,3177014.083731786
2018-03-15,True,-0.0044667427771569,0.0,-0.0044667427771569,3162823.1790203513
2018-03-16,True,-0.006618057033268,0.0,-0.006618057033268,3141891.4348354526
2018-03-19,True,-0.0627823345986985,0.0,-0.0627823345986985,2944636.155500828
2018-03-20,True,0.007349357199764,0.0,0.007349357199764,2966277.3384309434
2018-03-21,True,-0.0144717847048195,0.0,-0.0144717847048195,2923350.011414386
2018-03-22,True,-0.073058353734559,0.0,-0.073058353734559,2709774.8721905462
2018-03-23,True,-0.0807804701684338,0.0,-0.0807804701684338,2490877.9839643864
2018-03-26,True,0.112519775000637,0.0,0.112519775000637,2771151.0142740994
2018-03-27,True,-0.0958904341211089,0.0,-0.0958904341211089,2505424.140500205
2018-03-28,True,-0.0344805425540777,0.0,-0.0344805425540777,2419035.7568076737
2018-03-29,True,0.0553643932507859,0.0,0.0553643932507859,2552964.2037352864
2018-04-02,True,-0.0887990180558951,0.0,-0.0887990180558951,2326263.489311743
2018-04-03,True,0.0335515573755031,0.0,0.0335515573755031,2404313.252243924
2018-04-04,True,0.0472921223880709,0.0,0.0472921223880709,2518018.3288283045
2018-04-05,True,0.0157098773864259,0.0,0.0157098773864259,2557576.08803097
2018-04-06,True,-0.0746288853874763,0.0,-0.0746288853874763,2366707.035287557
2018-04-09,True,0.0200119561131635,0.0,0.0200119561131635,2414069.472610447
2018-04-10,True,0.0660593509162936,0.0,0.0660593509162936,2573541.3350379327
2018-04-11,True,-0.0168184610882589,0.0,-0.0168184610882589,2530258.330235571
2018-04-12,True,0.0350532982419606,0.0,0.0350532982419606,2618952.230114524
2018-04-13,True,-0.0148332100478634,0.0,-0.0148332100478634,2580104.761579915
2018-04-16,True,0.0220695188688706,0.0,0.0220695188688706,2637046.4322992656
2018-04-17,True,0.0639712683823869,0.0,0.0639712683823869,2805741.637356698
2018-04-18,True,0.0069544681068454,0.0,0.0069544681068454,2825254.0780897434
2018-04-19,True,-0.0271864084542345,0.0,-0.0271864084542345,2748445.5667358036
2018-04-20,True,-0.0479540389606273,0.0,-0.0479540389606273,2616646.5009473916
2018-04-23,True,-0.0078639324399361,0.0,-0.0078639324399361,2596069.3696447467
2018-04-24,True,-0.0637513154037792,0.0,-0.0637513154037792,2430566.532450434
2018-04-25,True,0.0039409772607146,0.0,0.0039409772607146,2440145.339885475
2018-04-26,True,0.0620093061789792,0.0,0.0620093061789792,2591457.059387643
2018-04-27,True,0.0023273346265526,0.0,0.0023273346265526,2597488.24713518
2018-04-30,True,-0.0213071048144517,0.0,-0.0213071048144517,2542143.2927991645
2018-05-01,True,0.0325171041014824,0.0,0.0325171041014824,2624806.430892
2018-05-02,True,-0.0174358460878968,0.0,-0.0174358460878968,2579040.7099524457
2018-05-03,True,6.845995410631467e-05,0.0,6.845995410631467e-05,2579217.270961087
2018-05-04,True,0.0562588345692991,0.0,0.0562588345692991,2724321.0287263663
2018-05-07,True,0.0237658932979805,0.0,0.0237658932979805,2789066.951604522
2018-05-08,True,-0.0033073453214133,0.0,-0.0033073453214133,2779842.5440710243
2018-05-09,True,0.033501464823324,0.0,0.033501464823324,2872971.3412756
2018-05-10,True,0.0311186973427184,0.0,0.0311186973427184,2962374.466919059
2018-05-11,True,-0.0029939346993961,0.0,-0.0029939346993961,2953505.3112099445
2018-05-14,True,0.0044442832359279,0.0,0.0044442832359279,2966631.525351779
2018-05-15,True,-0.0323483002394482,0.0,-0.0323483002394482,2870666.0380698876
2018-05-16,True,0.0184141797107488,0.0,0.0184141797107488,2923526.99838445
2018-05-17,True,-0.0112860156998881,0.0,-0.0112860156998881,2890532.0267816363
2018-05-18,True,-0.0160169592807204,0.0,-0.0160169592807204,2844234.493009057
2018-05-21,True,0.0174628286074209,0.0,0.0174628286074209,2893902.8724797885
2018-05-22,True,-0.0052100333325262,0.0,-0.0052100333325262,2878825.5420530755
2018-05-23,True,0.0251401270874243,0.0,0.0251401270874243,2951199.582042813
2018-05-24,True,-0.0008414731062019,0.0,-0.0008414731062019,2948716.22696349
2018-05-25,True,0.002526400881994,0.0,0.002526400881994,2956165.8662400404
2018-05-29,True,-0.0127810074517452,0.0,-0.0127810074517452,2918383.0882750317
2018-05-30,True,0.0213346109525438,0.0,0.0213346109525438,2980645.656073863
2018-05-31,True,-0.0021424933881313,0.0,-0.0021424933881313,2974259.6424633623
2018-06-01,True,0.0465201209458696,0.0,0.0465201209458696,3112622.5607551774
2018-06-04,True,0.02564528903509,0.0,0.02564528903509,3192446.6659828858
2018-06-05,True,0.0103349240161527,0.0,0.0103349240161527,3225440.3597014393
2018-06-06,True,0.0164991623242141,0.0,0.0164991623242141,3278657.423763225
2018-06-07,True,-0.0232106321933159,0.0,-0.0232106321933159,3202557.712212372
2018-06-08,True,-0.0006647006512803,0.0,-0.0006647006512803,3200428.970015302
2018-06-11,True,0.0078150116501469,0.0,0.0078150116501469,3225440.3597014393
2018-06-12,True,0.0158391113109077,0.0,0.0158391113109077,3276528.468585445
2018-06-13,True,-0.0011369489492956,0.0,-0.0011369489492956,3272803.2229857496
2018-06-14,True,0.0304065976579823,0.0,0.0304065976579823,3372318.033800825
2018-06-15,True,-0.0099416360314724,0.0,-0.0099416360314724,3338791.6753264065
2018-06-18,True,-0.0022315570735249,0.0,-0.0022315570735249,3331340.971146306
2018-06-19,True,-0.0089456168408239,0.0,-0.0089456168408239,3301540.071252293
2018-06-20,True,0.0209542994035709,0.0,0.0209542994035709,3370721.5303982003
2018-06-21,True,-0.0258920259715133,0.0,-0.0258920259715133,3283446.720990391
2018-06-22,True,-0.0100486234386106,0.0,-0.0100486234386106,3250452.601310418
2018-06-25,True,-0.0638506543461704,0.0,-0.0638506543461704,3042909.075795536
2018-06-26,True,0.0110176540597171,0.0,0.0110176540597171,3076434.7953278245
2018-06-27,True,-0.0401314284638257,0.0,-0.0401314284638257,2952973.072415502
2018-06-28,True,0.0245090886902894,0.0,0.0245090886902894,3025347.75134737
2018-06-29,True,0.0045733846108466,0.0,0.0045733846108466,3039183.8301958414
2018-07-02,True,0.0224128491009765,0.0,0.0224128491009765,3107300.5987721486
2018-07-03,True,-0.0344235926623557,0.0,-0.0344235926623557,3000336.148680522
2018-07-05,True,0.0367151803662872,0.0,0.0367151803662872,3110494.031538819
2018-07-06,True,0.0449956078849507,0.0,0.0449956078849507,3250452.601310419
2018-07-09,True,0.0278323751518749,0.0,0.0278323751518749,3340920.4175234786
2018-07-10,True,0.0023892529706925,0.0,0.0023892529706925,3348902.721555894
2018-07-11,True,-0.0146193976941704,0.0,-0.0146193976941704,3299943.7808303786
2018-07-12,True,0.0493467931690372,0.0,0.0493467931690372,3462785.424052466
2018-07-13,True,0.0029199170584623,0.0,0.0029199170584623,3472896.4702819516
2018-07-16,True,-0.0067421780303204,0.0,-0.0067421780303204,3449481.5839984394
2018-07-17,True,0.0185127192672658,0.0,0.0185127192672658,3513340.868180606
2018-07-18,True,-0.0063616433798826,0.0,-0.0063616433798826,3490990.2465052735
2018-07-19,True,-0.0147866739958428,0.0,-0.0147866739958428,3439370.111807533
2018-07-20,True,-0.0013925544655496,0.0,-0.0013925544655496,3434580.601599658
2018-07-23,True,0.0086767216585725,0.0,0.0086767216585725,3464381.501493671
2018-07-24,True,0.0127498320902117,0.0,0.0127498320902117,3508551.783934151
2018-07-25,True,0.041710944673424,0.0,0.041710944673424,3654896.793277672
2018-07-26,True,-0.0436808674520972,0.0,-0.0436808674520972,3495247.730899415
2018-07-27,True,-0.0417174960849668,0.0,-0.0417174960849668,3349434.7473696293
2018-07-30,True,-0.0430569606529628,0.0,-0.0430569606529628,3205218.267242469
2018-07-31,True,0.0199237361701538,0.0,0.0199237361701538,3269078.1903667655
2018-08-01,True,0.0136740899755198,0.0,0.0136740899755198,3313779.85967885
2018-08-02,True,0.0398266322112883,0.0,0.0398266322112883,3445756.5513794543
2018-08-03,True,0.0089574420136666,0.0,0.0089574420136666,3476621.715881648
2018-08-06,True,0.0183683228612039,0.0,0.0183683228612039,3540481.426025235
2018-08-07,True,0.0097701540784109,0.0,0.0097701540784109,3575072.4750692537
2018-08-08,True,0.002679391951506,0.0,0.002679391951506,3584651.495485005
2018-08-09,True,-0.0008908628274443,0.0,-0.0008908628274443,3581458.0627183346
2018-08-10,True,-0.023328425274205,0.0,-0.023328425274205,3497908.285929511
2018-08-13,True,-0.0028904760907357,0.0,-0.0028904760907357,3487797.6656614454
2018-08-14,True,0.0184620654953675,0.0,0.0184620654953675,3552189.6145994775
2018-08-15,True,-0.0364045666814382,0.0,-0.0364045666814382,3422873.690909678
2018-08-16,True,0.0091728819444121,0.0,0.0091728819444121,3454271.3071870273
2018-08-17,True,-0.0001540196951606,0.0,-0.0001540196951606,3453739.281373292
2018-08-20,True,-0.0020031811384746,0.0,-0.0020031811384746,3446820.8159876363
2018-08-21,True,0.0103442205480159,0.0,0.0103442205480159,3482475.4906977047
2018-08-22,True,0.0116135085701412,0.0,0.0116135085701412,3522919.2496542293
2018-08-23,True,-0.004984394860657,0.0,-0.004984394860657,3505359.629051743
2018-08-24,True,0.027781622446362,0.0,0.027781622446362,3602744.2068047784
2018-08-27,True,0.0301329689880907,0.0,0.0301329689880907,3711305.58626045
2018-08-28,True,0.0044450825879336,0.0,0.0044450825879336,3727802.6461004373
2018-08-29,True,0.0349751351282174,0.0,0.0349751351282174,3858183.047379127
2018-08-30,True,-0.0056552583314675,0.0,-0.0056552583314675,3836364.0255561094
2018-08-31,True,0.0029129399041678,0.0,0.0029129399041678,3847539.1234130654
2018-09-04,True,-0.0118948032681619,0.0,-0.0118948032681619,3801773.402473511
2018-09-05,True,-0.0397536895421134,0.0,-0.0397536895421134,3650638.882922115
2018-09-06,True,-0.0272592686110522,0.0,-0.0272592686110522,3551125.1370105892
2018-09-07,True,-0.0098909290507746,0.0,-0.0098909290507746,3516001.210229995
2018-09-10,True,0.0087787274746171,0.0,0.0087787274746171,3546867.2266550283
2018-09-11,True,0.0222056464278579,0.0,0.0222056464278579,3625627.706216687
2018-09-12,True,-0.0086600293198697,0.0,-0.0086600293198697,3594229.663977918
2018-09-13,True,0.0296121450740898,0.0,0.0296121450740898,3700662.5142172296
2018-09-14,True,-0.007621617838741,0.0,-0.007621617838741,3672457.4787837113
2018-09-17,True,-0.042167711158973,0.0,-0.042167711158973,3517598.35257475
2018-09-18,True,0.0237519376615777,0.0,0.0237519376615777,3601148.1293635736
2018-09-19,True,-0.0022165406045422,0.0,-0.0022165406045422,3593166.0383118684
2018-09-20,True,0.0313979400684683,0.0,0.0313979400684683,3705984.0502388403
2018-09-21,True,-0.0159391403565011,0.0,-0.0159391403565011,3646913.8503031284
2018-09-24,True,0.0086095996475428,0.0,0.0086095996475428,3678312.3185033174
2018-09-25,True,0.0040506904320141,0.0,0.0040506904320141,3693212.0230178386
2018-09-26,True,-0.0010085006315239,0.0,-0.0010085006315239,3689487.416360273
2018-09-27,True,0.0276936480097738,0.0,0.0276936480097738,3791662.7822054443
2018-09-28,True,-0.0015437981095831,0.0,-0.0015437981095831,3785809.220370099
2018-10-01,True,0.0057631456394531,0.0,0.0057631456394531,3807627.3902702765
2018-10-02,True,-0.0057301221111943,0.0,-0.0057301221111943,3785809.2203701
2018-10-03,True,0.0029517261026807,0.0,0.0029517261026807,3796983.892265636
2018-10-04,True,-0.0570426125894177,0.0,-0.0570426125894177,3580394.011090868
2018-10-05,True,-0.0376040903024492,0.0,-0.0376040903024492,3445756.551379459
2018-10-08,True,-0.0179150076464611,0.0,-0.0179150076464611,3384025.796413652
2018-10-09,True,0.0077056387346021,0.0,0.0077056387346021,3410101.87666939
2018-10-10,True,-0.1296817039047004,0.0,-0.1296817039047004,2967874.054814287
2018-10-11,True,-0.0405235959702167,0.0,-0.0405235959702167,2847605.125726504
2018-10-12,True,0.084470005008882,0.0,0.084470005008882,3088142.34495994
2018-10-15,True,-0.037739021550475,0.0,-0.037739021550475,2971598.874452562
2018-10-16,True,0.0861389612936296,0.0,0.0861389612936296,3227569.3148792246
2018-10-17,True,0.0032976162509865,0.0,0.0032976162509865,3238212.599903156
2018-10-18,True,-0.0693507270630132,0.0,-0.0693507270630132,3013640.2017152617
2018-10-19,True,-0.0040616044280965,0.0,-0.0040616044280965,3001399.987327285
2018-10-22,True,0.0150710072893418,0.0,0.0150710072893418,3046634.108414525
2018-10-23,True,-0.0110043229021536,0.0,-0.0110043229021536,3013107.962920817
2018-10-24,True,-0.1359944436150769,0.0,-0.1359944436150769,2603342.0219512433
2018-10-25,True,0.1026163815707124,0.0,0.1026163815707124,2870487.560234862
2018-10-26,False,0.0011238804482793083,0.0005007797703727038,0.0006231006779066045,2872276.1629795665
2018-10-29,False,-0.00025645342038997394,6.139752628528533e-07,-0.0002570673956528268,2871537.7944267537
2018-10-30,False,-0.00032822072393142235,9.333431298796657e-07,-0.000329154067061302,2870592.616082998
2018-10-31,False,-0.00032383185664587214,8.818367754605122e-07,-0.00032471369342133263,2869660.495352322
2018-11-01,False,-0.002109891424277153,3.0080313822378193e-06,-0.0021128994556593905,2863597.1912537646
2018-11-02,False,-0.0012689735994236998,4.1376944607188216e-07,-0.0012693873688697716,2859962.177149656
2018-11-05,False,0.0008132225299778565,6.70584244121461e-07,0.000812551945733735,2862286.044981424
2018-11-06,False,-0.0008754874921255099,3.37877055823832e-07,-0.0008758253691813337,2859779.182249376
2018-11-07,False,-0.0010320651963448145,3.299963783862381e-07,-0.0010323951927232007,2856826.759969372
2018-11-08,False,0.00043068548210869047,8.162008937731419e-07,0.00042986928121491733,2858054.822035236
2018-11-09,False,-0.00014931444935218212,1.84674866778331e-06,-0.00015116119801996544,2857622.7950443304
2018-11-12,False,-0.00018057317618778903,1.1639180304718056e-06,-0.00018173709421826084,2857103.458981187
2018-11-13,False,0.0014337782792160688,2.623275006581466e-07,0.0014335159517154107,2861199.1623653374
2018-11-14,False,0.00643439953602859,7.549081021313992e-07,0.006433644627926459,2879607.100985717
2018-11-15,False,-0.004382013101564066,1.6569251507917439e-06,-0.004383670026714858,2866983.8536484106
2018-11-16,False,0.002031764199257917,1.023215101398453e-06,0.0020307409841565185,2872805.955260929
2018-11-19,False,0.004111865670525412,1.138341680169755e-06,0.0041107273288452425,2884615.27721169
2018-11-20,False,0.001395894847446173,6.198189899578877e-07,0.001395275028456215,2888640.1088746865
2018-11-21,False,-0.0013491249692689866,7.244565542149362e-07,-0.0013498494258232015,2884740.8796823123
2018-11-23,False,0.0018210553921082613,7.351520154402214e-07,0.0018203202400928211,2889992.0318930214
2018-11-26,False,-0.0009489566338466568,2.9016835893139192e-08,-0.00094898565068255,2887249.470924168
2018-11-27,False,-0.0004173213482131159,9.253016968959193e-07,-0.0004182466499100118,2886041.8885055
2018-11-28,False,-0.0007597467983423339,8.773754501321119e-07,-0.000760624173792466,2883846.695278525
2018-11-29,False,0.0015058020858563313,3.288052320384871e-07,0.0015054732806242927,2888188.249423683
2018-11-30,False,0.0001046621651809897,4.961662458614347e-07,0.00010416599893512826,2888489.100437797
2018-12-03,False,-0.002273055971105289,2.1727628163092094e-06,-0.002275228733921598,2881917.127038862
2018-12-04,False,0.003503396533246107,4.3111094526680774e-07,0.0035029654223008404,2892012.3830848155
2018-12-06,False,0.0036924821185801236,8.896346867305061e-07,0.003691592483893393,2902688.514261538
2018-12-07,False,8.765759350176187e-05,1.6311332843652465e-06,8.602646021739663e-05,2902938.2222795337
2018-12-10,False,0.004996035099135403,2.232838809083204e-06,0.00499380226032632,2917434.9217355414
2018-12-11,False,-0.0021430930562063746,2.082641534266877e-07,-0.0021433013203598014,2911181.979615722
2018-12-12,False,-0.00212004908536663,9.085847299980382e-07,-0.002120957670096628,2905007.4858670086
2018-12-13,False,-0.0023691120757551444,4.228163533693957e-07,-0.0023695348921085138,2898123.96926741
2018-12-14,False,0.001798815996252278,9.645658249291949e-07,0.0017978514304273488,2903334.3655911135
2018-12-17,False,0.0011404873604464255,1.0805155790470645e-06,0.0011394068448673785,2906642.4446402066
2018-12-18,False,0.007796480550260037,2.0330691244042214e-06,0.0077944474811356326,2929298.1165213943
2018-12-19,False,-0.002995546896770633,8.095692410075989e-07,-0.0029963564660116407,2920520.89516908
2018-12-20,False,0.0060771537137092905,1.5466446773304831e-06,0.00607560706903196,2938264.832565025
2018-12-21,False,0.002293960660780027,1.3346116765200061e-06,0.0022926260491035067,2945001.175059328
2018-12-24,False,0.005094520658786944,9.709825495504143e-07,0.0050935496762373935,2960001.6848410703
2018-12-26,False,-0.0041733447190320195,2.7893999290763694e-07,-0.004173623659024927,2947647.7517784643
2018-12-27,False,0.005778533570934622,4.984165441799804e-07,0.005778035154390442,2964679.3641109997
2018-12-28,False,0.00011229332314408036,1.2535747857788522e-06,0.00011103974835830151,2965008.5613615536
2018-12-31,False,0.00032841045163727365,8.261304320712343e-07,0.0003275843212052024,2965979.851678495
2019-01-02,False,0.0017418317268920412,3.1747505739052054e-07,0.0017415142518346508,2971145.1478608474
2019-01-03,False,0.003943443680660936,1.258942710434391e-06,0.0039421847379505015,2982857.9509169804
2019-01-04,False,-0.010179881409895584,9.951502768204557e-07,-0.010180876560172405,2952489.8423221656
2019-01-07,False,-0.0028537012807935674,1.2262157065333345e-06,-0.0028549274965001007,2944060.697888183
2019-01-08,False,-0.003013844593486839,2.484413313153938e-07,-0.0030140930348181542,2935187.0250445963
2019-01-09,False,-0.003394544227815162,2.362261429597903e-06,-0.0033969064892447596,2925216.469192075
2019-01-10,False,-0.00022468603003536364,1.059352360015406e-06,-0.00022574538239537905,2924556.1150816483
2019-01-11,False,0.0022546773410596324,1.571993426940921e-07,0.0022545201417169384,2931149.585748682
2019-01-14,False,0.0035136323997451736,7.716831889872933e-07,0.0035128607165561864,2941446.305982808
2019-01-15,False,-0.0011923342986951979,8.805513209382554e-08,-0.0011924223538272917,2937938.8596549714
2019-01-16,False,-0.0009400454041211731,8.474557461925491e-07,-0.0009408928598673656,2935174.5739591955
2019-01-17,False,-0.002180945811892853,2.036197817280455e-07,-0.002181149431674581,2928772.519605339
2019-01-18,False,-0.0059615789719191,6.913301454264248e-07,-0.005962270302064527,2911310.3861901932
2019-01-22,False,0.005378282205879002,8.888392042772364e-07,0.005377393366674725,2926965.6473492235
2019-01-23,False,-0.001323245981108791,2.208332135137381e-07,-0.0013234668143223048,2923091.9054482956
2019-01-24,False,0.002757006146780462,8.714297716330422e-07,0.002756134717008829,2931148.340529909
2019-01-25,False,0.00025765736943985973,2.3926510511635553e-06,0.0002552647183886962,2931896.55928561
2019-01-28,False,0.004323307024362721,8.540896707333185e-07,0.004322452934691988,2944569.544172507
2019-01-29,False,0.0021514139973880827,5.729617748583965e-07,0.0021508410356132243,2950902.8451803303
2019-01-30,False,-0.000676948512303078,1.6399520777354015e-06,-0.0006785884643808135,2948900.396550082
2019-01-31,False,0.004070827493159195,5.958500178416676e-07,0.004070231643141353,2960903.104256592
2019-02-01,False,-0.005127833581190842,7.709811997547445e-07,-0.005128604562390597,2945717.8030873053
2019-02-04,False,-0.0017696691291980242,4.390551705810708e-07,-0.0017701081843686053,2940503.56389522
2019-02-05,False,0.0031688290633526835,3.191837174674195e-07,0.003168509879635216,2949820.5784885245
2019-02-06,False,-0.0017196340149695664,8.413247756917652e-07,-0.0017204753397452581,2944745.484926562
2019-02-07,False,0.005924018090046346,1.2568845117409688e-06,0.005922761205534605,2962186.509244858
2019-02-08,False,0.0019740207787011465,3.034469697394959e-07,0.001973717331731407,2968033.028097975
2019-02-11,False,-0.0002779913928281531,8.782427093853851e-07,-0.00027886963553753845,2967205.3338091657
2019-02-12,False,-0.0022802462304607166,9.604824313667605e-07,-0.0022812067128920835,2960436.525083151
2019-02-13,False,-0.002525308945988694,2.390625788545736e-07,-0.0025255480085675484,2952959.8005127367
2019-02-14,False,0.003914313047535696,2.786719585100572e-07,0.003914034375577186,2964517.786681642
2019-02-15,False,-0.002373138586891139,1.6366943380066167e-06,-0.0023747752812291454,2957477.723121066
2019-02-19,False,0.005141354738614552,1.6718966789350808e-06,0.005139682841935617,2972678.220629998
2019-02-20,False,-0.002149755363928021,2.7563331688010286e-07,-0.002150030997244901,2966286.870310809
2019-02-21,False,-0.005204849711443218,1.0222016993339938e-06,-0.005205871913142552,2950844.760806334
2019-02-22,False,0.0013534323202680717,4.5329188682120825e-07,0.0013529790283812505,2954837.1918837144
2019-02-25,False,0.0025647217704702486,1.024917742740522e-06,0.0025636968527275083,2962412.498692869
2019-02-26,False,-0.00013039992934279696,4.7499528446105777e-07,-0.000130874924627258,2962024.793180388
2019-02-27,False,-0.005367841150847386,5.934234892716883e-07,-0.005368434574336657,2946123.356870636
2019-02-28,False,-0.0013674041917551723,7.087282744021733e-07,-0.0013681129200295745,2942092.7274421
2019-03-01,False,-0.00411027923428626,2.1600831102357443e-06,-0.004112439317396496,2929993.549634341
2019-03-04,False,-0.0005229441716264964,3.934795217331588e-07,-0.0005233376511482296,2928460.1736921957
2019-03-05,False,0.0002487508646563158,1.7787270889528528e-07,0.0002485729919474205,2929188.1097993697
2019-03-06,False,0.003909760746736129,1.1439008303128078e-06,0.003908616845905816,2940637.1837901585
2019-03-07,False,0.004275822874749059,1.252009483419872e-06,0.00427457086526564,2953207.1458213045
2019-03-08,False,0.0038762352991317094,1.1736702403998128e-06,0.0038750616288913096,2964651.0055142445
2019-03-11,False,-0.0011414633995665985,6.245340159098112e-07,-0.0011420879335825084,2961265.1133735636
2019-03-12,False,0.0006563721434810448,1.0936774978033138e-06,0.0006552784659832415,2963205.5666344245
2019-03-13,False,-0.00044282449452736256,1.239844737282475e-06,-0.000444064339264645,2961889.7127123713
2019-03-14,False,-0.004275699607202809,1.217103839475972e-06,-0.0042769167110422845,2949221.9571038075
2019-03-15,True,0.0248241065536967,0.0005,0.0243241065536967,3020959.1462389026
2019-03-18,True,0.0090383938474591,0.0,0.0090383938474591,3048263.764799694
2019-03-19,True,0.0100322362192704,0.0,0.0100322362192704,3078844.666946807
2019-03-20,True,0.0115329994752024,0.0,0.0115329994752024,3114352.9808749347
2019-03-21,True,0.0463076105817614,0.0,0.0463076105817614,3258571.225927439
2019-03-22,True,-0.0653813799967273,0.0,-0.0653813799967273,3045521.342358676
2019-03-25,True,-0.0062780422673162,0.0,-0.0062780422673162,3026401.430645334
2019-03-26,True,0.013718338184369,0.0,0.013718338184369,3067918.628952585
2019-03-27,True,-0.0195867612963867,0.0,-0.0195867612963867,3007828.039090553
2019-03-28,True,0.0063566444643801,0.0,0.0063566444643801,3026947.732545045
2019-03-29,True,0.0225590675463316,0.0,0.0225590675463316,3095232.850902744
2019-04-01,True,0.0393576776241288,0.0,0.0393576776241288,3217054.027620188
2019-04-02,True,0.01103759274234,0.0,0.01103759274234,3252562.559807164
2019-04-03,True,0.0172991220090137,0.0,0.0172991220090137,3308829.0363712185
2019-04-04,True,-0.0014858067689992,0.0,-0.0014858067689992,3303912.755791517
2019-04-05,True,0.0150463194634231,0.0,0.0150463194634231,3353624.482594435
2019-04-08,True,0.0078186939266091,0.0,0.0078186939266091,3379845.445968624
2019-04-09,True,-0.0109906750777227,0.0,-0.0109906750777227,3342698.662859062
2019-04-10,True,0.0161790549904523,0.0,0.0161790549904523,3396780.3683419707
2019-04-11,True,-0.0075585928288497,0.0,-0.0075585928288497,3371105.4886086434
2019-04-12,True,0.0123156681706912,0.0,0.0123156681706912,3412622.905174744
2019-04-15,True,0.0008003495597372,0.0,0.0008003495597372,3415354.1964144497
2019-04-16,True,0.0097568522656497,0.0,0.0097568522656497,3448677.302743732
2019-04-17,True,0.0099793308705558,0.0,0.0099793308705558,3483092.7946135877
2019-04-18,True,0.0031368782396836,0.0,0.0031368782396836,3494018.83260781
2019-04-22,True,0.0084427115148912,0.0,0.0084427115148912,3523517.825639115
2019-04-23,True,0.0379845286323374,0.0,0.0379845286323374,3657356.9893736555
2019-04-24,True,-0.0097085570959427,0.0,-0.0097085570959427,3621849.3302220763
2019-04-25,True,0.0111614336599277,0.0,0.0111614336599277,3662274.361247604
2019-04-26,True,0.0035798444530528,0.0,0.0035798444530528,3675384.7338052737
2019-04-29,True,0.0053507310876383,0.0,0.0053507310876383,3695050.729159477
2019-04-30,True,-0.0229156241184117,0.0,-0.0229156241184117,3610376.3355515953
2019-05-01,True,-0.01149916834515,0.0,-0.01149916834515,3568860.0102797416
2019-05-02,True,-0.0122457863503915,0.0,-0.0122457863503915,3525156.5130794
2019-05-03,True,0.0471100560853903,0.0,0.0471100560853903,3691226.83412035
2019-05-06,True,-0.0179075377279012,0.0,-0.0179075377279012,3625126.050326098
2019-05-07,True,-0.0581675431536927,0.0,-0.0581675431536927,3414261.3743561795
2019-05-08,True,-0.0087998759842551,0.0,-0.0087998759842551,3384216.297684013
2019-05-09,True,-0.0158192080921906,0.0,-0.0158192080921906,3330680.6758419666
2019-05-10,True,0.002788227597064,0.0,0.002788227597064,3339967.3716193573
2019-05-13,True,-0.1033693810295004,0.0,-0.1033693810295004,2994717.011756337
2019-05-14,True,0.0313755425830093,0.0,0.0313755425830093,3088677.8828827604
2019-05-15,True,0.0415634616509805,0.0,0.0415634616509805,3217054.02762019
2019-05-16,True,0.0312447526657222,0.0,0.0312447526657222,3317570.0850254484
2019-05-17,True,-0.031121442579267,0.0,-0.031121442579267,3214322.5181216355
2019-05-20,True,-0.0501360348179602,0.0,-0.0501360348179602,3053169.1324369353
2019-05-21,True,0.0300591482314398,0.0,0.0300591482314398,3144944.7959645134
2019-05-22,True,-0.0130276101249732,0.0,-0.0130276101249732,3103973.6812981246
2019-05-23,True,-0.0471665310154852,0.0,-0.0471665310154852,2957570.010387927
2019-05-24,True,-0.0014776309346828,0.0,-0.0014776309346828,2953199.813449087
2019-05-28,True,-0.0107287696842784,0.0,-0.0107287696842784,2921515.612818938
2019-05-29,True,-0.0250561164670509,0.0,-0.0250561164670509,2848313.7773638396
2019-05-30,True,0.011891038304193,0.0,0.011891038304193,2882183.1855928334
2019-05-31,True,-0.0481425550140912,0.0,-0.0481425550140912,2743427.523019742
2019-06-03,True,-0.0639186354702474,0.0,-0.0639186354702474,2568071.3792367997
2019-06-04,True,0.0810464880977017,0.0,0.0810464880977017,2776204.5457081636
2019-06-05,True,0.0220384314823054,0.0,0.0220384314823054,2837387.739369618
2019-06-06,True,0.0231037382470171,0.0,0.0231037382470171,2902942.0030053095
2019-06-07,True,0.0570191019780901,0.0,0.0570191019780901,3068465.1491111503
2019-06-10,True,0.0364964806827876,0.0,0.0364964806827876,3180453.328151493
2019-06-11,True,0.0037786338984677,0.0,0.0037786338984677,3192471.0969097405
2019-06-12,True,-0.0169402532782707,0.0,-0.0169402532782707,3138389.8279445306
2019-06-13,True,0.0163618863623244,0.0,0.0163618863623244,3189739.805670034
2019-06-14,True,-0.0130159942046522,0.0,-0.0130159942046522,3148222.170845085
2019-06-17,True,0.0182198614154114,0.0,0.0182198614154114,3205582.3425028077
2019-06-18,True,0.0432854973698968,0.0,0.0432854973698968,3344337.5685582007
2019-06-19,True,0.0117607717229824,0.0,0.0117607717229824,3383669.5592666077
2019-06-20,True,0.0274460214569918,0.0,0.0274460214569918,3476537.826593609
2019-06-21,True,-0.0045569239755537,0.0,-0.0045569239755537,3460695.5080196853
2019-06-24,True,-0.0003155287774795,0.0,-0.0003155287774795,3459603.558996811
2019-06-25,True,-0.0511606897265268,0.0,-0.0511606897265268,3282607.8547381875
2019-06-26,True,0.0126475600758937,0.0,0.0126475600758937,3324124.8347865893
2019-06-27,True,0.0108464139822241,0.0,0.0108464139822241,3360179.6688732775
2019-06-28,True,0.0042270451384531,0.0,0.0042270451384531,3374383.3000069177
2019-07-01,True,0.0398252575197446,0.0,0.0398252575197446,3508768.9839000185
2019-07-02,True,0.0121436171847271,0.0,0.0121436171847271,3551378.1312301443
2019-07-03,True,0.0221504535103145,0.0,0.0221504535103145,3630042.7674235054
2019-07-05,True,-0.0064710881981434,0.0,-0.0064710881981434,3606552.440512475
2019-07-08,True,-0.0210540929127089,0.0,-0.0210540929127089,3530619.750335369
2019-07-09,True,0.0150086274385681,0.0,0.0150086274385681,3583609.5067954026
2019-07-10,True,0.0295731551341487,0.0,0.0295731551341487,3689588.146680073
2019-07-11,True,-0.0026651847859084,0.0,-0.0026651847859084,3679754.712485273
2019-07-12,True,0.0167754969130329,0.0,0.0167754969130329,3741484.4263052884
2019-07-15,True,0.0084684669338945,0.0,0.0084684669338945,3773169.063453136
2019-07-16,True,-0.0141885611804261,0.0,-0.0141885611804261,3719633.2233522404
2019-07-17,True,-0.0148332073918182,0.0,-0.0148332073918182,3664459.1323287594
2019-07-18,True,0.0043230564799092,0.0,0.0043230564799092,3680300.796126136
2019-07-19,True,-0.0241948033494301,0.0,-0.0241948033494301,3591256.6420971127
2019-07-22,True,0.0235781111803203,0.0,0.0235781111803203,3675931.6904815426
2019-07-23,True,0.0193193546115519,0.0,0.0193193546115519,3746948.3183377977
2019-07-24,True,0.0212856281759226,0.0,0.0212856281759226,3826704.4670363343
2019-07-25,True,-0.0285511694832426,0.0,-0.0285511694832426,3717447.5792356986
2019-07-26,True,0.0296842091913898,0.0,0.0296842091913898,3827797.0708357566
2019-07-29,True,-0.0092763788184636,0.0,-0.0092763788184636,3792288.9751664787
2019-07-30,True,-0.013396803142872,0.0,-0.013396803142872,3741484.42630529
2019-07-31,True,-0.042195797582348,0.0,-0.042195797582348,3583609.5067954045
2019-08-01,True,-0.0140245982113492,0.0,-0.0140245982113492,3533350.8233162276
2019-08-02,True,-0.0457636506799233,0.0,-0.0457636506799233,3371651.7905083643
2019-08-05,True,-0.1049902414236193,0.0,-0.1049902414236193,3017661.255026513
2019-08-06,True,0.0410933956195493,0.0,0.0410933956195493,3141667.2028251034
2019-08-07,True,0.01460620390426,0.0,0.01460620390426,3187555.034588893
2019-08-08,True,0.0661524131890842,0.0,0.0661524131890842,3398419.4922999633
2019-08-09,True,-0.029577231231799,0.0,-0.029577231231799,3297903.6531535545
2019-08-12,True,-0.0334602311559777,0.0,-0.0334602311559777,3187555.0345888934
2019-08-13,True,0.065638187100375,0.0,0.065638187100375,3396780.3683419814
2019-08-14,True,-0.0895784652422958,0.0,-0.0895784652422958,3092501.9961807467
2019-08-15,True,-0.0042396180666689,0.0,-0.0042396180666689,3079390.968846529
2019-08-16,True,0.0461238138155974,0.0,0.0461238138155974,3221424.2245590384
2019-08-19,True,0.0468034133600729,0.0,0.0468034133600729,3372197.8741492275
2019-08-20,True,-0.0205732492486303,0.0,-0.0205732492486303,3302820.8067686544
2019-08-21,True,0.0254712578537468,0.0,0.0254712578537468,3386947.807182579
2019-08-22,True,-0.0096774513675444,0.0,-0.0096774513675444,3354170.7844941583
2019-08-23,True,-0.0915309792380291,0.0,-0.0915309792380291,3047160.24805782
2019-08-26,True,0.0405162957798392,0.0,0.0405162957798392,3170619.893956699
2019-08-27,True,-0.0060304074949615,0.0,-0.0060304074949615,3151499.7639845083
2019-08-28,True,0.0100537589280791,0.0,0.0100537589280791,3183184.182873507
2019-08-29,True,0.045478178977671,0.0,0.045478178977671,3327949.60286112
2019-08-30,True,-0.0070584983891689,0.0,-0.0070584983891689,3304459.275950089
2019-09-03,True,-0.029095858261901,0.0,-0.029095858261901,3208313.1972248214
2019-09-04,True,0.0420569868021389,0.0,0.0420569868021389,3343245.1830176343
2019-09-05,True,0.0552289529324676,0.0,0.0552289529324676,3527889.113872214
2019-09-06,True,-0.0027875277974805,0.0,-0.0027875277974805,3518055.0249008667
2019-09-09,True,-0.0063663212134357,0.0,-0.0063663212134357,3495657.956565806
2019-09-10,True,-0.0082826598791678,0.0,-0.0082826598791678,3466704.610657665
2019-09-11,True,0.0269461524586431,0.0,0.0269461524586431,3560118.961625528
2019-09-12,True,0.0124291195885493,0.0,0.0124291195885493,3604368.1059490335
2019-09-13,True,-0.0106091791362458,0.0,-0.0106091791362458,3566128.7190400492
2019-09-16,True,-0.0137869615915012,0.0,-0.0137869615915012,3516962.6393602947
2019-09-17,True,0.0132028457979573,0.0,0.0132028457979573,3563396.554764946
2019-09-18,True,-0.0006131147761886,0.0,-0.0006131147761886,3561211.7836837997
2019-09-19,True,0.0044485752424239,0.0,0.0044485752424239,3577054.1022577235
2019-09-20,True,-0.0314601613455817,0.0,-0.0314601613455817,3464519.4030588204
2019-09-23,True,0.0009460455428604,0.0,0.0009460455428604,3467796.996198238
2019-09-24,True,-0.0395398924754192,0.0,-0.0395398924754192,3330680.675841978
2019-09-25,True,0.0319829344665272,0.0,0.0319829344665272,3437205.6176263606
2019-09-26,True,-0.0100127004192642,0.0,-0.0100127004192642,3402789.9074976556
2019-09-27,True,-0.0362818890542875,0.0,-0.0362818890542875,3279330.2615987766
2019-09-30,True,0.0266535169912942,0.0,0.0266535169912942,3366735.9464463647
2019-10-01,True,-0.0241768347806514,0.0,-0.0241768347806514,3285338.9277190515
2019-10-02,True,-0.0512136564258575,0.0,-0.0512136564258575,3117084.7086323528
2019-10-03,True,0.0329475781278227,0.0,0.0329475781278227,3219785.1006010594
2019-10-04,True,0.0420768783376512,0.0,0.0420768783376512,3355263.6065524323
2019-10-07,True,-0.0092805738735475,0.0,-0.0092805738735475,3324124.8347865967
2019-10-08,True,-0.0455216758551023,0.0,-0.0455216758551023,3172805.1015555463
2019-10-09,True,0.0303029719353333,0.0,0.0303029719353333,3268950.5255042664
2019-10-10,True,0.0218917806973466,0.0,0.0218917806973466,3340513.673519082
2019-10-11,True,0.0374488967339645,0.0,0.0374488967339645,3465612.2251170943
2019-10-14,True,0.0011033192786449,0.0,0.0011033192786449,3469435.9018973736
2019-10-15,True,0.0379467901579324,0.0,0.0379467901579324,3601089.8580330703
2019-10-16,True,-0.00743322239846,0.0,-0.00743322239846,3574322.156241472
2019-10-17,True,0.0068777093655016,0.0,0.0068777093655016,3598905.3052107743
2019-10-18,True,-0.028688542734224,0.0,-0.028688542734224,3495657.9565658094
2019-10-21,True,0.0264101566229155,0.0,0.0264101566229155,3587978.8306988534
2019-10-22,True,-0.0231423875481253,0.0,-0.0231423875481253,3504944.4340843516
2019-10-23,True,0.0046757951582383,0.0,0.0046757951582383,3521332.836299137
2019-10-24,True,0.0286998444130706,0.0,0.0286998444130706,3622394.5408275593
2019-10-25,True,0.022771884332758,0.0,0.022771884332758,3704883.2903188984
2019-10-28,True,0.0305222082576668,0.0,0.0305222082576668,3817964.509676362
2019-10-29,True,-0.0230364124085596,0.0,-0.0230364124085596,3730012.3046702133
2019-10-30,True,0.0140599195218495,0.0,0.0140599195218495,3782455.9774893853
2019-10-31,True,0.0007222100597237,0.0,0.0007222100597237,3785187.70524679
2019-11-01,True,0.02713229474566,0.0,0.02713229474566,3887888.533733194
2019-11-04,True,0.0178445197943097,0.0,0.0178445197943097,3957266.0376314665
2019-11-05,True,0.0012422875475399,0.0,0.0012422875475399,3962182.0999523187
2019-11-06,True,-0.0063422159096667,0.0,-0.0063422159096667,3937053.085601005
2019-11-07,True,0.0101291363153104,0.0,0.0101291363153104,3976932.0329856705
2019-11-08,True,0.0118131808425934,0.0,0.0118131808425934,4023912.250290033
2019-11-11,True,-0.0042084087682523,0.0,-0.0042084087682523,4006977.982693234
2019-11-12,True,0.0081798223133342,0.0,0.0081798223133342,4039754.350605107
2019-11-13,True,-0.0014874920889863,0.0,-0.0014874920889863,4033745.2479671338
2019-11-14,True,-0.0002707576246353,0.0,-0.0002707576246353,4032653.08068541
2019-11-15,True,0.0188294625542648,0.0,0.0188294625542648,4108585.770862517
2019-11-18,True,0.0051852991430472,0.0,0.0051852991430472,4129890.017139307
2019-11-19,True,0.0041007332107174,0.0,0.0041007332107174,4146825.594289201
2019-11-20,True,-0.0175207067778775,0.0,-0.0175207067778775,4074170.278992662
2019-11-21,True,-0.0077768474217978,0.0,-0.0077768474217978,4042486.078362513
2019-11-22,True,0.0027025856730349,0.0,0.0027025856730349,4053411.2433213387
2019-11-25,True,0.0346360443899813,0.0,0.0346360443899813,4193805.3750758665
2019-11-26,True,0.0059921443985122,0.0,0.0059921443985122,4218935.262462578
2019-11-27,True,0.0201995223787816,0.0,0.0201995223787816,4304155.739711322
2019-11-29,True,-0.0133265937872107,0.0,-0.0133265937872107,4246796.004571298
2019-12-02,True,-0.0321588281234099,0.0,-0.0321588281234099,4110224.021785106
2019-12-03,True,-0.0224611693002684,0.0,-0.0224611693002684,4017903.5841697603
2019-12-04,True,0.014819794694868,0.0,0.014819794694868,4077448.090390931
2019-12-05,True,0.0052251111086845,0.0,0.0052251111086845,4098753.209703117
2019-12-06,True,0.0309209246212402,0.0,0.0309209246212402,4225490.448741415
2019-12-09,True,-0.0122820273309973,0.0,-0.0122820273309973,4173592.859563104
2019-12-10,True,-0.0022249513340922,0.0,-0.0022249513340922,4164306.8185622613
2019-12-11,True,0.0150857955090417,0.0,0.0150857955090417,4227128.699664
2019-12-12,True,0.0228739875694863,0.0,0.0228739875694863,4323819.988994733
2019-12-13,True,0.0089705900614189,0.0,0.0089705900614189,4362607.205615374
2019-12-16,True,0.0286751810791012,0.0,0.0286751810791012,4487705.757213388
2019-12-17,True,0.0013391116710386,0.0,0.0013391116710386,4493715.296369059
2019-12-18,True,0.0023095910879469,0.0,0.0023095910879469,4504093.941169323
2019-12-19,True,0.020376054479839,0.0,0.020376054479839,4595869.604696902
2019-12-20,True,0.0118861366935638,0.0,0.0118861366935638,4650496.739044125
2019-12-23,True,0.0074004843608659,0.0,0.0074004843608659,4684912.66743168
2019-12-24,True,0.0012947626496755,0.0,0.0012947626496755,4690978.517370462
2019-12-26,True,0.0259788309814528,0.0,0.0259788309814528,4812844.655410856
2019-12-27,True,-0.0029523262482401,0.0,-0.0029523262482401,4798635.567805984
2019-12-30,True,-0.0199293331606172,0.0,-0.0199293331606172,4703001.960858792
2019-12-31,True,0.0056938479803383,0.0,0.0056938479803383,4729780.139075154
2020-01-02,True,0.0495667198941529,0.0,0.0495667198941529,4964219.826389621
2020-01-03,True,-0.0271908410613065,0.0,-0.0271908410613065,4829238.514096874
2020-01-06,True,0.0190110384079542,0.0,0.0190110384079542,4921047.352969541
2020-01-07,True,-0.0012217233102288,0.0,-0.0012217233102288,4915035.194707678
2020-01-08,True,0.0230154639839064,0.0,0.0230154639839064,5028157.0102111045
2020-01-09,True,0.0252146210110728,0.0,0.0252146210110728,5154940.083607746
2020-01-10,True,-0.0081628488212827,0.0,-0.0081628488212827,5112861.087022486
2020-01-13,True,0.0349508803929501,0.0,0.0349508803929501,5291560.083340779
2020-01-14,True,-0.0116699823431565,0.0,-0.0116699823431565,5229807.67060044
2020-01-15,True,0.0006270894984334,0.0,0.0006270894984334,5233087.228069501
2020-01-16,True,0.0278821970729861,0.0,0.0278821970729861,5378997.197462661
2020-01-17,True,0.014934366498795,0.0,0.014934366498795,5459329.113005561
2020-01-21,True,-0.0005005378383018,0.0,-0.0005005378383018,5456596.512212758
2020-01-22,True,0.006810243636806,0.0,0.006810243636806,5493757.263888673
2020-01-23,True,0.0092507860486465,0.0,0.0092507860486465,5544578.836940105
2020-01-24,True,-0.0259213584927288,0.0,-0.0259213584927288,5400855.821216583
2020-01-27,True,-0.0618232572590078,0.0,-0.0618232572590078,5066957.3223627005
2020-01-28,True,0.0464839697927552,0.0,0.0464839697927552,5302489.613476588
2020-01-29,True,0.0036070715594065,0.0,0.0036070715594065,5321616.072955408
2020-01-30,True,0.01129614096093,0.0,0.01129614096093,5381729.798255464
2020-01-31,True,-0.0491472877522817,0.0,-0.0491472877522817,5117232.375255573
2020-02-03,True,0.0459206513909755,0.0,0.0459206513909755,5352219.019246298
2020-02-04,True,0.0683070861164751,0.0,0.0683070861164751,5717813.50470819
2020-02-05,True,0.0115646608540787,0.0,0.0115646608540787,5783938.078717012
2020-02-06,True,0.0243763480948937,0.0,0.0243763480948937,5924929.366683129
2020-02-07,True,-0.0129127526647973,0.0,-0.0129127526647973,5848422.219214755
2020-02-10,True,0.0360680297455482,0.0,0.0360680297455482,6059363.285781918
2020-02-11,True,0.0007215545697254,0.0,0.0007215545697254,6063735.447050401
2020-02-12,True,0.0292897869694934,0.0,0.0292897869694934,6241340.966533873
2020-02-13,True,-0.003852490116642,0.0,-0.003852490116642,6217296.262145708
2020-02-14,True,0.0067680539596384,0.0,0.0067680539596384,6259375.258730968
2020-02-18,True,0.0017459661146166,0.0,0.0017459661146166,6270303.915831382
2020-02-19,True,0.028935125962668,0.0,0.028935125962668,6451735.949460174
2020-02-20,True,-0.0284600619350055,0.0,-0.0284600619350055,6268119.144750236
2020-02-21,True,-0.0571926902085536,0.0,-0.0571926902085536,5909628.548314232
2020-02-24,True,-0.1152209549938215,0.0,-0.1152209549938215,5228715.503318716
2020-02-25,True,-0.0808944950528641,0.0,-0.0808944950528641,4805741.202902666
2020-02-26,True,0.013759132076877,0.0,0.013759132076877,4871864.030840694
2020-02-27,True,-0.1495232219202512,0.0,-0.1495232219202512,4143407.224192011
2020-02-28,True,0.0155630709241518,0.0,0.0155630709241518,4207891.364689754
2020-03-02,False,-0.0021471498012524803,0.0005014986929513974,-0.0026486484942038774,4196746.1395628955
2020-03-03,False,0.013711424408998278,2.9138649199395434e-06,0.013708510544078338,4254277.2782679135
2020-03-04,False,-0.0007820421472605642,4.230925236544114e-07,-0.0007824652397842186,4250948.454177264
2020-03-05,False,0.013057099048589324,1.4056210682121124e-06,0.013055693427521112,4306447.533971198
2020-03-06,False,0.008999638298552824,2.2184285622563747e-06,0.008997419869990567,4345194.450582422
2020-03-09,False,0.0148033782864948,3.906605986023451e-06,0.014799471680508778,4409501.032800121
2020-03-10,False,-0.01563248361578499,1.0999227028308938e-06,-0.015633583538487823,4340564.730040791
2020-03-11,False,-0.0017816971472297948,4.1936336972446533e-07,-0.0017821165105995193,4332829.33797006
2020-03-12,False,-0.008686010162267091,5.24594107555329e-06,-0.008691256103342645,4295171.608541685
2020-03-13,False,-0.013431196206099222,2.886272948557797e-06,-0.01343408247904778,4237469.918890873
2020-03-16,False,0.005754354928969123,2.8503431559704084e-06,0.0057515045858131525,4261841.7465616185
2020-03-17,False,0.0023602928932983333,2.611318879761848e-06,0.0023576815744185712,4271889.812320574
2020-03-18,False,-0.0039714611712146275,3.136031489160002e-06,-0.003974597202703788,4254910.771022266
2020-03-19,False,-0.010997863327428442,2.1401659896861103e-06,-0.011000003493418129,4208106.737676838
2020-03-20,False,0.01646971773011406,5.739279470293457e-07,0.016469143802167033,4277410.652674507
2020-03-23,False,0.02180830253888379,3.6489701363244392e-06,0.021804653568747466,4370678.110127345
2020-03-24,False,0.010009256406339975,6.356558402758325e-06,0.010002899847937216,4414397.565530519
2020-03-25,False,-0.008031906598358793,1.4896023126423491e-06,-0.008033396200671436,4378934.9608993335
2020-03-26,False,0.006859526064782818,9.870124535955872e-07,0.006858539052329223,4408968.057336271
2020-03-27,False,0.0003472741151480067,1.1342334300674662e-06,0.00034613988171793925,4410494.177018136
2020-03-30,False,0.004680751944053751,9.60379378348808e-07,0.004679791564675403,4431134.370463796
2020-03-31,False,-0.012667591144452615,3.2375274311747387e-06,-0.01267082867188379,4374988.2260335535
2020-04-01,False,0.010962201761457619,1.9186009490538142e-06,0.010960283160508564,4422939.335814772
2020-04-02,False,-0.0024025542726519556,3.6800825526185216e-06,-0.0024062343552045742,4412296.707233949
2020-04-03,False,-0.002164180315699224,1.5476526801827955e-06,-0.0021657279683794067,4402740.8728503045
2020-04-06,False,0.006684955125778272,3.480990847696888e-06,0.006681474134930575,4432157.672115055
2020-04-07,False,-0.005978486148649621,8.285390511325458e-07,-0.0059793146877007534,4405656.406647972
2020-04-08,False,-0.004832656262187805,8.093540402355076e-07,-0.00483346561622804,4384361.817889525
2020-04-09,False,0.013183055541091488,2.1286882892558173e-06,0.013180926852802232,4442151.770307346
2020-04-13,False,0.002663777585425093,2.4063510740108265e-06,0.002661371234351082,4453973.985247463
2020-04-14,False,0.0053766205500070776,6.158309905523878e-07,0.005376004719016525,4477918.57041053
2020-04-15,False,0.007589269659034076,2.6682053270946636e-06,0.007586601453706981,4511890.753946388
2020-04-16,False,-0.0008216648838820445,1.370567620421481e-07,-0.0008218019406440866,4508182.873368821
2020-04-17,False,-0.010121312193988147,1.565201720869297e-06,-0.010122877395709017,4462547.090864273
2020-04-20,False,0.011027757868882923,2.3247370512099462e-06,0.011025433131831713,4511748.605412248
2020-04-21,False,0.01980245511007525,7.318009591882446e-06,0.01979513710048337,4601059.287619297
2020-04-22,False,-0.000589684415307757,3.378749799262004e-06,-0.000593063165107019,4598330.568835338
2020-04-23,False,0.00355162236007203,1.0634305496388664e-06,0.003550558929522391,4614657.212497412
2020-04-24,False,-0.0009551735927844711,5.555885477707689e-07,-0.0009557291813322419,4610246.849937582
2020-04-27,False,-0.0026266458043201556,6.707281547559952e-07,-0.0026273165324749116,4598134.272169951
2020-04-28,False,-0.0013202999444806695,6.351646720088588e-07,-0.0013209351091526783,4592060.435173243
2020-04-29,False,-0.001865518092695611,1.5469662113401228e-06,-0.0018670650589069511,4583486.759586343
2020-04-30,False,-0.010653265975958871,1.8783501217603528e-06,-0.010655144326080631,4534649.04664627
2020-05-01,False,0.004353752537165987,7.224799240585777e-07,0.004353030057241928,4554388.510245364
2020-05-04,False,0.0011839427180140316,3.8635277299151063e-07,0.00118355636524104,4559778.885756446
2020-05-05,False,-0.0063751011311050645,2.7114354869220705e-06,-0.006377812566591987,4530697.470677989
2020-05-06,False,-0.0001509363874528409,2.2304927270899304e-06,-0.00015316688017993083,4530003.5178813655
2020-05-07,False,0.005023132254858798,1.712667482331995e-06,0.005021419587376466,4552750.566276939
2020-05-08,False,-0.00789626387921964,1.366412238398923e-06,-0.00789763029145804,4516794.625495258
2020-05-11,False,0.0018750153408357024,1.9355349521327505e-06,0.0018730798058835697,4525254.942295595
2020-05-12,False,0.0015653638923353837,3.8667862456064074e-07,0.001564977213710823,4532336.863166519
2020-05-13,False,0.009708346459762552,1.3438952559557543e-06,0.009707002564506597,4576332.268720484
2020-05-14,False,-0.0006966467393317652,1.7084157056754674e-06,-0.0006983551550374407,4573136.363489459
2020-05-15,False,-0.0007087285034707201,1.1777132617123849e-06,-0.0007099062167324325,4569889.865555054
2020-05-18,False,-0.01592798636075911,3.555297672712884e-06,-0.015931541658431823,4497084.474787518
2020-05-19,False,0.0019419393751922464,1.282221136828729e-06,0.0019406571540554177,4505811.773945906
2020-05-20,False,-0.0013431260296412051,9.824652363586289e-07,-0.0013441084948775637,4499755.474064226
2020-05-21,False,-0.0022754458658797,2.0548242633350035e-06,-0.002277500690143035,4489507.27786657
2020-05-22,False,0.006040734922835837,8.845342757706071e-07,0.006039850388560066,4516623.230143236
2020-05-26,False,-0.014333182402770267,2.304162243932817e-06,-0.0143354865650142,4451875.238508286
2020-05-27,False,0.006277477339036871,1.7809075036633593e-06,0.0062756964315332075,4479813.856056224
2020-05-28,False,-0.0019798850778414818,1.2207694702841277e-06,-0.001981105847311766,4470938.870631122
2020-05-29,False,0.0006735769884920253,1.4279676519313445e-06,0.0006721490208400939,4473944.007815253
2020-06-01,False,-0.0009254103837691994,1.0767613822024181e-06,-0.0009264871451514018,4469798.956203884
2020-06-02,False,-0.006943973264290105,1.1053466199953538e-06,-0.006945078610910101,4438755.851078085
2020-06-03,False,-0.011901696955816735,1.5900560144344323e-06,-0.011903287011831168,4385920.066207257
2020-06-04,False,-0.0008548936971383118,1.8984835337680361e-06,-0.0008567921806720798,4382162.2441894775
2020-06-05,True,0.0592741930549671,0.0005,0.0587741930549671,4639720.293927657
2020-06-08,True,0.0222492975227284,0.0,0.0222492975227284,4742950.811169495
2020-06-09,True,0.0223094709220952,0.0,0.0223094709220952,4848763.534376209
2020-06-10,True,0.0360866609094987,0.0,0.0360866609094987,5023739.219871585
2020-06-11,True,-0.1472309858687943,0.0,-0.1472309858687943,4284089.141782164
2020-06-12,True,0.021687017152151,0.0,0.021687017152151,4376998.256481338
2020-06-15,True,0.0352592285862765,0.0,0.0352592285862765,4531327.838528347
2020-06-16,True,0.0528533352792581,0.0,0.0528533352792581,4770823.628038323
2020-06-17,True,0.0097372196022027,0.0,0.0097372196022027,4817278.185387909
2020-06-18,True,0.0077145365569426,0.0,0.0077145365569426,4854441.254054047
2020-06-19,True,-0.0013823464439103,0.0,-0.0013823464439103,4847730.7344493335
2020-06-22,True,0.0355624517186605,0.0,0.0355624517186605,5020127.9246382555
2020-06-23,True,0.0261154543835122,0.0,0.0261154543835122,5151230.846453542
2020-06-24,True,-0.0589179792268788,0.0,-0.0589179792268788,4847730.734449334
2020-06-25,True,0.0265121164846771,0.0,0.0265121164846771,4976254.336367405
2020-06-26,True,-0.0718806386341126,0.0,-0.0718806386341126,4618557.996663543
2020-06-29,True,0.0319625111843258,0.0,0.0319625111843258,4766178.708287359
2020-06-30,True,0.0575047445495098,0.0,0.0575047445495098,5040256.597384736
2020-07-01,True,0.0357398542053788,0.0,0.0357398542053788,5220394.633332965
2020-07-02,True,0.0212577486124978,0.0,0.0212577486124978,5331368.47010639
2020-07-06,True,0.0734823381804143,0.0,0.0734823381804143,5723129.890991147
2020-07-07,True,-0.0196609212211676,0.0,-0.0196609212211676,5610607.88506586
2020-07-08,True,0.0384545404308453,0.0,0.0384545404308453,5826361.232823746
2020-07-09,True,0.0249823055152871,0.0,0.0249823055152871,5971917.169184574
2020-07-10,True,0.0211755828275073,0.0,0.0211755828275073,6098375.995839655
2020-07-13,True,-0.0617859348065843,0.0,-0.0617859348065843,5721582.134134667
2020-07-14,True,0.0211998859151139,0.0,0.0211998859151139,5842879.022632277
2020-07-15,True,0.0049469413618872,0.0,0.0049469413618872,5871783.402541839
2020-07-16,True,-0.0214487170097988,0.0,-0.0214487170097988,5745841.181997886
2020-07-17,True,0.0046712075902908,0.0,0.0046712075902908,5772681.198939839
2020-07-20,True,0.0851215927865107,0.0,0.0851215927865107,6264061.017242343
2020-07-21,True,-0.0319708126148257,0.0,-0.0319708126148257,6063793.896252254
2020-07-22,True,0.0115761437676076,0.0,0.0115761437676076,6133989.246172412
2020-07-23,True,-0.0783404940710758,0.0,-0.0783404940710758,5653449.498000599
2020-07-24,True,-0.0295808077721527,0.0,-0.0295808077721527,5486215.895150671
2020-07-27,True,0.053720890769471,0.0,0.053720890769471,5780940.299991796
2020-07-28,True,-0.0375893743800528,0.0,-0.0375893743800528,5563638.370786669
2020-07-29,True,0.0340476298811156,0.0,0.0340476298811156,5753067.070827587
2020-07-30,True,0.0162392176841912,0.0,0.0162392176841912,5846492.379342508
2020-07-31,True,0.0539418317560449,0.0,0.0539418317560449,6161862.887632
2020-08-03,True,0.0372757575427076,0.0,0.0372757575427076,6391550.994642778
2020-08-04,True,0.0130017631510146,0.0,0.0130017631510146,6474652.426842756
2020-08-05,True,0.007971960116702,0.0,0.007971960116702,6526268.097759054
2020-08-06,True,0.0382790363171443,0.0,0.0382790363171443,6776087.351288593
2020-08-07,True,-0.0326783685409537,0.0,-0.0326783685409537,6554655.87155749
2020-08-10,True,-0.0134655632882733,0.0,-0.0134655632882733,6466393.738086181
2020-08-11,True,-0.05675277160265,0.0,-0.05675277160265,6099407.971175769
2020-08-12,True,0.0748073751526148,0.0,0.0748073751526148,6555688.671484365
2020-08-13,True,0.007007467579881,0.0,0.007007467579881,6601627.447313584
2020-08-14,True,-0.0028929755191892,0.0,-0.0028929755191892,6582529.100721698
2020-08-17,True,0.0330118581452107,0.0,0.0330118581452107,6799830.617631446
2020-08-18,True,0.0293761106104495,0.0,0.0293761106104495,6999583.193987308
2020-08-19,True,-0.0195414908122161,0.0,-0.0195414908122161,6862800.903312663
2020-08-20,True,0.0411400180831282,0.0,0.0411400180831282,7145136.656575855
2020-08-21,True,0.0208772693123078,0.0,0.0208772693123078,7294307.598828431
2020-08-24,True,0.018539509446841,0.0,0.018539509446841,7429540.483465075
2020-08-25,True,0.0233430222265926,0.0,0.0233430222265926,7602968.41210397
2020-08-26,True,0.06401868140199,0.0,0.06401868140199,8089700.424587849
2020-08-27,True,-0.0090599276453423,0.0,-0.0090599276453423,8016408.324068588
2020-08-28,True,0.0154531916856766,0.0,0.0154531916856766,8140287.418531074
2020-08-31,True,0.0231434396903051,0.0,0.0231434396903051,8328681.669463598
2020-09-01,True,0.0519335803338922,0.0,0.0519335803338922,8761219.928020103
2020-09-02,True,0.0282197597330278,0.0,0.0282197597330278,9008459.449357044
2020-09-03,True,-0.1535553536900202,0.0,-0.1535553536900202,7625162.272408818
2020-09-04,True,-0.0412237942522759,0.0,-0.0412237942522759,7310824.15175082
2020-09-08,True,-0.1413441885819348,0.0,-0.1413441885819348,6277481.644156388
2020-09-09,True,0.0859232652181938,0.0,0.0859232652181938,6816863.364369581
2020-09-10,True,-0.0578481306109236,0.0,-0.0578481306109236,6422520.562110709
2020-09-11,True,-0.0218595774899063,0.0,-0.0218595774899063,6282126.976202733
2020-09-14,True,0.0515159293289335,0.0,0.0515159293289335,6605756.58554418
2020-09-15,True,0.0425065611744122,0.0,0.0425065611744122,6886544.58195089
2020-09-16,True,-0.0480438203121019,0.0,-0.0480438203121019,6555688.671484362
2020-09-17,True,-0.0460593419085956,0.0,-0.0460593419085956,6253737.965518157
2020-09-18,True,-0.0386263910030661,0.0,-0.0386263910030661,6012178.637631333
2020-09-21,True,0.0118472423799627,0.0,0.0118472423799627,6083406.375182985
2020-09-22,True,0.0546412459909273,0.0,0.0546412459909273,6415811.279392134
2020-09-23,True,-0.0925986368275816,0.0,-0.0925986368275816,5821715.9007774005
2020-09-24,True,0.0146289850997733,0.0,0.0146289850997733,5906881.695944987
2020-09-25,True,0.0700803109133778,0.0,0.0700803109133778,6320837.801725352
2020-09-28,True,0.059284717975157,0.0,0.059284717975157,6695566.8881673515
2020-09-29,True,-0.0104840393619771,0.0,-0.0104840393619771,6625370.301361055
2020-09-30,True,0.0197881386915252,0.0,0.0197881386915252,6756474.0477671
2020-10-01,True,0.0468293439007632,0.0,0.0468293439007632,7072875.2945065675
2020-10-02,True,-0.0824635027922676,0.0,-0.0824635027922676,6489621.222908665
2020-10-05,True,0.06307178748357,0.0,0.06307178748357,6898933.233528826
2020-10-06,True,-0.0537185022614312,0.0,-0.0537185022614312,6528332.873022046
2020-10-07,True,0.0525776746867334,0.0,0.0525776746867334,6871577.435066507
2020-10-08,True,0.0147222862056695,0.0,0.0147222862056695,6972742.764749976
2020-10-09,True,0.0444888625880499,0.0,0.0444888625880499,7282952.159472758
2020-10-12,True,0.0932672282631217,0.0,0.0932672282631217,7962212.920959699
2020-10-13,True,0.0001293502031958,0.0,0.0001293502031958,7963242.834818914
2020-10-14,True,-0.0246951343898017,0.0,-0.0246951343898017,7766589.482834435
2020-10-15,True,-0.0206686258854705,0.0,-0.0206686258854705,7606064.7504077
2020-10-16,True,-0.0153365420474828,0.0,-0.0153365420474828,7489414.018547196
2020-10-19,True,-0.0496898294240746,0.0,-0.0496898294240746,7117266.313479313
2020-10-20,True,0.0064543217331491,0.0,0.0064543217331491,7163203.440127013
2020-10-21,True,-0.0025941121080053,0.0,-0.0025941121080053,7144621.287350873
2020-10-22,True,0.0005060912730128,0.0,0.0005060912730128,7148237.117833384
2020-10-23,True,0.0058485401144099,0.0,0.0058485401144099,7190043.869364347
2020-10-26,True,-0.0455850257984088,0.0,-0.0455850257984088,6862285.534087682
2020-10-27,True,0.0236177384178177,0.0,0.0236177384178177,7024357.19878014
2020-10-28,True,-0.1173486529121341,0.0,-0.1173486529121341,6200058.343929638
2020-10-29,True,0.0508655993548037,0.0,0.0508655993548037,6515428.027628371
2020-10-30,True,-0.0695555146627031,0.0,-0.0695555146627031,6062244.077918878
2020-11-02,False,0.0035004392433048894,0.0005010304728666234,0.002999408770438266,6080427.225974726
2020-11-03,True,0.050302305106179,0.0005,0.049802305106179,6383246.5178586375
2020-11-04,True,0.1351700864205258,0.0,0.1351700864205258,7246070.50132111
2020-11-05,True,0.0771701279396337,0.0,0.0771701279396337,7805250.688967666
2020-11-06,True,0.0033800920676729,0.0,0.0033800920676729,7831633.154907645
2020-11-09,True,-0.061030286799507,0.0,-0.061030286799507,7353666.337355103
2020-11-10,True,-0.0539532602712755,0.0,-0.0539532602712755,6956912.063507667
2020-11-11,True,0.0672166651145198,0.0,0.0672166651145198,7424532.491911625
2020-11-12,True,-0.0146312882416764,0.0,-0.0146312882416764,7315902.016962774
2020-11-13,True,0.0262324384356866,0.0,0.0262324384356866,7507815.966224266
2020-11-16,True,0.0230121051111447,0.0,0.0230121051111447,7680586.616394149
2020-11-17,True,-0.009226874309714,0.0,-0.009226874309714,7609718.809059808
2020-11-18,True,-0.0231799251965515,0.0,-0.0231799251965515,7433326.09629901
2020-11-19,True,0.0247741260122764,0.0,0.0247741260122764,7617480.253699065
2020-11-20,True,-0.0203045393413671,0.0,-0.0203045393413671,7462810.826205745
2020-11-23,True,0.0002079589592218,0.0,0.0002079589592218,7464362.784578033
2020-11-24,True,0.0408873240715257,0.0,0.0408873240715257,7769560.604738511
2020-11-25,True,0.018841562714287,0.0,0.018841562714287,7915951.268135145
2020-11-27,True,0.0273147435746197,0.0,0.0273147435746197,8132173.447173443
2020-11-30,True,0.0051523213035611,0.0,0.0051523213035611,8174073.017669569
2020-12-01,True,0.0392988192166561,0.0,0.0392988192166561,8495304.435454713
2020-12-02,True,0.0040187618093017,0.0,0.0040187618093017,8529445.04047831
2020-12-03,True,0.0040634239045396,0.0,0.0040634239045396,8564103.791348245
2020-12-04,True,0.0122611700826522,0.0,0.0122611700826522,8669109.724539451
2020-12-07,True,0.0169461441280658,0.0,0.0169461441280658,8816017.707393516
2020-12-08,True,0.0091534386277172,0.0,0.0091534386277172,8896714.58441901
2020-12-09,True,-0.0669807051459012,0.0,-0.0669807051459012,8300806.368072803
2020-12-10,True,0.0122763578266809,0.0,0.0122763578266809,8402710.037297256
2020-12-11,True,-0.0070179096448312,0.0,-0.0070179096448312,8343740.577483788
2020-12-14,True,0.0213268252853155,0.0,0.0213268252853155,8521686.075005783
2020-12-15,True,0.0310790697710501,0.0,0.0310790697710501,8786532.151097873
2020-12-16,True,0.016778835943803,0.0,0.016778835943803,8933959.932576096
2020-12-17,True,0.0204965533674434,0.0,0.0204965533674434,9117075.319116743
2020-12-18,True,-0.01089361388931,0.0,-0.01089361388931,9017757.420790529
2020-12-21,True,-0.0037286556275684,0.0,-0.0037286556275684,8984133.30883545
2020-12-22,True,0.0078882912436821,0.0,0.0078882912436821,9055002.768947612
2020-12-23,True,-0.0150815245415071,0.0,-0.0150815245415071,8918439.522464314
2020-12-24,True,0.0129922356813958,0.0,0.0129922356813958,9034309.990650445
2020-12-28,True,0.0300027240444211,0.0,0.0300027240444211,9305363.900231687
2020-12-29,True,0.0029464652363637,0.0,0.0029464652363637,9332781.831475433
2020-12-30,True,-0.0001662910802279,0.0,-0.0001662910802279,9331229.873103146
2020-12-31,True,0.0078163607334744,0.0,0.0078163607334744,9404166.131878294
2021-01-04,True,-0.0437292961556283,0.0,-0.0437292961556283,8992928.566000659
2021-01-05,True,0.0250790304422847,0.0,0.0250790304422847,9218462.495272683
2021-01-06,True,-0.0413557405150678,0.0,-0.0413557405150678,8837226.1523703
2021-01-07,True,0.072231293949589,0.0,0.072231293949589,9475550.432281155
2021-01-08,True,0.0387597054720425,0.0,0.0387597054720425,9842819.97622186
2021-01-11,True,-0.0441977966085614,0.0,-0.0441977966085614,9407789.020858122
2021-01-12,True,-0.0043439095273587,0.0,-0.0043439095273587,9366922.436499035
2021-01-13,True,0.019438959597126,0.0,0.019438959597126,9549005.663291553
2021-01-14,True,-0.0152220244932561,0.0,-0.0152220244932561,9403650.465198688
2021-01-15,True,-0.0243139965728719,0.0,-0.0243139965728719,9175010.140015362
2021-01-19,True,0.0433557819643499,0.0,0.0433557819643499,9572799.87916657
2021-01-20,True,0.0697073142601814,0.0,0.0697073142601814,10240094.04869346
2021-01-21,True,0.0248534181923651,0.0,0.0248534181923651,10494595.388414787
2021-01-22,True,-0.0090695250194852,0.0,-0.0090695250194852,10399414.392970186
2021-01-25,True,0.0277557549507654,0.0,0.0277557549507654,10688057.990492929
2021-01-26,True,0.0010646812822072,0.0,0.0010646812822072,10699437.365778552
2021-01-27,True,-0.0806419572142833,0.0,-0.0806419572142833,9836613.795510532
2021-01-28,True,0.0147245316756627,0.0,0.0147245316756627,9981453.32692379
2021-01-29,True,-0.0622927860377499,0.0,-0.0622927860377499,9359680.790483939
2021-02-01,True,0.0735050326681969,0.0,0.0735050326681969,10047664.432752358
2021-02-02,True,0.0483937269328382,0.0,0.0483937269328382,10533908.361623766
2021-02-03,True,-0.011490781219674,0.0,-0.011490781219674,10412865.525252253
2021-02-04,True,0.0353698703585159,0.0,0.0353698703585159,10781167.228941085
2021-02-05,True,0.0104597398245209,0.0,0.0104597398245209,10893935.433160461
2021-02-08,True,0.0195631703877019,0.0,0.0195631703877019,11107055.348232003
2021-02-09,True,-0.0004656087175523,0.0,-0.0004656087175523,11101883.80643553
2021-02-10,True,-0.0070824399674502,0.0,-0.0070824399674502,11023255.380850842
2021-02-11,True,0.0161426606737429,0.0,0.0161426606737429,11201200.051983928
2021-02-12,True,0.0169945640501938,0.0,0.0169945640501938,11391559.563706404
2021-02-16,True,-0.0083551787396269,0.0,-0.0083551787396269,11296381.047428532
2021-02-17,True,-0.0139208475467772,0.0,-0.0139208475467772,11139125.849036975
2021-02-18,True,-0.0134669675927746,0.0,-0.0134669675927746,10989115.602216156
2021-02-19,True,-0.0131801966843571,0.0,-0.0131801966843571,10844276.89719181
2021-02-22,True,-0.0774660380662627,0.0,-0.0774660380662627,10004213.730272856
2021-02-23,True,-0.0088936512896686,0.0,-0.0088936512896686,9915239.741928494
2021-02-24,True,0.0241028021282729,0.0,0.0241028021282729,10154224.803482585
2021-02-25,True,-0.1044320370393731,0.0,-0.1044320370393731,9093798.42269917
2021-02-26,True,0.0150170025063021,0.0,0.0150170025063021,9230360.01640465
2021-03-01,True,0.0872002364293298,0.0,0.0872002364293298,10035249.592162967
2021-03-02,True,-0.0479381759534631,0.0,-0.0479381759534631,9554178.031476941
2021-03-03,True,-0.086735139591733,0.0,-0.086735139591733,8725495.06623252
2021-03-04,True,-0.049442718728708,0.0,-0.049442718728708,8294082.867904055
2021-03-05,True,0.044779887724222,0.0,0.044779887724222,8665490.967504192
2021-03-08,True,-0.085482490321355,0.0,-0.085482490321355,7924743.219744726
2021-03-09,True,0.1177547980339128,0.0,0.1177547980339128,8857919.757056387
2021-03-10,True,-0.0085263060967398,0.0,-0.0085263060967398,8782394.421827365
2021-03-11,True,0.0693839106049578,0.0,0.0693839106049578,9391751.291288914
2021-03-12,True,-0.0248952731977522,0.0,-0.0248952731977522,9157941.077086935
2021-03-15,True,0.0319701227535622,0.0,0.0319701227535622,9450721.577491295
2021-03-16,True,0.0164201869385083,0.0,0.0164201869385083,9605904.192497496
2021-03-17,True,0.01260122311252,0.0,0.01260122311252,9726950.334424648
2021-03-18,True,-0.091788938498153,0.0,-0.091788938498153,8834123.888403555
2021-03-19,True,0.0127649758204653,0.0,0.0127649758204653,8946891.266234023
2021-03-22,True,0.0533069351193231,0.0,0.0533069351193231,9423822.618482798
2021-03-23,True,-0.0130638375525941,0.0,-0.0130638375525941,9300711.330670476
2021-03-24,True,-0.0505004957065715,0.0,-0.0505004957065715,8831020.798047889
2021-03-25,True,-0.0053891547074813,0.0,-0.0053891547074813,8783429.060742224
2021-03-26,True,0.044169801970836,0.0,0.044169801970836,9171391.382980095
2021-03-29,True,-0.0005642379804785,0.0,-0.0005642379804785,9166216.535627984
2021-03-30,True,-0.0142211986918011,0.0,-0.0142211986918011,9035861.949022746
2021-03-31,True,0.0448821271187742,0.0,0.0448821271187742,9441410.65364648
2021-04-01,True,0.0508437710614535,0.0,0.0508437710614535,9921447.57541765
2021-04-05,True,0.060062544848171,0.0,0.060062544848171,10517354.965374952
2021-04-06,True,-0.0023609080086616,0.0,-0.0023609080086616,10492524.457807261
2021-04-07,True,0.0073951494687338,0.0,0.0073951494687338,10570118.244477093
2021-04-08,True,0.0312224531967719,0.0,0.0312224531967719,10900143.266649624
2021-04-09,True,0.0181282324933516,0.0,0.0181282324933516,11097743.59799829
2021-04-12,True,-0.0039152735955568,0.0,-0.0039152735955568,11054292.895518787
2021-04-13,True,0.0342537126149102,0.0,0.0342537126149102,11432943.467522932
2021-04-14,True,-0.035110028882193,0.0,-0.035110028882193,11031532.492169721
2021-04-15,True,0.0441713553165195,0.0,0.0441713553165195,11518810.23356708
2021-04-16,True,0.0042213321043353,0.0,0.0042213321043353,11567434.957009783
2021-04-19,True,-0.0272783815017009,0.0,-0.0272783815017009,11251894.053256359
2021-04-20,True,-0.0218829873109329,0.0,-0.0218829873109329,11005668.998464989
2021-04-21,True,0.0252865641911597,0.0,0.0252865641911597,11283964.55406133
2021-04-22,True,-0.0363986496803812,0.0,-0.0363986496803812,10873243.481252214
2021-04-23,True,0.0376784015368225,0.0,0.0376784015368225,11282929.915146474
2021-04-26,True,0.0198056981564813,0.0,0.0198056981564813,11506396.219366597
2021-04-27,True,-0.0131271085442338,0.0,-0.0131271085442338,11355350.50724201
2021-04-28,True,-0.0102950834179467,0.0,-0.0102950834179467,11238446.22652993
2021-04-29,True,0.0100339983987605,0.0,0.0100339983987605,11351212.777971486
2021-04-30,True,-0.0187750788607476,0.0,-0.0187750788607476,11138092.862899946
2021-05-03,True,-0.0163478663199097,0.0,-0.0163478663199097,10956008.809718518
2021-05-04,True,-0.0526911511212623,0.0,-0.0526911511212623,10378724.093839759
2021-05-05,True,-0.0116627523821717,0.0,-0.0116627523821717,10257679.604690425
2021-05-06,True,0.021886133295909,0.0,0.021886133295909,10482180.54782541
2021-05-07,True,0.0244768363204992,0.0,0.0244768363204992,10738751.165376453
2021-05-10,True,-0.0751444174823589,0.0,-0.0751444174823589,9931793.964566236
2021-05-11,True,-0.0050001227294531,0.0,-0.0050001227294531,9882133.775819762
2021-05-12,True,-0.0761097060329755,0.0,-0.0761097060329755,9130007.479163582
2021-05-13,True,0.0210764299593884,0.0,0.0210764299593884,9322435.442326864
2021-05-14,True,0.0650319610173983,0.0,0.0650319610173983,9928691.700599479
2021-05-17,True,-0.0168805309495128,0.0,-0.0168805309495128,9761090.113059338
2021-05-18,True,-0.0209855635990602,0.0,-0.0209855635990602,9556248.135695573
2021-05-19,True,0.0036806904405559,0.0,0.0036806904405559,9591421.726856207
2021-05-20,True,0.0578148691078546,0.0,0.0578148691078546,10145948.518552631
2021-05-21,True,-0.0165189839909752,0.0,-0.0165189839909752,9978347.757401403
2021-05-24,True,0.0500779360774263,0.0,0.0500779360774263,10478042.81855488
2021-05-25,True,0.004837880793532,0.0,0.004837880793532,10528734.340660574
2021-05-26,True,0.010120909815219,0.0,0.010120909815219,10635294.711390799
2021-05-27,True,-0.0116730900727295,0.0,-0.0116730900727295,10511147.95827471
2021-05-28,True,0.0097441131527562,0.0,0.0097441131527562,10613569.773345502
2021-06-01,True,-0.0097474864542328,0.0,-0.0097474864542328,10510114.14574876
2021-06-02,True,0.0052168869914037,0.0,0.0052168869914037,10564944.223513886
2021-06-03,True,-0.0314336065554535,0.0,-0.0314336065554535,10232849.92351164
2021-06-04,True,0.051258910885332,0.0,0.051258910885332,10757374.6658439
2021-06-07,True,0.0088477457776086,0.0,0.0088477457776086,10852553.182121774
2021-06-08,True,0.0011438796006943,0.0,0.0011438796006943,10864967.196322253
2021-06-09,True,0.0011426486951191,0.0,0.0011426486951191,10877382.036911644
2021-06-10,True,0.0306258378888095,0.0,0.0306258378888095,11210510.975828748
2021-06-11,True,0.0079365839922274,0.0,0.0079365839922274,11299484.1377842
2021-06-14,True,0.0280168137596379,0.0,0.0280168137596379,11616059.680452483
2021-06-15,True,-0.0185252163995239,0.0,-0.0185252163995239,11400869.661162317
2021-06-16,True,-0.0107077336128343,0.0,-0.0107077336128343,11278792.185875945
2021-06-17,True,0.0373325998590592,0.0,0.0373325998590592,11699858.821444735
2021-06-18,True,-0.0238746636839082,0.0,-0.0238746636839082,11420528.626933536
2021-06-21,True,0.0182988189625623,0.0,0.0182988189625623,11629510.812734554
2021-06-22,True,0.0279333332622737,0.0,0.0279333332622737,11954361.813943883
2021-06-23,True,0.0017306357858841,0.0,0.0017306357858841,11975050.460296502
2021-06-24,True,0.0184018609854779,0.0,0.0184018609854779,12195413.674160961
2021-06-25,True,-0.0031387483292365,0.0,-0.0031387483292365,12157135.33986684
2021-06-28,True,0.0354012312425502,0.0,0.0354012312425502,12587512.899280446
2021-06-29,True,0.0112598861288129,0.0,0.0112598861288129,12729246.861171307
2021-06-30,True,-0.0043886898643148,0.0,-0.0043886898643148,12673382.144491322
2021-07-01,True,0.0004897672167913,0.0,0.0004897672167913,12679589.151591565
2021-07-02,True,0.0339426780352267,0.0,0.0339426780352267,13109968.36378299
2021-07-06,True,0.0134152681108987,0.0,0.0134152681108987,13285842.10430854
2021-07-07,True,0.0063853390421151,0.0,0.0063853390421151,13370676.71060456
2021-07-08,True,-0.0173320893008633,0.0,-0.0173320893008633,13138934.94784339
2021-07-09,True,0.0169291376964209,0.0,0.0169291376964209,13361365.786759747
2021-07-12,True,0.0125435611185416,0.0,0.0125435611185416,13528964.895133158
2021-07-13,True,-0.0005355141082037,0.0,-0.0005355141082037,13521719.94356242
2021-07-14,True,0.005432571483785,0.0,0.005432571483785,13595177.653739545
2021-07-15,True,-0.0206985985976676,0.0,-0.0206985985976676,13313776.52862081
2021-07-16,True,-0.0245552855639339,0.0,-0.0245552855639339,12986852.944026124
2021-07-19,True,-0.0239782126622387,0.0,-0.0239782126622387,12675451.422321046
2021-07-20,True,0.0329741228544562,0.0,0.0329741228544562,13093413.314756352
2021-07-21,True,0.0228350183948251,0.0,0.0228350183948251,13392401.648649862
2021-07-22,True,0.0210117518086434,0.0,0.0210117518086434,13673799.46821296
2021-07-23,True,0.0332148668058385,0.0,0.0332148668058385,14127972.8962794
2021-07-26,True,0.0041743014783428,0.0,0.0041743014783428,14186947.314426327
2021-07-27,True,-0.0326699480026035,0.0,-0.0326699480026035,13723460.483348344
2021-07-28,True,0.010931235525281,0.0,0.010931235525281,13873474.86211371
2021-07-29,True,0.0049215901530075,0.0,0.0049215901530075,13941754.419383088
2021-07-30,True,-0.0149893063083237,0.0,-0.0149893063083237,13732777.191915527
2021-08-02,True,-0.0003017244024996,0.0,-0.0003017244024996,13728633.677922636
2021-08-03,True,0.0174079023403641,0.0,0.0174079023403641,13967620.392254548
2021-08-04,True,0.0049623730785846,0.0,0.0049623730785846,14036932.935660962
2021-08-05,True,0.0187943294979096,0.0,0.0187943294979096,14300747.678393833
2021-08-06,True,-0.0130218214207991,0.0,-0.0130218214207991,14114525.895941881
2021-08-09,True,0.0053506600384711,0.0,0.0053506600384711,14190047.925615262
2021-08-10,True,-0.014945999539926,0.0,-0.014945999539926,13977963.47584749
2021-08-11,True,-0.005402935113107,0.0,-0.005402935113107,13902441.446174107
2021-08-12,True,0.0104183991532607,0.0,0.0104183991532607,14047282.630365184
2021-08-13,True,0.0100160062198824,0.0,0.0100160062198824,14187980.300563367
2021-08-16,True,0.0017499339493709,0.0,0.0017499339493709,14212808.328964328
2021-08-17,True,-0.0262772889938374,0.0,-0.0262772889938374,13839334.257090114
2021-08-18,True,-0.0290799585854144,0.0,-0.0290799585854144,13436886.990044227
2021-08-19,True,0.0142438739263219,0.0,0.0142438739263219,13628280.31429265
2021-08-20,True,0.0308966559709675,0.0,0.0308966559709675,14049348.602639262
2021-08-23,True,0.044551074143639,0.0,0.044551074143639,14675262.173905276
2021-08-24,True,0.0098690753056316,0.0,0.0098690753056316,14820093.441429432
2021-08-25,True,0.0011173465968103,0.0,0.0011173465968103,14836652.622400627
2021-08-26,True,-0.0169446833937891,0.0,-0.0169446833937891,14585250.241090419
2021-08-27,True,0.0292241460293953,0.0,0.0292241460293953,15011491.724011319
2021-08-30,True,0.0331496007248157,0.0,0.0331496007248157,15509116.68094617
2021-08-31,True,-0.0028017831408553,0.0,-0.0028017831408553,15465663.499299938
2021-09-01,True,0.0054852984426403,0.0,0.0054852984426403,15550497.279207045
2021-09-02,True,-0.0013970043058002,0.0,-0.0013970043058002,15528773.167550659
2021-09-03,True,0.0089939290473373,0.0,0.0089939290473373,15668437.851611804
2021-09-07,True,0.004093854650544,0.0,0.004093854650544,15732582.158777386
2021-09-08,True,-0.0102583572656133,0.0,-0.0102583572656133,15571191.710282033
2021-09-09,True,-0.0106971227202407,0.0,-0.0106971227202407,15404624.761656752
2021-09-10,True,-0.0224982820026297,0.0,-0.0224982820026297,15058047.169624306
2021-09-13,True,-0.0022673213218098,0.0,-0.0022673213218098,15023905.7382118
2021-09-14,True,-0.0086075017486068,0.0,-0.0086075017486068,14894587.443299238
2021-09-15,True,0.0221573792109968,0.0,0.0221573792109968,15224612.465471769
2021-09-16,True,0.0019705738351827,0.0,0.0019705738351827,15254613.688447025
2021-09-17,True,-0.0353339367488501,0.0,-0.0353339367488501,14715608.133251294
2021-09-20,True,-0.0615156115626096,0.0,-0.0615156115626096,13810368.49941863
2021-09-21,True,0.0012734187640688,0.0,0.0012734187640688,13827954.881804494
2021-09-22,True,0.0292532947046453,0.0,0.0292532947046453,14232468.121124461
2021-09-23,True,0.0277675424482952,0.0,0.0277675424482952,14627668.783821793
2021-09-24,True,0.0028290393807977,0.0,0.0028290393807977,14669051.03486049
2021-09-27,True,-0.0241200614012316,0.0,-0.0241200614012316,14315232.623201855
2021-09-28,True,-0.0833996146313545,0.0,-0.0833996146313545,13121347.739068625
2021-09-29,True,-0.0066229653444185,0.0,-0.0066229653444185,13034445.507720709
2021-09-30,True,-0.0112708772724442,0.0,-0.0112708772724442,12887535.872088827
2021-10-01,True,0.0182226984147035,0.0,0.0182226984147035,13122381.551594576
2021-10-04,True,-0.0614947216431273,0.0,-0.0614947216431273,12315424.350784358
2021-10-05,True,0.0384743084775656,0.0,0.0384743084775656,12789251.78628856
2021-10-06,True,0.019738022620602,0.0,0.019738022620602,13041686.327346899
2021-10-07,True,0.0270505355118793,0.0,0.0270505355118793,13394470.926479587
2021-10-08,True,-0.0153703303249203,0.0,-0.0153703303249203,13188593.483812056
2021-10-11,True,-0.0221995868742663,0.0,-0.0221995868742663,12895812.157018788
2021-10-12,True,-0.0101884547891524,0.0,-0.0101884547891524,12764423.7578876
2021-10-13,True,0.0234235669047537,0.0,0.0234235669047537,13063412.09178111
2021-10-14,True,0.0551992411859796,0.0,0.0551992411859796,13784502.526547179
2021-10-15,True,0.0185379180818501,0.0,0.0185379180818501,14040038.505183365
2021-10-18,True,0.029990536578027,0.0,0.029990536578027,14461106.793529976
2021-10-19,True,0.0219631189027766,0.0,0.0219631189027766,14778717.801502027
2021-10-20,True,-0.0031503917859433,0.0,-0.0031503917859433,14732159.050333401
2021-10-21,True,0.0179074052779046,0.0,0.0179074052779046,14995973.793066273
2021-10-22,True,-0.025318978079825,0.0,-0.025318978079825,14616291.061313998
2021-10-25,True,0.0300112964707293,0.0,0.0300112964707293,15054944.905657563
2021-10-26,True,0.0093458313288776,0.0,0.0093458313288776,15195645.881411385
2021-10-27,True,0.0078975384391828,0.0,0.0078975384391828,15315654.07886804
2021-10-28,True,0.0328290355031515,0.0,0.0328290355031515,15818452.230377188
2021-10-29,True,0.0147806438481603,0.0,0.0147806438481603,16052259.139023531
2021-11-01,True,0.0098609071742188,0.0,0.0098609071742188,16210548.976329949
2021-11-02,True,0.0133383115504051,0.0,0.0133383115504051,16426770.32897934
2021-11-03,True,0.0317420886002717,0.0,0.0317420886002717,16948190.328178115
2021-11-04,True,0.0372971827515047,0.0,0.0372971827515047,17580310.080155462
2021-11-05,True,0.0037071209024195,0.0,0.0037071209024195,17645482.41512462
2021-11-08,True,-0.0041040596808357,0.0,-0.0041040596808357,17573064.302195814
2021-11-09,True,-0.0206050500910327,0.0,-0.0206050500910327,17210970.431996126
2021-11-10,True,-0.0438207264514047,0.0,-0.0438207264514047,16456773.20473241
2021-11-11,True,0.0081096398236464,0.0,0.0081096398236464,16590231.708082225
2021-11-12,True,0.0317411596799175,0.0,0.0317411596799175,17116824.901855294
2021-11-15,True,-0.0003021320733328,0.0,-0.0003021320733328,17111653.360058818
2021-11-16,True,0.0206770441297332,0.0,0.0206770441297332,17465471.771717455
2021-11-17,True,0.0011848767296682,0.0,0.0011848767296682,17486166.20279244
2021-11-18,True,0.0305878194097939,0.0,0.0305878194097939,18021029.896773096
2021-11-19,True,0.016935602211404,0.0,0.016935602211404,18326226.890544664
2021-11-22,True,-0.0346619093901887,0.0,-0.0346619093901887,17691004.874600567
2021-11-23,True,-0.0136255335838175,0.0,-0.0136255335838175,17449955.49355022
2021-11-24,True,0.0092486651772369,0.0,0.0092486651772369,17611344.289267752
2021-11-26,True,-0.0551605573143068,0.0,-0.0551605573143068,16639892.72321761
2021-11-29,True,0.062111373707592,0.0,0.062111373707592,17673419.31860362
2021-11-30,True,-0.0429665278583198,0.0,-0.0429665278583198,16914053.85509907
2021-12-01,True,-0.0513184217693031,0.0,-0.0513184217693031,16046051.305534389
2021-12-02,True,0.0188267333845941,0.0,0.0188267333845941,16348146.035339205
2021-12-03,True,-0.0502469085253073,0.0,-0.0502469085253073,15526702.23694315
2021-12-06,True,0.0233876751100428,0.0,0.0233876751100428,15889835.704391152
2021-12-07,True,0.0901752004208853,0.0,0.0901752004208853,17322704.823689565
2021-12-08,True,0.0139153230561617,0.0,0.0139153230561617,17563755.857517734
2021-12-09,True,-0.0431761742234969,0.0,-0.0431761742234969,16805420.074594587
2021-12-10,True,0.0309654272700048,0.0,0.0309654272700048,17325807.087656327
2021-12-13,True,-0.042992734507754,0.0,-0.042992734507754,16580923.263404155
2021-12-14,True,-0.0297622993265156,0.0,-0.0297622993265156,16087436.862128735
2021-12-15,True,0.0661735282257547,0.0,0.0661735282257547,17151999.31940486
2021-12-16,True,-0.0763011578695816,0.0,-0.0763011578695816,15843281.911555992
2021-12-17,True,-0.0152801248423327,0.0,-0.0152801248423327,15601194.586035145
2021-12-20,True,-0.0299073731341196,0.0,-0.0299073731341196,15134603.838212587
2021-12-21,True,0.0668534731247578,0.0,0.0668534731247578,16146404.66916439
2021-12-22,True,0.0356893203605228,0.0,0.0356893203605228,16722658.878072837
2021-12-23,True,0.0237561884068757,0.0,0.0237561884068757,17119925.51304425
2021-12-27,True,0.0478004347056275,0.0,0.0478004347056275,17938265.39469573
2021-12-28,True,-0.0117652489486247,0.0,-0.0117652489486247,17727217.23662063
2021-12-29,True,-0.0015759328216097,0.0,-0.0015759328216097,17699280.333141636
2021-12-30,True,-0.0093522080141879,0.0,-0.0093522080141879,17533752.98176467
2021-12-31,True,-0.0185862357506704,0.0,-0.0185862357506704,17207866.515251573
2022-01-03,True,0.0288584276474761,0.0,0.0288584276474761,17704458.486049384
2022-01-04,True,-0.038859530686362,0.0,-0.038859530686362,17016471.538225327
2022-01-05,True,-0.0919869304407285,0.0,-0.0919869304407285,15451178.554491958
2022-01-06,True,-0.002745113392234,0.0,-0.002745113392234,15408763.317316223
2022-01-07,True,-0.0326977011243974,0.0,-0.0326977011243974,14904932.17967004
2022-01-10,True,0.003678819619632,0.0,0.003678819619632,14959764.736601893
2022-01-11,True,0.043983363248051,0.0,0.043983363248051,15617745.50311724
2022-01-12,True,0.0113936431042336,0.0,0.0113936431042336,15795688.521472506
2022-01-13,True,-0.0725700542688098,0.0,-0.0725700542688098,14649394.54825603
2022-01-14,True,0.0151132188315246,0.0,0.0151132188315246,14870794.053813169
2022-01-18,True,-0.0720747700321924,0.0,-0.0720747700321924,13798984.992188489
2022-01-19,True,-0.034787603326424,0.0,-0.034787603326424,13318951.375972956
2022-01-20,True,-0.0386828234695555,0.0,-0.0386828234695555,12803736.7310966
2022-01-21,True,-0.0841951678490152,0.0,-0.0841951678490152,11725723.96792732
2022-01-24,True,0.0144696168773363,0.0,0.0144696168773363,11895390.70135263
2022-01-25,True,-0.0737519019520199,0.0,-0.0737519019520199,11018083.012665503
2022-01-26,True,-0.0018779992748713,0.0,-0.0018779992748713,10997391.060757244
2022-01-27,False,-0.000995416960309198,0.000501985775704522,-0.0014974027360137201,10980923.537293853
2022-01-28,False,-0.00048379969502565756,4.167839320087241e-07,-0.00048421647895766627,10975606.393162921
2022-01-31,False,0.0007881879303697648,8.740091049674048e-07,0.0007873139212647974,10984247.640870582
2022-02-01,False,0.0014311888607612762,4.87437574645963e-07,0.0014307014231866302,10999962.819603011
2022-02-02,False,0.003038615003848102,2.058348708844221e-07,0.003038409168977218,11033385.207492502
2022-02-03,False,0.00014112174960638404,7.330429267652372e-07,0.0001403887066796188,11034934.170172079
2022-02-04,False,0.002988572166696117,1.7849036588223066e-06,0.002986787263037295,11067893.171000006
2022-02-07,False,-2.0220710396135048e-05,1.3916580219144464e-06,-2.1612368418049495e-05,11067653.967615182
2022-02-08,False,0.0010731901320608327,6.310711425596971e-07,0.0010725590609182729,11079524.680161256
2022-02-09,False,0.00034972614127480394,5.080643637021543e-07,0.00034921807691110177,11083393.850463152
2022-02-10,False,-0.0009709920472976667,1.5216428443169673e-06,-0.0009725136901419836,11072615.09821034
2022-02-11,False,0.008794827067193197,1.6951004272706127e-06,0.008793131966765927,11169978.063986111
2022-02-14,False,0.0052098362817203925,1.6167508982917883e-06,0.005208219530822101,11228153.761897817
2022-02-15,False,-0.006864199503182115,9.987640437912338e-07,-0.006865198267225907,11151070.260147491
2022-02-16,False,0.0036226126195615924,1.1062660652480656e-06,0.003621506353496344,11191453.9319429
2022-02-17,False,0.003509184006661916,1.7105281098908076e-06,0.0035074734785520254,11230707.659795627
2022-02-18,False,0.0015914992138081994,3.8687664011355373e-07,0.0015911123371680858,11248576.977308258
2022-02-22,False,0.00424728740866594,1.2136307931026603e-06,0.004246073777872838,11296339.26504999
2022-02-23,False,0.0031635075010183387,8.274178355187345e-07,0.0031626800831828198,11332065.972256439
2022-02-24,False,0.003059959906751937,1.7862076251565634e-06,0.0030581736991267807,11366721.398369566
2022-02-25,False,-0.01091632672353936,2.9646418787771384e-06,-0.010919291365418136,11242604.855551235
2022-02-28,False,0.008904297439136276,2.4135892698837205e-07,0.008904056080209288,11342709.639672697
2022-03-01,False,0.015417808359712607,1.3455543801572379e-06,0.015416462805332449,11517574.100944398
2022-03-02,False,0.0019190786805095828,4.009126390930748e-06,0.001915069554118652,11539631.05644242
2022-03-03,False,0.008864422637833191,1.6463357445179599e-06,0.008862776302088673,11641904.225104304
2022-03-04,False,0.011404212327350866,8.372388218732124e-07,0.011403375088528992,11774661.225727899
2022-03-07,False,0.010066590051011038,2.1054197988345238e-06,0.010064484631212203,11893167.122671966
2022-03-08,False,0.013339520762508673,3.0822107992616034e-06,0.013336438551709412,12051779.615188692
2022-03-09,False,-0.028356993868375608,4.243188815942822e-06,-0.02836123705719155,11709976.236561297
2022-03-10,False,0.0008619770863351667,5.973640234372552e-07,0.0008613797223117294,11720062.972640224
2022-03-11,False,0.002307224263180831,2.087313389373041e-06,0.002305136949791458,11747079.32285234
2022-03-14,False,-0.008408740122303466,1.1202485134276242e-06,-0.008409860370816893,11648288.025982242
2022-03-15,False,-0.011404642294292984,1.7678560653081322e-06,-0.011406410150358292,11515422.875208382
2022-03-16,False,-0.0019058101299722502,1.374985439517168e-06,-0.0019071851154117674,11493460.832103113
2022-03-17,False,0.008929244279037572,2.29463658291329e-06,0.008926949642454659,11596062.378168821
2022-03-18,False,-0.0021226971620999517,1.1135562294293938e-06,-0.002123810718329381,11571434.536599651
2022-03-21,False,0.009324538067300388,3.186200474502063e-06,0.009321351866825886,11679295.949519238
2022-03-22,False,-0.0027215974248238155,9.227776667922599e-07,-0.0027225202024906076,11647498.830345804
2022-03-23,False,0.0079091747080624,9.508937301775516e-07,0.007908223814332222,11739609.85797335
2022-03-24,False,0.0035050201397760342,1.0447260172125745e-06,0.003503975413758822,11780745.16228281
2022-03-25,False,0.00015515257721822098,1.975501399663529e-06,0.00015317707581855746,11782549.702377731
2022-03-28,False,-0.014264596694325152,2.4118366596297263e-06,-0.014267008530984782,11614447.965257155
2022-03-29,False,-0.0038195824658020295,1.8237020360192952e-06,-0.003821406167838049,11570064.442166688
2022-03-30,False,0.007014856647529807,6.96564711239897e-07,0.007014160082818567,11651218.726332571
2022-03-31,False,-0.0030837282824168586,1.3301470984912466e-06,-0.00308505842951535,11615274.035786774
2022-04-01,False,-0.003960967248286492,6.761728398539113e-07,-0.003961643421126346,11569258.461818319
2022-04-04,False,0.005088228598812738,7.282563653325247e-07,0.0050875003424474055,11628117.06820468
2022-04-05,False,-0.0001731420257844353,2.3926045980377507e-06,-0.00017553463038247306,11626075.930973072
2022-04-06,False,0.0008658949250224696,3.0164327874111775e-07,0.0008655932817437285,11636139.384191964
2022-04-07,False,0.002378295413411662,3.9544209079113434e-07,0.0023778999713208707,11663808.95969992
2022-04-08,False,0.005399420493556409,1.3654819098375265e-06,0.005398055011646571,11726770.842109716
2022-04-11,False,0.0029709815074383437,9.667113776424263e-07,0.0029700147960607013,11761599.525020797
2022-04-12,False,0.008848035596577111,8.693024482310241e-07,0.008847166294128881,11865656.351903602
2022-04-13,False,0.00564751792406776,7.644298811995964e-07,0.005646753494186561,11932658.788369533
2022-04-14,False,0.00436337830957642,3.094268816300219e-06,0.00436028404076012,11984688.570048297
2022-04-18,False,0.007208665262915286,2.0305846511426835e-06,0.007206634678264144,12071057.842305403
2022-04-19,False,-0.012621737053950179,1.3266496680054279e-06,-0.012623063703618183,11918684.110191923
2022-04-20,False,-0.0018148136434528357,1.9026506825085277e-06,-0.0018167162941353442,11897031.242564283
2022-04-21,False,0.0021319578244433997,1.935547190947795e-06,0.002130022277252452,11922372.184144115
2022-04-22,False,-0.007478102080833969,1.4165748048956401e-06,-0.0074795186556388645,11833198.57897334
2022-04-25,False,-0.009804256266385557,2.2945767210829776e-06,-0.009806550843106639,11717155.71547206
2022-04-26,False,0.00788377840137528,1.5670162575118635e-06,0.007882211385117768,11809512.813653752
2022-04-27,False,0.0004954854981271458,1.8981452468689875e-06,0.0004935873528802768,11815341.839822248
2022-04-28,False,0.004061906273482101,9.900636149130505e-07,0.004060916209867188,11863322.953024704
2022-04-29,False,-0.004688406225036456,1.1355897351439244e-06,-0.004689541814771599,11807689.403974356
2022-05-02,False,-0.001141745919422149,3.5109662846657675e-06,-0.0011452568857068148,11794166.56638017
2022-05-03,False,0.0014137175241760661,2.056334495233736e-07,0.0014135118907265428,11810837.761062957
2022-05-04,False,0.006695153251901132,5.17765335194112e-07,0.006694635486565938,11889907.014664244
2022-05-05,False,0.003337510470460818,2.6947544836187916e-06,0.003334815715977199,11929557.663438255
2022-05-06,False,0.0010737205617343969,6.590312586559344e-07,0.001073061530475741,11942358.81284248
2022-05-09,False,-0.012781091115894145,3.1346162284529577e-06,-0.012784225732122598,11789685.0020051
2022-05-10,False,-0.004675536717528261,9.434326268263349e-07,-0.004676480150155087,11734550.774116643
2022-05-11,False,0.008250227532294985,9.025161146534039e-07,0.008249325016180331,11831352.897371203
2022-05-12,False,-0.002096060841029004,2.2109450886165366e-06,-0.0020982717861176207,11806527.503395045
2022-05-13,False,-0.003459040160983777,7.777780557497033e-07,-0.0034598179390395267,11765679.067741036
2022-05-16,False,0.008124742320105542,8.694359110911626e-07,0.008123872884194451,11861261.948883591
2022-05-17,False,-0.002331327727806681,1.22474323249179e-06,-0.002332552471039173,11833594.933015082
2022-05-18,False,-0.00413832034209588,1.9550371797813216e-06,-0.004140275379275662,11784600.591265598
2022-05-19,False,-0.0008823406671195055,3.22412132884424e-06,-0.0008855647884483497,11774164.563936045
2022-05-20,False,0.005311574103844437,1.1718466324659172e-06,0.005310402257211971,11836690.114013156
2022-05-23,False,0.0011373304022220417,8.216835827942887e-07,0.0011365087186392473,11850142.615527563
2022-05-24,False,0.0013672262367336624,1.7488133492946367e-06,0.0013654774233843679,11866323.717732951
2022-05-25,False,0.0006417594719800674,1.1112459193349383e-06,0.0006406482260607325,11873925.856972579
2022-05-26,False,-0.0014062994392444645,2.347133170802901e-07,-0.0014065341525615449,11857224.774729764
2022-05-27,False,-0.00030299297765348673,1.8789143350930737e-07,-0.00030318086908699606,11853629.891017603
2022-05-31,False,-0.005589178411502075,7.213368244132767e-07,-0.005589899748326488,11787369.288273048
2022-06-01,False,0.008313895725172061,2.4820485529506167e-06,0.00831141367661911,11885338.99058696
2022-06-02,False,5.165567085221289e-05,2.1934959719694116e-06,4.946217488024348e-05,11885926.865302624
2022-06-03,False,0.0016243701489308746,2.388724801915959e-06,0.0016219814241289585,11905205.6178867
2022-06-06,False,0.006595467264238413,3.7046548594428243e-06,0.00659176260937897,11983681.907135654
2022-06-07,False,0.0023664613107599436,6.903595464111262e-07,0.0023657709512135325,12012032.553680139
2022-06-08,False,-0.0008041591960558601,2.0585874254354375e-07,-0.0008043650547984036,12002370.494456857
2022-06-09,False,0.002411875062214574,1.4910911640368952e-06,0.002410383971050537,12031300.815911306
2022-06-10,False,0.005479523740963898,2.3427024703066847e-06,0.005477181038493591,12097198.428608628
2022-06-13,False,-0.0063871926135969795,4.2399467924341545e-06,-0.0063914325603894135,12019880.000682527
2022-06-14,False,-0.006173723933069097,3.068084311732139e-07,-0.00617403074150027,11945668.892049171
2022-06-15,False,-0.0037390772215161344,5.085836799610416e-06,-0.0037441630583157446,11900942.35987669
2022-06-16,False,0.007997785408026587,6.758630554081907e-07,0.007997109544971178,11996115.499617012
2022-06-17,False,-0.006782166233973247,9.746911580890417e-07,-0.006783140925131336,11914744.157628957
2022-06-21,False,0.0008777683188899727,1.2392841424932883e-06,0.0008765290347474794,11925187.776824705
2022-06-22,False,-0.00512080657638271,3.6921054618660327e-06,-0.005124498681844576,11864077.167781617
2022-06-23,False,-0.007044322238800805,1.9866072619146996e-06,-0.00704630884606272,11780479.215883907
2022-06-24,False,0.0007905053907961796,7.509887741928845e-07,0.0007897544020219868,11789782.901202578
2022-06-27,False,0.0005103746291318566,8.395090976669878e-07,0.0005095351200341896,11795790.209648319
2022-06-28,False,0.0035906596245720984,1.466291774565212e-06,0.003589193332797533,11838127.58122387
2022-06-29,False,-0.0026355751133534575,1.5631907210027775e-06,-0.0026371383040744603,11806908.801530905
2022-06-30,False,-0.013235985322978804,4.4732097852341614e-06,-0.013240458532764038,11650579.915144108
2022-07-01,False,0.004901328855070498,9.507372933213743e-07,0.004900378117777176,11707672.162019694
2022-07-05,False,-0.01642153066720709,3.1054261875044926e-06,-0.016424636093394594,11515377.907257754
2022-07-06,False,-0.010048643922877172,9.75392187244739e-07,-0.010049619315064416,11399652.743020711
2022-07-07,False,0.009063283658126696,3.6926518392424447e-06,0.009059591006287454,11502928.93448618
2022-07-08,False,0.0043218806354001936,2.0010383120351583e-06,0.004319879597088158,11552620.202497024
2022-07-11,False,0.003498648940197548,1.4713782296447292e-06,0.003497177561967903,11593021.766651135
2022-07-12,False,-0.011265427472194625,3.3333132870448783e-06,-0.01126876078548167,11462382.777581861
2022-07-13,False,0.004415737081725765,5.735036155103262e-07,0.004415163578110255,11512991.072539799
2022-07-14,False,-0.0013773294526987633,2.524698917628243e-06,-0.0013798541516163916,11497104.824010832
2022-07-15,False,-0.0008744475412018476,4.670018821748417e-07,-0.0008749145430840225,11487045.839796944
2022-07-18,False,0.0018841054053858025,6.297958307067836e-07,0.0018834756095550958,11508681.410462042
2022-07-19,False,-0.0010494733681798902,5.734255744616612e-07,-0.001050046793754352,11496596.756446647
2022-07-20,False,-0.0050558450356633184,7.280452504083851e-07,-0.005056573080913727,11438463.374765879
2022-07-21,False,0.006278740809586579,1.697465522217223e-06,0.006277043344064362,11510263.105158778
2022-07-22,False,-0.003947102815089913,3.0207393663415487e-06,-0.003950123554456255,11464796.143749101
2022-07-25,False,0.003816674449464673,2.0377767280509025e-06,0.0038146366727366218,11508530.175564494
2022-07-26,False,0.0008141330866098155,6.271339150950156e-07,0.0008135059526947205,11517892.433369083
2022-07-27,False,7.151593488819175e-05,2.1500988894825048e-06,6.936583599870923e-05,11518691.381606666
2022-07-28,False,0.0015629871670487967,2.614744382593015e-06,0.0015603724226662037,11536664.829983728
2022-07-29,False,-0.00028890494066266824,8.804368724519424e-07,-0.00028978537753512017,11533321.673210476
2022-08-01,False,-0.004433209337689967,2.907354019371658e-06,-0.004436116691709339,11482158.512425095
2022-08-02,False,0.0017979827999376335,3.3093859809383147e-06,0.0017946734139566952,11502765.23704218
2022-08-03,False,0.0017403786674765303,1.4314731404777015e-07,0.0017402355201624824,11522782.757687772
2022-08-04,False,-0.0021539575466474003,4.116540595908075e-06,-0.0021580740872433083,11497915.738805471
2022-08-05,False,-0.0009608395071579214,3.2916359850906215e-06,-0.000964131143143012,11486830.240160456
2022-08-08,False,0.0027894564030251276,9.572392234231952e-07,0.0027884991638017042,11518861.256679874
2022-08-09,False,0.004854269512179661,1.419066549814857e-06,0.004852850445629846,11574760.5676625
2022-08-10,False,-0.008358903958960185,2.5481490735522335e-06,-0.008361452108033737,11477978.761514034
2022-08-11,False,0.00778499848563178,3.6424769085113275e-06,0.007781356008723268,11567293.000517938
2022-08-12,False,0.0013911536753164816,1.3865966435359228e-06,0.0013897670786729456,11583368.843519421
2022-08-15,False,-0.003774908748703534,1.5210956783101442e-06,-0.0037764298443818444,11539625.063720273
2022-08-16,False,0.0016270828621693257,1.1502812533910473e-06,0.0016259325809159346,11558387.71608293
2022-08-17,False,0.0036506168464223916,3.080318795243342e-06,0.0036475365276271484,11600547.357477821
2022-08-18,False,0.005768251955434727,2.0269328149210148e-06,0.005766225022619806,11667438.723926596
2022-08-19,False,-0.0014182029999106817,1.5485633438315494e-06,-0.0014197515632545133,11650873.859559126
2022-08-22,False,-1.917707627892053e-05,1.5815598424069045e-06,-2.0758636121327434e-05,11650632.00330818
2022-08-23,False,0.0032950660654502413,7.077914394424539e-07,0.0032943582740107987,11689013.359245734
2022-08-24,False,0.0008390582796782379,6.229445600128697e-07,0.000838435335118225,11698813.841078795
2022-08-25,False,-6.253356557821826e-05,1.177984735989346e-06,-6.37115503142076e-05,11698068.491512144
2022-08-26,False,-0.002854969454448731,1.554059433432259e-06,-0.002856523513882163,11664652.683799135
2022-08-29,False,0.0025752723587981045,1.3971897959388357e-06,0.0025738751690021658,11694676.043697
2022-08-30,False,-0.0030501929618702277,8.844286653804934e-07,-0.0030510773905356083,11658994.682030438
2022-08-31,False,-0.0019280242127674059,9.680815807966148e-07,-0.0019289922943482025,11636504.571128955
2022-09-01,False,-0.0027829713627877894,1.1904749514960872e-06,-0.0027841618377392853,11604106.659177339
2022-09-02,False,0.004565723354683637,7.574953781083749e-07,0.004564965859305529,11657079.00990422
2022-09-06,False,-0.0015731958719300838,1.7499523297695997e-06,-0.0015749458242598534,11638719.741994504
2022-09-07,False,-0.005408200865204736,4.338764767166922e-06,-0.005412539629971903,11575724.710148823
2022-09-08,False,0.0007961379148694001,1.752581717434254e-06,0.0007943853331519659,11584920.29607917
2022-09-09,False,-0.00024837090242657594,9.222503052889464e-07,-0.0002492931527318649,11582032.254774414
2022-09-12,False,0.001498949798724329,5.939823868840038e-07,0.001498355816337445,11599386.260168364
2022-09-13,False,0.002257516210961748,3.73032602669561e-06,0.0022537858849350522,11625528.793195441
2022-09-14,False,-0.0036178911521112258,4.4023123279002264e-07,-0.0036183313833440156,11583463.777515054
2022-09-15,False,-0.007437000821495027,1.8877294412703444e-06,-0.007438888550936298,11497295.68144031
2022-09-16,False,-0.00141353364831764,1.5632874847420763e-06,-0.0014150969358023822,11481025.893551491
2022-09-19,False,0.0039573354531218675,1.5144509009041713e-06,0.003955821002220963,11526442.776908247
2022-09-20,False,-0.002056935925791904,9.280649577850797e-07,-0.002057863990749689,11502722.92537621
2022-09-21,False,0.0012524025768889276,5.643883417399965e-07,0.0012518381885471875,11517122.473206474
2022-09-22,False,-0.0007578169092383628,1.3656943711663345e-06,-0.0007591826036095292,11508378.874181176
2022-09-23,False,-0.0007411530676491654,2.9690593720698295e-06,-0.0007441221270212352,11499815.234814752
2022-09-26,False,0.0007222590875378965,3.851841457913605e-06,0.0007184072460799829,11508076.785408024
2022-09-27,False,0.00043952759588367085,7.498015340211134e-07,0.00043877779434964975,11513126.273957133
2022-09-28,False,0.0013926017750278824,5.541050485762644e-06,0.0013870607245421197,11529095.679228434
2022-09-29,False,0.003061292845530542,1.550039401215661e-06,0.0030597428061293263,11564371.74679413
2022-09-30,False,-0.0005463722951430305,1.256732818756129e-07,-0.0005464979684249061,11558051.8411284
2022-10-03,False,0.0035045865305496694,4.046582822105183e-06,0.0035005399477275644,11598511.263316173
2022-10-04,False,-0.0010360236213396202,3.0705105178694683e-06,-0.0010390941318574897,11586459.318324178
2022-10-05,False,0.004710631711926955,3.4768498886690315e-06,0.004707154862038286,11640998.576638237
2022-10-06,False,0.0063530278927989535,2.9573737400071658e-06,0.006350070519058946,11714919.738512153
2022-10-07,False,-0.0016408768724001394,1.9566901663738286e-06,-0.0016428335625665133,11695674.075182954
2022-10-10,False,-0.003183334708155875,2.0094202588534782e-06,-0.0031853441284147286,11658419.328439716
2022-10-11,False,0.0013026145750754117,6.071067447264294e-07,0.0013020074683306852,11673598.677474277
2022-10-12,False,0.0012400464818228159,8.156629536611032e-07,0.0012392308188691548,11688064.960722513
2022-10-13,False,-0.0055198861887328305,2.3523950265634532e-07,-0.005520121428235487,11623545.422878223
2022-10-14,False,0.0006886941626031845,2.8132801499490823e-06,0.0006858808824532354,11631517.790470101
2022-10-17,False,-0.00578688200116696,2.7648528771561794e-06,-0.005789646854044116,11564175.410086747
2022-10-18,False,-0.00236009150643505,1.4884977398005456e-06,-0.0023615800041748504,11536865.684673516
2022-10-19,False,-0.003379003514112007,2.471518522123434e-06,-0.0033814750326341303,11497854.061405938
2022-10-20,False,-0.0018101177197775164,5.540069980374679e-07,-0.0018106717267755538,11477035.22213836
2022-10-21,False,0.003650503558890039,2.432869394764434e-06,0.0036480706894952745,11518904.257934548
2022-10-24,False,-0.002114531343490825,3.531686768184772e-07,-0.0021148845121676434,11494543.105722299
2022-10-25,False,-0.002460573316622028,2.2320632692175713e-06,-0.0024628053798912454,11466234.283122133
2022-10-26,False,-0.0034484166870911493,2.7296769490261915e-06,-0.0034511463640401756,11426662.630366703
2022-10-27,False,-0.0012617533819955183,1.2290536260653462e-06,-0.0012629824356215837,11412230.956166778
2022-10-28,False,-0.0009319316459681584,2.2357388300958956e-06,-0.0009341673847982543,11401570.022219742
2022-10-31,False,0.0011554965494863546,1.9468343480473214e-06,0.0011535497151383073,11414722.300071001
2022-11-01,False,0.001651525577892188,1.422967296304714e-06,0.0016501026105958832,11433557.763137577
2022-11-02,False,0.0008754806297582973,1.6226659490999746e-06,0.0008738579638091973,11443549.068643568
2022-11-03,False,0.002799515925571844,2.242137113847159e-06,0.0027972737884579967,11475559.80850022
2022-11-04,False,0.005577287194789247,4.163280603406275e-06,0.00557312391418584,11539514.525297642
2022-11-07,False,-0.002432059214087314,3.6289244492897223e-07,-0.002432422106532243,11511445.555067658
2022-11-08,False,0.004783377338695636,3.0380838311538374e-06,0.004780339254864482,11566474.170134783
2022-11-09,False,-0.0020688000451248717,8.583868191704008e-07,-0.002069658431944042,11542535.5193407
2022-11-10,False,-0.001683171869493412,8.370226551624074e-06,-0.001691542096045036,11523010.834614638
2022-11-11,False,-0.0016991348709959556,1.50269747384571e-06,-0.0017006375684698012,11503414.369487409
2022-11-14,False,0.0021458769882885943,6.911671212365134e-07,0.0021451858211673576,11528091.330887847
2022-11-15,False,-0.0012994452149745056,1.860843862156736e-06,-0.0013013060588366624,11513089.755792137
2022-11-16,False,-0.003439305253042337,1.4367237895026863e-06,-0.0034407419768318396,11473476.18458635
2022-11-17,False,0.0003609639608782144,2.162392127559615e-06,0.00035880156875065476,11477592.885840403
2022-11-18,False,-0.002251039801734536,9.022041978477142e-07,-0.0022519420059323838,11451746.012293788
2022-11-21,False,-0.0008166509835790919,7.962005458185678e-07,-0.0008174471841249104,11442384.814762725
2022-11-22,False,-0.0022547060820584616,1.2854472921513678e-06,-0.002255991529350613,11416570.89154505
2022-11-23,False,-0.006111994450443694,3.6000041301913615e-06,-0.006115594454573886,11346751.773910468
2022-11-25,False,0.0014828235387060334,3.5067608612736337e-07,0.0014824728626199061,11363573.025494175
2022-11-28,False,0.0016091094967246161,1.684105174249856e-06,0.0016074253915503663,11381839.121314092
2022-11-29,False,0.0022002819572446443,8.647409101022741e-07,0.0021994172163345422,11406872.53423106
2022-11-30,False,0.0023522456018616297,2.847010731837865e-06,0.0023493985911297918,11433671.824492179
2022-12-01,False,0.0007510218210103557,4.138728694607518e-06,0.0007468830923157482,11442211.440660981
2022-12-02,False,-0.0015258097444195333,4.1965090155526855e-07,-0.0015262293953210886,11424748.001212765
2022-12-05,False,-0.0031187491843614815,3.1462706263432756e-06,-0.0031218954549878247,11389081.132353399
2022-12-06,False,0.0007174139102928841,7.140567108317314e-07,0.0007166998535820524,11397243.685133392
2022-12-07,False,0.001823798725110428,1.8871912638307177e-06,0.0018219115338465974,11418008.454857398
2022-12-08,False,-0.0006408867770005278,5.509314362870388e-07,-0.0006414377084368149,11410684.5136792
2022-12-09,False,0.0036711420417105413,1.2884130457489347e-06,0.0036698536286647924,11452560.055647276
2022-12-12,False,-0.0024914522378504493,9.639152685989583e-07,-0.002492416153119048,11424015.509970015
2022-12-13,False,0.0037620738834854076,2.7433582641024775e-06,0.003759330525221305,11466962.160197247
2022-12-14,False,-0.0008815891548000105,3.11915477152383e-07,-0.0008819010702771629,11456849.433995342
2022-12-15,False,0.0012991790671115927,2.991250651916605e-06,0.001296187816459676,11471699.6626467
2022-12-16,False,0.005134282680704994,1.0148157020877513e-06,0.005133267865002906,11530586.969881928
2022-12-19,False,-0.00180463256236241,6.920209372442698e-07,-0.001805324583299654,11509770.517765326
2022-12-20,False,0.005038738079253556,1.9163017170355927e-06,0.005036821777536521,11567743.180563653
2022-12-21,False,0.00041007459167887264,3.4420687827403653e-07,0.0004097303848005986,11572482.836428298
2022-12-22,False,-0.0016435347716092015,1.743168906768594e-06,-0.0016452779405159701,11553442.885700524
2022-12-23,False,-0.0001899488987897518,5.314792768749826e-07,-0.00019048037806662678,11551242.181531684
2022-12-27,False,-0.0008782647630652514,1.552743081692551e-06,-0.000879817506146944,11541079.19644263
2022-12-28,False,0.0029867974982215107,1.908167772899469e-06,0.0029848893304486113,11575528.040597955
2022-12-29,True,0.0705442676558902,0.0005,0.0700442676558902,12386327.42493186
2022-12-30,False,0.0005281025347955948,0.0005006913959465484,2.741113884904638e-05,12386666.948272733
2023-01-03,False,0.006540315742339115,3.030745947004976e-07,0.006540012667744415,12467675.907025568
2023-01-04,False,0.0008919770907837299,1.9369351466867606e-06,0.0008900401556370431,12478772.63923029
2023-01-05,False,-0.0005418844924716294,2.2281881693605733e-06,-0.00054411268064099,12471982.78079845
2023-01-06,False,0.0014491690165289114,4.2936392937222014e-06,0.0014448753772351892,12490003.241623726
2023-01-09,False,-0.0005888234710428889,9.007264570384394e-07,-0.0005897241974999273,12482637.584485289
2023-01-10,False,0.0034748697209974213,1.0690028828362063e-06,0.003473800718114585,12525999.779890237
2023-01-11,False,-0.005538854111780224,2.239260585739311e-06,-0.005541093372365963,12456592.04552763
2023-01-12,False,0.0012027441136730286,2.6755726563490455e-06,0.0012000685410166795,12471540.809769748
2023-01-13,False,0.0042934339139780635,1.3632994580358298e-06,0.004292070614520028,12525069.543597147
2023-01-17,False,-0.00385984107840498,4.810896274881904e-07,-0.0038603221680324684,12476718.73998185
2023-01-18,False,0.00026824197240187436,1.432655100676014e-06,0.00026680931730119835,12480047.644791024
2023-01-19,False,0.005212025294813479,1.766873469121466e-06,0.005210258421344358,12545071.918131074
2023-01-20,False,-0.000926546759050305,9.002585915219852e-07,-0.000927447017641827,12533437.028594503
2023-01-23,False,-0.0018334499425718563,6.227891370101935e-07,-0.0018340727317088664,12510449.793505765
2023-01-24,False,0.001961335984030725,4.410243337761161e-07,0.001960894959696949,12534981.471449394
2023-01-25,True,-0.0074076022564583,0.0005,-0.0079076022564583,12435859.823681097
2023-01-26,True,0.0578360563502438,0.0,0.0578360563502438,13155100.91320725
2023-01-27,True,0.0286594234794366,0.0,0.0286594234794366,13532118.52119358
2023-01-30,True,-0.0600085426504083,0.0,-0.0600085426504083,12720075.809764156
2023-01-31,True,0.0446876006117373,0.0,0.0446876006117373,13288505.477301918
2023-02-01,True,0.0646006734642061,0.0,0.0646006734642061,14146951.880468413
2023-02-02,True,0.1033209926340263,0.0,0.1033209926340263,15608628.991504217
2023-02-03,True,-0.0516536053437228,0.0,-0.0516536053437228,14802387.029620469
2023-02-06,True,-0.0254702104370216,0.0,-0.0254702104370216,14425367.117005795
2023-02-07,True,0.0619219104746966,0.0,0.0619219104746966,15318613.40818966
2023-02-08,True,-0.053767618575361,0.0,-0.053767618575361,14494968.045354705
2023-02-09,True,-0.0268107013534534,0.0,-0.0268107013534534,14106347.785962852
2023-02-10,True,-0.0205590619972381,0.0,-0.0205590619972381,13816334.50727664
2023-02-13,True,0.0474391488427596,0.0,0.0474391488427596,14471769.656428693
2023-02-14,True,0.0216432602442495,0.0,0.0216432602442495,14784985.933297612
2023-02-15,True,0.0223616188996851,0.0,0.0223616188996851,15115602.154175218
2023-02-16,True,-0.0571757573124057,0.0,-0.0571757573124057,14251356.15377722
2023-02-17,True,-0.0215710474371898,0.0,-0.0215710474371898,13943939.474139804
2023-02-21,True,-0.0702993203597708,0.0,-0.0702993203597708,12963690.005969996
2023-02-22,True,0.0008947448186178,0.0,0.0008947448186178,12975289.200433007
2023-02-23,True,0.025033478532044,0.0,0.025033478532044,13300105.82407911
2023-02-24,True,-0.0505886155904441,0.0,-0.0505886155904441,12627271.883232545
2023-02-27,True,0.0215891591536372,0.0,0.0215891591536372,12899884.0655959
2023-02-28,True,-0.0049459733984542,0.0,-0.0049459733984542,12836081.582164321
2023-03-01,True,-0.0244013273971636,0.0,-0.0244013273971636,12522864.152981227
2023-03-02,True,0.0240852193561436,0.0,0.0240852193561436,12824480.083072968
2023-03-03,True,0.0610584144987755,0.0,0.0610584144987755,13607522.503716528
2023-03-06,True,0.0042627297373625,0.0,0.0042627297373625,13665527.69454495
2023-03-07,True,-0.0373514139187937,0.0,-0.0373514139187937,13155100.913207265
2023-03-08,True,0.0136682420533196,0.0,0.0136682420533196,13334908.016724829
2023-03-09,True,-0.0526315243705111,0.0,-0.0526315243705111,12633071.480464052
2023-03-10,True,-0.0413223562643741,0.0,-0.0413223562643741,12111043.200035011
2023-03-13,True,0.0215516519584038,0.0,0.0215516519584038,12372056.18793536
2023-03-14,True,0.0679795214620799,0.0,0.0679795214620799,13213102.64709317
2023-03-15,True,0.0144864466998877,0.0,0.0144864466998877,13404513.55433043
2023-03-16,True,0.079186413460687,0.0,0.079186413460687,14465968.906883026
2023-03-17,True,-0.0148356984925968,0.0,-0.0148356984925968,14251356.153777227
2023-03-20,True,0.0105820080151388,0.0,0.0105820080151388,14402164.118823096
2023-03-21,True,0.0422875759993022,0.0,0.0422875759993022,15011196.728552252
2023-03-22,True,-0.0408083979427342,0.0,-0.0408083979427342,14398613.838856822
2023-03-23,True,0.0356564329449846,0.0,0.0356564329449846,14912017.047702748
2023-03-24,True,0.010172143733101,0.0,0.010172143733101,15063704.228462433
2023-03-27,True,-0.020526572937052,0.0,-0.020526572937052,14754498.004914721
2023-03-28,True,-0.0166073998034399,0.0,-0.0166073998034399,14509464.157648046
2023-03-29,True,0.0546841315554584,0.0,0.0546841315554584,15302901.604444081
2023-03-30,True,0.0270683750714506,0.0,0.0270683750714506,15717126.284754679
2023-03-31,True,0.0489976296258716,0.0,0.0489976296258716,16487228.217238137
2023-04-03,True,-0.0070769855705172,0.0,-0.0070769855705172,16370548.34104692
2023-04-04,True,-0.0099786924044344,0.0,-0.0099786924044344,16207191.674659688
2023-04-05,True,-0.032037467435796,0.0,-0.032037467435796,15687954.299157076
2023-04-06,True,0.0200818213021996,0.0,0.0200818213021996,16002996.993989822
2023-04-10,True,-0.002187402769198,0.0,-0.002187402769198,15967991.9940497
2023-04-11,True,-0.0193642712428264,0.0,-0.0193642712428264,15658783.465873644
2023-04-12,True,-0.0264531104155806,0.0,-0.0264531104155806,15244559.93787722
2023-04-13,True,0.0574052703511398,0.0,0.0574052703511398,16119678.022495216
2023-04-14,True,-0.0057907088310561,0.0,-0.0057907088310561,16026333.660616573
2023-04-17,True,0.0010922525993217,0.0,0.0010922525993217,16043838.465214979
2023-04-18,True,0.0007271345139956,0.0,0.0007271345139956,16055504.493900007
2023-04-19,True,-0.0021801773740119,0.0,-0.0021801773740119,16020500.64627406
2023-04-20,True,-0.0233068038429123,0.0,-0.0233068038429123,15647113.980246102
2023-04-21,True,0.0018645157351562,0.0,0.0018645157351562,15676288.270472053
2023-04-24,True,-0.0059547143565223,0.0,-0.0059547143565223,15582940.451650893
2023-04-25,True,-0.0565331205627083,0.0,-0.0565331205627083,14701988.200376209
2023-04-26,True,0.0166667149998396,0.0,0.0166667149998396,14947022.047642885
2023-04-27,True,0.0807962466082834,0.0,0.0807962466082834,16154685.327063687
2023-04-28,True,0.0202239178004157,0.0,0.0202239178004157,16481396.355209807
2023-05-01,True,-0.0028318098742021,0.0,-0.0028318098742021,16434724.174270486
2023-05-02,True,-0.0266241276691577,0.0,-0.0266241276691577,15997163.979647318
2023-05-03,True,-0.0196937311855863,0.0,-0.0196937311855863,15682120.1325004
2023-05-04,True,-0.0111606526154289,0.0,-0.0111606526154289,15507097.43742814
2023-05-05,True,0.0613243229425819,0.0,0.0613243229425819,16458059.688583067
2023-05-08,True,0.008153058806108,0.0,0.008153058806108,16592243.217058519
2023-05-09,True,-0.0193388986032562,0.0,-0.0193388986032562,16271367.50788326
2023-05-10,True,0.032269591943685,0.0,0.032269591943685,16796437.897728387
2023-05-11,True,0.0083362227335861,0.0,0.0083362227335861,16936456.7451747
2023-05-12,True,-0.0103340797727438,0.0,-0.0103340797727438,16761434.050102439
2023-05-15,True,0.0153150488086359,0.0,0.0153150488086359,17018136.23068249
2023-05-16,True,0.0037709582318232,0.0,0.0037709582318232,17082310.91159187
2023-05-17,True,0.0358606568435504,0.0,0.0358606568435504,17694893.801287305
2023-05-18,True,0.053742054470957,0.0,0.053742054470957,18645853.747813884
2023-05-19,True,-0.0068835336560447,0.0,-0.0068835336560447,18517504.385995124
2023-05-22,True,0.0103969299009822,0.0,0.0103969299009822,18710029.581037443
2023-05-23,True,-0.038665406739469,0.0,-0.038665406739469,17986598.677179135
2023-05-24,True,-0.0162179009565567,0.0,-0.0162179009565567,17694893.801287312
2023-05-25,True,0.0722058264922884,0.0,0.0722058264922884,18972568.232902534
2023-05-26,True,0.0756456534756397,0.0,0.0756456534756397,20407760.554991607
2023-05-30,True,0.0140081670265337,0.0,0.0140081670265337,20693635.873483434
2023-05-31,True,-0.0202991057964861,0.0,-0.0202991057964861,20273573.569573637
2023-06-01,True,0.036259157350406,0.0,0.036259157350406,21008676.26368784
2023-06-02,True,0.0224935368159877,0.0,0.0224935368159877,21481235.696680274
2023-06-05,True,0.0021729635654712,0.0,0.0021729635654712,21527913.639190458
2023-06-06,True,-0.0010841260164016,0.0,-0.0010841260164016,21504574.667935364
2023-06-07,True,-0.0510037575669501,0.0,-0.0510037575669501,20407760.554991614
2023-06-08,True,0.0343053510285575,0.0,0.0343053510285575,21107855.944537353
2023-06-09,True,0.0121611792161022,0.0,0.0121611792161022,21364552.363546543
2023-06-12,True,0.0510651187380404,0.0,0.0510651187380404,22455535.76677613
2023-06-13,True,0.0223434314117196,0.0,0.0223434314117196,22957269.48999451
2023-06-14,True,0.0213468500737248,0.0,0.0213468500737248,23447334.87989952
2023-06-15,True,0.0350834773275461,0.0,0.0350834773275461,24269948.921549857
2023-06-16,True,-0.0192308203620562,0.0,-0.0192308203620562,23803217.893643253
2023-06-20,True,-0.004901901458313,0.0,-0.004901901458313,23686536.86513786
2023-06-21,True,-0.0400772070942726,0.0,-0.0400772070942726,22737246.621847607
2023-06-22,True,0.0332046544939714,0.0,0.0332046544939714,23492229.040070277
2023-06-23,True,-0.0296459508510325,0.0,-0.0296459508510325,22795779.572567157
2023-06-26,True,-0.039538062928811,0.0,-0.039538062928811,21894478.605315693
2023-06-27,True,0.0494519022241692,0.0,0.0494519022241692,22977202.220554933
2023-06-28,True,0.0061132243901094,0.0,0.0061132243901094,23117667.013586108
2023-06-29,True,-0.0068354279454816,0.0,-0.0068354279454816,22959647.8664471
2023-06-30,True,0.0451185095009158,0.0,0.0451185095009158,23995552.95684708
2023-07-03,True,0.0068293030559176,0.0,0.0068293030559176,24159425.85998371
2023-07-05,True,-0.0007267001640656,0.0,-0.0007267001640656,24141869.201247524
2023-07-06,True,-0.0235152216362453,0.0,-0.0235152216362453,23574167.796266947
2023-07-07,True,-0.0101786538618331,0.0,-0.0101786538618331,23334214.50218797
2023-07-10,True,0.0007523998176384,0.0,0.0007523998176384,23351771.16092415
2023-07-11,True,0.0142857368438402,0.0,0.0142857368438402,23685368.418566693
2023-07-12,True,0.037064386042839,0.0,0.037064386042839,24563252.057199314
2023-07-13,True,0.0497974944613208,0.0,0.0497974944613208,25786440.46546973
2023-07-14,True,-0.0009079469263507,0.0,-0.0009079469263507,25763027.746107582
2023-07-17,True,0.0277148189419975,0.0,0.0277148189419975,26477045.395488616
2023-07-18,True,0.0238724513954653,0.0,0.0238724513954653,27109117.37478795
2023-07-19,True,0.0,0.0,0.0,27109117.37478795
2023-07-20,True,-0.0701638932297489,0.0,-0.0701638932297489,25207036.157750595
2023-07-21,True,-0.008822799870282,0.0,-0.008822799870282,24984639.522407796
2023-07-24,True,0.0039821711341987,0.0,0.0039821711341987,25084132.63271229
2023-07-25,True,0.0200654303717244,0.0,0.0200654303717244,25587456.54948908
2023-07-26,True,-0.0102930483464336,0.0,-0.0102930483464336,25324083.622162923
2023-07-27,True,-0.0085506853207107,0.0,-0.0085506853207107,25107545.352074444
2023-07-28,True,0.054079154971439,0.0,0.054079154971439,26465340.18812171
2023-07-31,True,0.0019903233848803,0.0,0.0019903233848803,26518014.773586944
2023-08-01,True,-0.0077245592611496,0.0,-0.0077245592611496,26313174.796980333
2023-08-02,True,-0.0653915227761509,0.0,-0.0653915227761509,24592516.227930754
2023-08-03,True,-0.0071394935303171,0.0,-0.0071394935303171,24416938.117427226
2023-08-04,True,-0.0139023704215488,0.0,-0.0139023704215488,24077484.79915872
2023-08-07,True,0.0247936146703002,0.0,0.0247936146703002,24674452.679499075
2023-08-08,True,-0.0256166406917381,0.0,-0.0256166406917381,24042376.090943053
2023-08-09,True,-0.0333496801350126,0.0,-0.0333496801350126,23240570.538624424
2023-08-10,True,0.0045328864077169,0.0,0.0045328864077169,23345917.404926546
2023-08-11,True,-0.0200552536255133,0.0,-0.0200552536255133,22877709.11025046
2023-08-14,True,0.0332565584222352,0.0,0.0332565584222352,23638542.97984241
2023-08-15,True,-0.0307005361321019,0.0,-0.0307005361321019,22912827.036979515
2023-08-16,True,-0.0332056874951468,0.0,-0.0332056874951468,22151990.862759218
2023-08-17,True,-0.0338177715716194,0.0,-0.0338177715716194,21402859.89590583
2023-08-18,True,-0.0046484818458855,0.0,-0.0046484818458855,21303369.09022968
2023-08-21,True,0.0483514614712476,0.0,0.0483514614712476,22333418.120003693
2023-08-22,True,-0.0044546920902669,0.0,-0.0044546920902669,22233929.618955884
2023-08-23,True,0.0471176402786541,0.0,0.0471176402786541,23281539.916722763
2023-08-24,True,-0.0658622778675283,0.0,-0.0658622778675283,21748164.665543616
2023-08-25,True,0.0236811803744811,0.0,0.0236811803744811,22263186.87580227
2023-08-28,True,0.0223451733487698,0.0,0.0223451733487698,22760661.645838134
2023-08-29,True,0.0637694199289473,0.0,0.0637694199289473,24212095.836192273
2023-08-30,True,0.0166788868342677,0.0,0.0166788868342677,24615926.642664567
2023-08-31,True,0.0090346643687724,0.0,0.0090346643687724,24838323.278007362
2023-09-01,True,-0.0035344659373071,0.0,-0.0035344659373071,24750533.07044142
2023-09-05,True,0.0026011477267542,0.0,0.0026011477267542,24814912.863273557
2023-09-06,True,-0.0264150435224763,0.0,-0.0264150435224763,24159425.85998373
2023-09-07,True,-0.0218022450246365,0.0,-0.0218022450246365,23632696.137729827
2023-09-08,True,0.0029715879447458,0.0,0.0029715879447458,23702922.77267455
2023-09-11,True,0.0340740552043077,0.0,0.0340740552043077,24510577.471734103
2023-09-12,True,-0.0319959689229458,0.0,-0.0319959689229458,23726337.796665043
2023-09-13,True,0.0098666528348194,0.0,0.0098666528348194,23960437.334746394
2023-09-14,True,0.0234488768508347,0.0,0.0234488768508347,24522282.679101005
2023-09-15,True,-0.0513125854639606,0.0,-0.0513125854639606,23263980.953358233
2023-09-18,True,0.0022640138983152,0.0,0.0022640138983152,23316650.92956678
2023-09-19,True,-0.006024029102583,0.0,-0.006024029102583,23176190.745792296
2023-09-20,True,-0.0433592923409326,0.0,-0.0433592923409326,22171287.515896272
2023-09-21,True,-0.0569535497271351,0.0,-0.0569535497271351,20908553.989845064
2023-09-22,True,0.00084288435091,0.0,0.00084288435091,20926177.482803263
2023-09-25,True,0.0131909834135566,0.0,0.0131909834135566,21202214.34288806
2023-09-26,True,-0.0445981620769315,0.0,-0.0445981620769315,20256634.5512341
2023-09-27,True,0.0060884835335617,0.0,0.0060884835335617,20379966.737144668
2023-09-28,True,0.0242073445164909,0.0,0.0242073445164909,20873311.613185354
2023-09-29,True,0.0022510449505677,0.0,0.0022510449505677,20920298.37589384
2023-10-02,True,0.0238630285931777,0.0,0.0238630285931777,21419520.054215606
2023-10-03,True,-0.0529200575158606,0.0,-0.0529200575158606,20285997.820984386
2023-10-04,True,0.0405327661473393,0.0,0.0405327661473393,21108245.426727783
2023-10-05,True,-0.0105732385187268,0.0,-0.0105732385187268,20885062.913119163
2023-10-06,True,0.0503374115807748,0.0,0.0503374115807748,21936362.92086722
2023-10-09,True,0.0147256969268454,0.0,0.0147256969268454,22259391.1529172
2023-10-10,True,0.0163587532717093,0.0,0.0163587532717093,22623527.040766243
2023-10-11,True,0.0212875953923583,0.0,0.0212875953923583,23105127.530758154
2023-10-12,True,-0.0116930441503708,0.0,-0.0116930441503708,22834958.254441053
2023-10-13,True,-0.0378085896435959,0.0,-0.0378085896435959,21971600.688270245
2023-10-16,True,0.0336808904426777,0.0,0.0336808904426777,22711623.76390214
2023-10-17,True,-0.0095680394139376,0.0,-0.0095680394139376,22494318.052574605
2023-10-18,True,-0.0422977436497342,0.0,-0.0422977436497342,21542859.154011212
2023-10-19,True,-0.0267175172369525,0.0,-0.0267175172369525,20967287.443230677
2023-10-20,True,-0.0450979698181032,0.0,-0.0450979698181032,20021705.346948367
2023-10-23,True,0.0088001218287152,0.0,0.0088001218287152,20197898.793220147
2023-10-24,True,0.0282057663007517,0.0,0.0282057663007517,20767596.006347954
2023-10-25,True,-0.0732465041499209,0.0,-0.0732465041499209,19246442.19928511
2023-10-26,True,-0.0582850060224784,0.0,-0.0582850060224784,18124663.199788496
2023-10-27,True,0.0142579991957492,0.0,0.0142579991957492,18383084.633114304
2023-10-30,False,-0.003508692132209314,0.0005003565602076227,-0.004009048692416937,18309385.95170333
2023-10-31,False,-0.0008032873340196416,7.761693602321429e-07,-0.0008040635033798737,18294664.042690266
2023-11-01,False,-0.00043955950022233833,1.3058279643176908e-06,-0.00044086532818665605,18286598.55962302
2023-11-02,False,-0.0006404806754456028,1.2924143204893491e-06,-0.0006417730897660921,18274862.7127641
2023-11-03,False,-0.0045339407563734675,3.1770812387189594e-06,-0.0045371178376121864,18191947.507170103
2023-11-06,False,0.0004045725570767638,2.125044838996129e-06,0.00040244751223776767,18199268.811187122
2023-11-07,False,-0.0029789024105920533,1.0209289181552644e-06,-0.0029799233395102083,18145036.385294642
2023-11-08,False,-0.005289486356923691,1.23464249100734e-06,-0.005290720999414698,18049036.06025582
2023-11-09,False,0.003630526741486187,1.8087524343050055e-06,0.003628717989051882,18114530.92209272
2023-11-10,False,-0.002259917399304079,1.4449044979165104e-06,-0.0022613623038019955,18073567.404714443
2023-11-13,False,0.002806906821534206,4.6650835809639027e-07,0.00280644031317611,18124289.792881936
2023-11-14,False,-0.0029689266796452444,4.404923448139434e-06,-0.002973331603093384,18070400.269257136
2023-11-15,False,0.00032299453951165996,1.4073796674670958e-06,0.00032158715984419286,18076211.477956973
2023-11-16,True,0.0016254537842854,0.0005,0.0011254537842854,18096555.418570384
2023-11-17,True,0.0006957265087903,0.0,0.0006957265087903,18109145.671892878
2023-11-20,True,0.0356812211253079,0.0,0.0356812211253079,18755302.1030021
2023-11-21,True,-0.0181208891476394,0.0,-0.0181208891476394,18415439.35266311
2023-11-22,True,0.0116197752897388,0.0,0.0116197752897388,18629422.61980287
2023-11-24,True,-0.0049547336915705,0.0,-0.0049547336915705,18537118.791894026
2023-11-27,True,-0.0029427190308176,0.0,-0.0029427190308176,18482569.259648595
2023-11-28,True,0.0079455057406379,0.0,0.0079455057406379,18629422.61980287
2023-11-29,True,-0.0036035230283804,0.0,-0.0036035230283804,18562291.06638698
2023-11-30,True,-0.0083633840754483,0.0,-0.0083633840754483,18407047.496878523
2023-12-01,True,0.0084339201892527,0.0,0.0084339201892527,18562291.06638698
2023-12-04,True,-0.0284809722390747,0.0,-0.0284809722390747,18033618.969831586
2023-12-05,True,0.0072127117265314,0.0,0.0072127117265314,18163690.264847092
2023-12-06,True,-0.0177869908387874,0.0,-0.0177869908387874,17840612.872507684
2023-12-07,True,0.0418624696438285,0.0,0.0418624696438285,18587464.987310335
2023-12-08,True,0.011963980153689,0.0,0.011963980153689,18809845.049525905
2023-12-11,True,0.0254294627866025,0.0,0.0254294627866025,19288169.304234583
2023-12-12,True,0.0241462674295767,0.0,0.0241462674295767,19753906.59848158
2023-12-13,True,0.0352589814603592,0.0,0.0352589814603592,20450409.225007113
2023-12-14,True,-0.0016413254296594,0.0,-0.0016413254296594,20416843.448299166
2023-12-15,True,0.0119195153294917,0.0,0.0119195153294917,20660202.326761004
2023-12-18,True,0.0209179086362796,0.0,0.0209179086362796,21092370.551439237
2023-12-19,True,0.0149194791651217,0.0,0.0149194791651217,21407057.734424464
2023-12-20,True,-0.0444318122999025,0.0,-0.0444318122999025,20455903.36327534
2023-12-21,True,0.0331685339070004,0.0,0.0331685339070004,21134395.687578466
2023-12-22,True,0.0039878487079221,0.0,0.0039878487079221,21218676.46011389
2023-12-26,True,0.0182722498260936,0.0,0.0182722498260936,21606389.41737214
2023-12-27,True,0.0052661810726857,0.0,0.0052661810726857,21720172.576370984
2023-12-28,True,-0.002522308310443,0.0,-0.002522308310443,21665387.604577348
2023-12-29,True,-0.0138104656233153,0.0,-0.0138104656233153,21366178.51384853
2024-01-02,True,-0.0506903067624217,0.0,-0.0506903067624217,20283120.37064088
2024-01-03,True,-0.0319967966107583,0.0,-0.0319967966107583,19634125.493509956
2024-01-04,True,-0.0167415929988665,0.0,-0.0167415929988665,19305418.955608945
2024-01-05,True,0.0037108482356713,0.0,0.0037108482356713,19377058.43547926
2024-01-08,True,0.060243605030209,0.0,0.060243605030209,20544402.290513556
2024-01-09,True,0.0065640349833966,0.0,0.0065640349833966,20679256.465861462
2024-01-10,True,0.0197677478323143,0.0,0.0197677478323143,21088038.793038364
2024-01-11,True,0.0047960941695874,0.0,0.0047960941695874,21189179.012941692
2024-01-12,True,0.0011932615107543,0.0,0.0011932615107543,21214463.244702317
2024-01-16,True,-0.0005958032540775,0.0,-0.0005958032540775,21201823.59846762
2024-01-17,True,-0.0172929436567754,0.0,-0.0172929436567754,20835181.657558426
2024-01-18,True,0.0428804655323371,0.0,0.0428804655323371,21728603.946485344
2024-01-19,True,0.0577966784674741,0.0,0.0577966784674741,22984445.082327448
2024-01-22,True,0.0040336907120315,0.0,0.0040336907120315,23077157.224977233
2024-01-23,True,0.0118699567844391,0.0,0.0118699567844391,23351082.08394542
2024-01-24,True,0.0164230697150236,0.0,0.0164230697150236,23734578.532931298
2024-01-25,True,0.002840845240424,0.0,0.002840845240424,23802004.797390044
2024-01-26,True,-0.0184135654992037,0.0,-0.0184135654992037,23363725.02304094
2024-01-29,True,0.0294011507531113,0.0,0.0294011507531113,24050645.424597606
2024-01-30,True,-0.0199753541801198,0.0,-0.0199753541801198,23570225.26398079
2024-01-31,True,-0.0588237348592018,0.0,-0.0588237348592018,22183736.58248073
2024-02-01,True,0.0353344755963371,0.0,0.0353344755963371,22967587.281389967
2024-02-02,True,0.0502752379599924,0.0,0.0502752379599924,24122288.197328743
2024-02-05,True,-0.0050663202119407,0.0,-0.0050663202119407,24000076.961076356
2024-02-06,True,-0.0057946618369699,0.0,-0.0057946618369699,23861004.63102567
2024-02-07,True,0.0298481262948016,0.0,0.0298481262948016,24573210.91077337
2024-02-08,True,0.0041158061858566,0.0,0.0041158061858566,24674349.48424629
2024-02-09,True,0.029376762786262,0.0,0.029376762786262,25399201.99595032
2024-02-12,True,-0.0117802555677348,0.0,-0.0117802555677348,25099992.905221503
2024-02-13,True,-0.0473473506041089,0.0,-0.0473473506041089,23911574.740977336
2024-02-14,True,0.0317237500639491,0.0,0.0317237500639491,24670139.56169554
2024-02-15,True,0.0083703194123658,0.0,0.0083703194123658,24876636.509774573
2024-02-16,True,-0.027443709517436,0.0,-0.027443709517436,24193929.323629476
2024-02-20,True,-0.0231665970047318,0.0,-0.0231665970047318,23633438.31302799
2024-02-21,True,-0.0124822788910679,0.0,-0.0124822788910679,23338439.144849926
2024-02-22,True,0.0864933237155802,0.0,0.0864933237155802,25357058.3168218
2024-02-23,True,-0.0091407616520053,0.0,-0.0091407616520053,25125275.490551732
2024-02-26,True,-0.0013417687311269,0.0,-0.0013417687311269,25091563.18153756
2024-02-27,True,0.0062143134327359,0.0,0.0062143134327359,25247490.019664932
2024-02-28,True,-0.0161910737775881,0.0,-0.0161910737775881,24838706.04605762
2024-02-29,True,0.0240923629290197,0.0,0.0240923629290197,25437129.166806474
2024-03-01,True,0.0458913365332747,0.0,0.0458913365332747,26604473.021840766
2024-03-04,True,-0.0118801543250426,0.0,-0.0118801543250426,26288407.776604865
2024-03-05,True,-0.0535429176000291,0.0,-0.0535429176000291,24880849.725186147
2024-03-06,True,0.0184620879994938,0.0,0.0184620879994938,25340202.16231472
2024-03-07,True,0.0445700878988004,0.0,0.0445700878988004,26469617.20006246
2024-03-08,True,-0.0437827444258318,0.0,-0.0437827444258318,25310704.715142526
2024-03-11,True,-0.011655244860187,0.0,-0.011655244860187,25015702.25410365
2024-03-12,True,0.0424530183227456,0.0,0.0424530183227456,26077694.32025346
2024-03-13,True,-0.0232708284758395,0.0,-0.0232708284758395,25470844.76868147
2024-03-14,True,-0.0081071888252776,0.0,-0.0081071888252776,25264347.820602436
2024-03-15,True,-0.0365305189214699,0.0,-0.0365305189214699,24341428.08450332
2024-03-18,True,0.0282203530554068,0.0,0.0282203530554068,25028351.7789208
2024-03-19,True,0.0069033590905158,0.0,0.0069033590905158,25201131.47869444
2024-03-20,True,0.0354954458317029,0.0,0.0354954458317029,26095656.87599406
2024-03-21,True,0.0129659992129889,0.0,0.0129659992129889,26434013.142510626
2024-03-22,True,0.0020799922866823,0.0,0.0020799922866823,26488995.685953107
2024-03-25,True,-0.010218759787511,0.0,-0.010218759787511,26218311.00202594
2024-03-26,True,-0.0093562456858483,0.0,-0.0093562456858483,25973006.042823005
2024-03-27,True,0.0087932789294484,0.0,0.0087932789294484,26201393.9295938
2024-03-28,True,-0.0062953761456613,0.0,-0.0062953761456613,26036446.299266357
2024-04-01,True,0.006172869952945,0.0,0.006172869952945,26197165.896308567
2024-04-02,True,-0.0268001877636497,0.0,-0.0268001877636497,25495076.93141202
2024-04-03,True,0.0066356854108817,0.0,0.0066356854108817,25664254.2414551
2024-04-04,True,-0.0471324526797083,0.0,-0.0471324526797083,24454634.992859714
2024-04-05,True,0.0352819379949969,0.0,0.0352819379949969,25317441.90836807
2024-04-08,True,0.0006682633626171,0.0,0.0006682633626171,25334360.627230622
2024-04-09,True,0.0103505149359734,0.0,0.0103505149359734,25596584.305296108
2024-04-10,True,-0.0262722382188134,0.0,-0.0262722382188134,24924104.74483943
2024-04-11,True,0.0470047828456994,0.0,0.0470047828456994,26095656.875994075
2024-04-12,True,-0.0482981562147097,0.0,-0.0482981562147097,24835284.76367185
2024-04-15,True,-0.0502383899149322,0.0,-0.0502383899149322,23587600.04406613
2024-04-16,True,0.0001793179343272,0.0,0.0001793179343272,23591829.72378177
2024-04-17,True,-0.037110133673639,0.0,-0.037110133673639,22716333.769126497
2024-04-18,True,-0.0178736833316373,0.0,-0.0178736833316373,22310309.212881353
2024-04-19,True,-0.0619905296510183,0.0,-0.0619905296510183,20927281.328096844
2024-04-22,True,0.0291026480919736,0.0,0.0291026480919736,21536320.632110175
2024-04-23,True,0.0445797116251576,0.0,0.0445797116251576,22496403.59535658
2024-04-24,True,0.0097762370255181,0.0,0.0097762370255181,22716333.769126505
2024-04-25,True,-0.0160118730269724,0.0,-0.0160118730269724,22352602.71717693
2024-04-26,True,0.0459790417240855,0.0,0.0459790417240855,23380353.970151912
2024-04-29,True,0.0119393269300036,0.0,0.0119393269300036,23659499.659940764
2024-04-30,True,-0.0572041586955875,0.0,-0.0572041586955875,22306077.886735316
2024-05-01,True,-0.0216154314852697,0.0,-0.0216154314852697,21823922.3884695
2024-05-02,True,0.0370154691377695,0.0,0.0370154691377695,22631745.114104968
2024-05-03,True,0.0596150268875619,0.0,0.0596150268875619,23980937.207594782
2024-05-06,True,0.0328042900537244,0.0,0.0328042900537244,24767614.827512875
2024-05-07,True,0.0,0.0,0.0,24767614.827512875
2024-05-08,True,-0.0018783877387953,0.0,-0.0018783877387953,24721091.64350167
2024-05-09,True,0.0054746721653593,0.0,0.0054746721653593,24856431.515819646
2024-05-10,True,0.0068062447486001,0.0,0.0068062447486001,25025610.472293135
2024-05-13,True,0.0065912189011521,0.0,0.0065912189011521,25190559.749050982
2024-05-14,True,0.0186365375507855,0.0,0.0186365375507855,25660024.56173948
2024-05-15,True,0.0461514020278279,0.0,0.0461514020278279,26844270.67133226
2024-05-16,True,-0.0061446120979399,0.0,-0.0061446120979399,26679323.041004818
2024-05-17,True,-0.0022195284313594,0.0,-0.0022195284313594,26620107.524985883
2024-05-20,True,0.0206545777600311,0.0,0.0206545777600311,27169934.605841096
2024-05-21,True,0.0051371539821531,0.0,0.0051371539821531,27309510.743596334
2024-05-22,True,-0.0006195777526671,0.0,-0.0006195777526671,27292590.37830338
2024-05-23,True,-0.0148767924571325,0.0,-0.0148767924571325,26886564.175627828
2024-05-24,True,0.0280004869500807,0.0,0.0280004869500807,27639401.064960003
2024-05-28,True,0.0108645317013225,0.0,0.0108645317013225,27939690.214035828
2024-05-29,True,-0.0208899803404365,0.0,-0.0208899803404365,27356030.634746734
2024-05-30,True,-0.0321581996608197,0.0,-0.0321581996608197,26476309.939667046
2024-05-31,True,-0.0011183357691213,0.0,-0.0011183357691213,26446700.535227172
2024-06-03,True,0.0097554300695248,0.0,0.0097554300695248,26704699.47286825
2024-06-04,True,0.0074437001395089,0.0,0.0074437001395089,26903481.24805998
2024-06-05,True,0.0603677698546512,0.0,0.0603677698546512,28527584.412331786
2024-06-06,True,-0.0011857842098975,0.0,-0.0011857842098975,28493756.853189126
2024-06-07,True,-0.0037107693900702,0.0,-0.0037107693900702,28388023.09245021
2024-06-10,True,0.0105777905835948,0.0,0.0105777905835948,28688305.655804403
2024-06-11,True,0.0206399615071795,0.0,0.0206399615071795,29280431.180246405
2024-06-12,True,0.0394337892251488,0.0,0.0394337892251488,30435069.53182972
2024-06-13,True,0.0159810766153427,0.0,0.0159810766153427,30921454.709811173
2024-06-14,True,0.0144986615661673,0.0,0.0144986615661673,31369774.416782293
2024-06-17,True,0.0362679158843834,0.0,0.0362679158843834,32507490.756642237
2024-06-18,True,0.0005205573032396,0.0,0.0005205573032396,32524412.7683656
2024-06-20,True,-0.0235371157420217,0.0,-0.0235371157420217,31758881.900595292
2024-06-21,True,-0.0091889188844233,0.0,-0.0091889188844233,31467052.110950742
2024-06-24,True,-0.0338708793002701,0.0,-0.0338708793002701,30401235.38696542
2024-06-25,True,0.0333886850852138,0.0,0.0333886850852138,31416292.66150227
2024-06-26,True,0.0062571738490841,0.0,0.0062571738490841,31612869.866378997
2024-06-27,True,0.0072521774291913,0.0,0.0072521774291913,31842132.007695917
2024-06-28,True,-0.0157334227089391,0.0,-0.0157334227089391,31341146.284864996
2024-07-01,True,0.0163912069753142,0.0,0.0163912069753142,31854865.50046382
2024-07-02,True,0.0306545910354005,0.0,0.0306545910354005,32831363.374868233
2024-07-03,True,0.0245699600058892,0.0,0.0245699600058892,33638028.65992756
2024-07-05,True,0.0302915918860877,0.0,0.0302915918860877,34656978.09594662
2024-07-08,True,0.0066151797967559,0.0,0.0066151797967559,34886240.23726353
2024-07-09,True,0.0021906633134827,0.0,0.0021906633134827,34962664.24389665
2024-07-10,True,0.0313296163384275,0.0,0.0313296163384275,36058031.100827195
2024-07-11,True,-0.0657010916347453,0.0,-0.0657010916347453,33688979.09530325
2024-07-12,True,0.0162570014509944,0.0,0.0162570014509944,34236660.87733812
2024-07-15,True,0.0074404368313549,0.0,0.0074404368313549,34491396.589912474
2024-07-16,True,0.0007387394973306,0.0,0.0007387394973306,34516876.746891536
2024-07-17,True,-0.0879459418257588,0.0,-0.0879459418257588,31481257.512502532
2024-07-18,True,-0.0149697849203458,0.0,-0.0149697849203458,31009989.858518347
2024-07-19,True,-0.0271082917256889,0.0,-0.0271082917256889,30169362.00702298
2024-07-22,True,0.0436251616995844,0.0,0.0436251616995844,31485505.30295266
2024-07-23,True,-0.010787462710793,0.0,-0.010787462710793,31145856.588566583
2024-07-24,True,-0.1078247195330471,0.0,-0.1078247195330471,27787563.337287884
2024-07-25,True,-0.0333076185634568,0.0,-0.0333076185634568,26862025.776841603
2024-07-26,True,0.0286074823454187,0.0,0.0286074823454187,27630480.705014788
2024-07-29,True,0.0058390952429416,0.0,0.0058390952429416,27791817.71345963
2024-07-30,True,-0.0407883415469769,0.0,-0.0407883415469769,26658235.56035172
2024-07-31,True,0.0874340203075247,0.0,0.0874340203075247,28989072.26969829
2024-08-01,True,-0.0720560410822238,0.0,-0.0720560410822238,26900234.487297356
2024-08-02,True,-0.072916645627428,0.0,-0.072916645627428,24938759.621892378
2024-08-05,True,-0.0871638125909864,0.0,-0.0871638125909864,22765002.25195809
2024-08-06,True,0.0249907354397418,0.0,0.0249907354397418,23333916.400521904
2024-08-07,True,-0.0322053497114256,0.0,-0.0322053497114256,22582439.462705925
2024-08-08,True,0.0915586176727909,0.0,0.0915586176727909,24650056.403590765
2024-08-09,True,0.0136066308046223,0.0,0.0136066308046223,24985460.62038754
2024-08-12,True,0.0067969272119188,0.0,0.0067969272119188,25155284.97758058
2024-08-13,True,0.0727426667262705,0.0,0.0727426667262705,26985147.489109084
2024-08-14,True,0.0017306186121091,0.0,0.0017306186121091,27031848.487604246
2024-08-15,True,0.0752316691372601,0.0,0.0752316691372601,29065499.569192234
2024-08-16,True,0.0026292585678902,0.0,0.0026292585678902,29141920.28296454
2024-08-19,True,0.0387529715997605,0.0,0.0387529715997605,30271256.29205275
2024-08-20,True,-0.0061712199156835,0.0,-0.0061712199156835,30084445.712350473
2024-08-21,True,0.0136889652050333,0.0,0.0136889652050333,30496270.64291955
2024-08-22,True,-0.0480301425389225,0.0,-0.0480301425389225,29031530.41703457
2024-08-23,True,0.0314421573078771,0.0,0.0314421573078771,29944344.36329539
2024-08-26,True,-0.0293492748894649,0.0,-0.0293492748894649,29065499.569192234
2024-08-27,True,0.0084723574948766,0.0,0.0084723574948766,29311752.872309614
2024-08-28,True,-0.0338937677208172,0.0,-0.0338937677208172,28318267.128965557
2024-08-29,True,-0.0052473878178554,0.0,-0.0052473878178554,28169670.19901025
2024-08-30,True,0.0340619287179049,0.0,0.0340619287179049,29129183.49733583
2024-09-03,True,-0.0912402925426537,0.0,-0.0912402925426537,26471428.273510266
2024-09-04,True,-0.008500334586116,0.0,-0.008500334586116,26246412.27621306
2024-09-05,True,0.0032350350069543,0.0,0.0032350350069543,26331320.33873357
2024-09-06,True,-0.0811027966966746,0.0,-0.0811027966966746,24195776.618546247
2024-09-09,True,0.0371996271068801,0.0,0.0371996271068801,25095850.486317538
2024-09-10,True,0.0268988548003219,0.0,0.0268988548003219,25770900.124639582
2024-09-11,True,0.063756094039389,0.0,0.063756094039389,27413952.05646581
2024-09-12,True,0.029580425569432,0.0,0.029580425569432,28224868.424836073
2024-09-13,True,0.0130864557032615,0.0,0.0130864557032615,28594231.915208075
2024-09-16,True,-0.013362844546193,0.0,-0.013362844546193,28212131.63920736
2024-09-17,True,0.0006019142202788,0.0,0.0006019142202788,28229112.922425378
2024-09-18,True,-0.0130847213339176,0.0,-0.0130847213339176,27859742.846331753
2024-09-19,True,0.0755867456992074,0.0,0.0755867456992074,29965570.144102745
2024-09-20,True,-0.0063758198616882,0.0,-0.0063758198616882,29774515.066811163
2024-09-23,True,0.0074149465911947,0.0,0.0074149465911947,29995291.50581029
2024-09-24,True,0.0141542787178967,0.0,0.0141542787178967,30419853.222008094
2024-09-25,True,0.003500386388014,0.0,0.003500386388014,30526334.462151796
2024-09-26,True,0.0212083327040946,0.0,0.0212083327040946,31173747.11966158
2024-09-27,True,-0.0172155675181902,0.0,-0.0172155675181902,30637073.37132806
2024-09-30,True,0.0077853933055247,0.0,0.0077853933055247,30875595.03725407
2024-10-01,True,-0.0423505464603841,0.0,-0.0423505464603841,29567996.715136837
2024-10-02,True,0.0037452286755554,0.0,0.0037452286755554,29678735.624313097
2024-10-03,True,-0.0022963357041535,0.0,-0.0022963357041535,29610583.284044854
2024-10-04,True,0.0352418131039711,0.0,0.0352418131039711,30654113.92604073
2024-10-07,True,-0.0329305267386845,0.0,-0.0329305267386845,29644657.807748567
2024-10-08,True,0.0433910648642752,0.0,0.0433910648642752,30930971.07756383
2024-10-09,True,0.0240979170035631,0.0,0.0240979170035631,31676343.051430576
2024-10-10,True,-0.0034959499269363,0.0,-0.0034959499269363,31565604.14225432
2024-10-11,True,0.0025636149443051,0.0,0.0025636149443051,31646526.196759425
2024-10-14,True,0.0255719489466266,0.0,0.0255719489466266,32455789.549001038
2024-10-15,True,-0.0398949475625559,0.0,-0.0398949475625559,31160967.526842296
2024-10-16,True,-0.0005468557642824,0.0,-0.0005468557642824,31143926.972129624
2024-10-17,True,0.0030088765983136,0.0,0.0030088765983136,31237635.205175653
2024-10-18,True,0.0177256605273634,0.0,0.0177256605273634,31791342.922500215
2024-10-21,True,0.005493117445138,0.0,0.005493117445138,31965976.502912167
2024-10-22,True,0.00293129313024,0.0,0.00293129313024,32059678.15023657
2024-10-23,True,-0.046233421393765,0.0,-0.046233421393765,30577449.540568203
2024-10-24,True,0.0238193414741336,0.0,0.0238193414741336,31305784.25258309
2024-10-25,True,0.016870637305385,0.0,0.016870637305385,31833932.784269053
2024-10-28,True,0.0009367409215208,0.0,0.0009367409215208,31863752.931801025
2024-10-29,True,0.0276700007864318,0.0,0.0276700007864318,32745423.00048263
2024-10-30,True,-0.0222425374601444,0.0,-0.0222425374601444,32017081.702746123
2024-10-31,True,-0.0760941301000156,0.0,-0.0760941301000156,29580769.722234532
2024-11-01,True,0.0213101994544546,0.0,0.0213101994544546,30211141.825031642
2024-11-04,True,-0.0093046778437317,0.0,-0.0093046778437317,29930036.883058432
2024-11-05,True,0.0379961343864021,0.0,0.0379961343864021,31067262.586657096
2024-11-06,True,0.081162763164575,0.0,0.081162763164575,33588767.46214961
2024-11-07,True,0.0467918084655214,0.0,0.0467918084655214,35160446.63583145
2024-11-08,True,0.0024226943781671,0.0,0.0024226943781671,35245629.65222992
2024-11-11,True,-0.0018128395453886,0.0,-0.0018128395453886,35181734.98099424
2024-11-12,True,-0.0054477405331175,0.0,-0.0054477405331175,34990074.01731288
2024-11-13,True,-0.0043823471036861,0.0,-0.0043823471036861,34836735.36778535
2024-11-14,True,-0.0211517132137193,0.0,-0.0211517132137193,34099878.731983714
2024-11-15,True,-0.0723207508908138,0.0,-0.0723207508908138,31633749.89680096
2024-11-18,True,0.0201966988273267,0.0,0.0201966988273267,32272647.21624563
2024-11-19,True,0.0200606216252092,0.0,0.0200606216252092,32920056.580894597
2024-11-20,True,-0.0011646024472555,0.0,-0.0011646024472555,32881717.802436702
2024-11-21,True,0.0098446187370815,0.0,0.0098446187370815,33205425.777621996
2024-11-22,True,0.003719928052831,0.0,0.003719928052831,33328947.57247837
2024-11-25,True,0.0046005672238063,0.0,0.0046005672238063,33482279.63628427
2024-11-26,True,0.0155196479829207,0.0,0.0155196479829207,34001912.829905115
2024-11-27,True,-0.0241763735226661,0.0,-0.0241763735226661,33179869.8848442
2024-11-29,True,0.0255455744938248,0.0,0.0255455744938248,34027468.72268291
2024-12-02,True,0.0324197214746688,0.0,0.0324197214746688,35130629.781160295
2024-12-03,True,0.0088505412923718,0.0,0.0088505412923718,35441554.87066548
2024-12-04,True,0.036534007237658,0.0,0.036534007237658,36736376.892824225
2024-12-05,True,-0.0082317090387187,0.0,-0.0082317090387187,36433973.72710579
2024-12-06,True,0.0257187491385766,0.0,0.0257187491385766,37371009.95751472
2024-12-09,True,-0.023364405691693,0.0,-0.023364405691693,36497858.519759044
2024-12-10,True,-0.0108530940633363,0.0,-0.0108530940633363,36101743.82813376
2024-12-11,True,0.0534451100688173,0.0,0.0534451100688173,38031205.50070462
2024-12-12,True,-0.0198230344720342,0.0,-0.0198230344720342,37277311.60305113
2024-12-13,True,0.0214807529534974,0.0,0.0214807529534974,38078056.324366815
2024-12-16,True,0.0435123439291957,0.0,0.0435123439291957,39734921.80730795
2024-12-17,True,-0.0133991149906385,0.0,-0.0133991149906385,39202509.02086781
2024-12-18,True,-0.1081051773226454,0.0,-0.1081051773226454,34964514.83167429
2024-12-19,True,-0.0141308210115782,0.0,-0.0141308210115782,34470437.53083123
2024-12-20,True,0.0259483118164915,0.0,0.0259483118164915,35364887.19233213
2024-12-23,True,0.0278533244406098,0.0,0.0278533244406098,36349916.86910573
2024-12-24,True,0.0397366321321626,0.0,0.0397366321321626,37794340.14376807
2024-12-26,True,-0.0021483471240351,0.0,-0.0021483471240351,37713144.7818154
2024-12-27,True,-0.0406798985384008,0.0,-0.0406798985384008,36178977.878527135
2024-12-30,True,-0.0401605665409676,0.0,-0.0401605665409676,34726009.63005235
2024-12-31,True,-0.0262122116685163,0.0,-0.0262122116685163,33815764.115226485
2025-01-02,True,-0.0063186638230131,0.0,-0.0063186638230131,33602093.66986406
2025-01-03,True,0.0479459659529606,0.0,0.0479459659529606,35213178.50890756
2025-01-06,True,0.0341019254623826,0.0,0.0341019254623826,36414015.6977119
2025-01-07,True,-0.0538668355145565,0.0,-0.0538668355145565,34452507.90369877
2025-01-08,True,0.0007442566222066,0.0,0.0007442566222066,34478149.41085773
2025-01-10,True,-0.0477194377845116,0.0,-0.0477194377845116,32832871.505121212
2025-01-13,True,-0.0104125735162411,0.0,-0.0104125735162411,32490996.81682484
2025-01-14,True,-0.0035511943069814,0.0,-0.0035511943069814,32375614.97390078
2025-01-15,True,0.067581747594579,0.0,0.067581747594579,34563615.61328622
2025-01-16,True,-0.0204004542072042,0.0,-0.0204004542072042,33858502.15573196
2025-01-17,True,0.049349971606815,0.0,0.049349971606815,35529418.27576662
2025-01-21,True,0.0165984033302462,0.0,0.0165984033302462,36119149.89039682
2025-01-22,True,0.0388073509833732,0.0,0.0388073509833732,37520838.417414516
2025-01-23,True,0.0061503683937358,0.0,0.0061503683937358,37751605.39612345
2025-01-24,True,-0.0179985787657626,0.0,-0.0179985787657626,37072130.15286733
2025-01-27,True,-0.087723362291138,0.0,-0.087723362291138,33820038.24856313
2025-01-28,True,0.0443518251307892,0.0,0.0443518251307892,35320018.67088001
2025-01-29,True,-0.0061706612782613,0.0,-0.0061706612782613,35102070.79932015
2025-01-30,True,0.0125396187054604,0.0,0.0125396187054604,35542237.38291569
2025-01-31,True,-0.0054107358293141,0.0,-0.0054107358293141,35349927.72565396
2025-02-03,True,-0.0241779381786707,0.0,-0.0241779381786707,34495239.35848263
2025-02-04,True,0.0362983480157919,0.0,0.0362983480157919,35747359.56160487
2025-02-05,True,0.013030467245866,0.0,0.013030467245866,36213164.35949856
2025-02-06,True,0.0149869815606815,0.0,0.0149869815606815,36755890.38600829
2025-02-07,True,-0.0381350720196748,0.0,-0.0381350720196748,35354201.858990595
2025-02-10,True,0.0351747504941497,0.0,0.0351747504941497,36597777.08830039
2025-02-11,True,-0.0071229085464825,0.0,-0.0071229085464825,36337094.46909588
2025-02-12,True,0.00199934499997,0.0,0.00199934499997,36409744.8572361
2025-02-13,True,0.0421360714402963,0.0,0.0421360714402963,37943908.467663564
2025-02-14,True,0.0117131847440481,0.0,0.0117131847440481,38388352.47745656
2025-02-18,True,0.0062339729912064,0.0,0.0062339729912064,38627664.42997794
2025-02-19,True,0.0001106495409366,0.0,0.0001106495409366,38631938.563314565
2025-02-20,True,-0.0121682276782643,0.0,-0.0121682276782643,38161856.33922344
2025-02-21,True,-0.0625980702323727,0.0,-0.0625980702323727,35772997.77590301
2025-02-24,True,-0.0359573832556825,0.0,-0.0359573832556825,34486694.38467018
2025-02-25,True,-0.0381659002798674,0.0,-0.0381659002798674,33170478.6458026
2025-02-26,True,0.0064414853576026,0.0,0.0064414853576026,33384145.79830421
2025-02-27,True,-0.0829492714833718,0.0,-0.0829492714833718,30614955.22524021
2025-02-28,True,0.045784438249385,0.0,0.045784438249385,32016643.752257906
2025-03-03,True,-0.0646022728675205,0.0,-0.0646022728675205,29948295.796272345
2025-03-04,True,-0.0109873460087651,0.0,-0.0109873460087651,29619243.507985856
2025-03-05,True,0.0389554716470994,0.0,0.0389554716470994,30773075.10866973
2025-03-06,True,-0.0829051365635599,0.0,-0.0829051365635599,28221829.114304777
2025-03-07,True,0.0207449620569641,0.0,0.0207449620569641,28807289.88845916
2025-03-10,True,-0.1127429127676715,0.0,-0.1127429127676715,25559472.117491584
2025-03-11,True,-0.011703875516984,0.0,-0.011703875516984,25260327.237548638
2025-03-12,False,-0.0011710757893625742,0.0005009207230906979,-0.001671996512453272,25218092.058504026
2025-03-13,False,0.007940084656678526,1.6231222496921327e-06,0.007938461534428834,25418284.912282147
2025-03-14,False,-0.001243424435406781,2.981384827211164e-07,-0.0012437225738895022,25386671.617547184
2025-03-17,False,0.0005845109780793211,8.043668314497155e-07,0.0005837066112478714,25401489.98560793
2025-03-18,False,0.004228345286370431,1.2353781540945242e-06,0.004227109908216337,25508864.87560955
2025-03-19,False,0.004094691879604047,1.7566806680176238e-07,0.0040945162115372455,25613311.33638065
2025-03-20,False,-0.00045709669838767467,2.4451043717327314e-07,-0.00045734120882484793,25601597.31361206
2025-03-21,False,-0.0028960596328247933,8.614684607747281e-07,-0.002896921101285568,25527431.50612764
2025-03-24,False,-0.0029529052469853697,4.3175915169539614e-07,-0.002953337006137065,25452040.397988964
2025-03-25,False,0.002534481701334663,3.1019438249106636e-07,0.002534171506952172,25516540.233559344
2025-03-26,False,-0.0007793453084620389,4.6593864119745534e-08,-0.0007793919023261586,25496652.848725926
2025-03-27,False,0.004297517009732595,1.5115401094731862e-06,0.004296005469623122,25606186.608821135
2025-03-28,False,0.004985793204963945,5.84716923164974e-07,0.00498520848804078,25733838.787649788
2025-03-31,False,0.004665137021762408,1.7410671866373018e-06,0.004663395954575771,25853845.86734782
2025-04-01,False,-0.001332060143275293,5.580950947411955e-07,-0.0013326182383700343,25819392.560812984
2025-04-02,False,0.0005958520535199865,2.6650078512147067e-07,0.0005955855527348651,25834770.21800259
2025-04-03,False,-0.0026743169244808768,1.9585117199677345e-06,-0.0026762754362008446,25765629.257068258
2025-04-04,False,-0.007712052719889778,2.633679410526793e-06,-0.007714686399300305,25566855.50746934
2025-04-07,False,-0.010808738222469716,1.798955789145601e-06,-0.010810537178258861,25290464.06547467
2025-04-08,False,-0.00018503318827491774,9.383114485987109e-07,-0.00018597149972351645,25285760.75994371
2025-04-09,False,0.014273641482568976,3.732984933435754e-06,0.01426990849763554,25646586.252281208
2025-04-10,False,0.001663853214448113,3.7869867147426046e-06,0.0016600662277333703,25689161.283975266
2025-04-11,False,0.004423554255464933,2.4330888577014654e-06,0.0044211211666072316,25802736.178680237
2025-04-14,False,0.00013467889740255887,9.957550273118065e-07,0.00013368314237524706,25806185.56953448
2025-04-15,False,0.0012888151675749541,7.787988002229546e-07,0.0012880363687747312,25839424.875087395
2025-04-16,False,0.010553824566036164,3.6262270525779793e-06,0.010550198338983586,26112035.93248483
2025-04-17,False,-0.0022235640313482117,3.7141988111287494e-07,-0.0022239354512293245,26053964.450070806
2025-04-21,False,0.008888419644003304,3.642154610592946e-06,0.00888477748939271,26285448.126926232
2025-04-22,False,-0.004985222850654512,1.5427653124402973e-06,-0.0049867656159669526,26154368.75800659
2025-04-23,False,-0.00807654687652303,2.6719272545908806e-06,-0.00807921880377762,25943061.890135974
2025-04-24,False,0.004424972082796556,1.6811119491256244e-06,0.004423290970847431,26057815.601550747
2025-04-25,False,-0.0032425403344566377,1.2706433362368736e-06,-0.0032438109777928746,25973288.973245133
2025-04-28,False,0.0090790820336798,1.0015632869452285e-06,0.009078080470392855,26209076.58062502
2025-04-29,False,-0.0008509823112634839,1.4825855134491806e-06,-0.000852464896776933,26186734.262863096
2025-04-30,False,-0.0021100174764044737,1.2396466861771539e-06,-0.002111257123090651,26131447.333620146
2025-05-01,False,-0.009773357450365892,1.8512479230476664e-06,-0.00977520869828894,25876006.982345663
2025-05-02,False,0.0012539579942658918,1.2085318725794103e-06,0.0012527494623933125,25908423.13618168
2025-05-05,False,0.010250273011814193,3.2364062465358725e-06,0.010247036605567656,26173907.69645067
2025-05-06,False,0.01001340201895277,2.972006890211862e-06,0.010010430012062558,26435919.76758817
2025-05-07,False,-0.005124353600449482,1.6532564038889004e-06,-0.00512600685685337,26300409.06159229
2025-05-08,False,-0.01013146240001263,1.6101144641308268e-06,-0.01013307251447676,26033905.10941077
2025-05-09,False,0.002544891419815127,7.82971229840293e-07,0.0025441084485852868,26100138.18734929
2025-05-12,False,-0.01412213869779018,2.3783253193109117e-06,-0.01412451702310949,25731486.341216564
2025-05-13,False,0.0008242823659025377,5.719802323965878e-07,0.0008237103856701412,25752681.633754555
2025-05-14,False,-0.0075640282138921015,2.2627487933177397e-06,-0.007566290962685419,25557829.351444162
2025-05-15,False,0.0068935410824529295,1.501385545251907e-06,0.006892039696907677,25733974.925901107
2025-05-16,False,-0.005007111273070878,1.1859273970393213e-06,-0.0050082972004679175,25605091.531322807
2025-05-19,False,0.006216890373742124,1.103768119185708e-06,0.006215786605622938,25764247.31629895
2025-05-20,False,0.007990748488072734,1.7578694698822395e-06,0.007988990618602851,25970077.64640423
2025-05-21,False,0.003009342132808459,1.1747978995563652e-06,0.0030081673349089027,26048199.98566519
2025-05-22,False,-0.0020210300366310754,1.1423860216010773e-06,-0.0020221724226526763,25995526.033994436
2025-05-23,False,0.00927782238296505,2.0853963401693823e-06,0.00927573698662488,26236653.69631473
2025-05-27,False,-0.006890035754187988,1.688150884651185e-06,-0.006891723905072639,26055837.922846723
2025-05-28,False,-0.0015574782081268195,1.9655249424770093e-07,-0.0015576747606210672,26015251.401747473
2025-05-29,False,0.0033700864197863385,4.2434144131052454e-07,0.0033696620783450278,26102914.00785455
2025-05-30,False,0.0003544000352447742,1.1548144606648852e-06,0.00035324522078410933,26112134.737476364
2025-06-02,False,0.011127940551055775,2.547173654188953e-06,0.011125393377401586,26402642.508354504
2025-06-03,False,-0.005159208198123321,6.947736179563485e-07,-0.005159902971741277,26266407.434813824
2025-06-04,False,0.0033326236171682803,8.044230967842042e-07,0.003331819194071496,26353922.355264436
2025-06-05,False,-0.0011847189291566407,9.519142390106705e-07,-0.0011856708433956513,26322675.277918685
2025-06-06,False,-0.008370925412713144,8.479562256664825e-07,-0.00837177336893881,26102307.806027785
2025-06-09,False,0.0016619186949633586,5.085907949922836e-07,0.0016614101041683663,26145674.44395883
2025-06-10,True,0.0193185658659573,0.0005,0.018818565865957298,26637698.540592343
2025-06-11,True,-0.0102661282078427,0.0,-0.0102661282078427,26364232.512212757
2025-06-12,True,0.0065162280457098,0.0,0.0065162280457098,26536027.863512456
2025-06-13,True,-0.0377857806974449,0.0,-0.0377857806974449,25533343.334080487
2025-06-16,True,0.0407797887189631,0.0,0.0407797887189631,26574587.680533037
2025-06-17,True,-0.0295513727773275,0.0,-0.0295513727773275,25789272.13358183
2025-06-18,True,-0.0013595184148581,0.0,-0.0013595184148581,25754211.143210437
2025-06-20,True,-0.0137489192556509,0.0,-0.0137489192556509,25400118.57370945
2025-06-23,True,0.0310557511086151,0.0,0.0310557511086151,26188938.334263884
2025-06-24,True,0.045515436079677,0.0,0.045515436079677,27380939.283011675
2025-06-25,True,0.0076784086956385,0.0,0.0076784086956385,27591181.325297102
2025-06-26,True,0.0273954616416092,0.0,0.0273954616416092,28347054.474940963
2025-06-27,True,0.0097977686951242,0.0,0.0097977686951242,28624792.35787452
2025-06-30,True,0.019405595886125,0.0,0.019405595886125,29180273.510695674
2025-07-01,True,-0.0254216433526477,0.0,-0.0254216433526477,28438463.004574057
2025-07-02,True,0.0199036357464554,0.0,0.0199036357464554,29004491.813406147
2025-07-03,True,0.027999929423258,0.0,0.027999929423258,29816615.537138987
2025-07-07,True,-0.0222851353689068,0.0,-0.0222851353689068,29152148.223651193
2025-07-08,True,0.0013264974259095,0.0,0.0013264974259095,29190818.4732296
2025-07-09,True,0.0207155700659473,0.0,0.0207155700659473,29795522.91859414
2025-07-10,True,-0.004601837046551,0.0,-0.004601837046551,29658408.777405992
2025-07-11,True,-0.0075865496197597,0.0,-0.0075865496197597,29433403.787573088
2025-07-14,True,0.0106307287533902,0.0,0.0106307287533902,29746302.319527786
2025-07-15,True,0.0026000943513255,0.0,0.0026000943513255,29823645.512161613
2025-07-16,True,0.0028292501859328,0.0,0.0028292501859328,29908024.06677209
2025-07-17,True,0.0232750341502496,0.0,0.0232750341502496,30604134.3482927
2025-07-18,True,-0.0034463927465485,0.0,-0.0034463927465485,30498660.48166035
2025-07-21,True,0.0152160758007748,0.0,0.0152160758007748,30962730.41137139
2025-07-22,True,-0.0155558068627152,0.0,-0.0155558068627152,30481080.15714978
2025-07-23,True,0.013148791923814,0.0,0.013148791923814,30881869.53774924
2025-07-24,True,0.0066029801414322,0.0,0.0066029801414322,31085781.9090373
2025-07-25,True,0.0056547297991056,0.0,0.0056547297991056,31261563.60632683
2025-07-28,True,0.0097841733313102,0.0,0.0097841733313102,31567432.16325891
2025-07-29,True,-0.0045663140714862,0.0,-0.0045663140714862,31423285.35357113
2025-07-30,True,0.0034684962566555,0.0,0.0034684962566555,31532276.901191812
2025-07-31,True,-0.0165012884704615,0.0,-0.0165012884704615,31011953.703914776
2025-08-01,True,-0.0599706003052877,0.0,-0.0599706003052877,29152148.223651215
2025-08-04,True,0.0547516270543755,0.0,0.0547516270543755,30748275.771026444
2025-08-05,True,-0.0208095250192057,0.0,-0.0208095250192057,30108418.75707183
2025-08-06,True,0.0373657037509911,0.0,0.0373657037509911,31233441.01275936
2025-08-07,True,0.0101305144655601,0.0,0.0101305144655601,31549851.83874834
2025-08-08,True,0.0269668258543249,0.0,0.0269668258543249,32400651.19901362
2025-08-11,True,-0.0087890379018634,0.0,-0.0087890379018634,32115880.647580434
2025-08-12,True,0.0368911107799279,0.0,0.0368911107799279,33300671.158345263
2025-08-13,True,0.0014779045106418,0.0,0.0014779045106418,33349886.370457586
2025-08-14,True,-0.0027407332565911,0.0,-0.0027407332565911,33258483.22777854
2025-08-15,True,-0.0141649662271493,0.0,-0.0141649662271493,32787377.936090846
2025-08-18,True,-0.0012867125467904,0.0,-0.0012867125467904,32745190.00552412
2025-08-19,True,-0.0407988043976176,0.0,-0.0407988043976176,31409225.40352592
2025-08-20,True,-0.0182449193347624,0.0,-0.0182449193347624,30836166.619671218
2025-08-21,True,-0.0139094678315278,0.0,-0.0139094678315278,30407251.95202727
2025-08-22,True,0.0449762733808247,0.0,0.0449762733808247,31774856.828581266
2025-08-25,True,-0.0087408067464126,0.0,-0.0087408067464126,31497118.94564771
2025-08-26,True,0.0116084085559153,0.0,0.0116084085559153,31862750.37070305
2025-08-27,True,0.0045239068986113,0.0,0.0045239068986113,32006894.486913804
2025-08-28,True,0.0182336885769167,0.0,0.0182336885769167,32590498.233302422
2025-08-29,True,-0.0360301383817748,0.0,-0.0360301383817748,31416258.07202555
2025-09-02,True,-0.0255147751639041,0.0,-0.0255147751639041,30614679.310826633
2025-09-03,True,0.0233118633003204,0.0,0.0233118633003204,31328364.52990377
2025-09-04,True,0.0270451934529873,0.0,0.0270451934529873,32175646.209180728
2025-09-05,True,0.0032780652157424,0.0,0.0032780652157424,32281120.075813077
2025-09-08,True,0.0142669228217948,0.0,0.0142669228217948,32741672.324535795
2025-09-09,True,0.0081607198077182,0.0,0.0081607198077182,33008867.938412454
2025-09-10,True,0.0010650247725154,0.0,0.0010650247725154,33044023.200479556
2025-09-11,True,0.0168103366061398,0.0,0.0168103366061398,33599504.35330071
2025-09-12,True,0.0124516629980862,0.0,0.0124516629980862,34017874.05841074
2025-09-15,True,0.0255270007858445,0.0,0.0255270007858445,34886248.35623256
2025-09-16,True,-0.0027209436846034,0.0,-0.0027209436846034,34791324.839088164
2025-09-17,True,-0.0063662422556775,0.0,-0.0063662422556775,34569834.83676656
2025-09-18,True,0.0269501700474885,0.0,0.0269501700474885,35501497.76413101
2025-09-19,True,0.0198058562976071,0.0,0.0198058562976071,36204635.32719721
2025-09-22,True,0.0168964285347619,0.0,0.0168964285347619,36816364.36063032
2025-09-23,True,-0.020148934285181,0.0,-0.020148934285181,36074553.8545087
2025-09-24,True,-0.0107499247945036,0.0,-0.0107499247945036,35686755.113577455
2025-09-25,True,-0.0134109463379495,0.0,-0.0134109463379495,35208161.95577372
2025-09-26,True,0.0119939808623861,0.0,0.0119939808623861,35630447.97647107
2025-09-29,True,0.0133333373650565,0.0,0.0133333373650565,36105520.75980945
2025-09-30,True,0.0077972815707805,0.0,0.0077972815707805,36387045.67143335
2025-10-01,True,0.0141198806364879,0.0,0.0141198806364879,36900826.41302842
2025-10-02,True,0.0122067250600379,0.0,0.0122067250600379,37351264.65554045
2025-10-03,True,-0.0135669485575566,0.0,-0.0135669485575566,36844521.96939905
2025-10-06,True,0.0223496065220929,0.0,0.0223496065220929,37667982.53790973
2025-10-07,True,-0.0161622282218717,0.0,-0.0161622282218717,37059184.00747456
2025-10-08,True,0.0338999644156667,0.0,0.0338999644156667,38315489.02660159
2025-10-09,True,-0.0039493046503308,0.0,-0.0039493046503308,38164169.48760913
2025-10-10,True,-0.1049331330572727,0.0,-0.1049331330572727,34159483.61274554
2025-10-13,True,0.0634593882813054,0.0,0.0634593882813054,36327223.54681565
2025-10-14,True,-0.0203430519701365,0.0,-0.0203430519701365,35588216.950272016
2025-10-15,True,0.0204688020094541,0.0,0.0204688020094541,36316665.11689663
2025-10-16,True,-0.0111434303645182,0.0,-0.0111434303645182,35911972.88809496
2025-10-17,True,0.0190102829518046,0.0,0.0190102829518046,36594669.654055186
2025-10-20,True,0.0375035927458367,0.0,0.0375035927458367,37967101.2414293
2025-10-21,True,-0.0011122348386174,0.0,-0.0011122348386174,37924872.90870726
2025-10-22,True,-0.0294145011180896,0.0,-0.0294145011180896,36809331.69213069
2025-10-23,True,0.025047815390226,0.0,0.025047815390226,37731325.03699278
2025-10-24,True,0.0311508631102122,0.0,0.0311508631102122,38906688.37818706
2025-10-27,True,0.0530933592490354,0.0,0.0530933592490354,40972375.161440425
2025-10-28,True,0.0228463556745517,0.0,0.0228463556745517,41908444.61720986
2025-10-29,True,0.012763480160594,0.0,0.012763480160594,42443342.21864297
2025-10-30,True,-0.045767417408975,0.0,-0.045767417408975,40500820.05909037
2025-10-31,True,0.0141628799695889,0.0,0.0141628799695889,41074428.312257186
2025-11-03,True,0.0137080379784562,0.0,0.0137080379784562,41637478.13550498
2025-11-04,True,-0.0611899433552832,0.0,-0.0611899433552832,39089683.20693659
2025-11-05,True,0.0194453528428368,0.0,0.0194453528428368,39849795.88941019
2025-11-06,True,-0.0560755723904552,0.0,-0.0560755723904552,37615195.7752687
2025-11-07,True,-0.010384529705177,0.0,-0.010384529705177,37224579.657374375
2025-11-10,True,0.0655133365701248,0.0,0.0655133365701248,39663286.07314936
2025-11-11,True,-0.0082512307409599,0.0,-0.0082512307409599,39336015.14781511
2025-11-12,True,-0.0020575620248919,0.0,-0.0020575620248919,39255078.85683639
2025-11-13,True,-0.0617660281287497,0.0,-0.0617660281287497,36830448.55196875
2025-11-14,True,0.000764300448254,0.0,0.000764300448254,36858598.08030642
2025-11-17,True,-0.0256826152245116,0.0,-0.0256826152245116,35911972.888094984
2025-11-18,True,-0.0361587112581753,0.0,-0.0361587112581753,34613442.22972294
2025-11-19,True,0.0171817562120453,0.0,0.0171817562120453,35208161.95577375
2025-11-20,True,-0.0714642539115214,0.0,-0.0714642539115214,32692036.930008367
2025-11-21,True,0.0221742807509133,0.0,0.0221742807509133,33416959.3352136
2025-11-24,True,0.0758215872568084,0.0,0.0758215872568084,35950686.233305715
2025-11-25,True,0.0182065831217739,0.0,0.0182065831217739,36605225.39049721
2025-11-26,True,0.0261488982896949,0.0,0.0261488982896949,37562411.70610468
2025-11-28,True,0.0219223909656427,0.0,0.0219223909656427,38385869.58113834
2025-12-01,True,-0.008984298335485,0.0,-0.008984298335485,38040999.47695438
2025-12-02,True,0.0231268294133557,0.0,0.0231268294133557,38920767.182571456
2025-12-03,True,0.0070523831507647,0.0,0.0070523831507647,39195251.34526466
2025-12-04,True,-0.0032321516974122,0.0,-0.0032321516974122,39068566.34709857
2025-12-05,True,0.0115294974478248,0.0,0.0115294974478248,39519007.28308762
2025-12-08,True,-0.0062333885582692,0.0,-0.0062333885582692,39272669.95525506
2025-12-09,True,0.0037634101449048,0.0,0.0037634101449048,39420469.11978217
2025-12-10,True,0.0114266430492584,0.0,0.0114266430492584,39870912.74924824
2025-12-11,True,-0.0095322043507136,0.0,-0.0095322043507136,39490855.061272934
2025-12-12,True,-0.0586348179851891,0.0,-0.0586348179851891,37175315.96267571
2025-12-15,True,-0.0151457979217474,0.0,-0.0151457979217474,36612266.139427915
2025-12-16,True,0.0059592709096443,0.0,0.0059592709096443,36830448.55196876
2025-12-17,True,-0.0559908766616094,0.0,-0.0559908766616094,34768279.44970372
2025-12-18,True,0.0427125097398377,0.0,0.0427125097398377,36253319.9243366
2025-12-19,True,0.0390216017877997,0.0,0.0390216017877997,37667982.53790977
2025-12-22,True,0.0136397916866137,0.0,0.0136397916866137,38181765.97298186
2025-12-23,True,0.0140091715070118,0.0,0.0140091715070118,38716660.880937956
2025-12-24,True,0.0079383029255617,0.0,0.0079383029255617,39024005.46327709
2025-12-26,True,-0.0009032091879689,0.0,-0.0009032091879689,38988758.6229913
2025-12-29,True,-0.0148255104643428,0.0,-0.0148255104643428,38410730.374034405
2025-12-30,True,-0.0071573180154703,0.0,-0.0071573180154703,38135812.56154096
2025-12-31,True,-0.025508276570936,0.0,-0.025508276570936,37163033.70746379
2026-01-02,True,-0.0070182686328313,0.0,-0.0070182686328313,36902213.55369385
2026-01-05,True,0.0238777377843546,0.0,0.0238777377843546,37783354.93259121
2026-01-06,True,0.0263059762007025,0.0,0.0263059762007025,38777282.96823065
2026-01-07,True,0.0029085755398201,0.0,0.0029085755398201,38890069.62497272
2026-01-08,True,-0.0177632725361689,0.0,-0.0177632725361689,38199254.719273746
2026-01-09,True,0.0289720835403131,0.0,0.0289720835403131,39305966.71817825
2026-01-12,True,0.0023314569341057,0.0,0.0023314569341057,39397606.886835076
2026-01-13,True,-0.0051887449029346,0.0,-0.0051887449029346,39193182.75491319
2026-01-14,True,-0.0318344641948525,0.0,-0.0318344641948525,37945488.7818196
2026-01-15,True,0.01021733513535,0.0,0.01021733513535,38333190.55757812
2026-01-16,True,-0.0044134776189845,0.0,-0.0044134776189845,38164007.87898798
2026-01-20,True,-0.0629848199409854,0.0,-0.0629848199409854,35760254.71450358
2026-01-21,True,0.0394244345734537,0.0,0.0394244345734537,37170082.53682557
2026-01-22,True,0.0221884912337553,0.0,0.0221884912337553,37994830.58735188
2026-01-23,True,0.0089054212111392,0.0,0.0089054212111392,38333190.557578124
2026-01-26,True,0.0128723854174799,0.0,0.0128723854174799,38826630.16071697
2026-01-27,True,0.0265068634127685,0.0,0.0265068634127685,39855802.343165174
2026-01-28,True,0.0091970369713587,0.0,0.0091970369713587,40222357.63083843
2026-01-29,True,-0.0178759515596306,0.0,-0.0178759515596306,39503344.71421543
2026-01-30,True,-0.0364025666730827,0.0,-0.0364025666730827,38065321.574446425
2026-02-02,True,0.0203703402321331,0.0,0.0203703402321331,38840725.12596346
2026-02-03,True,-0.0468239478091012,0.0,-0.0468239478091012,37022049.0397977
2026-02-04,True,-0.052551397129314,0.0,-0.052551397129314,35076488.63816636
2026-02-05,True,-0.042604505928623,0.0,-0.042604505928623,33582072.170026325
2026-02-06,True,0.0619228089740024,0.0,0.0619228089740024,35661568.40996203
2026-02-09,True,0.0227317649768976,0.0,0.0227317649768976,36472218.801764846
2026-02-10,True,-0.0139157959678288,0.0,-0.0139157959678288,35964678.84642548
2026-02-11,True,0.0074481127518346,0.0,0.0074481127518346,36232547.82955718
2026-02-12,True,-0.0610895318533855,0.0,-0.0610895318533855,34019118.44479413
2026-02-13,True,0.0043514795149113,0.0,0.0043514795149113,34167151.941822
2026-02-17,True,-0.002475808912581,0.0,-0.002475808912581,34082560.602526926
2026-02-18,True,0.0215098444009562,0.0,0.0215098444009562,34815671.17787344
2026-02-19,True,-0.0113383023151696,0.0,-0.0113383023151696,34420920.572753176
2026-02-20,True,0.025189440193537,0.0,0.025189440193537,35287964.29292703
2026-02-23,True,-0.036356404586182,0.0,-0.036356404586182,34005020.78607063
2026-02-24,True,0.0319236832010385,0.0,0.0319236832010385,35090586.29688988
2026-02-25,True,0.0419847638791193,0.0,0.0419847638791193,36563856.27694466
2026-02-26,True,-0.0350877516074626,0.0,-0.0350877516074626,35280912.77008826
2026-02-27,True,-0.0105893355422124,0.0,-0.0105893355422124,34907311.346530266
2026-03-02,True,0.0036348922495343,0.0,0.0036348922495343,35034195.66199585
2026-03-03,True,-0.0321932287193131,0.0,-0.0321932287193131,33906331.78805205
2026-03-04,True,0.0449064143861055,0.0,0.0449064143861055,35428943.5736391
2026-03-05,True,-0.0091523930808646,0.0,-0.0091523930808646,35104683.95561338
2026-03-06,True,-0.045381487401964,0.0,-0.045381487401964,33511581.18293179
2026-03-09,True,0.0389146065004495,0.0,0.0389146065004495,34815671.17787345
2026-03-10,True,0.0002024613952074,0.0,0.0002024613952074,34822720.0072352
2026-03-11,True,-0.001012179412707,0.0,-0.001012179412707,34787473.16694941
2026-03-12,True,-0.0510637180951932,0.0,-0.0510637180951932,33011095.44390821
2026-03-13,True,-0.0192185161465774,0.0,-0.0192185161465774,32376671.17310325
2026-03-16,True,0.0333115370536754,0.0,0.0333115370536754,33455187.854560748
2026-03-17,True,0.0147492701366367,0.0,0.0147492701366367,33948627.45769959
2026-03-18,True,-0.0427741443679537,0.0,-0.0427741443679537,32496503.965730075
2026-03-19,True,-0.0088936575468155,0.0,-0.0088936575468155,32207491.187990136
2026-03-20,True,-0.0571240573664139,0.0,-0.0571240573664139,30367668.613739118
2026-03-23,True,0.0345867403880413,0.0,0.0345867403880413,31417987.284272585
2026-03-24,False,0.0010182459153507094,0.0005008044731958959,0.0005174414421548135,31434244.252922557
2026-03-25,False,0.010675491904935231,3.2014635492646495e-06,0.010672290441385967,31769719.63739522
2026-03-26,False,-0.011390056930671752,4.417635890689761e-06,-0.011394474566562443,31407720.375000104
2026-03-27,False,0.016002071246053236,3.1318458491428335e-06,0.015998939400204092,31910210.589978285
2026-03-30,False,0.004081980486378742,7.256061066438363e-07,0.004081254880272098,32040444.29267914
2026-03-31,False,0.013134720918056708,4.0730195777693295e-06,0.01313064789847894,32461156.085197136
2026-04-01,False,0.0030149376841597836,2.406890845809889e-06,0.0030125307933139738,32558946.317490365
2026-04-02,False,-0.0019009315977705904,2.890141247102143e-06,-0.0019038217390176925,32496959.887691617
2026-04-06,False,-0.0002728639362364948,9.273970425802414e-07,-0.00027379133327907503,32488062.50171645
2026-04-07,False,0.0043805199039385215,8.872914959367622e-07,0.004379632612442585,32630348.279764038
2026-04-08,False,-0.005056873695014345,3.0861272063200524e-06,-0.005059959822220665,32465240.02848337
2026-04-09,False,0.005226176859524676,8.665009891690723e-07,0.005225310358535507,32634880.983496547
2026-04-10,False,-0.00045482269166114575,3.12612631928888e-07,-0.00045513530429307464,32620027.697009556
2026-04-13,False,0.002421702404715199,1.3115401060521114e-06,0.0024203908646091466,32698980.914050695
2026-04-14,False,0.005989409629245437,2.7104222476709295e-06,0.005986699206997766,32894739.877158478
2026-04-15,False,-0.0029507900612443377,1.2456107896878232e-06,-0.0029520356720340256,32797633.43161882
2026-04-16,True,0.0140161501870605,0.0005,0.0135161501870605,33240931.170860734
2026-04-17,True,0.0382775090506954,0.0,0.0382775090506954,34513311.2146069
