method,method_label,candidate_id,parameters,min_delay_cagr,mean_delay_cagr,min_post_2008_cagr,min_trailing_252_return,min_2026_ytd_return,worst_volatility,worst_max_drawdown,worst_dotcom_drawdown,min_average_tqqq_weight,max_average_tqqq_weight,min_turnover,max_turnover,min_delay_cagr_value,max_delay_cagr_value,delay_cagr_gap,passes_hard_requirements,passes_original_hard_requirements,solves_2026,passes_all_requirements,tqqq_2026_capture_ratio,keeps_full_max_drawdown_near_60pct,strong_2026_solution
A_relaxed_reentry,A: Relaxed SPY re-entry,relaxed_+0.00,"{""reentry_band_vs_spy_sma150"": 0.0}",0.3701326629898738,0.3721833960288624,0.3631299019807157,0.46504862416257975,0.015829543454872974,0.4589263552376287,-0.6138187053035711,-0.3707790080622211,0.6914600550964187,0.6915912370457825,138.2428719730109,138.26923677190774,0.3701326629898738,0.37423412906785103,0.004101466077977234,True,True,True,True,0.13986121864676365,False,False
A_relaxed_reentry,A: Relaxed SPY re-entry,relaxed_+0.01,"{""reentry_band_vs_spy_sma150"": 0.01}",0.37966747214388796,0.38637781695031126,0.35693836651483446,0.44381635933654917,0.0011076007636754426,0.4527740959188537,-0.5889375340570833,-0.3707790080622211,0.6791289518562246,0.6792601338055884,116.47906134093485,116.49209897601978,0.37966747214388796,0.39308816175673456,0.013420689612846592,True,True,True,True,0.009786156690074708,True,False
A_relaxed_reentry,A: Relaxed SPY re-entry,relaxed_+0.02,"{""reentry_band_vs_spy_sma150"": 0.02}",0.39435472006175276,0.40413638271103314,0.381761822731578,0.3958414126247751,-0.030563385893075057,0.44993424323615966,-0.5884587110170767,-0.3707790080622211,0.6713892168437623,0.6715203987931261,82.61870533449536,82.63340608189702,0.39435472006175276,0.4139180453603135,0.019563325298560752,True,True,False,False,-0.2700414202824578,True,False
A_relaxed_reentry,A: Relaxed SPY re-entry,relaxed_-0.01,"{""reentry_band_vs_spy_sma150"": -0.01}",0.34329266195379504,0.3505224497756426,0.33621848222329076,0.46504862416257975,0.015829543454872974,0.4646791747539056,-0.7151997084267492,-0.431376806731791,0.7040535222353405,0.7041847041847041,138.03304508682317,138.03601753951182,0.34329266195379504,0.3577522375974902,0.014459575643695155,True,True,True,True,0.13986121864676365,False,False
A_relaxed_reentry,A: Relaxed SPY re-entry,relaxed_-0.02,"{""reentry_band_vs_spy_sma150"": -0.02}",0.33312076577572736,0.3520589137828184,0.31078695976741666,0.5957170369484981,0.10643188382440472,0.4734722812422988,-0.7384799465701767,-0.40743189724367934,0.7171717171717171,0.7173028991210809,161.75774215975963,161.77837463008274,0.33312076577572736,0.37099706178990943,0.037876296014182076,True,True,True,True,0.9403741186211909,False,False
A_relaxed_reentry,A: Relaxed SPY re-entry,relaxed_-0.03,"{""reentry_band_vs_spy_sma150"": -0.03}",0.3431183405078142,0.35488688476826513,0.3024739893170194,0.4895834567008366,0.035706076300868306,0.4814194858258018,-0.7650436206217055,-0.399064783596804,0.7296340023612751,0.7297651843106389,151.49538510952914,151.51946376428663,0.3431183405078142,0.36665542902871606,0.02353708852090186,True,True,True,True,0.3154794298881971,False,False
B_drawdown_rebound,B: Rebound from recent low,rebound_10_0.04_0.05,"{""ndx_low_lookback"": 10, ""rebound_threshold"": 0.04, ""spy_trend_floor"": 0.05}",0.37628585756775057,0.3839923047436786,0.3678367707334509,0.6313832931502643,0.13116200960770108,0.4650917145666281,-0.6297448416214464,-0.39016590941324203,0.6982815164633347,0.6984126984126984,182.09779560298563,182.10656265197994,0.37628585756775057,0.3916987519196067,0.01541289435185611,True,True,True,True,1.1588760317812212,False,False
B_drawdown_rebound,B: Rebound from recent low,rebound_10_0.04_0.08,"{""ndx_low_lookback"": 10, ""rebound_threshold"": 0.04, ""spy_trend_floor"": 0.08}",0.378138375810533,0.38297085793614816,0.36958647495359265,0.6313832931502643,0.13116200960770108,0.4674003385125481,-0.6735797063089948,-0.39016590941324203,0.7015610651974288,0.7016922471467926,190.00751447605137,190.01165373896697,0.378138375810533,0.3878033400617633,0.009664964251230312,True,True,True,True,1.1588760317812212,False,False
B_drawdown_rebound,B: Rebound from recent low,rebound_10_0.06_0.05,"{""ndx_low_lookback"": 10, ""rebound_threshold"": 0.06, ""spy_trend_floor"": 0.05}",0.38455322109238943,0.3865527620680248,0.35538473766355616,0.46504862416257975,0.015829543454872974,0.45559885598327,-0.6456253262887084,-0.3707790080622211,0.6787354060081333,0.6788665879574971,134.46557540653885,134.47305379051699,0.38455322109238943,0.3885523030436602,0.003999081951270744,True,True,True,True,0.13986121864676365,False,False
B_drawdown_rebound,B: Rebound from recent low,rebound_10_0.06_0.08,"{""ndx_low_lookback"": 10, ""rebound_threshold"": 0.06, ""spy_trend_floor"": 0.08}",0.3784339608463605,0.3799348627928649,0.34548124706566985,0.46504862416257975,0.015829543454872974,0.45601489555267694,-0.6233479218885606,-0.3707790080622211,0.6796536796536796,0.6797848616030434,138.4440277269518,138.44432481849773,0.3784339608463605,0.38143576473936935,0.0030018038930088586,True,True,True,True,0.13986121864676365,False,False
B_drawdown_rebound,B: Rebound from recent low,rebound_10_0.08_0.05,"{""ndx_low_lookback"": 10, ""rebound_threshold"": 0.08, ""spy_trend_floor"": 0.05}",0.39988525755471227,0.4078942577526835,0.3783449289514169,0.46504862416257975,0.015829543454872974,0.44993737951939383,-0.5986999094008925,-0.3707790080622211,0.6683720320083957,0.6685032139577594,82.66970515448992,82.68630304245279,0.39988525755471227,0.41590325795065475,0.016018000395942478,True,True,True,True,0.13986121864676365,True,False
B_drawdown_rebound,B: Rebound from recent low,rebound_10_0.08_0.08,"{""ndx_low_lookback"": 10, ""rebound_threshold"": 0.08, ""spy_trend_floor"": 0.08}",0.4008185560616133,0.4072201872356679,0.37986669323035493,0.46504862416257975,0.015829543454872974,0.4501384268179909,-0.5986999094008929,-0.3707790080622211,0.6688967598058507,0.6690279417552145,84.6598917541805,84.67444976620367,0.4008185560616133,0.41362181840972245,0.012803262348109135,True,True,True,True,0.13986121864676365,True,False
B_drawdown_rebound,B: Rebound from recent low,rebound_10_0.10_0.05,"{""ndx_low_lookback"": 10, ""rebound_threshold"": 0.1, ""spy_trend_floor"": 0.05}",0.4146759314562416,0.4150264328395058,0.40781947652745565,0.3958414126247751,-0.030563385893075057,0.44905836092841,-0.5986999094008927,-0.3707790080622211,0.6658795749704841,0.6660107569198478,64.7226310425308,64.7339920329701,0.4146759314562416,0.41537693422277,0.0007010027665284024,True,True,False,False,-0.2700414202824578,True,False
B_drawdown_rebound,B: Rebound from recent low,rebound_10_0.10_0.08,"{""ndx_low_lookback"": 10, ""rebound_threshold"": 0.1, ""spy_trend_floor"": 0.08}",0.4157710470551361,0.41596794022489847,0.40911722695874686,0.3958414126247751,-0.030563385893075057,0.449082462106753,-0.5986999094008927,-0.3707790080622211,0.6660107569198478,0.6661419388692116,64.71948600766905,64.73129608250329,0.4157710470551361,0.4161648333946608,0.0003937863395246932,True,True,False,False,-0.2700414202824578,True,False
B_drawdown_rebound,B: Rebound from recent low,rebound_15_0.04_0.05,"{""ndx_low_lookback"": 15, ""rebound_threshold"": 0.04, ""spy_trend_floor"": 0.05}",0.3757474011863857,0.37842127648280066,0.3792529137455287,0.6313832931502643,0.13116200960770108,0.47049029579271767,-0.716045676338547,-0.39016590941324203,0.7102190738554375,0.7103502558048013,169.85840133094837,169.86773617605144,0.3757474011863857,0.3810951517792156,0.005347750592829881,True,True,True,True,1.1588760317812212,False,False
B_drawdown_rebound,B: Rebound from recent low,rebound_15_0.04_0.08,"{""ndx_low_lookback"": 15, ""rebound_threshold"": 0.04, ""spy_trend_floor"": 0.08}",0.3756705373523319,0.3776571780303649,0.37717459449671775,0.6313832931502643,0.13116200960770108,0.47285947485367674,-0.7677755813368349,-0.3997264801853322,0.7140233503869867,0.7141545323363505,175.75886119038887,175.76866116316324,0.3756705373523319,0.3796438187083979,0.003973281356066005,True,True,True,True,1.1588760317812212,False,False
B_drawdown_rebound,B: Rebound from recent low,rebound_15_0.06_0.05,"{""ndx_low_lookback"": 15, ""rebound_threshold"": 0.06, ""spy_trend_floor"": 0.05}",0.3887488326945603,0.38959317015792005,0.3868407356692187,0.46504862416257975,0.015829543454872974,0.46006287275595137,-0.5696559224804726,-0.3707790080622211,0.689098780007871,0.6892299619572347,156.25291329176156,156.26535276694955,0.3887488326945603,0.3904375076212798,0.0016886749267195356,True,True,True,True,0.13986121864676365,True,False
B_drawdown_rebound,B: Rebound from recent low,rebound_15_0.06_0.08,"{""ndx_low_lookback"": 15, ""rebound_threshold"": 0.06, ""spy_trend_floor"": 0.08}",0.38560292597027557,0.3881347456765045,0.39001288716430094,0.46504862416257975,0.015829543454872974,0.4605421269661229,-0.5572117344430843,-0.3707790080622211,0.6906729634002361,0.6908041453495999,160.21649485465247,160.2260918761214,0.38560292597027557,0.3906665653827335,0.00506363941245791,True,True,True,True,0.13986121864676365,True,False
B_drawdown_rebound,B: Rebound from recent low,rebound_15_0.08_0.05,"{""ndx_low_lookback"": 15, ""rebound_threshold"": 0.08, ""spy_trend_floor"": 0.05}",0.39567045384533617,0.39696312972167613,0.3962770339736661,0.46504862416257975,0.015829543454872974,0.45174642566559653,-0.6146409571468345,-0.3707790080622211,0.6742752197297652,0.6744064016791289,100.54694550209459,100.56843364149235,0.39567045384533617,0.3982558055980161,0.002585351752679932,True,True,True,True,0.13986121864676365,False,False
B_drawdown_rebound,B: Rebound from recent low,rebound_15_0.08_0.08,"{""ndx_low_lookback"": 15, ""rebound_threshold"": 0.08, ""spy_trend_floor"": 0.08}",0.3929459731095921,0.3945423796996844,0.3927787055630152,0.46504862416257975,0.015829543454872974,0.45195701697966495,-0.6146409571468348,-0.3707790080622211,0.6749311294765841,0.6750623114259477,102.5338295637959,102.55563189761732,0.3929459731095921,0.3961387862897767,0.003192813180184606,True,True,True,True,0.13986121864676365,False,False
B_drawdown_rebound,B: Rebound from recent low,rebound_15_0.10_0.05,"{""ndx_low_lookback"": 15, ""rebound_threshold"": 0.1, ""spy_trend_floor"": 0.05}",0.4001576458445111,0.4070977159330099,0.40331020859550715,0.3958414126247751,-0.030563385893075057,0.4505881468758926,-0.5986999094008926,-0.37815794569030303,0.6688967598058507,0.6690279417552145,80.65485954887976,80.67462294654503,0.4001576458445111,0.41403778602150876,0.01388014017699768,True,True,False,False,-0.2700414202824578,True,False
B_drawdown_rebound,B: Rebound from recent low,rebound_15_0.10_0.08,"{""ndx_low_lookback"": 15, ""rebound_threshold"": 0.1, ""spy_trend_floor"": 0.08}",0.4012415226849808,0.4080332312067637,0.40510921750037854,0.3958414126247751,-0.030563385893075057,0.4506122330966785,-0.5986999094008925,-0.37815794569030303,0.6690279417552145,0.6691591237045782,80.65171451401801,80.67192699607821,0.4012415226849808,0.4148249397285466,0.013583417043565804,True,True,False,False,-0.2700414202824578,True,False
B_drawdown_rebound,B: Rebound from recent low,rebound_20_0.04_0.05,"{""ndx_low_lookback"": 20, ""rebound_threshold"": 0.04, ""spy_trend_floor"": 0.05}",0.39270125364176933,0.4003304322660076,0.38656000733464935,0.6313832931502643,0.13116200960770108,0.47172156329616644,-0.7160001405649592,-0.39016590941324203,0.7157287157287158,0.7158598976780794,169.76027811465283,169.77483613966928,0.39270125364176933,0.4079596108902459,0.015258357248476573,True,True,True,True,1.1588760317812212,False,False
B_drawdown_rebound,B: Rebound from recent low,rebound_20_0.04_0.08,"{""ndx_low_lookback"": 20, ""rebound_threshold"": 0.04, ""spy_trend_floor"": 0.08}",0.3998350194220417,0.4025750116926399,0.3986104205726939,0.6313832931502643,0.13116200960770108,0.4743494773046323,-0.767738341127165,-0.3997264801853322,0.7200577200577201,0.7201889020070839,173.6481201549224,173.66719252308326,0.3998350194220417,0.40531500396323805,0.005479984541196359,True,True,True,True,1.1588760317812212,False,False
B_drawdown_rebound,B: Rebound from recent low,rebound_20_0.06_0.05,"{""ndx_low_lookback"": 20, ""rebound_threshold"": 0.06, ""spy_trend_floor"": 0.05}",0.38740881339275757,0.38935786554385665,0.3641738706836506,0.46504862416257975,0.015829543454872974,0.4627493007960969,-0.628332054642716,-0.3707790080622211,0.6971008789190607,0.6972320608684245,168.10840099237203,168.12289493088497,0.38740881339275757,0.39130691769495574,0.0038981043021981687,True,True,True,True,0.13986121864676365,False,False
B_drawdown_rebound,B: Rebound from recent low,rebound_20_0.06_0.08,"{""ndx_low_lookback"": 20, ""rebound_threshold"": 0.06, ""spy_trend_floor"": 0.08}",0.38718535313100744,0.3883661116928716,0.36765620350026973,0.46504862416257975,0.015829543454872974,0.46356708240836303,-0.6153191313517046,-0.3707790080622211,0.699199790108881,0.6993309720582448,170.05740843420153,170.07897056382464,0.38718535313100744,0.3895468702547358,0.0023615171237283406,True,True,True,True,0.13986121864676365,False,False
B_drawdown_rebound,B: Rebound from recent low,rebound_20_0.08_0.05,"{""ndx_low_lookback"": 20, ""rebound_threshold"": 0.08, ""spy_trend_floor"": 0.05}",0.401907037749204,0.4038990419187538,0.398153161330552,0.46504862416257975,0.015829543454872974,0.45460194930858544,-0.5227222553884431,-0.3707790080622211,0.6804407713498623,0.680571953299226,110.42417533741497,110.44369439267115,0.401907037749204,0.4058910460883036,0.003984008339099621,True,True,True,True,0.13986121864676365,True,False
B_drawdown_rebound,B: Rebound from recent low,rebound_20_0.08_0.08,"{""ndx_low_lookback"": 20, ""rebound_threshold"": 0.08, ""spy_trend_floor"": 0.08}",0.3997844903187626,0.40146555205427326,0.394650132341523,0.46504862416257975,0.015829543454872974,0.45481135801447325,-0.5233520684922703,-0.3707790080622211,0.6810966810966811,0.6812278630460449,112.41105939911628,112.43089264879615,0.3997844903187626,0.4031466137897839,0.003362123471021272,True,True,True,True,0.13986121864676365,True,False
B_drawdown_rebound,B: Rebound from recent low,rebound_20_0.10_0.05,"{""ndx_low_lookback"": 20, ""rebound_threshold"": 0.1, ""spy_trend_floor"": 0.05}",0.3962871469541598,0.4073668808388736,0.3968934415497165,0.3958414126247751,-0.030563385893075057,0.4517167547002478,-0.5886064835840417,-0.37815794569030303,0.6717827626918536,0.6719139446412173,80.59402424816588,80.61044977012475,0.3962871469541598,0.41844661472358746,0.022159467769427676,True,True,False,False,-0.2700414202824578,True,False
B_drawdown_rebound,B: Rebound from recent low,rebound_20_0.10_0.08,"{""ndx_low_lookback"": 20, ""rebound_threshold"": 0.1, ""spy_trend_floor"": 0.08}",0.3973680276005074,0.4083021251489183,0.3986842243182813,0.3958414126247751,-0.030563385893075057,0.4517407963653169,-0.5886064835840419,-0.37815794569030303,0.6719139446412173,0.6720451265905811,80.59087921330413,80.60775381965792,0.3973680276005074,0.4192362226973292,0.021868195096821808,True,True,False,False,-0.2700414202824578,True,False
B_drawdown_rebound,B: Rebound from recent low,rebound_5_0.04_0.05,"{""ndx_low_lookback"": 5, ""rebound_threshold"": 0.04, ""spy_trend_floor"": 0.05}",0.40227750051359434,0.4037670830904463,0.3845153000248096,0.4286744696665792,-0.009391422010590178,0.4556683504656977,-0.5808036696279634,-0.3707790080622211,0.6775547684638594,0.6776859504132231,146.4844035166249,146.50922008964187,0.40227750051359434,0.40525666566729823,0.002979165153703889,True,True,False,False,-0.08297748643046521,True,False
B_drawdown_rebound,B: Rebound from recent low,rebound_5_0.04_0.08,"{""ndx_low_lookback"": 5, ""rebound_threshold"": 0.04, ""spy_trend_floor"": 0.08}",0.3865953609912194,0.3910735360773352,0.3589742714966684,0.4286744696665792,-0.009391422010590178,0.45660358654298505,-0.6448225191966888,-0.3707790080622211,0.6791289518562246,0.6792601338055884,156.4442859789898,156.4497389179451,0.3865953609912194,0.395551711163451,0.00895635017223162,True,True,False,False,-0.08297748643046521,False,False
B_drawdown_rebound,B: Rebound from recent low,rebound_5_0.06_0.05,"{""ndx_low_lookback"": 5, ""rebound_threshold"": 0.06, ""spy_trend_floor"": 0.05}",0.39553082184540944,0.4042339636291227,0.365635443947691,0.33408353067595264,-0.07497850818989038,0.45022120527907006,-0.6149627710584818,-0.3707790080622211,0.667584940312213,0.6677161222615768,88.69485995094415,88.70209364647187,0.39553082184540944,0.4129371054128359,0.01740628356742646,True,True,False,False,-0.6624692340401152,False,False
B_drawdown_rebound,B: Rebound from recent low,rebound_5_0.06_0.08,"{""ndx_low_lookback"": 5, ""rebound_threshold"": 0.06, ""spy_trend_floor"": 0.08}",0.3887790158887261,0.3984176801793088,0.3547136998476996,0.33408353067595264,-0.07497850818989038,0.45043899904461826,-0.6149627710584816,-0.3707790080622211,0.6681096681096681,0.6682408500590319,94.68117612753784,94.6855162896521,0.3887790158887261,0.4080563444698915,0.019277328581165376,True,True,False,False,-0.6624692340401152,False,False
B_drawdown_rebound,B: Rebound from recent low,rebound_5_0.08_0.05,"{""ndx_low_lookback"": 5, ""rebound_threshold"": 0.08, ""spy_trend_floor"": 0.05}",0.40952942708198026,0.41181668609795097,0.3922114116360236,0.33408353067595264,-0.07497850818989038,0.44806140121723015,-0.5986999094008923,-0.3707790080622211,0.6650924832743015,0.6652236652236653,64.7425181257612,64.75934222874426,0.40952942708198026,0.4141039451139217,0.004574518031941421,True,True,False,False,-0.6624692340401152,True,False
B_drawdown_rebound,B: Rebound from recent low,rebound_5_0.08_0.08,"{""ndx_low_lookback"": 5, ""rebound_threshold"": 0.08, ""spy_trend_floor"": 0.08}",0.40952942708198026,0.41181668609795097,0.3922114116360236,0.33408353067595264,-0.07497850818989038,0.44806140121723015,-0.5986999094008923,-0.3707790080622211,0.6650924832743015,0.6652236652236653,64.7425181257612,64.75934222874426,0.40952942708198026,0.4141039451139217,0.004574518031941421,True,True,False,False,-0.6624692340401152,True,False
B_drawdown_rebound,B: Rebound from recent low,rebound_5_0.10_0.05,"{""ndx_low_lookback"": 5, ""rebound_threshold"": 0.1, ""spy_trend_floor"": 0.05}",0.4127043078648789,0.41413398335223406,0.4020930336319135,0.33408353067595264,-0.07497850818989038,0.4480229656623937,-0.5986999094008923,-0.3707790080622211,0.6649613013249377,0.6650924832743015,62.74608793307884,62.76080831459778,0.4127043078648789,0.41556365883958923,0.0028593509747103507,True,True,False,False,-0.6624692340401152,True,False
B_drawdown_rebound,B: Rebound from recent low,rebound_5_0.10_0.08,"{""ndx_low_lookback"": 5, ""rebound_threshold"": 0.1, ""spy_trend_floor"": 0.08}",0.4127043078648789,0.41413398335223406,0.4020930336319135,0.33408353067595264,-0.07497850818989038,0.4480229656623937,-0.5986999094008923,-0.3707790080622211,0.6649613013249377,0.6650924832743015,62.74608793307884,62.76080831459778,0.4127043078648789,0.41556365883958923,0.0028593509747103507,True,True,False,False,-0.6624692340401152,True,False
Baseline,Baseline,baseline,"{""ma_window"": 150, ""tolerance"": 0.03, ""vol_threshold"": 0.32, ""vol_window"": 40}",0.41195425197017665,0.414017528706345,0.4020930336319135,0.33408353067595264,-0.07497850818989038,0.44801752701271347,-0.5986999094008929,-0.3707790080622211,0.6648301193755739,0.6649613013249377,60.74721931334652,60.763536591864685,0.41195425197017665,0.41608080544251336,0.0041265534723367026,True,True,False,False,-0.6624692340401152,True,False
C_ndx_short_trend,C: Nasdaq short trend,short_10_confirm_1_floor_0.05,"{""confirmation_days"": 1, ""ndx_sma"": 10, ""spy_floor_vs_sma150"": -0.05}",0.3766505493304484,0.390403472425241,0.3636483327033537,0.6313832931502643,0.13116200960770108,0.4731876036565831,-0.7243401386255375,-0.39016590941324203,0.7184835366653548,0.7186147186147186,203.72106151919888,203.7542726182897,0.3766505493304484,0.4041563955200336,0.02750584618958518,True,True,True,True,1.1588760317812212,False,False
C_ndx_short_trend,C: Nasdaq short trend,short_10_confirm_1_floor_0.08,"{""confirmation_days"": 1, ""ndx_sma"": 10, ""spy_floor_vs_sma150"": -0.08}",0.3714128848112088,0.3769181266932513,0.3435175532296879,0.6313832931502643,0.13116200960770108,0.4760692952638716,-0.7745589845894527,-0.4104968137334749,0.7238619965892693,0.7239931785386331,221.59728997639036,221.62676648674636,0.3714128848112088,0.3824233685752938,0.011010483764084977,True,True,True,True,1.1588760317812212,False,False
C_ndx_short_trend,C: Nasdaq short trend,short_10_confirm_1_floor_0.10,"{""confirmation_days"": 1, ""ndx_sma"": 10, ""spy_floor_vs_sma150"": -0.1}",0.3706165383058906,0.3787311788471961,0.35064094413926505,0.6313832931502643,0.13116200960770108,0.47661918967116695,-0.759172191170603,-0.4104968137334749,0.7247802702348157,0.7249114521841794,221.58040277474007,221.60461654597694,0.3706165383058906,0.3868458193885016,0.016229281082611013,True,True,True,True,1.1588760317812212,False,False
C_ndx_short_trend,C: Nasdaq short trend,short_10_confirm_2_floor_0.05,"{""confirmation_days"": 2, ""ndx_sma"": 10, ""spy_floor_vs_sma150"": -0.05}",0.39348418338448954,0.39859540781712677,0.40239614503264565,0.6245318057162845,0.12641135270986203,0.4662489758734616,-0.6314047927248568,-0.3707790080622211,0.7075954348681621,0.7077266168175259,159.9384922268342,159.95671122792106,0.39348418338448954,0.403706632249764,0.010222448865274458,True,True,True,True,1.116901816605743,False,False
C_ndx_short_trend,C: Nasdaq short trend,short_10_confirm_2_floor_0.08,"{""confirmation_days"": 2, ""ndx_sma"": 10, ""spy_floor_vs_sma150"": -0.08}",0.37672114098474974,0.38121042873391864,0.37727036475786124,0.6245318057162845,0.12641135270986203,0.4692485258804912,-0.6847372647314356,-0.3707790080622211,0.7117932572478027,0.7119244391971665,167.84579891593134,167.85901731592833,0.37672114098474974,0.38569971648308754,0.008978575498337804,True,True,True,True,1.116901816605743,False,False
C_ndx_short_trend,C: Nasdaq short trend,short_10_confirm_2_floor_0.10,"{""confirmation_days"": 2, ""ndx_sma"": 10, ""spy_floor_vs_sma150"": -0.1}",0.3790555868585841,0.3825994203992029,0.37800031353248276,0.6245318057162845,0.12641135270986203,0.4698076955749868,-0.6580126753111608,-0.3707790080622211,0.712711530893349,0.7128427128427128,171.82549366189085,171.8459247958659,0.3790555868585841,0.38614325393982174,0.0070876670812376474,True,True,True,True,1.116901816605743,False,False
C_ndx_short_trend,C: Nasdaq short trend,short_10_confirm_3_floor_0.05,"{""confirmation_days"": 3, ""ndx_sma"": 10, ""spy_floor_vs_sma150"": -0.05}",0.3878017893481811,0.39672447204630634,0.3954486801633996,0.5957170369484981,0.10643188382440472,0.46209627002748366,-0.544445834949898,-0.3723179489830678,0.6995933359569724,0.699724517906336,132.11526649380065,132.11845907309674,0.3878017893481811,0.4056471547444316,0.01784536539625048,True,True,True,True,0.9403741186211909,True,True
C_ndx_short_trend,C: Nasdaq short trend,short_10_confirm_3_floor_0.08,"{""confirmation_days"": 3, ""ndx_sma"": 10, ""spy_floor_vs_sma150"": -0.08}",0.3826159320889635,0.38410677738538057,0.3878177078650682,0.5957170369484981,0.10643188382440472,0.4644927023625366,-0.604074418746224,-0.38047292238961716,0.7032664305391578,0.7033976124885216,144.03259119866212,144.03310989077602,0.3826159320889635,0.38559762268179765,0.002981690592834152,True,True,True,True,0.9403741186211909,False,False
C_ndx_short_trend,C: Nasdaq short trend,short_10_confirm_3_floor_0.10,"{""confirmation_days"": 3, ""ndx_sma"": 10, ""spy_floor_vs_sma150"": -0.1}",0.38305074091682934,0.38678581084534447,0.38854037853812495,0.5957170369484981,0.10643188382440472,0.4649176791828633,-0.6311138047637237,-0.38047292238961716,0.7039223402859767,0.7040535222353405,146.01391365042633,146.0194649039532,0.38305074091682934,0.3905208807738596,0.007470139857030267,True,True,True,True,0.9403741186211909,False,False
C_ndx_short_trend,C: Nasdaq short trend,short_10_confirm_4_floor_0.05,"{""confirmation_days"": 4, ""ndx_sma"": 10, ""spy_floor_vs_sma150"": -0.05}",0.39778604479866253,0.3995510038136215,0.4031469575415578,0.5328691900415947,0.06580260888283984,0.4592689802660696,-0.5817104485398918,-0.3707790080622211,0.6936901482356028,0.6938213301849665,120.22500988732665,120.23441076932215,0.39778604479866253,0.4013159628285805,0.0035299180299179778,True,True,True,True,0.5813959887552668,True,True
C_ndx_short_trend,C: Nasdaq short trend,short_10_confirm_4_floor_0.08,"{""confirmation_days"": 4, ""ndx_sma"": 10, ""spy_floor_vs_sma150"": -0.08}",0.3942966282347413,0.3998709924804037,0.4025943676588557,0.5328691900415947,0.06580260888283984,0.460869698295152,-0.5843261806598669,-0.3707790080622211,0.6965761511216056,0.6967073330709694,126.16323419325406,126.17001607442762,0.3942966282347413,0.4054453567260661,0.011148728491324755,True,True,True,True,0.5813959887552668,True,True
C_ndx_short_trend,C: Nasdaq short trend,short_10_confirm_4_floor_0.10,"{""confirmation_days"": 4, ""ndx_sma"": 10, ""spy_floor_vs_sma150"": -0.1}",0.3968337431030313,0.4010744373985654,0.40682244007513657,0.5328691900415947,0.06580260888283984,0.46136946952068447,-0.5843261806598669,-0.3707790080622211,0.6971008789190607,0.6972320608684245,126.14718753886905,126.15624122177576,0.3968337431030313,0.4053151316940995,0.008481388591068173,True,True,True,True,0.5813959887552668,True,True
C_ndx_short_trend,C: Nasdaq short trend,short_10_confirm_5_floor_0.05,"{""confirmation_days"": 5, ""ndx_sma"": 10, ""spy_floor_vs_sma150"": -0.05}",0.4043947305686415,0.40850263509782325,0.4065224033265722,0.46504862416257975,0.015829543454872974,0.4569652010999065,-0.48276786540960537,-0.3707790080622211,0.6887052341597796,0.6888364161091434,112.31934928707568,112.32344899677008,0.4043947305686415,0.412610539627005,0.008215809058363499,True,True,True,True,0.13986121864676365,True,False
C_ndx_short_trend,C: Nasdaq short trend,short_10_confirm_5_floor_0.08,"{""confirmation_days"": 5, ""ndx_sma"": 10, ""spy_floor_vs_sma150"": -0.08}",0.4071296819240995,0.40954798854666596,0.4120692674325872,0.46504862416257975,0.015829543454872974,0.4582096028842036,-0.4827678654096048,-0.3707790080622211,0.6911976911976911,0.6913288731470549,114.26654653018623,114.26699938953715,0.4071296819240995,0.41196629516923244,0.004836613245132959,True,True,True,True,0.13986121864676365,True,False
C_ndx_short_trend,C: Nasdaq short trend,short_10_confirm_5_floor_0.10,"{""confirmation_days"": 5, ""ndx_sma"": 10, ""spy_floor_vs_sma150"": -0.1}",0.40317782238483346,0.4074842891217425,0.40550948156664557,0.46504862416257975,0.015829543454872974,0.45886260034291687,-0.5389917715467143,-0.3707790080622211,0.6917224189951463,0.69185360094451,116.25095273515214,116.2510551381717,0.40317782238483346,0.41179075585865155,0.008612933473818085,True,True,True,True,0.13986121864676365,True,False
C_ndx_short_trend,C: Nasdaq short trend,short_12_confirm_1_floor_0.05,"{""confirmation_days"": 1, ""ndx_sma"": 12, ""spy_floor_vs_sma150"": -0.05}",0.39180694764295354,0.4037924008631434,0.390086330483185,0.6313832931502643,0.13116200960770108,0.47117670845807536,-0.654543403027139,-0.3707790080622211,0.7179588088678998,0.7180899908172635,179.711493313488,179.74359703979326,0.39180694764295354,0.41577785408333323,0.02397090644037969,True,True,True,True,1.1588760317812212,False,False
C_ndx_short_trend,C: Nasdaq short trend,short_12_confirm_1_floor_0.08,"{""confirmation_days"": 1, ""ndx_sma"": 12, ""spy_floor_vs_sma150"": -0.08}",0.38322080743446363,0.38782566830423093,0.36639033670525345,0.6313832931502643,0.13116200960770108,0.4745123513693956,-0.7271555912593056,-0.39456656651006694,0.7228125409943592,0.7229437229437229,195.59622541271528,195.6238720751392,0.38322080743446363,0.39243052917399823,0.009209721739534604,True,True,True,True,1.1588760317812212,False,False
C_ndx_short_trend,C: Nasdaq short trend,short_12_confirm_1_floor_0.10,"{""confirmation_days"": 1, ""ndx_sma"": 12, ""spy_floor_vs_sma150"": -0.1}",0.3830305389662525,0.3884789196254096,0.3688229667821967,0.6313832931502643,0.13116200960770108,0.47502254879482075,-0.7395694933983641,-0.39456656651006694,0.7233372687918143,0.723468450741178,197.58442496446312,197.61086031419964,0.3830305389662525,0.3939273002845667,0.010896761318314185,True,True,True,True,1.1588760317812212,False,False
C_ndx_short_trend,C: Nasdaq short trend,short_12_confirm_2_floor_0.05,"{""confirmation_days"": 2, ""ndx_sma"": 12, ""spy_floor_vs_sma150"": -0.05}",0.38561885307458343,0.3977181004838376,0.4089617322854293,0.6245318057162845,0.12641135270986203,0.4659280449850751,-0.6150024855958637,-0.41926376785864383,0.7086448904630723,0.708776072412436,139.90838069083304,139.91470740121113,0.38561885307458343,0.40981734789309177,0.02419849481850833,True,True,True,True,1.116901816605743,False,False
C_ndx_short_trend,C: Nasdaq short trend,short_12_confirm_2_floor_0.08,"{""confirmation_days"": 2, ""ndx_sma"": 12, ""spy_floor_vs_sma150"": -0.08}",0.3679693469706671,0.380155120529009,0.3803587971787288,0.6245318057162845,0.12641135270986203,0.46853553367113443,-0.67070822662096,-0.4268088115980013,0.7124491669946216,0.7125803489439853,145.82379495993138,145.8245021914266,0.3679693469706671,0.39234089408735096,0.024371547116683878,True,True,True,True,1.116901816605743,False,False
C_ndx_short_trend,C: Nasdaq short trend,short_12_confirm_2_floor_0.10,"{""confirmation_days"": 2, ""ndx_sma"": 12, ""spy_floor_vs_sma150"": -0.1}",0.3710913844920265,0.3807833514671858,0.3851878451965922,0.6245318057162845,0.12641135270986203,0.4687114523810112,-0.6760086920037318,-0.4268088115980013,0.7128427128427128,0.7129738947920766,149.81518293053648,149.8206549320566,0.3710913844920265,0.39047531844234507,0.019383933950318566,True,True,True,True,1.116901816605743,False,False
C_ndx_short_trend,C: Nasdaq short trend,short_12_confirm_3_floor_0.05,"{""confirmation_days"": 3, ""ndx_sma"": 12, ""spy_floor_vs_sma150"": -0.05}",0.38616776127653907,0.39207350316395206,0.4041034750072121,0.5957170369484981,0.10643188382440472,0.4627678796237385,-0.5621915529396212,-0.42842752380601956,0.7019546110455201,0.7020857929948839,126.04193952390978,126.05909596797916,0.38616776127653907,0.39797924505136506,0.011811483774825993,True,True,True,True,0.9403741186211909,True,True
C_ndx_short_trend,C: Nasdaq short trend,short_12_confirm_3_floor_0.08,"{""confirmation_days"": 3, ""ndx_sma"": 12, ""spy_floor_vs_sma150"": -0.08}",0.37995416328724896,0.38046574485769225,0.3940662299383104,0.5957170369484981,0.10643188382440472,0.46511470784887005,-0.6271454318291914,-0.435853510156475,0.7053653417289781,0.7054965236783418,133.965541567926,133.98403200512803,0.37995416328724896,0.38097732642813553,0.0010231631408865738,True,True,True,True,0.9403741186211909,False,False
C_ndx_short_trend,C: Nasdaq short trend,short_12_confirm_3_floor_0.10,"{""confirmation_days"": 3, ""ndx_sma"": 12, ""spy_floor_vs_sma150"": -0.1}",0.3810224003982172,0.3813842383685625,0.3953513024076958,0.5957170369484981,0.10643188382440472,0.46513809490710784,-0.6271454318291916,-0.435853510156475,0.7054965236783418,0.7056277056277056,133.96239653306424,133.98133605466123,0.3810224003982172,0.3817460763389078,0.0007236759406905602,True,True,True,True,0.9403741186211909,False,False
C_ndx_short_trend,C: Nasdaq short trend,short_12_confirm_4_floor_0.05,"{""confirmation_days"": 4, ""ndx_sma"": 12, ""spy_floor_vs_sma150"": -0.05}",0.38972838219303774,0.40349702605799576,0.399011996440215,0.5328691900415947,0.06580260888283984,0.45943225911693436,-0.5577578160772281,-0.3707790080622211,0.6964449691722419,0.6965761511216056,116.15355188522179,116.16118190734468,0.38972838219303774,0.4172656699229538,0.027537287729916038,True,True,True,True,0.5813959887552668,True,True
C_ndx_short_trend,C: Nasdaq short trend,short_12_confirm_4_floor_0.08,"{""confirmation_days"": 4, ""ndx_sma"": 12, ""spy_floor_vs_sma150"": -0.08}",0.388647705061097,0.4038303794289554,0.40182607732335174,0.5328691900415947,0.06580260888283984,0.4610727895507547,-0.560523333602724,-0.3746001562065068,0.6993309720582448,0.6994621540076086,122.08919338292623,122.09581419496004,0.388647705061097,0.41901305379681375,0.030365348735716724,True,True,True,True,0.5813959887552668,True,True
C_ndx_short_trend,C: Nasdaq short trend,short_12_confirm_4_floor_0.10,"{""confirmation_days"": 4, ""ndx_sma"": 12, ""spy_floor_vs_sma150"": -0.1}",0.38972267193468735,0.40569485574321595,0.40362318360871785,0.5328691900415947,0.06580260888283984,0.4611700297126128,-0.560523333602724,-0.3746001562065068,0.6994621540076086,0.6995933359569724,122.08552831622984,122.0926691600983,0.38972267193468735,0.42166703955174456,0.03194436761705721,True,True,True,True,0.5813959887552668,True,True
C_ndx_short_trend,C: Nasdaq short trend,short_12_confirm_5_floor_0.05,"{""confirmation_days"": 5, ""ndx_sma"": 12, ""spy_floor_vs_sma150"": -0.05}",0.41606699000409275,0.4181646239044159,0.42027073071566723,0.46504862416257975,0.015829543454872974,0.45723210913996143,-0.5313647752042363,-0.3707790080622211,0.6917224189951463,0.69185360094451,104.2409766403152,104.25540742931096,0.41606699000409275,0.420262257804739,0.004195267800646274,True,True,True,True,0.13986121864676365,True,False
C_ndx_short_trend,C: Nasdaq short trend,short_12_confirm_5_floor_0.08,"{""confirmation_days"": 5, ""ndx_sma"": 12, ""spy_floor_vs_sma150"": -0.08}",0.41673408351374097,0.41984222130006876,0.42942971062418245,0.46504862416257975,0.015829543454872974,0.45852866848949037,-0.5034111703048052,-0.3707790080622211,0.6942148760330579,0.6943460579824217,108.18747862221588,108.19579720489094,0.41673408351374097,0.42295035908639655,0.006216275572655583,True,True,True,True,0.13986121864676365,True,False
C_ndx_short_trend,C: Nasdaq short trend,short_12_confirm_5_floor_0.10,"{""confirmation_days"": 5, ""ndx_sma"": 12, ""spy_floor_vs_sma150"": -0.1}",0.41433273280797134,0.41997222080351604,0.4338587300046821,0.46504862416257975,0.015829543454872974,0.45861485293209725,-0.5034111703048055,-0.3707790080622211,0.6943460579824217,0.6944772399317853,108.1843761690117,108.19213213819455,0.41433273280797134,0.42561170879906074,0.011278975991089402,True,True,True,True,0.13986121864676365,True,False
C_ndx_short_trend,C: Nasdaq short trend,short_15_confirm_1_floor_0.05,"{""confirmation_days"": 1, ""ndx_sma"": 15, ""spy_floor_vs_sma150"": -0.05}",0.3607391982465502,0.379018940458247,0.3527800808574384,0.6245318057162845,0.12641135270986203,0.4710132703436893,-0.7165241105525009,-0.3707790080622211,0.7170405352223534,0.7171717171717171,169.7370180055052,169.7475021675175,0.3607391982465502,0.39729868266994384,0.03655948442339363,True,True,True,True,1.116901816605743,False,False
C_ndx_short_trend,C: Nasdaq short trend,short_15_confirm_1_floor_0.08,"{""confirmation_days"": 1, ""ndx_sma"": 15, ""spy_floor_vs_sma150"": -0.08}",0.3562275085624398,0.3744245809354412,0.3509381126376403,0.6245318057162845,0.12641135270986203,0.47323525098274305,-0.7681668559114615,-0.374059226594077,0.7208448117539027,0.7209759937032665,175.6411462236024,175.66013244848818,0.3562275085624398,0.39262165330844256,0.03639414474600278,True,True,True,True,1.116901816605743,False,False
C_ndx_short_trend,C: Nasdaq short trend,short_15_confirm_1_floor_0.10,"{""confirmation_days"": 1, ""ndx_sma"": 15, ""spy_floor_vs_sma150"": -0.1}",0.3520307760690107,0.3712565605496201,0.344023948286319,0.6245318057162845,0.12641135270986203,0.4734089171472137,-0.7681668559114618,-0.374059226594077,0.7211071756526302,0.721238357601994,177.63576482113376,177.65563642677972,0.3520307760690107,0.3904823450302295,0.03845156896121882,True,True,True,True,1.116901816605743,False,False
C_ndx_short_trend,C: Nasdaq short trend,short_15_confirm_2_floor_0.05,"{""confirmation_days"": 2, ""ndx_sma"": 15, ""spy_floor_vs_sma150"": -0.05}",0.3913056201915699,0.3915713173555143,0.39033724415364857,0.5957170369484981,0.10643188382440472,0.465452360595649,-0.6560229787888305,-0.39959297557120077,0.708251344614981,0.7083825265643447,131.91656638034,131.93346467260085,0.3913056201915699,0.39183701451945874,0.0005313943278888456,True,True,True,True,0.9403741186211909,False,False
C_ndx_short_trend,C: Nasdaq short trend,short_15_confirm_2_floor_0.08,"{""confirmation_days"": 2, ""ndx_sma"": 15, ""spy_floor_vs_sma150"": -0.08}",0.3805890492847275,0.3814439169459891,0.3800101464845751,0.5957170369484981,0.10643188382440472,0.46763273067256705,-0.7057934166365396,-0.40739358626158084,0.711662075298439,0.7117932572478027,135.83392199617444,135.85929153602262,0.3805890492847275,0.38229878460725075,0.0017097353225232759,True,True,True,True,0.9403741186211909,False,False
C_ndx_short_trend,C: Nasdaq short trend,short_15_confirm_2_floor_0.10,"{""confirmation_days"": 2, ""ndx_sma"": 15, ""spy_floor_vs_sma150"": -0.1}",0.3800492621443414,0.38005483454759303,0.3762938929748605,0.5957170369484981,0.10643188382440472,0.467725004719219,-0.7057934166365396,-0.40739358626158084,0.7117932572478027,0.7119244391971665,137.83344328928973,137.85753396438886,0.3800492621443414,0.38006040695084464,1.1144806503216032e-05,True,True,True,True,0.9403741186211909,False,False
C_ndx_short_trend,C: Nasdaq short trend,short_15_confirm_3_floor_0.05,"{""confirmation_days"": 3, ""ndx_sma"": 15, ""spy_floor_vs_sma150"": -0.05}",0.3881438083110227,0.3991672002778911,0.40879381112940716,0.5328691900415947,0.06580260888283984,0.4613349366739694,-0.49367469316442214,-0.40965055902336345,0.7020857929948839,0.7022169749442476,116.05678293140015,116.06196288055186,0.3881438083110227,0.4101905922447595,0.022046783933736824,True,True,True,True,0.5813959887552668,True,True
C_ndx_short_trend,C: Nasdaq short trend,short_15_confirm_3_floor_0.08,"{""confirmation_days"": 3, ""ndx_sma"": 15, ""spy_floor_vs_sma150"": -0.08}",0.38225872975780417,0.3895201959715643,0.399919359482527,0.5328691900415947,0.06580260888283984,0.4635052971097392,-0.5723345942150235,-0.417320499535341,0.7052341597796143,0.7053653417289781,121.98812880049033,121.99192433295471,0.38225872975780417,0.3967816621853244,0.01452293242752023,True,True,True,True,0.5813959887552668,True,True
C_ndx_short_trend,C: Nasdaq short trend,short_15_confirm_3_floor_0.10,"{""confirmation_days"": 3, ""ndx_sma"": 15, ""spy_floor_vs_sma150"": -0.1}",0.38225872975780417,0.3895201959715643,0.399919359482527,0.5328691900415947,0.06580260888283984,0.4635052971097392,-0.5723345942150235,-0.417320499535341,0.7052341597796143,0.7053653417289781,121.98812880049033,121.99192433295471,0.38225872975780417,0.3967816621853244,0.01452293242752023,True,True,True,True,0.5813959887552668,True,True
C_ndx_short_trend,C: Nasdaq short trend,short_15_confirm_4_floor_0.05,"{""confirmation_days"": 4, ""ndx_sma"": 15, ""spy_floor_vs_sma150"": -0.05}",0.39875562980927803,0.4069891677659454,0.4106074707092626,0.46504862416257975,0.015829543454872974,0.45871706011761904,-0.4869194786344796,-0.3707790080622211,0.6971008789190607,0.6972320608684245,102.15464486416923,102.16014007056624,0.39875562980927803,0.4152227057226128,0.01646707591333474,True,True,True,True,0.13986121864676365,True,False
C_ndx_short_trend,C: Nasdaq short trend,short_15_confirm_4_floor_0.08,"{""confirmation_days"": 4, ""ndx_sma"": 15, ""spy_floor_vs_sma150"": -0.08}",0.3951365429271354,0.4074375861111933,0.4092090078900128,0.46504862416257975,0.015829543454872974,0.4602628939910088,-0.48395862308391524,-0.3707790080622211,0.6998556998556998,0.6999868818050636,108.09257910075037,108.09783623568123,0.3951365429271354,0.4197386292952512,0.024602086368115783,True,True,True,True,0.13986121864676365,True,False
C_ndx_short_trend,C: Nasdaq short trend,short_15_confirm_4_floor_0.10,"{""confirmation_days"": 4, ""ndx_sma"": 15, ""spy_floor_vs_sma150"": -0.1}",0.3951365429271354,0.4074375861111933,0.4092090078900128,0.46504862416257975,0.015829543454872974,0.4602628939910088,-0.48395862308391524,-0.3707790080622211,0.6998556998556998,0.6999868818050636,108.09257910075037,108.09783623568123,0.3951365429271354,0.4197386292952512,0.024602086368115783,True,True,True,True,0.13986121864676365,True,False
C_ndx_short_trend,C: Nasdaq short trend,short_15_confirm_5_floor_0.05,"{""confirmation_days"": 5, ""ndx_sma"": 15, ""spy_floor_vs_sma150"": -0.05}",0.41198599139265957,0.41709400444176803,0.43171374898267834,0.44381635933654917,0.0011076007636754426,0.4574308323857742,-0.4827678654096047,-0.3707790080622211,0.6932966023875115,0.6934277843368752,94.22405850455866,94.23378811654024,0.41198599139265957,0.4222020174908765,0.010216026098216924,True,True,True,True,0.009786156690074708,True,False
C_ndx_short_trend,C: Nasdaq short trend,short_15_confirm_5_floor_0.08,"{""confirmation_days"": 5, ""ndx_sma"": 15, ""spy_floor_vs_sma150"": -0.08}",0.41132739785494987,0.41950387360684793,0.4402054358783456,0.44381635933654917,0.0011076007636754426,0.45869879603669006,-0.5017270386643671,-0.3707790080622211,0.6956578774760593,0.695789059425423,98.17136243212956,98.17647063099693,0.41132739785494987,0.427680349358746,0.01635295150379612,True,True,True,True,0.009786156690074708,True,False
C_ndx_short_trend,C: Nasdaq short trend,short_15_confirm_5_floor_0.10,"{""confirmation_days"": 5, ""ndx_sma"": 15, ""spy_floor_vs_sma150"": -0.1}",0.41132739785494987,0.41950387360684793,0.4402054358783456,0.44381635933654917,0.0011076007636754426,0.45869879603669006,-0.5017270386643671,-0.3707790080622211,0.6956578774760593,0.695789059425423,98.17136243212956,98.17647063099693,0.41132739785494987,0.427680349358746,0.01635295150379612,True,True,True,True,0.009786156690074708,True,False
C_ndx_short_trend,C: Nasdaq short trend,short_18_confirm_1_floor_0.05,"{""confirmation_days"": 1, ""ndx_sma"": 18, ""spy_floor_vs_sma150"": -0.05}",0.37684795941382454,0.3825528593917483,0.3746469521274005,0.5957170369484981,0.10643188382440472,0.4696257080360021,-0.6906187249918319,-0.3707790080622211,0.7163846254755346,0.7165158074248983,169.75738897718196,169.76556057556076,0.37684795941382454,0.3882577593696721,0.011409799955847566,True,True,True,True,0.9403741186211909,False,False
C_ndx_short_trend,C: Nasdaq short trend,short_18_confirm_1_floor_0.08,"{""confirmation_days"": 1, ""ndx_sma"": 18, ""spy_floor_vs_sma150"": -0.08}",0.3804244012749842,0.38456878068953093,0.38582036523686347,0.5957170369484981,0.10643188382440472,0.47144683838974133,-0.6592630137436692,-0.3707790080622211,0.719532992260265,0.7196641742096288,175.68301203272193,175.69641570387853,0.3804244012749842,0.38871316010407764,0.008288758829093412,True,True,True,True,0.9403741186211909,False,False
C_ndx_short_trend,C: Nasdaq short trend,short_18_confirm_1_floor_0.10,"{""confirmation_days"": 1, ""ndx_sma"": 18, ""spy_floor_vs_sma150"": -0.1}",0.3804244012749842,0.38456878068953093,0.38582036523686347,0.5957170369484981,0.10643188382440472,0.47144683838974133,-0.6592630137436692,-0.3707790080622211,0.719532992260265,0.7196641742096288,175.68301203272193,175.69641570387853,0.3804244012749842,0.38871316010407764,0.008288758829093412,True,True,True,True,0.9403741186211909,False,False
C_ndx_short_trend,C: Nasdaq short trend,short_18_confirm_2_floor_0.05,"{""confirmation_days"": 2, ""ndx_sma"": 18, ""spy_floor_vs_sma150"": -0.05}",0.3733249642801446,0.3883054078621794,0.3935298958122515,0.5328691900415947,0.06580260888283984,0.46450132557590573,-0.5794765076368421,-0.387630823991689,0.7075954348681621,0.7077266168175259,131.9391417886593,131.95274727556807,0.3733249642801446,0.40328585144421414,0.029960887164069527,True,True,True,True,0.5813959887552668,True,True
C_ndx_short_trend,C: Nasdaq short trend,short_18_confirm_2_floor_0.08,"{""confirmation_days"": 2, ""ndx_sma"": 18, ""spy_floor_vs_sma150"": -0.08}",0.3696071532814029,0.3840844586439547,0.38828152746017786,0.5328691900415947,0.06580260888283984,0.4661441531059668,-0.5811308969063576,-0.39558684939857736,0.7103502558048013,0.7104814377541651,133.87140997715312,133.88913090624948,0.3696071532814029,0.39856176400650645,0.028954610725103525,True,True,True,True,0.5813959887552668,True,True
C_ndx_short_trend,C: Nasdaq short trend,short_18_confirm_2_floor_0.10,"{""confirmation_days"": 2, ""ndx_sma"": 18, ""spy_floor_vs_sma150"": -0.1}",0.3696071532814029,0.3840844586439547,0.38828152746017786,0.5328691900415947,0.06580260888283984,0.4661441531059668,-0.5811308969063576,-0.39558684939857736,0.7103502558048013,0.7104814377541651,133.87140997715312,133.88913090624948,0.3696071532814029,0.39856176400650645,0.028954610725103525,True,True,True,True,0.5813959887552668,True,True
C_ndx_short_trend,C: Nasdaq short trend,short_18_confirm_3_floor_0.05,"{""confirmation_days"": 3, ""ndx_sma"": 18, ""spy_floor_vs_sma150"": -0.05}",0.37068778926344836,0.38557947017815863,0.3900758781781817,0.46504862416257975,0.015829543454872974,0.4613358186329266,-0.495336600870976,-0.4323367217373215,0.7014298832480651,0.7015610651974288,116.06967583307146,116.0781877946342,0.37068778926344836,0.4004711510928689,0.02978336182942054,True,True,True,True,0.13986121864676365,True,False
C_ndx_short_trend,C: Nasdaq short trend,short_18_confirm_3_floor_0.08,"{""confirmation_days"": 3, ""ndx_sma"": 18, ""spy_floor_vs_sma150"": -0.08}",0.36907743636541435,0.38121596823485193,0.38836511041331345,0.46504862416257975,0.015829543454872974,0.46317069803906147,-0.5092499722812077,-0.43971191898982664,0.7040535222353405,0.7041847041847041,120.00755962890348,120.01506612581332,0.36907743636541435,0.3933545001042895,0.02427706373887517,True,True,True,True,0.13986121864676365,True,False
C_ndx_short_trend,C: Nasdaq short trend,short_18_confirm_3_floor_0.10,"{""confirmation_days"": 3, ""ndx_sma"": 18, ""spy_floor_vs_sma150"": -0.1}",0.36907743636541435,0.38121596823485193,0.38836511041331345,0.46504862416257975,0.015829543454872974,0.46317069803906147,-0.5092499722812077,-0.43971191898982664,0.7040535222353405,0.7041847041847041,120.00755962890348,120.01506612581332,0.36907743636541435,0.3933545001042895,0.02427706373887517,True,True,True,True,0.13986121864676365,True,False
C_ndx_short_trend,C: Nasdaq short trend,short_18_confirm_4_floor_0.05,"{""confirmation_days"": 4, ""ndx_sma"": 18, ""spy_floor_vs_sma150"": -0.05}",0.38729505454158875,0.39453099195334396,0.3979243851147307,0.44381635933654917,0.0011076007636754426,0.45870698338521204,-0.5052058685917786,-0.3707790080622211,0.6964449691722419,0.6965761511216056,104.16463198931966,104.17010617203209,0.38729505454158875,0.40176692936509917,0.014471874823510422,True,True,True,True,0.009786156690074708,True,False
C_ndx_short_trend,C: Nasdaq short trend,short_18_confirm_4_floor_0.08,"{""confirmation_days"": 4, ""ndx_sma"": 18, ""spy_floor_vs_sma150"": -0.08}",0.3866543595283325,0.3958756888808118,0.4014692717142385,0.44381635933654917,0.0011076007636754426,0.4601900326604766,-0.498783110335591,-0.3734218211568828,0.6988062442607897,0.6989374262101535,108.1097766344733,108.11070037540566,0.3866543595283325,0.40509701823329114,0.018442658704958648,True,True,True,True,0.009786156690074708,True,False
C_ndx_short_trend,C: Nasdaq short trend,short_18_confirm_4_floor_0.10,"{""confirmation_days"": 4, ""ndx_sma"": 18, ""spy_floor_vs_sma150"": -0.1}",0.3866543595283325,0.3958756888808118,0.4014692717142385,0.44381635933654917,0.0011076007636754426,0.4601900326604766,-0.498783110335591,-0.3734218211568828,0.6988062442607897,0.6989374262101535,108.1097766344733,108.11070037540566,0.3866543595283325,0.40509701823329114,0.018442658704958648,True,True,True,True,0.009786156690074708,True,False
C_ndx_short_trend,C: Nasdaq short trend,short_18_confirm_5_floor_0.05,"{""confirmation_days"": 5, ""ndx_sma"": 18, ""spy_floor_vs_sma150"": -0.05}",0.3928268979551095,0.403756662193966,0.41240341696556726,0.43701374261976755,-0.00360917035213415,0.4577486970053592,-0.5259333465429179,-0.3707790080622211,0.6923783287419651,0.6925095106913288,90.23602781339656,90.24399233387945,0.3928268979551095,0.4146864264328225,0.021859528477712997,True,True,False,False,-0.03188866218361204,True,False
C_ndx_short_trend,C: Nasdaq short trend,short_18_confirm_5_floor_0.08,"{""confirmation_days"": 5, ""ndx_sma"": 18, ""spy_floor_vs_sma150"": -0.08}",0.39153845404218957,0.4045389561262176,0.4113296096222159,0.43701374261976755,-0.00360917035213415,0.45901324488485185,-0.5050411200464382,-0.3707790080622211,0.6944772399317853,0.6946084218811491,96.18944901072308,96.19127901969888,0.39153845404218957,0.41753945821024563,0.026001004168056063,True,True,False,False,-0.03188866218361204,True,False
C_ndx_short_trend,C: Nasdaq short trend,short_18_confirm_5_floor_0.10,"{""confirmation_days"": 5, ""ndx_sma"": 18, ""spy_floor_vs_sma150"": -0.1}",0.39153845404218957,0.4045389561262176,0.4113296096222159,0.43701374261976755,-0.00360917035213415,0.45901324488485185,-0.5050411200464382,-0.3707790080622211,0.6944772399317853,0.6946084218811491,96.18944901072308,96.19127901969888,0.39153845404218957,0.41753945821024563,0.026001004168056063,True,True,False,False,-0.03188866218361204,True,False
C_ndx_short_trend,C: Nasdaq short trend,short_20_confirm_1_floor_0.05,"{""confirmation_days"": 1, ""ndx_sma"": 20, ""spy_floor_vs_sma150"": -0.05}",0.3769910902945688,0.3926894578863661,0.3678268780892031,0.5328691900415947,0.06580260888283984,0.46910944409237004,-0.6123225144948184,-0.3707790080622211,0.7153351698806244,0.7154663518299882,163.77520944945303,163.787679261868,0.3769910902945688,0.40838782547816344,0.03139673518359465,True,True,True,True,0.5813959887552668,False,False
C_ndx_short_trend,C: Nasdaq short trend,short_20_confirm_1_floor_0.08,"{""confirmation_days"": 1, ""ndx_sma"": 20, ""spy_floor_vs_sma150"": -0.08}",0.38110346624987623,0.39400064781813937,0.3805258245908414,0.5328691900415947,0.06580260888283984,0.47078744491467567,-0.6138476836796558,-0.3707790080622211,0.7183523547159911,0.7184835366653548,169.69190897028133,169.72572708826087,0.38110346624987623,0.4068978293864025,0.025794363136526277,True,True,True,True,0.5813959887552668,False,False
C_ndx_short_trend,C: Nasdaq short trend,short_20_confirm_1_floor_0.10,"{""confirmation_days"": 1, ""ndx_sma"": 20, ""spy_floor_vs_sma150"": -0.1}",0.38110346624987623,0.39400064781813937,0.3805258245908414,0.5328691900415947,0.06580260888283984,0.47078744491467567,-0.6138476836796558,-0.3707790080622211,0.7183523547159911,0.7184835366653548,169.69190897028133,169.72572708826087,0.38110346624987623,0.4068978293864025,0.025794363136526277,True,True,True,True,0.5813959887552668,False,False
C_ndx_short_trend,C: Nasdaq short trend,short_20_confirm_2_floor_0.05,"{""confirmation_days"": 2, ""ndx_sma"": 20, ""spy_floor_vs_sma150"": -0.05}",0.376806238602692,0.38709638215938447,0.39782656931450733,0.46504862416257975,0.015829543454872974,0.4642227973806802,-0.5608148603377515,-0.387630823991689,0.7069395251213433,0.7070707070707071,131.95475949898503,131.961808761375,0.376806238602692,0.3973865257160769,0.020580287113384887,True,True,True,True,0.13986121864676365,True,False
C_ndx_short_trend,C: Nasdaq short trend,short_20_confirm_2_floor_0.08,"{""confirmation_days"": 2, ""ndx_sma"": 20, ""spy_floor_vs_sma150"": -0.08}",0.3713264718710043,0.3822196596755367,0.3896205144080298,0.46504862416257975,0.015829543454872974,0.4658528405258832,-0.5739962354790562,-0.39558684939857736,0.7095631641086186,0.7096943460579824,133.89159224702502,133.8943101637251,0.3713264718710043,0.39311284748006914,0.021786375609064823,True,True,True,True,0.13986121864676365,True,False
C_ndx_short_trend,C: Nasdaq short trend,short_20_confirm_2_floor_0.10,"{""confirmation_days"": 2, ""ndx_sma"": 20, ""spy_floor_vs_sma150"": -0.1}",0.3713264718710043,0.3822196596755367,0.3896205144080298,0.46504862416257975,0.015829543454872974,0.4658528405258832,-0.5739962354790562,-0.39558684939857736,0.7095631641086186,0.7096943460579824,133.89159224702502,133.8943101637251,0.3713264718710043,0.39311284748006914,0.021786375609064823,True,True,True,True,0.13986121864676365,True,False
C_ndx_short_trend,C: Nasdaq short trend,short_20_confirm_3_floor_0.05,"{""confirmation_days"": 3, ""ndx_sma"": 20, ""spy_floor_vs_sma150"": -0.05}",0.3756785280916981,0.3854094477201614,0.3969938992271633,0.44381635933654917,0.0011076007636754426,0.46123120182965577,-0.5572160208444606,-0.4323367217373215,0.7006427915518825,0.7007739735012463,116.08313011287999,116.0932683499008,0.3756785280916981,0.3951403673486247,0.019461839256926572,True,True,True,True,0.009786156690074708,True,False
C_ndx_short_trend,C: Nasdaq short trend,short_20_confirm_3_floor_0.08,"{""confirmation_days"": 3, ""ndx_sma"": 20, ""spy_floor_vs_sma150"": -0.08}",0.37334811587773964,0.37981364028315545,0.3940741149260478,0.44381635933654917,0.0011076007636754426,0.46305897235328736,-0.5871807902695161,-0.43971191898982664,0.703135248589794,0.7032664305391578,120.02416349806327,120.03160126309143,0.37334811587773964,0.38627916468857126,0.012931048810831625,True,True,True,True,0.009786156690074708,True,False
C_ndx_short_trend,C: Nasdaq short trend,short_20_confirm_3_floor_0.10,"{""confirmation_days"": 3, ""ndx_sma"": 20, ""spy_floor_vs_sma150"": -0.1}",0.37334811587773964,0.37981364028315545,0.3940741149260478,0.44381635933654917,0.0011076007636754426,0.46305897235328736,-0.5871807902695161,-0.43971191898982664,0.703135248589794,0.7032664305391578,120.02416349806327,120.03160126309143,0.37334811587773964,0.38627916468857126,0.012931048810831625,True,True,True,True,0.009786156690074708,True,False
C_ndx_short_trend,C: Nasdaq short trend,short_20_confirm_4_floor_0.05,"{""confirmation_days"": 4, ""ndx_sma"": 20, ""spy_floor_vs_sma150"": -0.05}",0.38140658252486914,0.3933144721982397,0.4008281464270509,0.43701374261976755,-0.00360917035213415,0.4586281053968241,-0.5807195305094779,-0.3707790080622211,0.6956578774760593,0.695789059425423,102.17005038045922,102.18981111662823,0.38140658252486914,0.4052223618716102,0.02381577934674106,True,True,False,False,-0.03188866218361204,True,False
C_ndx_short_trend,C: Nasdaq short trend,short_20_confirm_4_floor_0.08,"{""confirmation_days"": 4, ""ndx_sma"": 20, ""spy_floor_vs_sma150"": -0.08}",0.3800509253128119,0.3943729310727191,0.40317205925979915,0.43701374261976755,-0.00360917035213415,0.4601134755661997,-0.5423664768511822,-0.3734218211568828,0.6978879706152433,0.6980191525646071,106.11715724136434,106.13456037400594,0.3800509253128119,0.40869493683262625,0.028644011519814327,True,True,False,False,-0.03188866218361204,True,False
C_ndx_short_trend,C: Nasdaq short trend,short_20_confirm_4_floor_0.10,"{""confirmation_days"": 4, ""ndx_sma"": 20, ""spy_floor_vs_sma150"": -0.1}",0.3800509253128119,0.3943729310727191,0.40317205925979915,0.43701374261976755,-0.00360917035213415,0.4601134755661997,-0.5423664768511822,-0.3734218211568828,0.6978879706152433,0.6980191525646071,106.11715724136434,106.13456037400594,0.3800509253128119,0.40869493683262625,0.028644011519814327,True,True,False,False,-0.03188866218361204,True,False
C_ndx_short_trend,C: Nasdaq short trend,short_20_confirm_5_floor_0.05,"{""confirmation_days"": 5, ""ndx_sma"": 20, ""spy_floor_vs_sma150"": -0.05}",0.39775159280694594,0.403728246668802,0.4122890048422221,0.3958414126247751,-0.030563385893075057,0.4576809650558322,-0.5303439607636595,-0.3707790080622211,0.6917224189951463,0.69185360094451,92.24931430159643,92.2612242292071,0.39775159280694594,0.4097049005306581,0.01195330772371217,True,True,False,False,-0.2700414202824578,True,False
C_ndx_short_trend,C: Nasdaq short trend,short_20_confirm_5_floor_0.08,"{""confirmation_days"": 5, ""ndx_sma"": 20, ""spy_floor_vs_sma150"": -0.08}",0.39896212851062574,0.4058223358987798,0.41540650459922857,0.3958414126247751,-0.030563385893075057,0.4588770507246439,-0.5050411200464382,-0.3707790080622211,0.6936901482356028,0.6938213301849665,98.20672945205611,98.21047313077801,0.39896212851062574,0.4126825432869339,0.013720414776308143,True,True,False,False,-0.2700414202824578,True,False
C_ndx_short_trend,C: Nasdaq short trend,short_20_confirm_5_floor_0.10,"{""confirmation_days"": 5, ""ndx_sma"": 20, ""spy_floor_vs_sma150"": -0.1}",0.39896212851062574,0.4058223358987798,0.41540650459922857,0.3958414126247751,-0.030563385893075057,0.4588770507246439,-0.5050411200464382,-0.3707790080622211,0.6936901482356028,0.6938213301849665,98.20672945205611,98.21047313077801,0.39896212851062574,0.4126825432869339,0.013720414776308143,True,True,False,False,-0.2700414202824578,True,False
C_ndx_short_trend,C: Nasdaq short trend,short_25_confirm_1_floor_0.05,"{""confirmation_days"": 1, ""ndx_sma"": 25, ""spy_floor_vs_sma150"": -0.05}",0.412674619305647,0.41758978901591026,0.40924918722195214,0.46504862416257975,0.015829543454872974,0.46777169940481167,-0.5847694495569256,-0.3707790080622211,0.7123179850452578,0.7124491669946216,145.8374401047912,145.83769146707826,0.412674619305647,0.42250495872617355,0.00983033942052658,True,True,True,True,0.13986121864676365,True,False
C_ndx_short_trend,C: Nasdaq short trend,short_25_confirm_1_floor_0.08,"{""confirmation_days"": 1, ""ndx_sma"": 25, ""spy_floor_vs_sma150"": -0.08}",0.4187696344699765,0.4223553925982456,0.4254520777817583,0.46504862416257975,0.015829543454872974,0.46966390513675865,-0.5864030157654805,-0.3707790080622211,0.7153351698806244,0.7154663518299882,147.75307480405658,147.7712753593047,0.4187696344699765,0.42594115072651473,0.007171516256538224,True,True,True,True,0.13986121864676365,True,False
C_ndx_short_trend,C: Nasdaq short trend,short_25_confirm_1_floor_0.10,"{""confirmation_days"": 1, ""ndx_sma"": 25, ""spy_floor_vs_sma150"": -0.1}",0.4187696344699765,0.4223553925982456,0.4254520777817583,0.46504862416257975,0.015829543454872974,0.46966390513675865,-0.5864030157654805,-0.3707790080622211,0.7153351698806244,0.7154663518299882,147.75307480405658,147.7712753593047,0.4187696344699765,0.42594115072651473,0.007171516256538224,True,True,True,True,0.13986121864676365,True,False
C_ndx_short_trend,C: Nasdaq short trend,short_25_confirm_2_floor_0.05,"{""confirmation_days"": 2, ""ndx_sma"": 25, ""spy_floor_vs_sma150"": -0.05}",0.4022566211940555,0.4120977752043927,0.4198260044582218,0.44381635933654917,0.0011076007636754426,0.46370184302431683,-0.5178243864499532,-0.387630823991689,0.7051029778302506,0.7052341597796143,115.97875691492605,115.99171191452481,0.4022566211940555,0.42193892921473,0.0196823080206745,True,True,True,True,0.009786156690074708,True,False
C_ndx_short_trend,C: Nasdaq short trend,short_25_confirm_2_floor_0.08,"{""confirmation_days"": 2, ""ndx_sma"": 25, ""spy_floor_vs_sma150"": -0.08}",0.40456125856739567,0.4113704168605633,0.4187600841528827,0.44381635933654917,0.0011076007636754426,0.4659047896988751,-0.5197213224727101,-0.39558684939857736,0.7079889807162535,0.7081201626656172,117.91026912355937,117.91960270524709,0.40456125856739567,0.41817957515373094,0.013618316586335277,True,True,True,True,0.009786156690074708,True,False
C_ndx_short_trend,C: Nasdaq short trend,short_25_confirm_2_floor_0.10,"{""confirmation_days"": 2, ""ndx_sma"": 25, ""spy_floor_vs_sma150"": -0.1}",0.40456125856739567,0.4113704168605633,0.4187600841528827,0.44381635933654917,0.0011076007636754426,0.4659047896988751,-0.5197213224727101,-0.39558684939857736,0.7079889807162535,0.7081201626656172,117.91026912355937,117.91960270524709,0.40456125856739567,0.41817957515373094,0.013618316586335277,True,True,True,True,0.009786156690074708,True,False
C_ndx_short_trend,C: Nasdaq short trend,short_25_confirm_3_floor_0.05,"{""confirmation_days"": 3, ""ndx_sma"": 25, ""spy_floor_vs_sma150"": -0.05}",0.3888015567841989,0.39565817892147426,0.4123786962268219,0.43701374261976755,-0.00360917035213415,0.46131042313172593,-0.5447410565187035,-0.4323367217373215,0.6998556998556998,0.6999868818050636,104.09830155008216,104.10312627995152,0.3888015567841989,0.4025148010587496,0.013713244274550673,True,True,False,False,-0.03188866218361204,True,False
C_ndx_short_trend,C: Nasdaq short trend,short_25_confirm_3_floor_0.08,"{""confirmation_days"": 3, ""ndx_sma"": 25, ""spy_floor_vs_sma150"": -0.08}",0.3998525282468448,0.40253681511210726,0.4215735246015824,0.43701374261976755,-0.00360917035213415,0.4636431396130489,-0.5446574988743956,-0.43971191898982664,0.702610520792339,0.7027417027417028,106.03236905273079,106.04027677390421,0.3998525282468448,0.4052211019773697,0.005368573730524906,True,True,False,False,-0.03188866218361204,True,False
C_ndx_short_trend,C: Nasdaq short trend,short_25_confirm_3_floor_0.10,"{""confirmation_days"": 3, ""ndx_sma"": 25, ""spy_floor_vs_sma150"": -0.1}",0.3998525282468448,0.40253681511210726,0.4215735246015824,0.43701374261976755,-0.00360917035213415,0.4636431396130489,-0.5446574988743956,-0.43971191898982664,0.702610520792339,0.7027417027417028,106.03236905273079,106.04027677390421,0.3998525282468448,0.4052211019773697,0.005368573730524906,True,True,False,False,-0.03188866218361204,True,False
C_ndx_short_trend,C: Nasdaq short trend,short_25_confirm_4_floor_0.05,"{""confirmation_days"": 4, ""ndx_sma"": 25, ""spy_floor_vs_sma150"": -0.05}",0.3888727695660852,0.4009054329884746,0.39736284240712316,0.3958414126247751,-0.030563385893075057,0.4591767467682426,-0.6003619717069892,-0.3707790080622211,0.6956578774760593,0.695789059425423,96.18016970014509,96.1831919078054,0.3888727695660852,0.412938096410864,0.0240653268447788,True,True,False,False,-0.2700414202824578,False,False
C_ndx_short_trend,C: Nasdaq short trend,short_25_confirm_4_floor_0.08,"{""confirmation_days"": 4, ""ndx_sma"": 25, ""spy_floor_vs_sma150"": -0.08}",0.39495551907106097,0.41105591345913817,0.41215860355482636,0.3958414126247751,-0.030563385893075057,0.4612331439761949,-0.5437435954222455,-0.3734218211568828,0.6982815164633347,0.6984126984126984,98.12089934563406,98.12476293622382,0.39495551907106097,0.42715630784721537,0.0322007887761544,True,True,False,False,-0.2700414202824578,True,False
C_ndx_short_trend,C: Nasdaq short trend,short_25_confirm_4_floor_0.10,"{""confirmation_days"": 4, ""ndx_sma"": 25, ""spy_floor_vs_sma150"": -0.1}",0.39495551907106097,0.41105591345913817,0.41215860355482636,0.3958414126247751,-0.030563385893075057,0.4612331439761949,-0.5437435954222455,-0.3734218211568828,0.6982815164633347,0.6984126984126984,98.12089934563406,98.12476293622382,0.39495551907106097,0.42715630784721537,0.0322007887761544,True,True,False,False,-0.2700414202824578,True,False
C_ndx_short_trend,C: Nasdaq short trend,short_25_confirm_5_floor_0.05,"{""confirmation_days"": 5, ""ndx_sma"": 25, ""spy_floor_vs_sma150"": -0.05}",0.41354903358322526,0.41392528454849276,0.4108993198774942,0.33408353067595264,-0.07497850818989038,0.4584504606532903,-0.5162092647910836,-0.3707790080622211,0.6921159648432376,0.6922471467926014,92.25175054710223,92.2565684212674,0.41354903358322526,0.41430153551376026,0.0007525019305349989,True,True,False,False,-0.6624692340401152,True,False
C_ndx_short_trend,C: Nasdaq short trend,short_25_confirm_5_floor_0.08,"{""confirmation_days"": 5, ""ndx_sma"": 25, ""spy_floor_vs_sma150"": -0.08}",0.42162954586876644,0.4245360616489533,0.42780091856281577,0.33408353067595264,-0.07497850818989038,0.46025734217102415,-0.5121114526902862,-0.3707790080622211,0.6946084218811491,0.6947396038305129,94.19403946404199,94.20534078014556,0.42162954586876644,0.42744257742914016,0.005813031560373716,True,True,False,False,-0.6624692340401152,True,False
C_ndx_short_trend,C: Nasdaq short trend,short_25_confirm_5_floor_0.10,"{""confirmation_days"": 5, ""ndx_sma"": 25, ""spy_floor_vs_sma150"": -0.1}",0.42162954586876644,0.4245360616489533,0.42780091856281577,0.33408353067595264,-0.07497850818989038,0.46025734217102415,-0.5121114526902862,-0.3707790080622211,0.6946084218811491,0.6947396038305129,94.19403946404199,94.20534078014556,0.42162954586876644,0.42744257742914016,0.005813031560373716,True,True,False,False,-0.6624692340401152,True,False
C_ndx_short_trend,C: Nasdaq short trend,short_30_confirm_1_floor_0.05,"{""confirmation_days"": 1, ""ndx_sma"": 30, ""spy_floor_vs_sma150"": -0.05}",0.41517287005245307,0.42914032588809203,0.4346352872272352,0.46504862416257975,0.015829543454872974,0.4662451314804945,-0.5673980219460553,-0.3707790080622211,0.7103502558048013,0.7104814377541651,127.87620493030414,127.89495249772776,0.41517287005245307,0.443107781723731,0.02793491167127793,True,True,True,True,0.13986121864676365,True,False
C_ndx_short_trend,C: Nasdaq short trend,short_30_confirm_1_floor_0.08,"{""confirmation_days"": 1, ""ndx_sma"": 30, ""spy_floor_vs_sma150"": -0.08}",0.42360261332779325,0.4355239513665553,0.44905482611603387,0.46504862416257975,0.015829543454872974,0.4675217106111894,-0.5945858770164946,-0.3707790080622211,0.7123179850452578,0.7124491669946216,131.8203539082873,131.84566205734797,0.42360261332779325,0.44744528940531736,0.023842676077524105,True,True,True,True,0.13986121864676365,True,False
C_ndx_short_trend,C: Nasdaq short trend,short_30_confirm_1_floor_0.10,"{""confirmation_days"": 1, ""ndx_sma"": 30, ""spy_floor_vs_sma150"": -0.1}",0.42360261332779325,0.4355239513665553,0.44905482611603387,0.46504862416257975,0.015829543454872974,0.4675217106111894,-0.5945858770164946,-0.3707790080622211,0.7123179850452578,0.7124491669946216,131.8203539082873,131.84566205734797,0.42360261332779325,0.44744528940531736,0.023842676077524105,True,True,True,True,0.13986121864676365,True,False
C_ndx_short_trend,C: Nasdaq short trend,short_30_confirm_2_floor_0.05,"{""confirmation_days"": 2, ""ndx_sma"": 30, ""spy_floor_vs_sma150"": -0.05}",0.4022893697293499,0.41251068970306315,0.4283254573795605,0.44381635933654917,0.0011076007636754426,0.46339734859635534,-0.552856693332974,-0.3707790080622211,0.7043158861340679,0.7044470680834317,104.01684300378177,104.02609933881706,0.4022893697293499,0.4227320096767764,0.020442639947426455,True,True,True,True,0.009786156690074708,True,False
C_ndx_short_trend,C: Nasdaq short trend,short_30_confirm_2_floor_0.08,"{""confirmation_days"": 2, ""ndx_sma"": 30, ""spy_floor_vs_sma150"": -0.08}",0.4157249441227544,0.42137717594090296,0.43547545297203527,0.44381635933654917,0.0011076007636754426,0.46490925232349095,-0.580958431267847,-0.3707790080622211,0.706021251475797,0.7061524334251607,101.97567763005853,101.9825603359154,0.4157249441227544,0.4270294077590515,0.011304463636297113,True,True,True,True,0.009786156690074708,True,False
C_ndx_short_trend,C: Nasdaq short trend,short_30_confirm_2_floor_0.10,"{""confirmation_days"": 2, ""ndx_sma"": 30, ""spy_floor_vs_sma150"": -0.1}",0.4157249441227544,0.42137717594090296,0.43547545297203527,0.44381635933654917,0.0011076007636754426,0.46490925232349095,-0.580958431267847,-0.3707790080622211,0.706021251475797,0.7061524334251607,101.97567763005853,101.9825603359154,0.4157249441227544,0.4270294077590515,0.011304463636297113,True,True,True,True,0.009786156690074708,True,False
C_ndx_short_trend,C: Nasdaq short trend,short_30_confirm_3_floor_0.05,"{""confirmation_days"": 3, ""ndx_sma"": 30, ""spy_floor_vs_sma150"": -0.05}",0.3941766896452912,0.39899728754226116,0.41159898683667584,0.43701374261976755,-0.00360917035213415,0.46147889789379215,-0.5272015393499545,-0.4071422610269977,0.6999868818050636,0.7001180637544274,94.10128469955286,94.1157362508664,0.3941766896452912,0.40381788543923114,0.00964119579393996,True,True,False,False,-0.03188866218361204,True,False
C_ndx_short_trend,C: Nasdaq short trend,short_30_confirm_3_floor_0.08,"{""confirmation_days"": 3, ""ndx_sma"": 30, ""spy_floor_vs_sma150"": -0.08}",0.4150864814205506,0.4158508487918854,0.4434344684913547,0.43701374261976755,-0.00360917035213415,0.46307008984480125,-0.5494226999491465,-0.4071422610269977,0.7018234290961564,0.7019546110455201,94.05691168755995,94.07341029896402,0.4150864814205506,0.41661521616322017,0.0015287347426695685,True,True,False,False,-0.03188866218361204,True,False
C_ndx_short_trend,C: Nasdaq short trend,short_30_confirm_3_floor_0.10,"{""confirmation_days"": 3, ""ndx_sma"": 30, ""spy_floor_vs_sma150"": -0.1}",0.4150864814205506,0.4158508487918854,0.4434344684913547,0.43701374261976755,-0.00360917035213415,0.46307008984480125,-0.5494226999491465,-0.4071422610269977,0.7018234290961564,0.7019546110455201,94.05691168755995,94.07341029896402,0.4150864814205506,0.41661521616322017,0.0015287347426695685,True,True,False,False,-0.03188866218361204,True,False
C_ndx_short_trend,C: Nasdaq short trend,short_30_confirm_4_floor_0.05,"{""confirmation_days"": 4, ""ndx_sma"": 30, ""spy_floor_vs_sma150"": -0.05}",0.3986859984653963,0.4027345940271365,0.41022540193167223,0.3958414126247751,-0.030563385893075057,0.4596482409860834,-0.5523340492671923,-0.3707790080622211,0.6963137872228782,0.6964449691722419,86.17688961784272,86.18927204199235,0.3986859984653963,0.4067831895888767,0.008097191123480396,True,True,False,False,-0.2700414202824578,True,False
C_ndx_short_trend,C: Nasdaq short trend,short_30_confirm_4_floor_0.08,"{""confirmation_days"": 4, ""ndx_sma"": 30, ""spy_floor_vs_sma150"": -0.08}",0.41500441702075475,0.41768257058294544,0.43353396661877275,0.3958414126247751,-0.030563385893075057,0.46099671830124683,-0.5523340492671921,-0.3707790080622211,0.6981503345139709,0.6982815164633347,84.13706430231883,84.14820992948052,0.41500441702075475,0.42036072414513614,0.005356307124381399,True,True,False,False,-0.2700414202824578,True,False
C_ndx_short_trend,C: Nasdaq short trend,short_30_confirm_4_floor_0.10,"{""confirmation_days"": 4, ""ndx_sma"": 30, ""spy_floor_vs_sma150"": -0.1}",0.41500441702075475,0.41768257058294544,0.43353396661877275,0.3958414126247751,-0.030563385893075057,0.46099671830124683,-0.5523340492671921,-0.3707790080622211,0.6981503345139709,0.6982815164633347,84.13706430231883,84.14820992948052,0.41500441702075475,0.42036072414513614,0.005356307124381399,True,True,False,False,-0.2700414202824578,True,False
C_ndx_short_trend,C: Nasdaq short trend,short_30_confirm_5_floor_0.05,"{""confirmation_days"": 5, ""ndx_sma"": 30, ""spy_floor_vs_sma150"": -0.05}",0.39996128307911216,0.4070601924198053,0.41358599197259593,0.33408353067595264,-0.07497850818989038,0.45872296316608674,-0.5475588308524157,-0.3707790080622211,0.6932966023875115,0.6934277843368752,82.23607173267519,82.2523870429684,0.39996128307911216,0.4141591017604984,0.014197818681386254,True,True,False,False,-0.6624692340401152,True,False
C_ndx_short_trend,C: Nasdaq short trend,short_30_confirm_5_floor_0.08,"{""confirmation_days"": 5, ""ndx_sma"": 30, ""spy_floor_vs_sma150"": -0.08}",0.4130366463084727,0.4201159618026785,0.43522561355416745,0.33408353067595264,-0.07497850818989038,0.46016793650200494,-0.5475588308524153,-0.3707790080622211,0.695264331627968,0.6953955135773318,80.19730346050194,80.21140114926538,0.4130366463084727,0.42719527729688433,0.014158630988411636,True,True,False,False,-0.6624692340401152,True,False
C_ndx_short_trend,C: Nasdaq short trend,short_30_confirm_5_floor_0.10,"{""confirmation_days"": 5, ""ndx_sma"": 30, ""spy_floor_vs_sma150"": -0.1}",0.4130366463084727,0.4201159618026785,0.43522561355416745,0.33408353067595264,-0.07497850818989038,0.46016793650200494,-0.5475588308524153,-0.3707790080622211,0.695264331627968,0.6953955135773318,80.19730346050194,80.21140114926538,0.4130366463084727,0.42719527729688433,0.014158630988411636,True,True,False,False,-0.6624692340401152,True,False
C_ndx_short_trend,C: Nasdaq short trend,short_3_confirm_1_floor_0.05,"{""confirmation_days"": 1, ""ndx_sma"": 3, ""spy_floor_vs_sma150"": -0.05}",0.34625007662313756,0.34874673931218103,0.28492783036268077,0.5464522424242442,0.07227285803877526,0.476619816805569,-0.7084532404864389,-0.3707790080622211,0.716122261576807,0.7162534435261708,321.71624773452555,321.75868571407153,0.34625007662313756,0.3512434020012245,0.0049933253780869435,False,False,True,False,0.6385635839216798,False,False
C_ndx_short_trend,C: Nasdaq short trend,short_3_confirm_1_floor_0.08,"{""confirmation_days"": 1, ""ndx_sma"": 3, ""spy_floor_vs_sma150"": -0.08}",0.3260940875061893,0.33558640805077355,0.27312032242909634,0.5464522424242442,0.07227285803877526,0.48326016391594406,-0.8057613487534613,-0.3707790080622211,0.7226813590449954,0.7228125409943592,365.57530647828133,365.5795790793181,0.3260940875061893,0.3450787285953578,0.01898464108916853,False,False,True,False,0.6385635839216798,False,False
C_ndx_short_trend,C: Nasdaq short trend,short_3_confirm_1_floor_0.10,"{""confirmation_days"": 1, ""ndx_sma"": 3, ""spy_floor_vs_sma150"": -0.1}",0.3217768642921146,0.33773009099850326,0.279853554502389,0.5464522424242442,0.07227285803877526,0.4860132529981784,-0.7938423828728931,-0.3707790080622211,0.7253049980322708,0.7254361799816346,373.4976953078507,373.5037463014652,0.3217768642921146,0.3536833177048919,0.031906453412777314,False,False,True,False,0.6385635839216798,False,False
C_ndx_short_trend,C: Nasdaq short trend,short_3_confirm_2_floor_0.05,"{""confirmation_days"": 2, ""ndx_sma"": 3, ""spy_floor_vs_sma150"": -0.05}",0.35675205476566996,0.36578528641042296,0.33573189478133125,0.6313832931502643,0.13116200960770108,0.4628784006357445,-0.6345854528361531,-0.3707790080622211,0.6976256067165159,0.6977567886658795,226.1171264106076,226.13669894025935,0.35675205476566996,0.37481851805517596,0.018066463289506007,True,True,True,True,1.1588760317812212,False,False
C_ndx_short_trend,C: Nasdaq short trend,short_3_confirm_2_floor_0.08,"{""confirmation_days"": 2, ""ndx_sma"": 3, ""spy_floor_vs_sma150"": -0.08}",0.3527388908261426,0.35729138535497285,0.32108381752955695,0.6313832931502643,0.13116200960770108,0.46577930408800156,-0.6805423234404284,-0.3707790080622211,0.7012987012987013,0.7014298832480651,252.0393673111381,252.0528240411085,0.3527388908261426,0.36184387988380307,0.00910498905766044,True,True,True,True,1.1588760317812212,False,False
C_ndx_short_trend,C: Nasdaq short trend,short_3_confirm_2_floor_0.10,"{""confirmation_days"": 2, ""ndx_sma"": 3, ""spy_floor_vs_sma150"": -0.1}",0.33630600723277415,0.3442464215220703,0.29461946755456325,0.6313832931502643,0.13116200960770108,0.47023904107762365,-0.7362660428141907,-0.3707790080622211,0.7033976124885216,0.7035287944378853,267.98653563353116,267.9910789954529,0.33630600723277415,0.35218683581136645,0.0158808285785923,False,False,True,False,1.1588760317812212,False,False
C_ndx_short_trend,C: Nasdaq short trend,short_3_confirm_3_floor_0.05,"{""confirmation_days"": 3, ""ndx_sma"": 3, ""spy_floor_vs_sma150"": -0.05}",0.38532886169551817,0.38670281709404075,0.37697537201931763,0.6245318057162845,0.12641135270986203,0.4570044570135023,-0.5713608201005824,-0.3707790080622211,0.685688049324413,0.6858192312737768,164.3465464969713,164.38233834688748,0.38532886169551817,0.38807677249256334,0.002747910797045172,True,True,True,True,1.116901816605743,True,True
C_ndx_short_trend,C: Nasdaq short trend,short_3_confirm_3_floor_0.08,"{""confirmation_days"": 3, ""ndx_sma"": 3, ""spy_floor_vs_sma150"": -0.08}",0.3780413408539527,0.3818198556181708,0.3677420787835175,0.6245318057162845,0.12641135270986203,0.4581536213687894,-0.5987131798588803,-0.3707790080622211,0.6876557785648695,0.6877869605142333,180.30770403866308,180.3356879685427,0.3780413408539527,0.38559837038238887,0.007557029528436177,True,True,True,True,1.116901816605743,True,True
C_ndx_short_trend,C: Nasdaq short trend,short_3_confirm_3_floor_0.10,"{""confirmation_days"": 3, ""ndx_sma"": 3, ""spy_floor_vs_sma150"": -0.1}",0.3671580401026271,0.37783808500752525,0.35676791325628887,0.6245318057162845,0.12641135270986203,0.4593341528207266,-0.6117053522254985,-0.3707790080622211,0.6887052341597796,0.6888364161091434,186.2801565949058,186.3049109146354,0.3671580401026271,0.3885181299124234,0.021360089809796312,True,True,True,True,1.116901816605743,False,False
C_ndx_short_trend,C: Nasdaq short trend,short_3_confirm_4_floor_0.05,"{""confirmation_days"": 4, ""ndx_sma"": 3, ""spy_floor_vs_sma150"": -0.05}",0.38658361779314854,0.39920268124322156,0.37775066593049544,0.5957170369484981,0.10643188382440472,0.4527782935050181,-0.5918871951628607,-0.3707790080622211,0.6780794962613145,0.6782106782106783,126.4910186475006,126.51328834557303,0.38658361779314854,0.4118217446932946,0.02523812690014604,True,True,True,True,0.9403741186211909,True,True
C_ndx_short_trend,C: Nasdaq short trend,short_3_confirm_4_floor_0.08,"{""confirmation_days"": 4, ""ndx_sma"": 3, ""spy_floor_vs_sma150"": -0.08}",0.3885471254682218,0.40162529498521127,0.38098232202207716,0.5957170369484981,0.10643188382440472,0.4529644683278662,-0.5918871951628606,-0.3707790080622211,0.6789977699068608,0.6791289518562246,130.4801913554247,130.49583245037303,0.3885471254682218,0.41470346450220075,0.02615633903397896,True,True,True,True,0.9403741186211909,True,True
C_ndx_short_trend,C: Nasdaq short trend,short_3_confirm_4_floor_0.10,"{""confirmation_days"": 4, ""ndx_sma"": 3, ""spy_floor_vs_sma150"": -0.1}",0.38920230690105195,0.4010676723157335,0.3820613251071874,0.5957170369484981,0.10643188382440472,0.4534610465514883,-0.5918871951628604,-0.3707790080622211,0.6796536796536796,0.6797848616030434,134.4629539816466,134.48049595908915,0.38920230690105195,0.412933037730415,0.023730730829363056,True,True,True,True,0.9403741186211909,True,True
C_ndx_short_trend,C: Nasdaq short trend,short_3_confirm_5_floor_0.05,"{""confirmation_days"": 5, ""ndx_sma"": 3, ""spy_floor_vs_sma150"": -0.05}",0.40179117286988286,0.404915254175672,0.399551778332764,0.5328691900415947,0.06580260888283984,0.45135591002281905,-0.6001888905527861,-0.3707790080622211,0.6730945821854912,0.673225764134855,100.60481902879026,100.60695043254316,0.40179117286988286,0.4080393354814611,0.006248162611578234,True,True,True,True,0.5813959887552668,False,False
C_ndx_short_trend,C: Nasdaq short trend,short_3_confirm_5_floor_0.08,"{""confirmation_days"": 5, ""ndx_sma"": 3, ""spy_floor_vs_sma150"": -0.08}",0.4040720911506859,0.40577893481615135,0.39864092805949713,0.5328691900415947,0.06580260888283984,0.45142298894475946,-0.5891477182119333,-0.3707790080622211,0.6737504919323101,0.6738816738816739,102.59239121851186,102.59805421317179,0.4040720911506859,0.4074857784816168,0.003413687330930948,True,True,True,True,0.5813959887552668,True,True
C_ndx_short_trend,C: Nasdaq short trend,short_3_confirm_5_floor_0.10,"{""confirmation_days"": 5, ""ndx_sma"": 3, ""spy_floor_vs_sma150"": -0.1}",0.402789738186317,0.40614455430228547,0.40195531890548475,0.5328691900415947,0.06580260888283984,0.45152004667966616,-0.5857525469034468,-0.3707790080622211,0.6741440377804014,0.6742752197297652,104.58496294945,104.58722667133497,0.402789738186317,0.4094993704182539,0.0067096322319368795,True,True,True,True,0.5813959887552668,True,True
C_ndx_short_trend,C: Nasdaq short trend,short_5_confirm_1_floor_0.05,"{""confirmation_days"": 1, ""ndx_sma"": 5, ""spy_floor_vs_sma150"": -0.05}",0.34467966339294187,0.35491561563856855,0.2855349683680335,0.5785670282599633,0.09757627587925288,0.4758782936247551,-0.7070797340720305,-0.40804311019080564,0.7166469893742621,0.7167781713236259,279.7167038976352,279.76748143399044,0.34467966339294187,0.3651515678841952,0.020471904491253357,False,False,True,False,0.8621307932468498,False,False
C_ndx_short_trend,C: Nasdaq short trend,short_5_confirm_1_floor_0.08,"{""confirmation_days"": 1, ""ndx_sma"": 5, ""spy_floor_vs_sma150"": -0.08}",0.3016208977176049,0.3213848635696772,0.22017574983250898,0.5785670282599633,0.09757627587925288,0.4836396847092309,-0.8993290329951404,-0.4203972576289309,0.7226813590449954,0.7228125409943592,307.5718121373616,307.6103163379968,0.3016208977176049,0.3411488294217495,0.03952793170414459,False,False,True,False,0.8621307932468498,False,False
C_ndx_short_trend,C: Nasdaq short trend,short_5_confirm_1_floor_0.10,"{""confirmation_days"": 1, ""ndx_sma"": 5, ""spy_floor_vs_sma150"": -0.1}",0.30215629767872976,0.32436228462767747,0.22100682672714833,0.5785670282599633,0.09757627587925288,0.4847942461170231,-0.9052697160586108,-0.4203972576289309,0.7246490882854519,0.7247802702348157,311.52645290781027,311.56318863179035,0.30215629767872976,0.3465682715766252,0.04441197389789542,False,False,True,False,0.8621307932468498,False,False
C_ndx_short_trend,C: Nasdaq short trend,short_5_confirm_2_floor_0.05,"{""confirmation_days"": 2, ""ndx_sma"": 5, ""spy_floor_vs_sma150"": -0.05}",0.35869049144455745,0.370493429920418,0.3616014065355342,0.6313832931502643,0.13116200960770108,0.4644442474044353,-0.6469638708845484,-0.3707790080622211,0.7007739735012463,0.70090515545061,202.05047390374978,202.07451566902006,0.35869049144455745,0.38229636839627856,0.023605876951721116,True,True,True,True,1.1588760317812212,False,False
C_ndx_short_trend,C: Nasdaq short trend,short_5_confirm_2_floor_0.08,"{""confirmation_days"": 2, ""ndx_sma"": 5, ""spy_floor_vs_sma150"": -0.08}",0.34073651433386964,0.3419539225137673,0.29727565113869514,0.6313832931502643,0.13116200960770108,0.4685880322236725,-0.775269050378797,-0.3707790080622211,0.7049717958808868,0.7051029778302506,219.9527029572509,219.97845850793186,0.34073651433386964,0.343171330693665,0.0024348163597953665,False,False,True,False,1.1588760317812212,False,False
C_ndx_short_trend,C: Nasdaq short trend,short_5_confirm_2_floor_0.10,"{""confirmation_days"": 2, ""ndx_sma"": 5, ""spy_floor_vs_sma150"": -0.1}",0.34223942497590554,0.3446341769732991,0.3073714319516867,0.6313832931502643,0.13116200960770108,0.469358844659949,-0.7648566811779371,-0.3707790080622211,0.7066771612226158,0.7068083431719795,223.91367083995036,223.94357246334778,0.34223942497590554,0.3470289289706927,0.00478950399478717,True,True,True,True,1.1588760317812212,False,False
C_ndx_short_trend,C: Nasdaq short trend,short_5_confirm_3_floor_0.05,"{""confirmation_days"": 3, ""ndx_sma"": 5, ""spy_floor_vs_sma150"": -0.05}",0.3643714766496384,0.36879053485180957,0.3705102356855998,0.6245318057162845,0.12641135270986203,0.4602104186819173,-0.6063471988721512,-0.3707790080622211,0.6902794175521448,0.6904105995015086,176.25304209493083,176.27407207120785,0.3643714766496384,0.3732095930539807,0.008838116404342289,True,True,True,True,1.116901816605743,False,False
C_ndx_short_trend,C: Nasdaq short trend,short_5_confirm_3_floor_0.08,"{""confirmation_days"": 3, ""ndx_sma"": 5, ""spy_floor_vs_sma150"": -0.08}",0.34069939477675226,0.35133457277785396,0.331365770862208,0.6245318057162845,0.12641135270986203,0.462041060335869,-0.6791019654834287,-0.3707790080622211,0.6932966023875115,0.6934277843368752,190.18819935308198,190.21305786188827,0.34069939477675226,0.36196975077895566,0.021270356002203394,True,True,True,True,1.116901816605743,False,False
C_ndx_short_trend,C: Nasdaq short trend,short_5_confirm_3_floor_0.10,"{""confirmation_days"": 3, ""ndx_sma"": 5, ""spy_floor_vs_sma150"": -0.1}",0.34220903032079697,0.3484314622399586,0.3338487026449135,0.6245318057162845,0.12641135270986203,0.4635099833702703,-0.6858365454505634,-0.3707790080622211,0.6947396038305129,0.6948707857798767,194.1483720531206,194.18068601180545,0.34220903032079697,0.3546538941591202,0.012444863838323217,True,True,True,True,1.116901816605743,False,False
C_ndx_short_trend,C: Nasdaq short trend,short_5_confirm_4_floor_0.05,"{""confirmation_days"": 4, ""ndx_sma"": 5, ""spy_floor_vs_sma150"": -0.05}",0.3653487659506147,0.3794511727600748,0.36112162830694117,0.5957170369484981,0.10643188382440472,0.45471835270594063,-0.5950257126236755,-0.3707790080622211,0.6817525908434999,0.6818837727928637,144.4244943231003,144.43832979330566,0.3653487659506147,0.39355357956953485,0.028204813618920133,True,True,True,True,0.9403741186211909,True,True
C_ndx_short_trend,C: Nasdaq short trend,short_5_confirm_4_floor_0.08,"{""confirmation_days"": 4, ""ndx_sma"": 5, ""spy_floor_vs_sma150"": -0.08}",0.35529798570808246,0.37820988866528615,0.3445727197496862,0.5957170369484981,0.10643188382440472,0.45567819673866455,-0.64712032697609,-0.3707790080622211,0.6838515020333202,0.683982683982684,154.3890473317125,154.3965868523207,0.35529798570808246,0.40112179162248984,0.04582380591440738,True,True,True,True,0.9403741186211909,False,False
C_ndx_short_trend,C: Nasdaq short trend,short_5_confirm_4_floor_0.10,"{""confirmation_days"": 4, ""ndx_sma"": 5, ""spy_floor_vs_sma150"": -0.1}",0.3505546654024472,0.37142215298543046,0.3367905690778077,0.5957170369484981,0.10643188382440472,0.4567607085143481,-0.682463188440882,-0.3707790080622211,0.6850321395775941,0.6851633215269579,158.36037592642538,158.36379609754192,0.3505546654024472,0.39228964056841376,0.04173497516596658,True,True,True,True,0.9403741186211909,False,False
C_ndx_short_trend,C: Nasdaq short trend,short_5_confirm_5_floor_0.05,"{""confirmation_days"": 5, ""ndx_sma"": 5, ""spy_floor_vs_sma150"": -0.05}",0.38367517408939134,0.3908634031668321,0.38781626159210636,0.5328691900415947,0.06580260888283984,0.45262314724848596,-0.6019624973295545,-0.3707790080622211,0.6754558572740391,0.6755870392234029,110.5609134214049,110.56258277234815,0.38367517408939134,0.39805163224427287,0.014376458154881533,True,True,True,True,0.5813959887552668,False,False
C_ndx_short_trend,C: Nasdaq short trend,short_5_confirm_5_floor_0.08,"{""confirmation_days"": 5, ""ndx_sma"": 5, ""spy_floor_vs_sma150"": -0.08}",0.38159411339675353,0.3904088560242319,0.384362162492369,0.5328691900415947,0.06580260888283984,0.4529954672149077,-0.6150147250253706,-0.3707790080622211,0.6768988587170406,0.6770300406664043,114.53370324798746,114.53933989879388,0.38159411339675353,0.3992235986517103,0.017629485254956778,True,True,True,True,0.5813959887552668,False,False
C_ndx_short_trend,C: Nasdaq short trend,short_5_confirm_5_floor_0.10,"{""confirmation_days"": 5, ""ndx_sma"": 5, ""spy_floor_vs_sma150"": -0.1}",0.3735917586264481,0.3840645593156191,0.37111180713085323,0.5328691900415947,0.06580260888283984,0.45420541390553953,-0.6150147250253704,-0.3707790080622211,0.6778171323625869,0.6779483143119507,118.5070573219908,118.51798286491143,0.3735917586264481,0.3945373600047901,0.020945601378342005,True,True,True,True,0.5813959887552668,False,False
C_ndx_short_trend,C: Nasdaq short trend,short_7_confirm_1_floor_0.05,"{""confirmation_days"": 1, ""ndx_sma"": 7, ""spy_floor_vs_sma150"": -0.05}",0.38156945316040325,0.3963582860434963,0.3418699436947421,0.6869975710544816,0.16972361473210773,0.4759613293031721,-0.713558371545048,-0.40804311019080564,0.7174340810704447,0.7175652630198085,239.71661685596592,239.75702323789983,0.38156945316040325,0.4111471189265894,0.029577665766186145,True,True,True,True,1.4995853580514322,False,False
C_ndx_short_trend,C: Nasdaq short trend,short_7_confirm_1_floor_0.08,"{""confirmation_days"": 1, ""ndx_sma"": 7, ""spy_floor_vs_sma150"": -0.08}",0.3575279236405018,0.36437738593189384,0.3062317083311359,0.6869975710544816,0.16972361473210773,0.4822419955405076,-0.819607620394181,-0.40804311019080564,0.7230749048930867,0.7232060868424505,265.5873010902095,265.614613694095,0.3575279236405018,0.3712268482232859,0.0136989245827841,True,True,True,True,1.4995853580514322,False,False
C_ndx_short_trend,C: Nasdaq short trend,short_7_confirm_1_floor_0.10,"{""confirmation_days"": 1, ""ndx_sma"": 7, ""spy_floor_vs_sma150"": -0.1}",0.3609613748685814,0.3664454372796486,0.311706008460817,0.6869975710544816,0.16972361473210773,0.48306502691508696,-0.8201462836643146,-0.40804311019080564,0.7245179063360881,0.7246490882854519,267.5593778511022,267.5806977091737,0.3609613748685814,0.37192949969071587,0.010968124822134495,True,True,True,True,1.4995853580514322,False,False
C_ndx_short_trend,C: Nasdaq short trend,short_7_confirm_2_floor_0.05,"{""confirmation_days"": 2, ""ndx_sma"": 7, ""spy_floor_vs_sma150"": -0.05}",0.3873335477917692,0.4050290791649561,0.40164569179974463,0.6313832931502643,0.13116200960770108,0.46613037864576895,-0.6440435211622704,-0.3707790080622211,0.7040535222353405,0.7041847041847041,168.00367959571736,168.00862824850054,0.3873335477917692,0.42272461053814303,0.035391062746373825,True,True,True,True,1.1588760317812212,False,False
C_ndx_short_trend,C: Nasdaq short trend,short_7_confirm_2_floor_0.08,"{""confirmation_days"": 2, ""ndx_sma"": 7, ""spy_floor_vs_sma150"": -0.08}",0.357664472228584,0.3778981552552356,0.3523663598695206,0.6313832931502643,0.13116200960770108,0.468333087928568,-0.7263949090578214,-0.3707790080622211,0.7079889807162535,0.7081201626656172,181.91615849920595,181.92629655876533,0.357664472228584,0.39813183828188725,0.040467366053303255,True,True,True,True,1.1588760317812212,False,False
C_ndx_short_trend,C: Nasdaq short trend,short_7_confirm_2_floor_0.10,"{""confirmation_days"": 2, ""ndx_sma"": 7, ""spy_floor_vs_sma150"": -0.1}",0.35452129368780283,0.37857320489940194,0.3471866244475754,0.6313832931502643,0.13116200960770108,0.46910510802211186,-0.6943474339882909,-0.3707790080622211,0.7093008002098912,0.7094319821592548,185.8910394448991,185.90241934780965,0.35452129368780283,0.40262511611100105,0.04810382242319822,True,True,True,True,1.1588760317812212,False,False
C_ndx_short_trend,C: Nasdaq short trend,short_7_confirm_3_floor_0.05,"{""confirmation_days"": 3, ""ndx_sma"": 7, ""spy_floor_vs_sma150"": -0.05}",0.3691024686755817,0.3817147451272388,0.36621093354290846,0.6245318057162845,0.12641135270986203,0.4629754351373916,-0.6865526416058643,-0.3707790080622211,0.6955266955266955,0.6956578774760593,150.17063792121564,150.17739698680526,0.3691024686755817,0.3943270215788959,0.025224552903314157,True,True,True,True,1.116901816605743,False,False
C_ndx_short_trend,C: Nasdaq short trend,short_7_confirm_3_floor_0.08,"{""confirmation_days"": 3, ""ndx_sma"": 7, ""spy_floor_vs_sma150"": -0.08}",0.36082152567172954,0.3630745658385278,0.3525567586287248,0.6245318057162845,0.12641135270986203,0.4645122490294759,-0.7102831572262063,-0.3707790080622211,0.6985438803620622,0.698675062311426,168.10834353508193,168.10971363872181,0.36082152567172954,0.3653276060053261,0.004506080333596563,True,True,True,True,1.116901816605743,False,False
C_ndx_short_trend,C: Nasdaq short trend,short_7_confirm_3_floor_0.10,"{""confirmation_days"": 3, ""ndx_sma"": 7, ""spy_floor_vs_sma150"": -0.1}",0.35958360283623025,0.3621381217593631,0.35052025683021837,0.6245318057162845,0.12641135270986203,0.4654153151396968,-0.6977690655880462,-0.3707790080622211,0.6995933359569724,0.699724517906336,170.08064162554106,170.08988474799276,0.35958360283623025,0.36469264068249596,0.005109037846265707,True,True,True,True,1.116901816605743,False,False
C_ndx_short_trend,C: Nasdaq short trend,short_7_confirm_4_floor_0.05,"{""confirmation_days"": 4, ""ndx_sma"": 7, ""spy_floor_vs_sma150"": -0.05}",0.37551917269871793,0.38401252244392015,0.3750458768051017,0.5957170369484981,0.10643188382440472,0.4592186556767506,-0.6667526799315316,-0.3707790080622211,0.6883116883116883,0.6884428702610521,138.3057736720591,138.31668356539393,0.37551917269871793,0.39250587218912236,0.016986699490404433,True,True,True,True,0.9403741186211909,False,False
C_ndx_short_trend,C: Nasdaq short trend,short_7_confirm_4_floor_0.08,"{""confirmation_days"": 4, ""ndx_sma"": 7, ""spy_floor_vs_sma150"": -0.08}",0.37060694318628973,0.383121743416727,0.3669253034831732,0.5957170369484981,0.10643188382440472,0.45993762567349894,-0.6850344400051684,-0.3707790080622211,0.690148235602781,0.6902794175521448,146.27174958001046,146.28378624922513,0.37060694318628973,0.3956365436471643,0.025029600460874546,True,True,True,True,0.9403741186211909,False,False
C_ndx_short_trend,C: Nasdaq short trend,short_7_confirm_4_floor_0.10,"{""confirmation_days"": 4, ""ndx_sma"": 7, ""spy_floor_vs_sma150"": -0.1}",0.37132838659410217,0.3819372302589371,0.3681167525853175,0.5957170369484981,0.10643188382440472,0.46062116150790233,-0.6722225902014443,-0.3707790080622211,0.6910665092483275,0.6911976911976911,150.24598628461487,150.25961693162833,0.37132838659410217,0.39254607392377205,0.021217687329669888,True,True,True,True,0.9403741186211909,False,False
C_ndx_short_trend,C: Nasdaq short trend,short_7_confirm_5_floor_0.05,"{""confirmation_days"": 5, ""ndx_sma"": 7, ""spy_floor_vs_sma150"": -0.05}",0.38802648881645374,0.3948307070958811,0.3763162002762257,0.5328691900415947,0.06580260888283984,0.4565269985673154,-0.5275315959801077,-0.3707790080622211,0.6820149547422275,0.6821461366915912,130.43160684246868,130.4408980771921,0.38802648881645374,0.4016349253753084,0.013608436558854686,True,True,True,True,0.5813959887552668,True,True
C_ndx_short_trend,C: Nasdaq short trend,short_7_confirm_5_floor_0.08,"{""confirmation_days"": 5, ""ndx_sma"": 7, ""spy_floor_vs_sma150"": -0.08}",0.3852115137050518,0.3936322947374058,0.3716980020423106,0.5328691900415947,0.06580260888283984,0.45689455984062904,-0.5275315959801078,-0.3707790080622211,0.6833267742358652,0.6834579561852289,132.408500636103,132.41498188449336,0.3852115137050518,0.4020530757697598,0.016841562064707993,True,True,True,True,0.5813959887552668,True,True
C_ndx_short_trend,C: Nasdaq short trend,short_7_confirm_5_floor_0.10,"{""confirmation_days"": 5, ""ndx_sma"": 7, ""spy_floor_vs_sma150"": -0.1}",0.3841043566217359,0.393815168753722,0.3698833043817886,0.5328691900415947,0.06580260888283984,0.4576673979500619,-0.5524169406688786,-0.3707790080622211,0.683982683982684,0.6841138659320477,134.3917476443644,134.3950263659404,0.3841043566217359,0.4035259808857081,0.019421624263972204,True,True,True,True,0.5813959887552668,True,True
D_staged_reentry,D: Staged re-entry,score_2_weight_0.50,"{""reentry_weight"": 0.5, ""score_threshold"": 2}",0.3524518242027066,0.3674709262379924,0.30307978454480144,0.45552663192692244,0.009779608745604573,0.4570270677123058,-0.7627973800446356,-0.3707790080622211,0.6967073330709694,0.6968385150203332,198.93313126177293,199.054921090772,0.3524518242027066,0.38249002827327816,0.03003820407057156,True,True,True,True,0.08640729285390367,False,False
D_staged_reentry,D: Staged re-entry,score_2_weight_0.75,"{""reentry_weight"": 0.75, ""score_threshold"": 2}",0.3164779162375504,0.3395824758592684,0.249499282248824,0.5166915650503667,0.053413699093576295,0.4696550315517541,-0.8717391271080849,-0.41171192741263474,0.7126459399186672,0.712777121868031,265.29382517672667,265.39784232448585,0.3164779162375504,0.36268703548098635,0.04620911924343596,False,False,True,False,0.4719343339848119,False,False
D_staged_reentry,D: Staged re-entry,score_2_weight_1.00,"{""reentry_weight"": 1.0, ""score_threshold"": 2}",0.2778600093240633,0.308698971203043,0.1935108856995329,0.5785670282599633,0.09757627587925288,0.4871959703616482,-0.9331039198225008,-0.46226140039427177,0.728584546766365,0.7287157287157288,329.46371155131123,329.46547557696914,0.2778600093240633,0.33953793308202274,0.06167792375795944,False,False,True,False,0.8621307932468498,False,False
D_staged_reentry,D: Staged re-entry,score_3_weight_0.50,"{""reentry_weight"": 0.5, ""score_threshold"": 3}",0.36711527625109275,0.37755148080987044,0.32017138895721775,0.45552663192692244,0.009779608745604573,0.4555604228679976,-0.7101611055813809,-0.3707790080622211,0.6917880099698281,0.6919191919191919,184.36405966640132,184.4767519410599,0.36711527625109275,0.38798768536864814,0.02087240911755539,True,True,True,True,0.08640729285390367,False,False
D_staged_reentry,D: Staged re-entry,score_3_weight_0.75,"{""reentry_weight"": 0.75, ""score_threshold"": 3}",0.3388237234551257,0.35524220672966267,0.27530993195097153,0.5166915650503667,0.053413699093576295,0.46619935304535953,-0.8257458451242163,-0.3707790080622211,0.7052669552669553,0.705398137216319,243.91565349819825,244.02074380800155,0.3388237234551257,0.37166069000419966,0.032836966549073976,False,False,True,False,0.4719343339848119,False,False
D_staged_reentry,D: Staged re-entry,score_3_weight_1.00,"{""reentry_weight"": 1.0, ""score_threshold"": 3}",0.30802881912819235,0.3302240499300244,0.22800243958474287,0.5785670282599633,0.09757627587925288,0.4810539825815739,-0.8983359514975976,-0.3707790080622211,0.7187459005640824,0.7188770825134462,301.6498516974899,301.6869591090993,0.30802881912819235,0.35241928073185647,0.04439046160366411,False,False,True,False,0.8621307932468498,False,False
D_staged_reentry,D: Staged re-entry,score_4_weight_0.50,"{""reentry_weight"": 0.5, ""score_threshold"": 4}",0.3881219844074415,0.39754594029561907,0.37183494983111776,0.4532916737423589,0.007677556291565635,0.4510688574017069,-0.6426189675374885,-0.3707790080622211,0.6816214088941361,0.6817525908434999,191.0689337754137,191.2348340116812,0.3881219844074415,0.40696989618379664,0.018847911776355142,True,True,True,True,0.06783470301772603,False,False
D_staged_reentry,D: Staged re-entry,score_4_weight_0.75,"{""reentry_weight"": 0.75, ""score_threshold"": 4}",0.3745345218036622,0.3874178344871313,0.3516230081130145,0.5153310153223631,0.05069414631736091,0.4554855820325022,-0.6636863888063725,-0.3707790080622211,0.6900170536534173,0.690148235602781,255.0604228659231,255.19241555188717,0.3745345218036622,0.4003011471706004,0.02576662536693819,True,True,True,True,0.44790584784811394,False,False
D_staged_reentry,D: Staged re-entry,score_4_weight_1.00,"{""reentry_weight"": 1.0, ""score_threshold"": 4}",0.35985237946871385,0.37603971195094577,0.33024861084067525,0.5790301640465889,0.09486160676870292,0.4620714594591169,-0.6841226657639596,-0.3707790080622211,0.6984126984126984,0.6985438803620622,318.1047454998006,318.12639121192484,0.35985237946871385,0.3922270444331777,0.03237466496446384,True,True,True,True,0.8381454565183061,False,False
E_timed_rebound,E: Timed rebound window,timed_10_10_0.50,"{""holding_days"": 10, ""ndx_sma_cross"": 10, ""reentry_weight"": 0.5}",0.3756017678230479,0.37796419694050687,0.33087571777293445,0.4773359264753394,0.024349263887904815,0.46273150203009755,-0.6109423349247123,-0.3707790080622211,0.7028728846910665,0.7030040666404302,98.30430290598292,98.33632817892328,0.3756017678230479,0.38032662605796586,0.004724858234917972,True,True,True,True,0.21513682502736017,False,False
E_timed_rebound,E: Timed rebound window,timed_10_10_1.00,"{""holding_days"": 10, ""ndx_sma_cross"": 10, ""reentry_weight"": 1.0}",0.3166955095240329,0.3194949670219729,0.23361954638850824,0.6313832931502643,0.13116200960770108,0.5109769667503773,-0.8232030137223691,-0.3707790080622211,0.7409156500065591,0.7410468319559229,125.13232533727866,125.15938981266822,0.3166955095240329,0.32229442451991286,0.0055989149958799445,False,False,True,False,1.1588760317812212,False,False
E_timed_rebound,E: Timed rebound window,timed_10_15_0.50,"{""holding_days"": 15, ""ndx_sma_cross"": 10, ""reentry_weight"": 0.5}",0.3640560210688666,0.3675139201553308,0.2936170143486243,0.4773359264753394,0.024349263887904815,0.4695540399942978,-0.6821484615556206,-0.3707790080622211,0.7119900301718484,0.7121212121212122,86.54692517437044,86.6889014790341,0.3640560210688666,0.370971819241795,0.006915798172928422,False,False,True,False,0.21513682502736017,False,False
E_timed_rebound,E: Timed rebound window,timed_10_15_1.00,"{""holding_days"": 15, ""ndx_sma_cross"": 10, ""reentry_weight"": 1.0}",0.28424746717727634,0.2918035056749083,0.15584301830658975,0.6313832931502643,0.13116200960770108,0.5366285320730402,-0.889200557549512,-0.3707790080622211,0.7591499409681228,0.7592811229174865,98.648364783793,98.65366105811532,0.28424746717727634,0.2993595441725403,0.015112076995263957,False,False,True,False,1.1588760317812212,False,False
E_timed_rebound,E: Timed rebound window,timed_10_20_0.50,"{""holding_days"": 20, ""ndx_sma_cross"": 10, ""reentry_weight"": 0.5}",0.3815829843320191,0.3839677243016182,0.32963959644299656,0.40319236551535975,0.024349263887904815,0.47242353000318393,-0.6688226899749183,-0.3707790080622211,0.716712580348944,0.7168437622983077,78.36491057238368,78.41382084076741,0.3815829843320191,0.3863524642712173,0.004769479939198185,True,True,True,True,0.21513682502736017,False,False
E_timed_rebound,E: Timed rebound window,timed_10_20_1.00,"{""holding_days"": 20, ""ndx_sma_cross"": 10, ""reentry_weight"": 1.0}",0.3153694694262008,0.31789944510910195,0.21196402889994714,0.4677111067017341,0.13116200960770108,0.5473692944979082,-0.8915869157973241,-0.3707790080622211,0.768595041322314,0.7687262232716778,80.43263037912698,80.43937537090156,0.3153694694262008,0.3204294207920031,0.005059951365802284,False,False,True,False,1.1588760317812212,False,False
E_timed_rebound,E: Timed rebound window,timed_10_5_0.50,"{""holding_days"": 5, ""ndx_sma_cross"": 10, ""reentry_weight"": 0.5}",0.3861171232473435,0.3932366533827154,0.35791261439836575,0.4188609619584822,-0.01619587265502198,0.45600040277408627,-0.5954804892379022,-0.3707790080622211,0.6881805063623245,0.6883116883116883,116.30846349524703,116.45353897340166,0.3861171232473435,0.4003561835180873,0.014239060270743842,True,True,False,False,-0.14309790380479087,True,False
E_timed_rebound,E: Timed rebound window,timed_10_5_1.00,"{""holding_days"": 5, ""ndx_sma_cross"": 10, ""reentry_weight"": 1.0}",0.3474514433601392,0.360818483470313,0.29132422553943615,0.505890871827779,0.0441485774549395,0.4832252344388527,-0.7491487359840229,-0.3707790080622211,0.7115308933490752,0.711662075298439,165.7983697543674,165.81831283658607,0.3474514433601392,0.37418552358048673,0.02673408022034751,False,False,True,False,0.3900727688054742,False,False
E_timed_rebound,E: Timed rebound window,timed_3_10_0.50,"{""holding_days"": 10, ""ndx_sma_cross"": 3, ""reentry_weight"": 0.5}",0.383196450850827,0.3902469226355427,0.3253699288083045,0.4095431011307078,-0.006097844507400363,0.4682148411653345,-0.6555619280443501,-0.3707790080622211,0.718942673488128,0.7190738554374918,86.04695325869575,86.11386098963894,0.383196450850827,0.39729739442025847,0.014100943569431479,True,True,False,False,-0.05387723065765024,False,False
E_timed_rebound,E: Timed rebound window,timed_3_10_1.00,"{""holding_days"": 10, ""ndx_sma_cross"": 3, ""reentry_weight"": 1.0}",0.32105179632724523,0.33669178271399225,0.21457060025158214,0.47179386964686154,0.05991413239116894,0.5308093664453463,-0.8224769093670745,-0.3707790080622211,0.7730552276006821,0.7731864095500459,96.43936791245716,96.45583986561942,0.32105179632724523,0.35233176910073927,0.031279972773494036,False,False,True,False,0.5293686197761328,False,False
E_timed_rebound,E: Timed rebound window,timed_3_15_0.50,"{""holding_days"": 15, ""ndx_sma_cross"": 3, ""reentry_weight"": 0.5}",0.3792924636710582,0.38653344387079847,0.31269739880440284,0.4101567589407049,-0.006097844507400363,0.4723586256580009,-0.6928129391361673,-0.3707790080622211,0.7237964056145875,0.7239275875639511,78.94000534794861,78.95392437170287,0.3792924636710582,0.39377442407053875,0.014481960399480576,True,True,False,False,-0.05387723065765024,False,False
E_timed_rebound,E: Timed rebound window,timed_3_15_1.00,"{""holding_days"": 15, ""ndx_sma_cross"": 3, ""reentry_weight"": 1.0}",0.30757885461430434,0.32328944416955907,0.18279060365652278,0.46858278631512285,0.05991413239116894,0.5467186840651542,-0.8656933436678708,-0.3707790080622211,0.7827626918536009,0.7828938738029647,80.17786047655348,80.19727895181506,0.30757885461430434,0.3390000337248138,0.031421179110509456,False,False,True,False,0.5293686197761328,False,False
E_timed_rebound,E: Timed rebound window,timed_3_20_0.50,"{""holding_days"": 20, ""ndx_sma_cross"": 3, ""reentry_weight"": 0.5}",0.3872329096533973,0.3881250064413747,0.32523279025958773,0.5030363581619031,-0.006097844507400363,0.47390231698267377,-0.6759173472890014,-0.3707790080622211,0.7268791814246359,0.7270103633739997,77.36922900196329,77.49599814285958,0.3872329096533973,0.3890171032293521,0.0017841935759548289,True,True,False,False,-0.05387723065765024,False,False
E_timed_rebound,E: Timed rebound window,timed_3_20_1.00,"{""holding_days"": 20, ""ndx_sma_cross"": 3, ""reentry_weight"": 1.0}",0.3197124589367948,0.3235536631525382,0.20101755208985606,0.665228615148646,0.05991413239116894,0.5526013282181976,-0.8866754437507227,-0.3707790080622211,0.788928243473698,0.7890594254230617,76.01235392247138,76.02468479281785,0.3197124589367948,0.3273948673682816,0.00768240843148682,False,False,True,False,0.5293686197761328,False,False
E_timed_rebound,E: Timed rebound window,timed_3_5_0.50,"{""holding_days"": 5, ""ndx_sma_cross"": 3, ""reentry_weight"": 0.5}",0.3941445140338564,0.3968784321390215,0.33653661204067764,0.36664806695322016,-0.0523990405368866,0.46171522904109324,-0.6525856243460508,-0.3707790080622211,0.7049717958808868,0.7051029778302506,131.22951967957763,131.23572563191715,0.3941445140338564,0.3996123502441866,0.005467836210330201,True,True,False,False,-0.46296936398087274,False,False
E_timed_rebound,E: Timed rebound window,timed_3_5_1.00,"{""holding_days"": 5, ""ndx_sma_cross"": 3, ""reentry_weight"": 1.0}",0.35337139513239646,0.3599202217411632,0.250908419251876,0.3906052111149696,-0.03578773193255769,0.5059891786359786,-0.8170200183937508,-0.3707790080622211,0.7451134723861996,0.7452446543355634,191.04254404781187,191.04898542552561,0.35337139513239646,0.36646904834993,0.013097653217533534,False,False,False,False,-0.3162008945463539,False,False
E_timed_rebound,E: Timed rebound window,timed_5_10_0.50,"{""holding_days"": 10, ""ndx_sma_cross"": 5, ""reentry_weight"": 0.5}",0.3596524793211482,0.364396060991777,0.29331543752380806,0.37096071075496795,0.0008197232211337724,0.4678602499931588,-0.7139276444156839,-0.3707790080622211,0.7145480781844418,0.7146792601338056,90.67774954178458,90.75584631834384,0.3596524793211482,0.36913964266240584,0.009487163341257654,False,False,True,False,0.007242627621425606,False,False
E_timed_rebound,E: Timed rebound window,timed_5_10_1.00,"{""holding_days"": 10, ""ndx_sma_cross"": 5, ""reentry_weight"": 1.0}",0.2755436564841707,0.2865304131648173,0.15423692525160404,0.3946542681383154,0.07485725048470826,0.5305245617582578,-0.9093941738084205,-0.3707790080622211,0.7642660369933097,0.7643972189426735,106.65004166856284,106.6548880452915,0.2755436564841707,0.29751716984546395,0.021973513361293273,False,False,True,False,0.6613978670442552,False,False
E_timed_rebound,E: Timed rebound window,timed_5_15_0.50,"{""holding_days"": 15, ""ndx_sma_cross"": 5, ""reentry_weight"": 0.5}",0.37203691025519703,0.3737104738404361,0.3024433312147532,0.47699721255214667,0.0008197232211337724,0.4730074125400756,-0.6926189387081267,-0.3707790080622211,0.7200577200577201,0.7201889020070839,80.69875626903143,80.72867965426735,0.37203691025519703,0.37538403742567517,0.003347127170478137,True,True,True,True,0.007242627621425606,False,False
E_timed_rebound,E: Timed rebound window,timed_5_15_1.00,"{""holding_days"": 15, ""ndx_sma_cross"": 5, ""reentry_weight"": 1.0}",0.2923798833717135,0.2973473314297643,0.16165291684064642,0.6089323289164899,0.07485725048470826,0.5499949952643077,-0.906425292408254,-0.3707790080622211,0.7752853207398662,0.77541650268923,84.35486883981443,84.36538062107793,0.2923798833717135,0.30231477948781516,0.009934896116101655,False,False,True,False,0.6613978670442552,False,False
E_timed_rebound,E: Timed rebound window,timed_5_20_0.50,"{""holding_days"": 20, ""ndx_sma_cross"": 5, ""reentry_weight"": 0.5}",0.375059212792471,0.37863772869872825,0.3217668257208681,0.547283987236451,0.0008197232211337724,0.4746524458606001,-0.6803701450069886,-0.3707790080622211,0.7234028597664961,0.7235340417158599,77.17181820265652,77.20285846556462,0.375059212792471,0.3822162446049855,0.0071570318125144805,True,True,True,True,0.007242627621425606,False,False
E_timed_rebound,E: Timed rebound window,timed_5_20_1.00,"{""holding_days"": 20, ""ndx_sma_cross"": 5, ""reentry_weight"": 1.0}",0.2995045640123246,0.30433441696346264,0.1903836107362944,0.7641168564433671,0.07485725048470826,0.555785029342502,-0.8976527614079053,-0.3707790080622211,0.7819756001574183,0.7821067821067821,76.17457194138082,76.17762255471028,0.2995045640123246,0.30916426991460066,0.00965970590227605,False,False,True,False,0.6613978670442552,False,False
E_timed_rebound,E: Timed rebound window,timed_5_5_0.50,"{""holding_days"": 5, ""ndx_sma_cross"": 5, ""reentry_weight"": 0.5}",0.3729228156728672,0.3776347573171961,0.3239327773262479,0.3761599494981711,-0.04580372953923495,0.46053689915799395,-0.6585228086662352,-0.3707790080622211,0.698675062311426,0.6988062442607897,136.5966053855422,136.6130073925007,0.3729228156728672,0.38234669896152496,0.00942388328865773,True,True,False,False,-0.4046967905414915,False,False
E_timed_rebound,E: Timed rebound window,timed_5_5_1.00,"{""holding_days"": 5, ""ndx_sma_cross"": 5, ""reentry_weight"": 1.0}",0.315987224237676,0.323301408805183,0.22490350746505028,0.41021055201584256,-0.022193859232261137,0.5012728909817366,-0.8635302760854722,-0.3707790080622211,0.732520005247278,0.7326511871966418,203.344516049299,203.3523190094887,0.315987224237676,0.33061559337269,0.014628369135013974,False,False,False,False,-0.1960928442154921,False,False
