method,method_label,candidate_id,parameters,delay,cagr,post_2008_cagr,volatility,max_drawdown,dotcom_max_drawdown,trailing_252_return,return_2026_ytd,ending_value_1000,average_tqqq_weight,weight_changes,total_turnover
Baseline,Baseline,baseline,"{""ma_window"": 150, ""tolerance"": 0.03, ""vol_threshold"": 0.32, ""vol_window"": 40}",0,0.41608080544251336,0.4020930336319135,0.4457051422826285,-0.5316048869501026,-0.2310135761888068,0.33408353067595264,-0.07497850818989038,37702991.84121797,0.6649613013249377,54,60.763536591864685
Baseline,Baseline,baseline,"{""ma_window"": 150, ""tolerance"": 0.03, ""vol_threshold"": 0.32, ""vol_window"": 40}",1,0.41195425197017665,0.4086563118964357,0.44801752701271347,-0.5986999094008929,-0.3707790080622211,0.3356841873010221,-0.07129995128262956,34513311.2146069,0.6648301193755739,54,60.74721931334652
A_relaxed_reentry,A: Relaxed SPY re-entry,relaxed_-0.03,"{""reentry_band_vs_spy_sma150"": -0.03}",0,0.36665542902871606,0.3279556296938304,0.4794471557862245,-0.6837622403420343,-0.36370381980889077,0.5098486914717906,0.04689283457770266,12854035.614353858,0.7297651843106389,146,151.51946376428663
A_relaxed_reentry,A: Relaxed SPY re-entry,relaxed_-0.03,"{""reentry_band_vs_spy_sma150"": -0.03}",1,0.3431183405078142,0.3024739893170194,0.4814194858258018,-0.7650436206217055,-0.399064783596804,0.4895834567008366,0.035706076300868306,7594741.790893723,0.7296340023612751,146,151.49538510952914
A_relaxed_reentry,A: Relaxed SPY re-entry,relaxed_-0.02,"{""reentry_band_vs_spy_sma150"": -0.02}",0,0.37099706178990943,0.36359428752942136,0.47130535715341226,-0.6849428469433047,-0.3661093563299286,0.5957170369484981,0.10643188382440472,14150214.677088492,0.7173028991210809,156,161.77837463008274
A_relaxed_reentry,A: Relaxed SPY re-entry,relaxed_-0.02,"{""reentry_band_vs_spy_sma150"": -0.02}",1,0.33312076577572736,0.31078695976741666,0.4734722812422988,-0.7384799465701767,-0.40743189724367934,0.6750657790150252,0.16467177298810265,6056617.92001676,0.7171717171717171,156,161.75774215975963
A_relaxed_reentry,A: Relaxed SPY re-entry,relaxed_-0.01,"{""reentry_band_vs_spy_sma150"": -0.01}",0,0.3577522375974902,0.33621848222329076,0.46359613484495066,-0.7055723513183974,-0.24620662544111305,0.46504862416257975,0.015829543454872974,10545392.251072919,0.7041847041847041,132,138.03601753951182
A_relaxed_reentry,A: Relaxed SPY re-entry,relaxed_-0.01,"{""reentry_band_vs_spy_sma150"": -0.01}",1,0.34329266195379504,0.34168259397605216,0.4646791747539056,-0.7151997084267492,-0.431376806731791,0.510654033459178,0.0503564299159065,7624655.265160146,0.7040535222353405,132,138.03304508682317
A_relaxed_reentry,A: Relaxed SPY re-entry,relaxed_+0.00,"{""reentry_band_vs_spy_sma150"": 0.0}",0,0.37423412906785103,0.3631299019807157,0.45752762330817215,-0.5974607170732527,-0.2310135761888068,0.46504862416257975,0.015829543454872974,15197973.407726696,0.6915912370457825,132,138.26923677190774
A_relaxed_reentry,A: Relaxed SPY re-entry,relaxed_+0.00,"{""reentry_band_vs_spy_sma150"": 0.0}",1,0.3701326629898738,0.3791764565305018,0.4589263552376287,-0.6138187053035711,-0.3707790080622211,0.510654033459178,0.0503564299159065,13882465.831826145,0.6914600550964187,132,138.2428719730109
A_relaxed_reentry,A: Relaxed SPY re-entry,relaxed_+0.01,"{""reentry_band_vs_spy_sma150"": 0.01}",0,0.37966747214388796,0.35693836651483446,0.451343127115509,-0.5889375340570833,-0.2310135761888068,0.44381635933654917,0.0011076007636754426,17127445.38896195,0.6792601338055884,110,116.49209897601978
A_relaxed_reentry,A: Relaxed SPY re-entry,relaxed_+0.01,"{""reentry_band_vs_spy_sma150"": 0.01}",1,0.39308816175673456,0.38215881637493054,0.4527740959188537,-0.5581243686000283,-0.3707790080622211,0.5035365075253364,0.04540762035122725,22963328.973521333,0.6791289518562246,110,116.47906134093485
A_relaxed_reentry,A: Relaxed SPY re-entry,relaxed_+0.02,"{""reentry_band_vs_spy_sma150"": 0.02}",0,0.4139180453603135,0.4068188882422521,0.44739413917698506,-0.5231260810188005,-0.2310135761888068,0.39813986200852547,-0.030563385893075057,35997281.37466339,0.6715203987931261,76,82.63340608189702
A_relaxed_reentry,A: Relaxed SPY re-entry,relaxed_+0.02,"{""reentry_band_vs_spy_sma150"": 0.02}",1,0.39435472006175276,0.381761822731578,0.44993424323615966,-0.5884587110170767,-0.3707790080622211,0.3958414126247751,-0.02947268506204026,23604193.987215284,0.6713892168437623,76,82.61870533449536
B_drawdown_rebound,B: Rebound from recent low,rebound_5_0.04_0.05,"{""ndx_low_lookback"": 5, ""rebound_threshold"": 0.04, ""spy_trend_floor"": 0.05}",0,0.40227750051359434,0.3845153000248096,0.45199748506373433,-0.5792799589131755,-0.2310135761888068,0.4286744696665792,-0.009391422010590178,28023495.22242142,0.6776859504132231,140,146.50922008964187
B_drawdown_rebound,B: Rebound from recent low,rebound_5_0.04_0.05,"{""ndx_low_lookback"": 5, ""rebound_threshold"": 0.04, ""spy_trend_floor"": 0.05}",1,0.40525666566729823,0.40907155690255714,0.4556683504656977,-0.5808036696279634,-0.3707790080622211,0.5877116233244541,0.10393450483983813,29884069.82346872,0.6775547684638594,140,146.4844035166249
B_drawdown_rebound,B: Rebound from recent low,rebound_5_0.04_0.08,"{""ndx_low_lookback"": 5, ""rebound_threshold"": 0.04, ""spy_trend_floor"": 0.08}",0,0.3865953609912194,0.3589742714966684,0.4538278582386265,-0.6400639451462187,-0.2310135761888068,0.4286744696665792,-0.009391422010590178,19933419.19012325,0.6792601338055884,150,156.4497389179451
B_drawdown_rebound,B: Rebound from recent low,rebound_5_0.04_0.08,"{""ndx_low_lookback"": 5, ""rebound_threshold"": 0.04, ""spy_trend_floor"": 0.08}",1,0.395551711163451,0.3929965116958205,0.45660358654298505,-0.6448225191966888,-0.3707790080622211,0.5877116233244541,0.10393450483983813,24225732.700010374,0.6791289518562246,150,156.4442859789898
B_drawdown_rebound,B: Rebound from recent low,rebound_5_0.06_0.05,"{""ndx_low_lookback"": 5, ""rebound_threshold"": 0.06, ""spy_trend_floor"": 0.05}",0,0.39553082184540944,0.365635443947691,0.4488978899289626,-0.5970097223062302,-0.2310135761888068,0.33408353067595264,-0.07497850818989038,24214751.453100804,0.6677161222615768,82,88.70209364647187
B_drawdown_rebound,B: Rebound from recent low,rebound_5_0.06_0.05,"{""ndx_low_lookback"": 5, ""rebound_threshold"": 0.06, ""spy_trend_floor"": 0.05}",1,0.4129371054128359,0.3990624207175655,0.45022120527907006,-0.6149627710584818,-0.3707790080622211,0.3356841873010221,-0.07129995128262956,35248468.23540662,0.667584940312213,82,88.69485995094415
B_drawdown_rebound,B: Rebound from recent low,rebound_5_0.06_0.08,"{""ndx_low_lookback"": 5, ""rebound_threshold"": 0.06, ""spy_trend_floor"": 0.08}",0,0.3887790158887261,0.3547136998476996,0.4496199525363204,-0.5970097223062304,-0.2310135761888068,0.33408353067595264,-0.07497850818989038,20906518.09406391,0.6682408500590319,88,94.68117612753784
B_drawdown_rebound,B: Rebound from recent low,rebound_5_0.06_0.08,"{""ndx_low_lookback"": 5, ""rebound_threshold"": 0.06, ""spy_trend_floor"": 0.08}",1,0.4080563444698915,0.39107004359879016,0.45043899904461826,-0.6149627710584816,-0.3707790080622211,0.3356841873010221,-0.07129995128262956,31741054.01130126,0.6681096681096681,88,94.6855162896521
B_drawdown_rebound,B: Rebound from recent low,rebound_5_0.08_0.05,"{""ndx_low_lookback"": 5, ""rebound_threshold"": 0.08, ""spy_trend_floor"": 0.05}",0,0.40952942708198026,0.3922114116360236,0.4462753691441151,-0.5316048869501024,-0.2310135761888068,0.33408353067595264,-0.07497850818989038,32762436.764038432,0.6652236652236653,58,64.75934222874426
B_drawdown_rebound,B: Rebound from recent low,rebound_5_0.08_0.05,"{""ndx_low_lookback"": 5, ""rebound_threshold"": 0.08, ""spy_trend_floor"": 0.05}",1,0.4141039451139217,0.41096772049331576,0.44806140121723015,-0.5986999094008923,-0.3707790080622211,0.3356841873010221,-0.07129995128262956,36140913.7479478,0.6650924832743015,58,64.7425181257612
B_drawdown_rebound,B: Rebound from recent low,rebound_5_0.08_0.08,"{""ndx_low_lookback"": 5, ""rebound_threshold"": 0.08, ""spy_trend_floor"": 0.08}",0,0.40952942708198026,0.3922114116360236,0.4462753691441151,-0.5316048869501024,-0.2310135761888068,0.33408353067595264,-0.07497850818989038,32762436.764038432,0.6652236652236653,58,64.75934222874426
B_drawdown_rebound,B: Rebound from recent low,rebound_5_0.08_0.08,"{""ndx_low_lookback"": 5, ""rebound_threshold"": 0.08, ""spy_trend_floor"": 0.08}",1,0.4141039451139217,0.41096772049331576,0.44806140121723015,-0.5986999094008923,-0.3707790080622211,0.3356841873010221,-0.07129995128262956,36140913.7479478,0.6650924832743015,58,64.7425181257612
B_drawdown_rebound,B: Rebound from recent low,rebound_5_0.10_0.05,"{""ndx_low_lookback"": 5, ""rebound_threshold"": 0.1, ""spy_trend_floor"": 0.05}",0,0.41556365883958923,0.4020930336319135,0.44571855691778306,-0.5316048869501024,-0.2310135761888068,0.33408353067595264,-0.07497850818989038,37288159.93002721,0.6650924832743015,56,62.76080831459778
B_drawdown_rebound,B: Rebound from recent low,rebound_5_0.10_0.05,"{""ndx_low_lookback"": 5, ""rebound_threshold"": 0.1, ""spy_trend_floor"": 0.05}",1,0.4127043078648789,0.4086563118964357,0.4480229656623937,-0.5986999094008923,-0.3707790080622211,0.3356841873010221,-0.07129995128262956,35072983.28142417,0.6649613013249377,56,62.74608793307884
B_drawdown_rebound,B: Rebound from recent low,rebound_5_0.10_0.08,"{""ndx_low_lookback"": 5, ""rebound_threshold"": 0.1, ""spy_trend_floor"": 0.08}",0,0.41556365883958923,0.4020930336319135,0.44571855691778306,-0.5316048869501024,-0.2310135761888068,0.33408353067595264,-0.07497850818989038,37288159.93002721,0.6650924832743015,56,62.76080831459778
B_drawdown_rebound,B: Rebound from recent low,rebound_5_0.10_0.08,"{""ndx_low_lookback"": 5, ""rebound_threshold"": 0.1, ""spy_trend_floor"": 0.08}",1,0.4127043078648789,0.4086563118964357,0.4480229656623937,-0.5986999094008923,-0.3707790080622211,0.3356841873010221,-0.07129995128262956,35072983.28142417,0.6649613013249377,56,62.74608793307884
B_drawdown_rebound,B: Rebound from recent low,rebound_10_0.04_0.05,"{""ndx_low_lookback"": 10, ""rebound_threshold"": 0.04, ""spy_trend_floor"": 0.05}",0,0.37628585756775057,0.3678367707334509,0.4623125751632402,-0.6297448416214464,-0.2310135761888068,0.6313832931502643,0.13116200960770108,15900498.645345094,0.6984126984126984,176,182.10656265197994
B_drawdown_rebound,B: Rebound from recent low,rebound_10_0.04_0.05,"{""ndx_low_lookback"": 10, ""rebound_threshold"": 0.04, ""spy_trend_floor"": 0.05}",1,0.3916987519196067,0.3996458025413443,0.4650917145666281,-0.6008668930770615,-0.39016590941324203,0.6997352252718045,0.1818244174218111,22279656.27876427,0.6982815164633347,176,182.09779560298563
B_drawdown_rebound,B: Rebound from recent low,rebound_10_0.04_0.08,"{""ndx_low_lookback"": 10, ""rebound_threshold"": 0.04, ""spy_trend_floor"": 0.08}",0,0.378138375810533,0.36958647495359265,0.4656488536493976,-0.6548886471709914,-0.2310135761888068,0.6313832931502643,0.13116200960770108,16561711.592067339,0.7016922471467926,184,190.01165373896697
B_drawdown_rebound,B: Rebound from recent low,rebound_10_0.04_0.08,"{""ndx_low_lookback"": 10, ""rebound_threshold"": 0.04, ""spy_trend_floor"": 0.08}",1,0.3878033400617633,0.39893965590031,0.4674003385125481,-0.6735797063089948,-0.39016590941324203,0.6997352252718045,0.1818244174218111,20466182.21155229,0.7015610651974288,184,190.00751447605137
B_drawdown_rebound,B: Rebound from recent low,rebound_10_0.06_0.05,"{""ndx_low_lookback"": 10, ""rebound_threshold"": 0.06, ""spy_trend_floor"": 0.05}",0,0.38455322109238943,0.35538473766355616,0.453540582179165,-0.6456253262887084,-0.2310135761888068,0.46504862416257975,0.015829543454872974,19063114.646314193,0.6788665879574971,128,134.47305379051699
B_drawdown_rebound,B: Rebound from recent low,rebound_10_0.06_0.05,"{""ndx_low_lookback"": 10, ""rebound_threshold"": 0.06, ""spy_trend_floor"": 0.05}",1,0.3885523030436602,0.3861760388273201,0.45559885598327,-0.6000653900228037,-0.3707790080622211,0.510654033459178,0.0503564299159065,20803389.668744747,0.6787354060081333,128,134.46557540653885
B_drawdown_rebound,B: Rebound from recent low,rebound_10_0.06_0.08,"{""ndx_low_lookback"": 10, ""rebound_threshold"": 0.06, ""spy_trend_floor"": 0.08}",0,0.3784339608463605,0.34548124706566985,0.4545445626009081,-0.6233479218885606,-0.2310135761888068,0.46504862416257975,0.015829543454872974,16669643.830958487,0.6797848616030434,132,138.4440277269518
B_drawdown_rebound,B: Rebound from recent low,rebound_10_0.06_0.08,"{""ndx_low_lookback"": 10, ""rebound_threshold"": 0.06, ""spy_trend_floor"": 0.08}",1,0.38143576473936935,0.3744335363531688,0.45601489555267694,-0.600065390022804,-0.3707790080622211,0.510654033459178,0.0503564299159065,17804989.44016221,0.6796536796536796,132,138.44432481849773
B_drawdown_rebound,B: Rebound from recent low,rebound_10_0.08_0.05,"{""ndx_low_lookback"": 10, ""rebound_threshold"": 0.08, ""spy_trend_floor"": 0.05}",0,0.39988525755471227,0.3783449289514169,0.4482961409771043,-0.5316048869501019,-0.2310135761888068,0.46504862416257975,0.015829543454872974,26611041.839828018,0.6685032139577594,76,82.68630304245279
B_drawdown_rebound,B: Rebound from recent low,rebound_10_0.08_0.05,"{""ndx_low_lookback"": 10, ""rebound_threshold"": 0.08, ""spy_trend_floor"": 0.05}",1,0.41590325795065475,0.4186628404024211,0.44993737951939383,-0.5986999094008925,-0.3707790080622211,0.510654033459178,0.0503564299159065,37560070.623933464,0.6683720320083957,76,82.66970515448992
B_drawdown_rebound,B: Rebound from recent low,rebound_10_0.08_0.08,"{""ndx_low_lookback"": 10, ""rebound_threshold"": 0.08, ""spy_trend_floor"": 0.08}",0,0.4008185560616133,0.37986669323035493,0.44832225120133984,-0.5316048869501028,-0.2310135761888068,0.46504862416257975,0.015829543454872974,27153701.87876056,0.6690279417552145,78,84.67444976620367
B_drawdown_rebound,B: Rebound from recent low,rebound_10_0.08_0.08,"{""ndx_low_lookback"": 10, ""rebound_threshold"": 0.08, ""spy_trend_floor"": 0.08}",1,0.41362181840972245,0.41488023086846426,0.4501384268179909,-0.5986999094008929,-0.3707790080622211,0.510654033459178,0.0503564299159065,35769546.40109068,0.6688967598058507,78,84.6598917541805
B_drawdown_rebound,B: Rebound from recent low,rebound_10_0.10_0.05,"{""ndx_low_lookback"": 10, ""rebound_threshold"": 0.1, ""spy_trend_floor"": 0.05}",0,0.41537693422277,0.40781947652745565,0.446680742638112,-0.5316048869501024,-0.2310135761888068,0.39813986200852547,-0.030563385893075057,37139465.051594086,0.6660107569198478,58,64.7339920329701
B_drawdown_rebound,B: Rebound from recent low,rebound_10_0.10_0.05,"{""ndx_low_lookback"": 10, ""rebound_threshold"": 0.1, ""spy_trend_floor"": 0.05}",1,0.4146759314562416,0.41515941679375357,0.44905836092841,-0.5986999094008927,-0.3707790080622211,0.3958414126247751,-0.02947268506204026,36586333.8759817,0.6658795749704841,58,64.7226310425308
B_drawdown_rebound,B: Rebound from recent low,rebound_10_0.10_0.08,"{""ndx_low_lookback"": 10, ""rebound_threshold"": 0.1, ""spy_trend_floor"": 0.08}",0,0.4161648333946608,0.40911722695874686,0.44668841954845573,-0.5316048869501031,-0.2310135761888068,0.39813986200852547,-0.030563385893075057,37770815.40561278,0.6661419388692116,58,64.73129608250329
B_drawdown_rebound,B: Rebound from recent low,rebound_10_0.10_0.08,"{""ndx_low_lookback"": 10, ""rebound_threshold"": 0.1, ""spy_trend_floor"": 0.08}",1,0.4157710470551361,0.4169736160898394,0.449082462106753,-0.5986999094008927,-0.3707790080622211,0.3958414126247751,-0.02947268506204026,37453984.66472274,0.6660107569198478,58,64.71948600766905
B_drawdown_rebound,B: Rebound from recent low,rebound_15_0.04_0.05,"{""ndx_low_lookback"": 15, ""rebound_threshold"": 0.04, ""spy_trend_floor"": 0.05}",0,0.3757474011863857,0.3792529137455287,0.4685611013242999,-0.6549082165710258,-0.2786164636334486,0.6313832931502643,0.13116200960770108,15713146.808524868,0.7103502558048013,164,169.86773617605144
B_drawdown_rebound,B: Rebound from recent low,rebound_15_0.04_0.05,"{""ndx_low_lookback"": 15, ""rebound_threshold"": 0.04, ""spy_trend_floor"": 0.05}",1,0.3810951517792156,0.38091935835387924,0.47049029579271767,-0.716045676338547,-0.39016590941324203,0.6997352252718045,0.1818244174218111,17672495.3726006,0.7102190738554375,164,169.85840133094837
B_drawdown_rebound,B: Rebound from recent low,rebound_15_0.04_0.08,"{""ndx_low_lookback"": 15, ""rebound_threshold"": 0.04, ""spy_trend_floor"": 0.08}",0,0.3796438187083979,0.38599577425371145,0.4719050537855857,-0.6783431924327599,-0.28117688994388834,0.6313832931502643,0.13116200960770108,17118553.480900478,0.7141545323363505,170,175.76866116316324
B_drawdown_rebound,B: Rebound from recent low,rebound_15_0.04_0.08,"{""ndx_low_lookback"": 15, ""rebound_threshold"": 0.04, ""spy_trend_floor"": 0.08}",1,0.3756705373523319,0.37717459449671775,0.47285947485367674,-0.7677755813368349,-0.3997264801853322,0.6997352252718045,0.1818244174218111,15686577.34324284,0.7140233503869867,170,175.75886119038887
B_drawdown_rebound,B: Rebound from recent low,rebound_15_0.06_0.05,"{""ndx_low_lookback"": 15, ""rebound_threshold"": 0.06, ""spy_trend_floor"": 0.05}",0,0.3887488326945603,0.3868407356692187,0.4574662650657693,-0.5696559224804726,-0.2599431145192621,0.46504862416257975,0.015829543454872974,20892759.71902323,0.6892299619572347,150,156.26535276694955
B_drawdown_rebound,B: Rebound from recent low,rebound_15_0.06_0.05,"{""ndx_low_lookback"": 15, ""rebound_threshold"": 0.06, ""spy_trend_floor"": 0.05}",1,0.3904375076212798,0.4023496577774972,0.46006287275595137,-0.5275174970981689,-0.3707790080622211,0.510654033459178,0.0503564299159065,21676123.10601133,0.689098780007871,150,156.25291329176156
B_drawdown_rebound,B: Rebound from recent low,rebound_15_0.06_0.08,"{""ndx_low_lookback"": 15, ""rebound_threshold"": 0.06, ""spy_trend_floor"": 0.08}",0,0.3906665653827335,0.39001288716430094,0.45902929285076743,-0.5461623604233342,-0.2599431145192621,0.46504862416257975,0.015829543454872974,21784544.470767766,0.6908041453495999,154,160.2260918761214
B_drawdown_rebound,B: Rebound from recent low,rebound_15_0.06_0.08,"{""ndx_low_lookback"": 15, ""rebound_threshold"": 0.06, ""spy_trend_floor"": 0.08}",1,0.38560292597027557,0.39428595202439265,0.4605421269661229,-0.5572117344430843,-0.3707790080622211,0.510654033459178,0.0503564299159065,19505777.09418621,0.6906729634002361,154,160.21649485465247
B_drawdown_rebound,B: Rebound from recent low,rebound_15_0.08_0.05,"{""ndx_low_lookback"": 15, ""rebound_threshold"": 0.08, ""spy_trend_floor"": 0.05}",0,0.3982558055980161,0.3962770339736661,0.45011974360520846,-0.5091851797164582,-0.24620662544111316,0.46504862416257975,0.015829543454872974,25688645.30033892,0.6744064016791289,94,100.56843364149235
B_drawdown_rebound,B: Rebound from recent low,rebound_15_0.08_0.05,"{""ndx_low_lookback"": 15, ""rebound_threshold"": 0.08, ""spy_trend_floor"": 0.05}",1,0.39567045384533617,0.400084970873855,0.45174642566559653,-0.6146409571468345,-0.3707790080622211,0.510654033459178,0.0503564299159065,24288245.752356794,0.6742752197297652,94,100.54694550209459
B_drawdown_rebound,B: Rebound from recent low,rebound_15_0.08_0.08,"{""ndx_low_lookback"": 15, ""rebound_threshold"": 0.08, ""spy_trend_floor"": 0.08}",0,0.3961387862897767,0.3927787055630152,0.4503096917605855,-0.509185179716459,-0.24620662544111316,0.46504862416257975,0.015829543454872974,24536327.511768505,0.6750623114259477,96,102.55563189761732
B_drawdown_rebound,B: Rebound from recent low,rebound_15_0.08_0.08,"{""ndx_low_lookback"": 15, ""rebound_threshold"": 0.08, ""spy_trend_floor"": 0.08}",1,0.3929459731095921,0.3955628348778597,0.45195701697966495,-0.6146409571468348,-0.3707790080622211,0.510654033459178,0.0503564299159065,22892442.437758446,0.6749311294765841,96,102.5338295637959
B_drawdown_rebound,B: Rebound from recent low,rebound_15_0.10_0.05,"{""ndx_low_lookback"": 15, ""rebound_threshold"": 0.1, ""spy_trend_floor"": 0.05}",0,0.41403778602150876,0.41060784110476445,0.4475466126553864,-0.5316048869501027,-0.2310135761888068,0.39813986200852547,-0.030563385893075057,36089733.61509252,0.6690279417552145,74,80.67462294654503
B_drawdown_rebound,B: Rebound from recent low,rebound_15_0.10_0.05,"{""ndx_low_lookback"": 15, ""rebound_threshold"": 0.1, ""spy_trend_floor"": 0.05}",1,0.4001576458445111,0.40331020859550715,0.4505881468758926,-0.5986999094008926,-0.37815794569030303,0.3958414126247751,-0.02947268506204026,26768326.921056896,0.6688967598058507,74,80.65485954887976
B_drawdown_rebound,B: Rebound from recent low,rebound_15_0.10_0.08,"{""ndx_low_lookback"": 15, ""rebound_threshold"": 0.1, ""spy_trend_floor"": 0.08}",0,0.4148249397285466,0.41190816189496404,0.44755427752247645,-0.531604886950103,-0.2310135761888068,0.39813986200852547,-0.030563385893075057,36703239.11558063,0.6691591237045782,74,80.67192699607821
B_drawdown_rebound,B: Rebound from recent low,rebound_15_0.10_0.08,"{""ndx_low_lookback"": 15, ""rebound_threshold"": 0.1, ""spy_trend_floor"": 0.08}",1,0.4012415226849808,0.40510921750037854,0.4506122330966785,-0.5986999094008925,-0.37815794569030303,0.3958414126247751,-0.02947268506204026,27403142.09671943,0.6690279417552145,74,80.65171451401801
B_drawdown_rebound,B: Rebound from recent low,rebound_20_0.04_0.05,"{""ndx_low_lookback"": 20, ""rebound_threshold"": 0.04, ""spy_trend_floor"": 0.05}",0,0.39270125364176933,0.38656000733464935,0.47047140856053216,-0.6841545685085468,-0.2786164636334486,0.6313832931502643,0.13116200960770108,22770935.515646122,0.7158598976780794,164,169.77483613966928
B_drawdown_rebound,B: Rebound from recent low,rebound_20_0.04_0.05,"{""ndx_low_lookback"": 20, ""rebound_threshold"": 0.04, ""spy_trend_floor"": 0.05}",1,0.4079596108902459,0.41228656275772924,0.47172156329616644,-0.7160001405649592,-0.39016590941324203,0.6997352252718045,0.1818244174218111,31675070.822931603,0.7157287157287158,164,169.76027811465283
B_drawdown_rebound,B: Rebound from recent low,rebound_20_0.04_0.08,"{""ndx_low_lookback"": 20, ""rebound_threshold"": 0.04, ""spy_trend_floor"": 0.08}",0,0.3998350194220417,0.3986104205726939,0.47406244232598443,-0.7056034421661388,-0.28117688994388834,0.6313832931502643,0.13116200960770108,26582130.62762557,0.7201889020070839,168,173.66719252308326
B_drawdown_rebound,B: Rebound from recent low,rebound_20_0.04_0.08,"{""ndx_low_lookback"": 20, ""rebound_threshold"": 0.04, ""spy_trend_floor"": 0.08}",1,0.40531500396323805,0.41325790098597404,0.4743494773046323,-0.767738341127165,-0.3997264801853322,0.6997352252718045,0.1818244174218111,29921670.312453642,0.7200577200577201,168,173.6481201549224
B_drawdown_rebound,B: Rebound from recent low,rebound_20_0.06_0.05,"{""ndx_low_lookback"": 20, ""rebound_threshold"": 0.06, ""spy_trend_floor"": 0.05}",0,0.38740881339275757,0.3641738706836506,0.4610145554445978,-0.628332054642716,-0.24419791230668497,0.46504862416257975,0.015829543454872974,20290685.130587343,0.6972320608684245,162,168.12289493088497
B_drawdown_rebound,B: Rebound from recent low,rebound_20_0.06_0.05,"{""ndx_low_lookback"": 20, ""rebound_threshold"": 0.06, ""spy_trend_floor"": 0.05}",1,0.39130691769495574,0.4074814209861668,0.4627493007960969,-0.5895216884106109,-0.3707790080622211,0.510654033459178,0.0503564299159065,22090436.041122686,0.6971008789190607,162,168.10840099237203
B_drawdown_rebound,B: Rebound from recent low,rebound_20_0.06_0.08,"{""ndx_low_lookback"": 20, ""rebound_threshold"": 0.06, ""spy_trend_floor"": 0.08}",0,0.3895468702547358,0.36765620350026973,0.46257169763298567,-0.6049675262621068,-0.24419791230668497,0.46504862416257975,0.015829543454872974,21259489.584168237,0.6993309720582448,164,170.07897056382464
B_drawdown_rebound,B: Rebound from recent low,rebound_20_0.06_0.08,"{""ndx_low_lookback"": 20, ""rebound_threshold"": 0.06, ""spy_trend_floor"": 0.08}",1,0.38718535313100744,0.40058496178696923,0.46356708240836303,-0.6153191313517046,-0.3707790080622211,0.510654033459178,0.0503564299159065,20191929.89306472,0.699199790108881,164,170.05740843420153
B_drawdown_rebound,B: Rebound from recent low,rebound_20_0.08_0.05,"{""ndx_low_lookback"": 20, ""rebound_threshold"": 0.08, ""spy_trend_floor"": 0.05}",0,0.401907037749204,0.398153161330552,0.4527594552706973,-0.5083028398318267,-0.24461918574935304,0.46504862416257975,0.015829543454872974,27800114.762515094,0.680571953299226,104,110.44369439267115
B_drawdown_rebound,B: Rebound from recent low,rebound_20_0.08_0.05,"{""ndx_low_lookback"": 20, ""rebound_threshold"": 0.08, ""spy_trend_floor"": 0.05}",1,0.4058910460883036,0.41216463287522953,0.45460194930858544,-0.5227222553884431,-0.3707790080622211,0.510654033459178,0.0503564299159065,30295408.334370144,0.6804407713498623,104,110.42417533741497
B_drawdown_rebound,B: Rebound from recent low,rebound_20_0.08_0.08,"{""ndx_low_lookback"": 20, ""rebound_threshold"": 0.08, ""spy_trend_floor"": 0.08}",0,0.3997844903187626,0.394650132341523,0.452948344188691,-0.5233520684922703,-0.24461918574935304,0.46504862416257975,0.015829543454872974,26553082.605287127,0.6812278630460449,106,112.43089264879615
B_drawdown_rebound,B: Rebound from recent low,rebound_20_0.08_0.08,"{""ndx_low_lookback"": 20, ""rebound_threshold"": 0.08, ""spy_trend_floor"": 0.08}",1,0.4031466137897839,0.4076034807655753,0.45481135801447325,-0.5227222553884435,-0.3707790080622211,0.510654033459178,0.0503564299159065,28554383.815704808,0.6810966810966811,106,112.41105939911628
B_drawdown_rebound,B: Rebound from recent low,rebound_20_0.10_0.05,"{""ndx_low_lookback"": 20, ""rebound_threshold"": 0.1, ""spy_trend_floor"": 0.05}",0,0.41844661472358746,0.4178970174655958,0.44912867163177783,-0.4750278497769951,-0.2310135761888068,0.39813986200852547,-0.030563385893075057,39658331.26129101,0.6719139446412173,74,80.61044977012475
B_drawdown_rebound,B: Rebound from recent low,rebound_20_0.10_0.05,"{""ndx_low_lookback"": 20, ""rebound_threshold"": 0.1, ""spy_trend_floor"": 0.05}",1,0.3962871469541598,0.3968934415497165,0.4517167547002478,-0.5886064835840417,-0.37815794569030303,0.3958414126247751,-0.02947268506204026,24615425.848763272,0.6717827626918536,74,80.59402424816588
B_drawdown_rebound,B: Rebound from recent low,rebound_20_0.10_0.08,"{""ndx_low_lookback"": 20, ""rebound_threshold"": 0.1, ""spy_trend_floor"": 0.08}",0,0.4192362226973292,0.4192040575347391,0.44913629052134524,-0.4750278497769955,-0.2310135761888068,0.39813986200852547,-0.030563385893075057,40332500.947010115,0.6720451265905811,74,80.60775381965792
B_drawdown_rebound,B: Rebound from recent low,rebound_20_0.10_0.08,"{""ndx_low_lookback"": 20, ""rebound_threshold"": 0.1, ""spy_trend_floor"": 0.08}",1,0.3973680276005074,0.3986842243182813,0.4517407963653169,-0.5886064835840419,-0.37815794569030303,0.3958414126247751,-0.02947268506204026,25199184.629439887,0.6719139446412173,74,80.59087921330413
C_ndx_short_trend,C: Nasdaq short trend,short_3_confirm_1_floor_0.05,"{""confirmation_days"": 1, ""ndx_sma"": 3, ""spy_floor_vs_sma150"": -0.05}",0,0.34625007662313756,0.28492783036268077,0.47282485609505176,-0.7084532404864389,-0.2310135761888068,0.5464522424242442,0.07227285803877526,8149850.488454853,0.7162534435261708,316,321.75868571407153
C_ndx_short_trend,C: Nasdaq short trend,short_3_confirm_1_floor_0.05,"{""confirmation_days"": 1, ""ndx_sma"": 3, ""spy_floor_vs_sma150"": -0.05}",1,0.3512434020012245,0.32402710686955416,0.476619816805569,-0.7084477998932066,-0.3707790080622211,0.590511603667343,0.10588132872648104,9116967.706916058,0.716122261576807,316,321.71624773452555
C_ndx_short_trend,C: Nasdaq short trend,short_3_confirm_2_floor_0.05,"{""confirmation_days"": 2, ""ndx_sma"": 3, ""spy_floor_vs_sma150"": -0.05}",0,0.37481851805517596,0.352451360650319,0.4620994430795023,-0.6345854528361531,-0.2310135761888068,0.6313832931502643,0.13116200960770108,15394954.992310097,0.6977567886658795,220,226.13669894025935
C_ndx_short_trend,C: Nasdaq short trend,short_3_confirm_2_floor_0.05,"{""confirmation_days"": 2, ""ndx_sma"": 3, ""spy_floor_vs_sma150"": -0.05}",1,0.35675205476566996,0.33573189478133125,0.4628784006357445,-0.6126899717055749,-0.3707790080622211,0.6997352252718045,0.1818244174218111,10312617.790075647,0.6976256067165159,220,226.1171264106076
C_ndx_short_trend,C: Nasdaq short trend,short_3_confirm_3_floor_0.05,"{""confirmation_days"": 3, ""ndx_sma"": 3, ""spy_floor_vs_sma150"": -0.05}",0,0.38532886169551817,0.37697537201931763,0.45359082313198296,-0.5713608201005824,-0.2310135761888068,0.6245318057162845,0.12641135270986203,19389254.26352049,0.6858192312737768,158,164.38233834688748
C_ndx_short_trend,C: Nasdaq short trend,short_3_confirm_3_floor_0.05,"{""confirmation_days"": 3, ""ndx_sma"": 3, ""spy_floor_vs_sma150"": -0.05}",1,0.38807677249256334,0.3930235996417366,0.4570044570135023,-0.5263741536598201,-0.3707790080622211,0.6695865527063742,0.16086207172177214,20588673.206782263,0.685688049324413,158,164.3465464969713
C_ndx_short_trend,C: Nasdaq short trend,short_3_confirm_4_floor_0.05,"{""confirmation_days"": 4, ""ndx_sma"": 3, ""spy_floor_vs_sma150"": -0.05}",0,0.38658361779314854,0.37775066593049544,0.4512714147791348,-0.5918871951628607,-0.2310135761888068,0.5957170369484981,0.10643188382440472,19928306.420959644,0.6782106782106783,120,126.51328834557303
C_ndx_short_trend,C: Nasdaq short trend,short_3_confirm_4_floor_0.05,"{""confirmation_days"": 4, ""ndx_sma"": 3, ""spy_floor_vs_sma150"": -0.05}",1,0.4118217446932946,0.421557877923054,0.4527782935050181,-0.586912723433236,-0.3707790080622211,0.6750657790150252,0.16467177298810265,34415339.52955852,0.6780794962613145,120,126.4910186475006
C_ndx_short_trend,C: Nasdaq short trend,short_3_confirm_5_floor_0.05,"{""confirmation_days"": 5, ""ndx_sma"": 3, ""spy_floor_vs_sma150"": -0.05}",0,0.4080393354814611,0.399551778332764,0.44850472641100675,-0.5319084280069307,-0.2310135761888068,0.6009538392908733,0.11006295684470091,31729442.34424316,0.673225764134855,94,100.60695043254316
C_ndx_short_trend,C: Nasdaq short trend,short_3_confirm_5_floor_0.05,"{""confirmation_days"": 5, ""ndx_sma"": 3, ""spy_floor_vs_sma150"": -0.05}",1,0.40179117286988286,0.4090174015786894,0.45135591002281905,-0.6001888905527861,-0.3707790080622211,0.5328691900415947,0.06580260888283984,27730605.09173389,0.6730945821854912,94,100.60481902879026
C_ndx_short_trend,C: Nasdaq short trend,short_3_confirm_1_floor_0.08,"{""confirmation_days"": 1, ""ndx_sma"": 3, ""spy_floor_vs_sma150"": -0.08}",0,0.3450787285953578,0.27312032242909634,0.47881440433772837,-0.8057613487534613,-0.2310135761888068,0.5464522424242442,0.07227285803877526,7937781.198902293,0.7228125409943592,360,365.5795790793181
C_ndx_short_trend,C: Nasdaq short trend,short_3_confirm_1_floor_0.08,"{""confirmation_days"": 1, ""ndx_sma"": 3, ""spy_floor_vs_sma150"": -0.08}",1,0.3260940875061893,0.2867820297619783,0.48326016391594406,-0.7686450175435777,-0.3707790080622211,0.590511603667343,0.10588132872648104,5160730.372211197,0.7226813590449954,360,365.57530647828133
C_ndx_short_trend,C: Nasdaq short trend,short_3_confirm_2_floor_0.08,"{""confirmation_days"": 2, ""ndx_sma"": 3, ""spy_floor_vs_sma150"": -0.08}",0,0.36184387988380307,0.33402407350130336,0.4637853671003365,-0.6481698421625781,-0.2310135761888068,0.6313832931502643,0.13116200960770108,11551673.310125055,0.7014298832480651,246,252.0528240411085
C_ndx_short_trend,C: Nasdaq short trend,short_3_confirm_2_floor_0.08,"{""confirmation_days"": 2, ""ndx_sma"": 3, ""spy_floor_vs_sma150"": -0.08}",1,0.3527388908261426,0.32108381752955695,0.46577930408800156,-0.6805423234404284,-0.3707790080622211,0.6997352252718045,0.1818244174218111,9427600.339415368,0.7012987012987013,246,252.0393673111381
C_ndx_short_trend,C: Nasdaq short trend,short_3_confirm_3_floor_0.08,"{""confirmation_days"": 3, ""ndx_sma"": 3, ""spy_floor_vs_sma150"": -0.08}",0,0.38559837038238887,0.3677420787835175,0.4548809822295852,-0.5987131798588803,-0.2310135761888068,0.6245318057162845,0.12641135270986203,19503834.69007065,0.6877869605142333,174,180.3356879685427
C_ndx_short_trend,C: Nasdaq short trend,short_3_confirm_3_floor_0.08,"{""confirmation_days"": 3, ""ndx_sma"": 3, ""spy_floor_vs_sma150"": -0.08}",1,0.3780413408539527,0.374696446304138,0.4581536213687894,-0.5598147435306164,-0.3707790080622211,0.6695865527063742,0.16086207172177214,16526427.051937634,0.6876557785648695,174,180.30770403866308
C_ndx_short_trend,C: Nasdaq short trend,short_3_confirm_4_floor_0.08,"{""confirmation_days"": 4, ""ndx_sma"": 3, ""spy_floor_vs_sma150"": -0.08}",0,0.3885471254682218,0.38098232202207716,0.4515218195086404,-0.5918871951628606,-0.2310135761888068,0.5957170369484981,0.10643188382440472,20801040.218854815,0.6791289518562246,124,130.49583245037303
C_ndx_short_trend,C: Nasdaq short trend,short_3_confirm_4_floor_0.08,"{""confirmation_days"": 4, ""ndx_sma"": 3, ""spy_floor_vs_sma150"": -0.08}",1,0.41470346450220075,0.4263650902637792,0.4529644683278662,-0.556112763978205,-0.3707790080622211,0.6750657790150252,0.16467177298810265,36607907.92109569,0.6789977699068608,124,130.4801913554247
C_ndx_short_trend,C: Nasdaq short trend,short_3_confirm_5_floor_0.08,"{""confirmation_days"": 5, ""ndx_sma"": 3, ""spy_floor_vs_sma150"": -0.08}",0,0.4074857784816168,0.39864092805949713,0.4486110119256818,-0.515613801804461,-0.2310135761888068,0.6009538392908733,0.11006295684470091,31353775.164276827,0.6738816738816739,96,102.59805421317179
C_ndx_short_trend,C: Nasdaq short trend,short_3_confirm_5_floor_0.08,"{""confirmation_days"": 5, ""ndx_sma"": 3, ""spy_floor_vs_sma150"": -0.08}",1,0.4040720911506859,0.41281527736027623,0.45142298894475946,-0.5891477182119333,-0.3707790080622211,0.5328691900415947,0.06580260888283984,29130391.051281646,0.6737504919323101,96,102.59239121851186
C_ndx_short_trend,C: Nasdaq short trend,short_3_confirm_1_floor_0.10,"{""confirmation_days"": 1, ""ndx_sma"": 3, ""spy_floor_vs_sma150"": -0.1}",0,0.3536833177048919,0.286632565936215,0.4817515402843805,-0.7744038907977662,-0.2310135761888068,0.5464522424242442,0.07227285803877526,9629016.373276481,0.7254361799816346,368,373.4976953078507
C_ndx_short_trend,C: Nasdaq short trend,short_3_confirm_1_floor_0.10,"{""confirmation_days"": 1, ""ndx_sma"": 3, ""spy_floor_vs_sma150"": -0.1}",1,0.3217768642921146,0.279853554502389,0.4860132529981784,-0.7938423828728931,-0.3707790080622211,0.590511603667343,0.10588132872648104,4675364.200678128,0.7253049980322708,368,373.5037463014652
C_ndx_short_trend,C: Nasdaq short trend,short_3_confirm_2_floor_0.10,"{""confirmation_days"": 2, ""ndx_sma"": 3, ""spy_floor_vs_sma150"": -0.1}",0,0.35218683581136645,0.3183985195262782,0.4655491808019181,-0.7362660428141907,-0.2310135761888068,0.6313832931502643,0.13116200960770108,9311757.869887875,0.7035287944378853,262,267.9910789954529
C_ndx_short_trend,C: Nasdaq short trend,short_3_confirm_2_floor_0.10,"{""confirmation_days"": 2, ""ndx_sma"": 3, ""spy_floor_vs_sma150"": -0.1}",1,0.33630600723277415,0.29461946755456325,0.47023904107762365,-0.6955366361597031,-0.3707790080622211,0.6997352252718045,0.1818244174218111,6510629.880367123,0.7033976124885216,262,267.98653563353116
C_ndx_short_trend,C: Nasdaq short trend,short_3_confirm_3_floor_0.10,"{""confirmation_days"": 3, ""ndx_sma"": 3, ""spy_floor_vs_sma150"": -0.1}",0,0.3885181299124234,0.3725171538211012,0.45548734419180764,-0.6117053522254985,-0.2310135761888068,0.6245318057162845,0.12641135270986203,20787887.526329696,0.6888364161091434,180,186.3049109146354
C_ndx_short_trend,C: Nasdaq short trend,short_3_confirm_3_floor_0.10,"{""confirmation_days"": 3, ""ndx_sma"": 3, ""spy_floor_vs_sma150"": -0.1}",1,0.3671580401026271,0.35676791325628887,0.4593341528207266,-0.599640136618893,-0.3707790080622211,0.6695865527063742,0.16086207172177214,12997996.657495342,0.6887052341597796,180,186.2801565949058
C_ndx_short_trend,C: Nasdaq short trend,short_3_confirm_4_floor_0.10,"{""confirmation_days"": 4, ""ndx_sma"": 3, ""spy_floor_vs_sma150"": -0.1}",0,0.38920230690105195,0.3820613251071874,0.45182854547773926,-0.5918871951628604,-0.2310135761888068,0.5957170369484981,0.10643188382440472,21100391.833317745,0.6797848616030434,128,134.48049595908915
C_ndx_short_trend,C: Nasdaq short trend,short_3_confirm_4_floor_0.10,"{""confirmation_days"": 4, ""ndx_sma"": 3, ""spy_floor_vs_sma150"": -0.1}",1,0.412933037730415,0.4234109476219772,0.4534610465514883,-0.5732846804410564,-0.3707790080622211,0.6750657790150252,0.16467177298810265,35245394.703309506,0.6796536796536796,128,134.4629539816466
C_ndx_short_trend,C: Nasdaq short trend,short_3_confirm_5_floor_0.10,"{""confirmation_days"": 5, ""ndx_sma"": 3, ""spy_floor_vs_sma150"": -0.1}",0,0.4094993704182539,0.40195531890548475,0.44879227720953213,-0.5386279731695633,-0.2310135761888068,0.6009538392908733,0.11006295684470091,32741282.45668245,0.6742752197297652,98,104.58722667133497
C_ndx_short_trend,C: Nasdaq short trend,short_3_confirm_5_floor_0.10,"{""confirmation_days"": 5, ""ndx_sma"": 3, ""spy_floor_vs_sma150"": -0.1}",1,0.402789738186317,0.4106795788983777,0.45152004667966616,-0.5857525469034468,-0.3707790080622211,0.5328691900415947,0.06580260888283984,28335223.73998394,0.6741440377804014,98,104.58496294945
C_ndx_short_trend,C: Nasdaq short trend,short_5_confirm_1_floor_0.05,"{""confirmation_days"": 1, ""ndx_sma"": 5, ""spy_floor_vs_sma150"": -0.05}",0,0.34467966339294187,0.2855349683680335,0.47279694649583387,-0.7070797340720305,-0.2310135761888068,0.5833319711757701,0.09784437655531364,7866757.856261594,0.7167781713236259,274,279.76748143399044
C_ndx_short_trend,C: Nasdaq short trend,short_5_confirm_1_floor_0.05,"{""confirmation_days"": 1, ""ndx_sma"": 5, ""spy_floor_vs_sma150"": -0.05}",1,0.3651515678841952,0.34798234414584805,0.4758782936247551,-0.6848222813640703,-0.40804311019080564,0.5785670282599633,0.09757627587925288,12432438.714922938,0.7166469893742621,274,279.7167038976352
C_ndx_short_trend,C: Nasdaq short trend,short_5_confirm_2_floor_0.05,"{""confirmation_days"": 2, ""ndx_sma"": 5, ""spy_floor_vs_sma150"": -0.05}",0,0.38229636839627856,0.3616014065355342,0.46207300781325505,-0.6469638708845484,-0.2310135761888068,0.6313832931502643,0.13116200960770108,18144046.844653044,0.70090515545061,196,202.07451566902006
C_ndx_short_trend,C: Nasdaq short trend,short_5_confirm_2_floor_0.05,"{""confirmation_days"": 2, ""ndx_sma"": 5, ""spy_floor_vs_sma150"": -0.05}",1,0.35869049144455745,0.3659161770777368,0.4644442474044353,-0.6217059545992364,-0.3707790080622211,0.6997352252718045,0.1818244174218111,10768366.974817779,0.7007739735012463,196,202.05047390374978
C_ndx_short_trend,C: Nasdaq short trend,short_5_confirm_3_floor_0.05,"{""confirmation_days"": 3, ""ndx_sma"": 5, ""spy_floor_vs_sma150"": -0.05}",0,0.3643714766496384,0.3705102356855998,0.45628639315785996,-0.6063471988721512,-0.2310135761888068,0.6245318057162845,0.12641135270986203,12219044.59003383,0.6904105995015086,170,176.27407207120785
C_ndx_short_trend,C: Nasdaq short trend,short_5_confirm_3_floor_0.05,"{""confirmation_days"": 3, ""ndx_sma"": 5, ""spy_floor_vs_sma150"": -0.05}",1,0.3732095930539807,0.3826804786467348,0.4602104186819173,-0.5709057279636724,-0.3707790080622211,0.6695865527063742,0.16086207172177214,14858497.029050186,0.6902794175521448,170,176.25304209493083
C_ndx_short_trend,C: Nasdaq short trend,short_5_confirm_4_floor_0.05,"{""confirmation_days"": 4, ""ndx_sma"": 5, ""spy_floor_vs_sma150"": -0.05}",0,0.3653487659506147,0.36112162830694117,0.45350787488877287,-0.5950257126236755,-0.24996254046645494,0.5957170369484981,0.10643188382440472,12486950.288839092,0.6818837727928637,138,144.43832979330566
C_ndx_short_trend,C: Nasdaq short trend,short_5_confirm_4_floor_0.05,"{""confirmation_days"": 4, ""ndx_sma"": 5, ""spy_floor_vs_sma150"": -0.05}",1,0.39355357956953485,0.39575881271279,0.45471835270594063,-0.5746022332322807,-0.3707790080622211,0.6750657790150252,0.16467177298810265,23196845.276960343,0.6817525908434999,138,144.4244943231003
C_ndx_short_trend,C: Nasdaq short trend,short_5_confirm_5_floor_0.05,"{""confirmation_days"": 5, ""ndx_sma"": 5, ""spy_floor_vs_sma150"": -0.05}",0,0.39805163224427287,0.39312818554304196,0.44949829484164827,-0.5410920345681531,-0.2310135761888068,0.6009538392908733,0.11006295684470091,25575270.42588969,0.6755870392234029,104,110.56258277234815
C_ndx_short_trend,C: Nasdaq short trend,short_5_confirm_5_floor_0.05,"{""confirmation_days"": 5, ""ndx_sma"": 5, ""spy_floor_vs_sma150"": -0.05}",1,0.38367517408939134,0.38781626159210636,0.45262314724848596,-0.6019624973295545,-0.3707790080622211,0.5328691900415947,0.06580260888283984,18700316.093239587,0.6754558572740391,104,110.5609134214049
C_ndx_short_trend,C: Nasdaq short trend,short_5_confirm_1_floor_0.08,"{""confirmation_days"": 1, ""ndx_sma"": 5, ""spy_floor_vs_sma150"": -0.08}",0,0.3016208977176049,0.22017574983250898,0.4812092407640001,-0.8993290329951404,-0.2310135761888068,0.5833319711757701,0.09784437655531364,2935449.8411783255,0.7228125409943592,302,307.6103163379968
C_ndx_short_trend,C: Nasdaq short trend,short_5_confirm_1_floor_0.08,"{""confirmation_days"": 1, ""ndx_sma"": 5, ""spy_floor_vs_sma150"": -0.08}",1,0.3411488294217495,0.31299879647393136,0.4836396847092309,-0.7422403661897566,-0.4203972576289309,0.5785670282599633,0.09757627587925288,7264561.364553118,0.7226813590449954,302,307.5718121373616
C_ndx_short_trend,C: Nasdaq short trend,short_5_confirm_2_floor_0.08,"{""confirmation_days"": 2, ""ndx_sma"": 5, ""spy_floor_vs_sma150"": -0.08}",0,0.34073651433386964,0.29727565113869514,0.4685880322236725,-0.775269050378797,-0.2310135761888068,0.6313832931502643,0.13116200960770108,7197217.319151715,0.7051029778302506,214,219.97845850793186
C_ndx_short_trend,C: Nasdaq short trend,short_5_confirm_2_floor_0.08,"{""confirmation_days"": 2, ""ndx_sma"": 5, ""spy_floor_vs_sma150"": -0.08}",1,0.343171330693665,0.34149929886874775,0.4679388115857386,-0.7092251922686741,-0.3707790080622211,0.6997352252718045,0.1818244174218111,7603822.8547496265,0.7049717958808868,214,219.9527029572509
C_ndx_short_trend,C: Nasdaq short trend,short_5_confirm_3_floor_0.08,"{""confirmation_days"": 3, ""ndx_sma"": 5, ""spy_floor_vs_sma150"": -0.08}",0,0.34069939477675226,0.331365770862208,0.45840841236043023,-0.6791019654834287,-0.2310135761888068,0.6245318057162845,0.12641135270986203,7191184.233449124,0.6934277843368752,184,190.21305786188827
C_ndx_short_trend,C: Nasdaq short trend,short_5_confirm_3_floor_0.08,"{""confirmation_days"": 3, ""ndx_sma"": 5, ""spy_floor_vs_sma150"": -0.08}",1,0.36196975077895566,0.36399330266202146,0.462041060335869,-0.6124474557345176,-0.3707790080622211,0.6695865527063742,0.16086207172177214,11584056.711440753,0.6932966023875115,184,190.18819935308198
C_ndx_short_trend,C: Nasdaq short trend,short_5_confirm_4_floor_0.08,"{""confirmation_days"": 4, ""ndx_sma"": 5, ""spy_floor_vs_sma150"": -0.08}",0,0.35529798570808246,0.3445727197496862,0.4547933366071661,-0.64712032697609,-0.24996254046645494,0.5957170369484981,0.10643188382440472,9983050.454845747,0.683982683982684,148,154.3965868523207
C_ndx_short_trend,C: Nasdaq short trend,short_5_confirm_4_floor_0.08,"{""confirmation_days"": 4, ""ndx_sma"": 5, ""spy_floor_vs_sma150"": -0.08}",1,0.40112179162248984,0.4083312208429162,0.45567819673866455,-0.5423160786151925,-0.3707790080622211,0.6750657790150252,0.16467177298810265,27332307.98461454,0.6838515020333202,148,154.3890473317125
C_ndx_short_trend,C: Nasdaq short trend,short_5_confirm_5_floor_0.08,"{""confirmation_days"": 5, ""ndx_sma"": 5, ""spy_floor_vs_sma150"": -0.08}",0,0.3992235986517103,0.39506224041789983,0.4499234337900331,-0.5293534776682838,-0.2310135761888068,0.6009538392908733,0.11006295684470091,26232693.29157087,0.6770300406664043,108,114.53933989879388
C_ndx_short_trend,C: Nasdaq short trend,short_5_confirm_5_floor_0.08,"{""confirmation_days"": 5, ""ndx_sma"": 5, ""spy_floor_vs_sma150"": -0.08}",1,0.38159411339675353,0.384362162492369,0.4529954672149077,-0.6150147250253706,-0.3707790080622211,0.5328691900415947,0.06580260888283984,17866911.618930742,0.6768988587170406,108,114.53370324798746
C_ndx_short_trend,C: Nasdaq short trend,short_5_confirm_1_floor_0.10,"{""confirmation_days"": 1, ""ndx_sma"": 5, ""spy_floor_vs_sma150"": -0.1}",0,0.30215629767872976,0.22100682672714833,0.482994114955144,-0.9052697160586108,-0.2310135761888068,0.5833319711757701,0.09784437655531364,2972243.9671201864,0.7247802702348157,306,311.56318863179035
C_ndx_short_trend,C: Nasdaq short trend,short_5_confirm_1_floor_0.10,"{""confirmation_days"": 1, ""ndx_sma"": 5, ""spy_floor_vs_sma150"": -0.1}",1,0.3465682715766252,0.3217947522721154,0.4847942461170231,-0.7329599380077765,-0.4203972576289309,0.5785670282599633,0.09757627587925288,8208398.587590498,0.7246490882854519,306,311.52645290781027
C_ndx_short_trend,C: Nasdaq short trend,short_5_confirm_2_floor_0.10,"{""confirmation_days"": 2, ""ndx_sma"": 5, ""spy_floor_vs_sma150"": -0.1}",0,0.3470289289706927,0.3073714319516867,0.469358844659949,-0.7648566811779371,-0.2310135761888068,0.6313832931502643,0.13116200960770108,8293881.057515002,0.7068083431719795,218,223.94357246334778
C_ndx_short_trend,C: Nasdaq short trend,short_5_confirm_2_floor_0.10,"{""confirmation_days"": 2, ""ndx_sma"": 5, ""spy_floor_vs_sma150"": -0.1}",1,0.34223942497590554,0.33995866778253103,0.46884136244068386,-0.6853484439346145,-0.3707790080622211,0.6997352252718045,0.1818244174218111,7445640.550857004,0.7066771612226158,218,223.91367083995036
C_ndx_short_trend,C: Nasdaq short trend,short_5_confirm_3_floor_0.10,"{""confirmation_days"": 3, ""ndx_sma"": 5, ""spy_floor_vs_sma150"": -0.1}",0,0.34220903032079697,0.3338487026449135,0.45924455261049135,-0.6858365454505634,-0.2310135761888068,0.6245318057162845,0.12641135270986203,7440535.3023842145,0.6948707857798767,188,194.18068601180545
C_ndx_short_trend,C: Nasdaq short trend,short_5_confirm_3_floor_0.10,"{""confirmation_days"": 3, ""ndx_sma"": 5, ""spy_floor_vs_sma150"": -0.1}",1,0.3546538941591202,0.35188424057033885,0.4635099833702703,-0.6709022105067486,-0.3707790080622211,0.6695865527063742,0.16086207172177214,9840342.51941337,0.6947396038305129,188,194.1483720531206
C_ndx_short_trend,C: Nasdaq short trend,short_5_confirm_4_floor_0.10,"{""confirmation_days"": 4, ""ndx_sma"": 5, ""spy_floor_vs_sma150"": -0.1}",0,0.3505546654024472,0.3367905690778077,0.45619570116593094,-0.682463188440882,-0.24996254046645494,0.5957170369484981,0.10643188382440472,8977259.059476474,0.6851633215269579,152,158.36379609754192
C_ndx_short_trend,C: Nasdaq short trend,short_5_confirm_4_floor_0.10,"{""confirmation_days"": 4, ""ndx_sma"": 5, ""spy_floor_vs_sma150"": -0.1}",1,0.39228964056841376,0.39366349395003875,0.4567607085143481,-0.5423160786151927,-0.3707790080622211,0.6750657790150252,0.16467177298810265,22567968.667630404,0.6850321395775941,152,158.36037592642538
C_ndx_short_trend,C: Nasdaq short trend,short_5_confirm_5_floor_0.10,"{""confirmation_days"": 5, ""ndx_sma"": 5, ""spy_floor_vs_sma150"": -0.1}",0,0.3945373600047901,0.38733507809856205,0.45085765186064825,-0.5293534776682836,-0.2310135761888068,0.6009538392908733,0.11006295684470091,23698022.878711138,0.6779483143119507,112,118.51798286491143
C_ndx_short_trend,C: Nasdaq short trend,short_5_confirm_5_floor_0.10,"{""confirmation_days"": 5, ""ndx_sma"": 5, ""spy_floor_vs_sma150"": -0.1}",1,0.3735917586264481,0.37111180713085323,0.45420541390553953,-0.6150147250253704,-0.3707790080622211,0.5328691900415947,0.06580260888283984,14984259.854785856,0.6778171323625869,112,118.5070573219908
C_ndx_short_trend,C: Nasdaq short trend,short_7_confirm_1_floor_0.05,"{""confirmation_days"": 1, ""ndx_sma"": 7, ""spy_floor_vs_sma150"": -0.05}",0,0.38156945316040325,0.3418699436947421,0.4706965921734639,-0.6849367640753189,-0.2310135761888068,0.6869975710544816,0.16972361473210773,17857254.57211294,0.7175652630198085,234,239.75702323789983
C_ndx_short_trend,C: Nasdaq short trend,short_7_confirm_1_floor_0.05,"{""confirmation_days"": 1, ""ndx_sma"": 7, ""spy_floor_vs_sma150"": -0.05}",1,0.4111471189265894,0.4073087982134449,0.4759613293031721,-0.713558371545048,-0.40804311019080564,0.7069038842639306,0.18680877975725108,33920697.90766902,0.7174340810704447,234,239.71661685596592
C_ndx_short_trend,C: Nasdaq short trend,short_7_confirm_2_floor_0.05,"{""confirmation_days"": 2, ""ndx_sma"": 7, ""spy_floor_vs_sma150"": -0.05}",0,0.42272461053814303,0.42047350177655907,0.4637635100532517,-0.5895956928599961,-0.2310135761888068,0.6313832931502643,0.13116200960770108,43445868.251063205,0.7041847041847041,162,168.00862824850054
C_ndx_short_trend,C: Nasdaq short trend,short_7_confirm_2_floor_0.05,"{""confirmation_days"": 2, ""ndx_sma"": 7, ""spy_floor_vs_sma150"": -0.05}",1,0.3873335477917692,0.40164569179974463,0.46613037864576895,-0.6440435211622704,-0.3707790080622211,0.6997352252718045,0.1818244174218111,20257370.46864564,0.7040535222353405,162,168.00367959571736
C_ndx_short_trend,C: Nasdaq short trend,short_7_confirm_3_floor_0.05,"{""confirmation_days"": 3, ""ndx_sma"": 7, ""spy_floor_vs_sma150"": -0.05}",0,0.3943270215788959,0.41350392173361916,0.4590111280729466,-0.6005083629682668,-0.2310135761888068,0.6245318057162845,0.12641135270986203,23589995.660854254,0.6956578774760593,144,150.17063792121564
C_ndx_short_trend,C: Nasdaq short trend,short_7_confirm_3_floor_0.05,"{""confirmation_days"": 3, ""ndx_sma"": 7, ""spy_floor_vs_sma150"": -0.05}",1,0.3691024686755817,0.36621093354290846,0.4629754351373916,-0.6865526416058643,-0.3707790080622211,0.6695865527063742,0.16086207172177214,13569756.968017088,0.6955266955266955,144,150.17739698680526
C_ndx_short_trend,C: Nasdaq short trend,short_7_confirm_4_floor_0.05,"{""confirmation_days"": 4, ""ndx_sma"": 7, ""spy_floor_vs_sma150"": -0.05}",0,0.37551917269871793,0.3750458768051017,0.4567199249631818,-0.6667526799315316,-0.24996254046645494,0.5957170369484981,0.10643188382440472,15634382.187795922,0.6884428702610521,132,138.31668356539393
C_ndx_short_trend,C: Nasdaq short trend,short_7_confirm_4_floor_0.05,"{""confirmation_days"": 4, ""ndx_sma"": 7, ""spy_floor_vs_sma150"": -0.05}",1,0.39250587218912236,0.3857999243735075,0.4592186556767506,-0.5557059401545208,-0.3707790080622211,0.6750657790150252,0.16467177298810265,22674373.60482979,0.6883116883116883,132,138.3057736720591
C_ndx_short_trend,C: Nasdaq short trend,short_7_confirm_5_floor_0.05,"{""confirmation_days"": 5, ""ndx_sma"": 7, ""spy_floor_vs_sma150"": -0.05}",0,0.4016349253753084,0.40054227254105546,0.45317974699828883,-0.5233196874051924,-0.2310135761888068,0.6009538392908733,0.11006295684470091,27637135.15635854,0.6821461366915912,124,130.43160684246868
C_ndx_short_trend,C: Nasdaq short trend,short_7_confirm_5_floor_0.05,"{""confirmation_days"": 5, ""ndx_sma"": 7, ""spy_floor_vs_sma150"": -0.05}",1,0.38802648881645374,0.3763162002762257,0.4565269985673154,-0.5275315959801077,-0.3707790080622211,0.5328691900415947,0.06580260888283984,20566094.2891855,0.6820149547422275,124,130.4408980771921
C_ndx_short_trend,C: Nasdaq short trend,short_7_confirm_1_floor_0.08,"{""confirmation_days"": 1, ""ndx_sma"": 7, ""spy_floor_vs_sma150"": -0.08}",0,0.3575279236405018,0.3062317083311359,0.47534320180329154,-0.819607620394181,-0.2310135761888068,0.6869975710544816,0.16972361473210773,10492749.360939613,0.7232060868424505,260,265.614613694095
C_ndx_short_trend,C: Nasdaq short trend,short_7_confirm_1_floor_0.08,"{""confirmation_days"": 1, ""ndx_sma"": 7, ""spy_floor_vs_sma150"": -0.08}",1,0.3712268482232859,0.34332705914700967,0.4822419955405076,-0.7657414059023482,-0.40804311019080564,0.7069038842639306,0.18680877975725108,14222227.33859702,0.7230749048930867,260,265.5873010902095
C_ndx_short_trend,C: Nasdaq short trend,short_7_confirm_2_floor_0.08,"{""confirmation_days"": 2, ""ndx_sma"": 7, ""spy_floor_vs_sma150"": -0.08}",0,0.39813183828188725,0.38005191995616894,0.46656533036211545,-0.6705298829252757,-0.2310135761888068,0.6313832931502643,0.13116200960770108,25619749.999421448,0.7081201626656172,176,181.92629655876533
C_ndx_short_trend,C: Nasdaq short trend,short_7_confirm_2_floor_0.08,"{""confirmation_days"": 2, ""ndx_sma"": 7, ""spy_floor_vs_sma150"": -0.08}",1,0.357664472228584,0.3523663598695206,0.468333087928568,-0.7263949090578214,-0.3707790080622211,0.6997352252718045,0.1818244174218111,10524764.782416958,0.7079889807162535,176,181.91615849920595
C_ndx_short_trend,C: Nasdaq short trend,short_7_confirm_3_floor_0.08,"{""confirmation_days"": 3, ""ndx_sma"": 7, ""spy_floor_vs_sma150"": -0.08}",0,0.3653276060053261,0.3651635815243419,0.46116788241933554,-0.6863248428364905,-0.2310135761888068,0.6245318057162845,0.12641135270986203,12481089.981919324,0.698675062311426,162,168.10834353508193
C_ndx_short_trend,C: Nasdaq short trend,short_7_confirm_3_floor_0.08,"{""confirmation_days"": 3, ""ndx_sma"": 7, ""spy_floor_vs_sma150"": -0.08}",1,0.36082152567172954,0.3525567586287248,0.4645122490294759,-0.7102831572262063,-0.3707790080622211,0.6695865527063742,0.16086207172177214,11291870.705999527,0.6985438803620622,162,168.10971363872181
C_ndx_short_trend,C: Nasdaq short trend,short_7_confirm_4_floor_0.08,"{""confirmation_days"": 4, ""ndx_sma"": 7, ""spy_floor_vs_sma150"": -0.08}",0,0.37060694318628973,0.3669253034831732,0.4576771694260393,-0.6850344400051684,-0.24996254046645494,0.5957170369484981,0.10643188382440472,14028762.28400673,0.6902794175521448,140,146.28378624922513
C_ndx_short_trend,C: Nasdaq short trend,short_7_confirm_4_floor_0.08,"{""confirmation_days"": 4, ""ndx_sma"": 7, ""spy_floor_vs_sma150"": -0.08}",1,0.3956365436471643,0.3909620350877179,0.45993762567349894,-0.5487757364527726,-0.3707790080622211,0.6750657790150252,0.16467177298810265,24270377.557698924,0.690148235602781,140,146.27174958001046
C_ndx_short_trend,C: Nasdaq short trend,short_7_confirm_5_floor_0.08,"{""confirmation_days"": 5, ""ndx_sma"": 7, ""spy_floor_vs_sma150"": -0.08}",0,0.4020530757697598,0.40123410786573377,0.45359540608898996,-0.5233196874051931,-0.2310135761888068,0.6009538392908733,0.11006295684470091,27887965.94311138,0.6834579561852289,126,132.408500636103
C_ndx_short_trend,C: Nasdaq short trend,short_7_confirm_5_floor_0.08,"{""confirmation_days"": 5, ""ndx_sma"": 7, ""spy_floor_vs_sma150"": -0.08}",1,0.3852115137050518,0.3716980020423106,0.45689455984062904,-0.5275315959801078,-0.3707790080622211,0.5328691900415947,0.06580260888283984,19339567.94367866,0.6833267742358652,126,132.41498188449336
C_ndx_short_trend,C: Nasdaq short trend,short_7_confirm_1_floor_0.10,"{""confirmation_days"": 1, ""ndx_sma"": 7, ""spy_floor_vs_sma150"": -0.1}",0,0.3609613748685814,0.311706008460817,0.47642596893862155,-0.8201462836643146,-0.2310135761888068,0.6869975710544816,0.16972361473210773,11327072.927310798,0.7246490882854519,262,267.5806977091737
C_ndx_short_trend,C: Nasdaq short trend,short_7_confirm_1_floor_0.10,"{""confirmation_days"": 1, ""ndx_sma"": 7, ""spy_floor_vs_sma150"": -0.1}",1,0.37192949969071587,0.34446691989246725,0.48306502691508696,-0.765079300690303,-0.40804311019080564,0.7069038842639306,0.18680877975725108,14444636.401177151,0.7245179063360881,262,267.5593778511022
C_ndx_short_trend,C: Nasdaq short trend,short_7_confirm_2_floor_0.10,"{""confirmation_days"": 2, ""ndx_sma"": 7, ""spy_floor_vs_sma150"": -0.1}",0,0.40262511611100105,0.38740271226404155,0.46724030797317984,-0.6718543362725344,-0.2310135761888068,0.6313832931502643,0.13116200960770108,28234677.103633083,0.7094319821592548,180,185.90241934780965
C_ndx_short_trend,C: Nasdaq short trend,short_7_confirm_2_floor_0.10,"{""confirmation_days"": 2, ""ndx_sma"": 7, ""spy_floor_vs_sma150"": -0.1}",1,0.35452129368780283,0.3471866244475754,0.46910510802211186,-0.6943474339882909,-0.3707790080622211,0.6997352252718045,0.1818244174218111,9811208.788430551,0.7093008002098912,180,185.8910394448991
C_ndx_short_trend,C: Nasdaq short trend,short_7_confirm_3_floor_0.10,"{""confirmation_days"": 3, ""ndx_sma"": 7, ""spy_floor_vs_sma150"": -0.1}",0,0.36469264068249596,0.364112592812623,0.46186643449318204,-0.6977690655880462,-0.2310135761888068,0.6245318057162845,0.12641135270986203,12306466.642952437,0.699724517906336,164,170.08988474799276
C_ndx_short_trend,C: Nasdaq short trend,short_7_confirm_3_floor_0.10,"{""confirmation_days"": 3, ""ndx_sma"": 7, ""spy_floor_vs_sma150"": -0.1}",1,0.35958360283623025,0.35052025683021837,0.4654153151396968,-0.6918805608791836,-0.3707790080622211,0.6695865527063742,0.16086207172177214,10984844.617977904,0.6995933359569724,164,170.08064162554106
C_ndx_short_trend,C: Nasdaq short trend,short_7_confirm_4_floor_0.10,"{""confirmation_days"": 4, ""ndx_sma"": 7, ""spy_floor_vs_sma150"": -0.1}",0,0.37132838659410217,0.3681167525853175,0.45851078485664576,-0.6722225902014443,-0.24996254046645494,0.5957170369484981,0.10643188382440472,14254161.178321788,0.6911976911976911,144,150.25961693162833
C_ndx_short_trend,C: Nasdaq short trend,short_7_confirm_4_floor_0.10,"{""confirmation_days"": 4, ""ndx_sma"": 7, ""spy_floor_vs_sma150"": -0.1}",1,0.39254607392377205,0.3858661641475092,0.46062116150790233,-0.5540250410022942,-0.3707790080622211,0.6750657790150252,0.16467177298810265,22694209.796209265,0.6910665092483275,144,150.24598628461487
C_ndx_short_trend,C: Nasdaq short trend,short_7_confirm_5_floor_0.10,"{""confirmation_days"": 5, ""ndx_sma"": 7, ""spy_floor_vs_sma150"": -0.1}",0,0.4035259808857081,0.40367212626613846,0.45413839843964154,-0.534993264113012,-0.2310135761888068,0.6009538392908733,0.11006295684470091,28789153.256443426,0.6841138659320477,128,134.3917476443644
C_ndx_short_trend,C: Nasdaq short trend,short_7_confirm_5_floor_0.10,"{""confirmation_days"": 5, ""ndx_sma"": 7, ""spy_floor_vs_sma150"": -0.1}",1,0.3841043566217359,0.3698833043817886,0.4576673979500619,-0.5524169406688786,-0.3707790080622211,0.5328691900415947,0.06580260888283984,18876807.06265163,0.683982683982684,128,134.3950263659404
C_ndx_short_trend,C: Nasdaq short trend,short_10_confirm_1_floor_0.05,"{""confirmation_days"": 1, ""ndx_sma"": 10, ""spy_floor_vs_sma150"": -0.05}",0,0.4041563955200336,0.3799754485729001,0.4701282494111261,-0.6462533610094882,-0.2310135761888068,0.6313832931502643,0.13116200960770108,29183416.032729167,0.7186147186147186,198,203.7542726182897
C_ndx_short_trend,C: Nasdaq short trend,short_10_confirm_1_floor_0.05,"{""confirmation_days"": 1, ""ndx_sma"": 10, ""spy_floor_vs_sma150"": -0.05}",1,0.3766505493304484,0.3636483327033537,0.4731876036565831,-0.7243401386255375,-0.39016590941324203,0.6997352252718045,0.1818244174218111,16028615.397411568,0.7184835366653548,198,203.72106151919888
C_ndx_short_trend,C: Nasdaq short trend,short_10_confirm_2_floor_0.05,"{""confirmation_days"": 2, ""ndx_sma"": 10, ""spy_floor_vs_sma150"": -0.05}",0,0.403706632249764,0.40239614503264565,0.46505072673732484,-0.6314047927248568,-0.2310135761888068,0.6245318057162845,0.12641135270986203,28901603.43154697,0.7077266168175259,154,159.95671122792106
C_ndx_short_trend,C: Nasdaq short trend,short_10_confirm_2_floor_0.05,"{""confirmation_days"": 2, ""ndx_sma"": 10, ""spy_floor_vs_sma150"": -0.05}",1,0.39348418338448954,0.4114617541587038,0.4662489758734616,-0.5797562913027958,-0.3707790080622211,0.6695865527063742,0.16086207172177214,23161881.707136597,0.7075954348681621,154,159.9384922268342
C_ndx_short_trend,C: Nasdaq short trend,short_10_confirm_3_floor_0.05,"{""confirmation_days"": 3, ""ndx_sma"": 10, ""spy_floor_vs_sma150"": -0.05}",0,0.4056471547444316,0.42351549362671426,0.4602713465138919,-0.5253442095231664,-0.2310135761888068,0.5957170369484981,0.10643188382440472,30136623.069266535,0.699724517906336,126,132.11526649380065
C_ndx_short_trend,C: Nasdaq short trend,short_10_confirm_3_floor_0.05,"{""confirmation_days"": 3, ""ndx_sma"": 10, ""spy_floor_vs_sma150"": -0.05}",1,0.3878017893481811,0.3954486801633996,0.46209627002748366,-0.544445834949898,-0.3723179489830678,0.6750657790150252,0.16467177298810265,20465489.54375462,0.6995933359569724,126,132.11845907309674
C_ndx_short_trend,C: Nasdaq short trend,short_10_confirm_4_floor_0.05,"{""confirmation_days"": 4, ""ndx_sma"": 10, ""spy_floor_vs_sma150"": -0.05}",0,0.39778604479866253,0.403774275340941,0.45770135257919753,-0.5817104485398918,-0.23558735410938214,0.6009538392908733,0.11006295684470091,25428516.940767817,0.6938213301849665,114,120.23441076932215
C_ndx_short_trend,C: Nasdaq short trend,short_10_confirm_4_floor_0.05,"{""confirmation_days"": 4, ""ndx_sma"": 10, ""spy_floor_vs_sma150"": -0.05}",1,0.4013159628285805,0.4031469575415578,0.4592689802660696,-0.5397786548075437,-0.3707790080622211,0.5328691900415947,0.06580260888283984,27447271.096939884,0.6936901482356028,114,120.22500988732665
C_ndx_short_trend,C: Nasdaq short trend,short_10_confirm_5_floor_0.05,"{""confirmation_days"": 5, ""ndx_sma"": 10, ""spy_floor_vs_sma150"": -0.05}",0,0.412610539627005,0.41510238500520447,0.45493769410733026,-0.4811984107871736,-0.2310135761888068,0.46504862416257975,0.015829543454872974,35002538.84407155,0.6888364161091434,106,112.32344899677008
C_ndx_short_trend,C: Nasdaq short trend,short_10_confirm_5_floor_0.05,"{""confirmation_days"": 5, ""ndx_sma"": 10, ""spy_floor_vs_sma150"": -0.05}",1,0.4043947305686415,0.4065224033265722,0.4569652010999065,-0.48276786540960537,-0.3707790080622211,0.510654033459178,0.0503564299159065,29333827.20187016,0.6887052341597796,106,112.31934928707568
C_ndx_short_trend,C: Nasdaq short trend,short_10_confirm_1_floor_0.08,"{""confirmation_days"": 1, ""ndx_sma"": 10, ""spy_floor_vs_sma150"": -0.08}",0,0.3824233685752938,0.3435175532296879,0.4747783112668991,-0.7298061959092559,-0.2310135761888068,0.6313832931502643,0.13116200960770108,18194607.580716975,0.7239931785386331,216,221.62676648674636
C_ndx_short_trend,C: Nasdaq short trend,short_10_confirm_1_floor_0.08,"{""confirmation_days"": 1, ""ndx_sma"": 10, ""spy_floor_vs_sma150"": -0.08}",1,0.3714128848112088,0.36068549727687116,0.4760692952638716,-0.7745589845894527,-0.4104968137334749,0.6997352252718045,0.1818244174218111,14280788.733798439,0.7238619965892693,216,221.59728997639036
C_ndx_short_trend,C: Nasdaq short trend,short_10_confirm_2_floor_0.08,"{""confirmation_days"": 2, ""ndx_sma"": 10, ""spy_floor_vs_sma150"": -0.08}",0,0.38569971648308754,0.37727036475786124,0.4677150002694389,-0.6847372647314356,-0.2310135761888068,0.6245318057162845,0.12641135270986203,19547090.710332766,0.7119244391971665,162,167.85901731592833
C_ndx_short_trend,C: Nasdaq short trend,short_10_confirm_2_floor_0.08,"{""confirmation_days"": 2, ""ndx_sma"": 10, ""spy_floor_vs_sma150"": -0.08}",1,0.37672114098474974,0.38445039014506177,0.4692485258804912,-0.6757495507974558,-0.3707790080622211,0.6695865527063742,0.16086207172177214,16053529.395674095,0.7117932572478027,162,167.84579891593134
C_ndx_short_trend,C: Nasdaq short trend,short_10_confirm_3_floor_0.08,"{""confirmation_days"": 3, ""ndx_sma"": 10, ""spy_floor_vs_sma150"": -0.08}",0,0.38559762268179765,0.39464728195645216,0.4629774706187409,-0.604074418746224,-0.2460036313893147,0.5957170369484981,0.10643188382440472,19503515.904584043,0.7033976124885216,138,144.03310989077602
C_ndx_short_trend,C: Nasdaq short trend,short_10_confirm_3_floor_0.08,"{""confirmation_days"": 3, ""ndx_sma"": 10, ""spy_floor_vs_sma150"": -0.08}",1,0.3826159320889635,0.3878177078650682,0.4644927023625366,-0.5793753898722931,-0.38047292238961716,0.6750657790150252,0.16467177298810265,18271530.086424507,0.7032664305391578,138,144.03259119866212
C_ndx_short_trend,C: Nasdaq short trend,short_10_confirm_4_floor_0.08,"{""confirmation_days"": 4, ""ndx_sma"": 10, ""spy_floor_vs_sma150"": -0.08}",0,0.3942966282347413,0.4025943676588557,0.45948029978409266,-0.5843261806598669,-0.28033734146609224,0.6009538392908733,0.11006295684470091,23574425.44333851,0.6967073330709694,120,126.17001607442762
C_ndx_short_trend,C: Nasdaq short trend,short_10_confirm_4_floor_0.08,"{""confirmation_days"": 4, ""ndx_sma"": 10, ""spy_floor_vs_sma150"": -0.08}",1,0.4054453567260661,0.4110075500622825,0.460869698295152,-0.5371228359493763,-0.3707790080622211,0.5328691900415947,0.06580260888283984,30005851.308062296,0.6965761511216056,120,126.16323419325406
C_ndx_short_trend,C: Nasdaq short trend,short_10_confirm_5_floor_0.08,"{""confirmation_days"": 5, ""ndx_sma"": 10, ""spy_floor_vs_sma150"": -0.08}",0,0.41196629516923244,0.41870437651218717,0.45612598163736306,-0.4775392145970363,-0.2310135761888068,0.46504862416257975,0.015829543454872974,34522228.93233759,0.6913288731470549,108,114.26699938953715
C_ndx_short_trend,C: Nasdaq short trend,short_10_confirm_5_floor_0.08,"{""confirmation_days"": 5, ""ndx_sma"": 10, ""spy_floor_vs_sma150"": -0.08}",1,0.4071296819240995,0.4120692674325872,0.4582096028842036,-0.4827678654096048,-0.3707790080622211,0.510654033459178,0.0503564299159065,31114390.161160972,0.6911976911976911,108,114.26654653018623
C_ndx_short_trend,C: Nasdaq short trend,short_10_confirm_1_floor_0.10,"{""confirmation_days"": 1, ""ndx_sma"": 10, ""spy_floor_vs_sma150"": -0.1}",0,0.3868458193885016,0.35064094413926505,0.47547514772851174,-0.7424968213741525,-0.2310135761888068,0.6313832931502643,0.13116200960770108,20042766.60394388,0.7249114521841794,216,221.60461654597694
C_ndx_short_trend,C: Nasdaq short trend,short_10_confirm_1_floor_0.10,"{""confirmation_days"": 1, ""ndx_sma"": 10, ""spy_floor_vs_sma150"": -0.1}",1,0.3706165383058906,0.35937759479052134,0.47661918967116695,-0.759172191170603,-0.4104968137334749,0.6997352252718045,0.1818244174218111,14031737.324987005,0.7247802702348157,216,221.58040277474007
C_ndx_short_trend,C: Nasdaq short trend,short_10_confirm_2_floor_0.10,"{""confirmation_days"": 2, ""ndx_sma"": 10, ""spy_floor_vs_sma150"": -0.1}",0,0.38614325393982174,0.37800031353248276,0.468205170387048,-0.6580126753111608,-0.2310135761888068,0.6245318057162845,0.12641135270986203,19737492.945431523,0.7128427128427128,166,171.8459247958659
C_ndx_short_trend,C: Nasdaq short trend,short_10_confirm_2_floor_0.10,"{""confirmation_days"": 2, ""ndx_sma"": 10, ""spy_floor_vs_sma150"": -0.1}",1,0.3790555868585841,0.38833925601746677,0.4698076955749868,-0.6320273262236298,-0.3707790080622211,0.6695865527063742,0.16086207172177214,16898853.040186506,0.712711530893349,166,171.82549366189085
C_ndx_short_trend,C: Nasdaq short trend,short_10_confirm_3_floor_0.10,"{""confirmation_days"": 3, ""ndx_sma"": 10, ""spy_floor_vs_sma150"": -0.1}",0,0.3905208807738596,0.40286122461547036,0.46345865751541543,-0.6311138047637237,-0.2460036313893147,0.5957170369484981,0.10643188382440472,21715526.11398737,0.7040535222353405,140,146.0194649039532
C_ndx_short_trend,C: Nasdaq short trend,short_10_confirm_3_floor_0.10,"{""confirmation_days"": 3, ""ndx_sma"": 10, ""spy_floor_vs_sma150"": -0.1}",1,0.38305074091682934,0.38854037853812495,0.4649176791828633,-0.5658594973657423,-0.38047292238961716,0.6750657790150252,0.16467177298810265,18446379.74717728,0.7039223402859767,140,146.01391365042633
C_ndx_short_trend,C: Nasdaq short trend,short_10_confirm_4_floor_0.10,"{""confirmation_days"": 4, ""ndx_sma"": 10, ""spy_floor_vs_sma150"": -0.1}",0,0.3968337431030313,0.40682244007513657,0.45982426568221524,-0.5843261806598669,-0.28033734146609224,0.6009538392908733,0.11006295684470091,24908976.197094828,0.6972320608684245,120,126.15624122177576
C_ndx_short_trend,C: Nasdaq short trend,short_10_confirm_4_floor_0.10,"{""confirmation_days"": 4, ""ndx_sma"": 10, ""spy_floor_vs_sma150"": -0.1}",1,0.4053151316940995,0.41079109731902874,0.46136946952068447,-0.5640189356618839,-0.3707790080622211,0.5328691900415947,0.06580260888283984,29921752.688354287,0.6971008789190607,120,126.14718753886905
C_ndx_short_trend,C: Nasdaq short trend,short_10_confirm_5_floor_0.10,"{""confirmation_days"": 5, ""ndx_sma"": 10, ""spy_floor_vs_sma150"": -0.1}",0,0.41179075585865155,0.41841237123005937,0.45662784862913947,-0.5081437820247428,-0.2310135761888068,0.46504862416257975,0.015829543454872974,34392466.19686815,0.69185360094451,110,116.25095273515214
C_ndx_short_trend,C: Nasdaq short trend,short_10_confirm_5_floor_0.10,"{""confirmation_days"": 5, ""ndx_sma"": 10, ""spy_floor_vs_sma150"": -0.1}",1,0.40317782238483346,0.40550948156664557,0.45886260034291687,-0.5389917715467143,-0.3707790080622211,0.510654033459178,0.0503564299159065,28573627.004096143,0.6917224189951463,110,116.2510551381717
C_ndx_short_trend,C: Nasdaq short trend,short_12_confirm_1_floor_0.05,"{""confirmation_days"": 1, ""ndx_sma"": 12, ""spy_floor_vs_sma150"": -0.05}",0,0.41577785408333323,0.405863441093421,0.47006037835184833,-0.6188287297211662,-0.2310135761888068,0.6313832931502643,0.13116200960770108,37459439.53888974,0.7180899908172635,174,179.74359703979326
C_ndx_short_trend,C: Nasdaq short trend,short_12_confirm_1_floor_0.05,"{""confirmation_days"": 1, ""ndx_sma"": 12, ""spy_floor_vs_sma150"": -0.05}",1,0.39180694764295354,0.390086330483185,0.47117670845807536,-0.654543403027139,-0.3707790080622211,0.6997352252718045,0.1818244174218111,22332180.483974155,0.7179588088678998,174,179.711493313488
C_ndx_short_trend,C: Nasdaq short trend,short_12_confirm_2_floor_0.05,"{""confirmation_days"": 2, ""ndx_sma"": 12, ""spy_floor_vs_sma150"": -0.05}",0,0.40981734789309177,0.4125692788052777,0.46563316045874364,-0.6150024855958637,-0.2310135761888068,0.6245318057162845,0.12641135270986203,32965750.36692473,0.708776072412436,134,139.91470740121113
C_ndx_short_trend,C: Nasdaq short trend,short_12_confirm_2_floor_0.05,"{""confirmation_days"": 2, ""ndx_sma"": 12, ""spy_floor_vs_sma150"": -0.05}",1,0.38561885307458343,0.4089617322854293,0.4659280449850751,-0.5432422116376066,-0.41926376785864383,0.6695865527063742,0.16086207172177214,19512569.53721784,0.7086448904630723,134,139.90838069083304
C_ndx_short_trend,C: Nasdaq short trend,short_12_confirm_3_floor_0.05,"{""confirmation_days"": 3, ""ndx_sma"": 12, ""spy_floor_vs_sma150"": -0.05}",0,0.39797924505136506,0.4179134775416329,0.46159085772694747,-0.5270638321036203,-0.2310135761888068,0.5957170369484981,0.10643188382440472,25535191.036982555,0.7020857929948839,120,126.05909596797916
C_ndx_short_trend,C: Nasdaq short trend,short_12_confirm_3_floor_0.05,"{""confirmation_days"": 3, ""ndx_sma"": 12, ""spy_floor_vs_sma150"": -0.05}",1,0.38616776127653907,0.4041034750072121,0.4627678796237385,-0.5621915529396212,-0.42842752380601956,0.6750657790150252,0.16467177298810265,19748065.60012507,0.7019546110455201,120,126.04193952390978
C_ndx_short_trend,C: Nasdaq short trend,short_12_confirm_4_floor_0.05,"{""confirmation_days"": 4, ""ndx_sma"": 12, ""spy_floor_vs_sma150"": -0.05}",0,0.38972838219303774,0.399011996440215,0.45888605428190493,-0.5577578160772281,-0.25760851314412125,0.6009538392908733,0.11006295684470091,21343766.273014218,0.6965761511216056,110,116.16118190734468
C_ndx_short_trend,C: Nasdaq short trend,short_12_confirm_4_floor_0.05,"{""confirmation_days"": 4, ""ndx_sma"": 12, ""spy_floor_vs_sma150"": -0.05}",1,0.4172656699229538,0.426334825389886,0.45943225911693436,-0.5408769990971294,-0.3707790080622211,0.5328691900415947,0.06580260888283984,38670331.717072494,0.6964449691722419,110,116.15355188522179
C_ndx_short_trend,C: Nasdaq short trend,short_12_confirm_5_floor_0.05,"{""confirmation_days"": 5, ""ndx_sma"": 12, ""spy_floor_vs_sma150"": -0.05}",0,0.420262257804739,0.42027073071566723,0.4556361238720913,-0.5313647752042363,-0.2310135761888068,0.46504862416257975,0.015829543454872974,41225105.99421642,0.69185360094451,98,104.25540742931096
C_ndx_short_trend,C: Nasdaq short trend,short_12_confirm_5_floor_0.05,"{""confirmation_days"": 5, ""ndx_sma"": 12, ""spy_floor_vs_sma150"": -0.05}",1,0.41606699000409275,0.43772298551305755,0.45723210913996143,-0.48451607787728534,-0.3707790080622211,0.510654033459178,0.0503564299159065,37691851.9229053,0.6917224189951463,98,104.2409766403152
C_ndx_short_trend,C: Nasdaq short trend,short_12_confirm_1_floor_0.08,"{""confirmation_days"": 1, ""ndx_sma"": 12, ""spy_floor_vs_sma150"": -0.08}",0,0.39243052917399823,0.36639033670525345,0.4745123513693956,-0.7271555912593056,-0.2310135761888068,0.6313832931502643,0.13116200960770108,22637243.277105145,0.7229437229437229,190,195.6238720751392
C_ndx_short_trend,C: Nasdaq short trend,short_12_confirm_1_floor_0.08,"{""confirmation_days"": 1, ""ndx_sma"": 12, ""spy_floor_vs_sma150"": -0.08}",1,0.38322080743446363,0.3816197109055215,0.4737650765526188,-0.717477598611863,-0.39456656651006694,0.6997352252718045,0.1818244174218111,18515207.839109,0.7228125409943592,190,195.59622541271528
C_ndx_short_trend,C: Nasdaq short trend,short_12_confirm_2_floor_0.08,"{""confirmation_days"": 2, ""ndx_sma"": 12, ""spy_floor_vs_sma150"": -0.08}",0,0.39234089408735096,0.3882661784743562,0.46822802232534727,-0.67070822662096,-0.2310135761888068,0.6245318057162845,0.12641135270986203,22593146.151247755,0.7125803489439853,140,145.82379495993138
C_ndx_short_trend,C: Nasdaq short trend,short_12_confirm_2_floor_0.08,"{""confirmation_days"": 2, ""ndx_sma"": 12, ""spy_floor_vs_sma150"": -0.08}",1,0.3679693469706671,0.3803587971787288,0.46853553367113443,-0.6475761207409784,-0.4268088115980013,0.6695865527063742,0.16086207172177214,13233671.615623299,0.7124491669946216,140,145.8245021914266
C_ndx_short_trend,C: Nasdaq short trend,short_12_confirm_3_floor_0.08,"{""confirmation_days"": 3, ""ndx_sma"": 12, ""spy_floor_vs_sma150"": -0.08}",0,0.38097732642813553,0.3940662299383104,0.46413613055421804,-0.6271454318291914,-0.267724718859612,0.5957170369484981,0.10643188382440472,17626885.157522142,0.7054965236783418,128,133.98403200512803
C_ndx_short_trend,C: Nasdaq short trend,short_12_confirm_3_floor_0.08,"{""confirmation_days"": 3, ""ndx_sma"": 12, ""spy_floor_vs_sma150"": -0.08}",1,0.37995416328724896,0.3946947852608407,0.46511470784887005,-0.5803792343124057,-0.435853510156475,0.6750657790150252,0.16467177298810265,17235575.399201162,0.7053653417289781,128,133.965541567926
C_ndx_short_trend,C: Nasdaq short trend,short_12_confirm_4_floor_0.08,"{""confirmation_days"": 4, ""ndx_sma"": 12, ""spy_floor_vs_sma150"": -0.08}",0,0.388647705061097,0.40182607732335174,0.46090581179287304,-0.560523333602724,-0.30106934523412754,0.6009538392908733,0.11006295684470091,20846726.591299605,0.6994621540076086,116,122.09581419496004
C_ndx_short_trend,C: Nasdaq short trend,short_12_confirm_4_floor_0.08,"{""confirmation_days"": 4, ""ndx_sma"": 12, ""spy_floor_vs_sma150"": -0.08}",1,0.41901305379681375,0.4302695712202045,0.4610727895507547,-0.5382275185009902,-0.3746001562065068,0.5328691900415947,0.06580260888283984,40140843.37874233,0.6993309720582448,116,122.08919338292623
C_ndx_short_trend,C: Nasdaq short trend,short_12_confirm_5_floor_0.08,"{""confirmation_days"": 5, ""ndx_sma"": 12, ""spy_floor_vs_sma150"": -0.08}",0,0.42295035908639655,0.42942971062418245,0.45709662617103064,-0.49797854418156673,-0.2310135761888068,0.46504862416257975,0.015829543454872974,43655160.7815147,0.6943460579824217,102,108.19579720489094
C_ndx_short_trend,C: Nasdaq short trend,short_12_confirm_5_floor_0.08,"{""confirmation_days"": 5, ""ndx_sma"": 12, ""spy_floor_vs_sma150"": -0.08}",1,0.41673408351374097,0.43987339424470506,0.45852866848949037,-0.5034111703048052,-0.3707790080622211,0.510654033459178,0.0503564299159065,38233405.16053601,0.6942148760330579,102,108.18747862221588
C_ndx_short_trend,C: Nasdaq short trend,short_12_confirm_1_floor_0.10,"{""confirmation_days"": 1, ""ndx_sma"": 12, ""spy_floor_vs_sma150"": -0.1}",0,0.3939273002845667,0.3688229667821967,0.47502254879482075,-0.7395694933983641,-0.2310135761888068,0.6313832931502643,0.13116200960770108,23386014.570694335,0.723468450741178,192,197.61086031419964
C_ndx_short_trend,C: Nasdaq short trend,short_12_confirm_1_floor_0.10,"{""confirmation_days"": 1, ""ndx_sma"": 12, ""spy_floor_vs_sma150"": -0.1}",1,0.3830305389662525,0.3813050732585157,0.4741176404114734,-0.6985765319214767,-0.39456656651006694,0.6997352252718045,0.1818244174218111,18438220.21906555,0.7233372687918143,192,197.58442496446312
C_ndx_short_trend,C: Nasdaq short trend,short_12_confirm_2_floor_0.10,"{""confirmation_days"": 2, ""ndx_sma"": 12, ""spy_floor_vs_sma150"": -0.1}",0,0.39047531844234507,0.3851878451965922,0.46834499547249286,-0.6760086920037318,-0.2310135761888068,0.6245318057162845,0.12641135270986203,21693984.31335193,0.7129738947920766,144,149.8206549320566
C_ndx_short_trend,C: Nasdaq short trend,short_12_confirm_2_floor_0.10,"{""confirmation_days"": 2, ""ndx_sma"": 12, ""spy_floor_vs_sma150"": -0.1}",1,0.3710913844920265,0.3855784894412875,0.4687114523810112,-0.6243613673330002,-0.4268088115980013,0.6695865527063742,0.16086207172177214,14179731.660784567,0.7128427128427128,144,149.81518293053648
C_ndx_short_trend,C: Nasdaq short trend,short_12_confirm_3_floor_0.10,"{""confirmation_days"": 3, ""ndx_sma"": 12, ""spy_floor_vs_sma150"": -0.1}",0,0.3817460763389078,0.3953513024076958,0.464143598730771,-0.6271454318291916,-0.267724718859612,0.5957170369484981,0.10643188382440472,17926532.45101411,0.7056277056277056,128,133.98133605466123
C_ndx_short_trend,C: Nasdaq short trend,short_12_confirm_3_floor_0.10,"{""confirmation_days"": 3, ""ndx_sma"": 12, ""spy_floor_vs_sma150"": -0.1}",1,0.3810224003982172,0.3964827494065395,0.46513809490710784,-0.5803792343124048,-0.435853510156475,0.6750657790150252,0.16467177298810265,17644319.84023239,0.7054965236783418,128,133.96239653306424
C_ndx_short_trend,C: Nasdaq short trend,short_12_confirm_4_floor_0.10,"{""confirmation_days"": 4, ""ndx_sma"": 12, ""spy_floor_vs_sma150"": -0.1}",0,0.38972267193468735,0.40362318360871785,0.4609293834048616,-0.560523333602724,-0.30106934523412754,0.6009538392908733,0.11006295684470091,21341110.063306317,0.6995933359569724,116,122.0926691600983
C_ndx_short_trend,C: Nasdaq short trend,short_12_confirm_4_floor_0.10,"{""confirmation_days"": 4, ""ndx_sma"": 12, ""spy_floor_vs_sma150"": -0.1}",1,0.42166703955174456,0.4347011928684681,0.4611700297126128,-0.53822751850099,-0.3746001562065068,0.5328691900415947,0.06580260888283984,42478240.23734312,0.6994621540076086,116,122.08552831622984
C_ndx_short_trend,C: Nasdaq short trend,short_12_confirm_5_floor_0.10,"{""confirmation_days"": 5, ""ndx_sma"": 12, ""spy_floor_vs_sma150"": -0.1}",0,0.42561170879906074,0.4338587300046821,0.45719469725688466,-0.49797854418156684,-0.2310135761888068,0.46504862416257975,0.015829543454872974,46197195.9527652,0.6944772399317853,102,108.19213213819455
C_ndx_short_trend,C: Nasdaq short trend,short_12_confirm_5_floor_0.10,"{""confirmation_days"": 5, ""ndx_sma"": 12, ""spy_floor_vs_sma150"": -0.1}",1,0.41433273280797134,0.43583492698971815,0.45861485293209725,-0.5034111703048055,-0.3707790080622211,0.510654033459178,0.0503564299159065,36318443.610267475,0.6943460579824217,102,108.1843761690117
C_ndx_short_trend,C: Nasdaq short trend,short_15_confirm_1_floor_0.05,"{""confirmation_days"": 1, ""ndx_sma"": 15, ""spy_floor_vs_sma150"": -0.05}",0,0.39729868266994384,0.40325594394651487,0.4691233445941778,-0.5852689365897772,-0.28103403713356834,0.6245318057162845,0.12641135270986203,25161334.582810286,0.7171717171717171,164,169.7475021675175
C_ndx_short_trend,C: Nasdaq short trend,short_15_confirm_1_floor_0.05,"{""confirmation_days"": 1, ""ndx_sma"": 15, ""spy_floor_vs_sma150"": -0.05}",1,0.3607391982465502,0.3527800808574384,0.4710132703436893,-0.7165241105525009,-0.3707790080622211,0.6695865527063742,0.16086207172177214,11271197.104676176,0.7170405352223534,164,169.7370180055052
C_ndx_short_trend,C: Nasdaq short trend,short_15_confirm_2_floor_0.05,"{""confirmation_days"": 2, ""ndx_sma"": 15, ""spy_floor_vs_sma150"": -0.05}",0,0.3913056201915699,0.39033724415364857,0.465452360595649,-0.6560229787888305,-0.27446539783818835,0.5957170369484981,0.10643188382440472,22089812.054156724,0.7083825265643447,126,131.91656638034
C_ndx_short_trend,C: Nasdaq short trend,short_15_confirm_2_floor_0.05,"{""confirmation_days"": 2, ""ndx_sma"": 15, ""spy_floor_vs_sma150"": -0.05}",1,0.39183701451945874,0.42035673381914385,0.46463033159406636,-0.4880476800354755,-0.39959297557120077,0.6750657790150252,0.16467177298810265,22346797.861071315,0.708251344614981,126,131.93346467260085
C_ndx_short_trend,C: Nasdaq short trend,short_15_confirm_3_floor_0.05,"{""confirmation_days"": 3, ""ndx_sma"": 15, ""spy_floor_vs_sma150"": -0.05}",0,0.4101905922447595,0.4371612751731164,0.46048017747339215,-0.4838554745952821,-0.31504158456154874,0.6009538392908733,0.11006295684470091,33231131.30584149,0.7022169749442476,110,116.05678293140015
C_ndx_short_trend,C: Nasdaq short trend,short_15_confirm_3_floor_0.05,"{""confirmation_days"": 3, ""ndx_sma"": 15, ""spy_floor_vs_sma150"": -0.05}",1,0.3881438083110227,0.40879381112940716,0.4613349366739694,-0.49367469316442214,-0.40965055902336345,0.5328691900415947,0.06580260888283984,20618811.63384467,0.7020857929948839,110,116.06196288055186
C_ndx_short_trend,C: Nasdaq short trend,short_15_confirm_4_floor_0.05,"{""confirmation_days"": 4, ""ndx_sma"": 15, ""spy_floor_vs_sma150"": -0.05}",0,0.39875562980927803,0.4106074707092626,0.4577731770803118,-0.4724287601462418,-0.32397216112827987,0.46504862416257975,0.015829543454872974,25968246.27799437,0.6972320608684245,96,102.16014007056624
C_ndx_short_trend,C: Nasdaq short trend,short_15_confirm_4_floor_0.05,"{""confirmation_days"": 4, ""ndx_sma"": 15, ""spy_floor_vs_sma150"": -0.05}",1,0.4152227057226128,0.43360647312988054,0.45871706011761904,-0.4869194786344796,-0.3707790080622211,0.510654033459178,0.0503564299159065,37017080.41850711,0.6971008789190607,96,102.15464486416923
C_ndx_short_trend,C: Nasdaq short trend,short_15_confirm_5_floor_0.05,"{""confirmation_days"": 5, ""ndx_sma"": 15, ""spy_floor_vs_sma150"": -0.05}",0,0.4222020174908765,0.43171374898267834,0.4552827039059749,-0.4775392145970373,-0.23271202152834036,0.44381635933654917,0.0011076007636754426,42965085.933057316,0.6934277843368752,88,94.23378811654024
C_ndx_short_trend,C: Nasdaq short trend,short_15_confirm_5_floor_0.05,"{""confirmation_days"": 5, ""ndx_sma"": 15, ""spy_floor_vs_sma150"": -0.05}",1,0.41198599139265957,0.4402884031654677,0.4574308323857742,-0.4827678654096047,-0.3707790080622211,0.5035365075253364,0.04540762035122725,34536818.344354354,0.6932966023875115,88,94.22405850455866
C_ndx_short_trend,C: Nasdaq short trend,short_15_confirm_1_floor_0.08,"{""confirmation_days"": 1, ""ndx_sma"": 15, ""spy_floor_vs_sma150"": -0.08}",0,0.39262165330844256,0.3941647336057461,0.47186089022249555,-0.6134330741521268,-0.2684468586367551,0.6245318057162845,0.12641135270986203,22731547.334425796,0.7209759937032665,170,175.66013244848818
C_ndx_short_trend,C: Nasdaq short trend,short_15_confirm_1_floor_0.08,"{""confirmation_days"": 1, ""ndx_sma"": 15, ""spy_floor_vs_sma150"": -0.08}",1,0.3562275085624398,0.3509381126376403,0.47323525098274305,-0.7681668559114615,-0.374059226594077,0.6695865527063742,0.16086207172177214,10192533.32003414,0.7208448117539027,170,175.6411462236024
C_ndx_short_trend,C: Nasdaq short trend,short_15_confirm_2_floor_0.08,"{""confirmation_days"": 2, ""ndx_sma"": 15, ""spy_floor_vs_sma150"": -0.08}",0,0.38229878460725075,0.3800101464845751,0.46763273067256705,-0.7057934166365396,-0.31693939986855646,0.5957170369484981,0.10643188382440472,18145007.506552417,0.7117932572478027,130,135.83392199617444
C_ndx_short_trend,C: Nasdaq short trend,short_15_confirm_2_floor_0.08,"{""confirmation_days"": 2, ""ndx_sma"": 15, ""spy_floor_vs_sma150"": -0.08}",1,0.3805890492847275,0.402405036684232,0.46682277663498445,-0.5961654444270215,-0.40739358626158084,0.6750657790150252,0.16467177298810265,17477387.18672632,0.711662075298439,130,135.85929153602262
C_ndx_short_trend,C: Nasdaq short trend,short_15_confirm_3_floor_0.08,"{""confirmation_days"": 3, ""ndx_sma"": 15, ""spy_floor_vs_sma150"": -0.08}",0,0.3967816621853244,0.4192791377913907,0.4627209910517933,-0.5723345942150235,-0.3551401891509979,0.6009538392908733,0.11006295684470091,24880860.79653551,0.7053653417289781,116,121.98812880049033
C_ndx_short_trend,C: Nasdaq short trend,short_15_confirm_3_floor_0.08,"{""confirmation_days"": 3, ""ndx_sma"": 15, ""spy_floor_vs_sma150"": -0.08}",1,0.38225872975780417,0.399919359482527,0.4635052971097392,-0.5147087399342709,-0.417320499535341,0.5328691900415947,0.06580260888283984,18129088.438132424,0.7052341597796143,116,121.99192433295471
C_ndx_short_trend,C: Nasdaq short trend,short_15_confirm_4_floor_0.08,"{""confirmation_days"": 4, ""ndx_sma"": 15, ""spy_floor_vs_sma150"": -0.08}",0,0.3951365429271354,0.4092090078900128,0.4597308044127566,-0.4757278744388257,-0.36354795491573944,0.46504862416257975,0.015829543454872974,24008384.624339495,0.6999868818050636,102,108.09783623568123
C_ndx_short_trend,C: Nasdaq short trend,short_15_confirm_4_floor_0.08,"{""confirmation_days"": 4, ""ndx_sma"": 15, ""spy_floor_vs_sma150"": -0.08}",1,0.4197386292952512,0.442218821759536,0.4602628939910088,-0.48395862308391524,-0.3707790080622211,0.510654033459178,0.0503564299159065,40767211.87294425,0.6998556998556998,102,108.09257910075037
C_ndx_short_trend,C: Nasdaq short trend,short_15_confirm_5_floor_0.08,"{""confirmation_days"": 5, ""ndx_sma"": 15, ""spy_floor_vs_sma150"": -0.08}",0,0.427680349358746,0.44561503288311477,0.4566461996112014,-0.4560261842851925,-0.27763033563545136,0.44381635933654917,0.0011076007636754426,48271383.73840136,0.695789059425423,92,98.17647063099693
C_ndx_short_trend,C: Nasdaq short trend,short_15_confirm_5_floor_0.08,"{""confirmation_days"": 5, ""ndx_sma"": 15, ""spy_floor_vs_sma150"": -0.08}",1,0.41132739785494987,0.4402054358783456,0.45869879603669006,-0.5017270386643671,-0.3707790080622211,0.5035365075253364,0.04540762035122725,34052202.76852265,0.6956578774760593,92,98.17136243212956
C_ndx_short_trend,C: Nasdaq short trend,short_15_confirm_1_floor_0.10,"{""confirmation_days"": 1, ""ndx_sma"": 15, ""spy_floor_vs_sma150"": -0.1}",0,0.3904823450302295,0.39062066629223224,0.4720093409273616,-0.613433074152126,-0.2684468586367551,0.6245318057162845,0.12641135270986203,21697305.12517062,0.721238357601994,172,177.65563642677972
C_ndx_short_trend,C: Nasdaq short trend,short_15_confirm_1_floor_0.10,"{""confirmation_days"": 1, ""ndx_sma"": 15, ""spy_floor_vs_sma150"": -0.1}",1,0.3520307760690107,0.344023948286319,0.4734089171472137,-0.7681668559114618,-0.374059226594077,0.6695865527063742,0.16086207172177214,9279260.845186519,0.7211071756526302,172,177.63576482113376
C_ndx_short_trend,C: Nasdaq short trend,short_15_confirm_2_floor_0.10,"{""confirmation_days"": 2, ""ndx_sma"": 15, ""spy_floor_vs_sma150"": -0.1}",0,0.3800492621443414,0.3762938929748605,0.467725004719219,-0.7057934166365396,-0.31693939986855646,0.5957170369484981,0.10643188382440472,17271588.987658992,0.7119244391971665,132,137.83344328928973
C_ndx_short_trend,C: Nasdaq short trend,short_15_confirm_2_floor_0.10,"{""confirmation_days"": 2, ""ndx_sma"": 15, ""spy_floor_vs_sma150"": -0.1}",1,0.38006040695084464,0.4015160752975675,0.4668252516382726,-0.5961654444270211,-0.40739358626158084,0.6750657790150252,0.16467177298810265,17275814.245405573,0.7117932572478027,132,137.85753396438886
C_ndx_short_trend,C: Nasdaq short trend,short_15_confirm_3_floor_0.10,"{""confirmation_days"": 3, ""ndx_sma"": 15, ""spy_floor_vs_sma150"": -0.1}",0,0.3967816621853244,0.4192791377913907,0.4627209910517933,-0.5723345942150235,-0.3551401891509979,0.6009538392908733,0.11006295684470091,24880860.79653551,0.7053653417289781,116,121.98812880049033
C_ndx_short_trend,C: Nasdaq short trend,short_15_confirm_3_floor_0.10,"{""confirmation_days"": 3, ""ndx_sma"": 15, ""spy_floor_vs_sma150"": -0.1}",1,0.38225872975780417,0.399919359482527,0.4635052971097392,-0.5147087399342709,-0.417320499535341,0.5328691900415947,0.06580260888283984,18129088.438132424,0.7052341597796143,116,121.99192433295471
C_ndx_short_trend,C: Nasdaq short trend,short_15_confirm_4_floor_0.10,"{""confirmation_days"": 4, ""ndx_sma"": 15, ""spy_floor_vs_sma150"": -0.1}",0,0.3951365429271354,0.4092090078900128,0.4597308044127566,-0.4757278744388257,-0.36354795491573944,0.46504862416257975,0.015829543454872974,24008384.624339495,0.6999868818050636,102,108.09783623568123
C_ndx_short_trend,C: Nasdaq short trend,short_15_confirm_4_floor_0.10,"{""confirmation_days"": 4, ""ndx_sma"": 15, ""spy_floor_vs_sma150"": -0.1}",1,0.4197386292952512,0.442218821759536,0.4602628939910088,-0.48395862308391524,-0.3707790080622211,0.510654033459178,0.0503564299159065,40767211.87294425,0.6998556998556998,102,108.09257910075037
C_ndx_short_trend,C: Nasdaq short trend,short_15_confirm_5_floor_0.10,"{""confirmation_days"": 5, ""ndx_sma"": 15, ""spy_floor_vs_sma150"": -0.1}",0,0.427680349358746,0.44561503288311477,0.4566461996112014,-0.4560261842851925,-0.27763033563545136,0.44381635933654917,0.0011076007636754426,48271383.73840136,0.695789059425423,92,98.17647063099693
C_ndx_short_trend,C: Nasdaq short trend,short_15_confirm_5_floor_0.10,"{""confirmation_days"": 5, ""ndx_sma"": 15, ""spy_floor_vs_sma150"": -0.1}",1,0.41132739785494987,0.4402054358783456,0.45869879603669006,-0.5017270386643671,-0.3707790080622211,0.5035365075253364,0.04540762035122725,34052202.76852265,0.6956578774760593,92,98.17136243212956
C_ndx_short_trend,C: Nasdaq short trend,short_18_confirm_1_floor_0.05,"{""confirmation_days"": 1, ""ndx_sma"": 18, ""spy_floor_vs_sma150"": -0.05}",0,0.3882577593696721,0.38585939743943287,0.4692257619831384,-0.6906187249918319,-0.3040441745426027,0.5957170369484981,0.10643188382440472,20670140.45925984,0.7165158074248983,164,169.75738897718196
C_ndx_short_trend,C: Nasdaq short trend,short_18_confirm_1_floor_0.05,"{""confirmation_days"": 1, ""ndx_sma"": 18, ""spy_floor_vs_sma150"": -0.05}",1,0.37684795941382454,0.3746469521274005,0.4696257080360021,-0.603524756179586,-0.3707790080622211,0.6750657790150252,0.16467177298810265,16098381.67373053,0.7163846254755346,164,169.76556057556076
C_ndx_short_trend,C: Nasdaq short trend,short_18_confirm_2_floor_0.05,"{""confirmation_days"": 2, ""ndx_sma"": 18, ""spy_floor_vs_sma150"": -0.05}",0,0.40328585144421414,0.40391476028595386,0.46450132557590573,-0.5794765076368421,-0.25047730796225365,0.6009538392908733,0.11006295684470091,28640334.493807886,0.7077266168175259,126,131.9391417886593
C_ndx_short_trend,C: Nasdaq short trend,short_18_confirm_2_floor_0.05,"{""confirmation_days"": 2, ""ndx_sma"": 18, ""spy_floor_vs_sma150"": -0.05}",1,0.3733249642801446,0.3935298958122515,0.46428655054886864,-0.5111211846826629,-0.387630823991689,0.5328691900415947,0.06580260888283984,14896355.37298731,0.7075954348681621,126,131.95274727556807
C_ndx_short_trend,C: Nasdaq short trend,short_18_confirm_3_floor_0.05,"{""confirmation_days"": 3, ""ndx_sma"": 18, ""spy_floor_vs_sma150"": -0.05}",0,0.4004711510928689,0.42289944294002524,0.46009798099492777,-0.48385547459528255,-0.3150415845615484,0.46504862416257975,0.015829543454872974,26950466.975511268,0.7015610651974288,110,116.06967583307146
C_ndx_short_trend,C: Nasdaq short trend,short_18_confirm_3_floor_0.05,"{""confirmation_days"": 3, ""ndx_sma"": 18, ""spy_floor_vs_sma150"": -0.05}",1,0.37068778926344836,0.3900758781781817,0.4613358186329266,-0.495336600870976,-0.4323367217373215,0.510654033459178,0.0503564299159065,14053848.328523075,0.7014298832480651,110,116.0781877946342
C_ndx_short_trend,C: Nasdaq short trend,short_18_confirm_4_floor_0.05,"{""confirmation_days"": 4, ""ndx_sma"": 18, ""spy_floor_vs_sma150"": -0.05}",0,0.38729505454158875,0.3979243851147307,0.4577544422234111,-0.5052058685917786,-0.3344600030762538,0.44381635933654917,0.0011076007636754426,20240352.727587238,0.6965761511216056,98,104.17010617203209
C_ndx_short_trend,C: Nasdaq short trend,short_18_confirm_4_floor_0.05,"{""confirmation_days"": 4, ""ndx_sma"": 18, ""spy_floor_vs_sma150"": -0.05}",1,0.40176692936509917,0.4147403019127456,0.45870698338521204,-0.4903320471166286,-0.3707790080622211,0.5035365075253364,0.04540762035122725,27716082.201903358,0.6964449691722419,98,104.16463198931966
C_ndx_short_trend,C: Nasdaq short trend,short_18_confirm_5_floor_0.05,"{""confirmation_days"": 5, ""ndx_sma"": 18, ""spy_floor_vs_sma150"": -0.05}",0,0.4146864264328225,0.41424833158630703,0.4554448169298458,-0.5259333465429179,-0.2310135761888068,0.43701374261976755,-0.00360917035213415,36594555.9653368,0.6925095106913288,84,90.24399233387945
C_ndx_short_trend,C: Nasdaq short trend,short_18_confirm_5_floor_0.05,"{""confirmation_days"": 5, ""ndx_sma"": 18, ""spy_floor_vs_sma150"": -0.05}",1,0.3928268979551095,0.41240341696556726,0.4577486970053592,-0.4862080468371909,-0.3707790080622211,0.4628630630378614,0.01712740992712347,22833241.712906104,0.6923783287419651,84,90.23602781339656
C_ndx_short_trend,C: Nasdaq short trend,short_18_confirm_1_floor_0.08,"{""confirmation_days"": 1, ""ndx_sma"": 18, ""spy_floor_vs_sma150"": -0.08}",0,0.38871316010407764,0.3868816757496838,0.47144683838974133,-0.6592630137436692,-0.3065143495834419,0.5957170369484981,0.10643188382440472,20876510.40641819,0.7196641742096288,170,175.69641570387853
C_ndx_short_trend,C: Nasdaq short trend,short_18_confirm_1_floor_0.08,"{""confirmation_days"": 1, ""ndx_sma"": 18, ""spy_floor_vs_sma150"": -0.08}",1,0.3804244012749842,0.38582036523686347,0.471300494386743,-0.6050845367885574,-0.3707790080622211,0.6750657790150252,0.16467177298810265,17414363.782068446,0.719532992260265,170,175.68301203272193
C_ndx_short_trend,C: Nasdaq short trend,short_18_confirm_2_floor_0.08,"{""confirmation_days"": 2, ""ndx_sma"": 18, ""spy_floor_vs_sma150"": -0.08}",0,0.39856176400650645,0.40070960915313836,0.4661441531059668,-0.5811308969063576,-0.2943556126613832,0.6009538392908733,0.11006295684470091,25859450.425619725,0.7104814377541651,128,133.87140997715312
C_ndx_short_trend,C: Nasdaq short trend,short_18_confirm_2_floor_0.08,"{""confirmation_days"": 2, ""ndx_sma"": 18, ""spy_floor_vs_sma150"": -0.08}",1,0.3696071532814029,0.38828152746017786,0.4659535307569948,-0.5269338059359758,-0.39558684939857736,0.5328691900415947,0.06580260888283984,13722090.004168848,0.7103502558048013,128,133.88913090624948
C_ndx_short_trend,C: Nasdaq short trend,short_18_confirm_3_floor_0.08,"{""confirmation_days"": 3, ""ndx_sma"": 18, ""spy_floor_vs_sma150"": -0.08}",0,0.3933545001042895,0.41560823310071093,0.4618464501938789,-0.5092499722812077,-0.35514018915099843,0.46504862416257975,0.015829543454872974,23096680.50467867,0.7041847041847041,114,120.00755962890348
C_ndx_short_trend,C: Nasdaq short trend,short_18_confirm_3_floor_0.08,"{""confirmation_days"": 3, ""ndx_sma"": 18, ""spy_floor_vs_sma150"": -0.08}",1,0.36907743636541435,0.38836511041331345,0.46317069803906147,-0.5017666527469422,-0.43971191898982664,0.510654033459178,0.0503564299159065,13562243.985631239,0.7040535222353405,114,120.01506612581332
C_ndx_short_trend,C: Nasdaq short trend,short_18_confirm_4_floor_0.08,"{""confirmation_days"": 4, ""ndx_sma"": 18, ""spy_floor_vs_sma150"": -0.08}",0,0.3866543595283325,0.4014692717142385,0.4594127864048154,-0.498783110335591,-0.3734218211568828,0.44381635933654917,0.0011076007636754426,19959125.251996685,0.6989374262101535,102,108.11070037540566
C_ndx_short_trend,C: Nasdaq short trend,short_18_confirm_4_floor_0.08,"{""confirmation_days"": 4, ""ndx_sma"": 18, ""spy_floor_vs_sma150"": -0.08}",1,0.40509701823329114,0.4213247189049012,0.4601900326604766,-0.4873908846199059,-0.3707790080622211,0.5035365075253364,0.04540762035122725,29781406.515734382,0.6988062442607897,102,108.1097766344733
C_ndx_short_trend,C: Nasdaq short trend,short_18_confirm_5_floor_0.08,"{""confirmation_days"": 5, ""ndx_sma"": 18, ""spy_floor_vs_sma150"": -0.08}",0,0.41753945821024563,0.42373766948676783,0.4567626562474182,-0.48432125661404535,-0.2310135761888068,0.43701374261976755,-0.00360917035213415,38897246.22000055,0.6946084218811491,90,96.19127901969888
C_ndx_short_trend,C: Nasdaq short trend,short_18_confirm_5_floor_0.08,"{""confirmation_days"": 5, ""ndx_sma"": 18, ""spy_floor_vs_sma150"": -0.08}",1,0.39153845404218957,0.4113296096222159,0.45901324488485185,-0.5050411200464382,-0.3707790080622211,0.4628630630378614,0.01712740992712347,22202058.331063986,0.6944772399317853,90,96.18944901072308
C_ndx_short_trend,C: Nasdaq short trend,short_18_confirm_1_floor_0.10,"{""confirmation_days"": 1, ""ndx_sma"": 18, ""spy_floor_vs_sma150"": -0.1}",0,0.38871316010407764,0.3868816757496838,0.47144683838974133,-0.6592630137436692,-0.3065143495834419,0.5957170369484981,0.10643188382440472,20876510.40641819,0.7196641742096288,170,175.69641570387853
C_ndx_short_trend,C: Nasdaq short trend,short_18_confirm_1_floor_0.10,"{""confirmation_days"": 1, ""ndx_sma"": 18, ""spy_floor_vs_sma150"": -0.1}",1,0.3804244012749842,0.38582036523686347,0.471300494386743,-0.6050845367885574,-0.3707790080622211,0.6750657790150252,0.16467177298810265,17414363.782068446,0.719532992260265,170,175.68301203272193
C_ndx_short_trend,C: Nasdaq short trend,short_18_confirm_2_floor_0.10,"{""confirmation_days"": 2, ""ndx_sma"": 18, ""spy_floor_vs_sma150"": -0.1}",0,0.39856176400650645,0.40070960915313836,0.4661441531059668,-0.5811308969063576,-0.2943556126613832,0.6009538392908733,0.11006295684470091,25859450.425619725,0.7104814377541651,128,133.87140997715312
C_ndx_short_trend,C: Nasdaq short trend,short_18_confirm_2_floor_0.10,"{""confirmation_days"": 2, ""ndx_sma"": 18, ""spy_floor_vs_sma150"": -0.1}",1,0.3696071532814029,0.38828152746017786,0.4659535307569948,-0.5269338059359758,-0.39558684939857736,0.5328691900415947,0.06580260888283984,13722090.004168848,0.7103502558048013,128,133.88913090624948
C_ndx_short_trend,C: Nasdaq short trend,short_18_confirm_3_floor_0.10,"{""confirmation_days"": 3, ""ndx_sma"": 18, ""spy_floor_vs_sma150"": -0.1}",0,0.3933545001042895,0.41560823310071093,0.4618464501938789,-0.5092499722812077,-0.35514018915099843,0.46504862416257975,0.015829543454872974,23096680.50467867,0.7041847041847041,114,120.00755962890348
C_ndx_short_trend,C: Nasdaq short trend,short_18_confirm_3_floor_0.10,"{""confirmation_days"": 3, ""ndx_sma"": 18, ""spy_floor_vs_sma150"": -0.1}",1,0.36907743636541435,0.38836511041331345,0.46317069803906147,-0.5017666527469422,-0.43971191898982664,0.510654033459178,0.0503564299159065,13562243.985631239,0.7040535222353405,114,120.01506612581332
C_ndx_short_trend,C: Nasdaq short trend,short_18_confirm_4_floor_0.10,"{""confirmation_days"": 4, ""ndx_sma"": 18, ""spy_floor_vs_sma150"": -0.1}",0,0.3866543595283325,0.4014692717142385,0.4594127864048154,-0.498783110335591,-0.3734218211568828,0.44381635933654917,0.0011076007636754426,19959125.251996685,0.6989374262101535,102,108.11070037540566
C_ndx_short_trend,C: Nasdaq short trend,short_18_confirm_4_floor_0.10,"{""confirmation_days"": 4, ""ndx_sma"": 18, ""spy_floor_vs_sma150"": -0.1}",1,0.40509701823329114,0.4213247189049012,0.4601900326604766,-0.4873908846199059,-0.3707790080622211,0.5035365075253364,0.04540762035122725,29781406.515734382,0.6988062442607897,102,108.1097766344733
C_ndx_short_trend,C: Nasdaq short trend,short_18_confirm_5_floor_0.10,"{""confirmation_days"": 5, ""ndx_sma"": 18, ""spy_floor_vs_sma150"": -0.1}",0,0.41753945821024563,0.42373766948676783,0.4567626562474182,-0.48432125661404535,-0.2310135761888068,0.43701374261976755,-0.00360917035213415,38897246.22000055,0.6946084218811491,90,96.19127901969888
C_ndx_short_trend,C: Nasdaq short trend,short_18_confirm_5_floor_0.10,"{""confirmation_days"": 5, ""ndx_sma"": 18, ""spy_floor_vs_sma150"": -0.1}",1,0.39153845404218957,0.4113296096222159,0.45901324488485185,-0.5050411200464382,-0.3707790080622211,0.4628630630378614,0.01712740992712347,22202058.331063986,0.6944772399317853,90,96.18944901072308
C_ndx_short_trend,C: Nasdaq short trend,short_20_confirm_1_floor_0.05,"{""confirmation_days"": 1, ""ndx_sma"": 20, ""spy_floor_vs_sma150"": -0.05}",0,0.40838782547816344,0.4156346208974879,0.467668598008634,-0.5861902341918619,-0.3040441745426027,0.6009538392908733,0.11006295684470091,31968170.985930927,0.7154663518299882,158,163.787679261868
C_ndx_short_trend,C: Nasdaq short trend,short_20_confirm_1_floor_0.05,"{""confirmation_days"": 1, ""ndx_sma"": 20, ""spy_floor_vs_sma150"": -0.05}",1,0.3769910902945688,0.3678268780892031,0.46910944409237004,-0.6123225144948184,-0.3707790080622211,0.5328691900415947,0.06580260888283984,16149148.790446065,0.7153351698806244,158,163.77520944945303
C_ndx_short_trend,C: Nasdaq short trend,short_20_confirm_2_floor_0.05,"{""confirmation_days"": 2, ""ndx_sma"": 20, ""spy_floor_vs_sma150"": -0.05}",0,0.3973865257160769,0.40615055198705785,0.46378834386806433,-0.5315310665488949,-0.25047730796225365,0.46504862416257975,0.015829543454872974,25209290.622065812,0.7070707070707071,126,131.961808761375
C_ndx_short_trend,C: Nasdaq short trend,short_20_confirm_2_floor_0.05,"{""confirmation_days"": 2, ""ndx_sma"": 20, ""spy_floor_vs_sma150"": -0.05}",1,0.376806238602692,0.39782656931450733,0.4642227973806802,-0.5608148603377515,-0.387630823991689,0.510654033459178,0.0503564299159065,16083612.783137513,0.7069395251213433,126,131.95475949898503
C_ndx_short_trend,C: Nasdaq short trend,short_20_confirm_3_floor_0.05,"{""confirmation_days"": 3, ""ndx_sma"": 20, ""spy_floor_vs_sma150"": -0.05}",0,0.3951403673486247,0.4269645171062786,0.4600322161853644,-0.5572160208444606,-0.3150415845615484,0.44381635933654917,0.0011076007636754426,24010378.146262128,0.7007739735012463,110,116.0932683499008
C_ndx_short_trend,C: Nasdaq short trend,short_20_confirm_3_floor_0.05,"{""confirmation_days"": 3, ""ndx_sma"": 20, ""spy_floor_vs_sma150"": -0.05}",1,0.3756785280916981,0.3969938992271633,0.46123120182965577,-0.5399348191543858,-0.4323367217373215,0.5035365075253364,0.04540762035122725,15689337.47156918,0.7006427915518825,110,116.08313011287999
C_ndx_short_trend,C: Nasdaq short trend,short_20_confirm_4_floor_0.05,"{""confirmation_days"": 4, ""ndx_sma"": 20, ""spy_floor_vs_sma150"": -0.05}",0,0.38140658252486914,0.4008281464270509,0.4577044966320256,-0.5807195305094779,-0.3344600030762538,0.43701374261976755,-0.00360917035213415,17793600.415665634,0.695789059425423,96,102.18981111662823
C_ndx_short_trend,C: Nasdaq short trend,short_20_confirm_4_floor_0.05,"{""confirmation_days"": 4, ""ndx_sma"": 20, ""spy_floor_vs_sma150"": -0.05}",1,0.4052223618716102,0.4130848419878381,0.4586281053968241,-0.49033204711662937,-0.3707790080622211,0.4628630630378614,0.01712740992712347,29861981.50670835,0.6956578774760593,96,102.17005038045922
C_ndx_short_trend,C: Nasdaq short trend,short_20_confirm_5_floor_0.05,"{""confirmation_days"": 5, ""ndx_sma"": 20, ""spy_floor_vs_sma150"": -0.05}",0,0.4097049005306581,0.4153849488383887,0.4551910073719192,-0.5303439607636595,-0.2310135761888068,0.39813986200852547,-0.030563385893075057,32886201.537351675,0.69185360094451,86,92.2612242292071
C_ndx_short_trend,C: Nasdaq short trend,short_20_confirm_5_floor_0.05,"{""confirmation_days"": 5, ""ndx_sma"": 20, ""spy_floor_vs_sma150"": -0.05}",1,0.39775159280694594,0.4122890048422221,0.4576809650558322,-0.48620804683719077,-0.3707790080622211,0.3958414126247751,-0.02947268506204026,25409539.855112277,0.6917224189951463,86,92.24931430159643
C_ndx_short_trend,C: Nasdaq short trend,short_20_confirm_1_floor_0.08,"{""confirmation_days"": 1, ""ndx_sma"": 20, ""spy_floor_vs_sma150"": -0.08}",0,0.4068978293864025,0.41929140073350957,0.4699753915518163,-0.5531136834421313,-0.3570751378575461,0.6009538392908733,0.11006295684470091,30959478.88366223,0.7184835366653548,164,169.72572708826087
C_ndx_short_trend,C: Nasdaq short trend,short_20_confirm_1_floor_0.08,"{""confirmation_days"": 1, ""ndx_sma"": 20, ""spy_floor_vs_sma150"": -0.08}",1,0.38110346624987623,0.3805258245908414,0.47078744491467567,-0.6138476836796558,-0.3707790080622211,0.5328691900415947,0.06580260888283984,17675718.21283202,0.7183523547159911,164,169.69190897028133
C_ndx_short_trend,C: Nasdaq short trend,short_20_confirm_2_floor_0.08,"{""confirmation_days"": 2, ""ndx_sma"": 20, ""spy_floor_vs_sma150"": -0.08}",0,0.39311284748006914,0.4036584555217515,0.4654280443896523,-0.5330212732542392,-0.2943556126613832,0.46504862416257975,0.015829543454872974,22975657.3649661,0.7096943460579824,128,133.8943101637251
C_ndx_short_trend,C: Nasdaq short trend,short_20_confirm_2_floor_0.08,"{""confirmation_days"": 2, ""ndx_sma"": 20, ""spy_floor_vs_sma150"": -0.08}",1,0.3713264718710043,0.3896205144080298,0.4658528405258832,-0.5739962354790562,-0.39558684939857736,0.510654033459178,0.0503564299159065,14253558.356589163,0.7095631641086186,128,133.89159224702502
C_ndx_short_trend,C: Nasdaq short trend,short_20_confirm_3_floor_0.08,"{""confirmation_days"": 3, ""ndx_sma"": 20, ""spy_floor_vs_sma150"": -0.08}",0,0.38627916468857126,0.41665374970925084,0.4617433536647633,-0.5871807902695161,-0.35514018915099843,0.44381635933654917,0.0011076007636754426,19796194.961817198,0.7032664305391578,114,120.03160126309143
C_ndx_short_trend,C: Nasdaq short trend,short_20_confirm_3_floor_0.08,"{""confirmation_days"": 3, ""ndx_sma"": 20, ""spy_floor_vs_sma150"": -0.08}",1,0.37334811587773964,0.3940741149260478,0.46305897235328736,-0.5253093804222844,-0.43971191898982664,0.5035365075253364,0.04540762035122725,14903963.653279364,0.703135248589794,114,120.02416349806327
C_ndx_short_trend,C: Nasdaq short trend,short_20_confirm_4_floor_0.08,"{""confirmation_days"": 4, ""ndx_sma"": 20, ""spy_floor_vs_sma150"": -0.08}",0,0.3800509253128119,0.40317205925979915,0.4593554509058239,-0.5423664768511822,-0.3734218211568828,0.43701374261976755,-0.00360917035213415,17272219.470424015,0.6980191525646071,100,106.13456037400594
C_ndx_short_trend,C: Nasdaq short trend,short_20_confirm_4_floor_0.08,"{""confirmation_days"": 4, ""ndx_sma"": 20, ""spy_floor_vs_sma150"": -0.08}",1,0.40869493683262625,0.4198856283313208,0.4601134755661997,-0.4873908846199059,-0.3707790080622211,0.4628630630378614,0.01712740992712347,32179992.72287582,0.6978879706152433,100,106.11715724136434
C_ndx_short_trend,C: Nasdaq short trend,short_20_confirm_5_floor_0.08,"{""confirmation_days"": 5, ""ndx_sma"": 20, ""spy_floor_vs_sma150"": -0.08}",0,0.4126825432869339,0.4251068113011336,0.45651180804326985,-0.4878745266911234,-0.2310135761888068,0.39813986200852547,-0.030563385893075057,35056620.19172224,0.6938213301849665,92,98.21047313077801
C_ndx_short_trend,C: Nasdaq short trend,short_20_confirm_5_floor_0.08,"{""confirmation_days"": 5, ""ndx_sma"": 20, ""spy_floor_vs_sma150"": -0.08}",1,0.39896212851062574,0.41540650459922857,0.4588770507246439,-0.5050411200464382,-0.3707790080622211,0.3958414126247751,-0.02947268506204026,26084618.39730916,0.6936901482356028,92,98.20672945205611
C_ndx_short_trend,C: Nasdaq short trend,short_20_confirm_1_floor_0.10,"{""confirmation_days"": 1, ""ndx_sma"": 20, ""spy_floor_vs_sma150"": -0.1}",0,0.4068978293864025,0.41929140073350957,0.4699753915518163,-0.5531136834421313,-0.3570751378575461,0.6009538392908733,0.11006295684470091,30959478.88366223,0.7184835366653548,164,169.72572708826087
C_ndx_short_trend,C: Nasdaq short trend,short_20_confirm_1_floor_0.10,"{""confirmation_days"": 1, ""ndx_sma"": 20, ""spy_floor_vs_sma150"": -0.1}",1,0.38110346624987623,0.3805258245908414,0.47078744491467567,-0.6138476836796558,-0.3707790080622211,0.5328691900415947,0.06580260888283984,17675718.21283202,0.7183523547159911,164,169.69190897028133
C_ndx_short_trend,C: Nasdaq short trend,short_20_confirm_2_floor_0.10,"{""confirmation_days"": 2, ""ndx_sma"": 20, ""spy_floor_vs_sma150"": -0.1}",0,0.39311284748006914,0.4036584555217515,0.4654280443896523,-0.5330212732542392,-0.2943556126613832,0.46504862416257975,0.015829543454872974,22975657.3649661,0.7096943460579824,128,133.8943101637251
C_ndx_short_trend,C: Nasdaq short trend,short_20_confirm_2_floor_0.10,"{""confirmation_days"": 2, ""ndx_sma"": 20, ""spy_floor_vs_sma150"": -0.1}",1,0.3713264718710043,0.3896205144080298,0.4658528405258832,-0.5739962354790562,-0.39558684939857736,0.510654033459178,0.0503564299159065,14253558.356589163,0.7095631641086186,128,133.89159224702502
C_ndx_short_trend,C: Nasdaq short trend,short_20_confirm_3_floor_0.10,"{""confirmation_days"": 3, ""ndx_sma"": 20, ""spy_floor_vs_sma150"": -0.1}",0,0.38627916468857126,0.41665374970925084,0.4617433536647633,-0.5871807902695161,-0.35514018915099843,0.44381635933654917,0.0011076007636754426,19796194.961817198,0.7032664305391578,114,120.03160126309143
C_ndx_short_trend,C: Nasdaq short trend,short_20_confirm_3_floor_0.10,"{""confirmation_days"": 3, ""ndx_sma"": 20, ""spy_floor_vs_sma150"": -0.1}",1,0.37334811587773964,0.3940741149260478,0.46305897235328736,-0.5253093804222844,-0.43971191898982664,0.5035365075253364,0.04540762035122725,14903963.653279364,0.703135248589794,114,120.02416349806327
C_ndx_short_trend,C: Nasdaq short trend,short_20_confirm_4_floor_0.10,"{""confirmation_days"": 4, ""ndx_sma"": 20, ""spy_floor_vs_sma150"": -0.1}",0,0.3800509253128119,0.40317205925979915,0.4593554509058239,-0.5423664768511822,-0.3734218211568828,0.43701374261976755,-0.00360917035213415,17272219.470424015,0.6980191525646071,100,106.13456037400594
C_ndx_short_trend,C: Nasdaq short trend,short_20_confirm_4_floor_0.10,"{""confirmation_days"": 4, ""ndx_sma"": 20, ""spy_floor_vs_sma150"": -0.1}",1,0.40869493683262625,0.4198856283313208,0.4601134755661997,-0.4873908846199059,-0.3707790080622211,0.4628630630378614,0.01712740992712347,32179992.72287582,0.6978879706152433,100,106.11715724136434
C_ndx_short_trend,C: Nasdaq short trend,short_20_confirm_5_floor_0.10,"{""confirmation_days"": 5, ""ndx_sma"": 20, ""spy_floor_vs_sma150"": -0.1}",0,0.4126825432869339,0.4251068113011336,0.45651180804326985,-0.4878745266911234,-0.2310135761888068,0.39813986200852547,-0.030563385893075057,35056620.19172224,0.6938213301849665,92,98.21047313077801
C_ndx_short_trend,C: Nasdaq short trend,short_20_confirm_5_floor_0.10,"{""confirmation_days"": 5, ""ndx_sma"": 20, ""spy_floor_vs_sma150"": -0.1}",1,0.39896212851062574,0.41540650459922857,0.4588770507246439,-0.5050411200464382,-0.3707790080622211,0.3958414126247751,-0.02947268506204026,26084618.39730916,0.6936901482356028,92,98.20672945205611
C_ndx_short_trend,C: Nasdaq short trend,short_25_confirm_1_floor_0.05,"{""confirmation_days"": 1, ""ndx_sma"": 25, ""spy_floor_vs_sma150"": -0.05}",0,0.42250495872617355,0.42067381856915564,0.46558664345311507,-0.5661106859616013,-0.3040441745426027,0.46504862416257975,0.015829543454872974,43243159.53444573,0.7124491669946216,140,145.8374401047912
C_ndx_short_trend,C: Nasdaq short trend,short_25_confirm_1_floor_0.05,"{""confirmation_days"": 1, ""ndx_sma"": 25, ""spy_floor_vs_sma150"": -0.05}",1,0.412674619305647,0.40924918722195214,0.46777169940481167,-0.5847694495569256,-0.3707790080622211,0.510654033459178,0.0503564299159065,35050664.601103574,0.7123179850452578,140,145.83769146707826
C_ndx_short_trend,C: Nasdaq short trend,short_25_confirm_2_floor_0.05,"{""confirmation_days"": 2, ""ndx_sma"": 25, ""spy_floor_vs_sma150"": -0.05}",0,0.42193892921473,0.42030113495004273,0.4625348005169956,-0.5178243864499532,-0.25047730796225365,0.44381635933654917,0.0011076007636754426,42724997.40112325,0.7052341597796143,110,115.99171191452481
C_ndx_short_trend,C: Nasdaq short trend,short_25_confirm_2_floor_0.05,"{""confirmation_days"": 2, ""ndx_sma"": 25, ""spy_floor_vs_sma150"": -0.05}",1,0.4022566211940555,0.4198260044582218,0.46370184302431683,-0.49763970777807687,-0.387630823991689,0.5035365075253364,0.04540762035122725,28010859.456104893,0.7051029778302506,110,115.97875691492605
C_ndx_short_trend,C: Nasdaq short trend,short_25_confirm_3_floor_0.05,"{""confirmation_days"": 3, ""ndx_sma"": 25, ""spy_floor_vs_sma150"": -0.05}",0,0.4025148010587496,0.4123786962268219,0.45986595053204454,-0.5447410565187035,-0.3150415845615484,0.43701374261976755,-0.00360917035213415,28167492.85567716,0.6999868818050636,98,104.09830155008216
C_ndx_short_trend,C: Nasdaq short trend,short_25_confirm_3_floor_0.05,"{""confirmation_days"": 3, ""ndx_sma"": 25, ""spy_floor_vs_sma150"": -0.05}",1,0.3888015567841989,0.41290118674830745,0.46131042313172593,-0.5202767825617118,-0.4323367217373215,0.4628630630378614,0.01712740992712347,20916798.601855777,0.6998556998556998,98,104.10312627995152
C_ndx_short_trend,C: Nasdaq short trend,short_25_confirm_4_floor_0.05,"{""confirmation_days"": 4, ""ndx_sma"": 25, ""spy_floor_vs_sma150"": -0.05}",0,0.3888727695660852,0.39736284240712316,0.45847019884424417,-0.6003619717069892,-0.3344600030762538,0.39813986200852547,-0.030563385893075057,20949309.632477775,0.695789059425423,90,96.1831919078054
C_ndx_short_trend,C: Nasdaq short trend,short_25_confirm_4_floor_0.05,"{""confirmation_days"": 4, ""ndx_sma"": 25, ""spy_floor_vs_sma150"": -0.05}",1,0.412938096410864,0.42512373828082195,0.4591767467682426,-0.49033204711662837,-0.3707790080622211,0.3958414126247751,-0.02947268506204026,35249217.070648886,0.6956578774760593,90,96.18016970014509
C_ndx_short_trend,C: Nasdaq short trend,short_25_confirm_5_floor_0.05,"{""confirmation_days"": 5, ""ndx_sma"": 25, ""spy_floor_vs_sma150"": -0.05}",0,0.41430153551376026,0.4108993198774942,0.45637393155334927,-0.5162092647910836,-0.2310135761888068,0.33408353067595264,-0.07497850818989038,36294186.2305973,0.6922471467926014,86,92.25175054710223
C_ndx_short_trend,C: Nasdaq short trend,short_25_confirm_5_floor_0.05,"{""confirmation_days"": 5, ""ndx_sma"": 25, ""spy_floor_vs_sma150"": -0.05}",1,0.41354903358322526,0.43404982879669607,0.4584504606532903,-0.4862080468371912,-0.3707790080622211,0.3356841873010221,-0.07129995128262956,35713804.058766894,0.6921159648432376,86,92.2565684212674
C_ndx_short_trend,C: Nasdaq short trend,short_25_confirm_1_floor_0.08,"{""confirmation_days"": 1, ""ndx_sma"": 25, ""spy_floor_vs_sma150"": -0.08}",0,0.42594115072651473,0.4325529392012777,0.46799546781385054,-0.5221361175450346,-0.3570751378575461,0.46504862416257975,0.015829543454872974,46521651.57439095,0.7154663518299882,142,147.7712753593047
C_ndx_short_trend,C: Nasdaq short trend,short_25_confirm_1_floor_0.08,"{""confirmation_days"": 1, ""ndx_sma"": 25, ""spy_floor_vs_sma150"": -0.08}",1,0.4187696344699765,0.4254520777817583,0.46966390513675865,-0.5864030157654805,-0.3707790080622211,0.510654033459178,0.0503564299159065,39932798.92844264,0.7153351698806244,142,147.75307480405658
C_ndx_short_trend,C: Nasdaq short trend,short_25_confirm_2_floor_0.08,"{""confirmation_days"": 2, ""ndx_sma"": 25, ""spy_floor_vs_sma150"": -0.08}",0,0.41817957515373094,0.4187600841528827,0.46440954219505315,-0.5197213224727101,-0.2943556126613832,0.44381635933654917,0.0011076007636754426,39432807.77763269,0.7081201626656172,112,117.91960270524709
C_ndx_short_trend,C: Nasdaq short trend,short_25_confirm_2_floor_0.08,"{""confirmation_days"": 2, ""ndx_sma"": 25, ""spy_floor_vs_sma150"": -0.08}",1,0.40456125856739567,0.4247095891965078,0.4659047896988751,-0.5073908089312814,-0.39558684939857736,0.5035365075253364,0.04540762035122725,29439366.14860602,0.7079889807162535,112,117.91026912355937
C_ndx_short_trend,C: Nasdaq short trend,short_25_confirm_3_floor_0.08,"{""confirmation_days"": 3, ""ndx_sma"": 25, ""spy_floor_vs_sma150"": -0.08}",0,0.4052211019773697,0.4215735246015824,0.46190237543307194,-0.5446574988743956,-0.35514018915099843,0.43701374261976755,-0.00360917035213415,29861170.55766875,0.7027417027417028,100,106.03236905273079
C_ndx_short_trend,C: Nasdaq short trend,short_25_confirm_3_floor_0.08,"{""confirmation_days"": 3, ""ndx_sma"": 25, ""spy_floor_vs_sma150"": -0.08}",1,0.3998525282468448,0.4325873160633382,0.4636431396130489,-0.5017666527469414,-0.43971191898982664,0.4628630630378614,0.01712740992712347,26592203.216075778,0.702610520792339,100,106.04027677390421
C_ndx_short_trend,C: Nasdaq short trend,short_25_confirm_4_floor_0.08,"{""confirmation_days"": 4, ""ndx_sma"": 25, ""spy_floor_vs_sma150"": -0.08}",0,0.39495551907106097,0.41215860355482636,0.46036940436960816,-0.5437435954222455,-0.3734218211568828,0.39813986200852547,-0.030563385893075057,23914206.807212386,0.6984126984126984,92,98.12476293622382
C_ndx_short_trend,C: Nasdaq short trend,short_25_confirm_4_floor_0.08,"{""confirmation_days"": 4, ""ndx_sma"": 25, ""spy_floor_vs_sma150"": -0.08}",1,0.42715630784721537,0.44998135987435806,0.4612331439761949,-0.48739088461990543,-0.3707790080622211,0.3958414126247751,-0.02947268506204026,47737577.88223065,0.6982815164633347,92,98.12089934563406
C_ndx_short_trend,C: Nasdaq short trend,short_25_confirm_5_floor_0.08,"{""confirmation_days"": 5, ""ndx_sma"": 25, ""spy_floor_vs_sma150"": -0.08}",0,0.42162954586876644,0.42780091856281577,0.4580435015198908,-0.5121114526902862,-0.2310135761888068,0.33408353067595264,-0.07497850818989038,42444320.646563984,0.6947396038305129,88,94.19403946404199
C_ndx_short_trend,C: Nasdaq short trend,short_25_confirm_5_floor_0.08,"{""confirmation_days"": 5, ""ndx_sma"": 25, ""spy_floor_vs_sma150"": -0.08}",1,0.42744257742914016,0.4585864573045233,0.46025734217102415,-0.4862080468371911,-0.3707790080622211,0.3356841873010221,-0.07129995128262956,48028469.996619664,0.6946084218811491,88,94.20534078014556
C_ndx_short_trend,C: Nasdaq short trend,short_25_confirm_1_floor_0.10,"{""confirmation_days"": 1, ""ndx_sma"": 25, ""spy_floor_vs_sma150"": -0.1}",0,0.42594115072651473,0.4325529392012777,0.46799546781385054,-0.5221361175450346,-0.3570751378575461,0.46504862416257975,0.015829543454872974,46521651.57439095,0.7154663518299882,142,147.7712753593047
C_ndx_short_trend,C: Nasdaq short trend,short_25_confirm_1_floor_0.10,"{""confirmation_days"": 1, ""ndx_sma"": 25, ""spy_floor_vs_sma150"": -0.1}",1,0.4187696344699765,0.4254520777817583,0.46966390513675865,-0.5864030157654805,-0.3707790080622211,0.510654033459178,0.0503564299159065,39932798.92844264,0.7153351698806244,142,147.75307480405658
C_ndx_short_trend,C: Nasdaq short trend,short_25_confirm_2_floor_0.10,"{""confirmation_days"": 2, ""ndx_sma"": 25, ""spy_floor_vs_sma150"": -0.1}",0,0.41817957515373094,0.4187600841528827,0.46440954219505315,-0.5197213224727101,-0.2943556126613832,0.44381635933654917,0.0011076007636754426,39432807.77763269,0.7081201626656172,112,117.91960270524709
C_ndx_short_trend,C: Nasdaq short trend,short_25_confirm_2_floor_0.10,"{""confirmation_days"": 2, ""ndx_sma"": 25, ""spy_floor_vs_sma150"": -0.1}",1,0.40456125856739567,0.4247095891965078,0.4659047896988751,-0.5073908089312814,-0.39558684939857736,0.5035365075253364,0.04540762035122725,29439366.14860602,0.7079889807162535,112,117.91026912355937
C_ndx_short_trend,C: Nasdaq short trend,short_25_confirm_3_floor_0.10,"{""confirmation_days"": 3, ""ndx_sma"": 25, ""spy_floor_vs_sma150"": -0.1}",0,0.4052211019773697,0.4215735246015824,0.46190237543307194,-0.5446574988743956,-0.35514018915099843,0.43701374261976755,-0.00360917035213415,29861170.55766875,0.7027417027417028,100,106.03236905273079
C_ndx_short_trend,C: Nasdaq short trend,short_25_confirm_3_floor_0.10,"{""confirmation_days"": 3, ""ndx_sma"": 25, ""spy_floor_vs_sma150"": -0.1}",1,0.3998525282468448,0.4325873160633382,0.4636431396130489,-0.5017666527469414,-0.43971191898982664,0.4628630630378614,0.01712740992712347,26592203.216075778,0.702610520792339,100,106.04027677390421
C_ndx_short_trend,C: Nasdaq short trend,short_25_confirm_4_floor_0.10,"{""confirmation_days"": 4, ""ndx_sma"": 25, ""spy_floor_vs_sma150"": -0.1}",0,0.39495551907106097,0.41215860355482636,0.46036940436960816,-0.5437435954222455,-0.3734218211568828,0.39813986200852547,-0.030563385893075057,23914206.807212386,0.6984126984126984,92,98.12476293622382
C_ndx_short_trend,C: Nasdaq short trend,short_25_confirm_4_floor_0.10,"{""confirmation_days"": 4, ""ndx_sma"": 25, ""spy_floor_vs_sma150"": -0.1}",1,0.42715630784721537,0.44998135987435806,0.4612331439761949,-0.48739088461990543,-0.3707790080622211,0.3958414126247751,-0.02947268506204026,47737577.88223065,0.6982815164633347,92,98.12089934563406
C_ndx_short_trend,C: Nasdaq short trend,short_25_confirm_5_floor_0.10,"{""confirmation_days"": 5, ""ndx_sma"": 25, ""spy_floor_vs_sma150"": -0.1}",0,0.42162954586876644,0.42780091856281577,0.4580435015198908,-0.5121114526902862,-0.2310135761888068,0.33408353067595264,-0.07497850818989038,42444320.646563984,0.6947396038305129,88,94.19403946404199
C_ndx_short_trend,C: Nasdaq short trend,short_25_confirm_5_floor_0.10,"{""confirmation_days"": 5, ""ndx_sma"": 25, ""spy_floor_vs_sma150"": -0.1}",1,0.42744257742914016,0.4585864573045233,0.46025734217102415,-0.4862080468371911,-0.3707790080622211,0.3356841873010221,-0.07129995128262956,48028469.996619664,0.6946084218811491,88,94.20534078014556
C_ndx_short_trend,C: Nasdaq short trend,short_30_confirm_1_floor_0.05,"{""confirmation_days"": 1, ""ndx_sma"": 30, ""spy_floor_vs_sma150"": -0.05}",0,0.443107781723731,0.4475059444630898,0.4645661579535141,-0.5101781715052546,-0.2711121982642555,0.46504862416257975,0.015829543454872974,66845859.15125056,0.7104814377541651,122,127.89495249772776
C_ndx_short_trend,C: Nasdaq short trend,short_30_confirm_1_floor_0.05,"{""confirmation_days"": 1, ""ndx_sma"": 30, ""spy_floor_vs_sma150"": -0.05}",1,0.41517287005245307,0.4346352872272352,0.4662451314804945,-0.5673980219460553,-0.3707790080622211,0.510654033459178,0.0503564299159065,36977617.851336084,0.7103502558048013,122,127.87620493030414
C_ndx_short_trend,C: Nasdaq short trend,short_30_confirm_2_floor_0.05,"{""confirmation_days"": 2, ""ndx_sma"": 30, ""spy_floor_vs_sma150"": -0.05}",0,0.4227320096767764,0.4283254573795605,0.4616610299270775,-0.552856693332974,-0.2310135761888068,0.44381635933654917,0.0011076007636754426,43452712.62114625,0.7044470680834317,98,104.02609933881706
C_ndx_short_trend,C: Nasdaq short trend,short_30_confirm_2_floor_0.05,"{""confirmation_days"": 2, ""ndx_sma"": 30, ""spy_floor_vs_sma150"": -0.05}",1,0.4022893697293499,0.43118290808638693,0.46339734859635534,-0.5076477291607835,-0.3707790080622211,0.5035365075253364,0.04540762035122725,28030680.702677317,0.7043158861340679,98,104.01684300378177
C_ndx_short_trend,C: Nasdaq short trend,short_30_confirm_3_floor_0.05,"{""confirmation_days"": 3, ""ndx_sma"": 30, ""spy_floor_vs_sma150"": -0.05}",0,0.40381788543923114,0.4219095451558279,0.45962112772124497,-0.523269535475254,-0.25146889105213877,0.43701374261976755,-0.00360917035213415,28971066.47839658,0.7001180637544274,88,94.1157362508664
C_ndx_short_trend,C: Nasdaq short trend,short_30_confirm_3_floor_0.05,"{""confirmation_days"": 3, ""ndx_sma"": 30, ""spy_floor_vs_sma150"": -0.05}",1,0.3941766896452912,0.41159898683667584,0.46147889789379215,-0.5272015393499545,-0.4071422610269977,0.4628630630378614,0.01712740992712347,23513078.98740452,0.6999868818050636,88,94.10128469955286
C_ndx_short_trend,C: Nasdaq short trend,short_30_confirm_4_floor_0.05,"{""confirmation_days"": 4, ""ndx_sma"": 30, ""spy_floor_vs_sma150"": -0.05}",0,0.3986859984653963,0.41022540193167223,0.4581975211547295,-0.5523340492671923,-0.28555373701156894,0.39813986200852547,-0.030563385893075057,25929118.91524005,0.6964449691722419,80,86.18927204199235
C_ndx_short_trend,C: Nasdaq short trend,short_30_confirm_4_floor_0.05,"{""confirmation_days"": 4, ""ndx_sma"": 30, ""spy_floor_vs_sma150"": -0.05}",1,0.4067831895888767,0.410917117673093,0.4596482409860834,-0.540015291890083,-0.3707790080622211,0.3958414126247751,-0.02947268506204026,30883158.606623754,0.6963137872228782,80,86.17688961784272
C_ndx_short_trend,C: Nasdaq short trend,short_30_confirm_5_floor_0.05,"{""confirmation_days"": 5, ""ndx_sma"": 30, ""spy_floor_vs_sma150"": -0.05}",0,0.4141591017604984,0.41358599197259593,0.45648594581050694,-0.5475588308524157,-0.2310135761888068,0.33408353067595264,-0.07497850818989038,36183636.11916597,0.6934277843368752,76,82.2523870429684
C_ndx_short_trend,C: Nasdaq short trend,short_30_confirm_5_floor_0.05,"{""confirmation_days"": 5, ""ndx_sma"": 30, ""spy_floor_vs_sma150"": -0.05}",1,0.39996128307911216,0.4150126656729478,0.45872296316608674,-0.5362933057340961,-0.3707790080622211,0.3356841873010221,-0.07129995128262956,26654851.099663194,0.6932966023875115,76,82.23607173267519
C_ndx_short_trend,C: Nasdaq short trend,short_30_confirm_1_floor_0.08,"{""confirmation_days"": 1, ""ndx_sma"": 30, ""spy_floor_vs_sma150"": -0.08}",0,0.44744528940531736,0.462418955307347,0.4660635947089027,-0.4856249590103997,-0.33823822259265324,0.46504862416257975,0.015829543454872974,73207142.50963147,0.7124491669946216,126,131.84566205734797
C_ndx_short_trend,C: Nasdaq short trend,short_30_confirm_1_floor_0.08,"{""confirmation_days"": 1, ""ndx_sma"": 30, ""spy_floor_vs_sma150"": -0.08}",1,0.42360261332779325,0.44905482611603387,0.4675217106111894,-0.5945858770164946,-0.3707790080622211,0.510654033459178,0.0503564299159065,44265361.2542291,0.7123179850452578,126,131.8203539082873
C_ndx_short_trend,C: Nasdaq short trend,short_30_confirm_2_floor_0.08,"{""confirmation_days"": 2, ""ndx_sma"": 30, ""spy_floor_vs_sma150"": -0.08}",0,0.4270294077590515,0.43547545297203527,0.4628264560767638,-0.580958431267847,-0.2310135761888068,0.44381635933654917,0.0011076007636754426,47609174.358130425,0.7061524334251607,96,101.9825603359154
C_ndx_short_trend,C: Nasdaq short trend,short_30_confirm_2_floor_0.08,"{""confirmation_days"": 2, ""ndx_sma"": 30, ""spy_floor_vs_sma150"": -0.08}",1,0.4157249441227544,0.4539569769419609,0.46490925232349095,-0.5255961496033384,-0.3707790080622211,0.5035365075253364,0.04540762035122725,37417059.87242699,0.706021251475797,96,101.97567763005853
C_ndx_short_trend,C: Nasdaq short trend,short_30_confirm_3_floor_0.08,"{""confirmation_days"": 3, ""ndx_sma"": 30, ""spy_floor_vs_sma150"": -0.08}",0,0.41661521616322017,0.4434344684913547,0.4611501310885996,-0.5494226999491465,-0.25146889105213877,0.43701374261976755,-0.00360917035213415,38136359.68559457,0.7019546110455201,88,94.07341029896402
C_ndx_short_trend,C: Nasdaq short trend,short_30_confirm_3_floor_0.08,"{""confirmation_days"": 3, ""ndx_sma"": 30, ""spy_floor_vs_sma150"": -0.08}",1,0.4150864814205506,0.4468227756925063,0.46307008984480125,-0.5244731411975787,-0.4071422610269977,0.4628630630378614,0.01712740992712347,36909307.041134514,0.7018234290961564,88,94.05691168755995
C_ndx_short_trend,C: Nasdaq short trend,short_30_confirm_4_floor_0.08,"{""confirmation_days"": 4, ""ndx_sma"": 30, ""spy_floor_vs_sma150"": -0.08}",0,0.41500441702075475,0.43756980675753687,0.45952841306936004,-0.5523340492671921,-0.28555373701156894,0.39813986200852547,-0.030563385893075057,36844528.59621918,0.6982815164633347,78,84.14820992948052
C_ndx_short_trend,C: Nasdaq short trend,short_30_confirm_4_floor_0.08,"{""confirmation_days"": 4, ""ndx_sma"": 30, ""spy_floor_vs_sma150"": -0.08}",1,0.42036072414513614,0.43353396661877275,0.46099671830124683,-0.5400152918900827,-0.3707790080622211,0.3958414126247751,-0.02947268506204026,41311764.98910632,0.6981503345139709,78,84.13706430231883
C_ndx_short_trend,C: Nasdaq short trend,short_30_confirm_5_floor_0.08,"{""confirmation_days"": 5, ""ndx_sma"": 30, ""spy_floor_vs_sma150"": -0.08}",0,0.42719527729688433,0.43522561355416745,0.4578512011803986,-0.5475588308524153,-0.2310135761888068,0.33408353067595264,-0.07497850818989038,47777076.181343265,0.6953955135773318,74,80.21140114926538
C_ndx_short_trend,C: Nasdaq short trend,short_30_confirm_5_floor_0.08,"{""confirmation_days"": 5, ""ndx_sma"": 30, ""spy_floor_vs_sma150"": -0.08}",1,0.4130366463084727,0.43696045450286847,0.46016793650200494,-0.536293305734096,-0.3707790080622211,0.3356841873010221,-0.07129995128262956,35323761.946513884,0.695264331627968,74,80.19730346050194
C_ndx_short_trend,C: Nasdaq short trend,short_30_confirm_1_floor_0.10,"{""confirmation_days"": 1, ""ndx_sma"": 30, ""spy_floor_vs_sma150"": -0.1}",0,0.44744528940531736,0.462418955307347,0.4660635947089027,-0.4856249590103997,-0.33823822259265324,0.46504862416257975,0.015829543454872974,73207142.50963147,0.7124491669946216,126,131.84566205734797
C_ndx_short_trend,C: Nasdaq short trend,short_30_confirm_1_floor_0.10,"{""confirmation_days"": 1, ""ndx_sma"": 30, ""spy_floor_vs_sma150"": -0.1}",1,0.42360261332779325,0.44905482611603387,0.4675217106111894,-0.5945858770164946,-0.3707790080622211,0.510654033459178,0.0503564299159065,44265361.2542291,0.7123179850452578,126,131.8203539082873
C_ndx_short_trend,C: Nasdaq short trend,short_30_confirm_2_floor_0.10,"{""confirmation_days"": 2, ""ndx_sma"": 30, ""spy_floor_vs_sma150"": -0.1}",0,0.4270294077590515,0.43547545297203527,0.4628264560767638,-0.580958431267847,-0.2310135761888068,0.44381635933654917,0.0011076007636754426,47609174.358130425,0.7061524334251607,96,101.9825603359154
C_ndx_short_trend,C: Nasdaq short trend,short_30_confirm_2_floor_0.10,"{""confirmation_days"": 2, ""ndx_sma"": 30, ""spy_floor_vs_sma150"": -0.1}",1,0.4157249441227544,0.4539569769419609,0.46490925232349095,-0.5255961496033384,-0.3707790080622211,0.5035365075253364,0.04540762035122725,37417059.87242699,0.706021251475797,96,101.97567763005853
C_ndx_short_trend,C: Nasdaq short trend,short_30_confirm_3_floor_0.10,"{""confirmation_days"": 3, ""ndx_sma"": 30, ""spy_floor_vs_sma150"": -0.1}",0,0.41661521616322017,0.4434344684913547,0.4611501310885996,-0.5494226999491465,-0.25146889105213877,0.43701374261976755,-0.00360917035213415,38136359.68559457,0.7019546110455201,88,94.07341029896402
C_ndx_short_trend,C: Nasdaq short trend,short_30_confirm_3_floor_0.10,"{""confirmation_days"": 3, ""ndx_sma"": 30, ""spy_floor_vs_sma150"": -0.1}",1,0.4150864814205506,0.4468227756925063,0.46307008984480125,-0.5244731411975787,-0.4071422610269977,0.4628630630378614,0.01712740992712347,36909307.041134514,0.7018234290961564,88,94.05691168755995
C_ndx_short_trend,C: Nasdaq short trend,short_30_confirm_4_floor_0.10,"{""confirmation_days"": 4, ""ndx_sma"": 30, ""spy_floor_vs_sma150"": -0.1}",0,0.41500441702075475,0.43756980675753687,0.45952841306936004,-0.5523340492671921,-0.28555373701156894,0.39813986200852547,-0.030563385893075057,36844528.59621918,0.6982815164633347,78,84.14820992948052
C_ndx_short_trend,C: Nasdaq short trend,short_30_confirm_4_floor_0.10,"{""confirmation_days"": 4, ""ndx_sma"": 30, ""spy_floor_vs_sma150"": -0.1}",1,0.42036072414513614,0.43353396661877275,0.46099671830124683,-0.5400152918900827,-0.3707790080622211,0.3958414126247751,-0.02947268506204026,41311764.98910632,0.6981503345139709,78,84.13706430231883
C_ndx_short_trend,C: Nasdaq short trend,short_30_confirm_5_floor_0.10,"{""confirmation_days"": 5, ""ndx_sma"": 30, ""spy_floor_vs_sma150"": -0.1}",0,0.42719527729688433,0.43522561355416745,0.4578512011803986,-0.5475588308524153,-0.2310135761888068,0.33408353067595264,-0.07497850818989038,47777076.181343265,0.6953955135773318,74,80.21140114926538
C_ndx_short_trend,C: Nasdaq short trend,short_30_confirm_5_floor_0.10,"{""confirmation_days"": 5, ""ndx_sma"": 30, ""spy_floor_vs_sma150"": -0.1}",1,0.4130366463084727,0.43696045450286847,0.46016793650200494,-0.536293305734096,-0.3707790080622211,0.3356841873010221,-0.07129995128262956,35323761.946513884,0.695264331627968,74,80.19730346050194
D_staged_reentry,D: Staged re-entry,score_2_weight_0.50,"{""reentry_weight"": 0.5, ""score_threshold"": 2}",0,0.3524518242027066,0.30307978454480144,0.4548031479065428,-0.7627973800446356,-0.2310135761888068,0.45632329363917057,0.009779608745604573,9367189.842745291,0.6968385150203332,335,199.054921090772
D_staged_reentry,D: Staged re-entry,score_2_weight_0.50,"{""reentry_weight"": 0.5, ""score_threshold"": 2}",1,0.38249002827327816,0.3726699818912058,0.4570270677123058,-0.6303596481389973,-0.3707790080622211,0.45552663192692244,0.012026395784020982,18221200.332932822,0.6967073330709694,335,198.93313126177293
D_staged_reentry,D: Staged re-entry,score_2_weight_0.75,"{""reentry_weight"": 0.75, ""score_threshold"": 2}",0,0.3164779162375504,0.249499282248824,0.4675329569416136,-0.8717391271080849,-0.2310135761888068,0.5192532058894741,0.053413699093576295,4139743.4286786937,0.712777121868031,335,265.39784232448585
D_staged_reentry,D: Staged re-entry,score_2_weight_0.75,"{""reentry_weight"": 0.75, ""score_threshold"": 2}",1,0.36268703548098635,0.3478584717288067,0.4696550315517541,-0.7191148876083442,-0.41171192741263474,0.5166915650503667,0.05455432035750807,11770278.150684336,0.7126459399186672,335,265.29382517672667
D_staged_reentry,D: Staged re-entry,score_2_weight_1.00,"{""reentry_weight"": 1.0, ""score_threshold"": 2}",0,0.2778600093240633,0.1935108856995329,0.4852034193278709,-0.9331039198225008,-0.2310135761888068,0.5833319711757701,0.09784437655531364,1680047.568134808,0.7287157287157288,324,329.46371155131123
D_staged_reentry,D: Staged re-entry,score_2_weight_1.00,"{""reentry_weight"": 1.0, ""score_threshold"": 2}",1,0.33953793308202274,0.31857933723774456,0.4871959703616482,-0.788634646904004,-0.46226140039427177,0.5785670282599633,0.09757627587925288,7004861.552575782,0.728584546766365,324,329.46547557696914
D_staged_reentry,D: Staged re-entry,score_3_weight_0.50,"{""reentry_weight"": 0.5, ""score_threshold"": 3}",0,0.36711527625109275,0.32017138895721775,0.4533422523862709,-0.7101611055813809,-0.2310135761888068,0.45632329363917057,0.009779608745604573,12985687.532235516,0.6919191919191919,306,184.4767519410599
D_staged_reentry,D: Staged re-entry,score_3_weight_0.50,"{""reentry_weight"": 0.5, ""score_threshold"": 3}",1,0.38798768536864814,0.3705444849289743,0.4555604228679976,-0.5914016268785657,-0.3707790080622211,0.45552663192692244,0.012026395784020982,20548686.717290964,0.6917880099698281,306,184.36405966640132
D_staged_reentry,D: Staged re-entry,score_3_weight_0.75,"{""reentry_weight"": 0.75, ""score_threshold"": 3}",0,0.3388237234551257,0.27530993195097153,0.46401832523343456,-0.8257458451242163,-0.2310135761888068,0.5192532058894741,0.053413699093576295,6892614.591994565,0.705398137216319,306,244.02074380800155
D_staged_reentry,D: Staged re-entry,score_3_weight_0.75,"{""reentry_weight"": 0.75, ""score_threshold"": 3}",1,0.37166069000419966,0.34577589404373965,0.46619935304535953,-0.6725990442484875,-0.3707790080622211,0.5166915650503667,0.05455432035750807,14359156.171594774,0.7052669552669553,306,243.91565349819825
D_staged_reentry,D: Staged re-entry,score_3_weight_1.00,"{""reentry_weight"": 1.0, ""score_threshold"": 3}",0,0.30802881912819235,0.22800243958474287,0.4789001215639559,-0.8983359514975976,-0.2310135761888068,0.5833319711757701,0.09784437655531364,3406246.209328072,0.7188770825134462,296,301.6869591090993
D_staged_reentry,D: Staged re-entry,score_3_weight_1.00,"{""reentry_weight"": 1.0, ""score_threshold"": 3}",1,0.35241928073185647,0.31723331613306516,0.4810539825815739,-0.7396832905335448,-0.3707790080622211,0.5785670282599633,0.09757627587925288,9360365.04225421,0.7187459005640824,296,301.6498516974899
D_staged_reentry,D: Staged re-entry,score_4_weight_0.50,"{""reentry_weight"": 0.5, ""score_threshold"": 4}",0,0.40696989618379664,0.3912019535256517,0.4494542171578041,-0.5239523334432787,-0.2310135761888068,0.4532916737423589,0.007677556291565635,31007549.94782592,0.6817525908434999,321,191.2348340116812
D_staged_reentry,D: Staged re-entry,score_4_weight_0.50,"{""reentry_weight"": 0.5, ""score_threshold"": 4}",1,0.3881219844074415,0.37183494983111776,0.4510688574017069,-0.6426189675374885,-0.3707790080622211,0.45994913498297385,0.015101358295861234,20608995.21179398,0.6816214088941361,321,191.0689337754137
D_staged_reentry,D: Staged re-entry,score_4_weight_0.75,"{""reentry_weight"": 0.75, ""score_threshold"": 4}",0,0.4003011471706004,0.3833235392974701,0.4546884739621737,-0.5908771678072695,-0.2310135761888068,0.5153310153223631,0.05069414631736091,26851550.0035916,0.690148235602781,321,255.19241555188717
D_staged_reentry,D: Staged re-entry,score_4_weight_0.75,"{""reentry_weight"": 0.75, ""score_threshold"": 4}",1,0.3745345218036622,0.3516230081130145,0.4554855820325022,-0.6636863888063725,-0.3707790080622211,0.5248146945138776,0.06020232517797752,15298921.21208221,0.6900170536534173,321,255.0604228659231
D_staged_reentry,D: Staged re-entry,score_4_weight_1.00,"{""reentry_weight"": 1.0, ""score_threshold"": 4}",0,0.3922270444331777,0.3738201223468194,0.4620714594591169,-0.6639692359054336,-0.2310135761888068,0.5790301640465889,0.09486160676870292,22537256.102848954,0.6985438803620622,312,318.12639121192484
D_staged_reentry,D: Staged re-entry,score_4_weight_1.00,"{""reentry_weight"": 1.0, ""score_threshold"": 4}",1,0.35985237946871385,0.33024861084067525,0.4617634069189871,-0.6841226657639596,-0.3707790080622211,0.591546818803665,0.10660111290651075,11050811.95817297,0.6984126984126984,312,318.1047454998006
E_timed_rebound,E: Timed rebound window,timed_3_5_0.50,"{""holding_days"": 5, ""ndx_sma_cross"": 3, ""reentry_weight"": 0.5}",0,0.3941445140338564,0.33653661204067764,0.4578913320562053,-0.6164376321614726,-0.2310135761888068,0.36664806695322016,-0.0523990405368866,23496648.01280339,0.7051029778302506,194,131.23572563191715
E_timed_rebound,E: Timed rebound window,timed_3_5_0.50,"{""holding_days"": 5, ""ndx_sma_cross"": 3, ""reentry_weight"": 0.5}",1,0.3996123502441866,0.355431293305827,0.46171522904109324,-0.6525856243460508,-0.3707790080622211,0.3939000511325308,-0.03082251201182895,26454353.450117826,0.7049717958808868,194,131.22951967957763
E_timed_rebound,E: Timed rebound window,timed_3_5_1.00,"{""holding_days"": 5, ""ndx_sma_cross"": 3, ""reentry_weight"": 1.0}",0,0.35337139513239646,0.250908419251876,0.49872286471534516,-0.7761874185168323,-0.2310135761888068,0.3906052111149696,-0.03578773193255769,9562037.40752852,0.7452446543355634,186,191.04898542552561
E_timed_rebound,E: Timed rebound window,timed_3_5_1.00,"{""holding_days"": 5, ""ndx_sma_cross"": 3, ""reentry_weight"": 1.0}",1,0.36646904834993,0.27798490262927555,0.5059891786359786,-0.8170200183937508,-0.3707790080622211,0.4449992283619717,0.004706701280941861,12801044.160412664,0.7451134723861996,186,191.04254404781187
E_timed_rebound,E: Timed rebound window,timed_3_10_0.50,"{""holding_days"": 10, ""ndx_sma_cross"": 3, ""reentry_weight"": 0.5}",0,0.383196450850827,0.3253699288083045,0.4661429765855901,-0.6555619280443501,-0.2310135761888068,0.4330699147013153,-0.006097844507400363,18505335.20442384,0.7190738554374918,103,86.11386098963894
E_timed_rebound,E: Timed rebound window,timed_3_10_0.50,"{""holding_days"": 10, ""ndx_sma_cross"": 3, ""reentry_weight"": 0.5}",1,0.39729739442025847,0.3644079109788112,0.4682148411653345,-0.61178993742837,-0.3707790080622211,0.4095431011307078,0.031839360146654005,25160631.947113205,0.718942673488128,103,86.04695325869575
E_timed_rebound,E: Timed rebound window,timed_3_10_1.00,"{""holding_days"": 10, ""ndx_sma_cross"": 3, ""reentry_weight"": 1.0}",0,0.32105179632724523,0.21457060025158214,0.5294018347009164,-0.8224769093670745,-0.2310135761888068,0.5278719193703718,0.05991413239116894,4598301.756811189,0.7731864095500459,92,96.43936791245716
E_timed_rebound,E: Timed rebound window,timed_3_10_1.00,"{""holding_days"": 10, ""ndx_sma_cross"": 3, ""reentry_weight"": 1.0}",1,0.35233176910073927,0.28152525148577445,0.5308093664453463,-0.7809581417320843,-0.3707790080622211,0.47179386964686154,0.137454683231238,9342036.525321912,0.7730552276006821,92,96.45583986561942
E_timed_rebound,E: Timed rebound window,timed_3_15_0.50,"{""holding_days"": 15, ""ndx_sma_cross"": 3, ""reentry_weight"": 0.5}",0,0.3792924636710582,0.31269739880440284,0.47004128037489123,-0.6749753520379077,-0.2310135761888068,0.4101567589407049,-0.006097844507400363,16986994.95297099,0.7239275875639511,88,78.95392437170287
E_timed_rebound,E: Timed rebound window,timed_3_15_0.50,"{""holding_days"": 15, ""ndx_sma_cross"": 3, ""reentry_weight"": 0.5}",1,0.39377442407053875,0.3487943654917467,0.4723586256580009,-0.6928129391361673,-0.3707790080622211,0.518563745124174,0.031839360146654005,23308452.348464567,0.7237964056145875,88,78.94000534794861
E_timed_rebound,E: Timed rebound window,timed_3_15_1.00,"{""holding_days"": 15, ""ndx_sma_cross"": 3, ""reentry_weight"": 1.0}",0,0.30757885461430434,0.18279060365652278,0.5443452096338592,-0.8495456428251762,-0.2310135761888068,0.46858278631512285,0.05991413239116894,3370932.5856478736,0.7828938738029647,76,80.17786047655348
E_timed_rebound,E: Timed rebound window,timed_3_15_1.00,"{""holding_days"": 15, ""ndx_sma_cross"": 3, ""reentry_weight"": 1.0}",1,0.3390000337248138,0.24270687866038565,0.5467186840651542,-0.8656933436678708,-0.3707790080622211,0.6979238456975678,0.137454683231238,6920161.167173593,0.7827626918536009,76,80.19727895181506
E_timed_rebound,E: Timed rebound window,timed_3_20_0.50,"{""holding_days"": 20, ""ndx_sma_cross"": 3, ""reentry_weight"": 0.5}",0,0.3872329096533973,0.32523279025958773,0.4719490502968188,-0.6759173472890014,-0.2310135761888068,0.5030363581619031,-0.006097844507400363,20212907.845098365,0.7270103633739997,85,77.49599814285958
E_timed_rebound,E: Timed rebound window,timed_3_20_0.50,"{""holding_days"": 20, ""ndx_sma_cross"": 3, ""reentry_weight"": 0.5}",1,0.3890171032293521,0.34118066615120735,0.47390231698267377,-0.671531859675433,-0.3707790080622211,0.5908285719567612,0.031839360146654005,21015352.753830783,0.7268791814246359,85,77.36922900196329
E_timed_rebound,E: Timed rebound window,timed_3_20_1.00,"{""holding_days"": 20, ""ndx_sma_cross"": 3, ""reentry_weight"": 1.0}",0,0.3197124589367948,0.20101755208985606,0.5517277646113965,-0.8866754437507227,-0.2310135761888068,0.665228615148646,0.05991413239116894,4459170.454097805,0.7890594254230617,72,76.02468479281785
E_timed_rebound,E: Timed rebound window,timed_3_20_1.00,"{""holding_days"": 20, ""ndx_sma_cross"": 3, ""reentry_weight"": 1.0}",1,0.3273948673682816,0.22492535381623635,0.5526013282181976,-0.8662251922215004,-0.3707790080622211,0.8616917711942498,0.137454683231238,5316285.323932072,0.788928243473698,72,76.01235392247138
E_timed_rebound,E: Timed rebound window,timed_5_5_0.50,"{""holding_days"": 5, ""ndx_sma_cross"": 5, ""reentry_weight"": 0.5}",0,0.38234669896152496,0.3239327773262479,0.45826507333602623,-0.6585228086662352,-0.2310135761888068,0.3761599494981711,-0.04580372953923495,18164067.947667617,0.6988062442607897,207,136.6130073925007
E_timed_rebound,E: Timed rebound window,timed_5_5_0.50,"{""holding_days"": 5, ""ndx_sma_cross"": 5, ""reentry_weight"": 0.5}",1,0.3729228156728672,0.32731842868120187,0.46053689915799395,-0.5906763936136625,-0.3707790080622211,0.431229737378362,-0.004867213772385082,14764795.45074926,0.698675062311426,207,136.5966053855422
E_timed_rebound,E: Timed rebound window,timed_5_5_1.00,"{""holding_days"": 5, ""ndx_sma_cross"": 5, ""reentry_weight"": 1.0}",0,0.33061559337269,0.22490350746505028,0.498882401500302,-0.8635302760854722,-0.2310135761888068,0.41021055201584256,-0.022193859232261137,5721200.572766202,0.7326511871966418,198,203.344516049299
E_timed_rebound,E: Timed rebound window,timed_5_5_1.00,"{""holding_days"": 5, ""ndx_sma_cross"": 5, ""reentry_weight"": 1.0}",1,0.315987224237676,0.22528559566373318,0.5012728909817366,-0.7402207534184684,-0.3707790080622211,0.5248882230385159,0.0602534494969309,4093260.69327378,0.732520005247278,198,203.3523190094887
E_timed_rebound,E: Timed rebound window,timed_5_10_0.50,"{""holding_days"": 10, ""ndx_sma_cross"": 5, ""reentry_weight"": 0.5}",0,0.3596524793211482,0.29331543752380806,0.46597782816361094,-0.7139276444156839,-0.2310135761888068,0.37096071075496795,0.0008197232211337724,11001712.976341428,0.7146792601338056,113,90.75584631834384
E_timed_rebound,E: Timed rebound window,timed_5_10_0.50,"{""holding_days"": 10, ""ndx_sma_cross"": 5, ""reentry_weight"": 0.5}",1,0.36913964266240584,0.3220698792051362,0.4678602499931588,-0.6080275370190584,-0.3707790080622211,0.4468268001517668,0.05947279020433838,13580921.475340368,0.7145480781844418,113,90.67774954178458
E_timed_rebound,E: Timed rebound window,timed_5_10_1.00,"{""holding_days"": 10, ""ndx_sma_cross"": 5, ""reentry_weight"": 1.0}",0,0.2755436564841707,0.15423692525160404,0.5295308015126253,-0.9093941738084205,-0.2310135761888068,0.3946542681383154,0.07485725048470826,1590211.680330032,0.7643972189426735,102,106.6548880452915
E_timed_rebound,E: Timed rebound window,timed_5_10_1.00,"{""holding_days"": 10, ""ndx_sma_cross"": 5, ""reentry_weight"": 1.0}",1,0.29751716984546395,0.2010456552095481,0.5305245617582578,-0.849610831251493,-0.3707790080622211,0.5521665408084715,0.20034060687043498,2667692.190494728,0.7642660369933097,102,106.65004166856284
E_timed_rebound,E: Timed rebound window,timed_5_15_0.50,"{""holding_days"": 15, ""ndx_sma_cross"": 5, ""reentry_weight"": 0.5}",0,0.37203691025519703,0.3024433312147532,0.4706547951402178,-0.6926189387081267,-0.2310135761888068,0.47699721255214667,0.0008197232211337724,14478929.87270966,0.7201889020070839,91,80.69875626903143
E_timed_rebound,E: Timed rebound window,timed_5_15_0.50,"{""holding_days"": 15, ""ndx_sma_cross"": 5, ""reentry_weight"": 0.5}",1,0.37538403742567517,0.32126869468271857,0.4730074125400756,-0.6525749303713593,-0.3707790080622211,0.5875698556366777,0.05947279020433838,15587925.344560914,0.7200577200577201,91,80.72867965426735
E_timed_rebound,E: Timed rebound window,timed_5_15_1.00,"{""holding_days"": 15, ""ndx_sma_cross"": 5, ""reentry_weight"": 1.0}",0,0.2923798833717135,0.16165291684064642,0.5474916056957855,-0.906425292408254,-0.2310135761888068,0.6089323289164899,0.07485725048470826,2365643.3295381176,0.77541650268923,80,84.35486883981443
E_timed_rebound,E: Timed rebound window,timed_5_15_1.00,"{""holding_days"": 15, ""ndx_sma_cross"": 5, ""reentry_weight"": 1.0}",1,0.30231477948781516,0.18970463012598882,0.5499949952643077,-0.8746577945289045,-0.3707790080622211,0.8569391489940623,0.20034060687043498,2983220.536732971,0.7752853207398662,80,84.36538062107793
E_timed_rebound,E: Timed rebound window,timed_5_20_0.50,"{""holding_days"": 20, ""ndx_sma_cross"": 5, ""reentry_weight"": 0.5}",0,0.3822162446049855,0.3217668257208681,0.4724955548106822,-0.6803701450069886,-0.2310135761888068,0.547283987236451,0.0008197232211337724,18112218.249288157,0.7235340417158599,84,77.20285846556462
E_timed_rebound,E: Timed rebound window,timed_5_20_0.50,"{""holding_days"": 20, ""ndx_sma_cross"": 5, ""reentry_weight"": 0.5}",1,0.375059212792471,0.32343025138903414,0.4746524458606001,-0.6472521615674246,-0.3707790080622211,0.6706258843715611,0.05947279020433838,15476802.442276204,0.7234028597664961,84,77.17181820265652
E_timed_rebound,E: Timed rebound window,timed_5_20_1.00,"{""holding_days"": 20, ""ndx_sma_cross"": 5, ""reentry_weight"": 1.0}",0,0.30916426991460066,0.19278960703131576,0.5541128971679032,-0.8976527614079053,-0.2310135761888068,0.7641168564433671,0.07485725048470826,3496955.0722175892,0.7821067821067821,72,76.17457194138082
E_timed_rebound,E: Timed rebound window,timed_5_20_1.00,"{""holding_days"": 20, ""ndx_sma_cross"": 5, ""reentry_weight"": 1.0}",1,0.2995045640123246,0.1903836107362944,0.555785029342502,-0.884438604896444,-0.3707790080622211,1.0541078019965924,0.20034060687043498,2794274.0165558853,0.7819756001574183,72,76.17762255471028
E_timed_rebound,E: Timed rebound window,timed_10_5_0.50,"{""holding_days"": 5, ""ndx_sma_cross"": 10, ""reentry_weight"": 0.5}",0,0.4003561835180873,0.36171323660858334,0.4524689384752355,-0.5954804892379022,-0.2310135761888068,0.4188609619584822,-0.01619587265502198,26883534.470718168,0.6883116883116883,165,116.30846349524703
E_timed_rebound,E: Timed rebound window,timed_10_5_0.50,"{""holding_days"": 5, ""ndx_sma_cross"": 10, ""reentry_weight"": 0.5}",1,0.3861171232473435,0.35791261439836575,0.45600040277408627,-0.5895868419733026,-0.3707790080622211,0.4209365271530956,-0.012024073850947836,19726225.991868798,0.6881805063623245,165,116.45353897340166
E_timed_rebound,E: Timed rebound window,timed_10_5_1.00,"{""holding_days"": 5, ""ndx_sma_cross"": 10, ""reentry_weight"": 1.0}",0,0.37418552358048673,0.30883895021630114,0.47543703738761595,-0.7491487359840229,-0.2310135761888068,0.505890871827779,0.0441485774549395,15181700.059323682,0.711662075298439,160,165.81831283658607
E_timed_rebound,E: Timed rebound window,timed_10_5_1.00,"{""holding_days"": 5, ""ndx_sma_cross"": 10, ""reentry_weight"": 1.0}",1,0.3474514433601392,0.29132422553943615,0.4832252344388527,-0.7242612699484096,-0.3707790080622211,0.5084940203038901,0.048854574655795346,8373041.871350913,0.7115308933490752,160,165.7983697543674
E_timed_rebound,E: Timed rebound window,timed_10_10_0.50,"{""holding_days"": 10, ""ndx_sma_cross"": 10, ""reentry_weight"": 0.5}",0,0.38032662605796586,0.33087571777293445,0.4605044829079503,-0.6109423349247123,-0.2310135761888068,0.4773359264753394,0.024349263887904815,17377041.777665254,0.7030040666404302,129,98.33632817892328
E_timed_rebound,E: Timed rebound window,timed_10_10_0.50,"{""holding_days"": 10, ""ndx_sma_cross"": 10, ""reentry_weight"": 0.5}",1,0.3756017678230479,0.34273351228001947,0.46273150203009755,-0.5866140505065166,-0.3707790080622211,0.5092245512889071,0.049362512211562626,15662842.656278009,0.7028728846910665,129,98.30430290598292
E_timed_rebound,E: Timed rebound window,timed_10_10_1.00,"{""holding_days"": 10, ""ndx_sma_cross"": 10, ""reentry_weight"": 1.0}",0,0.32229442451991286,0.23361954638850824,0.508432452872836,-0.8232030137223691,-0.2310135761888068,0.6313832931502643,0.13116200960770108,4731134.407226298,0.7410468319559229,120,125.15938981266822
E_timed_rebound,E: Timed rebound window,timed_10_10_1.00,"{""holding_days"": 10, ""ndx_sma_cross"": 10, ""reentry_weight"": 1.0}",1,0.3166955095240329,0.24891327875766112,0.5109769667503773,-0.74550324793176,-0.3707790080622211,0.6997352252718045,0.1818244174218111,4160518.7878353945,0.7409156500065591,120,125.13232533727866
E_timed_rebound,E: Timed rebound window,timed_10_15_0.50,"{""holding_days"": 15, ""ndx_sma_cross"": 10, ""reentry_weight"": 0.5}",0,0.3640560210688666,0.2936170143486243,0.46573932975684934,-0.6821484615556206,-0.2310135761888068,0.4773359264753394,0.024349263887904815,12133761.16490288,0.7121212121212122,104,86.54692517437044
E_timed_rebound,E: Timed rebound window,timed_10_15_0.50,"{""holding_days"": 15, ""ndx_sma_cross"": 10, ""reentry_weight"": 0.5}",1,0.370971819241795,0.32064711601588325,0.4695540399942978,-0.5715299056220562,-0.3707790080622211,0.5092245512889071,0.049362512211562626,14142325.454562401,0.7119900301718484,104,86.6889014790341
E_timed_rebound,E: Timed rebound window,timed_10_15_1.00,"{""holding_days"": 15, ""ndx_sma_cross"": 10, ""reentry_weight"": 1.0}",0,0.28424746717727634,0.15584301830658975,0.5286376660850108,-0.889200557549512,-0.2310135761888068,0.6313832931502643,0.13116200960770108,1953941.5178150886,0.7592811229174865,94,98.65366105811532
E_timed_rebound,E: Timed rebound window,timed_10_15_1.00,"{""holding_days"": 15, ""ndx_sma_cross"": 10, ""reentry_weight"": 1.0}",1,0.2993595441725403,0.19628402983495463,0.5366285320730402,-0.825778340078761,-0.3707790080622211,0.6997352252718045,0.1818244174218111,2784844.257185963,0.7591499409681228,94,98.648364783793
E_timed_rebound,E: Timed rebound window,timed_10_20_0.50,"{""holding_days"": 20, ""ndx_sma_cross"": 10, ""reentry_weight"": 0.5}",0,0.3863524642712173,0.32963959644299656,0.4702015741160305,-0.6688226899749183,-0.2310135761888068,0.40319236551535975,0.024349263887904815,19827924.25979461,0.7168437622983077,87,78.41382084076741
E_timed_rebound,E: Timed rebound window,timed_10_20_0.50,"{""holding_days"": 20, ""ndx_sma_cross"": 10, ""reentry_weight"": 0.5}",1,0.3815829843320191,0.3398285287153089,0.47242353000318393,-0.603716066759679,-0.3707790080622211,0.43302010186543205,0.049362512211562626,17862552.80773489,0.716712580348944,87,78.36491057238368
E_timed_rebound,E: Timed rebound window,timed_10_20_1.00,"{""holding_days"": 20, ""ndx_sma_cross"": 10, ""reentry_weight"": 1.0}",0,0.3204294207920031,0.21196402889994714,0.5456708731070593,-0.8915869157973241,-0.2310135761888068,0.4677111067017341,0.13116200960770108,4533134.667118305,0.7687262232716778,76,80.43937537090156
E_timed_rebound,E: Timed rebound window,timed_10_20_1.00,"{""holding_days"": 20, ""ndx_sma_cross"": 10, ""reentry_weight"": 1.0}",1,0.3153694694262008,0.2249526183578212,0.5473692944979082,-0.8621142615890182,-0.3707790080622211,0.528223162103358,0.1818244174218111,4035458.6968277786,0.768595041322314,76,80.43263037912698
