start,signal_window,below_entry_drawdown_pct,cagr,annualized_vol,max_drawdown,final_multiple,below_regime_share,wait_regime_share
2010-02-12,160,29.5,0.4903032927548643,0.5433018473463086,-0.618351973990943,627.8207956448492,0.08896534775129024,0.10616859179159499
