start,signal_window,below_entry_drawdown_pct,cagr,annualized_vol,max_drawdown,final_multiple,below_regime_share,wait_regime_share
2002-01-01,160,84.0,0.25268065237781046,0.5094516064722836,-0.7461464987360009,235.00437425389353,0.031603078434583265,0.23284755198952023
