tqqq_drop_exit_pct,cagr,annualized_vol,max_drawdown,final_multiple,uvix_entries,uvix_exits,uvix_day_share
0.0,1.1131959110355116,0.6337259345140012,-0.676571553309006,176500.36025955892,116,115,0.08134676824772671
0.5,1.045342593696791,0.634952582039977,-0.6816049710899825,104204.2304346673,106,105,0.0857704595723765
1.0,1.0074554313940474,0.6355750439644948,-0.6816049710899827,77049.6550880022,102,101,0.0879823052347014
1.5,1.00615381943528,0.6356837352835147,-0.6816049710899823,76246.93867881814,101,100,0.08847382649299582
2.0,1.0024349996368058,0.6353565747630048,-0.6816049710899823,73996.51660920023,98,97,0.08945686900958466
4.0,1.0008799267318205,0.6381689931822783,-0.6816049710899826,73074.0762048375,92,91,0.09191447530105677
7.5,0.994215811870462,0.6377452693256812,-0.6816049710899821,69241.84827801405,91,90,0.0924059965593512
8.0,0.994215811870462,0.6377452693256812,-0.6816049710899821,69241.84827801405,91,90,0.0924059965593512
8.5,0.994215811870462,0.6377452693256812,-0.6816049710899821,69241.84827801405,91,90,0.0924059965593512
9.0,0.994215811870462,0.6377452693256812,-0.6816049710899821,69241.84827801405,91,90,0.0924059965593512
9.5,0.994215811870462,0.6377452693256812,-0.6816049710899821,69241.84827801405,91,90,0.0924059965593512
10.0,0.994215811870462,0.6377452693256812,-0.6816049710899821,69241.84827801405,91,90,0.0924059965593512
10.5,0.994215811870462,0.6377452693256812,-0.6816049710899821,69241.84827801405,91,90,0.0924059965593512
11.0,0.994215811870462,0.6377452693256812,-0.6816049710899821,69241.84827801405,91,90,0.0924059965593512
11.5,0.994215811870462,0.6377452693256812,-0.6816049710899821,69241.84827801405,91,90,0.0924059965593512
12.0,0.994215811870462,0.6377452693256812,-0.6816049710899821,69241.84827801405,91,90,0.0924059965593512
12.5,0.994215811870462,0.6377452693256812,-0.6816049710899821,69241.84827801405,91,90,0.0924059965593512
13.0,0.994215811870462,0.6377452693256812,-0.6816049710899821,69241.84827801405,91,90,0.0924059965593512
13.5,0.994215811870462,0.6377452693256812,-0.6816049710899821,69241.84827801405,91,90,0.0924059965593512
14.0,0.994215811870462,0.6377452693256812,-0.6816049710899821,69241.84827801405,91,90,0.0924059965593512
