start,signal_window,below_entry_drawdown_pct,cagr,annualized_vol,max_drawdown,final_multiple,below_regime_share,wait_regime_share
2010-02-12,160,13.0,0.5475203468684793,0.5834951418408875,-0.731526062625004,1153.5205094253683,0.13565986728926027,0.058245269107888915
